  1.9244577138862084E-09
  1.9498373283696078E-09
  1.9758104788312208E-09
  2.0023969143712514E-09
  2.0296172392407363E-09
  2.0574929586784545E-09
  2.0860465276879763E-09
  2.1153014029919850E-09
  2.1452820983832872E-09
  2.1760142437385454E-09
  2.2075246479941173E-09
  2.2398413663809323E-09
  2.2729937722500236E-09
  2.3070126338845496E-09
  2.3419301966606124E-09
  2.3777802710362176E-09
  2.4145983268330428E-09
  2.4524215943268473E-09
  2.4912891727592489E-09
  2.5312421468719213E-09
  2.5723237121813165E-09
  2.6145793097600667E-09
  2.6580567713731183E-09
  2.7028064758965561E-09
  2.7488815180589077E-09
  2.7963378906426575E-09
  2.8452346813996395E-09
  2.8956342861054738E-09
 -7.3764345072314464E-07
 -5.1696045199185587E-07
 -3.3846233674003181E-07
 -1.9181327719205350E-07
 -6.9752950992944596E-08
  3.2983122117863964E-08
  1.2028910908798721E-07
  1.9510626154934835E-07
  2.5969487576059786E-07
  3.1581847771043683E-07
  3.6487154990465471E-07
  4.0796997388002126E-07
  4.4601627033982797E-07
  4.7974744652518710E-07
  5.0977061500454190E-07
  5.3658986933985785E-07
  5.6062681291159289E-07
  5.8223641625393272E-07
  6.0171939225250818E-07
  6.1933260289926792E-07
  6.3529416112656533E-07
  6.4979363251214862E-07
  6.6299436565615178E-07
  6.7503823984887514E-07
  6.8604899795359620E-07
  6.9613499050384439E-07
  7.0539144829743610E-07
  7.1390237499265929E-07
  7.2174213166036452E-07
  7.2897677025519646E-07
  7.3566516141877133E-07
  7.4185995305198965E-07
  7.4760838908776732E-07
  7.5295301239058494E-07
  7.5793227135906980E-07
  7.6258104637845959E-07
  7.6693110952887710E-07
  7.7101152879768704E-07
  7.7484902633363150E-07
  7.7846829893165114E-07
  7.8189230792232891E-07
  7.8514254486598750E-07
  7.8823927894067170E-07
  7.9120179161312160E-07
  7.9404860412682472E-07
  7.9679770419927157E-07
  7.9946678142825120E-07
  8.0207343868116644E-07
  8.0463550898199203E-07
  8.0717128735236380E-07
  8.0969998342389922E-07
  8.1224190341082463E-07
  8.1481913615691177E-07
  8.1745603279093318E-07
  8.2017996472158351E-07
  8.2302226795580435E-07
  8.2601947628574375E-07
  8.2921496129844041E-07
  8.3266115424924516E-07
  8.3642261511448807E-07
  8.4058036070516632E-07
  8.4523810831288172E-07
  8.5053151260549347E-07
  8.5664222571901180E-07
  8.6382000979450033E-07
  8.7241886208171806E-07
  8.8295874866144117E-07
  8.9623697854116128E-07
  9.1354301149631936E-07
  9.3710931445012708E-07
  9.7116876779427805E-07
  1.0248458328301456E-06
  1.1221000120371467E-06
  1.3525395291149236E-06
  2.5853681607226762E-06
 -7.4588488906611236E-07
  2.4842484634388384E-07
  4.5982681933024953E-07
  5.5174336572776776E-07
  6.0311556421631826E-07
  6.3589047900991378E-07
  6.5859292212171830E-07
  6.7522583284565823E-07
  6.8791764129454867E-07
  6.9790466743328447E-07
  7.0595429401855013E-07
  7.1256812489355534E-07
  7.1808794139072194E-07
  7.2275470793766760E-07
  7.2674322996513620E-07
  7.3018343131436023E-07
  7.3317391385415739E-07
  7.3579087929598609E-07
  7.3809416419600552E-07
  7.4013142078728765E-07
  5.8201913069207837E-07
  5.7951250439150833E-07
  5.7709098549811865E-07
  5.7475070404969637E-07
  5.7248804430028394E-07
  5.7029962400884237E-07
  1.9244048724167675E-09
  1.9497833539510043E-09
  1.9757553340069170E-09
  2.0023405600363901E-09
  2.0295596345525771E-09
  2.0574340609576943E-09
  2.0859862923200464E-09
  2.1152397833160662E-09
  2.1452190455689517E-09
  2.1759497066670427E-09
  2.2074585731271834E-09
  2.2397736976089926E-09
  2.2729244507441116E-09
  2.3069415979289498E-09
  2.3418573814797061E-09
  2.3777056086046862E-09
  2.4145217456666607E-09
  2.4523430192726039E-09
  2.4912085247551447E-09
  2.5311593426912926E-09
  2.5722386641610787E-09
  2.6144919255103894E-09
  2.6579669534527263E-09
  2.7027141214721116E-09
  2.7487865185301834E-09
  2.7962401312397719E-09
  2.8451340407465333E-09
  2.8955306357461110E-09
 -7.4075931787235752E-07
 -5.1954664417131047E-07
 -3.4065132970710451E-07
 -1.9369732752453943E-07
 -7.1398224372963199E-08
  3.1528006660456561E-08
  1.1898766943203847E-07
  1.9393062407527294E-07
  2.5862340604984835E-07
  3.1483414956348182E-07
  3.6396079789346212E-07
  4.0712187037344795E-07
  4.4522192504396276E-07
  4.7899956157472867E-07
  5.0906315072041505E-07
  5.3591778995557818E-07
  5.5998589091559422E-07
  5.8162308025907047E-07
  6.0113060757912999E-07
  6.1876577971941067E-07
  6.3474707073692830E-07
  6.4926435491802908E-07
  6.6248123759104458E-07
  6.7453981468758277E-07
  6.8556401284173714E-07
  6.9566233926003809E-07
  7.0493015895803528E-07
  7.1345159112157853E-07
  7.2130109672485865E-07
  7.2854481452109639E-07
  7.3524169091810886E-07
  7.4144444027735455E-07
  7.4720036512702293E-07
  7.5255206027052618E-07
  7.5753802041967879E-07
  7.6219316752189276E-07
  7.6654931122729285E-07
  7.7063555376311590E-07
  7.7447864877208790E-07
  7.7810332232920845E-07
  7.8153256331583351E-07
  7.8478788957468506E-07
  7.8788959574606954E-07
  7.9085698838900386E-07
  7.9370861393832333E-07
  7.9646248544747320E-07
  7.9913632074994427E-07
  8.0174775029246510E-07
  8.0431463904917230E-07
  8.0685531655964575E-07
  8.0938903233257251E-07
  8.1193613838136496E-07
  8.1451877750731008E-07
  8.1716136546118659E-07
  8.1989135232305132E-07
  8.2274017142775567E-07
  8.2574447890933939E-07
  8.2894780265812045E-07
  8.3240277701951382E-07
  8.3617423059555696E-07
  8.4034354244151953E-07
  8.4501492881406505E-07
  8.5032474820486310E-07
  8.5645567272543767E-07
  8.6365898945668256E-07
  8.7229106056332198E-07
  8.8287568362774780E-07
  8.9621671520255010E-07
  9.1361557518806004E-07
  9.3732853798787470E-07
  9.7164167451510437E-07
  1.0258195225212400E-06
  1.1242982837252014E-06
  1.3592883639431889E-06
  2.6572534813257766E-06
 -6.9801276306061225E-07
  2.5411991919660521E-07
  4.6172473058794964E-07
  5.5257191073934486E-07
  6.0350147853934917E-07
  6.3605251448953236E-07
  6.5862681350888500E-07
  6.7517996183948817E-07
  6.8781903488236864E-07
  6.9776958205228724E-07
  7.0579308002367719E-07
  7.1238767646281407E-07
  7.1789302209961153E-07
  7.2254871066412640E-07
  7.2652863380001537E-07
  7.2996208748095834E-07
  7.3294723084215310E-07
  7.3555994630053837E-07
  7.3785983555927346E-07
  7.3989437506488773E-07
  5.8177562749661243E-07
  5.7926812979786482E-07
  5.7684580599308214E-07
  5.7450478082280827E-07
  5.7224143372231323E-07
  5.7005237806029572E-07
  1.9243520336477094E-09
  1.9497293823147592E-09
  1.9757001920491587E-09
  2.0022842086573889E-09
  2.0295020329155741E-09
  2.0573751663866013E-09
  2.0859260602040976E-09
  2.1151781669986579E-09
  2.1451559962254318E-09
  2.1758851731859753E-09
  2.2073925019723346E-09
  2.2397060326747280E-09
  2.2728551332119998E-09
  2.3068705660891126E-09
  2.3417845705641323E-09
  2.3776309505925410E-09
  2.4144451690854810E-09
  2.4522644489754323E-09
  2.4911278816879422E-09
  2.5310765436370017E-09
  2.5721536214699844E-09
  2.6144045468017320E-09
  2.6578771412953752E-09
  2.7026217730441497E-09
  2.7486915252475384E-09
  2.7961423783456012E-09
  2.8450334068810850E-09
  2.8954269924689681E-09
 -7.4388151723956925E-07
 -5.2213742850414933E-07
 -3.4284371663705538E-07
 -1.9558392121943891E-07
 -7.3045421650930098E-08
  3.0071428159800014E-08
  1.1768511592756445E-07
  1.9275414158509104E-07
  2.5755130116366014E-07
  3.1384935204455706E-07
  3.6304970894987377E-07
  4.0627353675576881E-07
  4.4442743654558147E-07
  4.7825160469279855E-07
  5.0835567337458625E-07
  5.3524574645769098E-07
  5.5934504575176473E-07
  5.8100985554525193E-07
  6.0054196331704939E-07
  6.1819912172009188E-07
  6.3420016666983108E-07
  6.4873528177777922E-07
  6.6196832959892352E-07
  6.7404162311070078E-07
  6.8507927305164773E-07
  6.9518994357694736E-07
  7.0446913414952200E-07
  7.1300107967519960E-07
  7.2086034119476652E-07
  7.2811314439621956E-07
  7.3481851157175164E-07
  7.4102922364451997E-07
  7.4679264182442519E-07
  7.5215141293187103E-07
  7.5714407805795520E-07
  7.6180560077373785E-07
  7.6616782835389401E-07
  7.7025989731620901E-07
  7.7410859284623098E-07
  7.7773867034409620E-07
  7.8117314628720391E-07
  7.8443356484724317E-07
  7.8754024617384310E-07
  7.9051252196916630E-07
  7.9336896391438166E-07
  7.9612761043652296E-07
  7.9880620774567089E-07
  8.0142241388466022E-07
  8.0399412589176383E-07
  8.0653970794002707E-07
  8.0907844955449495E-07
  8.1163074873307677E-07
  8.1421880245046079E-07
  8.1686709136028813E-07
  8.1960314457593299E-07
  8.2245849323136372E-07
  8.2546991642803805E-07
  8.2868109920778072E-07
  8.3214488015817240E-07
  8.3592635813213737E-07
  8.4010727673555276E-07
  8.4479235458124497E-07
  8.5011865907910478E-07
  8.5626989021178312E-07
  8.6349887275618274E-07
  8.7216435524809846E-07
  8.8279400480879693E-07
  8.9619829756037366E-07
  9.1369076112806469E-07
  9.3755181342282946E-07
  9.7212159643949656E-07
  1.0268075492243708E-06
  1.1265350459204329E-06
  1.3662175071661866E-06
  2.7352028760570540E-06
 -6.5305907202311820E-07
  2.5968590759555050E-07
  4.6359475672837028E-07
  5.5339067771752460E-07
  6.0388309077958066E-07
  6.3621241943054525E-07
  6.5865959198440263E-07
  6.7513351209852488E-07
  6.8772015414112400E-07
  6.9763440691777944E-07
  7.0563189374737966E-07
  7.1220733345876729E-07
  7.1769826127337487E-07
  7.2234290900983020E-07
  7.2631425983708358E-07
  7.2974098521289643E-07
  7.3272080370708051E-07
  7.3532927988864936E-07
  7.3762578159314908E-07
  7.3965761016722639E-07
  5.8153238295703204E-07
  5.7902401342827622E-07
  5.7660088433460411E-07
  5.7425911511270025E-07
  5.7199508037327644E-07
  5.6980538908970481E-07
  1.9242991975776630E-09
  1.9496754134584561E-09
  1.9756450529599463E-09
  2.0022278602386689E-09
  2.0294444343288856E-09
  2.0573162749663496E-09
  2.0858658313439971E-09
  2.1151165540400632E-09
  2.1450929503528568E-09
  2.1758206432929626E-09
  2.2073264345264006E-09
  2.2396383715833655E-09
  2.2727858196529596E-09
  2.3067995383656594E-09
  2.3417117639117497E-09
  2.3775562969998931E-09
  2.4143685970874191E-09
  2.4521858834332051E-09
  2.4910472435556761E-09
  2.5309937497094757E-09
  2.5720685841061776E-09
  2.6143171736296476E-09
  2.6577873348999889E-09
  2.7025294306149413E-09
  2.7485965382095031E-09
  2.7960446319590610E-09
  2.8449327798027489E-09
  2.8953233562713750E-09
 -7.4701007308725648E-07
 -5.2473282174554641E-07
 -3.4503950950070779E-07
 -1.9747306711350690E-07
 -7.4694549522542910E-08
  2.8613381422894141E-08
  1.1638144447559930E-07
  1.9157681075498185E-07
  2.5647855836163536E-07
  3.1286408285778544E-07
  3.6213828111614182E-07
  4.0542497132853911E-07
  4.4363280335595777E-07
  4.7750357455512351E-07
  5.0764818177426677E-07
  5.3457373775968167E-07
  5.5870427642236662E-07
  5.8039674118314305E-07
  5.9995345859788712E-07
  6.1763262808192874E-07
  6.3365344814535856E-07
  6.4820641234815591E-07
  6.6145564096648159E-07
  6.7354366443024582E-07
  6.8459477791736123E-07
  6.9471780280691099E-07
  7.0400837324078790E-07
  7.1255084003733768E-07
  7.2041986446691397E-07
  7.2768175928928996E-07
  7.3439562279944146E-07
  7.4061430258270673E-07
  7.4638521861856309E-07
  7.5175106982061347E-07
  7.5675044372813834E-07
  7.6141834559548277E-07
  7.6578666037780945E-07
  7.6988455893344982E-07
  7.7373885803916620E-07
  7.7737434246618635E-07
  7.8081405633420210E-07
  7.8407957018892842E-07
  7.8719122973750577E-07
  7.9016839187577317E-07
  7.9302965358675662E-07
  7.9579307870590186E-07
  7.9847644196962979E-07
  8.0109742902560690E-07
  8.0367396909370974E-07
  8.0622446109493091E-07
  8.0876823471349117E-07
  8.1132573411541495E-07
  8.1391921066741989E-07
  8.1657321020752239E-07
  8.1931534124593252E-07
  8.2217723319086123E-07
  8.2519578874212212E-07
  8.2841485094105345E-07
  8.3188746378744458E-07
  8.3567899801067340E-07
  8.3987156410629932E-07
  8.4457038644766429E-07
  8.4991324650624680E-07
  8.5608488012302883E-07
  8.6333966263267320E-07
  8.7203875063895362E-07
  8.8271371933856747E-07
  8.9618173736082536E-07
  9.1376858995343164E-07
  9.3777918035841703E-07
  9.7260862016126570E-07
  1.0278101448063085E-06
  1.1288111797146092E-06
  1.3733339414990094E-06
  2.8200139132518043E-06
 -6.1076633630090274E-07
  2.6512695862026123E-07
  4.6543743768821891E-07
  5.5419980156103369E-07
  6.0426044731440388E-07
  6.3637021298961242E-07
  6.5869126637893397E-07
  6.7508648798650000E-07
  6.8762100127239546E-07
  6.9749914311147976E-07
  7.0547073564840763E-07
  7.1202709598137507E-07
  7.1750365880759355E-07
  7.2213730273807321E-07
  7.2610010776049137E-07
  7.2952012414257027E-07
  7.3249463204904171E-07
  7.3509887963960455E-07
  7.3739200186338409E-07
  7.3942112565154043E-07
  5.8128939668843801E-07
  5.7878015489757379E-07
  5.7635622013729589E-07
  5.7401370653380428E-07
  5.7174898386746114E-07
  5.6955865671124019E-07
  1.9242463642077650E-09
  1.9496214473845055E-09
  1.9755899167372140E-09
  2.0021715147754508E-09
  2.0293868387941482E-09
  2.0572573866950575E-09
  2.0858056057312633E-09
  2.1150549444398429E-09
  2.1450299079521550E-09
  2.1757561169881328E-09
  2.2072603707935378E-09
  2.2395707143278809E-09
  2.2727165100689744E-09
  2.3067285147570145E-09
  2.3416389615232354E-09
  2.3774816478265127E-09
  2.4142920296704025E-09
  2.4521073226457965E-09
  2.4909666103589469E-09
  2.5309109609071959E-09
  2.5719835520684763E-09
  2.6142298059967078E-09
  2.6576975342644899E-09
  2.7024370941807653E-09
  2.7485015574159817E-09
  2.7959468920816373E-09
  2.8448321595080270E-09
  2.8952197271516831E-09
 -7.5014500978374384E-07
 -5.2733284070859201E-07
 -3.4723872031193258E-07
 -1.9936477406646071E-07
 -7.6345614681923876E-08
  2.7153861263921866E-08
  1.1507665094472170E-07
  1.9039862825440620E-07
  2.5540517489678247E-07
  3.1187833970381902E-07
  3.6122651243424363E-07
  4.0457617239910236E-07
  4.4283802398699544E-07
  4.7675546983782228E-07
  5.0694067472816471E-07
  5.3390176277616479E-07
  5.5806358192859685E-07
  5.7978373624522622E-07
  5.9936509255263906E-07
  6.1706629798621848E-07
  6.3310691438582447E-07
  6.4767774588573792E-07
  6.6094317098012183E-07
  6.7304593795840998E-07
  6.8411052677230538E-07
  6.9424591630335804E-07
  7.0354787560228748E-07
  7.1210087159392554E-07
  7.1997966593957693E-07
  7.2725065861073040E-07
  7.3397302402178501E-07
  7.4019967652242897E-07
  7.4597809494873480E-07
  7.5135103038498404E-07
  7.5635711688588428E-07
  7.6103140145029508E-07
  7.6540580676873460E-07
  7.6950953809184313E-07
  7.7336944383495234E-07
  7.7701033818728740E-07
  7.8045529295542734E-07
  7.8372590510602149E-07
  7.8684254595138200E-07
  7.8982459763201629E-07
  7.9269068248832670E-07
  7.9545888979553175E-07
  7.9814702297712867E-07
  8.0077279528442087E-07
  8.0335416823942655E-07
  8.0590957562799625E-07
  8.0845838743406023E-07
  8.1102109417942669E-07
  8.1362000184026468E-07
  8.1627972172328773E-07
  8.1902794210083466E-07
  8.2189639113278645E-07
  8.2492209575339974E-07
  8.2814905785910055E-07
  8.3163052803469235E-07
  8.3543215053006382E-07
  8.3963640507835838E-07
  8.4434902525952472E-07
  8.4970851178574667E-07
  8.5590064441225468E-07
  8.6318136205065087E-07
  8.7191425129992811E-07
  8.8263483441431481E-07
  8.9616704650512586E-07
  9.1384908257233720E-07
  9.3801067900643877E-07
  9.7310283384169162E-07
  1.0288275464929331E-06
  1.1311275932609235E-06
  1.3806450168117655E-06
  2.9126304544736562E-06
 -5.7090649226301649E-07
  2.7044704328724926E-07
  4.6725329941950684E-07
  5.5499941476504267E-07
  6.0463359389886034E-07
  6.3652591410248818E-07
  6.5872184547684618E-07
  6.7503889381922766E-07
  6.8752157845824558E-07
  6.9736379170466538E-07
  7.0530960618310413E-07
  7.1184696414147251E-07
  7.1730921459804143E-07
  7.2193189161466321E-07
  7.2588617725608924E-07
  7.2929950390545582E-07
  7.3226871546990156E-07
  7.3486874513332327E-07
  7.3715849593673978E-07
  7.3918492107603454E-07
  5.8104666830670895E-07
  5.7853655382136645E-07
  5.7611181301654610E-07
  5.7376855470133013E-07
  5.7150314381993183E-07
  5.6931218053984991E-07
  1.9241935335331460E-09
  1.9495674840917716E-09
  1.9755347833839490E-09
  2.0021151722700151E-09
  2.0293292463115010E-09
  2.0571985015717671E-09
  2.0857453833714850E-09
  2.1149933381978402E-09
  2.1449668690216829E-09
  2.1756915942714968E-09
  2.2071943107686986E-09
  2.2395030609140647E-09
  2.2726472044597086E-09
  2.3066574952621096E-09
  2.3415661633962262E-09
  2.3774070030704876E-09
  2.4142154668378368E-09
  2.4520287666129725E-09
  2.4908859820996339E-09
  2.5308281772323672E-09
  2.5718985253559140E-09
  2.6141424438993484E-09
  2.6576077393889060E-09
  2.7023447637431251E-09
  2.7484065828683601E-09
  2.7958491587077487E-09
  2.8447315459983430E-09
  2.8951161051130509E-09
 -7.5328635181460947E-07
 -5.2993750227295953E-07
 -3.4944136113404286E-07
 -2.0125905096699006E-07
 -7.7998623868105027E-08
  2.5692862448676548E-08
  1.1377073120534111E-07
  1.8921959074124424E-07
  2.5433114802472527E-07
  3.1089212027822371E-07
  3.6031440094384437E-07
  4.0372713827064918E-07
  4.4204309694777149E-07
  4.7600728921705426E-07
  5.0623315104273789E-07
  5.3322982042133547E-07
  5.5742296126985953E-07
  5.7917083980425153E-07
  5.9877686431391319E-07
  6.1650013061215240E-07
  6.3256056461382199E-07
  6.4714928164792563E-07
  6.6043091892683498E-07
  6.7254844300755605E-07
  6.8362651895182083E-07
  6.9377428342028051E-07
  7.0308764060506967E-07
  7.1165117372972367E-07
  7.1953974501186643E-07
  7.2681984177073142E-07
  7.3355071466001506E-07
  7.3978534489393346E-07
  7.4557127025451209E-07
  7.5095129407257931E-07
  7.5596409698702000E-07
  7.6064476780145203E-07
  7.6502526699772026E-07
  7.6913483426935162E-07
  7.7300034971866875E-07
  7.7664665699923572E-07
  7.8009685565064219E-07
  7.8337256910595144E-07
  7.8649419433113474E-07
  7.8948113876225606E-07
  7.9235205015295387E-07
  7.9512504324558759E-07
  7.9781795032470045E-07
  8.0044851223147272E-07
  8.0303472291535054E-07
  8.0559505114372191E-07
  8.0814890734263997E-07
  8.1071682857670702E-07
  8.1332117565219764E-07
  8.1598662562832626E-07
  8.1874094690954332E-07
  8.2161596688716653E-07
  8.2464883736782017E-07
  8.2788371996317394E-07
  8.3137407302760869E-07
  8.3518581598860981E-07
  8.3940180018322734E-07
  8.4412827186700953E-07
  8.4950445621940053E-07
  8.5571718506200778E-07
  8.6302397400968622E-07
  8.7179086182306017E-07
  8.8255735731935316E-07
  8.9615423701460359E-07
  9.1393226015878159E-07
  9.3824635012487592E-07
  9.7360432714935521E-07
  1.0298599966814054E-06
  1.1334852233649891E-06
  1.3881584719841493E-06
  3.0141777949767056E-06
 -5.3327681166836563E-07
  2.7564996685394796E-07
  4.6904285482350258E-07
  5.5578964747742680E-07
  6.0500257562464831E-07
  6.3667954150275247E-07
  6.5875133795454824E-07
  6.7499073389615530E-07
  6.8742188787271706E-07
  6.9722835375582943E-07
  7.0514850581433188E-07
  7.1166693804092496E-07
  7.1711492853874199E-07
  7.2172667540789581E-07
  7.2567246800998140E-07
  7.2907912413550601E-07
  7.3204305357185909E-07
  7.3463887595136413E-07
  7.3692526338092844E-07
  7.3894899599998146E-07
  5.8080419742849871E-07
  5.7829320981603807E-07
  5.7586766258851814E-07
  5.7352365923126186E-07
  5.7125755984652751E-07
  5.6906596019125629E-07
  1.9241407055593148E-09
  1.9495135235801653E-09
  1.9754796528962296E-09
  2.0020588327215197E-09
  2.0292716568789457E-09
  2.0571396195982282E-09
  2.0856851642633025E-09
  2.1149317353159621E-09
  2.1449038335595135E-09
  2.1756270751398210E-09
  2.2071282544555909E-09
  2.2394354113379004E-09
  2.2725779028222304E-09
  2.3065864798819593E-09
  2.3414933695338149E-09
  2.3773323627343413E-09
  2.4141389085859087E-09
  2.4519502153332730E-09
  2.4908053587736005E-09
  2.5307453986801382E-09
  2.5718135039698001E-09
  2.6140550873400293E-09
  2.6575179502737553E-09
  2.7022524392985735E-09
  2.7483116145622017E-09
  2.7957514318422788E-09
  2.8446309392716745E-09
  2.8950124901513303E-09
 -7.5643412372993232E-07
 -5.3254682338494937E-07
 -3.5164744408683739E-07
 -2.0315590672760591E-07
 -7.9653583823245538E-08
  2.4230379767354197E-08
  1.1246368112694949E-07
  1.8803969487350546E-07
  2.5325647499036140E-07
  3.0990542227443705E-07
  3.5940194467554505E-07
  4.0287786724447235E-07
  4.4124802075013050E-07
  4.7525903136614239E-07
  5.0552560952552699E-07
  5.3255790961003311E-07
  5.5678241344761271E-07
  5.7855805093268209E-07
  5.9818877301354372E-07
  6.1593412514309978E-07
  6.3201439805215931E-07
  6.4662101889276763E-07
  6.5991888409482272E-07
  6.7205117889232382E-07
  6.8314275379182974E-07
  6.9330290351299951E-07
  7.0262766762065063E-07
  7.1120174583192320E-07
  7.1910010108299215E-07
  7.2638930818130117E-07
  7.3312869413628572E-07
  7.3937130712970707E-07
  7.4516474397726001E-07
  7.5055186033315641E-07
  7.5557138348855174E-07
  7.6025844411405741E-07
  7.6464504053682403E-07
  7.6876044694512523E-07
  7.7263157517672527E-07
  7.7628329839562713E-07
  7.7973874392026822E-07
  7.8301956169701926E-07
  7.8614617439315074E-07
  7.8913801479168584E-07
  7.9201375611557842E-07
  7.9479153859624301E-07
  7.9748922356997457E-07
  8.0012457943813254E-07
  8.0271563270882005E-07
  8.0528088724740430E-07
  8.0783979406666155E-07
  8.1041293696128723E-07
  8.1302273178853946E-07
  8.1569392164820112E-07
  8.1845435544398015E-07
  8.2133596028484572E-07
  8.2437601349147500E-07
  8.2761883725951762E-07
  8.3111809890395354E-07
  8.3493999469463209E-07
  8.3916774995804122E-07
  8.4390812712982297E-07
  8.4930108113285804E-07
  8.5553450406316210E-07
  8.6286750151794708E-07
  8.7166858686266507E-07
  8.8248129540208933E-07
  8.9614332106220621E-07
  9.1401814415587377E-07
  9.3848623512934292E-07
  9.7411319138818441E-07
  1.0309077432326456E-06
  1.1358850363905918E-06
  1.3958824636623701E-06
  3.1260084781749532E-06
 -4.9769648092182136E-07
  2.8073937685627749E-07
  4.7080660387402511E-07
  5.5657062758006527E-07
  6.0536743704557418E-07
  6.3683111372379397E-07
  6.5877975243189710E-07
  6.7494201247689673E-07
  6.8732193166407108E-07
  6.9709283032638413E-07
  7.0498743498856408E-07
  7.1148701778373524E-07
  7.1692080052501371E-07
  7.2152165388416907E-07
  7.2545897970917774E-07
  7.2885898446921210E-07
  7.3181764595817042E-07
  7.3440927167572051E-07
  7.3669230376466556E-07
  7.3871334998356328E-07
  5.8056198367123438E-07
  5.7805012249874542E-07
  5.7562376847014857E-07
  5.7327901974035687E-07
  5.7101223156386064E-07
  5.6881999528195468E-07
  1.9240878802820431E-09
  1.9494595658483168E-09
  1.9754245252753585E-09
  2.0020024961294071E-09
  2.0292140704955804E-09
  2.0570807407720987E-09
  2.0856249484059303E-09
  2.1148701357894145E-09
  2.1448408015688048E-09
  2.1755625595968757E-09
  2.2070622018529693E-09
  2.2393677655997917E-09
  2.2725086051584654E-09
  2.3065154686168501E-09
  2.3414205799336962E-09
  2.3772577268174517E-09
  2.4140623549156190E-09
  2.4518716688062968E-09
  2.4907247403812243E-09
  2.5306626252544900E-09
  2.5717284879082809E-09
  2.6139677363172845E-09
  2.6574281669175726E-09
  2.7021601208492736E-09
  2.7482166525000467E-09
  2.7956537114824373E-09
  2.8445303393292787E-09
  2.8949088822679314E-09
 -7.5958835026209834E-07
 -5.3516082105819788E-07
 -3.5385698130745435E-07
 -2.0505535030541772E-07
 -8.1310501313193975E-08
  2.2766407968716563E-08
  1.1115549655163801E-07
  1.8685893729755741E-07
  2.5218115303395710E-07
  3.0891824338273324E-07
  3.5848914166383723E-07
  4.0202835761681382E-07
  4.4045279390091607E-07
  4.7451069496125450E-07
  5.0481804898362448E-07
  5.3188602925447461E-07
  5.5614193746481371E-07
  5.7794536870476703E-07
  5.9760081778368230E-07
  6.1536828076070948E-07
  6.3146841392539259E-07
  6.4609295687979588E-07
  6.5940706577324038E-07
  6.7155414492610596E-07
  6.8265923062854923E-07
  6.9283177593736311E-07
  7.0216795602193544E-07
  7.1075258728823970E-07
  7.1866073355422315E-07
  7.2595905725492128E-07
  7.3270696187420422E-07
  7.3895756266287130E-07
  7.4475851555845202E-07
  7.5015272861683700E-07
  7.5517897584901940E-07
  7.5987242985330222E-07
  7.6426512685877838E-07
  7.6838637559926516E-07
  7.7226311969614456E-07
  7.7592026187063888E-07
  7.7938095726621098E-07
  7.8266688238853240E-07
  7.8579848565503977E-07
  7.8879522524677904E-07
  7.9167579991220489E-07
  7.9445837538703452E-07
  7.9716084227165629E-07
  7.9980099647711054E-07
  8.0239689720822368E-07
  8.0496708354688306E-07
  8.0753104723467097E-07
  8.1010941898818786E-07
  8.1272466993641862E-07
  8.1540160950801497E-07
  8.1816816747904403E-07
  8.2105637116008911E-07
  8.2410362403663110E-07
  8.2735440975781837E-07
  8.3086260579971572E-07
  8.3469468695478181E-07
  8.3893425494683575E-07
  8.4368859191709303E-07
  8.4909838785858227E-07
  8.5535260343107943E-07
  8.6271194763252910E-07
  8.7154743110612046E-07
  8.8240665609308195E-07
  8.9613431094449895E-07
  9.1410675627114754E-07
  9.3873037600474558E-07
  9.7462951943971660E-07
  1.0319710397065397E-06
  1.1383280292685184E-06
  1.4038255930903407E-06
  3.2497626818117043E-06
 -4.6400371459389784E-07
  2.8571877136871205E-07
  4.7254503408850358E-07
  5.5734248064117534E-07
  6.0572822205421759E-07
  6.3698064911587951E-07
  6.5880709744362108E-07
  6.7489273379750851E-07
  6.8722171197927263E-07
  6.9695722247234866E-07
  7.0482639416065254E-07
  7.1130720347221796E-07
  7.1672683045261500E-07
  7.2131682681152885E-07
  7.2524571204164106E-07
  7.2863908454310059E-07
  7.3159249223242710E-07
  7.3417993188981016E-07
  7.3645961665772331E-07
  7.3847798258797477E-07
  5.8032002665311469E-07
  5.7780729148741736E-07
  5.7538013027914527E-07
  5.7303463584614358E-07
  5.7076715858931416E-07
  5.6857428542921134E-07
  1.9240350577038097E-09
  1.9494056108966628E-09
  1.9753694005201996E-09
  2.0019461624930652E-09
  2.0291564871633912E-09
  2.0570218650948953E-09
  2.0855647357974948E-09
  2.1148085396218802E-09
  2.1447777730471699E-09
  2.1754980476403374E-09
  2.2069961529581752E-09
  2.2393001237003702E-09
  2.2724393114653088E-09
  2.3064444614657679E-09
  2.3413477945944033E-09
  2.3771830953163355E-09
  2.4139858058268478E-09
  2.4517931270335971E-09
  2.4906441269219881E-09
  2.5305798569516285E-09
  2.5716434771712824E-09
  2.6138803908295984E-09
  2.6573383893183985E-09
  2.7020678083933749E-09
  2.7481216966783429E-09
  2.7955559976264294E-09
  2.8444297461697896E-09
  2.8948052814591928E-09
 -7.6274905616648590E-07
 -5.3777951236530802E-07
 -3.5606998500297884E-07
 -2.0695739067621023E-07
 -8.2969383128351743E-08
  2.1300941801398185E-08
  1.0984617331793226E-07
  1.8567731465740726E-07
  2.5110517939230057E-07
  3.0793058128647398E-07
  3.5757598994288247E-07
  4.0117860768712009E-07
  4.3965741490757139E-07
  4.7376227867269618E-07
  5.0411046822156935E-07
  5.3121417826975434E-07
  5.5550153232212024E-07
  5.7733279219320431E-07
  5.9701299775720107E-07
  6.1480259664709402E-07
  6.3092261145673672E-07
  6.4556509486808195E-07
  6.5889546325120679E-07
  6.7105734042478910E-07
  6.8217594879972574E-07
  6.9236090004981853E-07
  7.0170850518254992E-07
  7.1030369748641711E-07
  7.1822164182689220E-07
  7.2552908840470995E-07
  7.3228551729727663E-07
  7.3854411092701057E-07
  7.4435258444133166E-07
  7.4975389837483575E-07
  7.5478687352727969E-07
  7.5948672448585091E-07
  7.6388552543729263E-07
  7.6801261971239900E-07
  7.7189498276484913E-07
  7.7555754691961540E-07
  7.7902349519087874E-07
  7.8231453069106993E-07
  7.8545112763532023E-07
  7.8845276965495100E-07
  7.9133818108000825E-07
  7.9412555315623109E-07
  7.9683280598963712E-07
  7.9947776292220748E-07
  8.0207851600342848E-07
  8.0465363965008335E-07
  8.0722266647763440E-07
  8.0980627431398681E-07
  8.1242698978390656E-07
  8.1510968893478813E-07
  8.1788238278901106E-07
  8.2077719935070089E-07
  8.2383166891563113E-07
  8.2709043747120308E-07
  8.3060759385826963E-07
  8.3444989308820529E-07
  8.3870131570226720E-07
  8.4346966711279390E-07
  8.4889637774666370E-07
  8.5517148520044218E-07
  8.6255731542633928E-07
  8.7142739928704782E-07
  8.8233344690090191E-07
  8.9612721911359468E-07
  9.1419811850938848E-07
  9.3897881535658493E-07
  9.7515340586716042E-07
  1.0330501454476872E-06
  1.1408152308763722E-06
  1.4119969370608589E-06
  3.3874490085743009E-06
 -4.3205331655312365E-07
  2.9059150640289484E-07
  4.7425862098584734E-07
  5.5810533013130542E-07
  6.0608497397939034E-07
  6.3712816581966637E-07
  6.5883338145009723E-07
  6.7484290205552245E-07
  6.8712123095108882E-07
  6.9682153123880602E-07
  7.0466538377599833E-07
  7.1112749521064868E-07
  7.1653301821639666E-07
  7.2111219395784766E-07
  7.2503266469492367E-07
  7.2841942399518635E-07
  7.3136759200066086E-07
  7.3395085617748476E-07
  7.3622720163071135E-07
  7.3824289337536449E-07
  5.8007832599310812E-07
  5.7756471640075172E-07
  5.7513674763398543E-07
  5.7279050716691951E-07
  5.7052234054104052E-07
  5.6832883025106162E-07
  1.9239822378210829E-09
  1.9493516587262738E-09
  1.9753142786317092E-09
  2.0018898318144292E-09
  2.0290989068819963E-09
  2.0569629925655472E-09
  2.0855045264417440E-09
  2.1147469468123998E-09
  2.1447147479950817E-09
  2.1754335392696527E-09
  2.2069301077732073E-09
  2.2392324856362981E-09
  2.2723700217463844E-09
  2.3063734584282653E-09
  2.3412750135167823E-09
  2.3771084682336293E-09
  2.4139092613179125E-09
  2.4517145900125926E-09
  2.4905635183968827E-09
  2.5304970937723658E-09
  2.5715584717572267E-09
  2.6137930508770543E-09
  2.6572486174792318E-09
  2.7019755019310585E-09
  2.7480267470997888E-09
  2.7954582902752996E-09
  2.8443291597898240E-09
  2.8947016877270754E-09
 -7.6591626639302051E-07
 -5.4040291447195980E-07
 -3.5828646740462685E-07
 -2.0886203683996388E-07
 -8.4630236070494416E-08
  1.9833975992894674E-08
  1.0853570726562284E-07
  1.8449482358533101E-07
  2.5002855129938465E-07
  3.0694243367012287E-07
  3.5666248753811102E-07
  4.0032861575270698E-07
  4.3886188227781008E-07
  4.7301378117720732E-07
  5.0340286604887649E-07
  5.3054235557053350E-07
  5.5486119702151107E-07
  5.7672032047236649E-07
  5.9642531206803966E-07
  6.1423707198588493E-07
  6.3037698987183491E-07
  6.4503743211747078E-07
  6.5838407581966167E-07
  6.7056076470454979E-07
  6.8169290764357158E-07
  6.9189027520851090E-07
  7.0124931447662217E-07
  7.0985507581622409E-07
  7.1778282530368216E-07
  7.2509940104511848E-07
  7.3186435983106789E-07
  7.3813095135706622E-07
  7.4394695006913932E-07
  7.4935536905912435E-07
  7.5439507598319514E-07
  7.5910132747959261E-07
  7.6350623574726076E-07
  7.6763917876676058E-07
  7.7152716387178527E-07
  7.7519515303851088E-07
  7.7866635719814768E-07
  7.8196250611580564E-07
  7.8510409985363637E-07
  7.8811064754458194E-07
  7.9100089915705008E-07
  7.9379307143938700E-07
  7.9650511428485616E-07
  7.9915487834839240E-07
  8.0176048868552899E-07
  8.0434055516664898E-07
  8.0691465142698439E-07
  8.0950350259722222E-07
  8.1212969102194149E-07
  8.1481815965885540E-07
  8.1759700115203822E-07
  8.2049844469362331E-07
  8.2356014804651080E-07
  8.2682692041458631E-07
  8.3035306322710702E-07
  8.3420561341468406E-07
  8.3846893278552454E-07
  8.4325135360170348E-07
  8.4869505214978451E-07
  8.5499115142543125E-07
  8.6240360801517285E-07
  8.7130849619006904E-07
  8.8226167540149319E-07
  8.9612205813400205E-07
  9.1429225313837314E-07
  9.3923159645484451E-07
  9.7568494693139474E-07
  1.0341453255457338E-06
  1.1433477035789994E-06
  1.4204060820363591E-06
  3.5415540471447554E-06
 -4.0171461052907653E-07
  2.9536080354365123E-07
  4.7594782825688548E-07
  5.5885929723209635E-07
  6.0643773557382238E-07
  6.3727368176901216E-07
  6.5885861284762244E-07
  6.7479252140960582E-07
  6.8702049068192044E-07
  6.9668575766097415E-07
  7.0450440427959136E-07
  7.1094789310015913E-07
  7.1633936371169422E-07
  7.2090775509177742E-07
  7.2481983735953626E-07
  7.2820000246451104E-07
  7.3114294486853309E-07
  7.3372204412421324E-07
  7.3599505825538911E-07
  7.3800808190904524E-07
  5.7983688131095066E-07
  5.7732239685821335E-07
  5.7489362015391302E-07
  5.7254663332174895E-07
  5.7027777703795865E-07
  5.6808362936630789E-07
  1.9239294206379770E-09
  1.9492977093347944E-09
  1.9752591596091560E-09
  2.0018335040898773E-09
  2.0290413296489332E-09
  2.0569041231849361E-09
  2.0854443203351372E-09
  2.1146853573580706E-09
  2.1446517264120405E-09
  2.1753690344871080E-09
  2.2068640662952931E-09
  2.2391648514124595E-09
  2.2723007359989271E-09
  2.3063024595023710E-09
  2.3412022367008904E-09
  2.3770338455645571E-09
  2.4138327213905930E-09
  2.4516360577446162E-09
  2.4904829148043318E-09
  2.5304143357161351E-09
  2.5714734716680920E-09
  2.6137057164593498E-09
  2.6571588513978914E-09
  2.7018832014616860E-09
  2.7479318037602826E-09
  2.7953605894268648E-09
  2.8442285801935318E-09
  2.8945981010702060E-09
 -7.6909000591540664E-07
 -5.4303104457855229E-07
 -3.6050644078785874E-07
 -2.1076929783673077E-07
 -8.6293066970118658E-08
  1.8365505256878065E-08
  1.0722409420456672E-07
  1.8331146071177515E-07
  2.4895126598027208E-07
  3.0595379821340659E-07
  3.5574863247262766E-07
  3.9947838010485143E-07
  4.3806619451387188E-07
  4.7226520114349653E-07
  5.0269524126884526E-07
  5.2987056006971392E-07
  5.5422093056402064E-07
  5.7610795261516162E-07
  5.9583775985027607E-07
  6.1367170596085862E-07
  6.2983154839668562E-07
  6.4450996789005013E-07
  6.5787290276873136E-07
  6.7006441708182501E-07
  6.8121010649884434E-07
  6.9141990077081103E-07
  7.0079038327952657E-07
  7.0940672166755764E-07
  7.1734428338760007E-07
  7.2466999459147550E-07
  7.3144348890124294E-07
  7.3771808338813707E-07
  7.4354161188694103E-07
  7.4895714012255519E-07
  7.5400358267803756E-07
  7.5871623830230740E-07
  7.6312725726449634E-07
  7.6726605224509061E-07
  7.7115966250723776E-07
  7.7483307972479816E-07
  7.7830954279239013E-07
  7.8161080817517614E-07
  7.8475740183056476E-07
  7.8776885844524838E-07
  7.9066395368262227E-07
  7.9346092976690505E-07
  7.9617776671945721E-07
  7.9883234233193377E-07
  8.0144281484668243E-07
  8.0402782970789179E-07
  8.0660700171560892E-07
  8.0920110349677010E-07
  8.1183277334130746E-07
  8.1452702141004682E-07
  8.1731202234833275E-07
  8.2022010703030121E-07
  8.2328906134461508E-07
  8.2656385860965898E-07
  8.3009901405603941E-07
  8.3396184826187756E-07
  8.3823710675912194E-07
  8.4303365228531374E-07
  8.4849441245157080E-07
  8.5481160417445036E-07
  8.6225082853109529E-07
  8.7119072664717176E-07
  8.8219134927286961E-07
  8.9611884075921218E-07
  9.1438918271153036E-07
  9.3948876318423334E-07
  9.7622424062651143E-07
  1.0352568515282605E-06
  1.1459265440155065E-06
  1.4290631588014861E-06
  3.7151935828722943E-06
 -3.7286966412997713E-07
  3.0002975597814976E-07
  4.7761310825336439E-07
  5.5960450109460270E-07
  6.0678654902383061E-07
  6.3741721473741058E-07
  6.5888279992915514E-07
  6.7474159599561468E-07
  6.8691949327752476E-07
  6.9654990277266027E-07
  7.0434345611241690E-07
  7.1076839723860522E-07
  7.1614586683502769E-07
  7.2070350998267284E-07
  7.2460722972488432E-07
  7.2798081959013277E-07
  7.3091855044344252E-07
  7.3349349531608587E-07
  7.3576318610435423E-07
  7.3777354775291766E-07
  5.7959569222714413E-07
  5.7708033248003355E-07
  5.7465074745893816E-07
  5.7230301393046255E-07
  5.7003346769975351E-07
  5.6783868239451779E-07
  1.9238766061500282E-09
  1.9492437627246357E-09
  1.9752040434536108E-09
  2.0017771793215729E-09
  2.0289837554661316E-09
  2.0568452569494571E-09
  2.0853841174776358E-09
  2.1146237712624595E-09
  2.1445887082972617E-09
  2.1753045332882744E-09
  2.2067980285280201E-09
  2.2390972210226830E-09
  2.2722314542230550E-09
  2.3062314646892130E-09
  2.3411294641464408E-09
  2.3769592273146708E-09
  2.4137561860422534E-09
  2.4515575302265843E-09
  2.4904023161441580E-09
  2.5303315827834122E-09
  2.5713884769019096E-09
  2.6136183875751829E-09
  2.6570690910722528E-09
  2.7017909069834578E-09
  2.7478368666624170E-09
  2.7952628950817890E-09
  2.8441280073759418E-09
  2.8944945214896190E-09
 -7.7227029988188819E-07
 -5.4566391998765196E-07
 -3.6272991748547750E-07
 -2.1267918272534107E-07
 -8.7957882678079145E-08
  1.6895524300166680E-08
  1.0591132995799181E-07
  1.8212722264982688E-07
  2.4787332065298308E-07
  3.0496467259213088E-07
  3.5483442277284441E-07
  3.9862789903855479E-07
  4.3727035012292745E-07
  4.7151653724349006E-07
  5.0198759268848311E-07
  5.2919879068071623E-07
  5.5358073195273299E-07
  5.7549568769743302E-07
  5.9525034023756691E-07
  6.1310649775656661E-07
  6.2928628625591160E-07
  6.4398270144593249E-07
  6.5736194339051052E-07
  6.6956829687367710E-07
  6.8072754470531170E-07
  6.9094977609616499E-07
  7.0033171096688041E-07
  7.0895863443106056E-07
  7.1690601548298028E-07
  7.2424086845952798E-07
  7.3102290393434366E-07
  7.3730550645749179E-07
  7.4313656934036676E-07
  7.4855921101943631E-07
  7.5361239307319279E-07
  7.5833145642397681E-07
  7.6274858946550865E-07
  7.6689323963110027E-07
  7.7079247816184886E-07
  7.7447132647655484E-07
  7.7795305147946168E-07
  7.8125943638262814E-07
  7.8441103308785591E-07
  7.8742740188742906E-07
  7.9032734419697027E-07
  7.9312912765898355E-07
  7.9585076285669313E-07
  7.9851015445012606E-07
  8.0112549408037876E-07
  8.0371546288611696E-07
  8.0629971697841352E-07
  8.0889907667438501E-07
  8.1153623643625090E-07
  8.1423627392169885E-07
  8.1702744616019013E-07
  8.1994218620468880E-07
  8.2301840873496526E-07
  8.2630125207655348E-07
  8.2984544650318774E-07
  8.3371859796293858E-07
  8.3800583820009445E-07
  8.4281656406957418E-07
  8.4829446002961101E-07
  8.5463284554109647E-07
  8.6209898014293372E-07
  8.7107409552934176E-07
  8.8212247625114929E-07
  8.9611757983654447E-07
  9.1448893008449616E-07
  9.3975036008743372E-07
  9.7677138667384550E-07
  1.0363850008974762E-06
  1.1485528849899612E-06
  1.4379788844520374E-06
  3.9123250356516437E-06
 -3.4541177556987291E-07
  3.0460133544116503E-07
  4.7925490245850381E-07
  5.6034105880624633E-07
  6.0713145593847338E-07
  6.3755878226713834E-07
  6.5890595094531443E-07
  6.7469012992689561E-07
  6.8681824082533432E-07
  6.9641396760632817E-07
  7.0418253971677976E-07
  7.1058900772871320E-07
  7.1595252748122606E-07
  7.2049945840142900E-07
  7.2439484148262172E-07
  7.2776187501308075E-07
  7.3069440833311941E-07
  7.3326520933981886E-07
  7.3553158475124241E-07
  7.3753929047229471E-07
  5.7935475836295363E-07
  5.7683852288720646E-07
  5.7440812916983371E-07
  5.7205964861365318E-07
  5.6978941214687261E-07
  5.6759398895602171E-07
  1.9238237943610544E-09
  1.9491898188907065E-09
  1.9751489301631843E-09
  2.0017208575086719E-09
  2.0289261843315924E-09
  2.0567863938621234E-09
  2.0853239178709253E-09
  2.1145621885215762E-09
  2.1445256936512723E-09
  2.1752400356760703E-09
  2.2067319944674220E-09
  2.2390295944720779E-09
  2.2721621764174162E-09
  2.3061604739894727E-09
  2.3410566958511308E-09
  2.3768846134794242E-09
  2.4136796552723291E-09
  2.4514790074597728E-09
  2.4903217224168997E-09
  2.5302488349713472E-09
  2.5713034874586088E-09
  2.6135310642254705E-09
  2.6569793365025001E-09
  2.7016986184968891E-09
  2.7477419358043929E-09
  2.7951652072369044E-09
  2.8440274413381490E-09
  2.8943909489799629E-09
 -7.7545717353015146E-07
 -5.4830155803692454E-07
 -3.6495690987533451E-07
 -2.1459170061573714E-07
 -8.9624690056627697E-08
  1.5424027815031736E-08
  1.0459741031580872E-07
  1.8094210602040962E-07
  2.4679471253836667E-07
  3.0397505447685086E-07
  3.5391985645817255E-07
  3.9777717084517097E-07
  4.3647434760400123E-07
  4.7076778814985474E-07
  5.0127991911175856E-07
  5.2852704631788899E-07
  5.5294060018888796E-07
  5.7488352479230556E-07
  5.9466305236503416E-07
  6.1254144655690612E-07
  6.2874120267721626E-07
  6.4345563204835431E-07
  6.5685119697776974E-07
  6.6907240339896165E-07
  6.8024522160369594E-07
  6.9047990054452692E-07
  6.9987329691623339E-07
  7.0851081349939519E-07
  7.1646802099536035E-07
  7.2381202206647954E-07
  7.3060260435848315E-07
  7.3689322000210886E-07
  7.4273182187544182E-07
  7.4816158120449277E-07
  7.5322150663179354E-07
  7.5794698131446833E-07
  7.6237023182801241E-07
  7.6652074040964382E-07
  7.7042561032781764E-07
  7.7410989279282434E-07
  7.7759688276568930E-07
  7.8090839025245304E-07
  7.8406499314791080E-07
  7.8708627740263736E-07
  7.8999107024142034E-07
  7.9279766461354308E-07
  7.9552410226084721E-07
  7.9818831428142776E-07
  8.0080852598132254E-07
  8.0340345431448072E-07
  8.0599279685072994E-07
  8.0859742179245802E-07
  8.1124008000147858E-07
  8.1394591692957045E-07
  8.1674327237117958E-07
  8.1966468206203750E-07
  8.2274819014140567E-07
  8.2603910084227725E-07
  8.2959236072502409E-07
  8.3347586285411260E-07
  8.3777512768534297E-07
  8.4260008987377642E-07
  8.4809519628840119E-07
  8.5445487763899227E-07
  8.6194806604297849E-07
  8.7095860776449286E-07
  8.8205506416534733E-07
  8.9611828840646807E-07
  9.1459151840819750E-07
  9.4001643240688159E-07
  9.7732648667838878E-07
  1.0375300578309858E-06
  1.1512278967390507E-06
  1.4471646019551903E-06
  4.1380522180345279E-06
 -3.1924416797175312E-07
  3.0907839721881796E-07
  4.8087364156514315E-07
  5.6106908541014129E-07
  6.0747249739962938E-07
  6.3769840177350093E-07
  6.5892807405630158E-07
  6.7463812726354879E-07
  6.8671673539918891E-07
  6.9627795317997796E-07
  7.0402165553093682E-07
  7.1040972466594326E-07
  7.1575934554531219E-07
  7.2029560011630994E-07
  7.2418267232335231E-07
  7.2754316837393637E-07
  7.3047051814666061E-07
  7.3303718578393123E-07
  7.3530025377073322E-07
  7.3730530963312897E-07
  5.7911407934040701E-07
  5.7659696770148836E-07
  5.7416576490813457E-07
  5.7181653699267574E-07
  5.6954561000052534E-07
  5.6734954867191186E-07
  1.9237709852671214E-09
  1.9491358778389658E-09
  1.9750938197374968E-09
  2.0016645386517194E-09
  2.0288686162474756E-09
  2.0567275339221506E-09
  2.0852637215119194E-09
  2.1145006091384708E-09
  2.1444626824731739E-09
  2.1751755416481151E-09
  2.2066659641140762E-09
  2.2389619717550388E-09
  2.2720929025839946E-09
  2.3060894874010641E-09
  2.3409839318167019E-09
  2.3768100040620083E-09
  2.4136031290838326E-09
  2.4514004894455660E-09
  2.4902411336194261E-09
  2.5301660922811448E-09
  2.5712185033345074E-09
  2.6134437464094099E-09
  2.6568895876893234E-09
  2.7016063360008985E-09
  2.7476470111850155E-09
  2.7950675258949561E-09
  2.8439268820805895E-09
  2.8942873835442318E-09
 -7.7865065220922718E-07
 -5.5094397615045005E-07
 -3.6718743036641840E-07
 -2.1650686061059033E-07
 -9.1293495988690835E-08
  1.3951010465887550E-08
  1.0328233107506432E-07
  1.7975610742282389E-07
  2.4571543884604544E-07
  3.0298494153470321E-07
  3.5300493154536983E-07
  3.9692619381038861E-07
  4.3567818546007953E-07
  4.7001895253081605E-07
  5.0057221934369753E-07
  5.2785532589460983E-07
  5.5230053427504718E-07
  5.7427146297551702E-07
  5.9407589536671018E-07
  6.1197655154705431E-07
  6.2819629688799280E-07
  6.4292875895955328E-07
  6.5634066282244832E-07
  6.6857673597678636E-07
  6.7976313653545721E-07
  6.9001027347675033E-07
  6.9941514050448107E-07
  7.0806325826417577E-07
  7.1603029932977990E-07
  7.2338345483052178E-07
  7.3018258960166207E-07
  7.3648122346076012E-07
  7.4232736893960257E-07
  7.4776425013353409E-07
  7.5283092281711718E-07
  7.5756281244514541E-07
  7.6199218383066879E-07
  7.6614855406650999E-07
  7.7005905849769324E-07
  7.7374877817398122E-07
  7.7724103615887145E-07
  7.8055766929993634E-07
  7.8371928153461413E-07
  7.8674548452358596E-07
  7.8965513135837076E-07
  7.9246654006989504E-07
  7.9519778449746206E-07
  7.9786682140546169E-07
  8.0049194851070307E-07
  8.0309180360830243E-07
  8.0568624097025213E-07
  8.0829613851525112E-07
  8.1094430373331605E-07
  8.1365595016915377E-07
  8.1645950076686062E-07
  8.1938759445223411E-07
  8.2247840549061490E-07
  8.2577740493720107E-07
  8.2933975688834534E-07
  8.3323364327959338E-07
  8.3754497580351749E-07
  8.4238423062707315E-07
  8.4789662264623531E-07
  8.5427770260190249E-07
  8.6179808946094252E-07
  8.7084426833385344E-07
  8.8198912091554310E-07
  8.9612097962966233E-07
  9.1469697111308104E-07
  9.4028702600483049E-07
  9.7788964402698193E-07
  1.0386923130948059E-06
  1.1539527886401889E-06
  1.4566323295106800E-06
  4.3990728390530295E-06
 -2.9427886085382452E-07
  3.1346368696204237E-07
  4.8246974592826339E-07
  5.6178869404232902E-07
  6.0780971394812030E-07
  6.3783609041808054E-07
  6.5894917735020465E-07
  6.7458559205894344E-07
  6.8661497904862026E-07
  6.9614186050582903E-07
  7.0386080398750357E-07
  7.1023054815051442E-07
  7.1556632092274074E-07
  7.2009193490141073E-07
  7.2397072193990763E-07
  7.2732469931523509E-07
  7.3024687949384723E-07
  7.3280942423735863E-07
  7.3506919273832793E-07
  7.3707160480251979E-07
  5.7887365478229159E-07
  5.7635566654539489E-07
  5.7392365429613517E-07
  5.7157367868964457E-07
  5.6930206088268017E-07
  5.6710536116403980E-07
  1.9237181788681963E-09
  1.9490819395653100E-09
  1.9750387121767470E-09
  2.0016082227496402E-09
  2.0288110512107981E-09
  2.0566686771303061E-09
  2.0852035284026510E-09
  2.1144390331110983E-09
  2.1443996747640666E-09
  2.1751110512063564E-09
  2.2065999374690746E-09
  2.2388943528755425E-09
  2.2720236327187797E-09
  2.3060185049236534E-09
  2.3409111720437168E-09
  2.3767353990585506E-09
  2.4135266074712750E-09
  2.4513219761809401E-09
  2.4901605497537870E-09
  2.5300833547122336E-09
  2.5711335245334613E-09
  2.6133564341249874E-09
  2.6567998446296570E-09
  2.7015140594954484E-09
  2.7475520928041370E-09
  2.7949698510527729E-09
  2.8438263295998788E-09
  2.8941838251797459E-09
 -7.8185076136945511E-07
 -5.5359119183860741E-07
 -3.6942149141964462E-07
 -2.1842467188525618E-07
 -9.2964307395152635E-08
  1.2476466919942269E-08
  1.0196608801165041E-07
  1.7856922345610716E-07
  2.4463549678295582E-07
  3.0199433143227014E-07
  3.5208964605320120E-07
  3.9607496622287003E-07
  4.3488186219275793E-07
  4.6927002905632580E-07
  4.9986449218874321E-07
  5.2718362832447494E-07
  5.5166053321228565E-07
  5.7365950132288065E-07
  5.9348886837918062E-07
  6.1141181191374574E-07
  6.2765156811616020E-07
  6.4240208144342610E-07
  6.5583034021908029E-07
  6.6808129392593345E-07
  6.7928128884236304E-07
  6.8954089425438160E-07
  6.9895724111110574E-07
  7.0761596811980648E-07
  7.1559284989373557E-07
  7.2295516616937419E-07
  7.2976285909380936E-07
  7.3606951627216057E-07
  7.4192320998156408E-07
  7.4736721726307363E-07
  7.5244064109409808E-07
  7.5717894928827698E-07
  7.6161444495252225E-07
  7.6577668008825887E-07
  7.6969282216557718E-07
  7.7338798212080861E-07
  7.7688551116746295E-07
  7.8020727304162381E-07
  7.8337389777246849E-07
  7.8640502278383561E-07
  7.8931952709123657E-07
  7.9213575323116630E-07
  7.9487180913303978E-07
  7.9754567540328210E-07
  8.0017568539905371E-07
  8.0278051038335863E-07
  8.0538004897500225E-07
  8.0799522650812975E-07
  8.1064890733037311E-07
  8.1336637337916457E-07
  8.1617613113674864E-07
  8.1911092322432423E-07
  8.2220905471359853E-07
  8.2551616439362696E-07
  8.2908763515921654E-07
  8.3299193958912030E-07
  8.3731538314761330E-07
  8.4216898726140941E-07
  8.4769874052663091E-07
  8.5410132257293439E-07
  8.6164905365745776E-07
  8.7073108224149044E-07
  8.8192465449675851E-07
  8.9612566683415711E-07
  9.1480531195567573E-07
  9.4056218748456308E-07
  9.7846096405269592E-07
  1.0398720643163942E-06
  1.1567288106076335E-06
  1.4663948090630921E-06
  4.7043534443799412E-06
 -2.7043569292129028E-07
  3.1775984520150472E-07
  4.8404362592382941E-07
  5.6249999577825535E-07
  6.0814314557700326E-07
  6.3797186523854108E-07
  6.5896926886604065E-07
  6.7453252832189232E-07
  6.8651297382723541E-07
  6.9600569059488816E-07
  7.0369998551869225E-07
  7.1005147827971034E-07
  7.1537345351023222E-07
  7.1988846252549294E-07
  7.2375899002602875E-07
  7.2710646748052290E-07
  7.3002349198581430E-07
  7.3258192428985261E-07
  7.3483840123066571E-07
  7.3683817554850960E-07
  5.7863348431215268E-07
  5.7611461904219999E-07
  5.7368179695688734E-07
  5.7133107332743149E-07
  5.6905876441606333E-07
  5.6686142605501412E-07
  1.9236653751685662E-09
  1.9490280040706423E-09
  1.9749836074829319E-09
  2.0015519098030955E-09
  2.0287534892231435E-09
  2.0566098234829850E-09
  2.0851433385418143E-09
  2.1143774604386172E-09
  2.1443366705206526E-09
  2.1750465643472752E-09
  2.2065339145315147E-09
  2.2388267378312745E-09
  2.2719543668263595E-09
  2.3059475265598355E-09
  2.3408384165273932E-09
  2.3766607984701115E-09
  2.4134500904382287E-09
  2.4512434676658835E-09
  2.4900799708186266E-09
  2.5300006222653135E-09
  2.5710485510544511E-09
  2.6132691273725059E-09
  2.6567101073268872E-09
  2.7014217889795117E-09
  2.7474571806598422E-09
  2.7948721827132120E-09
  2.8437257838971625E-09
  2.8940802738876998E-09
 -7.8505752659554197E-07
 -5.5624322265672322E-07
 -3.7165910553420331E-07
 -2.2034514360750452E-07
 -9.4637131195411481E-08
  1.1000391823594296E-08
  1.0064867690270557E-07
  1.7738145071736060E-07
  2.4355488354869234E-07
  3.0100322183093995E-07
  3.5117399798920556E-07
  3.9522348636991417E-07
  4.3408537630067377E-07
  4.6852101639500444E-07
  4.9915673645134373E-07
  5.2651195251973180E-07
  5.5102059600431294E-07
  5.7304763890799779E-07
  5.9290197053816855E-07
  6.1084722684174729E-07
  6.2710701558896576E-07
  6.4187559876323931E-07
  6.5532022846212085E-07
  6.6758607656744798E-07
  6.7879967786675787E-07
  6.8907176223944917E-07
  6.9849959811470635E-07
  7.0716894245986718E-07
  7.1515567209466597E-07
  7.2252715550316044E-07
  7.2934341226524168E-07
  7.3565809787686073E-07
  7.4151934444998116E-07
  7.4697048205108082E-07
  7.5205066092808524E-07
  7.5679539131698579E-07
  7.6123701467433227E-07
  7.6540511796256077E-07
  7.6932690082612812E-07
  7.7302750413560307E-07
  7.7653030730088604E-07
  7.7985720099477339E-07
  7.8302884138716486E-07
  7.8606489171799192E-07
  7.8898425698453926E-07
  7.9180531774427589E-07
  7.9454617573527063E-07
  7.9722487585659435E-07
  7.9985977378243317E-07
  8.0246957425759998E-07
  8.0507422050555967E-07
  8.0769468543839821E-07
  8.1035389049229219E-07
  8.1307718629948124E-07
  8.1589316327070884E-07
  8.1883466823190584E-07
  8.2194013774409518E-07
  8.2525537924902587E-07
  8.2883599571015987E-07
  8.3275075213325339E-07
  8.3708635032240089E-07
  8.4195436073130197E-07
  8.4750155136921801E-07
  8.5392573973217663E-07
  8.6150096191391183E-07
  8.7061905458090351E-07
  8.8186167298841901E-07
  8.9613236348686137E-07
  9.1491656500246589E-07
  9.4084196417271407E-07
  9.7904055402706970E-07
  1.0410696162730982E-06
  1.1595572552582516E-06
  1.4764655645065191E-06
  5.0661789839211724E-06
 -2.4764147091635513E-07
  3.2196941216004926E-07
  4.8559568213495359E-07
  5.6320309996897200E-07
  6.0847283175679990E-07
  6.3810574306697834E-07
  6.5898835655306600E-07
  6.7447894002802123E-07
  6.8641072175875002E-07
  6.9586944445260347E-07
  7.0353920055442014E-07
  7.0987251514714752E-07
  7.1518074320379536E-07
  7.1968518276069414E-07
  7.2354747627437281E-07
  7.2688847251384627E-07
  7.2980035523436459E-07
  7.3235468553255970E-07
  7.3460787882515791E-07
  7.3660502143997789E-07
  5.7839356755429212E-07
  5.7587382481593369E-07
  5.7344019251419938E-07
  5.7108872052966450E-07
  5.6881572022415670E-07
  5.6661774296819983E-07
  1.9236125741637119E-09
  1.9489740713553932E-09
  1.9749285056510319E-09
  2.0014955998087513E-09
  2.0286959302849961E-09
  2.0565509729808395E-09
  2.0850831519291442E-09
  2.1143158911221899E-09
  2.1442736697450026E-09
  2.1749820810734493E-09
  2.2064678953018646E-09
  2.2387591266205953E-09
  2.2718851049017046E-09
  2.3058765523050426E-09
  2.3407656652703189E-09
  2.3765862022962410E-09
  2.4133735779828983E-09
  2.4511649639007772E-09
  2.4899993968138228E-09
  2.5299178949370951E-09
  2.5709635828943532E-09
  2.6131818261514954E-09
  2.6566203757774000E-09
  2.7013295244519532E-09
  2.7473622747537974E-09
  2.7947745208704758E-09
  2.8436252449718980E-09
  2.8939767296661248E-09
 -7.8827097357471004E-07
 -5.5890008623021980E-07
 -3.7390028527520345E-07
 -2.2226828500807521E-07
 -9.6311974338407193E-08
  9.5227798014061587E-09
  9.9330093503399089E-08
  1.7619278578655674E-07
  2.4247359634142442E-07
  3.0001161038676346E-07
  3.5025798536943904E-07
  3.9437175253396232E-07
  4.3328872628195606E-07
  4.6777191321483293E-07
  4.9844895093370906E-07
  5.2584029739496349E-07
  5.5038072165387683E-07
  5.7243587480793573E-07
  5.9231520097937454E-07
  6.1028279551947806E-07
  6.2656263853615879E-07
  6.4134931018470246E-07
  6.5481032684631555E-07
  6.6709108322260924E-07
  6.7831830295333647E-07
  6.8860287679467881E-07
  6.9804221089546242E-07
  7.0672218068013340E-07
  7.1471876534081536E-07
  7.2209942225260159E-07
  7.2892424854707084E-07
  7.3524696771568300E-07
  7.4111577179532934E-07
  7.4657404395533325E-07
  7.5166098178562227E-07
  7.5641213800491730E-07
  7.6085989247753407E-07
  7.6503386717804983E-07
  7.6896129397533965E-07
  7.7266734372125093E-07
  7.7617542406983985E-07
  7.7950745267764123E-07
  7.8268411190539998E-07
  7.8572509086167721E-07
  7.8864932058379134E-07
  7.9147520837443348E-07
  7.9422088387294157E-07
  7.9690442234889033E-07
  7.9954421326119945E-07
  8.0215899484917735E-07
  8.0476875520266402E-07
  8.0739451497445306E-07
  8.1005925292097731E-07
  8.1278838867298387E-07
  8.1561059695962912E-07
  8.1855882932993366E-07
  8.2167165451620209E-07
  8.2499504954436698E-07
  8.2858483872011401E-07
  8.3251008127535846E-07
  8.3685787793564654E-07
  8.4174035199238144E-07
  8.4730505663678057E-07
  8.5375095626380836E-07
  8.6135381755708213E-07
  8.7050819046070347E-07
  8.8180018454427743E-07
  8.9614108321886404E-07
  9.1503075460301429E-07
  9.4112640405397891E-07
  9.7962852315768993E-07
  1.0422852808518675E-06
  1.1624394591877467E-06
  1.4868589592827883E-06
  5.5018444198609733E-06
 -2.2582923191459247E-07
  3.2609483289984051E-07
  4.8712630575208192E-07
  5.6389811395586604E-07
  6.0879881146359852E-07
  6.3823774055976658E-07
  6.5900644828271858E-07
  6.7442483113888834E-07
  6.8630822487118564E-07
  6.9573312307241904E-07
  7.0337844952251565E-07
  7.0969365885315915E-07
  7.1498818989859054E-07
  7.1948209538149179E-07
  7.2333618038115220E-07
  7.2667071405922754E-07
  7.2957746885197927E-07
  7.3212770755743225E-07
  7.3437762510034498E-07
  7.3637214204694374E-07
  5.7815390413376588E-07
  5.7563328349137956E-07
  5.7319884059263306E-07
  5.7084661992072463E-07
  5.6857292793119583E-07
  5.6637431152771495E-07
  1.9235597758550589E-09
  1.9489201414166259E-09
  1.9748734066864099E-09
  2.0014392927717830E-09
  2.0286383743930860E-09
  2.0564921256267697E-09
  2.0850229685662653E-09
  2.1142543251598832E-09
  2.1442106724362730E-09
  2.1749176013843193E-09
  2.2064018797771202E-09
  2.2386915192465179E-09
  2.2718158469472528E-09
  2.3058055821604672E-09
  2.3406929182705799E-09
  2.3765116105341275E-09
  2.4132970701054419E-09
  2.4510864648832645E-09
  2.4899188277387487E-09
  2.5298351727278889E-09
  2.5708786200550275E-09
  2.6130945304615997E-09
  2.6565306499812721E-09
  2.7012372659122410E-09
  2.7472673750832133E-09
  2.7946768655275809E-09
  2.8435247128221167E-09
  2.8938731925140360E-09
 -7.9149112808618377E-07
 -5.6156180028102507E-07
 -3.7614504322625172E-07
 -2.2419410531549956E-07
 -9.7988843802627276E-08
  8.0436254706664885E-09
  9.8010333570664366E-08
  1.7500322524359542E-07
  2.4139163235040272E-07
  2.9901949475198098E-07
  3.4934160619632575E-07
  3.9351976299509751E-07
  4.3249191063174176E-07
  4.6702271818154809E-07
  4.9774113444092548E-07
  5.2516866186347703E-07
  5.4974090916236167E-07
  5.7182420809772199E-07
  5.9172928235302820E-07
  6.0971851713250708E-07
  6.2601843618807729E-07
  6.4082321497245291E-07
  6.5430063466759135E-07
  6.6659631321295591E-07
  6.7783716344571310E-07
  6.8813423728505753E-07
  6.9758507883451812E-07
  7.0627568217619757E-07
  7.1428212904190384E-07
  7.2167196583851535E-07
  7.2850536737100401E-07
  7.3483612523058461E-07
  7.4071249146834014E-07
  7.4617790243609506E-07
  7.5127160313411255E-07
  7.5602918882754891E-07
  7.6048307784422480E-07
  7.6466292722404185E-07
  7.6859600110936311E-07
  7.7230750038159406E-07
  7.7582086098569660E-07
  7.7915802760970785E-07
  7.8233970885479775E-07
  7.8538561975174699E-07
  7.8831471743558061E-07
  7.9114543601968081E-07
  7.9389593311599026E-07
  7.9658431446414873E-07
  7.9922900343710201E-07
  8.0184877177849664E-07
  8.0446365270924245E-07
  8.0709471478610339E-07
  8.0976499431999383E-07
  8.1249998024287334E-07
  8.1532843199937961E-07
  8.1828340637704244E-07
  8.2140360497020650E-07
  8.2473517532086215E-07
  8.2833416436836671E-07
  8.3226992737723388E-07
  8.3662996660257736E-07
  8.4152696200667619E-07
  8.4710925779748101E-07
  8.5357697438948500E-07
  8.6120762393153690E-07
  8.7039849505363064E-07
  8.8174019740444572E-07
  8.9615183982752651E-07
  9.1514790546902010E-07
  9.4141555587857899E-07
  9.8022498268151990E-07
  1.0435193775571405E-06
  1.1653768052407883E-06
  1.4975902656277781E-06
  6.0364986912853469E-06
 -2.0493759231478850E-07
  3.3013846187978860E-07
  4.8863587861571713E-07
  5.6458514339701235E-07
  6.0912112313054291E-07
  6.3836787420068215E-07
  6.5902355187840583E-07
  6.7437020556536132E-07
  6.8620548516280035E-07
  6.9559672744631664E-07
  7.0321773284687090E-07
  7.0951490948630335E-07
  7.1479579349128325E-07
  7.1927920015880468E-07
  7.2312510204085432E-07
  7.2645319176366530E-07
  7.2935483245248204E-07
  7.3190098995722687E-07
  7.3414763963568786E-07
  7.3613953694020624E-07
  5.7791449367638224E-07
  5.7539299469407386E-07
  5.7295774081750228E-07
  5.7060477112574578E-07
  5.6833038716216830E-07
  5.6613113135842954E-07
  1.9235069802412384E-09
  1.9488662142559940E-09
  1.9748183105832886E-09
  2.0013829886852711E-09
  2.0285808215497448E-09
  2.0564332814179169E-09
  2.0849627884506117E-09
  2.1141927625536066E-09
  2.1441476785952797E-09
  2.1748531252785307E-09
  2.2063358679583719E-09
  2.2386239157079173E-09
  2.2717465929610866E-09
  2.3057346161266721E-09
  2.3406201755329568E-09
  2.3764370231878115E-09
  2.4132205668050715E-09
  2.4510079706154026E-09
  2.4898382635903814E-09
  2.5297524556396775E-09
  2.5707936625330724E-09
  2.6130072403011897E-09
  2.6564409299367110E-09
  2.7011450133618244E-09
  2.7471724816498601E-09
  2.7945792166809787E-09
  2.8434241874491867E-09
  2.8937696624313698E-09
 -7.9471801607877122E-07
 -5.6422838256800692E-07
 -3.7839339204415139E-07
 -2.2612261382144346E-07
 -9.9667746570163150E-08
  6.5629234414037341E-09
  9.6689392836625419E-08
  1.7381276565663700E-07
  2.4030898876177378E-07
  2.9802687257865655E-07
  3.4842485847823468E-07
  3.9266751603584842E-07
  4.3169492784792345E-07
  4.6627342996152041E-07
  4.9703328577348730E-07
  5.2449704483604893E-07
  5.4910115753283119E-07
  5.7121263785382766E-07
  5.9114276974623674E-07
  6.0915439086891039E-07
  6.2547440777303308E-07
  6.4029731239286280E-07
  6.5379115122295397E-07
  6.6610176586156879E-07
  6.7735625868956423E-07
  6.8766584307432997E-07
  6.9712820131375369E-07
  7.0582944634480812E-07
  7.1384576260788509E-07
  7.2124478568307639E-07
  7.2808676817050236E-07
  7.3442556986446606E-07
  7.4030950292091919E-07
  7.4578205695296166E-07
  7.5088252444189583E-07
  7.5564654326036816E-07
  7.6010657025747752E-07
  7.6429229759103052E-07
  7.6823102172628553E-07
  7.7194797362178776E-07
  7.7546661756093122E-07
  7.7880892531107257E-07
  7.8199563176404852E-07
  7.8504647792577804E-07
  7.8798044708755369E-07
  7.9081600023877830E-07
  7.9357132303534834E-07
  7.9626455178818613E-07
  7.9891414391299579E-07
  8.0153890466692511E-07
  8.0415891266966064E-07
  8.0679528454521075E-07
  8.0947111439334058E-07
  8.1221196075527769E-07
  8.1504666818611995E-07
  8.1800839923308708E-07
  8.2113598904659111E-07
  8.2447575662652914E-07
  8.2808397283966423E-07
  8.3203029081367934E-07
  8.3640261695042699E-07
  8.4131419175746749E-07
  8.4691415632929040E-07
  8.5340379634079646E-07
  8.6106238442792086E-07
  8.7028997358389200E-07
  8.8168171990798505E-07
  8.9616464725569571E-07
  9.1526804260538255E-07
  9.4170946917595051E-07
  9.8083004598713731E-07
  1.0447722335298728E-06
  1.1683707245227890E-06
  1.5086757347988104E-06
  6.7081739885313883E-06
 -1.8491017741672283E-07
  3.3410256629681178E-07
  4.9012477389570955E-07
  5.6526429205321058E-07
  6.0943980473246244E-07
  6.3849616031508382E-07
  6.5903967508581872E-07
  6.7431506721856146E-07
  6.8610250462498396E-07
  6.9546025855685173E-07
  7.0305705094926606E-07
  7.0933626714581236E-07
  7.1460355387761833E-07
  7.1907649686771654E-07
  7.2291424094947892E-07
  7.2623590527267647E-07
  7.2913244565036375E-07
  7.3167453232589112E-07
  7.3391792201154260E-07
  7.3590720569170140E-07
  5.7767533580870025E-07
  5.7515295805030301E-07
  5.7271689281487165E-07
  5.7036317377061163E-07
  5.6808809754281178E-07
  5.6588820208596393E-07
  1.9234541873241446E-09
  1.9488122898747459E-09
  1.9747632173466831E-09
  2.0013266875543298E-09
  2.0285232717545359E-09
  2.0563744403528636E-09
  2.0849026115820313E-09
  2.1141312033012580E-09
  2.1440846882198663E-09
  2.1747886527549011E-09
  2.2062698598455181E-09
  2.2385563160024776E-09
  2.2716773429451310E-09
  2.3056636542025879E-09
  2.3405474370510944E-09
  2.3763624402541967E-09
  2.4131440680780863E-09
  2.4509294810970703E-09
  2.4897577043731657E-09
  2.5296697436697790E-09
  2.5707087103312382E-09
  2.6129199556716744E-09
  2.6563512156456136E-09
  2.7010527667978598E-09
  2.7470775944507328E-09
  2.7944815743337380E-09
  2.8433236688486825E-09
  2.8936661394171398E-09
 -7.9795166356158922E-07
 -5.6689985094722499E-07
 -3.8064534441133387E-07
 -2.2805381982131837E-07
 -1.0134868966117740E-07
  5.0806682944628822E-09
  9.5367267034320106E-08
  1.7262140358615074E-07
  2.3922566275220734E-07
  2.9703374151326890E-07
  3.4750774021769686E-07
  3.9181500993500534E-07
  4.3089777642328953E-07
  4.6552404722244178E-07
  4.9632540373656190E-07
  5.2382544522809893E-07
  5.4846146576724985E-07
  5.7060116315389485E-07
  5.9055638284346341E-07
  6.0859041591735102E-07
  6.2493055252374230E-07
  6.3977160171225243E-07
  6.5328187580876713E-07
  6.6560744049093523E-07
  6.7687558803023367E-07
  6.8719769352855953E-07
  6.9667157771529397E-07
  7.0538347258388885E-07
  7.1340966544995273E-07
  7.2081788120971965E-07
  7.2766845037941871E-07
  7.3401530106108823E-07
  7.3990680560599428E-07
  7.4538650696774410E-07
  7.5049374517767291E-07
  7.5526420078038325E-07
  7.5973036920168771E-07
  7.6392197777045333E-07
  7.6786635532451115E-07
  7.7158876294774712E-07
  7.7511269330883222E-07
  7.7846014530316431E-07
  7.8165188016293103E-07
  7.8470766492253825E-07
  7.8764650908835806E-07
  7.9048690059136644E-07
  7.9324705320304713E-07
  7.9594513390745922E-07
  7.9859963429298966E-07
  8.0122939313655712E-07
  8.0385453472919062E-07
  8.0649622392459828E-07
  8.0917761284787259E-07
  8.1192432995748982E-07
  8.1476530531799507E-07
  8.1773380776154186E-07
  8.2086880669157993E-07
  8.2421679351308186E-07
  8.2783426432725566E-07
  8.3179117195779741E-07
  8.3617582960792658E-07
  8.4110204223091450E-07
  8.4671975373818070E-07
  8.5323142437052864E-07
  8.6091810245880228E-07
  8.7018263133661782E-07
  8.8162476048324202E-07
  8.9617951962448131E-07
  9.1539119134650474E-07
  9.4200819415947250E-07
  9.8144382848962633E-07
  1.0460441839522314E-06
  1.1714226981331928E-06
  1.5201326793068476E-06
  7.5772471511304572E-06
 -1.6569512184112240E-07
  3.3798933088501192E-07
  4.9159335594151165E-07
  5.6593566204587820E-07
  6.0975489373709181E-07
  6.3862261503343313E-07
  6.5905482558539368E-07
  6.7425941994573633E-07
  6.8599928523674002E-07
  6.9532371738501194E-07
  7.0289640424939853E-07
  7.0915773192335666E-07
  7.1441147095369641E-07
  7.1887398528142710E-07
  7.2270359680462063E-07
  7.2601885423422241E-07
  7.2891030806145842E-07
  7.3144833425797616E-07
  7.3368847180927694E-07
  7.3567514787413965E-07
  5.7743643015802732E-07
  5.7491317318710198E-07
  5.7247629621155316E-07
  5.7012182748195352E-07
  5.6784605869961172E-07
  5.6564552333668585E-07
  1.9234013971025805E-09
  1.9487583682708176E-09
  1.9747081269725577E-09
  2.0012703893769588E-09
  2.0284657250048237E-09
  2.0563156024352557E-09
  2.0848424379623222E-09
  2.1140696474042831E-09
  2.1440217013123307E-09
  2.1747241838170871E-09
  2.2062038554398152E-09
  2.2384887201291840E-09
  2.2716080968964556E-09
  2.3055926963866378E-09
  2.3404747028263977E-09
  2.3762878617349698E-09
  2.4130675739304123E-09
  2.4508509963235668E-09
  2.4896771500851917E-09
  2.5295870368177276E-09
  2.5706237634492250E-09
  2.6128326765697667E-09
  2.6562615071064056E-09
  2.7009605262198163E-09
  2.7469827134860636E-09
  2.7943839384828029E-09
  2.8432231570247013E-09
  2.8935626234719961E-09
 -8.0119209668171114E-07
 -5.6957622333797383E-07
 -3.8290091306360180E-07
 -2.2998773266295732E-07
 -1.0303168010836881E-07
  3.5968546107861166E-09
  9.4043951887174632E-08
  1.7142913559240450E-07
  2.3814165150539570E-07
  2.9604009919516421E-07
  3.4659024941176202E-07
  3.9096224296694749E-07
  4.3010045485219124E-07
  4.6477456862754140E-07
  4.9561748712980322E-07
  5.2315386194991584E-07
  5.4782183286943154E-07
  5.6998978307268818E-07
  5.8997012078274494E-07
  6.0802659146508159E-07
  6.2438686966940328E-07
  6.3924608219824408E-07
  6.5277280772337382E-07
  6.6511333642578396E-07
  6.7639515081466398E-07
  6.8672978801357993E-07
  6.9621520742307390E-07
  7.0493776029182242E-07
  7.1297383697992697E-07
  7.2039125184200458E-07
  7.2725041343186443E-07
  7.3360531826474732E-07
  7.3950439897720152E-07
  7.4499125194205553E-07
  7.5010526481216384E-07
  7.5488216086512456E-07
  7.5935447416195345E-07
  7.6355196725442638E-07
  7.6750200140359809E-07
  7.7122986786600685E-07
  7.7475908774381077E-07
  7.7811168710815843E-07
  7.8130845358194499E-07
  7.8436918028176008E-07
  7.8731290298771164E-07
  7.9015813663832386E-07
  7.9292312319238319E-07
  7.9562606040963248E-07
  7.9828547418237612E-07
  8.0092023681188485E-07
  8.0355051853453866E-07
  8.0619753259910402E-07
  8.0888448939215133E-07
  8.1163708759823560E-07
  8.1448434319590332E-07
  8.1745963182722709E-07
  8.2060205785296173E-07
  8.2395828603232209E-07
  8.2758503902068822E-07
  8.3155257119341236E-07
  8.3594960521142108E-07
  8.4089051442174688E-07
  8.4652605153573703E-07
  8.5305986075282543E-07
  8.6077478146942564E-07
  8.7007647362266296E-07
  8.8156932762444536E-07
  8.9619647120490722E-07
  9.1551737738436555E-07
  9.4231178188228363E-07
  9.8206644787840856E-07
  1.0473355721137341E-06
  1.1745342600671919E-06
  1.5319795591435486E-06
  8.7456749843002595E-06
 -1.4724462927387397E-07
  3.4180086149951434E-07
  4.9304198081700627E-07
  5.6659935376430270E-07
  6.1006642711023612E-07
  6.3874725431901539E-07
  6.5906901099068518E-07
  6.7420326759456211E-07
  6.8589582896989230E-07
  6.9518710490458433E-07
  7.0273579316650337E-07
  7.0897930391020678E-07
  7.1421954461486443E-07
  7.1867166517465144E-07
  7.2249316930406478E-07
  7.2580203829723115E-07
  7.2868841930190375E-07
  7.3122239534941010E-07
  7.3345928861117934E-07
  7.3544336306136356E-07
  5.7719777635241837E-07
  5.7467363973225243E-07
  5.7223595063510633E-07
  5.6988073188715025E-07
  5.6760427025980036E-07
  5.6540309473771024E-07
  1.9233486095744762E-09
  1.9487044494460362E-09
  1.9746530394617502E-09
  2.0012140941532972E-09
  2.0284081813038043E-09
  2.0562567676613164E-09
  2.0847822675867947E-09
  2.1140080948608692E-09
  2.1439587178680063E-09
  2.1746597184591784E-09
  2.2061378547394593E-09
  2.2384211280924678E-09
  2.2715388548160216E-09
  2.3055217426812505E-09
  2.3404019728581900E-09
  2.3762132876268688E-09
  2.4129910843568929E-09
  2.4507725162977280E-09
  2.4895966007231014E-09
  2.5295043350845076E-09
  2.5705388218845137E-09
  2.6127454029985904E-09
  2.6561718043177836E-09
  2.7008682916273844E-09
  2.7468878387560843E-09
  2.7942863091280166E-09
  2.8431226519736976E-09
  2.8934591145906440E-09
 -8.0443934170281697E-07
 -5.7225751772322951E-07
 -3.8516011078321946E-07
 -2.3192436170362341E-07
 -1.0471672495696769E-07
  2.1114769347491028E-09
  9.2719443101911448E-08
  1.7023595822149570E-07
  2.3705695218346118E-07
  2.9504594326698165E-07
  3.4567238406108909E-07
  3.9010921340621656E-07
  4.2930296162561738E-07
  4.6402499284001798E-07
  4.9490953475589726E-07
  5.2248229391546020E-07
  5.4718225784254498E-07
  5.6937849668721459E-07
  5.8938398270229412E-07
  6.0746291670285328E-07
  6.2384335844337380E-07
  6.3872075311831454E-07
  6.5226394626484281E-07
  6.6461945299110267E-07
  6.7591494639022190E-07
  6.8626212589618853E-07
  6.9575908982145309E-07
  7.0449230886818276E-07
  7.1253827661068481E-07
  7.1996489700447776E-07
  7.2683265676413791E-07
  7.3319562092105338E-07
  7.3910228248890770E-07
  7.4459629133926859E-07
  7.4971708281581335E-07
  7.5450042299327761E-07
  7.5897888462410829E-07
  7.6318226553644608E-07
  7.6713795946385989E-07
  7.7087128788454595E-07
  7.7440580038122245E-07
  7.7776355024943491E-07
  7.8096535155276820E-07
  7.8403102354418354E-07
  7.8697962833636657E-07
  7.8982970794146581E-07
  7.9259953257759456E-07
  7.9530733088398894E-07
  7.9797166318765956E-07
  8.0061143531789410E-07
  8.0324686373377548E-07
  8.0589921024465062E-07
  8.0859174373511680E-07
  8.1135023343046116E-07
  8.1420378162277656E-07
  8.1718587129741897E-07
  8.2033574247789139E-07
  8.2370023424484138E-07
  8.2733629712428044E-07
  8.3131448891015154E-07
  8.3572394441393879E-07
  8.4067960934248644E-07
  8.4633305124824364E-07
  8.5288910779466672E-07
  8.6063242494510640E-07
  8.6997150583746424E-07
  8.8151542994035989E-07
  8.9621551644350629E-07
  9.1564662672959407E-07
  9.4262028417337343E-07
  9.8269802394366295E-07
  1.0486467497965278E-06
  1.1777069986785504E-06
  1.5442360799689183E-06
  1.0400231990040773E-05
 -1.2951457779580305E-07
  3.4553918826809093E-07
  4.9447099625611896E-07
  5.6725546593541477E-07
  6.1037444134528625E-07
  6.3887009401109473E-07
  6.5908223884219715E-07
  6.7414661396355412E-07
  6.8579213776790866E-07
  6.9505042208369508E-07
  7.0257521811245988E-07
  7.0880098319720109E-07
  7.1402777475996338E-07
  7.1846953632284101E-07
  7.2228295814587630E-07
  7.2558545710965494E-07
  7.2846677898919046E-07
  7.3099671519672141E-07
  7.3323037200054579E-07
  7.3521185082798526E-07
  5.7695937402067211E-07
  5.7443435731428032E-07
  5.7199585571383425E-07
  5.6963988661432385E-07
  5.6736273185135353E-07
  5.6516091591689527E-07
  1.9232958247421336E-09
  1.9486505333957191E-09
  1.9745979548142862E-09
  2.0011578018818651E-09
  2.0283506406489628E-09
  2.0561979360316390E-09
  2.0847221004609221E-09
  2.1139465456698843E-09
  2.1438957378903334E-09
  2.1745952566844329E-09
  2.2060718577421287E-09
  2.2383535398873461E-09
  2.2714696167051392E-09
  2.3054507930845103E-09
  2.3403292471474860E-09
  2.3761387179300600E-09
  2.4129145993596476E-09
  2.4506940410206620E-09
  2.4895160562884990E-09
  2.5294216384656027E-09
  2.5704538856359780E-09
  2.6126581349545266E-09
  2.6560821072809340E-09
  2.7007760630218443E-09
  2.7467929702593265E-09
  2.7941886862684534E-09
  2.8430221536940846E-09
  2.8933556127783629E-09
 -8.0769342502806801E-07
 -5.7494375217599628E-07
 -3.8742295039929506E-07
 -2.3386371635330537E-07
 -1.0640383129068146E-07
  6.2452982106215547E-10
  9.1393736377772909E-08
  1.6904186801173885E-07
  2.3597156195551459E-07
  2.9405127136399919E-07
  3.4475414215717480E-07
  3.8925591952615310E-07
  4.2850529523574366E-07
  4.6327531852437842E-07
  4.9420154541619002E-07
  5.2181074003746450E-07
  5.4654273968746507E-07
  5.6876730307570742E-07
  5.8879796773970023E-07
  6.0689939081869967E-07
  6.2330001807722546E-07
  6.3819561374077569E-07
  6.5175529073296902E-07
  6.6412578951172985E-07
  6.7543497410457897E-07
  6.8579470654502136E-07
  6.9530322429447914E-07
  7.0404711771272749E-07
  7.1210298375509816E-07
  7.1953881612310781E-07
  7.2641517981237728E-07
  7.3278620847623617E-07
  7.3870045559654887E-07
  7.4420162462329107E-07
  7.4932919866088666E-07
  7.5411898664412679E-07
  7.5860360007485290E-07
  7.6281287211045249E-07
  7.6677422900691604E-07
  7.7051302251211547E-07
  7.7405283073738593E-07
  7.7741573425098313E-07
  7.8062257360805639E-07
  7.8369319425163072E-07
  7.8664668468607737E-07
  7.8950161406380059E-07
  7.9227628093398051E-07
  7.9498894492042341E-07
  7.9765820091645280E-07
  8.0030298828083740E-07
  8.0294356997718765E-07
  8.0560125653854658E-07
  8.0829937558866049E-07
  8.1106376720548481E-07
  8.1392362040266387E-07
  8.1691252604185346E-07
  8.2006986052358275E-07
  8.2344263820789726E-07
  8.2708803883657877E-07
  8.3107692549590774E-07
  8.3549884786261415E-07
  8.4046932800873667E-07
  8.4614075442138445E-07
  8.5271916780227474E-07
  8.6049103639030404E-07
  8.6986773340307733E-07
  8.8146307613179922E-07
  8.9623666994048601E-07
  9.1577896573958493E-07
  9.4293375365287801E-07
  9.8333867885549426E-07
  1.0499780774465855E-06
  1.1809425602487861E-06
  1.5569232976109771E-06
  1.2923870434304720E-05
 -1.1246417609868839E-07
  3.4920626932718363E-07
  4.9588074218539583E-07
  5.6790409559584144E-07
  6.1067897252756874E-07
  6.3899114973220082E-07
  6.5909451662424145E-07
  6.7408946283805369E-07
  6.8568821357786776E-07
  6.9491366987882595E-07
  7.0241467950061154E-07
  7.0862276987724734E-07
  7.1383616128164601E-07
  7.1826759850130889E-07
  7.2207296302896663E-07
  7.2536911032283606E-07
  7.2824538674144718E-07
  7.3077129339761537E-07
  7.3300172156157883E-07
  7.3498061074963943E-07
  5.7672122279233148E-07
  5.7419532556245510E-07
  5.7175601107678360E-07
  5.6939929129234027E-07
  5.6712144310299074E-07
  5.6491898650284262E-07
  1.9232430426041229E-09
  1.9485966201241978E-09
  1.9745428730311209E-09
  2.0011015125645386E-09
  2.0282931030402614E-09
  2.0561391075464763E-09
  2.0846619365811638E-09
  2.1138849998337533E-09
  2.1438327613772135E-09
  2.1745307984937738E-09
  2.2060058644503902E-09
  2.2382859555160399E-09
  2.2714003825594580E-09
  2.3053798475968154E-09
  2.3402565256939455E-09
  2.3760641526439776E-09
  2.4128381189355927E-09
  2.4506155704878900E-09
  2.4894355167793122E-09
  2.5293389469665471E-09
  2.5703689547049262E-09
  2.6125708724386002E-09
  2.6559924159937282E-09
  2.7006838403997528E-09
  2.7466981079948183E-09
  2.7940910699043972E-09
  2.8429216621870625E-09
  2.8932521180307878E-09
 -8.1096400462352575E-07
 -5.7763494482489702E-07
 -3.8968944479504067E-07
 -2.3580580604287779E-07
 -1.0809300620608313E-07
 -8.6399220455083124E-10
  9.0066827403752061E-08
  1.6784686149421070E-07
  2.3488547797704495E-07
  2.9305608111410797E-07
  3.4383552169238124E-07
  3.8840235959994792E-07
  4.2770745416914235E-07
  4.6252554434413867E-07
  4.9349351791065752E-07
  5.2113919922796799E-07
  5.4590327740905165E-07
  5.6815620131459318E-07
  5.8821207503471682E-07
  6.0633601300412484E-07
  6.2275684780333584E-07
  6.3767066333501819E-07
  6.5124684042715870E-07
  6.6363234531404245E-07
  6.7495523330766960E-07
  6.8532752932824014E-07
  6.9484761022856519E-07
  7.0360218622654914E-07
  7.1166795782864282E-07
  7.1911300862431367E-07
  7.2599798201368117E-07
  7.3237708037758648E-07
  7.3829891775648828E-07
  7.4380725125844809E-07
  7.4894161181991540E-07
  7.5373785129839325E-07
  7.5822862000248313E-07
  7.6244378647158550E-07
  7.6641080953489783E-07
  7.7015507125825380E-07
  7.7370017832942436E-07
  7.7706823863825449E-07
  7.8028011928156450E-07
  7.8335569194681669E-07
  7.8631407158969343E-07
  7.8917385456929447E-07
  7.9195336783799450E-07
  7.9467090211019729E-07
  7.9734508697826201E-07
  7.9999489532852890E-07
  8.0264063691479979E-07
  8.0530367115967717E-07
  8.0800738466561250E-07
  8.1077768867870282E-07
  8.1364385934373602E-07
  8.1663959593277862E-07
  8.1980441194306063E-07
  8.2318549798930698E-07
  8.2684026436683580E-07
  8.3083988135444103E-07
  8.3527431622439361E-07
  8.4025967144854752E-07
  8.4594916260436262E-07
  8.5255004312352138E-07
  8.6035061936450598E-07
  8.6976516181403282E-07
  8.8141227496888223E-07
  8.9625994648439747E-07
  9.1591442113408775E-07
  9.4325224377840889E-07
  9.8398853706593733E-07
  1.0513299245352635E-06
  1.1842426502790933E-06
  1.5700637398167535E-06
  1.7245005730110751E-05
 -9.6055654518738950E-08
  3.5280399375544938E-07
  4.9727155082634185E-07
  5.6854533827716344E-07
  6.1098005620686559E-07
  6.3911043697278611E-07
  6.5910585175841976E-07
  6.7403181797206616E-07
  6.8558405832438019E-07
  6.9477684924958290E-07
  7.0225417774047741E-07
  7.0844466404008963E-07
  7.1364470407934189E-07
  7.1806585148597981E-07
  7.2186318365442399E-07
  7.2515299758716506E-07
  7.2802424217814237E-07
  7.3054612955058410E-07
  7.3277333687939156E-07
  7.3474964240298197E-07
  5.7648332229767995E-07
  5.7395654410678687E-07
  5.7151641635374149E-07
  5.6915894555080502E-07
  5.6688040364417119E-07
  5.6467730612489386E-07
  1.9231902631595406E-09
  1.9485427096288795E-09
  1.9744877941099570E-09
  2.0010452261996038E-09
  2.0282355684786485E-09
  2.0560802822066542E-09
  2.0846017759469640E-09
  2.1138234573510601E-09
  2.1437697883291179E-09
  2.1744663438832284E-09
  2.2059398748626077E-09
  2.2382183749766285E-09
  2.2713311523798865E-09
  2.3053089062164751E-09
  2.3401838084945858E-09
  2.3759895917722674E-09
  2.4127616430869025E-09
  2.4505371047021405E-09
  2.4893549821982525E-09
  2.5292562605809355E-09
  2.5702840290891715E-09
  2.6124836154503954E-09
  2.6559027304545360E-09
  2.7005916237643727E-09
  2.7466032519637195E-09
  2.7939934600331686E-09
  2.8428211774512727E-09
  2.8931486303462805E-09
 -8.1423162313063134E-07
 -5.8033111389812923E-07
 -3.9195960688006239E-07
 -2.3775064022870510E-07
 -1.0978425682109961E-07
 -2.3540946277873554E-09
  8.8738711852180547E-08
  1.6665093520204624E-07
  2.3379869740627758E-07
  2.9206037014493311E-07
  3.4291652065865460E-07
  3.8754853189221566E-07
  4.2690943691836490E-07
  4.6177566895839550E-07
  4.9278545104047920E-07
  5.2046767039810228E-07
  5.4526387000989293E-07
  5.6754519048238314E-07
  5.8762630372673956E-07
  6.0577278244783493E-07
  6.2221384685646337E-07
  6.3714590117053353E-07
  6.5073859464786437E-07
  6.6313911972488230E-07
  6.7447572334787218E-07
  6.8486059361482965E-07
  6.9439224701034758E-07
  7.0315751381138031E-07
  7.1123319824566635E-07
  7.1868747393504092E-07
  7.2558106280643964E-07
  7.3196823607328001E-07
  7.3789766842595103E-07
  7.4341317071097539E-07
  7.4855432176660941E-07
  7.5335701643743470E-07
  7.5785394389529231E-07
  7.6207500811586506E-07
  7.6604770055092926E-07
  7.6979743363359920E-07
  7.7334784267570654E-07
  7.7672106293705547E-07
  7.7993798810772426E-07
  7.8301851617349754E-07
  7.8598178860105138E-07
  7.8884642902299296E-07
  7.9163079286722512E-07
  7.9435320204571504E-07
  7.9703232098309617E-07
  7.9968715609003912E-07
  8.0233806419925321E-07
  8.0500645378890037E-07
  8.0771577068059515E-07
  8.1049199760675733E-07
  8.1336449825391441E-07
  8.1636708084726847E-07
  8.1953939669805131E-07
  8.2292881365702864E-07
  8.2659297392677568E-07
  8.3060335689161233E-07
  8.3505035016490646E-07
  8.4005064070241446E-07
  8.4575827737514461E-07
  8.5238173611998953E-07
  8.6021117743261999E-07
  8.6966379661062825E-07
  8.8136303533987895E-07
  8.9628536104654080E-07
  9.1605301999097767E-07
  9.4357580883090128E-07
  9.8464772546717496E-07
  1.0527026697464856E-06
  1.1876090375810086E-06
  1.5836815320318240E-06
  2.6345760327929590E-05
 -8.0253987394634931E-08
  3.5633418469625558E-07
  4.9864374691537025E-07
  5.6917928788967865E-07
  6.1127772752098833E-07
  6.3922797105021813E-07
  6.5911625159345918E-07
  6.7397368308270140E-07
  6.8547967391973177E-07
  6.9463996114618846E-07
  7.0209371323945926E-07
  7.0826666577359937E-07
  7.1345340304845778E-07
  7.1786429505436831E-07
  7.2165361972163915E-07
  7.2493711855443485E-07
  7.2780334491937284E-07
  7.3032122325509999E-07
  7.3254521754007085E-07
  7.3451894536548490E-07
  5.7624567216774054E-07
  5.7371801257802515E-07
  5.7127707117523416E-07
  5.6891884902006329E-07
  5.6663961310509362E-07
  5.6443587441312990E-07
  1.9231374864109810E-09
  1.9484888019109562E-09
  1.9744327180507624E-09
  2.0009889427852362E-09
  2.0281780369627598E-09
  2.0560214600104651E-09
  2.0845416185596603E-09
  2.1137619182202732E-09
  2.1437068187471470E-09
  2.1744018928549144E-09
  2.2058738889785611E-09
  2.2381507982683247E-09
  2.2712619261681859E-09
  2.3052379689436056E-09
  2.3401110955513226E-09
  2.3759150353095377E-09
  2.4126851718143004E-09
  2.4504586436632318E-09
  2.4892744525423555E-09
  2.5291735793130303E-09
  2.5701991087909135E-09
  2.6123963639875636E-09
  2.6558130506659742E-09
  2.7004994131104956E-09
  2.7465084021617118E-09
  2.7938958566552710E-09
  2.8427206994861642E-09
  2.8930451497278830E-09
 -8.1750615708935711E-07
 -5.8303227766284018E-07
 -3.9423344963939835E-07
 -2.3969822840442291E-07
 -1.1147759027519892E-07
 -3.8457829493250103E-09
  8.7409385396901063E-08
  1.6545408564621063E-07
  2.3271121738820139E-07
  2.9106413608028748E-07
  3.4199713703694192E-07
  3.8669443467529249E-07
  4.2611124196632790E-07
  4.6102569103086485E-07
  4.9207734360364946E-07
  5.1979615246000443E-07
  5.4462451649233529E-07
  5.6693426965607195E-07
  5.8704065295425305E-07
  6.0520969834201980E-07
  6.2167101446933165E-07
  6.3662132651780727E-07
  6.5023055269642955E-07
  6.6264611207226303E-07
  6.7399644357637272E-07
  6.8439389877538143E-07
  6.9393713402712841E-07
  7.0271309986986296E-07
  7.1079870442287082E-07
  7.1826221148359398E-07
  7.2516442162946625E-07
  7.3155967501187440E-07
  7.3749670706298892E-07
  7.4301938244722718E-07
  7.4816732797585612E-07
  7.5297648154324411E-07
  7.5747957124297009E-07
  7.6170653654003839E-07
  7.6568490155958501E-07
  7.6944010914972028E-07
  7.7299582329524460E-07
  7.7637420667486876E-07
  7.7959617962225637E-07
  7.8268166647655177E-07
  7.8564983527501803E-07
  7.8851933699108286E-07
  7.9130855560013593E-07
  7.9403584432071330E-07
  7.9671990254218941E-07
  7.9937977019549564E-07
  8.0203585148455963E-07
  8.0470960410761130E-07
  8.0742453335038994E-07
  8.1020669374885984E-07
  8.1308553694513603E-07
  8.1609498066018162E-07
  8.1927481474905204E-07
  8.2267258528272059E-07
  8.2634616773380032E-07
  8.3036735251414007E-07
  8.3482695036372925E-07
  8.3984223682161486E-07
  8.4556810032232643E-07
  8.5221424917561395E-07
  8.6007271422251592E-07
  8.6956364338866027E-07
  8.8131536620440300E-07
  8.9631292875152140E-07
  9.1619478975215653E-07
  9.4390450396119764E-07
  9.8531637329321984E-07
  1.0540967014125804E-06
  1.1910435560176265E-06
  1.5978025451649351E-06
  5.7966260287500233E-05
 -6.5026654004751887E-08
  3.5979860245586153E-07
  4.9999764780731167E-07
  5.6980603680835606E-07
  6.1157202112468160E-07
  6.3934376713961794E-07
  6.5912572342502355E-07
  6.7391506186681404E-07
  6.8537506226957522E-07
  6.9450300651124746E-07
  7.0193328640288005E-07
  7.0808877516786413E-07
  7.1326225808469684E-07
  7.1766292898293389E-07
  7.2144427093214341E-07
  7.2472147287742077E-07
  7.2758269458589792E-07
  7.3009657411160789E-07
  7.3231736313065753E-07
  7.3428851921558330E-07
  5.7600827203427425E-07
  5.7347973060765683E-07
  5.7103797517252518E-07
  5.6867900133119752E-07
  5.6639907111669362E-07
  5.6419469099836834E-07
  1.9230847123551487E-09
  1.9484348969679541E-09
  1.9743776448550152E-09
  2.0009326623252174E-09
  2.0281205084926170E-09
  2.0559626409568380E-09
  2.0844814644164014E-09
  2.1137003824428446E-09
  2.1436438526290879E-09
  2.1743374454063962E-09
  2.2058079067992861E-09
  2.2380832253947120E-09
  2.2711927039226633E-09
  2.3051670357778702E-09
  2.3400383868635344E-09
  2.3758404832565133E-09
  2.4126087051124605E-09
  2.4503801873674739E-09
  2.4891939278145037E-09
  2.5290909031605867E-09
  2.5701141938066333E-09
  2.6123091180512422E-09
  2.6557233766256372E-09
  2.7004072084397905E-09
  2.7464135585931982E-09
  2.7937982597726251E-09
  2.8426202282908664E-09
  2.8929416761718844E-09
 -8.2078763335036583E-07
 -5.8573845448651932E-07
 -3.9651098607799233E-07
 -2.4164858010659622E-07
 -1.1317301372949916E-07
 -5.3390626885165601E-09
  8.6078843695013058E-08
  1.6425630934527802E-07
  2.3162303507028447E-07
  2.9006737654373577E-07
  3.4107736881679627E-07
  3.8584006620942937E-07
  4.2531286780111006E-07
  4.6027560921900762E-07
  4.9136919440317522E-07
  5.1912464432650353E-07
  5.4398521585966374E-07
  5.6632343791268550E-07
  5.8645512185732901E-07
  6.0464675987727541E-07
  6.2112834987712008E-07
  6.3609693864764102E-07
  6.4972271387472321E-07
  6.6215332168392253E-07
  6.7351739334432004E-07
  6.8392744418050744E-07
  6.9348227066678927E-07
  7.0226894380540607E-07
  7.1036447577644365E-07
  7.1783722069889732E-07
  7.2474805792264289E-07
  7.3115139664355315E-07
  7.3709603312667654E-07
  7.4262588593437017E-07
  7.4778062992291058E-07
  7.5259624609924531E-07
  7.5710550153653054E-07
  7.6133837124213494E-07
  7.6532241206579497E-07
  7.6908309731911687E-07
  7.7264411970831635E-07
  7.7602766937943271E-07
  7.7925469336164492E-07
  7.8234514240174219E-07
  7.8531821116749464E-07
  7.8819257804069824E-07
  7.9098665561661913E-07
  7.9371882852966963E-07
  7.9640783126862553E-07
  7.9907273727687643E-07
  8.0173399842570665E-07
  8.0441312179968257E-07
  8.0713367239229858E-07
  8.0992177686452680E-07
  8.1280697522957237E-07
  8.1582329525362453E-07
  8.1901066606092153E-07
  8.2241681293997020E-07
  8.2609984600877059E-07
  8.3013186864231025E-07
  8.3460411750219972E-07
  8.3963446086822046E-07
  8.4537863304290972E-07
  8.5204758470255547E-07
  8.5993523338245658E-07
  8.6946470780467101E-07
  8.8126927665478788E-07
  8.9634266491952496E-07
  9.1633975818282871E-07
  9.4423838514168776E-07
  9.8599461236085732E-07
  1.0555124174774021E-06
  1.1945481085485565E-06
  1.6124545562980526E-06
 -2.4026467498043322E-04
 -5.0343413116985314E-08
  3.6319894647373532E-07
  5.0133356389202211E-07
  5.7042567594051546E-07
  6.1186297129226962E-07
  6.3945784024795294E-07
  6.5913427446946313E-07
  6.7385595799506839E-07
  6.8527022526797647E-07
  6.9436598628459665E-07
  7.0177289763077976E-07
  7.0791099230721492E-07
  7.1307126908509512E-07
  7.1746175304974177E-07
  7.2123513698903458E-07
  7.2450606020984783E-07
  7.2736229079978674E-07
  7.2987218172133366E-07
  7.3208977323916103E-07
  7.3405836353272553E-07
  5.7577112152977688E-07
  5.7324169782790380E-07
  5.7079912797761325E-07
  5.6843940211602459E-07
  5.6615877731064154E-07
  5.6395375551216195E-07
  1.9230319409935292E-09
  1.9483809948031007E-09
  1.9743225745208245E-09
  2.0008763848161022E-09
  2.0280629830677802E-09
  2.0559038250468286E-09
  2.0844213135203082E-09
  2.1136388500166125E-09
  2.1435808899734125E-09
  2.1742730015416743E-09
  2.2057419283228032E-09
  2.2380156563498408E-09
  2.2711234856442844E-09
  2.3050961067180311E-09
  2.3399656824306019E-09
  2.3757659356143149E-09
  2.4125322429844542E-09
  2.4503017358178116E-09
  2.4891134080088911E-09
  2.5290082321224271E-09
  2.5700292841369227E-09
  2.6122218776404632E-09
  2.6556337083336625E-09
  2.7003150097521704E-09
  2.7463187212542409E-09
  2.7937006693801475E-09
  2.8425197638658695E-09
  2.8928382096791530E-09
 -8.2407607885106389E-07
 -5.8844966279376410E-07
 -3.9879222927660017E-07
 -2.4360170488151124E-07
 -1.1487053436228044E-07
 -6.8339393727841340E-09
  8.4747082390213432E-08
  1.6305760278990287E-07
  2.3053414758464432E-07
  2.8907008914774604E-07
  3.4015721397519321E-07
  3.8498542476097766E-07
  4.2451431290706541E-07
  4.5952542218347475E-07
  4.9066100223383732E-07
  5.1845314490829604E-07
  5.4334596711516317E-07
  5.6571269433245686E-07
  5.8586970957624191E-07
  6.0408396624551592E-07
  6.2058585231409513E-07
  6.3557273683169328E-07
  6.4921507748515635E-07
  6.6166074788901642E-07
  6.7303857200270829E-07
  6.8346122920221256E-07
  6.9302765631893853E-07
  7.0182504502225696E-07
  7.0993051172489906E-07
  7.1741250101105276E-07
  7.2433197112703676E-07
  7.3074340041895207E-07
  7.3669564607646977E-07
  7.4223268064133293E-07
  7.4739422708411488E-07
  7.5221630958899362E-07
  7.5673173426673450E-07
  7.6097051172093416E-07
  7.6496023157541620E-07
  7.6872639765540464E-07
  7.7229273143567965E-07
  7.7568145058015763E-07
  7.7891352886357118E-07
  7.8200894349579944E-07
  7.8498691583544434E-07
  7.8786615174011943E-07
  7.9066509249720761E-07
  7.9340215426846548E-07
  7.9609610677608435E-07
  7.9876605696654558E-07
  8.0143250467865278E-07
  8.0411700654996020E-07
  8.0684318752645735E-07
  8.0963724671674282E-07
  8.1252881292342681E-07
  8.1555202450748942E-07
  8.1874695060287713E-07
  8.2216149671028035E-07
  8.2585400897728928E-07
  8.2989690569723282E-07
  8.3438185227565335E-07
  8.3942731390952200E-07
  8.4518987715620727E-07
  8.5188174512138216E-07
  8.5979873858479291E-07
  8.6936699556266717E-07
  8.8122477583923951E-07
  8.9637458503676148E-07
  9.1648795349210884E-07
  9.4457750931697971E-07
  9.8668257705258467E-07
  1.0569502263940142E-06
  1.1981246698047934E-06
  1.6276674252089785E-06
 -3.7994189178247336E-05
 -3.6176110183335538E-08
  3.6653685887154003E-07
  5.0265179863136018E-07
  5.7103829466425818E-07
  6.1215061183113830E-07
  6.3957020524229452E-07
  6.5914191189904464E-07
  6.7379637511106570E-07
  6.8516516478636884E-07
  6.9422890139625554E-07
  7.0161254732589367E-07
  7.0773331728191021E-07
  7.1288043594698194E-07
  7.1726076703174741E-07
  7.2102621759425744E-07
  7.2429088020540702E-07
  7.2714213318374457E-07
  7.2964804568656878E-07
  7.3186244745441473E-07
  7.3382847789711688E-07
  5.7553422028747904E-07
  5.7300391387172233E-07
  5.7056052922323115E-07
  5.6820005100709580E-07
  5.6591873131934183E-07
  5.6371306758679697E-07
  1.9229791723259195E-09
  1.9483270954134538E-09
  1.9742675070494334E-09
  2.0008201102586073E-09
  2.0280054606881013E-09
  2.0558450122790182E-09
  2.0843611658696776E-09
  2.1135773209426837E-09
  2.1435179307831628E-09
  2.1742085612557461E-09
  2.2056759535493503E-09
  2.2379480911383135E-09
  2.2710542713303977E-09
  2.3050251817652744E-09
  2.3398929822516815E-09
  2.3756913923830514E-09
  2.4124557854287098E-09
  2.4502232890109983E-09
  2.4890328931268390E-09
  2.5289255661999713E-09
  2.5699443797828101E-09
  2.6121346427548139E-09
  2.6555440457870949E-09
  2.7002228170463826E-09
  2.7462238901443565E-09
  2.7936030854786670E-09
  2.8424193062088276E-09
  2.8927347502475545E-09
 -8.2737152068392853E-07
 -5.9116592110182108E-07
 -4.0107719234349094E-07
 -2.4555761231845083E-07
 -1.1657015938740231E-07
 -8.3304185549983309E-09
  8.3414097118130301E-08
  1.6185796248558558E-07
  2.2944455207015896E-07
  2.8807227150449340E-07
  3.3923667049169755E-07
  3.8413050859111039E-07
  4.2371557576542675E-07
  4.5877512858331082E-07
  4.8995276589706542E-07
  5.1778165311657512E-07
  5.4270676926308335E-07
  5.6510203799263429E-07
  5.8528441525239648E-07
  6.0352131663952041E-07
  6.2004352101661063E-07
  6.3504872034150142E-07
  6.4870764283089148E-07
  6.6116839001752153E-07
  6.7255997890501998E-07
  6.8299525321251792E-07
  6.9257329037269665E-07
  7.0138140292500238E-07
  7.0949681168611418E-07
  7.1698805185046559E-07
  7.2391616068387040E-07
  7.3033568578936068E-07
  7.3629554537334722E-07
  7.4183976603676788E-07
  7.4700811893648854E-07
  7.5183667149787970E-07
  7.5635826892643328E-07
  7.6060295747590102E-07
  7.6459835959562079E-07
  7.6837000967261602E-07
  7.7194165799962656E-07
  7.7533554980670392E-07
  7.7857268566656725E-07
  7.8167306930656335E-07
  7.8465594883678073E-07
  7.8754005765862976E-07
  7.9034386582377254E-07
  7.9308582113429813E-07
  7.9578472868006470E-07
  7.9845972889904605E-07
  8.0113136990154451E-07
  8.0382125804539130E-07
  8.0655307847345931E-07
  8.0935310306954295E-07
  8.1225104984464699E-07
  8.1528116830886583E-07
  8.1848366834583585E-07
  8.2190663667553043E-07
  8.2560865686950202E-07
  8.2966246410984839E-07
  8.3416015538439370E-07
  8.3922079702750094E-07
  8.4500183429710003E-07
  8.5171673288994878E-07
  8.5966323355894977E-07
  8.6927051243331861E-07
  8.8118187302868257E-07
  8.9640870479062143E-07
  9.1663940422594725E-07
  9.4492193426953985E-07
  9.8738040435110334E-07
  1.0584105467164258E-06
  1.2017752897536418E-06
  1.6434732957016440E-06
 -2.0300279602029923E-05
 -2.2498498314494599E-08
  3.6981392602888790E-07
  5.0395264879758341E-07
  5.7164398100334773E-07
  6.1243497608748049E-07
  6.3968087680224605E-07
  6.5914864281785596E-07
  6.7373631682260391E-07
  6.8505988268949939E-07
  6.9409175277975015E-07
  7.0145223588741612E-07
  7.0755575017794088E-07
  7.1268975856593043E-07
  7.1705997070915455E-07
  7.2081751245196814E-07
  7.2407593252020605E-07
  7.2692222136145427E-07
  7.2942416561056967E-07
  7.3163538536626747E-07
  7.3359886189017472E-07
  5.7529756794134306E-07
  5.7276637837280043E-07
  5.7032217854284251E-07
  5.6796094763769331E-07
  5.6567893277592978E-07
  5.6347262685529078E-07
  1.9229264063518783E-09
  1.9482731987990410E-09
  1.9742124424388974E-09
  2.0007638386522351E-09
  2.0279479413538897E-09
  2.0557862026561324E-09
  2.0843010214628014E-09
  2.1135157952218167E-09
  2.1434549750542420E-09
  2.1741441245504503E-09
  2.2056099824789934E-09
  2.2378805297563389E-09
  2.2709850609817440E-09
  2.3049542609204497E-09
  2.3398202863260981E-09
  2.3756168535588461E-09
  2.4123793324463937E-09
  2.4501448469478610E-09
  2.4889523831717889E-09
  2.5288429053894831E-09
  2.5698594807410064E-09
  2.6120474133934929E-09
  2.6554543889896542E-09
  2.7001306303212401E-09
  2.7461290652636173E-09
  2.7935055080691212E-09
  2.8423188553190329E-09
  2.8926312978771387E-09
 -8.3067398602938455E-07
 -5.9388724798563882E-07
 -4.0336588843527885E-07
 -2.4751631205015573E-07
 -1.1827189603134309E-07
 -9.8285057858989325E-09
  8.2079883504099433E-08
  1.6065738492059379E-07
  2.2835424564754297E-07
  2.8707392122053723E-07
  3.3831573634068779E-07
  3.8327531595971800E-07
  4.2291665486016753E-07
  4.5802472707471330E-07
  4.8924448418941501E-07
  5.1711016786260324E-07
  5.4206762130450097E-07
  5.6449146797115030E-07
  5.8469923802505362E-07
  6.0295881025080409E-07
  6.1950135521998494E-07
  6.3452488845008365E-07
  6.4820040921572288E-07
  6.6067624739958938E-07
  6.7208161340422699E-07
  6.8252951558502263E-07
  6.9211917221884091E-07
  7.0093801691997898E-07
  7.0906337507966995E-07
  7.1656387264831348E-07
  7.2350062603592159E-07
  7.2992825220712612E-07
  7.3589573047860399E-07
  7.4144714159104563E-07
  7.4662230495871021E-07
  7.5145733131130413E-07
  7.5598510500868559E-07
  7.6023570800782730E-07
  7.6423679563427065E-07
  7.6801393288620380E-07
  7.7159089892281346E-07
  7.7498996659014269E-07
  7.7823216330997966E-07
  7.8133751938276909E-07
  7.8432530973050478E-07
  7.8721429536659134E-07
  7.9002297517905966E-07
  7.9276983234761205E-07
  7.9547369659659509E-07
  7.9815375270929691E-07
  8.0083059375355072E-07
  8.0352587597278893E-07
  8.0626334495748522E-07
  8.0906934568807735E-07
  8.1197368581135757E-07
  8.1501072654266116E-07
  8.1822081926225600E-07
  8.2165223292201214E-07
  8.2536378992127306E-07
  8.2942854430947539E-07
  8.3393902753673024E-07
  8.3901491131897622E-07
  8.4481450611150876E-07
  8.5155255048349854E-07
  8.5952872205555476E-07
  8.6917526423588229E-07
  8.8114057759488505E-07
  8.9644504003947218E-07
  9.1679413934061013E-07
  9.4527171870565233E-07
  9.8808823390515645E-07
  1.0598938082259577E-06
  1.2055020971849188E-06
  1.6599068162521299E-06
 -1.3693907430341747E-05
 -9.2860806844160352E-09
  3.7303168150929233E-07
  5.0523640466001768E-07
  5.7224282145471864E-07
  6.1271609708281613E-07
  6.3978986950853019E-07
  6.5915447426926457E-07
  6.7367578672508609E-07
  6.8495438083640862E-07
  6.9395454135288271E-07
  7.0129196370607663E-07
  7.0737829107808788E-07
  7.1249923683971410E-07
  7.1685936386033787E-07
  7.2060902126589056E-07
  7.2386121680935553E-07
  7.2670255495789031E-07
  7.2920054109746119E-07
  7.3140858656550706E-07
  7.3336951509396316E-07
  5.7506116412606132E-07
  5.7252909096555571E-07
  5.7008407557064175E-07
  5.6772209164182955E-07
  5.6543938131427097E-07
  5.6323243295139088E-07
  1.9228736430685225E-09
  1.9482193049604726E-09
  1.9741573806904589E-09
  2.0007075699988067E-09
  2.0278904250651676E-09
  2.0557273961741063E-09
  2.0842408803009647E-09
  2.1134542728501937E-09
  2.1433920227914048E-09
  2.1740796914248278E-09
  2.2055440151103786E-09
  2.2378129722056258E-09
  2.2709158545986091E-09
  2.3048833441802896E-09
  2.3397475946560447E-09
  2.3755423191456827E-09
  2.4123028840354288E-09
  2.4500664096279994E-09
  2.4888718781382104E-09
  2.5287602496930539E-09
  2.5697745870131499E-09
  2.6119601895570274E-09
  2.6553647379354054E-09
  2.7000384495765394E-09
  2.7460342466103875E-09
  2.7934079371516272E-09
  2.8422184111970295E-09
  2.8925278525658827E-09
 -8.3398350220170211E-07
 -5.9661366212246788E-07
 -4.0565833077825570E-07
 -2.4947781372515919E-07
 -1.1997575153400434E-07
 -1.1328206652803674E-08
  8.0744437162439236E-08
  1.5945586657033249E-07
  2.2726322544074574E-07
  2.8607503590202642E-07
  3.3739440949615303E-07
  3.8241984512208971E-07
  4.2211754867211818E-07
  4.5727421631533127E-07
  4.8853615591029300E-07
  5.1643868805891706E-07
  5.4142852224377188E-07
  5.6388098334776882E-07
  5.8411417703695151E-07
  6.0239644627382645E-07
  6.1895935416159310E-07
  6.3400124043039135E-07
  6.4769337594367820E-07
  6.6018431936593541E-07
  6.7160347485416174E-07
  6.8206401569275671E-07
  6.9166530124883012E-07
  7.0049488641365678E-07
  7.0863020132594871E-07
  7.1613996283748109E-07
  7.2308536662580708E-07
  7.2952109912554209E-07
  7.3549620085496887E-07
  7.4105480677490592E-07
  7.4623678462950935E-07
  7.5107828851638740E-07
  7.5561224200758429E-07
  7.5986876281798257E-07
  7.6387553919996722E-07
  7.6765816681221645E-07
  7.7124045372940645E-07
  7.7464470046251377E-07
  7.7789196133455372E-07
  7.8100229327424923E-07
  7.8399499807659898E-07
  7.8688886443537989E-07
  7.8970242014710795E-07
  7.9245418026894149E-07
  7.9516301014339166E-07
  7.9784812803444872E-07
  8.0053017589515488E-07
  8.0323086002213458E-07
  8.0597398670172007E-07
  8.0878597434092858E-07
  8.1169672064673841E-07
  8.1474069910105246E-07
  8.1795840332904798E-07
  8.2139828553985222E-07
  8.2511940837010262E-07
  8.2919514674176307E-07
  8.3371846944593165E-07
  8.3880965788425814E-07
  8.4462789426344366E-07
  8.5138920039482452E-07
  8.5939520786492637E-07
  8.6908125685303741E-07
  8.8110089899850530E-07
  8.9648360684850027E-07
  9.1695218816400767E-07
  9.4562692230690262E-07
  9.8880620814675336E-07
  1.0614004515395174E-06
  1.2093073039115391E-06
  1.6770053903922943E-06
 -1.0239773078729899E-05
  3.4840334431972252E-09
  3.7619160778989479E-07
  5.0650335016245903E-07
  5.7283490121960167E-07
  6.1299400731808889E-07
  6.3989719775737705E-07
  6.5915941323799796E-07
  6.7361478838126950E-07
  6.8484866106369445E-07
  6.9381726802854013E-07
  7.0113173117995571E-07
  7.0720094006848516E-07
  7.1230887066545188E-07
  7.1665894626431504E-07
  7.2040074374184804E-07
  7.2364673273081151E-07
  7.2648313359833482E-07
  7.2897717175213690E-07
  7.3118205064381003E-07
  7.3314043709155734E-07
  5.7482500847705517E-07
  5.7229205128513466E-07
  5.6984621994155100E-07
  5.6748348265424484E-07
  5.6520007656895856E-07
  5.6299248550957238E-07
  1.9228208824796682E-09
  1.9481654138980650E-09
  1.9741023218032153E-09
  2.0006513042944084E-09
  2.0278329118203978E-09
  2.0556685928361243E-09
  2.0841807423844727E-09
  2.1133927538330982E-09
  2.1433290739901527E-09
  2.1740152618796313E-09
  2.2054780514442564E-09
  2.2377454184845951E-09
  2.2708466521795879E-09
  2.3048124315451327E-09
  2.3396749072382013E-09
  2.3754677891382794E-09
  2.4122264401962576E-09
  2.4499879770517925E-09
  2.4887913780292678E-09
  2.5286775991082233E-09
  2.5696896985991092E-09
  2.6118729712424060E-09
  2.6552750926294502E-09
  2.6999462748123545E-09
  2.7459394341848997E-09
  2.7933103727200601E-09
  2.8421179738409077E-09
  2.8924244143160703E-09
 -8.3730009666120900E-07
 -5.9934518222151724E-07
 -4.0795453262693321E-07
 -2.5144212702988901E-07
 -1.2168173317955113E-07
 -1.2829526736654248E-08
  7.9407753693394455E-08
  1.5825340390459380E-07
  2.2617148857004620E-07
  2.8507561315095131E-07
  3.3647268792831264E-07
  3.8156409433639835E-07
  4.2131825567729494E-07
  4.5652359496042088E-07
  4.8782777985358992E-07
  5.1576721261373950E-07
  5.4078947108526498E-07
  5.6327058320172543E-07
  5.8352923142896327E-07
  6.0183422390079927E-07
  6.1841751707775455E-07
  6.3347777555686837E-07
  6.4718654232024454E-07
  6.5969260524906811E-07
  6.7112556260977690E-07
  6.8159875291141115E-07
  6.9121167685405617E-07
  7.0005201081315508E-07
  7.0819728984578057E-07
  7.1571632185047931E-07
  7.2267038189798304E-07
  7.2911422599897644E-07
  7.3509695596572379E-07
  7.4066276106036049E-07
  7.4585155742853118E-07
  7.5069954260051830E-07
  7.5523967941845294E-07
  7.5950212140894460E-07
  7.6351458980262614E-07
  7.6730271096813233E-07
  7.7089032194393218E-07
  7.7429975095656710E-07
  7.7755207928149149E-07
  7.8066739053176058E-07
  7.8366501343608320E-07
  7.8656376443743997E-07
  7.8938220031274281E-07
  7.9213886811024946E-07
  7.9485266893953905E-07
  7.9754285451196377E-07
  8.0023011598823054E-07
  8.0293620988477719E-07
  8.0568500343244557E-07
  8.0850298879779048E-07
  8.1142015417417477E-07
  8.1447108587523060E-07
  8.1769642052762567E-07
  8.2114479462286518E-07
  8.2487551246222602E-07
  8.2896227184815364E-07
  8.3349848183964326E-07
  8.3860503783864580E-07
  8.4444200043285164E-07
  8.5122668515772614E-07
  8.5926269481382053E-07
  8.6898849623609545E-07
  8.8106284680320188E-07
  8.9652442145880427E-07
  9.1711358042518428E-07
  9.4598760571665696E-07
  9.8953447233320531E-07
  1.0629309290272405E-06
  1.2131932084768393E-06
  1.6948094560463251E-06
 -8.1163798518967798E-06
  1.5833257737820502E-08
  3.7929513869182719E-07
  5.0775376309008748E-07
  5.7342030408353751E-07
  6.1326873898126937E-07
  6.4000287580066707E-07
  6.5916346664067667E-07
  6.7355332532176048E-07
  6.8474272520162451E-07
  6.9367993372681205E-07
  7.0097153869582415E-07
  7.0702369723239001E-07
  7.1211865993852114E-07
  7.1645871770235983E-07
  7.2019267958461359E-07
  7.2343247994110179E-07
  7.2626395690936372E-07
  7.2875405718073302E-07
  7.3095577719376340E-07
  7.3291162746712294E-07
  5.7458910063047196E-07
  5.7205525896740957E-07
  5.6960861129121821E-07
  5.6724512031040510E-07
  5.6496101817531182E-07
  5.6275278416503629E-07
  1.9227681245855782E-09
  1.9481115256097532E-09
  1.9740472657781209E-09
  2.0005950415410322E-09
  2.0277754016200084E-09
  2.0556097926385814E-09
  2.0841206077113923E-09
  2.1133312381650495E-09
  2.1432661286505575E-09
  2.1739508359133394E-09
  2.2054120914797270E-09
  2.2376778685940472E-09
  2.2707774537250800E-09
  2.3047415230138530E-09
  2.3396022240732996E-09
  2.3753932635410672E-09
  2.4121500009288144E-09
  2.4499095492180034E-09
  2.4887108828417136E-09
  2.5285949536390853E-09
  2.5696048154962587E-09
  2.6117857584524781E-09
  2.6551854530662944E-09
  2.6998541060281548E-09
  2.7458446279872221E-09
  2.7932128147794632E-09
  2.8420175432509963E-09
  2.8923209831239361E-09
 -8.4062379698100134E-07
 -6.0208182712192601E-07
 -4.1025450728468698E-07
 -2.5340926168923781E-07
 -1.2338984825216422E-07
 -1.4332471655859266E-08
  7.8069828695694280E-08
  1.5704999339603313E-07
  2.2507903213772161E-07
  2.8407565056202440E-07
  3.3555056960410412E-07
  3.8070806185629994E-07
  4.2051877435670205E-07
  4.5577286166570629E-07
  4.8711935481901762E-07
  5.1509574043888414E-07
  5.4015046682999480E-07
  5.6266026661083844E-07
  5.8294440034292910E-07
  6.0127214232606388E-07
  6.1787584320608373E-07
  6.3295449310380982E-07
  6.4667990765110528E-07
  6.5920110438067880E-07
  6.7064787602633331E-07
  6.8113372661579642E-07
  6.9075829842849993E-07
  6.9960938952695668E-07
  7.0776464006072154E-07
  7.1529294912203384E-07
  7.2225567129763137E-07
  7.2870763228196843E-07
  7.3469799527435139E-07
  7.4027100392022198E-07
  7.4546662283679639E-07
  7.5032109305220582E-07
  7.5486741673674696E-07
  7.5913578328377420E-07
  7.6315394695265697E-07
  7.6694756487167957E-07
  7.7054050309242796E-07
  7.7395511760612433E-07
  7.7721251669339835E-07
  7.8033281070700652E-07
  7.8333535537098287E-07
  7.8623899494628380E-07
  7.8906231526194068E-07
  7.9182389547273803E-07
  7.9454267260486747E-07
  7.9723793178149972E-07
  7.9993041369608295E-07
  8.0264192525215651E-07
  8.0539639487878927E-07
  8.0822038882948306E-07
  8.1114398621881874E-07
  8.1420188676061953E-07
  8.1743487084101485E-07
  8.2089176026864393E-07
  8.2463210244457699E-07
  8.2872992008647773E-07
  8.3327906545049988E-07
  8.3840105231249766E-07
  8.4425682631571352E-07
  8.5106500730646478E-07
  8.5913118676577867E-07
  8.6889698836805279E-07
  8.8102643068892436E-07
  8.9656750032441285E-07
  9.1727834629581323E-07
  9.4635383047024069E-07
  9.9027317462034720E-07
  1.0644857048846090E-06
  1.2171622003292528E-06
  1.7133627968268144E-06
 -6.6789603348624145E-06
  2.7781646802423629E-08
  3.8234366125553805E-07
  5.0898791524029003E-07
  5.7399911253507864E-07
  6.1354032380770604E-07
  6.4010691778301538E-07
  6.5916664135461488E-07
  6.7349140105880699E-07
  6.8463657506435765E-07
  6.9354253934430423E-07
  7.0081138664465574E-07
  7.0684656265489864E-07
  7.1192860455747676E-07
  7.1625867795407139E-07
  7.1998482850112757E-07
  7.2321845809956762E-07
  7.2604502451818190E-07
  7.2853119698996348E-07
  7.3072976580893163E-07
  7.3268308580543075E-07
  5.7435344022318433E-07
  5.7181871364897778E-07
  5.6937124925601698E-07
  5.6700700424650176E-07
  5.6472220576937447E-07
  5.6251332855370806E-07
  1.9227153693820237E-09
  1.9480576400967249E-09
  1.9739922126111390E-09
  2.0005387817397450E-09
  2.0277178944630981E-09
  2.0555509955839167E-09
  2.0840604762836363E-09
  2.1132697258481277E-09
  2.1432031867749780E-09
  2.1738864135270408E-09
  2.2053461352167448E-09
  2.2376103225326317E-09
  2.2707082592349775E-09
  2.3046706185902327E-09
  2.3395295451605529E-09
  2.3753187423510117E-09
  2.4120735662305796E-09
  2.4498311261267341E-09
  2.4886303925773200E-09
  2.5285123132791753E-09
  2.5695199377045740E-09
  2.6116985511830684E-09
  2.6550958192488903E-09
  2.6997619432229700E-09
  2.7457498280169844E-09
  2.7931152633259025E-09
  2.8419171194254954E-09
  2.8922175589907243E-09
 -8.4395463081303585E-07
 -6.0482361568624695E-07
 -4.1255826812581584E-07
 -2.5537922744400530E-07
 -1.2510010406726546E-07
 -1.5837047033463145E-08
  7.6730657745087371E-08
  1.5584563149394312E-07
  2.2398585325511052E-07
  2.8307514572422633E-07
  3.3462805248519503E-07
  3.7985174593127125E-07
  4.1971910318489044E-07
  4.5502201508588105E-07
  4.8641087960123435E-07
  5.1442427044614745E-07
  5.3951150848240698E-07
  5.6205003265613553E-07
  5.8235968292004464E-07
  6.0071020074487788E-07
  6.1733433178548555E-07
  6.3243139234550561E-07
  6.4617347124259200E-07
  6.5870981609414387E-07
  6.7017041446009781E-07
  6.8066893618228644E-07
  6.9030516536503190E-07
  6.9916702196383871E-07
  7.0733225139394897E-07
  7.1486984408609064E-07
  7.2184123427026671E-07
  7.2830131743067506E-07
  7.3429931824674575E-07
  7.3987953482792302E-07
  7.4508198033596401E-07
  7.4994293936072531E-07
  7.5449545345977336E-07
  7.5876974794667864E-07
  7.6279361016195866E-07
  7.6659272804216687E-07
  7.7019099670141592E-07
  7.7361079994605014E-07
  7.7687327311365230E-07
  7.7999855335280456E-07
  7.8300602344433982E-07
  7.8591455553645829E-07
  7.8874276458165062E-07
  7.9150926195903780E-07
  7.9423302076094749E-07
  7.9693335948344716E-07
  7.9963106868337102E-07
  8.0234800581888064E-07
  8.0510816076905412E-07
  8.0793817421026588E-07
  8.1086821660979294E-07
  8.1393310165289422E-07
  8.1717375425380005E-07
  8.2063918257762561E-07
  8.2438917857294137E-07
  8.2849809191050361E-07
  8.3306022101634893E-07
  8.3819770243993939E-07
  8.4407237362420764E-07
  8.5090416941088611E-07
  8.5900068761402859E-07
  8.6880673933050573E-07
  8.8099166042883535E-07
  8.9661286007219249E-07
  9.1744651631548723E-07
  9.4672565924207395E-07
  9.9102246612875270E-07
  1.0660652557360332E-06
  1.2212167649887501E-06
  1.7327129012372932E-06
 -5.6413632233183074E-06
  3.9348002008754717E-08
  3.8533851763974006E-07
  5.1020607248494871E-07
  5.7457140778232885E-07
  6.1380879315888070E-07
  6.4020933764708512E-07
  6.5916894417219775E-07
  6.7342901907262408E-07
  6.8453021246454006E-07
  6.9340508578668643E-07
  7.0065127541060492E-07
  7.0666953641559870E-07
  7.1173870441723181E-07
  7.1605882680124589E-07
  7.1977719019909544E-07
  7.2300466686507781E-07
  7.2582633605262640E-07
  7.2830859078777252E-07
  7.3050401608371671E-07
  7.3245481169243986E-07
  5.7411802689278776E-07
  5.7158241496715970E-07
  5.6913413347304262E-07
  5.6676913409944788E-07
  5.6448363898791284E-07
  5.6227411831223585E-07
  1.9226626168712503E-09
  1.9480037573584286E-09
  1.9739371623076346E-09
  2.0004825248869233E-09
  2.0276603903508427E-09
  2.0554922016702495E-09
  2.0840003480983518E-09
  2.1132082168805724E-09
  2.1431402483599422E-09
  2.1738219947183042E-09
  2.2052801826548060E-09
  2.2375427803014859E-09
  2.2706390687065721E-09
  2.3045997182699907E-09
  2.3394568705004091E-09
  2.3752442255681675E-09
  2.4119971361036112E-09
  2.4497527077756824E-09
  2.4885499072352905E-09
  2.5284296780314780E-09
  2.5694350652259746E-09
  2.6116113494376366E-09
  2.6550061911754345E-09
  2.6996697863948894E-09
  2.7456550342709624E-09
  2.7930177183596592E-09
  2.8418167023640733E-09
  2.8921141419145799E-09
 -8.4729262600334796E-07
 -6.0757056689925673E-07
 -4.1486582855306165E-07
 -2.5735203409590724E-07
 -1.2681250797182858E-07
 -1.7343258500471569E-08
  7.5390236412129384E-08
  1.5464031465041869E-07
  2.2289194901948878E-07
  2.8207409622941699E-07
  3.3370513453560611E-07
  3.7899514481098482E-07
  4.1891924063934718E-07
  4.5427105387319130E-07
  4.8570235299587296E-07
  5.1375280154326147E-07
  5.3887259504460269E-07
  5.6143988041528931E-07
  5.8177507830459199E-07
  6.0014839835129421E-07
  6.1679298205392066E-07
  6.3190847255791674E-07
  6.4566723240113178E-07
  6.5821873972345773E-07
  6.6969317726839197E-07
  6.8020438098798460E-07
  6.8985227705794463E-07
  6.9872490753368466E-07
  7.0690012326828951E-07
  7.1444700617869445E-07
  7.2142707026241910E-07
  7.2789528090142398E-07
  7.3390092434815547E-07
  7.3948835325770519E-07
  7.4469762940847022E-07
  7.4956508101636537E-07
  7.5412378908522159E-07
  7.5840401490294196E-07
  7.6243357894257015E-07
  7.6623819999915301E-07
  7.6984180229852198E-07
  7.7326679751183513E-07
  7.7653434808652058E-07
  7.7966461802284829E-07
  7.8267701722020622E-07
  7.8559044578356022E-07
  7.8842354785977689E-07
  7.9119496717273691E-07
  7.9392364768442046E-07
  7.9662913725954450E-07
  7.9933208061564792E-07
  8.0205445128019634E-07
  8.0482030083441963E-07
  8.0765634471465233E-07
  8.1059284517707351E-07
  8.1366473045381198E-07
  8.1691307075440518E-07
  8.2038706165582583E-07
  8.2414674110157642E-07
  8.2826678778783517E-07
  8.3284194928791509E-07
  8.3799498936641311E-07
  8.4388864408208721E-07
  8.5074417407099259E-07
  8.5887120130795458E-07
  8.6871775522812722E-07
  8.8095854591517959E-07
  8.9666051756434412E-07
  9.1761812146904735E-07
  9.4710315558539931E-07
  9.9178250099624693E-07
  1.0676700707864328E-06
  1.2253594884130822E-06
  1.7529113561739220E-06
 -4.8571642063493975E-06
  5.0549967469744487E-08
  3.8828100670293017E-07
  5.1140849516700662E-07
  5.7513726964961804E-07
  6.1407417797576502E-07
  6.4031014924481900E-07
  6.5917038185644253E-07
  6.7336618282905607E-07
  6.8442363919388177E-07
  6.9326757394688924E-07
  7.0049120537915002E-07
  7.0649261859737829E-07
  7.1154895941791359E-07
  7.1585916402550574E-07
  7.1956976438520726E-07
  7.2279110589835628E-07
  7.2560789114212845E-07
  7.2808623818249326E-07
  7.3027852761353662E-07
  7.3222680471490829E-07
  5.7388286027759917E-07
  5.7134636255999612E-07
  5.6889726358011168E-07
  5.6653150950687780E-07
  5.6424531746841355E-07
  5.6203515307798782E-07
  1.9226098670507180E-09
  1.9479498773960528E-09
  1.9738821148635121E-09
  2.0004262709844450E-09
  2.0276028892811285E-09
  2.0554334108975442E-09
  2.0839402231570513E-09
  2.1131467112638339E-09
  2.1430773134089509E-09
  2.1737575794900441E-09
  2.2052142337945485E-09
  2.2374752418984104E-09
  2.2705698821429771E-09
  2.3045288220522800E-09
  2.3393842000913488E-09
  2.3751697131926425E-09
  2.4119207105461701E-09
  2.4496742941662934E-09
  2.4884694268122704E-09
  2.5283470478942518E-09
  2.5693501980576125E-09
  2.6115241532108998E-09
  2.6549165688452951E-09
  2.6995776355447053E-09
  2.7455602467507583E-09
  2.7929201798812879E-09
  2.8417162920668992E-09
  2.8920107318962569E-09
 -8.5063781050139596E-07
 -6.1032269979662557E-07
 -4.1717720202607315E-07
 -2.5932769144645875E-07
 -1.2852706731721506E-07
 -1.8851111718533649E-08
  7.4048560259604450E-08
  1.5343403931188489E-07
  2.2179731652250068E-07
  2.8107249966199016E-07
  3.3278181371428934E-07
  3.7813825674575438E-07
  4.1811918519042894E-07
  4.5351997668112875E-07
  4.8499377379794451E-07
  5.1308133264119139E-07
  5.3823372552212491E-07
  5.6082980896924002E-07
  5.8119058563834423E-07
  5.9958673434036727E-07
  6.1625179325021107E-07
  6.3138573301735668E-07
  6.4516119043493312E-07
  6.5772787460319256E-07
  6.6921616380801984E-07
  6.7974006041021380E-07
  6.8939963290266783E-07
  6.9828304564727437E-07
  7.0646825510818344E-07
  7.1402443483656296E-07
  7.2101317872152110E-07
  7.2748952215155984E-07
  7.3350281304556697E-07
  7.3909745868530581E-07
  7.4431356953803025E-07
  7.4918751751015534E-07
  7.5375242311145957E-07
  7.5803858365847100E-07
  7.6207385280802697E-07
  7.6588398026361091E-07
  7.6949291941225881E-07
  7.7292310984034807E-07
  7.7619574115740348E-07
  7.7933100427187144E-07
  7.8234833626363701E-07
  7.8526666526415973E-07
  7.8810466468519248E-07
  7.9088101071851799E-07
  7.9361468186488259E-07
  7.9632526475288085E-07
  7.9903344916119312E-07
  8.0176126133272436E-07
  8.0453281480844245E-07
  8.0737490012070018E-07
  8.1031787175273047E-07
  8.1339677306534781E-07
  8.1665282033654589E-07
  8.2013539761036185E-07
  8.2390479029798140E-07
  8.2803600818985208E-07
  8.3262425102122428E-07
  8.3779291426046705E-07
  8.4370563943899355E-07
  8.5058502389940377E-07
  8.5874273180877081E-07
  8.6863004225645528E-07
  8.8092709712966946E-07
  8.9671048981620462E-07
  9.1779319317019889E-07
  9.4748638419993554E-07
  9.9255343647645847E-07
  1.0693006525641050E-06
  1.2295930619859376E-06
  1.7740143021076620E-06
 -4.2436589744429891E-06
  6.1404118081753836E-08
  3.9117238615267203E-07
  5.1259543801028811E-07
  5.7569677681857826E-07
  6.1433650885521906E-07
  6.4040936626532198E-07
  6.5917096109548199E-07
  6.7330289575575148E-07
  6.8431685703241257E-07
  6.9313000471278191E-07
  7.0033117692743872E-07
  7.0631580928020568E-07
  7.1135936945294364E-07
  7.1565968940835255E-07
  7.1936255076890362E-07
  7.2257777485963460E-07
  7.2538968941675445E-07
  7.2786413878396614E-07
  7.3005329999464168E-07
  7.3199906446057759E-07
  5.7364794001665441E-07
  5.7111055606624728E-07
  5.6866063921575973E-07
  5.6629413010714445E-07
  5.6400724084908237E-07
  5.6179643248905145E-07
  1.9225571199251228E-09
  1.9478960002056684E-09
  1.9738270702789733E-09
  2.0003700200327943E-09
  2.0275453912554815E-09
  2.0553746232665114E-09
  2.0838801014579754E-09
  2.1130852089975830E-09
  2.1430143819163621E-09
  2.1736931678378880E-09
  2.2051482886343335E-09
  2.2374077073232993E-09
  2.2705006995417128E-09
  2.3044579299398112E-09
  2.3393115339342160E-09
  2.3750952052229196E-09
  2.4118442895562351E-09
  2.4495958852977735E-09
  2.4883889513129246E-09
  2.5282644228686454E-09
  2.5692653361977457E-09
  2.6114369625056011E-09
  2.6548269522575015E-09
  2.6994854906723263E-09
  2.7454654654554556E-09
  2.7928226478900838E-09
  2.8416158885329353E-09
  2.8919073289319370E-09
 -8.5399021236046934E-07
 -6.1308003351928900E-07
 -4.1949240205493934E-07
 -2.6130620936390612E-07
 -1.3024378949573923E-07
 -2.0360612350000050E-08
  7.2705624832825904E-08
  1.5222680190403283E-07
  2.2070195285693174E-07
  2.8007035360242593E-07
  3.3185808797385268E-07
  3.7728107998123245E-07
  4.1731893531412787E-07
  4.5276878216055374E-07
  4.8428514080214555E-07
  5.1240986265121518E-07
  5.3759489891593629E-07
  5.6021981739766740E-07
  5.8060620406453285E-07
  5.9902520790770906E-07
  6.1571076461489146E-07
  6.3086317300079144E-07
  6.4465534465194564E-07
  6.5723722006763902E-07
  6.6873937343792561E-07
  6.7927597382734778E-07
  6.8894723229527516E-07
  6.9784143571543089E-07
  7.0603664633871646E-07
  7.1360212949660295E-07
  7.2059955909615457E-07
  7.2708404063980116E-07
  7.3310498380617948E-07
  7.3870685058632858E-07
  7.4392980020827490E-07
  7.4881024833440103E-07
  7.5338135503797871E-07
  7.5767345371995769E-07
  7.6171443127235062E-07
  7.6553006835741819E-07
  7.6914434757210332E-07
  7.7257973646917769E-07
  7.7585745187248584E-07
  7.7899771165551322E-07
  7.8201998014071572E-07
  7.8494321355604668E-07
  7.8778611464778679E-07
  7.9056739220275765E-07
  7.9330605934896640E-07
  7.9602174160748098E-07
  7.9873517398796745E-07
  8.0146843567520472E-07
  8.0424570242504753E-07
  8.0709384020595380E-07
  8.1004329617205845E-07
  8.1312922939017909E-07
  8.1639300299401577E-07
  8.1988419055396422E-07
  8.2366332642605058E-07
  8.2780575359149809E-07
  8.3240712698053707E-07
  8.3759147828680772E-07
  8.4352336144928257E-07
  8.5042672153333164E-07
  8.5861528313835117E-07
  8.6854360665445696E-07
  8.8089732417609237E-07
  8.9676279411041748E-07
  9.1797176323235543E-07
  9.4787541077491372E-07
  9.9333543308163235E-07
  1.0709575170448220E-06
  1.2339202886146970E-06
  1.7960829495443092E-06
 -3.7506026418998474E-06
  7.1926039971478354E-08
  3.9401387404748127E-07
  5.1376715040619794E-07
  5.7625000671300122E-07
  6.1459581603430544E-07
  6.4050700227381498E-07
  6.5917068851401501E-07
  6.7323916126915535E-07
  6.8420986774961426E-07
  6.9299237896904705E-07
  7.0017119044162559E-07
  7.0613910854592098E-07
  7.1116993442297750E-07
  7.1546040273275963E-07
  7.1915554905915132E-07
  7.2236467341194688E-07
  7.2517173050685944E-07
  7.2764229220278374E-07
  7.2982833282420345E-07
  7.3177159051788155E-07
  5.7341326574970805E-07
  5.7087499512539173E-07
  5.6842426001923988E-07
  5.6605699553931872E-07
  5.6376940876884248E-07
  5.6155795618423158E-07
  1.9225043754889540E-09
  1.9478421257908533E-09
  1.9737720285542740E-09
  2.0003137720303199E-09
  2.0274878962739779E-09
  2.0553158387771727E-09
  2.0838199830015988E-09
  2.1130237100817246E-09
  2.1429514538871041E-09
  2.1736287597651514E-09
  2.2050823471735473E-09
  2.2373401765770117E-09
  2.2704315209029513E-09
  2.3043870419304995E-09
  2.3392388720269296E-09
  2.3750207016591603E-09
  2.4117678731384437E-09
  2.4495174811694435E-09
  2.4883084807320043E-09
  2.5281818029520310E-09
  2.5691804796501809E-09
  2.6113497773223737E-09
  2.6547373414121863E-09
  2.6993933517748570E-09
  2.7453706903843528E-09
  2.7927251223832090E-09
  2.8415154917610885E-09
  2.8918039330235749E-09
 -8.5734985977288046E-07
 -6.1584258725095458E-07
 -4.2181144219296324E-07
 -2.6328759772185523E-07
 -1.3196268190392212E-07
 -2.1871766087954760E-08
  7.1361425672393871E-08
  1.5101859885531818E-07
  2.1960585510277034E-07
  2.7906765562689797E-07
  3.3093395527024926E-07
  3.7642361275881818E-07
  4.1651848947917056E-07
  4.5201746896199710E-07
  4.8357645280263237E-07
  5.1173839047997941E-07
  5.3695611423154455E-07
  5.5960990477960123E-07
  5.8002193272649285E-07
  5.9846381825019723E-07
  6.1516989538805026E-07
  6.3034079178475112E-07
  6.4414969436068236E-07
  6.5674677545397425E-07
  6.6826280551632396E-07
  6.7881212061888768E-07
  6.8849507463224496E-07
  6.9740007715110057E-07
  7.0560529638549053E-07
  7.1318008959660966E-07
  7.2018621083509143E-07
  7.2667883582487049E-07
  7.3270743609867337E-07
  7.3831652843804247E-07
  7.4354632090485359E-07
  7.4843327298160160E-07
  7.5301058436532266E-07
  7.5730862459552524E-07
  7.6135531385102229E-07
  7.6517646380304299E-07
  7.6879608630855975E-07
  7.7223667693685110E-07
  7.7551947977915645E-07
  7.7866473973053558E-07
  7.8169194841851525E-07
  7.8462009023776183E-07
  7.8746789733832591E-07
  7.9025411123204251E-07
  7.9299777976223750E-07
  7.9571856746954919E-07
  7.9843725476608919E-07
  8.0117597400698128E-07
  8.0395896342052957E-07
  8.0681316475264611E-07
  8.0976911827144024E-07
  8.1286209933841330E-07
  8.1613361872532118E-07
  8.1963344060409979E-07
  8.2342234975874003E-07
  8.2757602447669636E-07
  8.3219057794188218E-07
  8.3739068262955586E-07
  8.4334181189352954E-07
  8.5026926964668895E-07
  8.5848885934226341E-07
  8.6845845473416272E-07
  8.8086923725608962E-07
  8.9681744788804163E-07
  9.1815386398449155E-07
  9.4827030211816485E-07
  9.9412865454191528E-07
  1.0726411943818660E-06
  1.2383440877456190E-06
  1.8191841588402849E-06
 -3.3457082082536577E-06
  8.2130401878838274E-08
  3.9680664988064161E-07
  5.1492387641943350E-07
  5.7679703547364533E-07
  6.1485212931570138E-07
  6.4060307067710667E-07
  6.5916957070727359E-07
  6.7317498274833927E-07
  6.8410267310875003E-07
  6.9285469759783030E-07
  7.0001124629167823E-07
  7.0596251647090995E-07
  7.1098065422292104E-07
  7.1526130378144155E-07
  7.1894875896580863E-07
  7.2215180121687782E-07
  7.2495401404471804E-07
  7.2742069805010923E-07
  7.2960362570035806E-07
  7.3154438247648648E-07
  5.7317883711722943E-07
  5.7063967937762246E-07
  5.6818812563052046E-07
  5.6582010544318609E-07
  5.6353182086733220E-07
  5.6131972380304759E-07
  1.9224516337450955E-09
  1.9477882541483747E-09
  1.9737169896911805E-09
  2.0002575269761753E-09
  2.0274304043342176E-09
  2.0552570574275890E-09
  2.0837598677881140E-09
  2.1129622145124359E-09
  2.1428885293181650E-09
  2.1735643552699104E-09
  2.2050164094131648E-09
  2.2372726496593241E-09
  2.2703623462269243E-09
  2.3043161580240124E-09
  2.3391662143726961E-09
  2.3749462025005769E-09
  2.4116914612884242E-09
  2.4494390817800619E-09
  2.4882280150726696E-09
  2.5280991881453911E-09
  2.5690956284100694E-09
  2.6112625976579886E-09
  2.6546477363091015E-09
  2.6993012188562189E-09
  2.7452759215365846E-09
  2.7926276033599569E-09
  2.8414151017504345E-09
  2.8917005441687138E-09
 -8.6071678108255444E-07
 -6.1861038026319226E-07
 -4.2413433606557933E-07
 -2.6527186644461049E-07
 -1.3368375197963989E-07
 -2.3384578634048338E-08
  7.0015958301648010E-08
  1.4980942658316024E-07
  2.1850902033497205E-07
  2.7806440330402286E-07
  3.3000941355017010E-07
  3.7556585332007926E-07
  4.1571784615534144E-07
  4.5126603573547543E-07
  4.8286770859272542E-07
  5.1106691503827468E-07
  5.3631737046986566E-07
  5.5900007019629026E-07
  5.7943777076773099E-07
  5.9790256456269151E-07
  6.1462918480866521E-07
  6.2981858864763279E-07
  6.4364423887149561E-07
  6.5625654009731972E-07
  6.6778645940381967E-07
  6.7834850016418748E-07
  6.8804315931078611E-07
  6.9695896936629896E-07
  7.0517420467560053E-07
  7.1275831457595091E-07
  7.1977313338851085E-07
  7.2627390716728174E-07
  7.3231016939220262E-07
  7.3792649171853235E-07
  7.4316313111345701E-07
  7.4805659094576253E-07
  7.5264011059473298E-07
  7.5694409579339425E-07
  7.6099650005988587E-07
  7.6482316612401943E-07
  7.6844813515293406E-07
  7.7189393078277044E-07
  7.7518182442544404E-07
  7.7833208805453829E-07
  7.8136424066511254E-07
  7.8429729488917642E-07
  7.8715001234835256E-07
  7.8994116741482739E-07
  7.9268984273003445E-07
  7.9541574198519256E-07
  7.9813969116753763E-07
  8.0088387602984689E-07
  8.0367259753279097E-07
  8.0653287354248495E-07
  8.0949533789012635E-07
  8.1259538281913003E-07
  8.1587466753263888E-07
  8.1938314787938940E-07
  8.2318186057595494E-07
  8.2734682133301398E-07
  8.3197460468649567E-07
  8.3719052848452186E-07
  8.4316099256439710E-07
  8.5011267093261528E-07
  8.5836346451266408E-07
  8.6837459286192831E-07
  8.8084284670954245E-07
  8.9687446883856174E-07
  9.1833952814738626E-07
  9.4867112614307699E-07
  9.9493326789351480E-07
  1.0743522292897256E-06
  1.2428675023229398E-06
  1.8433911120020032E-06
 -3.0072817010244496E-06
  9.2031021641075783E-08
  3.9955185683459814E-07
  5.1606585510626763E-07
  5.7733793816747127E-07
  6.1510547818890583E-07
  6.4069758477235290E-07
  6.5916761419861400E-07
  6.7311036354538097E-07
  6.8399527485481818E-07
  6.9271696146829621E-07
  6.9985134485840666E-07
  7.0578603313610605E-07
  7.1079152874992593E-07
  7.1506239233786132E-07
  7.1874218020072067E-07
  7.2193915793791151E-07
  7.2473653966256919E-07
  7.2719935593823033E-07
  7.2937917822208465E-07
  7.3131743992674313E-07
  5.7294465376040280E-07
  5.7040460846384727E-07
  5.6795223569028406E-07
  5.6558345945924630E-07
  5.6329447678490334E-07
  5.6108173498573325E-07
  1.9223988946927612E-09
  1.9477343852812855E-09
  1.9736619536860642E-09
  2.0002012848727015E-09
  2.0273729154384753E-09
  2.0551982792168063E-09
  2.0836997558181730E-09
  2.1129007222928292E-09
  2.1428256082091583E-09
  2.1734999543514944E-09
  2.2049504753534792E-09
  2.2372051265693995E-09
  2.2702931755121698E-09
  2.3042452782201793E-09
  2.3390935609665074E-09
  2.3748717077484603E-09
  2.4116150540049989E-09
  2.4493606871321366E-09
  2.4881475543313981E-09
  2.5280165784489294E-09
  2.5690107824787772E-09
  2.6111754235116430E-09
  2.6545581369457873E-09
  2.6992090919106554E-09
  2.7451811589104084E-09
  2.7925300908238937E-09
  2.8413147185011892E-09
  2.8915971623689816E-09
 -8.6409100473938786E-07
 -6.2138343194338827E-07
 -4.2646109732766737E-07
 -2.6725902548450251E-07
 -1.3540700716558966E-07
 -2.4899055701910188E-08
  6.8669218235507890E-08
  1.4859928149746010E-07
  2.1741144562461590E-07
  2.7706059420548999E-07
  3.2908446076385221E-07
  3.7470779990719093E-07
  4.1491700381311626E-07
  4.5051448113154684E-07
  4.8215890696702451E-07
  5.1039543523488941E-07
  5.3567866663525546E-07
  5.5839031272768678E-07
  5.7885371733230967E-07
  5.9734144604427630E-07
  6.1408863212017452E-07
  6.2929656286790879E-07
  6.4313897749346718E-07
  6.5576651333534956E-07
  6.6731033446071240E-07
  6.7788511184435123E-07
  6.8759148572980922E-07
  6.9651811177509261E-07
  7.0474337063589081E-07
  7.1233680387379139E-07
  7.1936032620673906E-07
  7.2586925412732638E-07
  7.3191318315713276E-07
  7.3753673990590862E-07
  7.4278023032085288E-07
  7.4768020172122031E-07
  7.5226993322829208E-07
  7.5657986682346924E-07
  7.6063798941604906E-07
  7.6447017484493205E-07
  7.6810049363743559E-07
  7.7155149754738941E-07
  7.7484448536070251E-07
  7.7799975618618204E-07
  7.8103685644958845E-07
  7.8397482709097111E-07
  7.8683245927026782E-07
  7.8962856036048820E-07
  7.9238224788033183E-07
  7.9511326480308513E-07
  7.9784248286482811E-07
  8.0059214144646957E-07
  8.0338660450074143E-07
  8.0625296636156371E-07
  8.0922195486838658E-07
  8.1232907974520621E-07
  8.1561614941775009E-07
  8.1913331250406703E-07
  8.2294185915831014E-07
  8.2711814465970404E-07
  8.3175920800426657E-07
  8.3699101705552715E-07
  8.4298090527633232E-07
  8.4995692809757242E-07
  8.5823910277358287E-07
  8.6829202748864981E-07
  8.8081816296445239E-07
  8.9693387483267499E-07
  9.1852878889902055E-07
  9.4907795183499608E-07
  9.9574944373876133E-07
  1.0760911813645929E-06
  1.2474937042452259E-06
  1.8687840746749381E-06
 -2.7202072421071743E-06
  1.0164092914047156E-07
  4.0225060243844056E-07
  5.1719332050831497E-07
  5.7787278864851741E-07
  6.1535589178613842E-07
  6.4079055770262835E-07
  6.5916482544917952E-07
  6.7304530700788914E-07
  6.8388767472694390E-07
  6.9257917144877434E-07
  6.9969148650945652E-07
  7.0560965861945685E-07
  7.1060255790343463E-07
  7.1486366818526977E-07
  7.1853581247350622E-07
  7.2172674324031080E-07
  7.2451930699360083E-07
  7.2697826548036511E-07
  7.2915498998927882E-07
  7.3109076245993108E-07
  5.7271071532112453E-07
  5.7016978202568588E-07
  5.6771658983992498E-07
  5.6534705722871079E-07
  5.6305737616261987E-07
  5.6084398937323364E-07
  1.9223461583319199E-09
  1.9476805191868805E-09
  1.9736069205391250E-09
  2.0001450457166814E-09
  2.0273154295842318E-09
  2.0551395041494463E-09
  2.0836396470902978E-09
  2.1128392334221740E-09
  2.1427626905621548E-09
  2.1734355570100866E-09
  2.2048845449905828E-09
  2.2371376073069029E-09
  2.2702240087586917E-09
  2.3041744025161284E-09
  2.3390209118119633E-09
  2.3747972174010623E-09
  2.4115386512898315E-09
  2.4492822972210763E-09
  2.4880670985093473E-09
  2.5279339738591289E-09
  2.5689259418580005E-09
  2.6110882548850799E-09
  2.6544685433233726E-09
  2.6991169709403869E-09
  2.7450864025080341E-09
  2.7924325847687888E-09
  2.8412143420123702E-09
  2.8914937876224092E-09
 -8.6747255932309303E-07
 -6.2416176171371291E-07
 -4.2879173968576584E-07
 -2.6924908482762114E-07
 -1.3713245494552500E-07
 -2.6415203028845559E-08
  6.7321200977860159E-08
  1.4738815999951523E-07
  2.1631312803890976E-07
  2.7605622589365652E-07
  3.2815909485525895E-07
  3.7384945075772634E-07
  4.1411596091739556E-07
  4.4976280379634134E-07
  4.8145004671494570E-07
  5.0972394998001841E-07
  5.3504000173085275E-07
  5.5778063145454797E-07
  5.7826977156443985E-07
  5.9678046188969451E-07
  6.1354823656252124E-07
  6.2877471372437843E-07
  6.4263390953810020E-07
  6.5527669450610880E-07
  6.6683443004768920E-07
  6.7742195504008349E-07
  6.8714005328745776E-07
  6.9607750379188964E-07
  7.0431279369503225E-07
  7.1191555693126827E-07
  7.1894778874164218E-07
  7.2546487616678877E-07
  7.3151647686377408E-07
  7.3714727248052990E-07
  7.4239761801498075E-07
  7.4730410480385702E-07
  7.5190005176897900E-07
  7.5621593719593922E-07
  7.6027978143709587E-07
  7.6411748949112742E-07
  7.6775316129506213E-07
  7.7120937677208456E-07
  7.7450746213479843E-07
  7.7766774368506126E-07
  7.8070979534202773E-07
  7.8365268642501531E-07
  7.8651523769705582E-07
  7.8931628967917253E-07
  7.9207499484129232E-07
  7.9481113557244270E-07
  7.9754562953224037E-07
  8.0030076996109538E-07
  8.0310098406575438E-07
  8.0597344299458852E-07
  8.0894896904981429E-07
  8.1206319002963579E-07
  8.1535806438986924E-07
  8.1888393460449741E-07
  8.2270234579126134E-07
  8.2688999495713102E-07
  8.3154438869039112E-07
  8.3679214956611445E-07
  8.4280155184882359E-07
  8.4980204388545457E-07
  8.5811577830410955E-07
  8.6821076510629457E-07
  8.8079519656388618E-07
  8.9699568399589598E-07
  9.1872167990922609E-07
  9.4949084940355426E-07
  9.9657735619005761E-07
  1.0778586260700870E-06
  1.2522260028645815E-06
  1.8954512771124933E-06
 -2.4736294116260408E-06
  1.1097241873399040E-07
  4.0490396074989203E-07
  5.1830650183211400E-07
  5.7840165961117633E-07
  6.1560339885369637E-07
  6.4088200251589602E-07
  6.5916121087479782E-07
  6.7297981644054946E-07
  6.8377987444832476E-07
  6.9244132840658791E-07
  6.9953167161703242E-07
  7.0543339299708966E-07
  7.1041374157916173E-07
  7.1466513110991602E-07
  7.1832965549710433E-07
  7.2151455678795607E-07
  7.2430231567256960E-07
  7.2675742629066371E-07
  7.2893106060279432E-07
  7.3086434966831018E-07
  5.7247702144200159E-07
  5.6993519970546868E-07
  5.6748118772154789E-07
  5.6511089839350137E-07
  5.6282051864225557E-07
  5.6060648660720393E-07
  1.9222934246607921E-09
  1.9476266558650108E-09
  1.9735518902530552E-09
  2.0000888095098146E-09
  2.0272579467702986E-09
  2.0550807322193145E-09
  2.0835795416027877E-09
  2.1127777479019758E-09
  2.1426997763731144E-09
  2.1733711632451285E-09
  2.2048186183285756E-09
  2.2370700918698585E-09
  2.2701548459668898E-09
  2.3041035309170515E-09
  2.3389482669045644E-09
  2.3747227314582712E-09
  2.4114622531442092E-09
  2.4492039120507780E-09
  2.4879866476067795E-09
  2.5278513743793628E-09
  2.5688411065410692E-09
  2.6110010917757850E-09
  2.6543789554414929E-09
  2.6990248559444983E-09
  2.7449916523254121E-09
  2.7923350851973833E-09
  2.8411139722813621E-09
  2.8913904199264323E-09
 -8.7086147354395387E-07
 -6.2694538909464967E-07
 -4.3112627691877379E-07
 -2.7124205450024921E-07
 -1.3886010281759269E-07
 -2.7933026360432138E-08
  6.5971902024119335E-08
  1.4617605848324675E-07
  2.1521406463765350E-07
  2.7505129593010872E-07
  3.2723331376257746E-07
  3.7299080410202042E-07
  4.1331471593528927E-07
  4.4901100237720273E-07
  4.8074112663138335E-07
  5.0905245817935165E-07
  5.3440137475974898E-07
  5.5717184491435499E-07
  5.7768593260845214E-07
  5.9621961129836449E-07
  6.1300799737770247E-07
  6.2825304049602291E-07
  6.4212903431575825E-07
  6.5478708294760700E-07
  6.6635874552642456E-07
  6.7695902913423584E-07
  6.8668886138375660E-07
  6.9563714483221920E-07
  7.0388247328157334E-07
  7.1149457318881655E-07
  7.1853552044560315E-07
  7.2506077274818108E-07
  7.3112004998439021E-07
  7.3675808892215533E-07
  7.4201529368432210E-07
  7.4692829968973189E-07
  7.5153046572083880E-07
  7.5585230642228132E-07
  7.5992187564192092E-07
  7.6376510958884159E-07
  7.6740613766013743E-07
  7.7086756799916915E-07
  7.7417075429897969E-07
  7.7733605011173938E-07
  7.8038305691349827E-07
  7.8333087247414718E-07
  7.8619834722228392E-07
  7.8900435498271206E-07
  7.9176808324255893E-07
  7.9450935394415821E-07
  7.9724913084499360E-07
  8.0000976127990872E-07
  8.0281573597141738E-07
  8.0569430323100330E-07
  8.0867638028013376E-07
  8.1179771359293933E-07
  8.1510041245845018E-07
  8.1863501431356572E-07
  8.2246332076741343E-07
  8.2666237273213541E-07
  8.3133014755837330E-07
  8.3659392724012448E-07
  8.4262293412828405E-07
  8.4964802107207394E-07
  8.5799349530081051E-07
  8.6813081228299409E-07
  8.8077395818054187E-07
  8.9705991465936784E-07
  9.1891823529755132E-07
  9.4990989017789501E-07
  9.9741718289842163E-07
  1.0796551546482980E-06
  1.2570678510356495E-06
  1.9234899269805761E-06
 -2.2595510542705555E-06
  1.2003710272297643E-07
  4.0751297264629695E-07
  5.1940562356434642E-07
  5.7892462265991546E-07
  6.1584802779211825E-07
  6.4097193208532440E-07
  6.5915677683857711E-07
  6.7291389513102208E-07
  6.8367187573207200E-07
  6.9230343319477479E-07
  6.9937190054810142E-07
  7.0525723634473514E-07
  7.1022507967399123E-07
  7.1446678089555130E-07
  7.1812370898461193E-07
  7.2130259824793669E-07
  7.2408556533451367E-07
  7.2653683798402301E-07
  7.2870738966429345E-07
  7.3063820114491444E-07
  5.7224357176634997E-07
  5.6970086114623418E-07
  5.6724602897796607E-07
  5.6487498259624817E-07
  5.6258390386629265E-07
  5.6036922633000777E-07
  1.9222406936820908E-09
  1.9475727953183788E-09
  1.9734968628267817E-09
  2.0000325762521870E-09
  2.0272004670002754E-09
  2.0550219634281010E-09
  2.0835194393565803E-09
  2.1127162657277878E-09
  2.1426368656458804E-09
  2.1733067730569205E-09
  2.2047526953653098E-09
  2.2370025802613911E-09
  2.2700856871346224E-09
  2.3040326634168592E-09
  2.3388756262471782E-09
  2.3746482499187913E-09
  2.4113858595618007E-09
  2.4491255316172691E-09
  2.4879062016199521E-09
  2.5277687800059435E-09
  2.5687562765346076E-09
  2.6109139341848953E-09
  2.6542893732982431E-09
  2.6989327469217416E-09
  2.7448969083649708E-09
  2.7922375921076592E-09
  2.8410136093110541E-09
  2.8912870592831165E-09
 -8.7425777625533202E-07
 -6.2973433368756185E-07
 -4.3346472283634910E-07
 -2.7323794454545119E-07
 -1.4058995829818670E-07
 -2.9452531466323784E-08
  6.4621316852292719E-08
  1.4496297333414352E-07
  2.1411425247462170E-07
  2.7404580186867306E-07
  3.2630711542687256E-07
  3.7213185818128835E-07
  4.1251326732810888E-07
  4.4825907551993042E-07
  4.8003214550614135E-07
  5.0838095874236343E-07
  5.3376278472491247E-07
  5.5656231661484818E-07
  5.7710219961025302E-07
  5.9565889346721240E-07
  6.1246791380932540E-07
  6.2773154246388205E-07
  6.4162435113925354E-07
  6.5429767799887945E-07
  6.6588328026012495E-07
  6.7649633350877949E-07
  6.8623790941955561E-07
  6.9519703431173594E-07
  7.0345240882566682E-07
  7.1107385208933220E-07
  7.1812352077163106E-07
  7.2465694333491885E-07
  7.3072390199155311E-07
  7.3636918871205358E-07
  7.4163325681853109E-07
  7.4655278587599016E-07
  7.5116117458836452E-07
  7.5548897401438901E-07
  7.5956427155027674E-07
  7.6341303466522879E-07
  7.6705942226761795E-07
  7.7052607077171519E-07
  7.7383436140508464E-07
  7.7700467502775912E-07
  7.8005664073609683E-07
  7.8300938482222177E-07
  7.8588178744007900E-07
  7.8869275588347044E-07
  7.9146151271494250E-07
  7.9420791956974780E-07
  7.9695298648058858E-07
  7.9971911510991474E-07
  8.0253085996105700E-07
  8.0541554686051497E-07
  8.0840418840631547E-07
  8.1153265035337033E-07
  8.1484319363764058E-07
  8.1838655176546240E-07
  8.2222478438422934E-07
  8.2643527850330243E-07
  8.3111648542085886E-07
  8.3639635132520787E-07
  8.4244505398338707E-07
  8.4949486244109079E-07
  8.5787225801607121E-07
  8.6805217566384455E-07
  8.8075445860538130E-07
  8.9712658536256995E-07
  9.1911848970450701E-07
  9.5033514672369303E-07
  9.9826910536157707E-07
  1.0814813753838478E-06
  1.2620228537272326E-06
  1.9530073784016372E-06
 -2.0719506105769252E-06
  1.2884595660379451E-07
  4.1007864795593020E-07
  5.2049090555951997E-07
  5.7944174833265995E-07
  6.1608980670853183E-07
  6.4106035918073796E-07
  6.5915152965992889E-07
  6.7284754633758428E-07
  6.8356368028744304E-07
  6.9216548666921116E-07
  6.9921217367089818E-07
  7.0508118874020820E-07
  7.1003657208712568E-07
  7.1426861732730101E-07
  7.1791797264868527E-07
  7.2109086728592145E-07
  7.2386905561509706E-07
  7.2631650017626424E-07
  7.2848397677637610E-07
  7.3041231648385076E-07
  5.7201036593819254E-07
  5.6946676599172824E-07
  5.6701111325269916E-07
  5.6463930948028763E-07
  5.6234753147791996E-07
  5.6013220818471490E-07
  1.9221879653928114E-09
  1.9475189375415449E-09
  1.9734418382571930E-09
  1.9999763459422573E-09
  2.0271429902717036E-09
  2.0549631977786461E-09
  2.0834593403537030E-09
  2.1126547869028875E-09
  2.1425739583760664E-09
  2.1732423864461557E-09
  2.2046867760994293E-09
  2.2369350724762385E-09
  2.2700165322635335E-09
  2.3039618000194459E-09
  2.3388029898397512E-09
  2.3745737727829578E-09
  2.4113094705495916E-09
  2.4490471559205405E-09
  2.4878257605536392E-09
  2.5276861907392995E-09
  2.5686714518335559E-09
  2.6108267821098394E-09
  2.6541997968945859E-09
  2.6988406438720251E-09
  2.7448021706242544E-09
  2.7921401055014313E-09
  2.8409132530967546E-09
  2.8911837056909260E-09
 -8.7766149644281841E-07
 -6.3252861519336324E-07
 -4.3580709129995069E-07
 -2.7523676505809459E-07
 -1.4232202893673857E-07
 -3.0973724128318267E-08
  6.3269440928949388E-08
  1.4374890092932710E-07
  2.1301368859565031E-07
  2.7303974126248739E-07
  3.2538049778037396E-07
  3.7127261122021889E-07
  4.1171161356134456E-07
  4.4750702187166256E-07
  4.7932310213007118E-07
  5.0770945057843668E-07
  5.3312423062942800E-07
  5.5595286176495964E-07
  5.7651857171370735E-07
  5.9509830759583466E-07
  6.1192798509999753E-07
  6.2721021890757210E-07
  6.4111985932043958E-07
  6.5380847900008231E-07
  6.6540803361112690E-07
  6.7603386754754412E-07
  6.8578719679531248E-07
  6.9475717164740736E-07
  7.0302259975737293E-07
  7.1065339307538006E-07
  7.1771178917412649E-07
  7.2425338739086864E-07
  7.3032803235825815E-07
  7.3598057133267998E-07
  7.4125150690725684E-07
  7.4617756286062960E-07
  7.5079217787734653E-07
  7.5512593948551563E-07
  7.5920696868225025E-07
  7.6306126424844041E-07
  7.6671301465336002E-07
  7.7018488463404721E-07
  7.7349828300617667E-07
  7.7667361799560509E-07
  7.7973054638289339E-07
  7.8268822305409257E-07
  7.8556555794425840E-07
  7.8838149199565084E-07
  7.9115528289088663E-07
  7.9390683210260570E-07
  7.9665719611704712E-07
  7.9942883115958503E-07
  8.0224635578106860E-07
  8.0513717367652689E-07
  8.0813239327851420E-07
  8.1126800023418813E-07
  8.1458640794314306E-07
  8.1813854709998813E-07
  8.2198673694213811E-07
  8.2620871278779842E-07
  8.3090340310240027E-07
  8.3619942306949700E-07
  8.4226791328090359E-07
  8.4934257081451971E-07
  8.5775207074347730E-07
  8.6797486194224640E-07
  8.8073670873642109E-07
  8.9719571491906736E-07
  9.1932247822346618E-07
  9.5076669277326607E-07
  9.9913330874548980E-07
  1.0833379134936737E-06
  1.2670947761976892E-06
  1.9841224950257368E-06
 -1.9062075636215406E-06
  1.3740936320780283E-07
  4.1260196627243657E-07
  5.2156256327677686E-07
  5.7995310604438103E-07
  6.1632876329237288E-07
  6.4114729645867642E-07
  6.5914547558105864E-07
  6.7278077330152019E-07
  6.8345528979883224E-07
  6.9202748967719795E-07
  6.9905249134414243E-07
  7.0490525025561485E-07
  7.0984821871599606E-07
  7.1407064019172790E-07
  7.1771244620408641E-07
  7.2087936356941986E-07
  7.2365278615185119E-07
  7.2609641248413145E-07
  7.2826082154253874E-07
  7.3018669527989741E-07
  5.7177740360225774E-07
  5.6923291388640182E-07
  5.6677644018997234E-07
  5.6440387868966136E-07
  5.6211140112103100E-07
  5.5989543181510031E-07
  1.9221352397913491E-09
  1.9474650825380251E-09
  1.9733868165460009E-09
  1.9999201185782564E-09
  2.0270855165847216E-09
  2.0549044352672298E-09
  2.0833992445911311E-09
  2.1125933114246591E-09
  2.1425110545654011E-09
  2.1731780034097153E-09
  2.2046208605316855E-09
  2.2368675685187173E-09
  2.2699473813532897E-09
  2.3038909407230647E-09
  2.3387303576805899E-09
  2.3744993000523355E-09
  2.4112330861011426E-09
  2.4489687849627024E-09
  2.4877453244038724E-09
  2.5276036065792459E-09
  2.5685866324375538E-09
  2.6107396355535217E-09
  2.6541102262294982E-09
  2.6987485467948182E-09
  2.7447074391029494E-09
  2.7920426253753140E-09
  2.8408129036427226E-09
  2.8910803591472982E-09
 -8.8107266320134308E-07
 -6.3532825334887739E-07
 -4.3815339623744358E-07
 -2.7723852616758744E-07
 -1.4405632229649995E-07
 -3.2496610144721923E-08
  6.1916269715467323E-08
  1.4253383763543638E-07
  2.1191237004494089E-07
  2.7203311165568475E-07
  3.2445345875805840E-07
  3.7041306145201848E-07
  4.1090975309401750E-07
  4.4675484007473407E-07
  4.7861399529314202E-07
  5.0703793259325291E-07
  5.3248571147632890E-07
  5.5534347944579351E-07
  5.7593504806509918E-07
  5.9453785288181145E-07
  6.1138821049281096E-07
  6.2668906910909236E-07
  6.4061555817310268E-07
  6.5331948529163568E-07
  6.6493300494398249E-07
  6.7557163063495235E-07
  6.8533672291346261E-07
  6.9431755625641436E-07
  7.0259304550875438E-07
  7.1023319559050597E-07
  7.1730032510704666E-07
  7.2385010438117956E-07
  7.2993244055937636E-07
  7.3559223626677493E-07
  7.4087004344204007E-07
  7.4580263014301847E-07
  7.5042347509421989E-07
  7.5476320234973184E-07
  7.5884996655954386E-07
  7.6270979786728210E-07
  7.6636691435401417E-07
  7.6984400913107591E-07
  7.7316251865611304E-07
  7.7634287857882673E-07
  7.7940477342793233E-07
  7.8236738675572997E-07
  7.8524965832821388E-07
  7.8807056293389953E-07
  7.9084939340312345E-07
  7.9360609119709237E-07
  7.9636175943392470E-07
  7.9913890913999020E-07
  8.0196222317942083E-07
  8.0485918347126666E-07
  8.0786099474868426E-07
  8.1100376316134552E-07
  8.1433005539694733E-07
  8.1789100045918397E-07
  8.2174917874644608E-07
  8.2598267611600069E-07
  8.3069090143808340E-07
  8.3600314374515880E-07
  8.4209151392965146E-07
  8.4919114903783297E-07
  8.5763293781048474E-07
  8.6789887788983303E-07
  8.8072071959264225E-07
  8.9726732233112690E-07
  9.1953023644850695E-07
  9.5120460338620951E-07
  1.0000099823281037E-06
  1.0852254123313759E-06
  1.2722875536106677E-06
  2.0169672298692489E-06
 -1.7587173564506953E-06
  1.4573715086867026E-07
  4.1508387773061040E-07
  5.2262080768763169E-07
  5.8045876415692356E-07
  6.1656492499892711E-07
  6.4123275641695983E-07
  6.5913862080920211E-07
  6.7271357924188927E-07
  6.8334670595489899E-07
  6.9188944306123839E-07
  6.9889285393366282E-07
  7.0472942096782958E-07
  7.0966001945632056E-07
  7.1387284927442961E-07
  7.1750712936571054E-07
  7.2066808676772102E-07
  7.2343675658227147E-07
  7.2587657452528700E-07
  7.2803792356718277E-07
  7.2996133712890427E-07
  5.7154468440397759E-07
  5.6899930447540930E-07
  5.6654200943471396E-07
  5.6416868986911484E-07
  5.6187551244022290E-07
  5.5965889686564193E-07
  1.9220825168831550E-09
  1.9474112303067429E-09
  1.9733317976938680E-09
  1.9998638941639126E-09
  2.0270280459383116E-09
  2.0548456758931827E-09
  2.0833391520676774E-09
  2.1125318392947804E-09
  2.1424481542159576E-09
  2.1731136239487491E-09
  2.2045549486615764E-09
  2.2368000683881518E-09
  2.2698782344022563E-09
  2.3038200855260838E-09
  2.3386577297667172E-09
  2.3744248317227703E-09
  2.4111567062200276E-09
  2.4488904187402825E-09
  2.4876648931698613E-09
  2.5275210275254878E-09
  2.5685018183481929E-09
  2.6106524945108297E-09
  2.6540206613014040E-09
  2.6986564556910745E-09
  2.7446127138005165E-09
  2.7919451517300236E-09
  2.8407125609428991E-09
  2.8909770196542950E-09
 -8.8449130579490979E-07
 -6.3813326801892945E-07
 -4.4050365162260380E-07
 -2.7924323803218466E-07
 -1.4579284597381020E-07
 -3.4021195326085056E-08
  6.0561798661504057E-08
  1.4131777981622539E-07
  2.1081029385648109E-07
  2.7102591059464307E-07
  3.2352599628636164E-07
  3.6955320710238443E-07
  4.1010768438797473E-07
  4.4600252877248188E-07
  4.7790482378667204E-07
  5.0636640369525928E-07
  5.3184722626841451E-07
  5.5473416873831343E-07
  5.7535162780913013E-07
  5.9397752852536092E-07
  6.1084858923195088E-07
  6.2616809234957623E-07
  6.4011144701006914E-07
  6.5283069621383758E-07
  6.6445819362332161E-07
  6.7510962215551289E-07
  6.8488648717658848E-07
  6.9387818755731656E-07
  7.0216374551116058E-07
  7.0981325907947709E-07
  7.1688912802701169E-07
  7.2344709377153698E-07
  7.2953712606954708E-07
  7.3520418299819010E-07
  7.4048886591478499E-07
  7.4542798722230833E-07
  7.5005506574623092E-07
  7.5440076212178104E-07
  7.5849326470436692E-07
  7.6235863505186306E-07
  7.6602112090764071E-07
  7.6950344380887400E-07
  7.7282706790969980E-07
  7.7601245634182273E-07
  7.7907932144630466E-07
  7.8204687551406788E-07
  7.8493408818395193E-07
  7.8775996831447194E-07
  7.9054384388646043E-07
  7.9330569650917099E-07
  7.9606667611220097E-07
  7.9884934876257640E-07
  8.0167846190522135E-07
  8.0458157604151856E-07
  8.0758999267087086E-07
  8.1073993906213861E-07
  8.1407413601813217E-07
  8.1764391199079239E-07
  8.2151211011196736E-07
  8.2575716902086216E-07
  8.3047898126858019E-07
  8.3580751462489459E-07
  8.4191585783678170E-07
  8.4904059998325685E-07
  8.5751486359025922E-07
  8.6782423035302172E-07
  8.8070650232912182E-07
  8.9734142684608977E-07
  9.1974180050694506E-07
  9.5164895483887119E-07
  1.0008993192222640E-06
  1.0871445336802587E-06
  1.2776052992836253E-06
  2.0516884845331220E-06
 -1.6266267125710077E-06
  1.5383863146632919E-07
  4.1752530486356562E-07
  5.2366584563081121E-07
  5.8095879002720483E-07
  6.1679831884409163E-07
  6.4131675145538005E-07
  6.5913097150122918E-07
  6.7264596735443746E-07
  6.8323793042401392E-07
  6.9175134765760324E-07
  6.9873326179750919E-07
  7.0455370094820698E-07
  7.0947197420699159E-07
  7.1367524436245167E-07
  7.1730202184806984E-07
  7.2045703654919893E-07
  7.2322096654447505E-07
  7.2565698591813323E-07
  7.2781528245557858E-07
  7.2973624162753499E-07
  5.7131220798948595E-07
  5.6876593740460684E-07
  5.6630782063255359E-07
  5.6393374266409386E-07
  5.6163986508079342E-07
  5.5942260298151894E-07
  1.9220297966628355E-09
  1.9473573808491788E-09
  1.9732767816988455E-09
  1.9998076726968773E-09
  2.0269705783322647E-09
  2.0547869196588840E-09
  2.0832790627863474E-09
  2.1124703705102328E-09
  2.1423852573240964E-09
  2.1730492480638430E-09
  2.2044890404894527E-09
  2.2367325720812655E-09
  2.2698090914105526E-09
  2.3037492344296917E-09
  2.3385851061034750E-09
  2.3743503677959987E-09
  2.4110803309023787E-09
  2.4488120572543895E-09
  2.4875844668525911E-09
  2.5274384535791191E-09
  2.5684170095636178E-09
  2.6105653589841697E-09
  2.6539311021093888E-09
  2.6985643705544340E-09
  2.7445179947174630E-09
  2.7918476845632713E-09
  2.8406122250000121E-09
  2.8908736872093524E-09
 -8.8791745358652764E-07
 -6.4094367913248688E-07
 -4.4285787148151715E-07
 -2.8125091083959301E-07
 -1.4753160757960554E-07
 -3.5547485507274486E-08
  5.9206023199290956E-08
  1.4010072382444482E-07
  2.0970745706280302E-07
  2.7001813561822266E-07
  3.2259810829730540E-07
  3.6869304639488373E-07
  4.0930540589942306E-07
  4.4525008660885749E-07
  4.7719558639803099E-07
  5.0569486279168822E-07
  5.3120877400963580E-07
  5.5412492872354668E-07
  5.7476831009261354E-07
  5.9341733372517793E-07
  6.1030912056242432E-07
  6.2564728791175262E-07
  6.3960752514632903E-07
  6.5234211110940856E-07
  6.6398359901345536E-07
  6.7464784149477023E-07
  6.8443648898810435E-07
  6.9343906496897990E-07
  7.0173469919834989E-07
  7.0939358298716973E-07
  7.1647819738992182E-07
  7.2304435502864683E-07
  7.2914208836464592E-07
  7.3481641101128805E-07
  7.4010797381824974E-07
  7.4505363359961961E-07
  7.4968694934178307E-07
  7.5403861831705418E-07
  7.5813686264002284E-07
  7.6200777533289010E-07
  7.6567563385256910E-07
  7.6916318821429898E-07
  7.7249193032269326E-07
  7.7568235085000833E-07
  7.7875419001401237E-07
  7.8172668891708681E-07
  7.8461884710006693E-07
  7.8744970775419398E-07
  7.9023863397634283E-07
  7.9300564769591519E-07
  7.9577194583460173E-07
  7.9856014974095333E-07
  8.0139507170984906E-07
  8.0430435118593165E-07
  8.0731938690144126E-07
  8.1047652786781330E-07
  8.1381864983660008E-07
  8.1739728184471248E-07
  8.2127553135193493E-07
  8.2553219204467926E-07
  8.3026764344516553E-07
  8.3561253700582912E-07
  8.4174094693221324E-07
  8.4889092655003021E-07
  8.5739785249843525E-07
  8.6775092623836677E-07
  8.8069406821907382E-07
  8.9741804796972081E-07
  9.1995720700606684E-07
  9.5209982471319280E-07
  1.0018015168059864E-06
  1.0890959586670349E-06
  1.2830523170438007E-06
  2.0884502820619324E-06
 -1.5076475806176196E-06
  1.6172263269968756E-07
  4.1992714284915994E-07
  5.2469787971992291E-07
  5.8145324997225860E-07
  6.1702897161740257E-07
  6.4139929385248857E-07
  6.5912253375534763E-07
  6.7257794080072380E-07
  6.8312896485944209E-07
  6.9161320429755030E-07
  6.9857371529172663E-07
  7.0437809027116788E-07
  7.0928408286619431E-07
  7.1347782524337983E-07
  7.1709712336830425E-07
  7.2024621258354242E-07
  7.2300541567874344E-07
  7.2543764628216314E-07
  7.2759289781387467E-07
  7.2951140837331542E-07
  5.7107997400561722E-07
  5.6853281232055025E-07
  5.6607387342982121E-07
  5.6369903672074435E-07
  5.6140445868874039E-07
  5.5918654980860994E-07
  1.9219770791349683E-09
  1.9473035341626821E-09
  1.9732217685622387E-09
  1.9997514541766536E-09
  2.0269131137676443E-09
  2.0547281665624548E-09
  2.0832189767451503E-09
  2.1124089050740113E-09
  2.1423223638887984E-09
  2.1729848757537522E-09
  2.2044231360131665E-09
  2.2366650796002181E-09
  2.2697399523786352E-09
  2.3036783874320258E-09
  2.3385124866863072E-09
  2.3742759082693810E-09
  2.4110039601501472E-09
  2.4487337005050120E-09
  2.4875040454513814E-09
  2.5273558847363420E-09
  2.5683322060853612E-09
  2.6104782289730197E-09
  2.6538415486558498E-09
  2.6984722913920099E-09
  2.7444232818505681E-09
  2.7917502238755001E-09
  2.8405118958121541E-09
  2.8907703618117554E-09
 -8.9135113611005842E-07
 -6.4375950668309263E-07
 -4.4521606989347195E-07
 -2.8326155481802247E-07
 -1.4927261475757067E-07
 -3.7075486539815099E-08
  5.7848938748736644E-08
  1.3888266600176952E-07
  2.0860385668617632E-07
  2.6900978426101173E-07
  3.2166979270635796E-07
  3.6783257755486996E-07
  4.0850291608683181E-07
  4.4449751222525991E-07
  4.7648628191726877E-07
  5.0502330878928276E-07
  5.3057035370162362E-07
  5.5351575848395615E-07
  5.7418509406144787E-07
  5.9285726768160303E-07
  6.0976980372848339E-07
  6.2512665507768380E-07
  6.3910379189641755E-07
  6.5185372932009442E-07
  6.6350922048112167E-07
  6.7418628803935597E-07
  6.8398672775164069E-07
  6.9300018791163309E-07
  7.0130590600293560E-07
  7.0897416675985748E-07
  7.1606753265304268E-07
  7.2264188761963253E-07
  7.2874732692159307E-07
  7.3442891979184186E-07
  7.3972736664619661E-07
  7.4467956877604146E-07
  7.4931912538984701E-07
  7.5367677045249103E-07
  7.5778075989025656E-07
  7.6165721824180363E-07
  7.6533045272841068E-07
  7.6882324189514863E-07
  7.7215710545182191E-07
  7.7535256166973348E-07
  7.7842937870808766E-07
  7.8140682655375291E-07
  7.8430393465804034E-07
  7.8713978087155300E-07
  7.8993376330963461E-07
  7.9270594441533711E-07
  7.9547756828448533E-07
  7.9827131178928939E-07
  8.0111205234575645E-07
  8.0402750870299488E-07
  8.0704917729898913E-07
  8.1021352951093339E-07
  8.1356359687935362E-07
  8.1715111017670842E-07
  8.2103944279137016E-07
  8.2530774573103549E-07
  8.3005688882811446E-07
  8.3541821218561697E-07
  8.4156678317398948E-07
  8.4874213165839984E-07
  8.5728190899338356E-07
  8.6767897252355205E-07
  8.8068342864854763E-07
  8.9749720544257038E-07
  9.2017649311787973E-07
  9.5255729195852606E-07
  1.0027167766696344E-06
  1.0910803882128160E-06
  1.2886331103384996E-06
  2.1274363386500661E-06
 -1.3999237926847794E-06
  1.6939752980996023E-07
  4.2229026100944897E-07
  5.2571710856013761E-07
  5.8194220936578758E-07
  6.1725690972808397E-07
  6.4148039574464281E-07
  6.5911331361996986E-07
  6.7250950272539009E-07
  6.8301981091892840E-07
  6.9147501381562831E-07
  6.9841421477355777E-07
  7.0420258900841870E-07
  7.0909634533038551E-07
  7.1328059170386724E-07
  7.1689243364312432E-07
  7.2003561454180452E-07
  7.2279010362469006E-07
  7.2521855523760368E-07
  7.2737076924910907E-07
  7.2928683696478625E-07
  5.7084798209990361E-07
  5.6829992887049436E-07
  5.6584016747354442E-07
  5.6346457168591077E-07
  5.6116929291075980E-07
  5.5895073699349181E-07
  1.9219243642954409E-09
  1.9472496902476917E-09
  1.9731667582814018E-09
  1.9996952386040739E-09
  2.0268556522427402E-09
  2.0546694166046633E-09
  2.0831588939438163E-09
  2.1123474429844141E-09
  2.1422594739144804E-09
  2.1729205070177508E-09
  2.2043572352351718E-09
  2.2365975909436019E-09
  2.2696708173034007E-09
  2.3036075445362509E-09
  2.3384398715156634E-09
  2.3742014531480736E-09
  2.4109275939625445E-09
  2.4486553484897405E-09
  2.4874236289654956E-09
  2.5272733209980890E-09
  2.5682474079095218E-09
  2.6103911044754178E-09
  2.6537520009378877E-09
  2.6983802181981555E-09
  2.7443285752012693E-09
  2.7916527696669379E-09
  2.8404115733797627E-09
  2.8906670434613339E-09
 -8.9479238301170070E-07
 -6.4658077079398327E-07
 -4.4757826099123478E-07
 -2.8527518024304616E-07
 -1.5101587517095889E-07
 -3.8605204275913220E-08
  5.6490540725196944E-08
  1.3766360268715343E-07
  2.0749948974714211E-07
  2.6800085405002433E-07
  3.2074104743819374E-07
  3.6697179880317175E-07
  4.0770021340361915E-07
  4.4374480426021856E-07
  4.7577690913075256E-07
  5.0435174059383399E-07
  5.2993196434770566E-07
  5.5290665710032527E-07
  5.7360197886107652E-07
  5.9229732959504200E-07
  6.0923063797507616E-07
  6.2460619313127691E-07
  6.3860024657594318E-07
  6.5136555018866303E-07
  6.6303505739240713E-07
  6.7372496117671502E-07
  6.8353720287285999E-07
  6.9256155580529744E-07
  7.0087736536033320E-07
  7.0855500984465865E-07
  7.1565713327422620E-07
  7.2223969101254237E-07
  7.2835284121789670E-07
  7.3404170882589585E-07
  7.3934704389276482E-07
  7.4430579225433504E-07
  7.4895159340028850E-07
  7.5331521804537989E-07
  7.5742495598013797E-07
  7.6130696331138750E-07
  7.6498557707567071E-07
  7.6848360440021985E-07
  7.7182259285471031E-07
  7.7502308836831268E-07
  7.7810488710658179E-07
  7.8108728801408136E-07
  7.8398935042208916E-07
  7.8683018728615161E-07
  7.8962923152457605E-07
  7.9240658632700129E-07
  7.9518354314756716E-07
  7.9798283462453011E-07
  8.0082940356840682E-07
  8.0375104839522020E-07
  8.0677936372487708E-07
  8.0995094392680429E-07
  8.1330897717885489E-07
  8.1690539714467519E-07
  8.2080384475364504E-07
  8.2508383063961453E-07
  8.2984671828844917E-07
  8.3522454148060516E-07
  8.4139336852352002E-07
  8.4859421826536664E-07
  8.5716703756904710E-07
  8.6760837626824026E-07
  8.8067459515796439E-07
  8.9757891923416836E-07
  9.2039969652521238E-07
  9.5302143680630640E-07
  1.0036453046975014E-06
  1.0930985439014579E-06
  1.2943523949930813E-06
  2.1688531130428977E-06
 -1.3019337497431019E-06
  1.7687127359055151E-07
  4.2461550357086304E-07
  5.2672372673599027E-07
  5.8242573253189252E-07
  6.1748215928893669E-07
  6.4156006918491631E-07
  6.5910331710212553E-07
  6.7244065626429969E-07
  6.8291047023787727E-07
  6.9133677702829530E-07
  6.9825476059082131E-07
  7.0402719722985111E-07
  7.0890876149918131E-07
  7.1308354353278184E-07
  7.1668795239000200E-07
  7.1982524209545051E-07
  7.2257503002379361E-07
  7.2499971240540983E-07
  7.2714889636921342E-07
  7.2906252700114778E-07
  5.7061623192057467E-07
  5.6806728670238940E-07
  5.6560670241144741E-07
  5.6323034720713316E-07
  5.6093436739424317E-07
  5.5871516418343716E-07
  1.9218716521429990E-09
  1.9471958491043478E-09
  1.9731117508607134E-09
  1.9996390259783558E-09
  2.0267981937600567E-09
  2.0546106697839773E-09
  2.0830988143819639E-09
  2.1122859842400267E-09
  2.1421965873950455E-09
  2.1728561418557955E-09
  2.2042913381514418E-09
  2.2365301061112538E-09
  2.2696016861886983E-09
  2.3035367057374619E-09
  2.3383672605911494E-09
  2.3741270024257355E-09
  2.4108512323384447E-09
  2.4485770012096806E-09
  2.4873432173920791E-09
  2.5271907623647261E-09
  2.5681626150383495E-09
  2.6103039854918344E-09
  2.6536624589558589E-09
  2.6982881509748717E-09
  2.7442338747696916E-09
  2.7915553219354013E-09
  2.8403112577013092E-09
  2.8905637321581898E-09
 -8.9824122406244154E-07
 -6.4940749162599742E-07
 -4.4994445896096279E-07
 -2.8729179740183792E-07
 -1.5276139650685486E-07
 -4.0136644611881768E-08
  5.5130824528755198E-08
  1.3644353021099386E-07
  2.0639435325803429E-07
  2.6699134251636810E-07
  3.1981187040977232E-07
  3.6611070835789685E-07
  4.0689729630561325E-07
  4.4299196135303337E-07
  4.7506746682703201E-07
  5.0368015711259403E-07
  5.2929360495113811E-07
  5.5229762365465667E-07
  5.7301896363992124E-07
  5.9173751866565315E-07
  6.0869162254898332E-07
  6.2408590135611052E-07
  6.3809688850085240E-07
  6.5087757305866333E-07
  6.6256110911523362E-07
  6.7326386029355468E-07
  6.8308791375717076E-07
  6.9212316807195734E-07
  7.0044907670523798E-07
  7.0813611168840323E-07
  7.1524699871254621E-07
  7.2183776467689219E-07
  7.2795863073182569E-07
  7.3365477760036290E-07
  7.3896700505348790E-07
  7.4393230353729752E-07
  7.4858435288401621E-07
  7.5295396061377002E-07
  7.5706945043535128E-07
  7.6095701007485729E-07
  7.6464100643549939E-07
  7.6814427527922684E-07
  7.7148839208996609E-07
  7.7469393051405580E-07
  7.7778071478847218E-07
  7.8076807288905215E-07
  7.8367509390311571E-07
  7.8652092661812367E-07
  7.8932503825990220E-07
  7.9210757309180890E-07
  7.9488987010963550E-07
  7.9769471796389258E-07
  8.0054712513260412E-07
  8.0347497006538582E-07
  8.0650994604158540E-07
  8.0968877105582019E-07
  8.1305479077171965E-07
  8.1666014291053913E-07
  8.2056873757182423E-07
  8.2486044732612560E-07
  8.2963713269970584E-07
  8.3503152622185430E-07
  8.4122070496811337E-07
  8.4844718935579711E-07
  8.5705324277471224E-07
  8.6753914458973342E-07
  8.8066757937721470E-07
  8.9766320959285461E-07
  9.2062685548167051E-07
  9.5349234095383408E-07
  1.0045873113512244E-06
  1.0951511687237077E-06
  1.3002151120383562E-06
  2.2129334313963071E-06
 -1.2124182879263546E-06
  1.8415141774579025E-07
  4.2690369033451283E-07
  5.2771792506402855E-07
  5.8290388286254790E-07
  6.1770474612073638E-07
  6.4163832607624931E-07
  6.5909255014418602E-07
  6.7237140451270178E-07
  6.8280094444390486E-07
  6.9119849475516617E-07
  6.9809535309853313E-07
  7.0385191500741715E-07
  7.0872133126858808E-07
  7.1288668051882891E-07
  7.1648367932665659E-07
  7.1961509491635801E-07
  7.2236019451781070E-07
  7.2478111740771373E-07
  7.2692727878298088E-07
  7.2883847808265543E-07
  5.7038472311655463E-07
  5.6783488546488144E-07
  5.6537347789194893E-07
  5.6299636293264626E-07
  5.6069968178727688E-07
  5.5847983102641327E-07
  1.9218189426809372E-09
  1.9471420107324465E-09
  1.9730567462957880E-09
  1.9995828162989987E-09
  2.0267407383152287E-09
  2.0545519261012813E-09
  2.0830387380592093E-09
  2.1122245288422975E-09
  2.1421337043346207E-09
  2.1727917802681810E-09
  2.2042254447666489E-09
  2.2364626251022759E-09
  2.2695325590310269E-09
  2.3034658710368454E-09
  2.3382946539135532E-09
  2.3740525561044933E-09
  2.4107748752785674E-09
  2.4484986586663841E-09
  2.4872628107375765E-09
  2.5271082088351821E-09
  2.5680778274691075E-09
  2.6102168720204735E-09
  2.6535729227075786E-09
  2.6981960897193147E-09
  2.7441391805527726E-09
  2.7914578806795850E-09
  2.8402109487737349E-09
  2.8904604278997045E-09
 -9.0169768919479044E-07
 -6.5223968943344619E-07
 -4.5231467803547896E-07
 -2.8931141663516993E-07
 -1.5450918647669059E-07
 -4.1669813433597157E-08
  5.3769785547273280E-08
  1.3522244488475491E-07
  2.0528844422563870E-07
  2.6598124717842635E-07
  3.1888225953495604E-07
  3.6524930443300566E-07
  4.0609416324373274E-07
  4.4223898214571363E-07
  4.7435795379134784E-07
  5.0300855725043906E-07
  5.2865527451248498E-07
  5.5168865722827060E-07
  5.7243604754384070E-07
  5.9117783409522324E-07
  6.0815275669597753E-07
  6.2356577903653455E-07
  6.3759371698807761E-07
  6.5038979727520619E-07
  6.6208737501651039E-07
  6.7280298477911707E-07
  6.8263885981050621E-07
  6.9168502413284343E-07
  7.0002103947358994E-07
  7.0771747174047183E-07
  7.1483712842751524E-07
  7.2143610808215595E-07
  7.2756469494300736E-07
  7.3326812560365934E-07
  7.3858724962435267E-07
  7.4355910212890724E-07
  7.4821740335259866E-07
  7.5259299767707770E-07
  7.5671424278266425E-07
  7.6060735806673792E-07
  7.6429674035044629E-07
  7.6780525408259215E-07
  7.7115450271705822E-07
  7.7436508767616315E-07
  7.7745686133372830E-07
  7.8044918077076130E-07
  7.8336116428852646E-07
  7.8621199848907989E-07
  7.8902118315621740E-07
  7.9180890437173586E-07
  7.9459654885879311E-07
  7.9740696152753120E-07
  8.0026521679690576E-07
  8.0319927351900282E-07
  8.0624092411342831E-07
  8.0942701083666545E-07
  8.1280103769608588E-07
  8.1641534764214013E-07
  8.2033412157964424E-07
  8.2463759636112193E-07
  8.2942813295122206E-07
  8.3483916774933206E-07
  8.4104879451367556E-07
  8.4830104792999991E-07
  8.5694052919610185E-07
  8.6747128469920153E-07
  8.8066239311455205E-07
  8.9775009699410405E-07
  9.2085800874480272E-07
  9.5397008749847773E-07
  1.0055430116258538E-06
  1.0972390280283546E-06
  1.3062264402507849E-06
  2.2599408412247818E-06
 -1.1303264437087700E-06
  1.9124514301699882E-07
  4.2915561816366593E-07
  5.2869989056955929E-07
  5.8337672281032449E-07
  6.1792469573984553E-07
  6.4171517821784548E-07
  6.5908101865592234E-07
  6.7230175054982656E-07
  6.8269123515511123E-07
  6.9106016780932714E-07
  6.9793599264393184E-07
  7.0367674241131840E-07
  7.0853405453767369E-07
  7.1269000245043382E-07
  7.1627961417216769E-07
  7.1940517267820368E-07
  7.2214559674970902E-07
  7.2456276986736868E-07
  7.2670591610011287E-07
  7.2861468981032013E-07
  5.7015345533746131E-07
  5.6760272480730933E-07
  5.6514049356416093E-07
  5.6276261851137800E-07
  5.6046523573864043E-07
  5.5824473717108009E-07
  1.9217662359074742E-09
  1.9470881751300357E-09
  1.9730017445870002E-09
  1.9995266095651036E-09
  2.0266832859122044E-09
  2.0544931855541763E-09
  2.0829786649763177E-09
  2.1121630767902116E-09
  2.1420708247311635E-09
  2.1727274222549803E-09
  2.2041595550769391E-09
  2.2363951479169573E-09
  2.2694634358315831E-09
  2.3033950404350800E-09
  2.3382220514813548E-09
  2.3739781141851308E-09
  2.4106985227811719E-09
  2.4484203208561599E-09
  2.4871824089952947E-09
  2.5270256604088280E-09
  2.5679930452033257E-09
  2.6101297640634112E-09
  2.6534833921941787E-09
  2.6981040344322194E-09
  2.7440444925519001E-09
  2.7913604459025607E-09
  2.8401106466010853E-09
  2.8903571306867962E-09
 -9.0516180849185126E-07
 -6.5507738459299781E-07
 -4.5468893251648585E-07
 -2.9133404831322317E-07
 -1.5625925281604285E-07
 -4.3204716659024797E-08
  5.2407419157793065E-08
  1.3400034302742686E-07
  2.0418175965012208E-07
  2.6497056555333656E-07
  3.1795221272300344E-07
  3.6438758524504602E-07
  4.0529081267226869E-07
  4.4148586527187169E-07
  4.7364836881101480E-07
  5.0233693991531386E-07
  5.2801697203743866E-07
  5.5107975690336641E-07
  5.7185322971993358E-07
  5.9061827508424878E-07
  6.0761403966282638E-07
  6.2304582545787912E-07
  6.3709073135456985E-07
  6.4990222218253478E-07
  6.6161385446579846E-07
  6.7234233402201052E-07
  6.8219004044059613E-07
  6.9124712341099457E-07
  6.9959325310240906E-07
  7.0729908944954068E-07
  7.1442752187970881E-07
  7.2103472069901184E-07
  7.2717103333084287E-07
  7.3288175232411661E-07
  7.3820777710257752E-07
  7.4318618753433476E-07
  7.4785074431860140E-07
  7.5223232875525199E-07
  7.5635933254951955E-07
  7.6025800682201495E-07
  7.6395277836332803E-07
  7.6746654036195351E-07
  7.7082092429640010E-07
  7.7403655942482416E-07
  7.7713332632331832E-07
  7.8013061125221648E-07
  7.8304756881864816E-07
  7.8590340252201700E-07
  7.8871766585512125E-07
  7.9151057983003396E-07
  7.9430357908403512E-07
  7.9711956503577834E-07
  7.9998367832085835E-07
  8.0292395856487871E-07
  8.0597229780902296E-07
  8.0916566321456613E-07
  8.1254771799347693E-07
  8.1617101150951456E-07
  8.2009999712382889E-07
  8.2441527831661694E-07
  8.2921971993826527E-07
  8.3464746741584823E-07
  8.4087763918485748E-07
  8.4815579702285278E-07
  8.5682890146347611E-07
  8.6740480385179709E-07
  8.8065904827062871E-07
  8.9783960219114144E-07
  9.2109319566268496E-07
  9.5445476094509155E-07
  1.0065126251751308E-06
  1.0993629099584240E-06
  1.3123918119030455E-06
  2.3101748528006894E-06
 -1.0547741274313914E-06
  1.9815927942605720E-07
  4.3137206102478926E-07
  5.2966980665782118E-07
  5.8384431392855229E-07
  6.1814203331878526E-07
  6.4179063729490517E-07
  6.5906872849128242E-07
  6.7223169743415478E-07
  6.8258134397898323E-07
  6.9092179699956145E-07
  6.9777667957083500E-07
  7.0350167951007241E-07
  7.0834693120389899E-07
  7.1249350911749990E-07
  7.1607575664698849E-07
  7.1919547505371907E-07
  7.2193123636335219E-07
  7.2434466940795313E-07
  7.2648480793110764E-07
  7.2839116178620550E-07
  5.6992242823360393E-07
  5.6737080437970331E-07
  5.6490774907788651E-07
  5.6252911359294737E-07
  5.6023102889780395E-07
  5.5800988226678875E-07
  1.9217135318228167E-09
  1.9470343423001101E-09
  1.9729467457348410E-09
  1.9994704057781983E-09
  2.0266258365463312E-09
  2.0544344481470601E-09
  2.0829185951323329E-09
  2.1121016280831580E-09
  2.1420079485818335E-09
  2.1726630678144933E-09
  2.2040936690810147E-09
  2.2363276745568958E-09
  2.2693943165887861E-09
  2.3033242139313245E-09
  2.3381494532956220E-09
  2.3739036766641647E-09
  2.4106221748473136E-09
  2.4483419877778229E-09
  2.4871020121654959E-09
  2.5269431170847031E-09
  2.5679082682400943E-09
  2.6100426616186871E-09
  2.6533938674150740E-09
  2.6980119851117359E-09
  2.7439498107653315E-09
  2.7912630176004516E-09
  2.8400103511799753E-09
  2.8902538405184824E-09
 -9.0863361215201365E-07
 -6.5792059751967795E-07
 -4.5706723675252221E-07
 -2.9335970284246019E-07
 -1.5801160328951233E-07
 -4.4741360223358114E-08
  5.1043720724587248E-08
  1.3277722093898528E-07
  2.0307429652152252E-07
  2.6395929515791397E-07
  3.1702172788305247E-07
  3.6352554900587632E-07
  4.0448724303570466E-07
  4.4073260936969313E-07
  4.7293871067156476E-07
  5.0166530400975478E-07
  5.2737869652572872E-07
  5.5047092176176514E-07
  5.7127050931581645E-07
  5.9005884083581914E-07
  6.0707547069662990E-07
  6.2252603990479560E-07
  6.3658793091825827E-07
  6.4941484712537554E-07
  6.6114054683211545E-07
  6.7188190741275819E-07
  6.8174145505449058E-07
  6.9080946533017148E-07
  6.9916571702899770E-07
  7.0688096426545805E-07
  7.1401817852996707E-07
  7.2063360199863422E-07
  7.2677764537652783E-07
  7.3249565725148471E-07
  7.3782858698606249E-07
  7.4281355925899468E-07
  7.4748437529510078E-07
  7.5187195336883813E-07
  7.5600471926441797E-07
  7.5990895587666587E-07
  7.6360912001821473E-07
  7.6712813366954918E-07
  7.7048765638944466E-07
  7.7370834533115599E-07
  7.7681010933918942E-07
  7.7981236392753050E-07
  7.8273429463831549E-07
  7.8559513834063429E-07
  7.8841448599931260E-07
  7.9121259913150050E-07
  7.9401096047660552E-07
  7.9683252821040805E-07
  7.9970250946502727E-07
  8.0264902501025123E-07
  8.0570406699713216E-07
  8.0890472813479640E-07
  8.1229483170944455E-07
  8.1592713468767456E-07
  8.1986636454741975E-07
  8.2419349377417444E-07
  8.2901189456876142E-07
  8.3445642658932839E-07
  8.4070724102020784E-07
  8.4801143971024905E-07
  8.5671836426018068E-07
  8.6733970940351092E-07
  8.8065755690808769E-07
  8.9793174619976073E-07
  9.2133245619896758E-07
  9.5494644731934157E-07
  1.0074963767101186E-06
  1.1015236267807356E-06
  1.3187169281088079E-06
  2.3639772785990883E-06
 -9.8501226762447337E-07
  2.0490032811544648E-07
  4.3355377139716277E-07
  5.3062785304404336E-07
  5.8430671681904282E-07
  6.1835678376527872E-07
  6.4186471489187747E-07
  6.5905568544908336E-07
  6.7216124820243000E-07
  6.8247127251143246E-07
  6.9078338312826746E-07
  6.9761741422729278E-07
  7.0332672637298023E-07
  7.0815996116495805E-07
  7.1229720031052487E-07
  7.1587210646998622E-07
  7.1898600171874987E-07
  7.2171711300258487E-07
  7.2412681565412029E-07
  7.2626395388742926E-07
  7.2816789361302768E-07
  5.6969164145598164E-07
  5.6713912383278308E-07
  5.6467524408361830E-07
  5.6229584782766254E-07
  5.5999706091492694E-07
  5.5777526596357932E-07
  1.9216608304254748E-09
  1.9469805122400206E-09
  1.9728917497379417E-09
  1.9994142049365121E-09
  2.0265683902211517E-09
  2.0543757138747723E-09
  2.0828585285254342E-09
  2.1120401827218966E-09
  2.1419450758928721E-09
  2.1725987169466210E-09
  2.2040277867818416E-09
  2.2362602050183571E-09
  2.2693252013019614E-09
  2.3032533915244540E-09
  2.3380768593525892E-09
  2.3738292435454642E-09
  2.4105458314757563E-09
  2.4482636594348828E-09
  2.4870216202504518E-09
  2.5268605788640091E-09
  2.5678234965788958E-09
  2.6099555646854447E-09
  2.6533043483691295E-09
  2.6979199417594221E-09
  2.7438551351932976E-09
  2.7911655957731528E-09
  2.8399100625093639E-09
  2.8901505573918648E-09
 -9.1211313050156876E-07
 -6.6076934873308973E-07
 -4.5944960514708685E-07
 -2.9538839067135094E-07
 -1.5976624566737884E-07
 -4.6279750070724083E-08
  4.9678685594123203E-08
  1.3155307491078252E-07
  2.0196605183668509E-07
  2.6294743349901592E-07
  3.1609080291799357E-07
  3.6266319392500559E-07
  4.0368345278397876E-07
  4.3997921307434207E-07
  4.7222897815848070E-07
  5.0099364844009332E-07
  5.2674044698203395E-07
  5.4986215088633839E-07
  5.7068788547965706E-07
  5.8949953055036381E-07
  6.0653704904474374E-07
  6.2200642166364357E-07
  6.3608531499723478E-07
  6.4892767145124542E-07
  6.6066745148478868E-07
  6.7142170434102235E-07
  6.8129310306119772E-07
  6.9037204931461962E-07
  6.9873843069156242E-07
  7.0646309563890138E-07
  7.1360909784045023E-07
  7.2023275145385466E-07
  7.2638453056138871E-07
  7.3210983987607851E-07
  7.3744967877305777E-07
  7.4244121680950503E-07
  7.4711829579658260E-07
  7.5151187104006772E-07
  7.5565040245633677E-07
  7.5956020476803395E-07
  7.6326576486007521E-07
  7.6679003355881936E-07
  7.7015469855836988E-07
  7.7338044496725072E-07
  7.7648720996423443E-07
  7.7949443839178541E-07
  7.8242134681322664E-07
  7.8528720556974780E-07
  7.8811164323271903E-07
  7.9091496194193989E-07
  7.9371869272780550E-07
  7.9654585077620893E-07
  7.9942170999271351E-07
  8.0237447266778942E-07
  8.0543623155089432E-07
  8.0864420554793272E-07
  8.1204237889354639E-07
  8.1568371735580613E-07
  8.1963322420538589E-07
  8.2397224332092731E-07
  8.2880465775334789E-07
  8.3426604664880847E-07
  8.4053760207984436E-07
  8.4786797907181564E-07
  8.5660892229925923E-07
  8.6727600877636112E-07
  8.8065793119878049E-07
  8.9802655028444084E-07
  9.2157583083648843E-07
  9.5544523411932764E-07
  1.0084944956610921E-06
  1.1037220156085197E-06
  1.3252077744570048E-06
  2.4217399922941685E-06
 -9.2040198371092841E-07
  2.1147448084694361E-07
  4.3570148064792053E-07
  5.3157420607669581E-07
  5.8476399121690071E-07
  6.1856897171212070E-07
  6.4193742244937052E-07
  6.5904189528926874E-07
  6.7209040586397574E-07
  6.8236102234045344E-07
  6.9064492699302122E-07
  6.9745819695353259E-07
  7.0315188306645254E-07
  7.0797314431959657E-07
  7.1210107581819901E-07
  7.1566866336257110E-07
  7.1877675234776405E-07
  7.2150322631337535E-07
  7.2390920823133244E-07
  7.2604335358137593E-07
  7.2794488489454570E-07
  5.6946109465628210E-07
  5.6690768281795700E-07
  5.6444297823253669E-07
  5.6206282086651979E-07
  5.5976333144085692E-07
  5.5754088791217988E-07
  1.9216081317176365E-09
  1.9469266849511343E-09
  1.9728367566007977E-09
  1.9993580070416328E-09
  2.0265109469334568E-09
  2.0543169827391736E-09
  2.0827984651586267E-09
  2.1119787407041538E-09
  2.1418822066586955E-09
  2.1725343696525713E-09
  2.2039619081753963E-09
  2.2361927393017459E-09
  2.2692560899738303E-09
  2.3031825732152568E-09
  2.3380042696554021E-09
  2.3737548148226852E-09
  2.4104694926655993E-09
  2.4481853358236407E-09
  2.4869412332464147E-09
  2.5267780457454549E-09
  2.5677387302175444E-09
  2.6098684732611164E-09
  2.6532148350545529E-09
  2.6978279043743624E-09
  2.7437604658337293E-09
  2.7910681804195242E-09
  2.8398097805884383E-09
  2.8900472813112465E-09
 -9.1560943025705912E-07
 -6.6362365885782165E-07
 -4.6183605215858954E-07
 -2.9742012226667026E-07
 -1.6152318777756343E-07
 -4.7819892166113689E-08
  4.8312309119731388E-08
  1.3032790123106576E-07
  2.0085702256913452E-07
  2.6193497807706160E-07
  3.1515943573078883E-07
  3.6180051821003839E-07
  4.0287944036209705E-07
  4.3922567502024285E-07
  4.7151917005506427E-07
  5.0032197211197805E-07
  5.2610222240736794E-07
  5.4925344335808664E-07
  5.7010535735840453E-07
  5.8894034343105528E-07
  6.0599877395586778E-07
  6.2148697002080298E-07
  6.3558288291097097E-07
  6.4844069450573725E-07
  6.6019456779534195E-07
  6.7096172419910036E-07
  6.8084498386952339E-07
  6.8993487478956233E-07
  6.9831139352931288E-07
  7.0604548302187296E-07
  7.1320027927414122E-07
  7.1983216853709352E-07
  7.2599168836821172E-07
  7.3172429968916980E-07
  7.3707105196326685E-07
  7.4206915969339440E-07
  7.4675250533772789E-07
  7.5115208129119461E-07
  7.5529638165567814E-07
  7.5921175303352137E-07
  7.6292271243476692E-07
  7.6645223958381582E-07
  7.6982205036643637E-07
  7.7305285790615039E-07
  7.7616462778235307E-07
  7.7917683424098037E-07
  7.8210872495330126E-07
  7.8497960383580163E-07
  7.8780913720052923E-07
  7.9061766792839293E-07
  7.9342677553122797E-07
  7.9625953245797765E-07
  7.9914127966890819E-07
  8.0210030134951104E-07
  8.0516879134307377E-07
  8.0838409540404750E-07
  8.1179035959560972E-07
  8.1544075969342045E-07
  8.1940057645352147E-07
  8.2375152755093467E-07
  8.2859801041879128E-07
  8.3407632898653174E-07
  8.4036872445069191E-07
  8.4772541824143704E-07
  8.5650058035580716E-07
  8.6721370947998414E-07
  8.8066018348045813E-07
  8.9812403598939120E-07
  9.2182336068110813E-07
  9.5595121044996135E-07
  1.0095072168276716E-06
  1.1059589392230182E-06
  1.3318706410062846E-06
  2.4839144309108400E-06
 -8.6039504481639182E-07
  2.1788763762662693E-07
  4.3781590006006950E-07
  5.3250903862902567E-07
  5.8521619600761135E-07
  6.1877862149096186E-07
  6.4200877133119698E-07
  6.5902736372443457E-07
  6.7201917341362744E-07
  6.8225059503993416E-07
  6.9050642938937080E-07
  6.9729902808954869E-07
  7.0297714966001728E-07
  7.0778648056508766E-07
  7.1190513543301151E-07
  7.1546542704635337E-07
  7.1856772661742901E-07
  7.2128957594164967E-07
  7.2369184676593930E-07
  7.2582300662605658E-07
  7.2772213523531906E-07
  5.6923078748687916E-07
  5.6667648098731911E-07
  5.6421095117650859E-07
  5.6183003236120117E-07
  5.5952984012712698E-07
  5.5730674776400441E-07
  1.9215554356975802E-09
  1.9468728604326612E-09
  1.9727817663170508E-09
  1.9993018120912109E-09
  2.0264535066855769E-09
  2.0542582547407451E-09
  2.0827384050299787E-09
  2.1119173020328665E-09
  2.1418193408788615E-09
  2.1724700259307040E-09
  2.2038960332662336E-09
  2.2361252774072395E-09
  2.2691869826019122E-09
  2.3031117590015400E-09
  2.3379316842026016E-09
  2.3736803904993601E-09
  2.4103931584168892E-09
  2.4481070169461002E-09
  2.4868608511550449E-09
  2.5266955177271317E-09
  2.5676539691559085E-09
  2.6097813873505387E-09
  2.6531253274737366E-09
  2.6977358729538254E-09
  2.7436658026863652E-09
  2.7909707715395728E-09
  2.8397095054191639E-09
  2.8899440122684472E-09
 -9.1910246033226651E-07
 -6.6648354856754027E-07
 -4.6422659230055788E-07
 -2.9945490815561897E-07
 -1.6328243744428934E-07
 -4.9361792491728568E-08
  4.6944586620591641E-08
  1.2910169617691731E-07
  1.9974720569938351E-07
  2.6092192639929735E-07
  3.1422762422136374E-07
  3.6093752006602850E-07
  4.0207520421776066E-07
  4.3847199384049243E-07
  4.7080928514416386E-07
  4.9965027392777402E-07
  5.2546402180375827E-07
  5.4864479825906197E-07
  5.6952292410091778E-07
  5.8838127868110746E-07
  6.0546064467815070E-07
  6.2096768426231948E-07
  6.3508063397842016E-07
  6.4795391563687697E-07
  6.5972189513374250E-07
  6.7050196637743482E-07
  6.8039709688961343E-07
  6.8949794118026467E-07
  6.9788460498187559E-07
  7.0562812586626539E-07
  7.1279172229409801E-07
  7.1943185272230668E-07
  7.2559911827989448E-07
  7.3133903618244860E-07
  7.3669270605679418E-07
  7.4169738741844770E-07
  7.4638700343475103E-07
  7.5079258364554516E-07
  7.5494265639348885E-07
  7.5886360021208661E-07
  7.6257996228877138E-07
  7.6611475129977523E-07
  7.6948971137784144E-07
  7.7272558372180440E-07
  7.7584236237840729E-07
  7.7885955107226185E-07
  7.8179642866960817E-07
  7.8467233276549172E-07
  7.8750696754891234E-07
  7.9032071675950718E-07
  7.9313520858185012E-07
  7.9597357298262697E-07
  7.9886121825900173E-07
  8.0182651087198455E-07
  8.0490174625090068E-07
  8.0812439765846290E-07
  8.1153877387177660E-07
  8.1519826189160614E-07
  8.1916842165402044E-07
  8.2353134706801561E-07
  8.2839195349798963E-07
  8.3388727500807717E-07
  8.4020061022643447E-07
  8.4758376036340604E-07
  8.5639334323527479E-07
  8.6715281907076514E-07
  8.8066432621730129E-07
  8.9822422514393020E-07
  9.2207508747296623E-07
  9.5646446691300403E-07
  1.0105347801429502E-06
  1.1082352871958226E-06
  1.3387121404456892E-06
  2.5510233522839765E-06
 -8.0451833628034261E-07
  2.2414542407910661E-07
  4.3989772122336154E-07
  5.3343252032523531E-07
  5.8566338915299663E-07
  6.1898575712047808E-07
  6.4207877275997515E-07
  6.5901209642243206E-07
  6.7194755383137766E-07
  6.8213999218348101E-07
  6.9036789110459097E-07
  6.9713990797493269E-07
  7.0280252621918356E-07
  7.0759996980065514E-07
  7.1170937894490467E-07
  7.1526239724309107E-07
  7.1835892420393329E-07
  7.2107616153454713E-07
  7.2347473088500751E-07
  7.2560291263553831E-07
  7.2749964424069913E-07
  5.6900071960083153E-07
  5.6644551799364846E-07
  5.6397916256808523E-07
  5.6159748196407333E-07
  5.5929658662595501E-07
  5.5707284517115084E-07
  1.9215027423650420E-09
  1.9468190386816627E-09
  1.9727267788895702E-09
  1.9992456200861389E-09
  2.0263960694771884E-09
  2.0541995298770346E-09
  2.0826783481379002E-09
  2.1118558667055334E-09
  2.1417564785574982E-09
  2.1724056857799524E-09
  2.2038301620500457E-09
  2.2360578193371132E-09
  2.2691178791856438E-09
  2.3030409488872508E-09
  2.3378591029935647E-09
  2.3736059705773349E-09
  2.4103168287291178E-09
  2.4480287027999053E-09
  2.4867804739755460E-09
  2.5266129948089114E-09
  2.5675692133967937E-09
  2.6096943069504803E-09
  2.6530358256231227E-09
  2.6976438474985448E-09
  2.7435711457529158E-09
  2.7908733691347834E-09
  2.8396092369982639E-09
  2.8898407502695085E-09
 -9.2260327708377473E-07
 -6.6934903863230131E-07
 -4.6662124013471061E-07
 -3.0149275888997602E-07
 -1.6504400252627752E-07
 -5.0905457050932735E-08
  4.5575513416449775E-08
  1.2787445601636479E-07
  1.9863659820136549E-07
  2.5990827595752468E-07
  3.1329536628300859E-07
  3.6007419769596070E-07
  4.0127074279091335E-07
  4.3771816816914729E-07
  4.7009932221048111E-07
  4.9897855279317544E-07
  5.2482584417328662E-07
  5.4803621467370847E-07
  5.6894058485487204E-07
  5.8782233550362285E-07
  6.0492266046046443E-07
  6.2044856367737458E-07
  6.3457856752003270E-07
  6.4746733419268023E-07
  6.5924943287315495E-07
  6.7004243026996985E-07
  6.7994944153224261E-07
  6.8906124791314570E-07
  6.9745806448970068E-07
  7.0521102362497384E-07
  7.1238342636515587E-07
  7.1903180348389190E-07
  7.2520681978064539E-07
  7.3095404884910334E-07
  7.3631464055491246E-07
  7.4132589949410379E-07
  7.4602178960401484E-07
  7.5043337762748359E-07
  7.5458922620134866E-07
  7.5851574584301003E-07
  7.6223751396982001E-07
  7.6577756826253965E-07
  7.6915768115748809E-07
  7.7239862198914367E-07
  7.7552041333822350E-07
  7.7854258848368011E-07
  7.8148445757419855E-07
  7.8436539198734415E-07
  7.8720513392561139E-07
  7.9002410810450211E-07
  7.9284399157502999E-07
  7.9568797207868730E-07
  7.9858152553135824E-07
  8.0155310105113548E-07
  8.0463509615272961E-07
  8.0786511226667678E-07
  8.1128762178003058E-07
  8.1495622413916323E-07
  8.1893676017441758E-07
  8.2331170248032116E-07
  8.2818648793344542E-07
  8.3369888613659395E-07
  8.4003326152535488E-07
  8.4744300861795784E-07
  8.5628721581053415E-07
  8.6709334522588402E-07
  8.8067037200196701E-07
  8.9832713983763800E-07
  9.2233105350247745E-07
  9.5698509576602922E-07
  1.0115774309616609E-06
  1.1105519771689487E-06
  1.3457392290368593E-06
  2.6236755187277998E-06
 -7.5236143279652813E-07
  2.3025320757006003E-07
  4.4194761692920980E-07
  5.3434481751480043E-07
  5.8610562781729189E-07
  6.1919040238837790E-07
  6.4214743789482952E-07
  6.5899609899628957E-07
  6.7187555005250885E-07
  6.8202921532085554E-07
  6.9022931292332055E-07
  6.9698083694310734E-07
  7.0262801280782445E-07
  7.0741361192304021E-07
  7.1151380614740775E-07
  7.1505957367594832E-07
  7.1815034478566778E-07
  7.2086298273946816E-07
  7.2325786021649034E-07
  7.2538307122465312E-07
  7.2727741151697927E-07
  5.6877089065188167E-07
  5.6621479349040715E-07
  5.6374761206050073E-07
  5.6136516932818588E-07
  5.5906357059024121E-07
  5.5683917978640015E-07
  1.9214500517195268E-09
  1.9467652197028793E-09
  1.9726717943158867E-09
  1.9991894310259775E-09
  2.0263386353041006E-09
  2.0541408081493858E-09
  2.0826182944844778E-09
  2.1117944347211957E-09
  2.1416936196902216E-09
  2.1723413492045988E-09
  2.2037642945265028E-09
  2.2359903650880891E-09
  2.2690487797235634E-09
  2.3029701428669250E-09
  2.3377865260272836E-09
  2.3735315550511113E-09
  2.4102405036036209E-09
  2.4479503933851034E-09
  2.4867001017067934E-09
  2.5265304769926100E-09
  2.5674844629353024E-09
  2.6096072320572651E-09
  2.6529463295052161E-09
  2.6975518280088709E-09
  2.7434764950295042E-09
  2.7907759732007843E-09
  2.8395089753236662E-09
  2.8897374953100663E-09
 -9.2611191126506533E-07
 -6.7222014994775091E-07
 -4.6902001030096874E-07
 -3.0353368504647256E-07
 -1.6680789091149180E-07
 -5.2450891856591369E-08
  4.4205084808559710E-08
  1.2664617700959274E-07
  1.9752519703026088E-07
  2.5889402423894370E-07
  3.1236265980764156E-07
  3.5921054930036204E-07
  4.0046605452592780E-07
  4.3696419663537963E-07
  4.6938928003496730E-07
  4.9830680760974416E-07
  5.2418768851988173E-07
  5.4742769168181675E-07
  5.6835833876998195E-07
  5.8726351310096206E-07
  6.0438482055197249E-07
  6.1992960755265567E-07
  6.3407668285627292E-07
  6.4698094952056966E-07
  6.5877718038515527E-07
  6.6958311526952267E-07
  6.7950201720830364E-07
  6.8862479441598382E-07
  6.9703177149422827E-07
  7.0479417575229110E-07
  7.1197539095198171E-07
  7.1863202029781519E-07
  7.2481479235537999E-07
  7.3056933718271675E-07
  7.3593685495963516E-07
  7.4095469542982969E-07
  7.4565686336338542E-07
  7.5007446276218050E-07
  7.5423609061203717E-07
  7.5816818946696621E-07
  7.6189536702629613E-07
  7.6544069002915637E-07
  7.6882595927142450E-07
  7.7207197228399698E-07
  7.7519878024858281E-07
  7.7822594607445199E-07
  7.8117281128012140E-07
  7.8405878113056856E-07
  7.8690363597887732E-07
  7.8972784163418682E-07
  7.9255312420854887E-07
  7.9540272947576357E-07
  7.9830220125470840E-07
  8.0128007170569489E-07
  8.0436884092921666E-07
  8.0760623919080707E-07
  8.1103690338164973E-07
  8.1471464663082587E-07
  8.1870559238988551E-07
  8.2309259440304965E-07
  8.2798161467726368E-07
  8.3351116380261357E-07
  8.3986668049061381E-07
  8.4730316621522797E-07
  8.5618220298164679E-07
  8.6703529567103829E-07
  8.8067833359878449E-07
  8.9843280246362659E-07
  9.2259130175775161E-07
  9.5751319093894781E-07
  1.0126354202838361E-06
  1.1129099554401958E-06
  1.3529592303227201E-06
  2.7025841209829336E-06
 -7.0356653394303097E-07
  2.3621611131451303E-07
  4.4396624165963786E-07
  5.3524609327592796E-07
  5.8654296833930629E-07
  6.1939258076107438E-07
  6.4221477774617662E-07
  6.5897937700755861E-07
  6.7180316501548494E-07
  6.8191826599719639E-07
  6.9009069562586427E-07
  6.9682181532861203E-07
  7.0245360949286296E-07
  7.0722740683199099E-07
  7.1131841683020851E-07
  7.1485695606822719E-07
  7.1794198804052459E-07
  7.2065003920561690E-07
  7.2304123438922802E-07
  7.2516348200918411E-07
  7.2705543667138935E-07
  5.6854130029445294E-07
  5.6598430713173850E-07
  5.6351629930767024E-07
  5.6113309410726899E-07
  5.5883079167356689E-07
  5.5660575126321400E-07
  1.9213973637605966E-09
  1.9467114034926723E-09
  1.9726168125992159E-09
  1.9991332449080322E-09
  2.0262812041719927E-09
  2.0540820895572429E-09
  2.0825582440677772E-09
  2.1117330060805011E-09
  2.1416307642794465E-09
  2.1722770161969654E-09
  2.2036984306980015E-09
  2.2359229146595504E-09
  2.2689796842180483E-09
  2.3028993409409580E-09
  2.3377139533042596E-09
  2.3734571439250596E-09
  2.4101641830369224E-09
  2.4478720887013473E-09
  2.4866197343483277E-09
  2.5264479642759304E-09
  2.5673997177746249E-09
  2.6095201626744095E-09
  2.6528568391155759E-09
  2.6974598144827317E-09
  2.7433818505183911E-09
  2.7906785837385152E-09
  2.8394087203985930E-09
  2.8896342473916392E-09
 -9.2963396153562172E-07
 -6.7509690345975868E-07
 -4.7142291747291995E-07
 -3.0557769726867993E-07
 -1.6857411050374851E-07
 -5.3998102942337314E-08
  4.2833296092456835E-08
  1.2541685540467300E-07
  1.9641299914974571E-07
  2.5787916873735603E-07
  3.1142950268376012E-07
  3.5834657308022565E-07
  3.9966113786041905E-07
  4.3621007786930507E-07
  4.6867915740061916E-07
  4.9763503728399601E-07
  5.2354955384311025E-07
  5.4681922836788618E-07
  5.6777618499423626E-07
  5.8670481067777714E-07
  6.0384712420223345E-07
  6.1941081517690209E-07
  6.3357497930883323E-07
  6.4649476097109884E-07
  6.5830513704363809E-07
  6.6912402076976456E-07
  6.7905482333055133E-07
  6.8818858011655841E-07
  6.9660572543739420E-07
  7.0437758170261857E-07
  7.1156761552066865E-07
  7.1823250263970778E-07
  7.2442303548937140E-07
  7.3018490067779733E-07
  7.3555934877334195E-07
  7.4058377473661157E-07
  7.4529222423088958E-07
  7.4971583857551152E-07
  7.5388324915898957E-07
  7.5782093062528976E-07
  7.6155352100745580E-07
  7.6510411615735150E-07
  7.6849454528655627E-07
  7.7174563418316675E-07
  7.7487746269731010E-07
  7.7790962344452127E-07
  7.8086148940164986E-07
  7.8375249982586684E-07
  7.8660247335885746E-07
  7.8943191702136552E-07
  7.9226260618102132E-07
  7.9511784490512305E-07
  7.9802324520166411E-07
  8.0100742265726143E-07
  8.0410298046389926E-07
  8.0734777839179527E-07
  8.1078661874129241E-07
  8.1447352956746126E-07
  8.1847491867641854E-07
  8.2287402345572129E-07
  8.2777733469127765E-07
  8.3332410945028836E-07
  8.3970086927241560E-07
  8.4716423639879580E-07
  8.5607830970490117E-07
  8.6697867822343191E-07
  8.8068822389734251E-07
  8.9854123568297445E-07
  9.2285587584099404E-07
  9.5804884800549273E-07
  1.0137090047723176E-06
  1.1153101986200794E-06
  1.3603798585599626E-06
  2.7885901921417669E-06
 -6.5782030371520152E-07
  2.4203902793465901E-07
  4.4595423234573825E-07
  5.3613650777771666E-07
  5.8697546622437934E-07
  6.1959231548132863E-07
  6.4228080322996257E-07
  6.5896193600341720E-07
  6.7173040162114506E-07
  6.8180714575732364E-07
  6.8995203998843646E-07
  6.9666284346440607E-07
  7.0227931633969628E-07
  7.0704135442366010E-07
  7.1112321078724965E-07
  7.1465454414460915E-07
  7.1773385364813755E-07
  7.2043733058185723E-07
  7.2282485303311098E-07
  7.2494414460571694E-07
  7.2683372142128073E-07
  5.6831194818364877E-07
  5.6575405857246536E-07
  5.6328522396418845E-07
  5.6090125595573237E-07
  5.5859824953019258E-07
  5.5637255925573319E-07
  1.9213446784927116E-09
  1.9466575900518814E-09
  1.9725618337373825E-09
  1.9990770617385184E-09
  2.0262237760757492E-09
  2.0540233741007444E-09
  2.0824981968876432E-09
  2.1116715807843281E-09
  2.1415679123222733E-09
  2.1722126867623080E-09
  2.2036325705629033E-09
  2.2358554680526374E-09
  2.2689105926671844E-09
  2.3028285431121720E-09
  2.3376413848234839E-09
  2.3733827371940724E-09
  2.4100878670306389E-09
  2.4477937887481258E-09
  2.4865393719013580E-09
  2.5263654566579147E-09
  2.5673149779121913E-09
  2.6094330988005570E-09
  2.6527673544577521E-09
  2.6973678069203654E-09
  2.7432872122168487E-09
  2.7905812007468325E-09
  2.8393084722204781E-09
  2.8895310065102472E-09
  2.9413142919626278E-09
 -6.7797932020271294E-07
 -4.7382997638045477E-07
 -3.0762480620727761E-07
 -1.7034266924162401E-07
 -5.5547096363662259E-08
  4.1460142548156354E-08
  1.2418648744942606E-07
  1.9530000150902171E-07
  2.5686370693122276E-07
  3.1049589280000103E-07
  3.5748226722916668E-07
  3.9885599123278808E-07
  4.3545581050170365E-07
  4.6796895308802217E-07
  4.9696324071591058E-07
  5.2291143914566330E-07
  5.4621082381332383E-07
  5.6719412267686033E-07
  5.8614622743875276E-07
  6.0330957066204328E-07
  6.1889218583889692E-07
  6.3307345619875425E-07
  6.4600876789287064E-07
  6.5783330222180063E-07
  6.6866514616545681E-07
  6.7860785931099363E-07
  6.8775260444345438E-07
  6.9617992576172119E-07
  7.0396124093096445E-07
  7.1116009953799421E-07
  7.1783324998704288E-07
  7.2403154866946706E-07
  7.2980073882923415E-07
  7.3518212149970869E-07
  7.4021313692564960E-07
  7.4492787172581114E-07
  7.4935750459432425E-07
  7.5353070137687868E-07
  7.5747396885990897E-07
  7.6121197546365264E-07
  7.6476784620576623E-07
  7.6816343877063825E-07
  7.7141960726437848E-07
  7.7455646027306340E-07
  7.7759362019503814E-07
  7.8055049155392171E-07
  7.8344654770455074E-07
  7.8630164571656619E-07
  7.8913633393903806E-07
  7.9197243719287593E-07
  7.9483331810005285E-07
  7.9774465714506530E-07
  8.0073515372848937E-07
  8.0383751464149602E-07
  8.0708972983459065E-07
  8.1053676792847980E-07
  8.1423287314844792E-07
  8.1824473941999667E-07
  8.2265599027059610E-07
  8.2757364894706864E-07
  8.3313772454165275E-07
  8.3953583005389133E-07
  8.4702622243629369E-07
  8.5597554098508824E-07
  8.6692350078199556E-07
  8.8070005594930432E-07
  8.9865246245066420E-07
  9.2312481997902147E-07
  9.5859216428715282E-07
  1.0147984469854056E-06
  1.1177537144776837E-06
  1.3680092458340780E-06
  2.8826925827287324E-06
 -6.1484716403060427E-07
  2.4772663295741348E-07
  4.4791220881827026E-07
  5.3701621803170547E-07
  5.8740317618128534E-07
  6.1978962949538314E-07
  6.4234552516978939E-07
  6.5894378144788948E-07
  6.7165726276761094E-07
  6.8169585611839866E-07
  6.8981334677908711E-07
  6.9650392167858801E-07
  7.0210513340956913E-07
  7.0685545459921032E-07
  7.1092818781158792E-07
  7.1445233762873996E-07
  7.1752594128810914E-07
  7.2022485651853860E-07
  7.2260871577839240E-07
  7.2472505863170190E-07
  7.2661226116806739E-07
  5.6808283397525075E-07
  5.6552404746808874E-07
  5.6305438568532809E-07
  5.6066965452866377E-07
  5.5836594381505676E-07
  5.5613960341877652E-07
  1.9212919959086112E-09
  1.9466037793804804E-09
  1.9725068577301750E-09
  1.9990208815109783E-09
  2.0261663510190289E-09
  2.0539646617790433E-09
  2.0824381529454763E-09
  2.1116101588320588E-09
  2.1415050638202599E-09
  2.1721483608993847E-09
  2.2035667141197984E-09
  2.2357880252647536E-09
  2.2688415050711431E-09
  2.3027577493783722E-09
  2.3375688205851214E-09
  2.3733083348616239E-09
  2.4100115555839238E-09
  2.4477154935254842E-09
  2.4864590143637583E-09
  2.5262829541397650E-09
  2.5672302433466510E-09
  2.6093460404330291E-09
  2.6526778755285210E-09
  2.6972758053208566E-09
  2.7431925801247209E-09
  2.7904838242267305E-09
  2.8392082307894863E-09
  2.8894277726677896E-09
  2.9412079306853953E-09
 -6.8086742131903644E-07
 -4.7624120182521068E-07
 -3.0967502256843560E-07
 -1.7211357507924329E-07
 -5.7097878181475201E-08
  4.0085619443146012E-08
  1.2295506937204037E-07
  1.9418620105513883E-07
  2.5584763630151287E-07
  3.0956182803547532E-07
  3.5661762994339343E-07
  3.9805061308391174E-07
  4.3470139316064421E-07
  4.6725866587747408E-07
  4.9629141680984366E-07
  5.2227334342896124E-07
  5.4560247710059077E-07
  5.6661215096656426E-07
  5.8558776258723166E-07
  6.0277215918241129E-07
  6.1837371882824908E-07
  6.3257211284923326E-07
  6.4552296963716560E-07
  6.5736167529436792E-07
  6.6820649085181619E-07
  6.7816112456395002E-07
  6.8731686682590303E-07
  6.9575437191102210E-07
  7.0354515289380527E-07
  7.1075284247106654E-07
  7.1743426181684087E-07
  7.2364033138275335E-07
  7.2941685113317231E-07
  7.3480517264347003E-07
  7.3984278150955826E-07
  7.4456380536847630E-07
  7.4899946034634256E-07
  7.5317844680082010E-07
  7.5712730371389182E-07
  7.6087072994576841E-07
  7.6443187973408455E-07
  7.6783263929239663E-07
  7.7109389110629976E-07
  7.7423577256556929E-07
  7.7727793592823509E-07
  7.8023981735304500E-07
  7.8314092439968496E-07
  7.8600115270399610E-07
  7.8884109206181705E-07
  7.9168261694506030E-07
  7.9454914879421977E-07
  7.9746643685879156E-07
  8.0046326474401758E-07
  8.0357244335116886E-07
  8.0683209348825510E-07
  8.1028735101305729E-07
  8.1399267758692625E-07
  8.1801505500976621E-07
  8.2243849548437721E-07
  8.2737055842607138E-07
  8.3295201055264304E-07
  8.3937156503326070E-07
  8.4688912763259760E-07
  8.5587390188027096E-07
  8.6686977132868271E-07
  8.8071384292824257E-07
  8.9876650603758531E-07
  9.2339817909176118E-07
  9.5914323886836843E-07
  1.0159040156613707E-06
  1.1202415432625026E-06
  1.3758559704464867E-06
  2.9860868064849974E-06
 -5.7440377593898398E-07
  2.5328339624510782E-07
  4.4984077444169784E-07
  5.3788537813905546E-07
  5.8782615215648860E-07
  6.1998454547215686E-07
  6.4240895426677066E-07
  6.5892491878473942E-07
  6.7158375130998249E-07
  6.8158439860645813E-07
  6.8967461676716946E-07
  6.9634505030342843E-07
  7.0193106076814604E-07
  7.0666970725438396E-07
  7.1073334769686161E-07
  7.1425033624681114E-07
  7.1731825064174035E-07
  7.2001261666719749E-07
  7.2239282225672210E-07
  7.2450622370542241E-07
  7.2639105761962673E-07
  5.6785395732571704E-07
  5.6529427347478567E-07
  5.6282378412703781E-07
  5.6043828948182648E-07
  5.5813387418377317E-07
  5.5590688340783803E-07
  1.9212393160114151E-09
  1.9465499714782592E-09
  1.9724518845768109E-09
  1.9989647042264803E-09
  2.0261089289967182E-09
  2.0539059525903202E-09
  2.0823781122387673E-09
  2.1115487402207360E-09
  2.1414422187704514E-09
  2.1720840386068401E-09
  2.2035008613705173E-09
  2.2357205862985692E-09
  2.2687724214288596E-09
  2.3026869597393349E-09
  2.3374962605886698E-09
  2.3732339369233359E-09
  2.4099352486952038E-09
  2.4476372030323531E-09
  2.4863786617374053E-09
  2.5262004567196865E-09
  2.5671455140793651E-09
  2.6092589875743975E-09
  2.6525884023264684E-09
  2.6971838096841719E-09
  2.7430979542420820E-09
  2.7903864541758075E-09
  2.8391079961027277E-09
  2.8893245458638264E-09
  2.9411015767546670E-09
 -6.8376122802173718E-07
 -4.7865660865829590E-07
 -3.1172835708977985E-07
 -1.7388683601051728E-07
 -5.8650454498001075E-08
  3.8709722033120793E-08
  1.2172259740270186E-07
  1.9307159471986305E-07
  2.5483095431396476E-07
  3.0862730626894207E-07
  3.5575265941186887E-07
  3.9724500184326154E-07
  4.3394682447271925E-07
  4.6654829454681102E-07
  4.9561956446729928E-07
  5.2163526569545336E-07
  5.4499418731394054E-07
  5.6603026901280435E-07
  5.8502941532859435E-07
  6.0223488901286099E-07
  6.1785541343502848E-07
  6.3207094858185670E-07
  6.4503736555463440E-07
  6.5689025563679304E-07
  6.6774805422544514E-07
  6.7771461850254695E-07
  6.8688136669419538E-07
  6.9532906332961134E-07
  7.0312931704755522E-07
  7.1034584378835576E-07
  7.1703553760800727E-07
  7.2324938311711364E-07
  7.2903323708659567E-07
  7.3442850170917861E-07
  7.3947270800111011E-07
  7.4420002467943254E-07
  7.4864170535971171E-07
  7.5282648496681246E-07
  7.5678093473132378E-07
  7.6052978400591145E-07
  7.6409621630272519E-07
  7.6750214642141076E-07
  7.7076848528855429E-07
  7.7391539916551233E-07
  7.7696257024702371E-07
  7.7992946641651320E-07
  7.8283562954467661E-07
  7.8570099397476737E-07
  7.8854619106597540E-07
  7.9139314514127003E-07
  7.9426533672429385E-07
  7.9718858411982028E-07
  8.0019175552956334E-07
  8.0330776648118312E-07
  8.0657486932198690E-07
  8.1003836806974652E-07
  8.1375294308881503E-07
  8.1778586583807854E-07
  8.2222153973964594E-07
  8.2716806411962549E-07
  8.3276696896478696E-07
  8.3920807642922009E-07
  8.4675295531721829E-07
  8.5577339748163869E-07
  8.6681749792387445E-07
  8.8072959818783538E-07
  8.9888338999788800E-07
  9.2367599879087838E-07
  9.5970217257114875E-07
  1.0170259855960472E-06
  1.1227747594203959E-06
  1.3839290875303233E-06
  3.1002159504625698E-06
 -5.3627446033832778E-07
  2.5871359349131646E-07
  4.5174051672378808E-07
  5.3874413935968296E-07
  5.8824444730847046E-07
  6.2017708585145700E-07
  6.4247110115122299E-07
  6.5890535340709250E-07
  6.7150987010610238E-07
  6.8147277472482809E-07
  6.8953585070682628E-07
  6.9618622965772735E-07
  7.0175709847458728E-07
  7.0648411228978384E-07
  7.1053869023578366E-07
  7.1404853972457767E-07
  7.1711078138945010E-07
  7.1980061067931573E-07
  7.2217717210001419E-07
  7.2428763944602886E-07
  7.2617011038628220E-07
  5.6762531789218056E-07
  5.6506473624940841E-07
  5.6259341894594074E-07
  5.6020716047165863E-07
  5.5790204029263080E-07
  5.5567439887908670E-07
  1.9211866388000996E-09
  1.9464961663426858E-09
  1.9723969142791704E-09
  1.9989085298871849E-09
  2.0260515100132270E-09
  2.0538472465378205E-09
  2.0823180747695447E-09
  2.1114873249530663E-09
  2.1413793771770299E-09
  2.1720197198829214E-09
  2.2034350123130785E-09
  2.2356531511523346E-09
  2.2687033417407332E-09
  2.3026161741931441E-09
  2.3374237048356428E-09
  2.3731595433834124E-09
  2.4098589463664891E-09
  2.4475589172678281E-09
  2.4862983140171076E-09
  2.5261179643984378E-09
  2.5670607901093173E-09
  2.6091719402231439E-09
  2.6524989348550953E-09
  2.6970918200075216E-09
  2.7430033345666912E-09
  2.7902890905945073E-09
  2.8390077681611832E-09
  2.8892213260956265E-09
  2.9409952301716306E-09
 -6.8666076164247766E-07
 -4.8107621178793137E-07
 -3.1378482054671986E-07
 -1.7566246003552774E-07
 -6.0204831397432859E-08
  3.7332445560928623E-08
  1.2048906775472419E-07
  1.9195617944671961E-07
  2.5381365844410213E-07
  3.0769232537917625E-07
  3.5488735382617011E-07
  3.9643915594749749E-07
  4.3319210306361692E-07
  4.6583783787789108E-07
  4.9494768259055961E-07
  5.2099720494512433E-07
  5.4438595353384654E-07
  5.6544847596601323E-07
  5.8447118486786334E-07
  6.0169775940603119E-07
  6.1733726894907287E-07
  6.3156996272103045E-07
  6.4455195499676299E-07
  6.5641904262429083E-07
  6.6728983568198754E-07
  6.7726834054219594E-07
  6.8644610347905818E-07
  6.9490399946202694E-07
  7.0271373285026682E-07
  7.0993910295848675E-07
  7.1663707684000826E-07
  7.2285870336140186E-07
  7.2864989618723816E-07
  7.3405210820339612E-07
  7.3910291591455093E-07
  7.4383652918021995E-07
  7.4828423916400845E-07
  7.5247481541187147E-07
  7.5643486145655352E-07
  7.6018913719683206E-07
  7.6376085547307582E-07
  7.6717195972827519E-07
  7.7044338939161723E-07
  7.7359533966445597E-07
  7.7664752275557109E-07
  7.7961943836262763E-07
  7.8253066277446464E-07
  7.8540116918369374E-07
  7.8825163062860265E-07
  7.9110402148472298E-07
  7.9398188162727635E-07
  7.9691109870545834E-07
  7.9992062591545746E-07
  8.0304348392372337E-07
  8.0631805730910178E-07
  8.0978981917823509E-07
  8.1351366987384075E-07
  8.1755717230498870E-07
  8.2200512368899405E-07
  8.2696616702902471E-07
  8.3258260128202848E-07
  8.3904536647575994E-07
  8.4661770884771178E-07
  8.5567403295534480E-07
  8.6676668872359873E-07
  8.8074733524364603E-07
  8.9900313820219793E-07
  9.2395832533486440E-07
  9.6026906819459308E-07
  1.0181646381219292E-06
  1.1253544722923605E-06
  1.3922381635979490E-06
  3.2268382522769523E-06
 -5.0026737655460544E-07
  2.6402131649741413E-07
  4.5361200770115860E-07
  5.3959265011161640E-07
  5.8865811403867390E-07
  6.2036727280378757E-07
  6.4253197631326766E-07
  6.5888509066378888E-07
  6.7143562197755022E-07
  6.8136098597176340E-07
  6.8939704936264827E-07
  6.9602746007172174E-07
  7.0158324659481098E-07
  7.0629866960251185E-07
  7.1034421522384263E-07
  7.1384694778915751E-07
  7.1690353321422032E-07
  7.1958883820786169E-07
  7.2196176494157573E-07
  7.2406930547358419E-07
  7.2594941907957210E-07
  5.6739691533244772E-07
  5.6483543544948161E-07
  5.6236328979933327E-07
  5.5997626715527091E-07
  5.5767044179859061E-07
  5.5544214948936388E-07
  1.9211339642752816E-09
  1.9464423639771062E-09
  1.9723419468349014E-09
  1.9988523584923684E-09
  2.0259940940664383E-09
  2.0537885436202977E-09
  2.0822580405358755E-09
  2.1114259130278072E-09
  2.1413165390348731E-09
  2.1719554047304898E-09
  2.2033691669470979E-09
  2.2355857198249265E-09
  2.2686342660071066E-09
  2.3025453927424528E-09
  2.3373511533214891E-09
  2.3730851542374732E-09
  2.4097826485945800E-09
  2.4474806362338548E-09
  2.4862179712078065E-09
  2.5260354771731709E-09
  2.5669760714357099E-09
  2.6090848983764783E-09
  2.6524094731100149E-09
  2.6969998362930726E-09
  2.7429087211002111E-09
  2.7901917334811440E-09
  2.8389075469641997E-09
  2.8891181133641106E-09
  2.9408888909313764E-09
 -6.8956604356510639E-07
 -4.8350002618007253E-07
 -3.1584442375227718E-07
 -1.7744045518980885E-07
 -6.1761015017498557E-08
  3.5953785256955140E-08
  1.1925447663508338E-07
  1.9083995215488010E-07
  2.5279574615593237E-07
  3.0675688323838879E-07
  3.5402171137198691E-07
  3.9563307382952327E-07
  4.3243722755822385E-07
  4.6512729464735638E-07
  4.9427577008151195E-07
  5.2035916018030611E-07
  5.4377777484415773E-07
  5.6486677097574790E-07
  5.8391307041022156E-07
  6.0116076961360014E-07
  6.1681928466214941E-07
  6.3106915459051675E-07
  6.4406673731598018E-07
  6.5594803563325582E-07
  6.6683183461945910E-07
  6.7682229009834401E-07
  6.8601107661211728E-07
  6.9447917975428988E-07
  7.0229839975985997E-07
  7.0953261945153008E-07
  7.1623887899246418E-07
  7.2246829160544881E-07
  7.2826682793342218E-07
  7.3367599163252154E-07
  7.3873340476458166E-07
  7.4347331839380101E-07
  7.4792706128924850E-07
  7.5212343767382357E-07
  7.5608908343564360E-07
  7.5984878907236898E-07
  7.6342579680731361E-07
  7.6684207878431860E-07
  7.7011860299697236E-07
  7.7327559365500650E-07
  7.7633279305895110E-07
  7.7930973281062688E-07
  7.8222602372517874E-07
  7.8510167798595604E-07
  7.8795741042813217E-07
  7.9081524568231515E-07
  7.9369878324199927E-07
  7.9663398039693355E-07
  7.9964987573141572E-07
  8.0277959557547710E-07
  8.0606165742690940E-07
  8.0954170441857056E-07
  8.1327485816221186E-07
  8.1732897481849965E-07
  8.2178924798823776E-07
  8.2676486816565032E-07
  8.3239890902256170E-07
  8.3888343743290909E-07
  8.4648339162638982E-07
  8.5557581348913712E-07
  8.6671735194822675E-07
  8.8076706772415480E-07
  8.9912577482255380E-07
  9.2424520571460036E-07
  9.6084403031471597E-07
  1.0193202611855072E-06
  1.1279818282684122E-06
  1.4007933123990570E-06
  3.3681181039964844E-06
 -4.6621131422599902E-07
  2.6921048246442998E-07
  4.5545580450901386E-07
  5.4043105606498145E-07
  5.8906720398648923E-07
  6.2055512824712938E-07
  6.4259159017478724E-07
  6.5886413586263887E-07
  6.7136100972632478E-07
  6.8124903383234585E-07
  6.8925821348041172E-07
  6.9586874186240372E-07
  7.0140950518607062E-07
  7.0611337909083236E-07
  7.1014992245567749E-07
  7.1364556016720211E-07
  7.1669650579857491E-07
  7.1937729890605946E-07
  7.2174660041523828E-07
  7.2385122140888265E-07
  7.2572898331176635E-07
  5.6716874930499621E-07
  5.6460637073320176E-07
  5.6213339634518276E-07
  5.5974560919044527E-07
  5.5743907835928505E-07
  5.5521013489618194E-07
  1.9210812924380937E-09
  1.9463885643809071E-09
  1.9722869822436230E-09
  1.9987961900386388E-09
  2.0259366811553399E-09
  2.0537298438354700E-09
  2.0821980095362273E-09
  2.1113645044438887E-09
  2.1412537043483923E-09
  2.1718910931472230E-09
  2.2033033252740609E-09
  2.2355182923183914E-09
  2.2685651942243142E-09
  2.3024746153835452E-09
  2.3372786060472726E-09
  2.3730107694896128E-09
  2.4097063553813174E-09
  2.4474023599273502E-09
  2.4861376333047580E-09
  2.5259529950454798E-09
  2.5668913580591852E-09
  2.6089978620358135E-09
  2.6523200170920196E-09
  2.6969078585397974E-09
  2.7428141138404601E-09
  2.7900943828360523E-09
  2.8388073325100324E-09
  2.8890149076664411E-09
  2.9407825590364513E-09
 -6.9247709529339142E-07
 -4.8592806685844527E-07
 -3.1790717756401896E-07
 -1.7922082953952682E-07
 -6.3319011489775811E-08
  3.4573736339304588E-08
  1.1801882024461867E-07
  1.8972290976369846E-07
  2.5177721490474098E-07
  3.0582097771276358E-07
  3.5315573023491208E-07
  3.9482675391819819E-07
  4.3168219657990902E-07
  4.6441666363390531E-07
  4.9360382583962642E-07
  5.1972113040184119E-07
  5.4316965032809923E-07
  5.6428515319194664E-07
  5.8335507116191232E-07
  6.0062391888745353E-07
  6.1630145986532878E-07
  6.3056852351524803E-07
  6.4358171186445388E-07
  6.5547723404080106E-07
  6.6637405043563252E-07
  6.7637646658750488E-07
  6.8557628552553894E-07
  6.9405460365273473E-07
  7.0188331723588930E-07
  7.0912639273797538E-07
  7.1584094354664093E-07
  7.2207814733909394E-07
  7.2788403182425754E-07
  7.3330015150443930E-07
  7.3836417406677484E-07
  7.4311039184300904E-07
  7.4757017126646063E-07
  7.5177235129120878E-07
  7.5574360021465530E-07
  7.5950873918675926E-07
  7.6309103986859242E-07
  7.6651250316200344E-07
  7.6979412568700724E-07
  7.7295616073072373E-07
  7.7601838076327911E-07
  7.7900034938097167E-07
  7.8192171203395921E-07
  7.8480252003893474E-07
  7.8766353014420307E-07
  7.9052681743952610E-07
  7.9341604130888036E-07
  7.9635722897419935E-07
  7.9937950480997949E-07
  8.0251610133110159E-07
  8.0580566965295155E-07
  8.0929402387563571E-07
  8.1303650817464143E-07
  8.1710127378751029E-07
  8.2157391330617840E-07
  8.2656416854922388E-07
  8.3221589371462624E-07
  8.3872229158160266E-07
  8.4635000707781996E-07
  8.5547874434709417E-07
  8.6666949593219903E-07
  8.8078880944549079E-07
  8.9925132434850688E-07
  9.2453668760695479E-07
  9.6142716543519408E-07
  1.0204931495053515E-06
  1.1306580117673967E-06
  1.4096052354000817E-06
  3.5267505216726892E-06
 -4.3395299483960314E-07
  2.7428484414973657E-07
  4.5727244986720695E-07
  5.4125950020814580E-07
  5.8947176812559879E-07
  6.2074067383801596E-07
  6.4264995304943585E-07
  6.5884249426796749E-07
  6.7128603614609825E-07
  6.8113691979361176E-07
  6.8911934381266804E-07
  6.9571007535351935E-07
  7.0123587431202710E-07
  7.0592824065412706E-07
  7.0995581172491841E-07
  7.1344437658731407E-07
  7.1648969882628408E-07
  7.1916599242830985E-07
  7.2153167815552364E-07
  7.2363338687360705E-07
  7.2550880269586037E-07
  5.6694081946897395E-07
  5.6437754175943513E-07
  5.6190373824212604E-07
  5.5951518623563306E-07
  5.5720794963301575E-07
  5.5497835475772256E-07
  1.9210286232857665E-09
  1.9463347675512044E-09
  1.9722320205076228E-09
  1.9987400245294340E-09
  2.0258792712813366E-09
  2.0536711471848537E-09
  2.0821379817737210E-09
  2.1113030992035017E-09
  2.1411908731142875E-09
  2.1718267851350128E-09
  2.2032374872914783E-09
  2.2354508686308098E-09
  2.2684961263963158E-09
  2.3024038421199158E-09
  2.3372060630165969E-09
  2.3729363891354500E-09
  2.4096300667255789E-09
  2.4473240883492023E-09
  2.4860573003095632E-09
  2.5258705180153459E-09
  2.5668066499754554E-09
  2.6089108312017830E-09
  2.6522305668006423E-09
  2.6968158867457340E-09
  2.7427195127873384E-09
  2.7899970386568846E-09
  2.8387071247987887E-09
  2.8889117090054990E-09
  2.9406762344860223E-09
 -6.9539393840315155E-07
 -4.8836034890470933E-07
 -3.1997309285897422E-07
 -1.8100359117654998E-07
 -6.4878826971698369E-08
  3.3192294006786697E-08
  1.1678209477037323E-07
  1.8860504918855163E-07
  2.5075806214725150E-07
  3.0488460667094580E-07
  3.5228940859839432E-07
  3.9402019464192629E-07
  4.3092700875277830E-07
  4.6370594361265662E-07
  4.9293184876668381E-07
  5.1908311461042899E-07
  5.4256157906877332E-07
  5.6370362176454560E-07
  5.8279718632803258E-07
  6.0008720648095203E-07
  6.1578379384970742E-07
  6.3006806881883544E-07
  6.4309687799579039E-07
  6.5500663722512888E-07
  6.6591648252934394E-07
  6.7593086942639408E-07
  6.8514172965269382E-07
  6.9363027060497986E-07
  7.0146848473773076E-07
  7.0872042228874575E-07
  7.1544326998398092E-07
  7.2168827005391240E-07
  7.2750150735978771E-07
  7.3292458732722126E-07
  7.3799522333741102E-07
  7.4274774905244160E-07
  7.4721356862730255E-07
  7.5142155580367425E-07
  7.5539841134106042E-07
  7.5916898709568923E-07
  7.6275658422102306E-07
  7.6618323243441558E-07
  7.6946995704502994E-07
  7.7263704048602382E-07
  7.7570428547556498E-07
  7.7869128769511547E-07
  7.8161772733896596E-07
  7.8450369500063022E-07
  7.8736998945778071E-07
  7.9023867693668882E-07
  7.9313365557065381E-07
  7.9608084422194514E-07
  7.9910951298563379E-07
  8.0225300108973150E-07
  8.0555009397017267E-07
  8.0904677763788639E-07
  8.1279862014374990E-07
  8.1687406963115117E-07
  8.2135912031198598E-07
  8.2636406920968061E-07
  8.3203355689878200E-07
  8.3856193122395083E-07
  8.4621755865877479E-07
  8.5538283083254241E-07
  8.6662312907624253E-07
  8.8081257438398426E-07
  8.9937981160046393E-07
  9.2483281947724363E-07
  9.6201858208070818E-07
  1.0216836047679274E-06
  1.1333842473371976E-06
  1.4186852632187531E-06
  3.7061343505397428E-06
 -4.0335478568501885E-07
  2.7924799779330316E-07
  4.5906247253639113E-07
  5.4207812287931635E-07
  5.8987185663037434E-07
  6.2092393101736518E-07
  6.4270707515518823E-07
  6.5882017108838869E-07
  6.7121070400055735E-07
  6.8102464532018974E-07
  6.8898044110058429E-07
  6.9555146086150848E-07
  7.0106235403137979E-07
  7.0574325419018205E-07
  7.0976188282879619E-07
  7.1324339677711513E-07
  7.1628311198196134E-07
  7.1895491842955875E-07
  7.2131699779825096E-07
  7.2341580149029281E-07
  7.2528887684581603E-07
  5.6671312548419683E-07
  5.6414894818771545E-07
  5.6167431514946813E-07
  5.5928499794995347E-07
  5.5697705527875210E-07
  5.5474680873283504E-07
  1.9209759568184453E-09
  1.9462809734891913E-09
  1.9721770616240275E-09
  1.9986838619622898E-09
  2.0258218644428950E-09
  2.0536124536668568E-09
  2.0820779572464220E-09
  2.1112416973028274E-09
  2.1411280453332623E-09
  2.1717624806901675E-09
  2.2031716529991324E-09
  2.2353834487612843E-09
  2.2684270625200094E-09
  2.3023330729492042E-09
  2.3371335242237800E-09
  2.3728620131750936E-09
  2.4095537826264611E-09
  2.4472458214991149E-09
  2.4859769722224826E-09
  2.5257880460800296E-09
  2.5667219471888778E-09
  2.6088238058712677E-09
  2.6521411222365677E-09
  2.6967239209114003E-09
  2.7426249179407539E-09
  2.7898997009453470E-09
  2.8386069238303085E-09
  2.8888085173786635E-09
  2.9405699172788285E-09
 -6.9831659460124315E-07
 -4.9079688745920034E-07
 -3.2204218057744614E-07
 -1.8278874820416191E-07
 -6.6440467638651518E-08
  3.1809453465397640E-08
  1.1554429638922737E-07
  1.8748636733616424E-07
  2.4973828533487118E-07
  3.0394776797541468E-07
  3.5142274463811074E-07
  3.9321339442983512E-07
  4.3017166269630517E-07
  4.6299513336275809E-07
  4.9225983776288703E-07
  5.1844511180718432E-07
  5.4195356014785664E-07
  5.6312217584350307E-07
  5.8223941511619571E-07
  5.9955063164607576E-07
  6.1526628590849964E-07
  6.2956778982837399E-07
  6.4261223506417758E-07
  6.5453624456348720E-07
  6.6545913029944457E-07
  6.7548549803240435E-07
  6.8470740842662865E-07
  6.9320618005791499E-07
  7.0105390172635003E-07
  7.0831470757577091E-07
  7.1504585778672234E-07
  7.2129865924167881E-07
  7.2711925404103447E-07
  7.3254929861011124E-07
  7.3762655209375332E-07
  7.4238538954672379E-07
  7.4685725290445748E-07
  7.5107105075127578E-07
  7.5505351636306174E-07
  7.5882953235537259E-07
  7.6242242942925940E-07
  7.6585426617585014E-07
  7.6914609665526787E-07
  7.7231823251639688E-07
  7.7539050680400356E-07
  7.7838254737550891E-07
  7.8131406927920794E-07
  7.8420520253050718E-07
  7.8707678805135320E-07
  7.8995094320636950E-07
  7.9285162576926201E-07
  7.9580482592361775E-07
  7.9883990009492887E-07
  8.0199029475455479E-07
  8.0529493036176266E-07
  8.0879996579800072E-07
  8.1256119430088739E-07
  8.1664736276723208E-07
  8.2114486969083233E-07
  8.2616457119063910E-07
  8.3185190013855112E-07
  8.3840235868340224E-07
  8.4608604985870140E-07
  8.5528807830107187E-07
  8.6657825988098923E-07
  8.8083837667935672E-07
  8.9951126171638289E-07
  9.2513365046130561E-07
  9.6261839079581849E-07
  1.0228919359621590E-06
  1.1361618007646280E-06
  1.4280454053130369E-06
  3.9106181236700768E-06
 -3.7429275063351492E-07
  2.8410339134308426E-07
  4.6082638777215762E-07
  5.4288706195258309E-07
  5.9026751901306644E-07
  6.2110492095509786E-07
  6.4276296659468842E-07
  6.5879717152036998E-07
  6.7113501603979539E-07
  6.8091221186993169E-07
  6.8884150608117390E-07
  6.9539289870111819E-07
  7.0088894440015325E-07
  7.0555841959884870E-07
  7.0956813556286999E-07
  7.1304262046663766E-07
  7.1607674495103889E-07
  7.1874407656621538E-07
  7.2110255897975320E-07
  7.2319846488229859E-07
  7.2506920537651445E-07
  5.6648566701114758E-07
  5.6392058967824358E-07
  5.6144512672718005E-07
  5.5905504399319160E-07
  5.5674639495612957E-07
  5.5451549648103481E-07
  1.9209232930378489E-09
  1.9462271821934994E-09
  1.9721221055938493E-09
  1.9986277023379845E-09
  2.0257644606405557E-09
  2.0535537632825397E-09
  2.0820179359535455E-09
  2.1111802987450328E-09
  2.1410652210034447E-09
  2.1716981798145817E-09
  2.2031058223995933E-09
  2.2353160327097647E-09
  2.2683580025963603E-09
  2.3022623078692647E-09
  2.3370609896715748E-09
  2.3727876416092702E-09
  2.4094775030827229E-09
  2.4471675593755798E-09
  2.4858966490415587E-09
  2.5257055792405673E-09
  2.5666372496976552E-09
  2.6087367860462328E-09
  2.6520516833957929E-09
  2.6966319610374165E-09
  2.7425303292991845E-09
  2.7898023696996942E-09
  2.8385067296029550E-09
  2.8887053327836986E-09
  2.9404636074125751E-09
 -7.0124508562867656E-07
 -4.9323769772091223E-07
 -3.2411445168590754E-07
 -1.8457630877130791E-07
 -6.8003939692028163E-08
  3.0425209885518816E-08
  1.1430542128112593E-07
  1.8636686110656489E-07
  2.4871788191123392E-07
  3.0301045948529465E-07
  3.5055573653663341E-07
  3.9240635170480320E-07
  4.2941615703264790E-07
  4.6228423165630625E-07
  4.9158779172901802E-07
  5.1780712099246187E-07
  5.4134559264876076E-07
  5.6254081458121288E-07
  5.8168175673217334E-07
  5.9901419363685446E-07
  6.1474893533452261E-07
  6.2906768586919453E-07
  6.4212778242400536E-07
  6.5406605543542800E-07
  6.6500199314599176E-07
  6.7504035182399560E-07
  6.8427332128221237E-07
  6.9278233146101391E-07
  7.0063956766265470E-07
  7.0790924807219390E-07
  7.1464870643816197E-07
  7.2090931439493574E-07
  7.2673727136932548E-07
  7.3217428486314865E-07
  7.3725815985389398E-07
  7.4202331285167481E-07
  7.4650122363160098E-07
  7.5072083567532936E-07
  7.5470891482937505E-07
  7.5849037452295956E-07
  7.6208857505934613E-07
  7.6552560396119852E-07
  7.6882254410288675E-07
  7.7199973641821709E-07
  7.7507704435748004E-07
  7.7807412804577151E-07
  7.8101073749559400E-07
  7.8390704228885311E-07
  7.8678392560843589E-07
  7.8966355617826716E-07
  7.9256995165086148E-07
  7.9552917386661761E-07
  7.9857066597637113E-07
  8.0172798222774043E-07
  8.0504017881423284E-07
  8.0855358845049264E-07
  8.1232423088163578E-07
  8.1642115362613258E-07
  8.2093116212546264E-07
  8.2596567554262996E-07
  8.3167092500147045E-07
  8.3824357629694770E-07
  8.4595548420659040E-07
  8.5519449216559961E-07
  8.6653489692638727E-07
  8.8086623062908630E-07
  8.9964570016593376E-07
  9.2543923048147499E-07
  9.6322670414468872E-07
  1.0241184595090628E-06
  1.1389919814343734E-06
  1.4376983996093208E-06
  4.1458566239760821E-06
 -3.4665498869117400E-07
  2.8885433202618659E-07
  4.6256469768243171E-07
  5.4368645263575335E-07
  5.9065880409456813E-07
  6.2128366459959378E-07
  6.4281763740616621E-07
  6.5877350069029454E-07
  6.7105897498928108E-07
  6.8079962089648411E-07
  6.8870253949121036E-07
  6.9523438918542530E-07
  7.0071564548178643E-07
  7.0537373677642806E-07
  7.0937456972325381E-07
  7.1284204738497566E-07
  7.1587059741890264E-07
  7.1853346649464695E-07
  7.2088836133705408E-07
  7.2298137667384986E-07
  7.2484978790345816E-07
  5.6625844371097426E-07
  5.6369246589188512E-07
  5.6121617263589816E-07
  5.5882532402579799E-07
  5.5651596832544848E-07
  5.5428441766250199E-07
  1.9208706319426092E-09
  1.9461733936687500E-09
  1.9720671524167630E-09
  1.9985715456549780E-09
  2.0257070598739362E-09
  2.0534950760309430E-09
  2.0819579178961446E-09
  2.1111189035281301E-09
  2.1410024001258790E-09
  2.1716338825088398E-09
  2.2030399954894584E-09
  2.2352486204772238E-09
  2.2682889466236790E-09
  2.3021915468812867E-09
  2.3369884593583551E-09
  2.3727132744368562E-09
  2.4094012280964898E-09
  2.4470893019781882E-09
  2.4858163307672212E-09
  2.5256231174948898E-09
  2.5665525574999395E-09
  2.6086497717238308E-09
  2.6519622502818745E-09
  2.6965400071190748E-09
  2.7424357468608849E-09
  2.7897050449193334E-09
  2.8384065421160726E-09
  2.8886021552210817E-09
  2.9403573048882254E-09
 -7.0417943334848937E-07
 -4.9568279494774498E-07
 -3.2618991718350238E-07
 -1.8636628103344520E-07
 -6.9569249335423441E-08
  2.9039558437562330E-08
  1.1306546560244102E-07
  1.8524652739128078E-07
  2.4769684931505203E-07
  3.0207267905600014E-07
  3.4968838246907172E-07
  3.9159906489239440E-07
  4.2866049038157781E-07
  4.6157323727079147E-07
  4.9091570956328935E-07
  5.1717008011842007E-07
  5.4073767565473110E-07
  5.6195953712622448E-07
  5.8112421038324258E-07
  5.9847789170753331E-07
  6.1423174142007099E-07
  6.2856775626847772E-07
  6.4164351943060818E-07
  6.5359606922021089E-07
  6.6454507046985909E-07
  6.7459543022010216E-07
  6.8383946765397396E-07
  6.9235872426356364E-07
  7.0022548200912401E-07
  7.0750404325161024E-07
  7.1425181542228711E-07
  7.2052023500755993E-07
  7.2635555884719926E-07
  7.3179954559723792E-07
  7.3689004613644069E-07
  7.4166151849413889E-07
  7.4614548034268302E-07
  7.5037091011770686E-07
  7.5436460629016370E-07
  7.5815151315638174E-07
  7.6175502067776967E-07
  7.6519724536650243E-07
  7.6849929897394339E-07
  7.7168155178883146E-07
  7.7476389774609668E-07
  7.7776602933015788E-07
  7.8070773162921110E-07
  7.8360921393744680E-07
  7.8649140181365863E-07
  7.8937651556476033E-07
  7.9228863296197476E-07
  7.9525388783925903E-07
  7.9830181047139252E-07
  8.0146606341605253E-07
  8.0478583931841291E-07
  8.0830764569334649E-07
  8.1208773012985585E-07
  8.1619544264047962E-07
  8.2071799831473002E-07
  8.2576738332827836E-07
  8.3149063307837650E-07
  8.3808558643385661E-07
  8.4582586525471936E-07
  8.5510207788399714E-07
  8.6649304890028736E-07
  8.8089615069814501E-07
  8.9978315275691555E-07
  9.2574961026152910E-07
  9.6384363683131698E-07
  1.0253634994164647E-06
  1.1418761437824810E-06
  1.4476577685749692E-06
  4.4193411871732451E-06
 -3.2034020831848649E-07
  2.9350399328894285E-07
  4.6427789177034581E-07
  5.4447642782199918E-07
  5.9104576003617944E-07
  6.2146018266231526E-07
  6.4287109751459718E-07
  6.5874916369832835E-07
  6.7098258356191789E-07
  6.8068687384240786E-07
  6.8856354206295525E-07
  6.9507593263133565E-07
  7.0054245733134898E-07
  7.0518920562413830E-07
  7.0918118510659567E-07
  7.1264167726423601E-07
  7.1566466907219276E-07
  7.1832308787207608E-07
  7.2067440450837472E-07
  7.2276453648997000E-07
  7.2463062404311179E-07
  5.6603145524548818E-07
  5.6346457649016888E-07
  5.6098745253692107E-07
  5.5859583770888523E-07
  5.5628577504767169E-07
  5.5405357193807930E-07
  1.9208179735322869E-09
  1.9461196079077571E-09
  1.9720122020927959E-09
  1.9985153919139890E-09
  2.0256496621415016E-09
  2.0534363919123172E-09
  2.0818979030724008E-09
  2.1110575116504179E-09
  2.1409395827018933E-09
  2.1715695887704992E-09
  2.2029741722684581E-09
  2.2351812120616856E-09
  2.2682198946035529E-09
  2.3021207899856123E-09
  2.3369159332833293E-09
  2.3726389116581275E-09
  2.4093249576654571E-09
  2.4470110493091120E-09
  2.4857360173969509E-09
  2.5255406608469767E-09
  2.5664678705954294E-09
  2.6085627629058067E-09
  2.6518728228911956E-09
  2.6964480591590321E-09
  2.7423411706283941E-09
  2.7896077266023567E-09
  2.8383063613705918E-09
  2.8884989846897267E-09
  2.9402510097055504E-09
 -7.0711965974689653E-07
 -4.9813219445709979E-07
 -3.2826858812081816E-07
 -1.8815867319221212E-07
 -7.1136402802463091E-08
  2.7652494276354776E-08
  1.1182442550915163E-07
  1.8412536308196786E-07
  2.4667518498958953E-07
  3.0113442454156799E-07
  3.4882068060506835E-07
  3.9079153241200044E-07
  4.2790466136008385E-07
  4.6086214897833208E-07
  4.9024359016555569E-07
  5.1653211406600914E-07
  5.4012980824904870E-07
  5.6137834263101121E-07
  5.8056677527667692E-07
  5.9794172511154373E-07
  6.1371470345994156E-07
  6.2806800035289630E-07
  6.4115944543903544E-07
  6.5312628529827217E-07
  6.6408836167201386E-07
  6.7415073264043372E-07
  6.8340584697862462E-07
  6.9193535791532914E-07
  6.9981164422839582E-07
  7.0709909258760186E-07
  7.1385518422357341E-07
  7.2013142057355316E-07
  7.2597411597785965E-07
  7.3142508032372395E-07
  7.3652221046102124E-07
  7.4130000600118142E-07
  7.4579002257285128E-07
  7.5002127362123514E-07
  7.5402059029586506E-07
  7.5781294781463757E-07
  7.6142176585205574E-07
  7.6486918996848309E-07
  7.6817636085545480E-07
  7.7136367822655579E-07
  7.7445106658086778E-07
  7.7745825085450985E-07
  7.8040505132290387E-07
  7.8331171713917643E-07
  7.8619923357255219E-07
  7.8908982108018704E-07
  7.9200766944935910E-07
  7.9497896763173480E-07
  7.9803333342068561E-07
  8.0120453822747895E-07
  8.0453191186783450E-07
  8.0806213762809962E-07
  8.1185169229098684E-07
  8.1597023024981713E-07
  8.2050537895940992E-07
  8.2556969561544636E-07
  8.3131102597067727E-07
  8.3792839148536685E-07
  8.4569719659227614E-07
  8.5501084097672958E-07
  8.6645272456614953E-07
  8.8092815150652152E-07
  8.9992364564972251E-07
  9.2606484125311013E-07
  9.6446930572350989E-07
  1.0266273875824347E-06
  1.1448156896004359E-06
  1.4579378823543804E-06
  4.7412112301925008E-06
 -2.9525649720001763E-07
  2.9805542193757635E-07
  4.6596644726948746E-07
  5.4525711798089568E-07
  5.9142843423245631E-07
  6.2163449559808635E-07
  6.4292335675378588E-07
  6.5872416559708923E-07
  6.7090584444032651E-07
  6.8057397214129983E-07
  6.8842451451440156E-07
  6.9491752934447185E-07
  7.0036938000584399E-07
  7.0500482603961961E-07
  7.0898798151156293E-07
  7.1244150983324628E-07
  7.1545895959881392E-07
  7.1811294035746727E-07
  7.2046068813244550E-07
  7.2254794395652140E-07
  7.2441171341280154E-07
  5.6580470127716215E-07
  5.6323692113528499E-07
  5.6075896609220950E-07
  5.5836658470422778E-07
  5.5605581478442363E-07
  5.5382295896927076E-07
  1.9207653178049257E-09
  1.9460658249164229E-09
  1.9719572546211055E-09
  1.9984592411169524E-09
  2.0255922674462182E-09
  2.0533777109266831E-09
  2.0818378914820449E-09
  2.1109961231136322E-09
  2.1408767687295594E-09
  2.1715052985992927E-09
  2.2029083527373939E-09
  2.2351138074631582E-09
  2.2681508465333875E-09
  2.3020500371821874E-09
  2.3368434114486923E-09
  2.3725645532732494E-09
  2.4092486917901792E-09
  2.4469328013647119E-09
  2.4856557089337977E-09
  2.5254582092910348E-09
  2.5663831889822216E-09
  2.6084757595905309E-09
  2.6517834012232297E-09
  2.6963561171566486E-09
  2.7422466005988728E-09
  2.7895104147500294E-09
  2.8382061873626381E-09
  2.8883958211897861E-09
  2.9401447218620916E-09
 -7.1006578684528315E-07
 -5.0058591162588657E-07
 -3.3035047558118797E-07
 -1.8995349346096157E-07
 -7.2705406337272669E-08
  2.6264012543549056E-08
  1.1058229714249815E-07
  1.8300336505896002E-07
  2.4565288636042397E-07
  3.0019569378908122E-07
  3.4795262911476571E-07
  3.8998375268699137E-07
  4.2714866858374964E-07
  4.6015096555206321E-07
  4.8957143243444507E-07
  5.1589415701649013E-07
  5.3952198951423489E-07
  5.6079723024558302E-07
  5.8000945062031974E-07
  5.9740569310444879E-07
  6.1319782074807509E-07
  6.2756841745014224E-07
  6.4067555980564440E-07
  6.5265670304965548E-07
  6.6363186615467813E-07
  6.7370625850526791E-07
  6.8297245869179722E-07
  6.9151223186687689E-07
  6.9939805378379797E-07
  7.0669439555584445E-07
  7.1345881232757264E-07
  7.1974287058783445E-07
  7.2559294226515869E-07
  7.3105088855530423E-07
  7.3615465234795571E-07
  7.4093877490103788E-07
  7.4543484985818963E-07
  7.4967192572957913E-07
  7.5367686639813770E-07
  7.5747467805746070E-07
  7.6108881015060687E-07
  7.6454143734491575E-07
  7.6785372933532431E-07
  7.7104611533055419E-07
  7.7413855047378831E-07
  7.7715079224526237E-07
  7.8010269622038557E-07
  7.8301455155805412E-07
  7.8590739036948518E-07
  7.8880347243973087E-07
  7.9172706086386104E-07
  7.9470441303589981E-07
  7.9776523466876449E-07
  8.0094340657295918E-07
  8.0427839645632169E-07
  8.0781706436208962E-07
  8.1161611761480786E-07
  8.1574551689697318E-07
  8.2029330477080969E-07
  8.2537261348956412E-07
  8.3113210529478596E-07
  8.3777199384873251E-07
  8.4556948184240554E-07
  8.5492078701040493E-07
  8.6641393279246582E-07
  8.8096224787601637E-07
  9.0006720532290941E-07
  9.2638497575395955E-07
  9.6510382995178371E-07
  1.0279104641192620E-06
  1.1478120697730352E-06
  1.4685540241127395E-06
  5.1255376901960208E-06
 -2.7132026383769883E-07
  3.0251154355709612E-07
  4.6763082946034208E-07
  5.4602865117935552E-07
  5.9180687356125127E-07
  6.2180662366061107E-07
  6.4297442487523936E-07
  6.5869851140000743E-07
  6.7082876030588078E-07
  6.8046091721605490E-07
  6.8828545757354731E-07
  6.9475917963416949E-07
  7.0019641356284365E-07
  7.0482059792178686E-07
  7.0879495873303927E-07
  7.1224154482499047E-07
  7.1525346868658408E-07
  7.1790302360943957E-07
  7.2024721184885285E-07
  7.2233159870018571E-07
  7.2419305563061570E-07
  5.6557818146912981E-07
  5.6300949949008394E-07
  5.6053071296438406E-07
  5.5813756467425972E-07
  5.5582608719798804E-07
  5.5359257841823994E-07
  1.9207126647650479E-09
  1.9460120446899478E-09
  1.9719023100011332E-09
  1.9984030932596669E-09
  2.0255348757842984E-09
  2.0533190330721038E-09
  2.0817778831277948E-09
  2.1109347379183027E-09
  2.1408139582058085E-09
  2.1714410119980232E-09
  2.2028425368974159E-09
  2.2350464066831228E-09
  2.2680818024149977E-09
  2.3019792884687575E-09
  2.3367708938502247E-09
  2.3724901992805353E-09
  2.4091724304702585E-09
  2.4468545581450902E-09
  2.4855754053732923E-09
  2.5253757628294353E-09
  2.5662985126636753E-09
  2.6083887617761522E-09
  2.6516939852804840E-09
  2.6962641811098530E-09
  2.7421520367720047E-09
  2.7894131093609899E-09
  2.8381060200937943E-09
  2.8882926647215850E-09
  2.9400384413581075E-09
 -7.1301783681848720E-07
 -5.0304396189088512E-07
 -3.3243559068762878E-07
 -1.9175075008424349E-07
 -7.4276266210130565E-08
  2.4874108368224502E-08
  1.0933907663993062E-07
  1.8188053019174804E-07
  2.4462995085580537E-07
  2.9925648464598518E-07
  3.4708422616978647E-07
  3.8917572413486956E-07
  4.2639251067096036E-07
  4.5943968576735776E-07
  4.8889923526758699E-07
  5.1525620797091620E-07
  5.3891421853316388E-07
  5.6021619912291300E-07
  5.7945223562054986E-07
  5.9686979494056695E-07
  6.1268109257885479E-07
  6.2706900688924611E-07
  6.4019186188771450E-07
  6.5218732185646195E-07
  6.6317558332020927E-07
  6.7326200723603252E-07
  6.8253930223116215E-07
  6.9108934557029186E-07
  6.9898471013974044E-07
  7.0628995163149227E-07
  7.1306269922038114E-07
  7.1935458454656172E-07
  7.2521203721381144E-07
  7.3067696980448250E-07
  7.3578737131889948E-07
  7.4057782472295763E-07
  7.4507996173531811E-07
  7.4932286598723851E-07
  7.5333343414940560E-07
  7.5713670344522293E-07
  7.6075615314270193E-07
  7.6421398707440988E-07
  7.6753140400237281E-07
  7.7072886270107696E-07
  7.7382634903783938E-07
  7.7684365313022176E-07
  7.7980066596639652E-07
  7.8271771685959014E-07
  7.8561588498537425E-07
  7.8851746935995650E-07
  7.9144680695651091E-07
  7.9443022384457117E-07
  7.9749751406303997E-07
  8.0068266836572652E-07
  8.0402529308245527E-07
  8.0757242600150521E-07
  8.1138100635562795E-07
  8.1552130303536696E-07
  8.2008177646797909E-07
  8.2517613804666654E-07
  8.3095387268001047E-07
  8.3761639596488562E-07
  8.4544272466917441E-07
  8.5483192162421978E-07
  8.6637668253098440E-07
  8.8099845479600664E-07
  9.0021385865026164E-07
  9.2671006684906291E-07
  9.6574733077346123E-07
  1.0292130774472388E-06
  1.1508667867075379E-06
  1.4795224646385927E-06
  5.5924331684872329E-06
 -2.4845531551304313E-07
  3.0687516968872080E-07
  4.6927149215939744E-07
  5.4679115329574080E-07
  5.9218112413610777E-07
  6.2197658686424309E-07
  6.4302431154130510E-07
  6.5867220608774448E-07
  6.7075133380457369E-07
  6.8034771047665702E-07
  6.8814637195725999E-07
  6.9460088380828438E-07
  7.0002355805845658E-07
  7.0463652116873576E-07
  7.0860211657225814E-07
  7.1204178197202956E-07
  7.1504819602416125E-07
  7.1769333728775424E-07
  7.2003397529836555E-07
  7.2211550034849777E-07
  7.2397465031545256E-07
  5.6535189548518270E-07
  5.6278231121807470E-07
  5.6030269281672291E-07
  5.5790877728207326E-07
  5.5559659195130699E-07
  5.5336242994780853E-07
  1.9206600144081887E-09
  1.9459582672302764E-09
  1.9718473682336051E-09
  1.9983469483441834E-09
  2.0254774871570370E-09
  2.0532603583498677E-09
  2.0817178780045022E-09
  2.1108733560620444E-09
  2.1407511511354539E-09
  2.1713767289628285E-09
  2.2027767247472846E-09
  2.2349790097195465E-09
  2.2680127622475959E-09
  2.3019085438460599E-09
  2.3366983804904021E-09
  2.3724158496790828E-09
  2.4090961737024980E-09
  2.4467763196512957E-09
  2.4854951067206566E-09
  2.5252933214614391E-09
  2.5662138416378281E-09
  2.6083017694645246E-09
  2.6516045750582381E-09
  2.6961722510180622E-09
  2.7420574791477507E-09
  2.7893158104347006E-09
  2.8380058595628627E-09
  2.8881895152803184E-09
  2.9399321681923367E-09
 -7.1597583187753577E-07
 -5.0550636076491062E-07
 -3.3452394460238449E-07
 -1.9355045133857869E-07
 -7.5848988705970214E-08
  2.3482776866062450E-08
  1.0809476012427945E-07
  1.8075685535259780E-07
  2.4360637589944266E-07
  2.9831679495407092E-07
  3.4621546993386247E-07
  3.8836744517295738E-07
  4.2563618623602232E-07
  4.5872830839407147E-07
  4.8822699756430524E-07
  5.1461826592877596E-07
  5.3830649438956035E-07
  5.5963524841300508E-07
  5.7889512948739895E-07
  5.9633402987484982E-07
  6.1216451824799343E-07
  6.2656976799770590E-07
  6.3970835104236128E-07
  6.5171814109993093E-07
  6.6271951257149988E-07
  6.7281797825350228E-07
  6.8210637703435645E-07
  6.9066669847762739E-07
  6.9857161276104493E-07
  7.0588576029160158E-07
  7.1266684438915211E-07
  7.1896656194576698E-07
  7.2483140032945580E-07
  7.3030332358593261E-07
  7.3542036689522452E-07
  7.4021715499641069E-07
  7.4472535774159462E-07
  7.4897409393933877E-07
  7.5299029310257270E-07
  7.5679902353957031E-07
  7.6042379439838720E-07
  7.6388683873641776E-07
  7.6720938444634919E-07
  7.7041191993921152E-07
  7.7351446188698096E-07
  7.7653683313769663E-07
  7.7949896020692755E-07
  7.8242119018611211E-07
  7.8532471711219322E-07
  7.8823181155928730E-07
  7.9116690747876193E-07
  7.9415639985387705E-07
  7.9723017145209561E-07
  8.0042232352040643E-07
  8.0377260174907662E-07
  8.0732822266238270E-07
  8.1114635877410900E-07
  8.1529758911714581E-07
  8.1987079477483685E-07
  8.2498027038296873E-07
  8.3077632977959055E-07
  8.3746160028116133E-07
  8.4531692875781325E-07
  8.5474425048741923E-07
  8.6634098282946186E-07
  8.8103678740268078E-07
  9.0036363282441557E-07
  9.2704016848791628E-07
  9.6639993193550600E-07
  1.0305355847126423E-06
  1.1539813965537431E-06
  1.4908605437895958E-06
  6.1716844002298194E-06
 -2.2659205678470928E-07
  3.1114900229678696E-07
  4.7088887796544329E-07
  5.4754474787827264E-07
  5.9255123149607974E-07
  6.2214440501671215E-07
  6.4307302629612464E-07
  6.5864525459496619E-07
  6.7067356757037952E-07
  6.8023435333289238E-07
  6.8800725837156253E-07
  6.9444264217018201E-07
  6.9985081354595852E-07
  7.0445259568057941E-07
  7.0840945482516145E-07
  7.1184222100652200E-07
  7.1484314130144571E-07
  7.1748388105331510E-07
  7.1982097812192589E-07
  7.2189964852982389E-07
  7.2375649708716108E-07
  5.6512584298977021E-07
  5.6255535598342279E-07
  5.6007490531316170E-07
  5.5768022219141718E-07
  5.5536732870797901E-07
  5.5313251322145458E-07
  1.9206073667357804E-09
  1.9459044925369749E-09
  1.9717924293168619E-09
  1.9982908063693093E-09
  2.0254201015646835E-09
  2.0532016867598221E-09
  2.0816578761158614E-09
  2.1108119775453293E-09
  2.1406883475162251E-09
  2.1713124494949752E-09
  2.2027109162825764E-09
  2.2349116165717593E-09
  2.2679437260302285E-09
  2.3018378033143242E-09
  2.3366258713671443E-09
  2.3723415044706318E-09
  2.4090199214910324E-09
  2.4466980858812558E-09
  2.4854148129704752E-09
  2.5252108851855266E-09
  2.5661291759003367E-09
  2.6082147826520298E-09
  2.6515151705591093E-09
  2.6960803268842614E-09
  2.7419629277235414E-09
  2.7892185179691430E-09
  2.8379057057691299E-09
  2.8880863728709961E-09
  2.9398259023628635E-09
 -7.1893979437822938E-07
 -5.0797312377448856E-07
 -3.3661554852775738E-07
 -1.9535260551729497E-07
 -7.7423580124092210E-08
  2.2090013140074264E-08
  1.0684934371723725E-07
  1.7963233740175777E-07
  2.4258215890631703E-07
  2.9737662255346881E-07
  3.4534635856848185E-07
  3.8755891421496144E-07
  4.2487969389131655E-07
  4.5801683220217085E-07
  4.8755471822145206E-07
  5.1398032988939918E-07
  5.3769881616527815E-07
  5.5905437726720106E-07
  5.7833813142763239E-07
  5.9579839716420293E-07
  6.1164809704996667E-07
  6.2607070010600728E-07
  6.3922502662715092E-07
  6.5124916016338655E-07
  6.6226365331272421E-07
  6.7237417098059947E-07
  6.8167368253987318E-07
  6.9024429004107571E-07
  6.9815876111375224E-07
  7.0548182101311067E-07
  7.1227124732127593E-07
  7.1857880228312835E-07
  7.2445103111811000E-07
  7.2992994941372689E-07
  7.3505363859997156E-07
  7.3985676525226280E-07
  7.4437103741541174E-07
  7.4862560913218474E-07
  7.5264744281198626E-07
  7.5646163790258523E-07
  7.6009173348882770E-07
  7.6355999191136723E-07
  7.6688767025789768E-07
  7.7009528664705725E-07
  7.7320288863618036E-07
  7.7623033189770774E-07
  7.7919757858904153E-07
  7.8212501541311946E-07
  7.8503388644379984E-07
  7.8794649875711046E-07
  7.9088736218538123E-07
  7.9388294086012764E-07
  7.9696320668462951E-07
  8.0016237195608257E-07
  8.0352032245784104E-07
  8.0708445445625918E-07
  8.1091217513057855E-07
  8.1507437560613629E-07
  8.1966036042453615E-07
  8.2478501162129006E-07
  8.3059947825125999E-07
  8.3730760927294121E-07
  8.4519209783858083E-07
  8.5465777933862407E-07
  8.6630684285543066E-07
  8.8107726105735992E-07
  9.0051655543518680E-07
  9.2737533542182082E-07
  9.6706175941543187E-07
  1.0318783518062593E-06
  1.1571575114410249E-06
  1.5025867590170734E-06
  6.9093640700777684E-06
 -2.0566679120120804E-07
  3.1533563914169895E-07
  4.7248341858431813E-07
  5.4828955632222311E-07
  5.9291724055738022E-07
  6.2231009769206737E-07
  6.4312057863408392E-07
  6.5861766181067061E-07
  6.7059546421907337E-07
  6.8012084718222843E-07
  6.8786811753587590E-07
  6.9428445502153317E-07
  6.9967818008176811E-07
  7.0426882135501909E-07
  7.0821697329261791E-07
  7.1164286166249987E-07
  7.1463830420869075E-07
  7.1727465456756063E-07
  7.1960821996182160E-07
  7.2168404287327947E-07
  7.2353859556634546E-07
  5.6490002364799636E-07
  5.6232863345094890E-07
  5.5984735011829064E-07
  5.5745189906669533E-07
  5.5513829713225763E-07
  5.5290282790331111E-07
  1.9205547217473817E-09
  1.9458507206091347E-09
  1.9717374932544683E-09
  1.9982346673366885E-09
  2.0253627190068595E-09
  2.0531430183003751E-09
  2.0815978774604546E-09
  2.1107506023672612E-09
  2.1406255473467099E-09
  2.1712481735936223E-09
  2.2026451115088696E-09
  2.2348442272391438E-09
  2.2678746937605818E-09
  2.3017670668713502E-09
  2.3365533664821358E-09
  2.3722671636536620E-09
  2.4089436738329479E-09
  2.4466198568351261E-09
  2.4853345241221781E-09
  2.5251284540013508E-09
  2.5660445154574420E-09
  2.6081278013422344E-09
  2.6514257717808617E-09
  2.6959884087043461E-09
  2.7418683825011501E-09
  2.7891212319664613E-09
  2.8378055587128762E-09
  2.8879832374877298E-09
  2.9397196438717941E-09
 -7.2190974674292097E-07
 -5.1044426656930628E-07
 -3.3871041371195301E-07
 -1.9715722095052023E-07
 -7.9000046790376145E-08
  2.0695812280085759E-08
  1.0560282352036200E-07
  1.7850697319348324E-07
  2.4155729728820883E-07
  2.9643596527458018E-07
  3.4447689023515706E-07
  3.8675012967659158E-07
  4.2412303224970786E-07
  4.5730525596386315E-07
  4.8688239613423369E-07
  5.1334239885187298E-07
  5.3709118294489225E-07
  5.5847358483806025E-07
  5.7778124065089794E-07
  5.9526289606467522E-07
  6.1113182828190845E-07
  6.2557180254266710E-07
  6.3874188800114999E-07
  6.5078037842925994E-07
  6.6180800494841028E-07
  6.7193058484047295E-07
  6.8124121818735167E-07
  6.8982211971524174E-07
  6.9774615466426720E-07
  7.0507813327416266E-07
  7.1187590750545026E-07
  7.1819130505660263E-07
  7.2407092908696559E-07
  7.2955684680389199E-07
  7.3468718595677234E-07
  7.3949665502192970E-07
  7.4401700029631937E-07
  7.4827741111257365E-07
  7.5230488283237844E-07
  7.5612454609761287E-07
  7.5975996998572863E-07
  7.6323344618051918E-07
  7.6656626102857328E-07
  7.6977896242759647E-07
  7.7289162890132136E-07
  7.7592414904093328E-07
  7.7889652076086412E-07
  7.8182917050036334E-07
  7.8474339267498589E-07
  7.8766153067506143E-07
  7.9060817083211467E-07
  7.9360984666144151E-07
  7.9669661961509801E-07
  7.9990281359153445E-07
  8.0326845521601376E-07
  8.0684112150639328E-07
  8.1067845569766590E-07
  8.1485166296974707E-07
  8.1945047415958998E-07
  8.2459036287761834E-07
  8.3042331977254859E-07
  8.3715442544388842E-07
  8.4506823567029024E-07
  8.5457251397810078E-07
  8.6627427183490092E-07
  8.8111989125809281E-07
  9.0067265443391774E-07
  9.2771562331587029E-07
  9.6773294172468245E-07
  1.0332417540695077E-06
  1.1603968025873271E-06
  1.5147208644271070E-06
  7.8807232695486438E-06
 -1.8562111040480276E-07
  3.1943757982306479E-07
  4.7405553545920192E-07
  5.4902569794521115E-07
  5.9327919558504589E-07
  6.2247368424870117E-07
  6.4316697792497501E-07
  6.5858943260637599E-07
  6.7051702634867360E-07
  6.8000719341335980E-07
  6.8772895014489915E-07
  6.9412632266529465E-07
  6.9950565772057899E-07
  7.0408519809259992E-07
  7.0802467177238358E-07
  7.1144370367410409E-07
  7.1443368443655495E-07
  7.1706565749277256E-07
  7.1939570046085095E-07
  7.2146868300891058E-07
  7.2332094537427102E-07
  5.6467443712561963E-07
  5.6210214328612765E-07
  5.5962002689735350E-07
  5.5722380757296475E-07
  5.5490949688904918E-07
  5.5267337365816397E-07
  1.9205020794409218E-09
  1.9457969514481247E-09
  1.9716825600416942E-09
  1.9981785312447849E-09
  2.0253053394809308E-09
  2.0530843529714344E-09
  2.0815378820371522E-09
  2.1106892305283715E-09
  2.1405627506269222E-09
  2.1711839012584953E-09
  2.2025793104239033E-09
  2.2347768417238618E-09
  2.2678056654417147E-09
  2.3016963345198514E-09
  2.3364808658341411E-09
  2.3721928272266560E-09
  2.4088674307268913E-09
  2.4465416325141809E-09
  2.4852542401786463E-09
  2.5250460279092249E-09
  2.5659598603021380E-09
  2.6080408255316305E-09
  2.6513363787256700E-09
  2.6958964964767961E-09
  2.7417738434803152E-09
  2.7890239524232119E-09
  2.8377054183916436E-09
  2.8878801091314389E-09
  2.9396133927160719E-09
 -7.2488571151053850E-07
 -5.1291980481348700E-07
 -3.4080855143090655E-07
 -1.9896430598568285E-07
 -8.0578395049615642E-08
  1.9300169366115326E-08
  1.0435519563696359E-07
  1.7738075957284522E-07
  2.4053178845629651E-07
  2.9549482095708013E-07
  3.4360706309423345E-07
  3.8594108996885265E-07
  4.2336619992286097E-07
  4.5659357844776226E-07
  4.8621003020014908E-07
  5.1270447181647094E-07
  5.3648359381041958E-07
  5.5789287027779479E-07
  5.7722445636659654E-07
  5.9472752583155554E-07
  6.1061571123969852E-07
  6.2507307463888763E-07
  6.3825893452341278E-07
  6.5031179528206330E-07
  6.6135256688401337E-07
  6.7148721925651023E-07
  6.8080898341620614E-07
  6.8940018695421115E-07
  6.9733379287936721E-07
  7.0467469655316716E-07
  7.1148082443076622E-07
  7.1780406976533236E-07
  7.2369109374378973E-07
  7.2918401527227300E-07
  7.3432100848981404E-07
  7.3913682383748848E-07
  7.4366324592373215E-07
  7.4792949942824444E-07
  7.5196261271947229E-07
  7.5578774768840003E-07
  7.5942850346189187E-07
  7.6290720112597657E-07
  7.6624515635085521E-07
  7.6946294688477012E-07
  7.7258068229934773E-07
  7.7561828419881460E-07
  7.7859578637200778E-07
  7.8153365511763261E-07
  7.8445323550177993E-07
  7.8737690703477457E-07
  7.9032933317618208E-07
  7.9333711705987057E-07
  7.9643041009580239E-07
  7.9964364835016414E-07
  8.0301700003507576E-07
  8.0659822393307894E-07
  8.1044520074275320E-07
  8.1462945168127093E-07
  8.1924113672749115E-07
  8.2439632529664111E-07
  8.3024785604098355E-07
  8.3700205130719918E-07
  8.4494534605415580E-07
  8.5448846025510811E-07
  8.6624327912777221E-07
  8.8116469371022788E-07
  9.0083195812870984E-07
  9.2806108868585183E-07
  9.6841360984449486E-07
  1.0346261760718495E-06
  1.1637010020621614E-06
  1.5272839788204089E-06
  9.2176356877187168E-06
 -1.6640135484957918E-07
  3.2345722870924903E-07
  4.7560563951510431E-07
  5.4975328988283446E-07
  5.9363714026228160E-07
  6.2263518382035577E-07
  6.4321223349036797E-07
  6.5856057178111202E-07
  6.7043825654496346E-07
  6.7989339340205256E-07
  6.8758975690167451E-07
  6.9396824539721859E-07
  6.9933324651231001E-07
  7.0390172579042601E-07
  7.0783255006501533E-07
  7.1124474677564656E-07
  7.1422928167731210E-07
  7.1685688949147887E-07
  7.1918341926289354E-07
  7.2125356856746517E-07
  7.2310354613329202E-07
  5.6444908308905017E-07
  5.6187588515508554E-07
  5.5939293531624620E-07
  5.5699594737593444E-07
  5.5468092764391203E-07
  5.5244415015145114E-07
  1.9204494398196377E-09
  1.9457431850530400E-09
  1.9716276296796095E-09
  1.9981223980929277E-09
  2.0252479629890550E-09
  2.0530256907741694E-09
  2.0814778898471805E-09
  2.1106278620297628E-09
  2.1404999573569913E-09
  2.1711196324897239E-09
  2.2025135130254737E-09
  2.2347094600237133E-09
  2.2677366410730665E-09
  2.3016256062554292E-09
  2.3364083694212480E-09
  2.3721184951912937E-09
  2.4087911921751517E-09
  2.4464634129165709E-09
  2.4851739611379187E-09
  2.5249636069084655E-09
  2.5658752104380655E-09
  2.6079538552200265E-09
  2.6512469913879354E-09
  2.6958045902044916E-09
  2.7416793106574295E-09
  2.7889266793412089E-09
  2.8376052848064688E-09
  2.8877769878008665E-09
  2.9395071488961186E-09
 -7.2786771130727743E-07
 -5.1539975424819519E-07
 -3.4290997301361981E-07
 -2.0077386900730139E-07
 -8.2158631248729266E-08
  1.7903079458383017E-08
  1.0310645615236152E-07
  1.7625369338279696E-07
  2.3950562980904879E-07
  2.9455318742596717E-07
  3.4273687529851522E-07
  3.8513179350151270E-07
  4.2260919551935401E-07
  4.5588179842291819E-07
  4.8553761931663271E-07
  5.1206654778070765E-07
  5.3587604784539422E-07
  5.5731223273764134E-07
  5.7666777778297801E-07
  5.9419228572278235E-07
  6.1009974522030026E-07
  6.2457451572515137E-07
  6.3777616555363905E-07
  6.4984341010588678E-07
  6.6089733852406519E-07
  6.7104407365298226E-07
  6.8037697766760723E-07
  6.8897849121277351E-07
  6.9692167522721427E-07
  7.0427151032944242E-07
  7.1108599758685871E-07
  7.1741709590846780E-07
  7.2331152459735326E-07
  7.2881145433592496E-07
  7.3395510572446407E-07
  7.3877727123212329E-07
  7.4330977383865762E-07
  7.4758187362779778E-07
  7.5162063202978382E-07
  7.5545124223977444E-07
  7.5909733349082470E-07
  7.6258125633078425E-07
  7.6592435581810581E-07
  7.6914723962344740E-07
  7.7227004844811387E-07
  7.7531273700427111E-07
  7.7829537507256497E-07
  7.8123846893511445E-07
  7.8416341462186628E-07
  7.8709262756023806E-07
  7.9005084897583496E-07
  7.9306475185628679E-07
  7.9616457798474656E-07
  7.9938487615602972E-07
  8.0276595692533535E-07
  8.0635576186509132E-07
  8.1021241054763095E-07
  8.1440774222118403E-07
  8.1903234888955902E-07
  8.2420290001624548E-07
  8.3007308875662351E-07
  8.3685048941019292E-07
  8.4482343282058056E-07
  8.5440562408622265E-07
  8.6621387418318358E-07
  8.8121168431465448E-07
  9.0099449523345919E-07
  9.2841178894852196E-07
  9.6910389725822775E-07
  1.0360320122465469E-06
  1.1670719067667441E-06
  1.5402987049862149E-06
  1.1174194123329274E-05
 -1.4795814028935004E-07
  3.2739690079699168E-07
  4.7713413213339455E-07
  5.5047244722855941E-07
  5.9399111767915252E-07
  6.2279461535582069E-07
  6.4325635453819321E-07
  6.5853108413081029E-07
  6.7035915735972742E-07
  6.7977944851630832E-07
  6.8745053850511245E-07
  6.9381022351678301E-07
  6.9916094651411460E-07
  7.0371840434858856E-07
  7.0764060797002164E-07
  7.1104599070272290E-07
  7.1402509562279912E-07
  7.1664835022820539E-07
  7.1897137601233719E-07
  7.2103869918059594E-07
  7.2288639746646114E-07
  5.6422396120534940E-07
  5.6164985872459938E-07
  5.5916607504151441E-07
  5.5676831814196321E-07
  5.5445258906305473E-07
  5.5221515704926027E-07
  1.9203968028820444E-09
  1.9456894214227453E-09
  1.9715727021691092E-09
  1.9980662678801574E-09
  2.0251905895315449E-09
  2.0529670317083741E-09
  2.0814179008897529E-09
  2.1105664968690505E-09
  2.1404371675385319E-09
  2.1710553672861222E-09
  2.2024477193144978E-09
  2.2346420821388726E-09
  2.2676676206515334E-09
  2.3015548820814156E-09
  2.3363358772442987E-09
  2.3720441675459997E-09
  2.4087149581752046E-09
  2.4463851980405518E-09
  2.4850936869981453E-09
  2.5248811909991120E-09
  2.5657905658647537E-09
  2.6078668904078381E-09
  2.6511576097732488E-09
  2.6957126898847011E-09
  2.7415847840355220E-09
  2.7888294127169614E-09
  2.8375051579539717E-09
  2.8876738734989466E-09
  2.9394009124096422E-09
 -7.3085576885707084E-07
 -5.1788413067651640E-07
 -3.4501468981667376E-07
 -2.0258591842214643E-07
 -8.3740761778574621E-08
  1.6504537607283358E-08
  1.0185660114264812E-07
  1.7512577145932026E-07
  2.3847881874780627E-07
  2.9361106250404917E-07
  3.4186632500334301E-07
  3.8432223868122896E-07
  4.2185201764937796E-07
  4.5516991465676904E-07
  4.8486516237870255E-07
  5.1142862574561108E-07
  5.3526854413264071E-07
  5.5673167137016611E-07
  5.7611120410900855E-07
  5.9365717499547727E-07
  6.0958392952182904E-07
  6.2407612513299729E-07
  6.3729358045148098E-07
  6.4937522228518730E-07
  6.6044231927599462E-07
  6.7060114745487831E-07
  6.7994520038259663E-07
  6.8855703194682004E-07
  6.9650980117637809E-07
  7.0386857408378509E-07
  7.1069142646518198E-07
  7.1703038298638127E-07
  7.2293222115668499E-07
  7.2843916351303363E-07
  7.3358947718646086E-07
  7.3841799673932037E-07
  7.4295658358281867E-07
  7.4723453326043365E-07
  7.5127894032054475E-07
  7.5511502931760027E-07
  7.5876645964704172E-07
  7.6225561137887721E-07
  7.6560385902460911E-07
  7.6883184024946120E-07
  7.7195972696647740E-07
  7.7500750709107458E-07
  7.7799528651460116E-07
  7.8094361162417966E-07
  7.8387392973379693E-07
  7.8680869197627059E-07
  7.8977271799136659E-07
  7.9279275085477717E-07
  7.9589912313922709E-07
  7.9912649693681101E-07
  8.0251532590413339E-07
  8.0611373542990094E-07
  8.0998008539073603E-07
  8.1418653507344108E-07
  8.1882411140489298E-07
  8.2401008820145687E-07
  8.2989901965078921E-07
  8.3669974232377071E-07
  8.4470249983625795E-07
  8.5432401143827113E-07
  8.6618606654103194E-07
  8.8126087914706144E-07
  9.0116029486393688E-07
  9.2876778247046214E-07
  9.6980394014288674E-07
  1.0374596672183157E-06
  1.1705113805853309E-06
  1.5537892638705169E-06
  1.4310998430580805E-05
 -1.3024594282775208E-07
  3.3125882533461792E-07
  4.7864140484181725E-07
  5.5118328313136130E-07
  5.9434117034497759E-07
  6.2295199757149445E-07
  6.4329935019280770E-07
  6.5850097438644297E-07
  6.7027973133874692E-07
  6.7966536012831686E-07
  6.8731129564211722E-07
  6.9365225731668079E-07
  6.9898875777506096E-07
  7.0353523366556517E-07
  7.0744884528899678E-07
  7.1084743519163448E-07
  7.1382112596687342E-07
  7.1644003936684606E-07
  7.1875957035456628E-07
  7.2082407448073421E-07
  7.2266949899758371E-07
  5.6399907114222704E-07
  5.6142406366209503E-07
  5.5893944574035328E-07
  5.5654091953805881E-07
  5.5422448081333427E-07
  5.5198639401832752E-07
  1.9203441686256586E-09
  1.9456356605572075E-09
  1.9715177775109729E-09
  1.9980101406074806E-09
  2.0251332191075564E-09
  2.0529083757732588E-09
  2.0813579151624784E-09
  2.1105051350461347E-09
  2.1403743811676761E-09
  2.1709911056489009E-09
  2.2023819292916684E-09
  2.2345747080689532E-09
  2.2675986041793849E-09
  2.3014841619951048E-09
  2.3362633893029001E-09
  2.3719698442902683E-09
  2.4086387287274376E-09
  2.4463069878879031E-09
  2.4850134177593652E-09
  2.5247987801804790E-09
  2.5657059265790813E-09
  2.6077799310939891E-09
  2.6510682338759601E-09
  2.6956207955167271E-09
  2.7414902636110976E-09
  2.7887321525514022E-09
  2.8374050378374830E-09
  2.8875707662193016E-09
  2.9392946832582027E-09
 -7.3384990697213765E-07
 -5.2037294997143323E-07
 -3.4712271325635663E-07
 -2.0440046266462836E-07
 -8.5324793023903688E-08
  1.5104538849796889E-08
  1.0060562668566366E-07
  1.7399699062730528E-07
  2.3745135266337347E-07
  2.9266844401600962E-07
  3.4099541035613375E-07
  3.8351242391735206E-07
  4.2109466492021659E-07
  4.5445792591798731E-07
  4.8419265827970362E-07
  5.1079070470908600E-07
  5.3466108175481361E-07
  5.5615118532840973E-07
  5.7555473455595945E-07
  5.9312219290669934E-07
  6.0906826344069651E-07
  6.2357790219361134E-07
  6.3681117857804025E-07
  6.4890723120612813E-07
  6.5998750854661962E-07
  6.7015844008814836E-07
  6.7951365100307588E-07
  6.8813580861250944E-07
  6.9609817019599794E-07
  7.0346588729626041E-07
  7.1029711055629693E-07
  7.1664393050051744E-07
  7.2255318293199953E-07
  7.2806714232187823E-07
  7.3322412240256307E-07
  7.3805899989403438E-07
  7.4260367469828388E-07
  7.4688747787668629E-07
  7.5093753715005907E-07
  7.5477910848815618E-07
  7.5843588150584008E-07
  7.6193026585503831E-07
  7.6528366556554975E-07
  7.6851674836954005E-07
  7.7164971747417051E-07
  7.7470259409388445E-07
  7.7769552035097915E-07
  7.8064908285790022E-07
  7.8358478053772728E-07
  7.8652510000967608E-07
  7.8949493998529877E-07
  7.9252111386159585E-07
  7.9563404541948226E-07
  7.9886851062195872E-07
  8.0226510698761731E-07
  8.0587214476188025E-07
  8.0974822555711694E-07
  8.1396583072810506E-07
  8.1861642504797410E-07
  8.2381789101776064E-07
  8.2972565046193180E-07
  8.3654981263151771E-07
  8.4458255101156078E-07
  8.5424362833347527E-07
  8.6615986586181543E-07
  8.8131229447558449E-07
  9.0132938648952261E-07
  9.2912912850607277E-07
  9.7051387727813905E-07
  1.0389095559421788E-06
  1.1740213576332621E-06
  1.5677816403912966E-06
  2.0156878915732506E-05
 -1.1322272701930377E-07
  3.3504514952599672E-07
  4.8012783998258685E-07
  5.5188590875527035E-07
  5.9468734019629165E-07
  6.2310734899166339E-07
  6.4334122950423808E-07
  6.5847024726330844E-07
  6.7019998100459154E-07
  6.7955112958067675E-07
  6.8717202900546498E-07
  6.9349434709326335E-07
  6.9881668034603734E-07
  7.0335221364178743E-07
  7.0725726182116780E-07
  7.1064907997879207E-07
  7.1361737240295618E-07
  7.1623195657271350E-07
  7.1854800193563105E-07
  7.2060969410109491E-07
  7.2245285035135533E-07
  5.6377441256804119E-07
  5.6119849963564558E-07
  5.5871304708060434E-07
  5.5631375123187600E-07
  5.5399660256225451E-07
  5.5175786072603617E-07
  1.9202915370557611E-09
  1.9455819024565734E-09
  1.9714628557011664E-09
  1.9979540162770638E-09
  2.0250758517149197E-09
  2.0528497229657403E-09
  2.0812979326688767E-09
  2.1104437765601734E-09
  2.1403115982462060E-09
  2.1709268475777859E-09
  2.2023161429552356E-09
  2.2345073378119800E-09
  2.2675295916544183E-09
  2.3014134459967830E-09
  2.3361909055967713E-09
  2.3718955254222987E-09
  2.4085625038297153E-09
  2.4462287824569945E-09
  2.4849331534242959E-09
  2.5247163744503828E-09
  2.5656212925811942E-09
  2.6076929772786202E-09
  2.6509788636970798E-09
  2.6955289071004263E-09
  2.7413957493845540E-09
  2.7886348988445983E-09
  2.8373049244531795E-09
  2.8874676659653032E-09
  2.9391884614387974E-09
 -7.3685014859365690E-07
 -5.2286622805262160E-07
 -3.4923405476499521E-07
 -2.0621751019149305E-07
 -8.6910731413068832E-08
  1.3703078209445644E-08
  9.9353528833067160E-08
  1.7286734770913249E-07
  2.3642322894528316E-07
  2.9172532977893979E-07
  3.4012412950993332E-07
  3.8270234761084024E-07
  4.2033713593752000E-07
  4.5374583097079146E-07
  4.8352010591666053E-07
  5.1015278366853011E-07
  5.3405365979571856E-07
  5.5557077376359024E-07
  5.7499836833331690E-07
  5.9258733871545312E-07
  6.0855274627623024E-07
  6.2307984623980875E-07
  6.3632895929436625E-07
  6.4843943625466693E-07
  6.5953290574327780E-07
  6.6971595097879598E-07
  6.7908232897204891E-07
  6.8771482066720020E-07
  6.9568678175620939E-07
  7.0306344944923320E-07
  7.0990304935301169E-07
  7.1625773795222822E-07
  7.2217440943415952E-07
  7.2769539028172733E-07
  7.3285904090031351E-07
  7.3770028023127843E-07
  7.4225104672838539E-07
  7.4654070702723628E-07
  7.5059642207735095E-07
  7.5444347931886703E-07
  7.5810559864329502E-07
  7.6160521934490009E-07
  7.6496377503699657E-07
  7.6820196359140426E-07
  7.7134001959199295E-07
  7.7439799764868333E-07
  7.7739607623549413E-07
  7.8035488230995773E-07
  7.8329596673505324E-07
  7.8624185138757768E-07
  7.8921751471986218E-07
  7.9224984068318455E-07
  7.9536934468920361E-07
  7.9861091714452412E-07
  8.0201530019896288E-07
  8.0563099000073135E-07
  8.0951683134145360E-07
  8.1374562968608013E-07
  8.1840929060141192E-07
  8.2362630964546545E-07
  8.2955298294686635E-07
  8.3640070295748155E-07
  8.4446359028700989E-07
  8.5416448087220075E-07
  8.6613528188735450E-07
  8.8136594677238126E-07
  9.0150180002750457E-07
  9.2949588728208734E-07
  9.7123385021683566E-07
  1.0403821040870815E-06
  1.1776038463492475E-06
  1.5823037487454281E-06
  3.4887643392244999E-05
 -9.6849618475767568E-08
  3.3875794261264246E-07
  4.8159381087411425E-07
  5.5258043331856176E-07
  5.9502966860664581E-07
  6.2326068792744490E-07
  6.4338200144080705E-07
  6.5843890742587791E-07
  6.7011990887385166E-07
  6.7943675822093599E-07
  6.8703273927266077E-07
  6.9333649313589534E-07
  6.9864471428179745E-07
  7.0316934417342043E-07
  7.0706585736986742E-07
  7.1045092480081817E-07
  7.1341383462608686E-07
  7.1602410151250944E-07
  7.1833667040249312E-07
  7.2039555767576256E-07
  7.2223645115335408E-07
  5.6354998515179544E-07
  5.6097316631397010E-07
  5.5848687873075520E-07
  5.5608681289171497E-07
  5.5376895397796479E-07
  5.5152955684041486E-07
  1.9202389081670723E-09
  1.9455281471217405E-09
  1.9714079367426168E-09
  1.9978978948831435E-09
  2.0250184873565419E-09
  2.0527910732890015E-09
  2.0812379534056373E-09
  2.1103824214142778E-09
  2.1402488187733983E-09
  2.1708625930704012E-09
  2.2022503603050372E-09
  2.2344399713686399E-09
  2.2674605830771500E-09
  2.3013427340866777E-09
  2.3361184261261927E-09
  2.3718212109457946E-09
  2.4084862834848857E-09
  2.4461505817460314E-09
  2.4848528939869092E-09
  2.5246339738089764E-09
  2.5655366638724537E-09
  2.6076060289588854E-09
  2.6508894992350415E-09
  2.6954370246352111E-09
  2.7413012413546970E-09
  2.7885376515956236E-09
  2.8372048178009011E-09
  2.8873645727348214E-09
  2.9390822469509292E-09
 -7.3985651673202453E-07
 -5.2536398092625263E-07
 -3.5134872584095407E-07
 -2.0803706949746717E-07
 -8.8498583381522830E-08
  1.2300150696450169E-08
  9.8100303640460457E-08
  1.7173683951613031E-07
  2.3539444497425001E-07
  2.9078171760726433E-07
  3.3925248060462336E-07
  3.8189200816867498E-07
  4.1957942930631141E-07
  4.5303362858203081E-07
  4.8284750418234842E-07
  5.0951486162266691E-07
  5.3344627733778869E-07
  5.5499043582884430E-07
  5.7444210465034672E-07
  5.9205261167901777E-07
  6.0803737732691247E-07
  6.2258195660442784E-07
  6.3584692196314853E-07
  6.4797183681770357E-07
  6.5907851027400673E-07
  6.6927367955386575E-07
  6.7865123373231714E-07
  6.8729406756869034E-07
  6.9527563532817207E-07
  7.0266126002485813E-07
  7.0950924234775478E-07
  7.1587180484479042E-07
  7.2179590017488877E-07
  7.2732390691313975E-07
  7.3249423220772870E-07
  7.3734183728744736E-07
  7.4189869921712830E-07
  7.4619422026402964E-07
  7.5025559466221745E-07
  7.5410814137790364E-07
  7.5777561063654739E-07
  7.6128047143502195E-07
  7.6464418703593997E-07
  7.6788748552362911E-07
  7.7103063294180159E-07
  7.7409371739214290E-07
  7.7709695382355108E-07
  7.8006100965574725E-07
  7.8300748802888447E-07
  7.8595894584044114E-07
  7.8894044196004179E-07
  7.9197893112932892E-07
  7.9510502081137447E-07
  7.9835371643714839E-07
  8.0176590556085522E-07
  8.0539027128316927E-07
  8.0928590303505152E-07
  8.1352593244462365E-07
  8.1820270885306989E-07
  8.2343534527256442E-07
  8.2938101887416650E-07
  8.3625241593332741E-07
  8.4434562164057746E-07
  8.5408657519816326E-07
  8.6611232450071313E-07
  8.8142185268403714E-07
  9.0167756578344641E-07
  9.2986812001333374E-07
  9.7196400337590533E-07
  1.0418777485209836E-06
  1.1812609321142785E-06
  1.5973856130173641E-06
  1.4285930996910199E-04
 -8.1090612637115515E-08
  3.4241369629361086E-07
  4.8304573384650541E-07
  5.5327014146412542E-07
  5.9536819636043484E-07
  6.2341203251583042E-07
  6.4342167488981532E-07
  6.5840695950955370E-07
  6.7003951742998000E-07
  6.7932224738828638E-07
  6.8689342712919489E-07
  6.9317869573517017E-07
  6.9847285962790222E-07
  7.0298662516312474E-07
  7.0687463173462717E-07
  7.1025296939664866E-07
  7.1321051233081319E-07
  7.1581647385231730E-07
  7.1812557540277293E-07
  7.2018166483957978E-07
  7.2202030102971464E-07
  5.6332578856313749E-07
  5.6074806336643117E-07
  5.5826094035993722E-07
  5.5586010418651968E-07
  5.5354153472925818E-07
  5.5130148203013563E-07
  1.9201862819598524E-09
  1.9454743945507009E-09
  1.9713530206323308E-09
  1.9978417764293325E-09
  2.0249611260287508E-09
  2.0527324267433544E-09
  2.0811779773732377E-09
  2.1103210696051406E-09
  2.1401860427482364E-09
  2.1707983421291476E-09
  2.2021845813429609E-09
  2.2343726087427391E-09
  2.2673915784473013E-09
  2.3012720262641724E-09
  2.3360459508882981E-09
  2.3717469008574389E-09
  2.4084100676899778E-09
  2.4460723857583523E-09
  2.4847726394531501E-09
  2.5245515782595151E-09
  2.5654520404521775E-09
  2.6075190861370835E-09
  2.6508001404931707E-09
  2.6953451481208288E-09
  2.7412067395210465E-09
  2.7884404108024631E-09
  2.8371047178810871E-09
  2.8872614865273626E-09
  2.9389760397949629E-09
 -7.4286903451780143E-07
 -5.2786622463004697E-07
 -3.5346673800491779E-07
 -2.0985914911004841E-07
 -9.0088355375685155E-08
  1.0895751311022786E-08
  9.6845947148846968E-08
  1.7060546285694569E-07
  2.3436499813013614E-07
  2.8983760530978817E-07
  3.3838046178792277E-07
  3.8108140399022681E-07
  4.1882154363164615E-07
  4.5232131751603235E-07
  4.8217485197192748E-07
  5.0887693757053629E-07
  5.3283893346475723E-07
  5.5441017067750542E-07
  5.7388594271891737E-07
  5.9151801105667347E-07
  6.0752215589135015E-07
  6.2208423262085484E-07
  6.3536506594528802E-07
  6.4750443228259426E-07
  6.5862432154872992E-07
  6.6883162524085880E-07
  6.7822036472839952E-07
  6.8687354877572253E-07
  6.9486473038275002E-07
  7.0225931850587100E-07
  7.0911568903450343E-07
  7.1548613068098384E-07
  7.2141765466628318E-07
  7.2695269173661268E-07
  7.3212969585428300E-07
  7.3698367059950361E-07
  7.4154663170923072E-07
  7.4584801713971409E-07
  7.4991505446518625E-07
  7.5377309423415009E-07
  7.5744591706324166E-07
  7.6095602171281128E-07
  7.6432490116025603E-07
  7.6757331377575188E-07
  7.7072155714625405E-07
  7.7378975296214758E-07
  7.7679815277247561E-07
  7.7976746457090472E-07
  7.8271934412347857E-07
  7.8567638309775368E-07
  7.8866372147234704E-07
  7.9170838501077998E-07
  7.9484107365373285E-07
  7.9809690843714993E-07
  8.0151692310101180E-07
  8.0514998875783052E-07
  8.0905544093989195E-07
  8.1330673951933199E-07
  8.1799668060198215E-07
  8.2324499910762092E-07
  8.2920976003770501E-07
  8.3610495422050375E-07
  8.4422864909506617E-07
  8.5400991752130756E-07
  8.6609100365718484E-07
  8.8148002910627026E-07
  9.0185671448162229E-07
  9.3024588889391031E-07
  9.7270448392719199E-07
  1.0433969374919523E-06
  1.1849947814089980E-06
  1.6130595722355490E-06
 -6.4866326468051647E-05
 -6.5852775513365049E-08
  3.4598512762911349E-07
  4.8447180994131099E-07
  5.5394876690019515E-07
  5.9570484103331545E-07
  6.2356140065949869E-07
  6.4346025863851324E-07
  6.5837440810015173E-07
  6.6995880915302838E-07
  6.7920759840953781E-07
  6.8675409324817033E-07
  6.9302095517723240E-07
  6.9830111643841459E-07
  7.0280405650839602E-07
  7.0668358471917290E-07
  7.1005521350372578E-07
  7.1300740521374809E-07
  7.1560907326019038E-07
  7.1791471658508373E-07
  7.1996801522820074E-07
  7.2180439960769319E-07
  5.6310182247235862E-07
  5.6052319046303493E-07
  5.5803523163792455E-07
  5.5563362478587677E-07
  5.5331434448557032E-07
  5.5107363596451311E-07
  1.9201336584351230E-09
  1.9454206447440049E-09
  1.9712981073738766E-09
  1.9977856609155976E-09
  2.0249037677353817E-09
  2.0526737833269767E-09
  2.0811180045739379E-09
  2.1102597211324956E-09
  2.1401232701732490E-09
  2.1707340947522170E-09
  2.2021188060662327E-09
  2.2343052499272020E-09
  2.2673225777652751E-09
  2.3012013225278585E-09
  2.3359734798846012E-09
  2.3716725951576772E-09
  2.4083338564454320E-09
  2.4459941944900948E-09
  2.4846923898166580E-09
  2.5244691877966506E-09
  2.5653674223179010E-09
  2.6074321488115812E-09
  2.6507107874667555E-09
  2.6952532775574605E-09
  2.7411122438847676E-09
  2.7883431764661645E-09
  2.8370046246901330E-09
  2.8871584073418840E-09
  2.9388698399702847E-09
 -7.4588772516184933E-07
 -5.3037297528878206E-07
 -3.5559401960996006E-07
 -2.1168375755444312E-07
 -9.1680053869116067E-08
  9.4898750331520068E-09
  9.5590455386605935E-08
  1.6947321453358238E-07
  2.3333488578738692E-07
  2.8889299069785687E-07
  3.3750807119721913E-07
  3.8027053347324306E-07
  4.1806347751371668E-07
  4.5160889653810544E-07
  4.8150214817760865E-07
  5.0823901050801035E-07
  5.3223162725829160E-07
  5.5382997746124025E-07
  5.7332988174924379E-07
  5.9098353610693741E-07
  6.0700708126947742E-07
  6.2158667362209165E-07
  6.3488339060509317E-07
  6.4703722203670674E-07
  6.5817033897569564E-07
  6.6838978746839539E-07
  6.7778972140469093E-07
  6.8645326374728242E-07
  6.9445406639180770E-07
  7.0185762437650966E-07
  7.0872238890736900E-07
  7.1510071496496639E-07
  7.2103967242183573E-07
  7.2658174427400268E-07
  7.3176543136921149E-07
  7.3662577970497566E-07
  7.4119484375012351E-07
  7.4550209720766620E-07
  7.4957480104793609E-07
  7.5343833745763412E-07
  7.5711651750227848E-07
  7.6063186976653332E-07
  7.6400591700871839E-07
  7.6725944795821747E-07
  7.7041279182894010E-07
  7.7348610399755258E-07
  7.7649967274062832E-07
  7.7947424673311715E-07
  7.8243153472403620E-07
  7.8539416289173652E-07
  7.8838735302487938E-07
  7.9143820213972024E-07
  7.9457750308333958E-07
  7.9784049308426563E-07
  8.0126835284875288E-07
  8.0491014256878459E-07
  8.0882544536070143E-07
  8.1308805142094240E-07
  8.1779120664954478E-07
  8.2305527235967122E-07
  8.2903920823892063E-07
  8.3595832051627624E-07
  8.4411267669747607E-07
  8.5393451412320479E-07
  8.6607132943245175E-07
  8.8154049309161549E-07
  9.0203927727035965E-07
  9.3062925713100547E-07
  9.7345544215632143E-07
  1.0449401311960017E-06
  1.1888076459207850E-06
  1.6293605059264446E-06
 -2.5825851830960808E-05
 -5.1226079357398121E-08
  3.4948880655425934E-07
  4.8587849096806917E-07
  5.5461960812335408E-07
  5.9603588107305471E-07
  6.2371000679405997E-07
  6.4349776141466296E-07
  6.5834125776148364E-07
  6.6987778649278114E-07
  6.7909281260367759E-07
  6.8661473829923431E-07
  6.9286327174957570E-07
  6.9812948475805039E-07
  7.0262163810862476E-07
  7.0649271612550506E-07
  7.0985765686128406E-07
  7.1280451297103056E-07
  7.1540189940441754E-07
  7.1770409359860808E-07
  7.1975460847812750E-07
  7.2158874651504203E-07
  5.6287808655039053E-07
  5.6029854727442775E-07
  5.5780975223513200E-07
  5.5540737436001343E-07
  5.5308738291697703E-07
  5.5084601831350250E-07
  1.9200810375953057E-09
  1.9453668977020887E-09
  1.9712431969649545E-09
  1.9977295483398193E-09
  2.0248464124720098E-09
  2.0526151430389083E-09
  2.0810580350033359E-09
  2.1101983759961284E-09
  2.1400605010446843E-09
  2.1706698509383134E-09
  2.2020530344741231E-09
  2.2342378949259443E-09
  2.2672535810291531E-09
  2.3011306228785862E-09
  2.3359010131153321E-09
  2.3715982938454431E-09
  2.4082576497518001E-09
  2.4459160079423684E-09
  2.4846121450802585E-09
  2.5243868024205886E-09
  2.5652828094709902E-09
  2.6073452169808080E-09
  2.6506214401576915E-09
  2.6951614129422669E-09
  2.7410177544428043E-09
  2.7882459485835596E-09
  2.8369045382320817E-09
  2.8870553351783271E-09
  2.9387636474754760E-09
 -7.4891261198607938E-07
 -5.3288424908301383E-07
 -3.5771875014123625E-07
 -2.1351090342447855E-07
 -9.3273685363312615E-08
  8.0825168357262468E-09
  9.4333824377972862E-08
  1.6834009133398784E-07
  2.3230410531220263E-07
  2.8794787157147464E-07
  3.3663530697263718E-07
  3.7945939501700208E-07
  4.1730522955643926E-07
  4.5089636441009173E-07
  4.8082939169107344E-07
  5.0760107943384606E-07
  5.3162435780189781E-07
  5.5324985533467273E-07
  5.7277392095226312E-07
  5.9044918608996888E-07
  6.0649215276164572E-07
  6.2108927894316223E-07
  6.3440189530522240E-07
  6.4657020546899960E-07
  6.5771656196571889E-07
  6.6794816566475263E-07
  6.7735930320669016E-07
  6.8603321194323488E-07
  6.9404364282938032E-07
  7.0145617712078302E-07
  7.0832934146151774E-07
  7.1471555720161514E-07
  7.2066195295519268E-07
  7.2621106404757428E-07
  7.3140143828373457E-07
  7.3626816414256938E-07
  7.4084333488627707E-07
  7.4515646002195849E-07
  7.4923483397249123E-07
  7.5310387061880447E-07
  7.5678741153313828E-07
  7.6030801518534384E-07
  7.6368723418099363E-07
  7.6694588768249439E-07
  7.7010433661464258E-07
  7.7318277013812136E-07
  7.7620151338844112E-07
  7.7918135582129787E-07
  7.8214405953730047E-07
  7.8511228495608229E-07
  7.8811133638703366E-07
  7.9116838233085829E-07
  7.9431430897216278E-07
  7.9758447031964947E-07
  8.0102019483909776E-07
  8.0467073287045005E-07
  8.0859591660587503E-07
  8.1286986867247941E-07
  8.1758628781287500E-07
  8.2286616625675397E-07
  8.2886936529809277E-07
  8.3581251752319117E-07
  8.4399770855104770E-07
  8.5386037133496841E-07
  8.6605331201230601E-07
  8.8160326192357797E-07
  9.0222528572983858E-07
  9.3101828894912087E-07
  9.7421703127403885E-07
  1.0465078020262673E-06
  1.1927018667649318E-06
  1.6464006172029695E-06
 -1.5932149437759323E-05
 -3.7120126267511095E-08
  3.5292652302936548E-07
  4.8726611669597964E-07
  5.5528276705921540E-07
  5.9636323974792255E-07
  6.2385547225619805E-07
  6.4353419185729549E-07
  6.5830751301558175E-07
  6.6979645189328610E-07
  6.7897789128187915E-07
  6.8647536295147592E-07
  6.9270564573798126E-07
  6.9795796463777336E-07
  7.0243936986174244E-07
  7.0630202575625532E-07
  7.0966029920815669E-07
  7.1260183530079289E-07
  7.1519495195410908E-07
  7.1749370609351238E-07
  7.1954144422656929E-07
  7.2137334138068451E-07
  5.6265458046880533E-07
  5.6007413347189584E-07
  5.5758450182261359E-07
  5.5518135257979607E-07
  5.5286064969419391E-07
  5.5061862874769799E-07
  1.9200284194341866E-09
  1.9453131534238713E-09
  1.9711882894037952E-09
  1.9976734387019094E-09
  2.0247890602405635E-09
  2.0525565058786542E-09
  2.0809980686635723E-09
  2.1101370341973176E-09
  2.1399977353643805E-09
  2.1706056106878452E-09
  2.2019872665669835E-09
  2.2341705437365976E-09
  2.2671845882387170E-09
  2.3010599273148351E-09
  2.3358285505789108E-09
  2.3715239969205085E-09
  2.4081814476057777E-09
  2.4458378261152169E-09
  2.4845319052428801E-09
  2.5243044221339782E-09
  2.5651982019078781E-09
  2.6072582906465620E-09
  2.6505320985635229E-09
  2.6950695542756525E-09
  2.7409232711964303E-09
  2.7881487271569009E-09
  2.8368044585026761E-09
  2.8869522700356501E-09
  2.9386574623091612E-09
 -7.5194371842428424E-07
 -5.3540006224958419E-07
 -3.5984685642864252E-07
 -2.1534059530641397E-07
 -9.4869256362519940E-08
  6.6736716713704058E-09
  9.3076050131943277E-08
  1.6720609004394256E-07
  2.3127265406911193E-07
  2.8700224573385119E-07
  3.3576216724747858E-07
  3.7864798701660727E-07
  4.1654679835853331E-07
  4.5018371989443526E-07
  4.8015658140609451E-07
  5.0696314334589236E-07
  5.3101712417885137E-07
  5.5266980344937518E-07
  5.7221805953906709E-07
  5.8991496026526543E-07
  6.0597736966755288E-07
  6.2059204791872676E-07
  6.3392057941043837E-07
  6.4610338196845632E-07
  6.5726298992930138E-07
  6.6750675926012522E-07
  6.7692910958063723E-07
  6.8561339282394318E-07
  6.9363345916772560E-07
  7.0105497622450343E-07
  7.0793654619310047E-07
  7.1433065689679350E-07
  7.2028449578096214E-07
  7.2584065058052056E-07
  7.3103771612856953E-07
  7.3591082345138936E-07
  7.4049210466469819E-07
  7.4481110513778092E-07
  7.4889515280207279E-07
  7.5276969328923569E-07
  7.5645859873621312E-07
  7.5998445755924067E-07
  7.6336885227764221E-07
  7.6663263256083427E-07
  7.6979619112899578E-07
  7.7287975102475165E-07
  7.7590367437962094E-07
  7.7888879151450609E-07
  7.8185691827214902E-07
  7.8483074902540287E-07
  7.8783567132964808E-07
  7.9089892540060671E-07
  7.9405149119219850E-07
  7.9732884008794593E-07
  8.0077244910382245E-07
  8.0443175981757906E-07
  8.0836685498752077E-07
  8.1265219180073769E-07
  8.1738192491159811E-07
  8.2267768203114107E-07
  8.2870023305684322E-07
  8.3566754797995805E-07
  8.4388374878393916E-07
  8.5378749555637512E-07
  8.6603696170593502E-07
  8.8166835308007811E-07
  9.0241477189139486E-07
  9.3141304967783885E-07
  9.7498940759694159E-07
  1.0481004349309496E-06
  1.1966798784967272E-06
  1.6640749461363294E-06
 -1.1403811344150993E-05
 -2.3508057668652755E-08
  3.5630000485573155E-07
  4.8863501905374927E-07
  5.5593834399828573E-07
  5.9668695573549157E-07
  6.2399901390277279E-07
  6.4357035829763860E-07
  6.5827317834961615E-07
  6.6971480777178693E-07
  6.7886283574311423E-07
  6.8633596786873449E-07
  6.9254807742130482E-07
  6.9778655612584840E-07
  7.0225725166930444E-07
  7.0611151341518606E-07
  7.0946314028605992E-07
  7.1239937190074341E-07
  7.1498823057917192E-07
  7.1728355372061757E-07
  7.1932852211160332E-07
  7.2115818383389134E-07
  5.6243130389981268E-07
  5.5984994872736365E-07
  5.5735948007206157E-07
  5.5495555911672889E-07
  5.5263414448857389E-07
  5.5039146693833147E-07
  1.9199758039546534E-09
  1.9452594119089182E-09
  1.9711333846934416E-09
  1.9976173320029338E-09
  2.0247317110409488E-09
  2.0524978718476178E-09
  2.0809381055549557E-09
  2.1100756957345324E-09
  2.1399349731306421E-09
  2.1705413740020801E-09
  2.2019215023483499E-09
  2.2341031963610933E-09
  2.2671155993949312E-09
  2.3009892358388636E-09
  2.3357560922748947E-09
  2.3714497043820274E-09
  2.4081052500102095E-09
  2.4457596490067334E-09
  2.4844516703032852E-09
  2.5242220469321910E-09
  2.5651135996314227E-09
  2.6071713698063288E-09
  2.6504427626851578E-09
  2.6949777015580214E-09
  2.7408287941443437E-09
  2.7880515121836245E-09
  2.8367043855032281E-09
  2.8868492119125419E-09
  2.9385512844706224E-09
 -7.5498106800230172E-07
 -5.3792043112156857E-07
 -3.6197835017823099E-07
 -2.1717284184072532E-07
 -9.6466773407256733E-08
  5.2633344823564175E-09
  9.1817128656098693E-08
  1.6607120744925578E-07
  2.3024052941388247E-07
  2.8605611097747918E-07
  3.3488865015553068E-07
  3.7783630786528857E-07
  4.1578818251914079E-07
  4.4947096175167827E-07
  4.7948371621424495E-07
  5.0632520124094029E-07
  5.3040992547188305E-07
  5.5208982095930261E-07
  5.7166229672130106E-07
  5.8938085789162239E-07
  6.0546273128806000E-07
  6.2009497988339120E-07
  6.3343944228443268E-07
  6.4563675092477270E-07
  6.5680962227816845E-07
  6.6706556768427129E-07
  6.7649913997237990E-07
  6.8519380585118753E-07
  6.9322351488212356E-07
  7.0065402117302415E-07
  7.0754400259824990E-07
  7.1394601355655136E-07
  7.1990730041484370E-07
  7.2547050339698393E-07
  7.3067426443623327E-07
  7.3555375717168539E-07
  7.4014115263361061E-07
  7.4446603211089530E-07
  7.4855575710051638E-07
  7.5243580504133262E-07
  7.5613007869279238E-07
  7.5966119647912245E-07
  7.6305077090011341E-07
  7.6631968220648610E-07
  7.6948835499841404E-07
  7.7257704629955106E-07
  7.7560615538334024E-07
  7.7859655349388039E-07
  7.8157001114694477E-07
  7.8454955483610118E-07
  7.8756035762453176E-07
  7.9062983116647766E-07
  7.9378904961771731E-07
  7.9707360233453875E-07
  8.0052511568535188E-07
  8.0419322356873979E-07
  8.0813826082658877E-07
  8.1243502134128814E-07
  8.1717811877672891E-07
  8.2248982093794847E-07
  8.2853181336461135E-07
  8.3552341465342716E-07
  8.4377080156362518E-07
  8.5371589325165447E-07
  8.6602228892394069E-07
  8.8173578426893800E-07
  9.0260776821042422E-07
  9.3181360567446929E-07
  9.7577273062659856E-07
  1.0497185281388193E-06
  1.2007633950374644E-06
  1.6824990628180678E-06
 -8.8074370407426635E-06
 -1.0364828350073991E-08
  3.5961092014876919E-07
  4.8998552245924990E-07
  5.5658643743557656E-07
  5.9700706720581945E-07
  6.2414064890279307E-07
  6.4360466851614457E-07
  6.5823825822295726E-07
  6.6963285653675385E-07
  6.7874764729087196E-07
  6.8619655370764032E-07
  6.9239056708367872E-07
  6.9761525926803011E-07
  7.0207528342964236E-07
  7.0592117890591280E-07
  7.0926617983409098E-07
  7.1219712246974105E-07
  7.1478173495033670E-07
  7.1707363613155762E-07
  7.1911584177210716E-07
  7.2094327350519386E-07
  5.6220825651625946E-07
  5.5962599271339154E-07
  5.5713468665580400E-07
  5.5472999364295213E-07
  5.5240786697210556E-07
  5.5016453255727073E-07
  1.9199231911592416E-09
  1.9452056731572530E-09
  1.9710784828314819E-09
  1.9975612282443023E-09
  2.0246743648724393E-09
  2.0524392409474853E-09
  2.0808781456756083E-09
  2.1100143606081335E-09
  2.1398722143451964E-09
  2.1704771408786381E-09
  2.2018557418108999E-09
  2.2340358527972885E-09
  2.2670466144980274E-09
  2.3009185484480271E-09
  2.3356836382050198E-09
  2.3713754162303336E-09
  2.4080290569630750E-09
  2.4456814766169092E-09
  2.4843714402627403E-09
  2.5241396768184319E-09
  2.5650290026393347E-09
  2.6070844544625143E-09
  2.6503534325223432E-09
  2.6948858547870285E-09
  2.7407343232843625E-09
  2.7879543036650497E-09
  2.8366043192318273E-09
  2.8867461608076340E-09
  2.9384451139603888E-09
 -7.5802468434866508E-07
 -5.4044537204881196E-07
 -3.6411324311922529E-07
 -2.1900765168599849E-07
 -9.8066243040790997E-08
  3.8515002039888931E-09
  9.0557055940119005E-08
  1.6493544031651940E-07
  2.2920772870295851E-07
  2.8510946509940509E-07
  3.3401475382607105E-07
  3.7702435595667813E-07
  4.1502938063632821E-07
  4.4875808874440744E-07
  4.7881079500766815E-07
  5.0568725211412203E-07
  5.2980276076330527E-07
  5.5150990701789619E-07
  5.7110663171162228E-07
  5.8884687823142019E-07
  6.0494823692493116E-07
  6.1959807417371859E-07
  6.3295848329256145E-07
  6.4517031172823919E-07
  6.5635645842331975E-07
  6.6662459036786286E-07
  6.7606939383027748E-07
  6.8477445048661805E-07
  6.9281380944660529E-07
  7.0025331145320882E-07
  7.0715171017437670E-07
  7.1356162668775239E-07
  7.1953036637246378E-07
  7.2510062202121562E-07
  7.3031108273962767E-07
  7.3519696484432262E-07
  7.3979047834135478E-07
  7.4412124049791854E-07
  7.4821664643254428E-07
  7.5210220544810544E-07
  7.5580185098488816E-07
  7.5933823153669983E-07
  7.6273298965075322E-07
  7.6600703623361027E-07
  7.6918082785053849E-07
  7.7227465560495375E-07
  7.7530895608526202E-07
  7.7830464144106597E-07
  7.8128353055654597E-07
  7.8426870212480758E-07
  7.8728539504699691E-07
  7.9036109944770044E-07
  7.9352698412587688E-07
  7.9681875700970022E-07
  8.0027819462496365E-07
  8.0395512428786277E-07
  8.0791013444482131E-07
  8.1221835783223954E-07
  8.1697487024778983E-07
  8.2230258423309743E-07
  8.2836410809698846E-07
  8.3538012032464080E-07
  8.4365887110450571E-07
  8.5364557095980151E-07
  8.6600930417910652E-07
  8.8180557339803345E-07
  9.0280430759656564E-07
  9.3222002437684268E-07
  9.7656716324178481E-07
  1.0513625932014828E-06
  1.2049171516190157E-06
  1.7017209127466089E-06
 -7.1240744183187947E-06
  2.3329407157229542E-09
  3.6286087999990357E-07
  4.9131794396938044E-07
  5.5722714435465771E-07
  5.9732361182825992E-07
  6.2428039422985724E-07
  6.4363793187392426E-07
  6.5820275704745190E-07
  6.6955060057823092E-07
  6.7863232720449261E-07
  6.8605712112821324E-07
  6.9223311500237346E-07
  6.9744407411185842E-07
  7.0189346504294660E-07
  7.0573102203188482E-07
  7.0906941759535557E-07
  7.1199508670743311E-07
  7.1457546473855052E-07
  7.1686395297885496E-07
  7.1890340284768174E-07
  7.2072861002551481E-07
  5.6198543799162738E-07
  5.5940226510317502E-07
  5.5691012124680422E-07
  5.5450465583124107E-07
  5.5218181681741303E-07
  5.4993782527701811E-07
  1.9198705810440153E-09
  1.9451519371683259E-09
  1.9710235838178243E-09
  1.9975051274192127E-09
  2.0246170217350005E-09
  2.0523806131730424E-09
  2.0808181890257800E-09
  2.1099530288163072E-09
  2.1398094590068017E-09
  2.1704129113171909E-09
  2.2017899849593622E-09
  2.2339685130439987E-09
  2.2669776335450744E-09
  2.3008478651422662E-09
  2.3356111883677705E-09
  2.3713011324654814E-09
  2.4079528684641464E-09
  2.4456033089461235E-09
  2.4842912151202303E-09
  2.5240573117915726E-09
  2.5649444109336400E-09
  2.6069975446089044E-09
  2.6502641080732306E-09
  2.6947940139642869E-09
  2.7406398586180376E-09
  2.7878571015965908E-09
  2.8365042596876031E-09
  2.8866431167228851E-09
  2.9383389507755158E-09
 -7.6107459119531908E-07
 -5.4297490147817873E-07
 -3.6625154703645216E-07
 -2.2084503352411080E-07
 -9.9667671843325868E-08
  2.4381637409970954E-09
  8.9295827963153795E-08
  1.6379878541309290E-07
  2.2817424928409736E-07
  2.8416230588523352E-07
  3.3314047638594845E-07
  3.7621212967708478E-07
  4.1427039130386889E-07
  4.4804509963179203E-07
  4.7813781667501716E-07
  5.0504929496410647E-07
  5.2919562913555066E-07
  5.5093006077855116E-07
  5.7055106372038281E-07
  5.8831302054341711E-07
  6.0443388587915771E-07
  6.1910133012512740E-07
  6.3247770180054268E-07
  6.4470406376959398E-07
  6.5590349777808258E-07
  6.6618382674268554E-07
  6.7563987060164966E-07
  6.8435532619294543E-07
  6.9240434233766313E-07
  6.9985284655262961E-07
  7.0675966841944518E-07
  7.1317749579847340E-07
  7.1915369317095685E-07
  7.2473100597914526E-07
  7.2994817057220763E-07
  7.3484044601066426E-07
  7.3944008133745421E-07
  7.4377672985623082E-07
  7.4787782036365441E-07
  7.5176889408351234E-07
  7.5547391519546719E-07
  7.5901556232462831E-07
  7.6241550813277499E-07
  7.6569469425729743E-07
  7.6887360931390950E-07
  7.7197257858524654E-07
  7.7501207547802374E-07
  7.7801305504017227E-07
  7.8099738286556227E-07
  7.8398819063097673E-07
  7.8701078337163093E-07
  7.9009273006609584E-07
  7.9326529459501967E-07
  7.9656430406374413E-07
  8.0003168596549021E-07
  8.0371746213927006E-07
  8.0768247617280062E-07
  8.1200220182174802E-07
  8.1677218017140225E-07
  8.2211597318809188E-07
  8.2819711914678594E-07
  8.3523766780889446E-07
  8.4354796166489256E-07
  8.5357653526311138E-07
  8.6599801811212075E-07
  8.8187773860323580E-07
  9.0300442344475448E-07
  9.3263237441204986E-07
  9.7737287150696881E-07
  1.0530331557585803E-06
  1.2091626302877904E-06
  1.7217926223699860E-06
 -5.9441842563269457E-06
  1.4607101909682590E-08
  3.6605144107949871E-07
  4.9263259336362777E-07
  5.5786055998715418E-07
  5.9763662677946310E-07
  6.2441826667526852E-07
  6.4367015669501661E-07
  6.5816723137730970E-07
  6.6946804226460930E-07
  6.7851687676386041E-07
  6.8591767077985583E-07
  6.9207572145423436E-07
  6.9727300070337867E-07
  7.0171179640787136E-07
  7.0554104259843574E-07
  7.0887285330977402E-07
  7.1179326431341440E-07
  7.1436941961643365E-07
  7.1665450391552433E-07
  7.1869120497884002E-07
  7.2051419302689324E-07
  5.6176284800003153E-07
  5.5917876557054289E-07
  5.5668578351865828E-07
  5.5427954535500342E-07
  5.5195599369775239E-07
  5.4971134477070900E-07
  1.9198179736098769E-09
  1.9450982039447194E-09
  1.9709686876537725E-09
  1.9974490295358483E-09
  2.0245596816274412E-09
  2.0523219885268420E-09
  2.0807582356055486E-09
  2.1098917003603862E-09
  2.1397467071120472E-09
  2.1703486853205415E-09
  2.2017242317919848E-09
  2.2339011771040123E-09
  2.2669086565373721E-09
  2.3007771859211944E-09
  2.3355387427591550E-09
  2.3712268530872421E-09
  2.4078766845129099E-09
  2.4455251459922450E-09
  2.4842109948741834E-09
  2.5239749518476529E-09
  2.5648598245092744E-09
  2.6069106402507226E-09
  2.6501747893377904E-09
  2.6947021790877273E-09
  2.7405454001446691E-09
  2.7877599059821932E-09
  2.8364042068684259E-09
  2.8865400796551267E-09
  2.9382327949193051E-09
 -7.6413081238836882E-07
 -5.4550903592224562E-07
 -3.6839327374435815E-07
 -2.2268499607117205E-07
 -1.0127106640575166E-07
  1.0233200007599653E-09
  8.8033440703888468E-08
  1.6266123949649185E-07
  2.2714008849561010E-07
  2.8321463112283102E-07
  3.3226581596374684E-07
  3.7539962741866521E-07
  4.1351121312011929E-07
  4.4733199317149733E-07
  4.7746478010707843E-07
  5.0441132878650588E-07
  5.2858852967254893E-07
  5.5035028139415981E-07
  5.6999559196093647E-07
  5.8777928409064993E-07
  6.0391967745307079E-07
  6.1860474707540738E-07
  6.3199709717476037E-07
  6.4423800644001003E-07
  6.5545073975557302E-07
  6.6574327624068314E-07
  6.7521056973562675E-07
  6.8393643243315269E-07
  6.9199511303094112E-07
  6.9945262595911989E-07
  7.0636787683229782E-07
  7.1279362039712909E-07
  7.1877728032797864E-07
  7.2436165479667591E-07
  7.2958552746834854E-07
  7.3448420021332608E-07
  7.3908996117246581E-07
  7.4343249974404358E-07
  7.4753927846024574E-07
  7.5143587052240663E-07
  7.5514627090822124E-07
  7.5869318843629312E-07
  7.6209832595030293E-07
  7.6538265589351778E-07
  7.6856669901778446E-07
  7.7167081488523240E-07
  7.7471551428917570E-07
  7.7772179397451050E-07
  7.8071156778340629E-07
  7.8370802009553757E-07
  7.8673652237653256E-07
  7.8982472284528482E-07
  7.9300398090646343E-07
  7.9631024345065911E-07
  7.9978558975566062E-07
  8.0348023729616635E-07
  8.0745528633874828E-07
  8.1178655385941014E-07
  8.1657004940121032E-07
  8.2192998909015540E-07
  8.2803084841043748E-07
  8.3509605994739646E-07
  8.4343807752212445E-07
  8.5350879283821426E-07
  8.6598844149338965E-07
  8.8195229825187960E-07
  9.0320814960922200E-07
  9.3305072551890847E-07
  9.7819002500562529E-07
  1.0547397077520568E-06
  1.2135026919350846E-06
  1.7427709613449824E-06
 -5.0713044434071460E-06
  2.6478101417107349E-08
  3.6918410733850401E-07
  4.9392977370360311E-07
  5.5848677806437305E-07
  5.9794614875205698E-07
  6.2455428282971482E-07
  6.4370135122987966E-07
  6.5813058077358880E-07
  6.6938518395931779E-07
  6.7840129724523984E-07
  6.8577820330850876E-07
  6.9191838671488955E-07
  6.9710203908699934E-07
  7.0153027742242233E-07
  7.0535124040931554E-07
  7.0867648672125737E-07
  7.1159165498964937E-07
  7.1416359925654464E-07
  7.1644528859570471E-07
  7.1847924780674063E-07
  7.2030002214194503E-07
  5.6154048621621940E-07
  5.5895549378995604E-07
  5.5646167314559393E-07
  5.5405466188827899E-07
  5.5173039728701191E-07
  5.4948509071211014E-07
  1.9197653688549894E-09
  1.9450444734825640E-09
  1.9709137943381350E-09
  1.9973929345869418E-09
  2.0245023445511120E-09
  2.0522633670068908E-09
  2.0806982854138395E-09
  2.1098303752406740E-09
  2.1396839586660295E-09
  2.1702844628834057E-09
  2.2016584823083243E-09
  2.2338338449739343E-09
  2.2668396834744818E-09
  2.3007065107849816E-09
  2.3354663013847951E-09
  2.3711525780928639E-09
  2.4078005051095886E-09
  2.4454469877586719E-09
  2.4841307795238615E-09
  2.5238925969904870E-09
  2.5647752433708737E-09
  2.6068237413836316E-09
  2.6500854763147239E-09
  2.6946103501557190E-09
  2.7404509478621313E-09
  2.7876627168185281E-09
  2.8363041607784470E-09
  2.8864370496042463E-09
  2.9381266463864175E-09
 -7.6719337185783836E-07
 -5.4804779194297808E-07
 -3.7053843511339380E-07
 -2.2452754808750979E-07
 -1.0287643333087480E-07
 -3.9303612974323326E-10
  8.6769890121793809E-08
  1.6152279931453877E-07
  2.2610524367873068E-07
  2.8226643859035978E-07
  3.3139077067682792E-07
  3.7458684756714025E-07
  4.1275184467633755E-07
  4.4661876812280050E-07
  4.7679168419512795E-07
  5.0377335257705448E-07
  5.2798146145590696E-07
  5.4977056801912376E-07
  5.6944021564446934E-07
  5.8724566813251759E-07
  6.0340561094946828E-07
  6.1810832436005251E-07
  6.3151666878100770E-07
  6.4377213913152635E-07
  6.5499818376951064E-07
  6.6530293829469152E-07
  6.7478149068075844E-07
  6.8351776867172103E-07
  6.9158612100385646E-07
  6.9905264916120432E-07
  7.0597633491198959E-07
  7.1240999999283792E-07
  7.1840112736184733E-07
  7.2399256800081877E-07
  7.2922315296316123E-07
  7.3412822699522474E-07
  7.3874011739724401E-07
  7.4308854972027160E-07
  7.4720102028929734E-07
  7.5110313434035566E-07
  7.5481891770785778E-07
  7.5837110946607832E-07
  7.6178144270832175E-07
  7.6507092075919411E-07
  7.6826009659273989E-07
  7.7136936415054017E-07
  7.7441927173272836E-07
  7.7743085793039071E-07
  7.8042608502197854E-07
  7.8342819025869008E-07
  7.8646261183942089E-07
  7.8955707760908686E-07
  7.9274304294175401E-07
  7.9605657512756932E-07
  7.9953990604581607E-07
  8.0324344993047856E-07
  8.0722856528505988E-07
  8.1157141450615094E-07
  8.1636847880261743E-07
  8.2174463323499216E-07
  8.2786529781556848E-07
  8.3495529959910672E-07
  8.4332922302340146E-07
  8.5344235040659725E-07
  8.6598058519421241E-07
  8.8202927092123141E-07
  9.0341552042253527E-07
  9.3347514855208940E-07
  9.7901879684844523E-07
  1.0564650556046356E-06
  1.2179403179795286E-06
  1.7647178725541603E-06
 -4.3994241584032550E-06
  3.7965090649001189E-08
  3.7226033298827311E-07
  4.9520978102574117E-07
  5.5910589074235032E-07
  5.9825221396010256E-07
  6.2468845916569223E-07
  6.4373152368165006E-07
  6.5809336217208549E-07
  6.6930202799923528E-07
  6.7828558990070483E-07
  6.8563871936141213E-07
  6.9176111105828280E-07
  6.9693118930802269E-07
  7.0134890798820710E-07
  7.0516161527088434E-07
  7.0848031757218657E-07
  7.1139025843645501E-07
  7.1395800333281013E-07
  7.1623630667417883E-07
  7.1826753097344745E-07
  7.2008609700420453E-07
  5.6131835231556869E-07
  5.5873244943650521E-07
  5.5623778980246942E-07
  5.5383000510573734E-07
  5.5150502725970957E-07
  5.4925906277561803E-07
  1.9197127667826482E-09
  1.9449907457831120E-09
  1.9708589038691956E-09
  1.9973368425762793E-09
  2.0244450105045920E-09
  2.0522047486163744E-09
  2.0806383384519931E-09
  2.1097690534557558E-09
  2.1396212136652810E-09
  2.1702202440101267E-09
  2.2015927365076507E-09
  2.2337665166551910E-09
  2.2667707143551019E-09
  2.3006358397333489E-09
  2.3353938642386165E-09
  2.3710783074840282E-09
  2.4077243302520420E-09
  2.4453688342413733E-09
  2.4840505690710867E-09
  2.5238102472168361E-09
  2.5646906675130377E-09
  2.6067368480088785E-09
  2.6499961690054839E-09
  2.6945185271700954E-09
  2.7403565017714242E-09
  2.7875655341067506E-09
  2.8362041214119373E-09
  2.8863340265699672E-09
  2.9380205051783069E-09
 -7.7026229365944349E-07
 -5.5059118618472568E-07
 -3.7268704303753653E-07
 -2.2637269833141051E-07
 -1.0448377925001579E-07
 -1.8109097810777239E-09
  8.5505172172563573E-08
  1.6038346161511778E-07
  2.2506971216760157E-07
  2.8131772607182976E-07
  3.3051533864527139E-07
  3.7377378850426097E-07
  4.1199228456632771E-07
  4.4590542324244997E-07
  4.7611852782549910E-07
  5.0313536533118359E-07
  5.2737442356819192E-07
  5.4919091980797219E-07
  5.6888493398595879E-07
  5.8671217193198657E-07
  6.0289168567079016E-07
  6.1761206131850413E-07
  6.3103641598730503E-07
  6.4330646123672293E-07
  6.5454582923358326E-07
  6.6486281233799354E-07
  6.7435263288798389E-07
  6.8309933437295251E-07
  6.9117736573418433E-07
  6.9865291564905568E-07
  7.0558504215918102E-07
  7.1202663409577028E-07
  7.1802523379165584E-07
  7.2362374511923354E-07
  7.2886104659287104E-07
  7.3377252590044498E-07
  7.3839054956345745E-07
  7.4274487934485449E-07
  7.4686304541896821E-07
  7.5077068511376218E-07
  7.5449185517972783E-07
  7.5804932500913343E-07
  7.6146485801272014E-07
  7.6475948847210649E-07
  7.6795380167016412E-07
  7.7106822602848641E-07
  7.7412334747310413E-07
  7.7714024659405007E-07
  7.8014093429315249E-07
  7.8314870086489943E-07
  7.8618905154086291E-07
  7.8928979418543970E-07
  7.9248248058741206E-07
  7.9580329905166083E-07
  7.9929463489071563E-07
  8.0300710022133818E-07
  8.0700231335181967E-07
  8.1135678432565305E-07
  8.1616746924974773E-07
  8.2155990692666117E-07
  8.2770046930288409E-07
  8.3481538966083685E-07
  8.4322140253585650E-07
  8.5337721476734503E-07
  8.6597446020594626E-07
  8.8210867541015264E-07
  9.0362657066894824E-07
  9.3390571562833851E-07
  9.7985936373397396E-07
  1.0582185701115611E-06
  1.2224786171648135E-06
  1.7877010751318932E-06
 -3.8663020825544020E-06
  4.9086029629473772E-08
  3.7528152386719554E-07
  4.9647290503400573E-07
  5.5971798863562373E-07
  5.9855485816776315E-07
  6.2482081191091282E-07
  6.4376068214469088E-07
  6.5805557985102714E-07
  6.6921896667707808E-07
  6.7816975599555107E-07
  6.8549921957588919E-07
  6.9160389475692941E-07
  6.9676045141121887E-07
  7.0116768800454820E-07
  7.0497216698792149E-07
  7.0828434560615724E-07
  7.1118907435653134E-07
  7.1375263151937187E-07
  7.1602755780621064E-07
  7.1805605412172403E-07
  7.1987241724787612E-07
  5.6109644597408634E-07
  5.5850963218591042E-07
  5.5601413316477138E-07
  5.5360557468267677E-07
  5.5127988329099192E-07
  5.4903326063625770E-07
  1.9196601673905476E-09
  1.9449370208444663E-09
  1.9708040162486643E-09
  1.9972807535042909E-09
  2.0243876794890012E-09
  2.0521461333526653E-09
  2.0805783947184772E-09
  2.1097077350049615E-09
  2.1395584721098164E-09
  2.1701560286987202E-09
  2.2015269943906035E-09
  2.2336991921471662E-09
  2.2667017491811646E-09
  2.3005651727636475E-09
  2.3353214313259103E-09
  2.3710040412610108E-09
  2.4076481599418386E-09
  2.4452906854388892E-09
  2.4839703635122866E-09
  2.5237279025293505E-09
  2.5646060969389639E-09
  2.6066499601267122E-09
  2.6499068674071791E-09
  2.6944267101288427E-09
  2.7402620618690000E-09
  2.7874683578447361E-09
  2.8361040887709701E-09
  2.8862310105507042E-09
  2.9379143712928978E-09
 -7.7333760193387288E-07
 -5.5313923534205633E-07
 -3.7483910948027635E-07
 -2.2822045560594553E-07
 -1.0609311082698005E-07
 -3.2303060910338152E-09
  8.4239282795913776E-08
  1.5924322313475546E-07
  2.2403349128732680E-07
  2.8036849133435212E-07
  3.2963951798691718E-07
  3.7296044861398354E-07
  4.1123253138031873E-07
  4.4519195728702806E-07
  4.7544530989028458E-07
  5.0249736604508135E-07
  5.2676741509172863E-07
  5.4861133591270888E-07
  5.6832974619559371E-07
  5.8617879475120561E-07
  6.0237790091992990E-07
  6.1711595728732137E-07
  6.3055633816097031E-07
  6.4284097214884908E-07
  6.5409367556371117E-07
  6.6442289780401690E-07
  6.7392399580714969E-07
  6.8268112900184663E-07
  6.9076884670008033E-07
  6.9825342491224874E-07
  7.0519399807449578E-07
  7.1164352221638780E-07
  7.1764959913722564E-07
  7.2325518568033060E-07
  7.2849920789401424E-07
  7.3341709647367333E-07
  7.3804125722397988E-07
  7.4240148817815896E-07
  7.4652535341756674E-07
  7.5043852241983297E-07
  7.5416508291014726E-07
  7.5772783466149252E-07
  7.6114857147025375E-07
  7.6444835865108015E-07
  7.6764781388219474E-07
  7.7076740016672192E-07
  7.7382774117697721E-07
  7.7684995965345498E-07
  7.7985611531176941E-07
  7.8286955165792864E-07
  7.8591584126237834E-07
  7.8902287240178134E-07
  7.9222229372966604E-07
  7.9555041518626008E-07
  7.9904977634679491E-07
  8.0277118834825363E-07
  8.0677653088604140E-07
  8.1114266389054992E-07
  8.1596702162558816E-07
  8.2137581148719452E-07
  8.2753636483548863E-07
  8.3467633304458934E-07
  8.4311462046831151E-07
  8.5331339278894854E-07
  8.6597007764265367E-07
  8.8219053078341543E-07
  9.0384133569829825E-07
  9.3434250008176674E-07
  9.8071713860202878E-07
  1.0600008379670795E-06
  1.2271208321700972E-06
  1.8117947545543094E-06
 -3.4329906187784191E-06
  5.9857774223146310E-08
  3.7824903973234394E-07
  4.9771942890778096E-07
  5.6032316092279814E-07
  5.9885411660801750E-07
  6.2495135716917937E-07
  6.4378883466044030E-07
  6.5801723806912705E-07
  6.6913522224153235E-07
  6.7805379677109689E-07
  6.8535970459038236E-07
  6.9144673808044334E-07
  6.9658982543882063E-07
  7.0098661737074493E-07
  7.0478289536709382E-07
  7.0808857056800323E-07
  7.1098810245330386E-07
  7.1354748349146515E-07
  7.1581904164834414E-07
  7.1784481689515953E-07
  7.1965898250807931E-07
  5.6087476686840660E-07
  5.5828704171451837E-07
  5.5579070290861371E-07
  5.5338137029502236E-07
  5.5105496505663211E-07
  5.4880768396968116E-07
  1.9196075706783099E-09
  1.9448832986707305E-09
  1.9707491314758090E-09
  1.9972246673668312E-09
  2.0243303515009001E-09
  2.0520875212141744E-09
  2.0805184542118789E-09
  2.1096464198886522E-09
  2.1394957340008498E-09
  2.1700918169480635E-09
  2.2014612559572451E-09
  2.2336318714490179E-09
  2.2666327879488281E-09
  2.3004945098784200E-09
  2.3352490026417782E-09
  2.3709297794216230E-09
  2.4075719941772891E-09
  2.4452125413541123E-09
  2.4838901628500633E-09
  2.5236455629237350E-09
  2.5645215316476298E-09
  2.6065630777366107E-09
  2.6498175715202186E-09
  2.6943348990328592E-09
  2.7401676281577216E-09
  2.7873711880314510E-09
  2.8360040628539655E-09
  2.8861280015480297E-09
  2.9378082447321884E-09
 -7.7641932094879356E-07
 -5.5569195619247381E-07
 -3.7699464644201367E-07
 -2.3007082875361848E-07
 -1.0770443472453772E-07
 -4.6512302149486860E-09
  8.2972217927275134E-08
  1.5810208059973310E-07
  2.2299657835949550E-07
  2.7941873215445074E-07
  3.2876330681634713E-07
  3.7214682627880019E-07
  4.1047258370780630E-07
  4.4447836901150703E-07
  4.7477202927389907E-07
  5.0185935371455737E-07
  5.2616043511016340E-07
  5.4803181548815587E-07
  5.6777465148829135E-07
  5.8564553585164659E-07
  6.0186425600094015E-07
  6.1662001160544180E-07
  6.3007643467019097E-07
  6.4237567126115967E-07
  6.5364172217465292E-07
  6.6398319412821891E-07
  6.7349557888968809E-07
  6.8226315202518406E-07
  6.9036056338069184E-07
  6.9785417644191109E-07
  7.0480320215947818E-07
  7.1126066386608452E-07
  7.1727422291887276E-07
  7.2288688921350066E-07
  7.2813763640383864E-07
  7.3306193826030701E-07
  7.3769223993215357E-07
  7.4205837578166471E-07
  7.4618794385507461E-07
  7.5010664583667997E-07
  7.5383860048612082E-07
  7.5740663802002077E-07
  7.6083258268856072E-07
  7.6413753091567194E-07
  7.6734213286214994E-07
  7.7046688621442398E-07
  7.7353245251110833E-07
  7.7655999679769587E-07
  7.7957162779223501E-07
  7.8259074238400896E-07
  7.8564298078765276E-07
  7.8875631208887524E-07
  7.9196248225773906E-07
  7.9529792349299289E-07
  7.9880533047291654E-07
  8.0253571449809201E-07
  8.0655121824179202E-07
  8.1092905378001779E-07
  8.1576713681726492E-07
  8.2119234825099942E-07
  8.2737298638049160E-07
  8.3453813270090267E-07
  8.4300888129393393E-07
  8.5325089140519494E-07
  8.6596744875383108E-07
  8.8227485631852807E-07
  9.0405985128225605E-07
  9.3478557640288531E-07
  9.8158191392100516E-07
  1.0618124624678746E-06
  1.2318703466200612E-06
  1.8370803510816664E-06
 -3.0738711648590866E-06
  7.0296162969698924E-08
  3.8116419647502225E-07
  4.9894962966563897E-07
  5.6092149527523673E-07
  5.9915002414599047E-07
  6.2508011086199315E-07
  6.4381598918929594E-07
  6.5797834103275507E-07
  6.6905118707197646E-07
  6.7793771346502078E-07
  6.8522017503667371E-07
  6.9128964129844376E-07
  6.9641931143592199E-07
  7.0080569598560027E-07
  7.0459380021486786E-07
  7.0789299220216063E-07
  7.1078734243015474E-07
  7.1334255892482871E-07
  7.1561075785760046E-07
  7.1763381893814805E-07
  7.1944579242060197E-07
  5.6065331467578961E-07
  5.5806467769930202E-07
  5.5556749871073557E-07
  5.5315739161932484E-07
  5.5083027223302893E-07
  5.4858233245216545E-07
  1.9195549766466043E-09
  1.9448295792576248E-09
  1.9706942495494976E-09
  1.9971685841656070E-09
  2.0242730265437149E-09
  2.0520289122044321E-09
  2.0804585169339931E-09
  2.1095851081069027E-09
  2.1394329993355395E-09
  2.1700276087595336E-09
  2.2013955212062255E-09
  2.2335645545611522E-09
  2.2665638306610968E-09
  2.3004238510771614E-09
  2.3351765781868985E-09
  2.3708555219660815E-09
  2.4074958329599550E-09
  2.4451344019836271E-09
  2.4838099670833984E-09
  2.5235632284003059E-09
  2.5644369716374638E-09
  2.6064762008348435E-09
  2.6497282813449033E-09
  2.6942430938788099E-09
  2.7400732006361761E-09
  2.7872740246675066E-09
  2.8359040436611443E-09
  2.8860249995580203E-09
  2.9377021254920878E-09
 -7.7950747507885307E-07
 -5.5824936557261824E-07
 -3.7915366594112037E-07
 -2.3192382663637838E-07
 -1.0931775763450306E-07
 -6.0736873291483028E-09
  8.1703973486561834E-08
  1.5696003073375283E-07
  2.2195897070057357E-07
  2.7846844629490114E-07
  3.2788670324587134E-07
  3.7133291987328676E-07
  4.0971244013633947E-07
  4.4376465717068058E-07
  4.7409868486643946E-07
  5.0122132733307435E-07
  5.2555348270389975E-07
  5.4745235768846374E-07
  5.6721964907632144E-07
  5.8511239449606271E-07
  6.0135075021792214E-07
  6.1612422361256354E-07
  6.2959670488416664E-07
  6.4191055796801256E-07
  6.5318996848312301E-07
  6.6354370074545146E-07
  6.7306738158795543E-07
  6.8184540290895024E-07
  6.8995251525577110E-07
  6.9745516972942200E-07
  7.0441265391653955E-07
  7.1087805855727035E-07
  7.1689910465811358E-07
  7.2251885524823716E-07
  7.2777633166052693E-07
  7.3270705080650151E-07
  7.3734349724177893E-07
  7.4171554171746695E-07
  7.4585081630141955E-07
  7.4977505494303009E-07
  7.5351240749574983E-07
  7.5708573468247270E-07
  7.6051689127613669E-07
  7.6382700488651793E-07
  7.6703675824440369E-07
  7.7016668382104916E-07
  7.7323748114408886E-07
  7.7627035771672045E-07
  7.7928747145140066E-07
  7.8231227278969322E-07
  7.8537046990200481E-07
  7.8849011307933202E-07
  7.9170304606209092E-07
  7.9504582393956675E-07
  7.9856129733240026E-07
  8.0230067885975120E-07
  8.0632637577500982E-07
  8.1071595457853873E-07
  8.1556781572395388E-07
  8.2100951856116744E-07
  8.2721033593703391E-07
  8.3440079159596266E-07
  8.4290418949945294E-07
  8.5318971763034414E-07
  8.6596658490863857E-07
  8.8236167153270420E-07
  9.0428215377671240E-07
  9.3523502043842864E-07
  9.8245903840116897E-07
  1.0636540639976202E-06
  1.2367306933866758E-06
  1.8636474726972901E-06
 -2.7714015145855107E-06
  8.0416090994326397E-08
  3.8402826690890070E-07
  5.0016377828859682E-07
  5.6151307796521082E-07
  5.9944261516349232E-07
  6.2520708872097099E-07
  6.4384215363036880E-07
  6.5793889292960016E-07
  6.6896686345389175E-07
  6.7782150731621411E-07
  6.8508063154141314E-07
  6.9113260467634431E-07
  6.9624890944288670E-07
  7.0062492374975259E-07
  7.0440488133686204E-07
  7.0769761025367496E-07
  7.1058679399084673E-07
  7.1313785749598215E-07
  7.1540270609179681E-07
  7.1742305989579791E-07
  7.1923284662209061E-07
  5.6043208907412026E-07
  5.5784253981785851E-07
  5.5534452024850087E-07
  5.5293363833275878E-07
  5.5060580449720522E-07
  5.4835720576061186E-07
  1.9195023852942344E-09
  1.9447758626061075E-09
  1.9706393704719624E-09
  1.9971125039022013E-09
  2.0242157046171217E-09
  2.0519703063194307E-09
  2.0803985828840374E-09
  2.1095237996583541E-09
  2.1393702681153860E-09
  2.1699634041304090E-09
  2.2013297901371019E-09
  2.2334972414831227E-09
  2.2664948773157707E-09
  2.3003531963570540E-09
  2.3351041579626743E-09
  2.3707812688929296E-09
  2.4074196762877600E-09
  2.4450562673302712E-09
  2.4837297762091631E-09
  2.5234808989607120E-09
  2.5643524169073381E-09
  2.6063893294218304E-09
  2.6496389968809245E-09
  2.6941512946680892E-09
  2.7399787793027900E-09
  2.7871768677514325E-09
  2.8358040311897757E-09
  2.8859220045823541E-09
  2.9375960135745436E-09
 -7.8260208878527163E-07
 -5.6081148038665310E-07
 -3.8131618007239399E-07
 -2.3377945814022970E-07
 -1.1093308626871302E-07
 -7.4976826070731090E-09
  8.0434545388647048E-08
  1.5581707024925971E-07
  2.2092066562775314E-07
  2.7751763152153967E-07
  3.2700970538074025E-07
  3.7051872777699005E-07
  4.0895209925425267E-07
  4.4305082051864007E-07
  4.7342527555423175E-07
  5.0058328589585408E-07
  5.2494655695658570E-07
  5.4687296166769825E-07
  5.6666473817334667E-07
  5.8457936994797460E-07
  6.0083738287514735E-07
  6.1562859264717578E-07
  6.2911714817159256E-07
  6.4144563166431052E-07
  6.5273841390513011E-07
  6.6310441709126863E-07
  6.7263940335404857E-07
  6.8142788112091604E-07
  6.8954470180586744E-07
  6.9705640426728877E-07
  7.0402235284855965E-07
  7.1049570580246504E-07
  7.1652424387670303E-07
  7.2215108331553815E-07
  7.2741529320313566E-07
  7.3235243365923759E-07
  7.3699502870819923E-07
  7.4137298554844224E-07
  7.4551397032790060E-07
  7.4944374931870553E-07
  7.5318650352756653E-07
  7.5676512424740944E-07
  7.6020149684239742E-07
  7.6351678018505729E-07
  7.6673168966392779E-07
  7.6986679263797162E-07
  7.7294282674460418E-07
  7.7598104210218204E-07
  7.7900364600665510E-07
  7.8203414262450242E-07
  7.8509830839097401E-07
  7.8822427520590259E-07
  7.9144398503713663E-07
  7.9479411649327095E-07
  7.9831767699157065E-07
  8.0206608162786805E-07
  8.0610200384551714E-07
  8.1050336687588622E-07
  8.1536905925379262E-07
  8.2082732377340509E-07
  8.2704841551779628E-07
  8.3426431272918603E-07
  8.4280054963678802E-07
  8.5312987854099772E-07
  8.6596749759063585E-07
  8.8245099617852398E-07
  9.0450827999878234E-07
  9.3569090933424169E-07
  9.8334870418937861E-07
  1.0655262808493727E-06
  1.2417055624854686E-06
  1.8915949396721022E-06
 -2.5131657687180779E-06
  9.0231580307735535E-08
  3.8684248365018392E-07
  5.0136213987585193E-07
  5.6209799384029597E-07
  5.9973192355574141E-07
  6.2533230634761327E-07
  6.4386733581303757E-07
  6.5789889791527596E-07
  6.6888225363710394E-07
  6.7770517953964854E-07
  6.8494107473089279E-07
  6.9097562847933164E-07
  6.9607861950399216E-07
  7.0044430056145121E-07
  7.0421613854051910E-07
  7.0750242446884630E-07
  7.1038645684065098E-07
  7.1293337888251128E-07
  7.1519488600937997E-07
  7.1721253941401229E-07
  7.1902014474995178E-07
  5.6021108974190625E-07
  5.5762062774840764E-07
  5.5512176719989540E-07
  5.5271011011312152E-07
  5.5038156152680609E-07
  5.4813230357254405E-07
  1.9194497966212290E-09
  1.9447221487171960E-09
  1.9705844942397452E-09
  1.9970564265743851E-09
  2.0241583857175088E-09
  2.0519117035618959E-09
  2.0803386520627186E-09
  2.1094624945434827E-09
  2.1393075403393206E-09
  2.1698992030621882E-09
  2.2012640627494261E-09
  2.2334299322119353E-09
  2.2664259279122895E-09
  2.3002825457213734E-09
  2.3350317419680958E-09
  2.3707070202040137E-09
  2.4073435241603604E-09
  2.4449781373913564E-09
  2.4836495902302956E-09
  2.5233985746044924E-09
  2.5642678674578929E-09
  2.6063024635011348E-09
  2.6495497181242271E-09
  2.6940595014000557E-09
  2.7398843641574650E-09
  2.7870797172818145E-09
  2.8357040254413932E-09
  2.8858190166183095E-09
  2.9374899089767149E-09
 -7.8570318665822239E-07
 -5.6337831761466448E-07
 -3.8348220096174517E-07
 -2.3563773218625454E-07
 -1.1255042736368302E-07
 -8.9232212470170826E-09
  7.9163929539054667E-08
  1.5467319585785850E-07
  2.1988166044124833E-07
  2.7656628558963670E-07
  3.2613231132916006E-07
  3.6970424836309284E-07
  4.0819155964699097E-07
  4.4233685780733766E-07
  4.7275180022330416E-07
  4.9994522839696879E-07
  5.2433965695037337E-07
  5.4629362658043878E-07
  5.6610991799427114E-07
  5.8404646147072746E-07
  6.0032415327685150E-07
  6.1513311805012583E-07
  6.2863776390205291E-07
  6.4098089174505422E-07
  6.5228705785895604E-07
  6.6266534260221807E-07
  6.7221164364107370E-07
  6.8101058612870919E-07
  6.8913712251209598E-07
  6.9665787954828043E-07
  7.0363229845899337E-07
  7.1011360511534863E-07
  7.1614964009784489E-07
  7.2178357294663485E-07
  7.2705452057154244E-07
  7.3199808636633369E-07
  7.3664683388677512E-07
  7.4103070683822738E-07
  7.4517740550639067E-07
  7.4911272854404308E-07
  7.5286088817132610E-07
  7.5644480631428711E-07
  7.5988639899762346E-07
  7.6320685643362311E-07
  7.6642692675691905E-07
  7.6956721231685308E-07
  7.7264848898363262E-07
  7.7569204964652807E-07
  7.7872015117732507E-07
  7.8175635163779911E-07
  7.8482649604365837E-07
  7.8795879830442719E-07
  7.9118529907702110E-07
  7.9454280112636812E-07
  7.9807446952005733E-07
  8.0183192299570318E-07
  8.0587810282451962E-07
  8.1029129126855207E-07
  8.1517086832702993E-07
  8.2064576526175893E-07
  8.2688722715393385E-07
  8.3412869912768758E-07
  8.4269796628693159E-07
  8.5307138128628462E-07
  8.6597019842461396E-07
  8.8254285029896454E-07
  9.0473826736986488E-07
  9.3615681492614527E-07
  9.8425110764286734E-07
  1.0674297697777262E-06
  1.2467988100496649E-06
  1.9210320056466515E-06
 -2.2901292082415018E-06
  9.9755842025401611E-08
  3.8960804000416893E-07
  5.0254497372888004E-07
  5.6267632640688405E-07
  6.0001798284989103E-07
  6.2545577914525004E-07
  6.4389154348047278E-07
  6.5785836010116445E-07
  6.6879735987621642E-07
  6.7758901060666366E-07
  6.8480150522654208E-07
  6.9081871297127429E-07
  6.9590844165778863E-07
  7.0026382632258917E-07
  7.0402757163453177E-07
  7.0730743459406757E-07
  7.1018633068559774E-07
  7.1272912276223250E-07
  7.1498729726990876E-07
  7.1700225713951862E-07
  7.1880768644235431E-07
  5.5999031635827647E-07
  5.5739894116979021E-07
  5.5489923924352638E-07
  5.5248680663883098E-07
  5.5015754300009728E-07
  5.4790762556610568E-07
  1.9193972106280848E-09
  1.9446684375880664E-09
  1.9705296208537436E-09
  1.9970003521802700E-09
  2.0241010698491099E-09
  2.0518531039290875E-09
  2.0802787244679899E-09
  2.1094011927624208E-09
  2.1392448160081563E-09
  2.1698350055547077E-09
  2.2011983390435537E-09
  2.2333626267528092E-09
  2.2663569824520713E-09
  2.3002118991667930E-09
  2.3349593302003498E-09
  2.3706327758996124E-09
  2.4072673765756820E-09
  2.4449000121679878E-09
  2.4835694091441075E-09
  2.5233162553288522E-09
  2.5641833232882783E-09
  2.6062156030665971E-09
  2.6494604450784232E-09
  2.6939677140726398E-09
  2.7397899551988427E-09
  2.7869825732611235E-09
  2.8356040264139743E-09
  2.8857160356670195E-09
  2.9373838116970688E-09
 -7.8881079337553190E-07
 -5.6594989428032820E-07
 -3.8565174077967014E-07
 -2.3749865773035654E-07
 -1.1416978767242795E-07
 -1.0350308475002513E-08
  7.7892121823856891E-08
  1.5352840425440646E-07
  2.1884195244550085E-07
  2.7561440625878626E-07
  3.2525451919199824E-07
  3.6888948000724439E-07
  4.0743081989975503E-07
  4.4162276778997065E-07
  4.7207825776026825E-07
  4.9930715383094232E-07
  5.2373278176590262E-07
  5.4571435157967800E-07
  5.6555518775089672E-07
  5.8351366832702156E-07
  5.9981106073008856E-07
  6.1463779916065834E-07
  6.2815855144626129E-07
  6.4051633760556960E-07
  6.5183589976169178E-07
  6.6222647671535987E-07
  6.7178410190300499E-07
  6.8059351740091889E-07
  6.8872977685597675E-07
  6.9625959506598575E-07
  7.0324249025256201E-07
  7.0973175601032656E-07
  7.1577529284455828E-07
  7.2141632367378306E-07
  7.2669401330568927E-07
  7.3164400847610016E-07
  7.3629891233404324E-07
  7.4068870515139630E-07
  7.4484112140954025E-07
  7.4878199220039025E-07
  7.5253556101727262E-07
  7.5612478048334289E-07
  7.5957159735289816E-07
  7.6289723325553497E-07
  7.6612246916036392E-07
  7.6926794251067019E-07
  7.7235446753219324E-07
  7.7540338004334352E-07
  7.7843698668372007E-07
  7.8147889958136706E-07
  7.8455503264806248E-07
  7.8769368221251352E-07
  7.9092698808005370E-07
  7.9429187781296637E-07
  7.9783167498830950E-07
  8.0159820316742434E-07
  8.0565467308188477E-07
  8.1007972836470108E-07
  8.1497324386685062E-07
  8.2046484440542943E-07
  8.2672677289033558E-07
  8.3399395384666085E-07
  8.4259644408222615E-07
  8.5301423308872118E-07
  8.6597469916559480E-07
  8.8263725412868745E-07
  9.0497215376779059E-07
  9.3662587219652954E-07
  9.8516644926407995E-07
  1.0693652064262876E-06
  1.2520144676301992E-06
  1.9520797673587615E-06
 -2.0955607140364321E-06
  1.0900133393279006E-07
  3.9232609151302914E-07
  5.0371253371261864E-07
  5.6324815780379790E-07
  6.0030082611317845E-07
  6.2557752239164123E-07
  6.4391478431681832E-07
  6.5781728357427689E-07
  6.6871218440151362E-07
  6.7747244324366254E-07
  6.8466192364636622E-07
  6.9066185841580703E-07
  6.9573837594773536E-07
  7.0008350093007992E-07
  7.0383918042594849E-07
  7.0711264037642131E-07
  7.0998641523167318E-07
  7.1252508881428201E-07
  7.1477993953340851E-07
  7.1679221271976601E-07
  7.1859547133822351E-07
  5.5976976860298036E-07
  5.5717747976146724E-07
  5.5467693605862076E-07
  5.5226372758892498E-07
  5.4993374859596438E-07
  5.4768317142006101E-07
  1.9193446273147726E-09
  1.9446147292204321E-09
  1.9704747503164193E-09
  1.9969442807236407E-09
  2.0240437570062933E-09
  2.0517945074211383E-09
  2.0802188000994665E-09
  2.1093398943129505E-09
  2.1391820951198539E-09
  2.1697708116061595E-09
  2.2011326190197181E-09
  2.2332953250995763E-09
  2.2662880409335970E-09
  2.3001412566930913E-09
  2.3348869226629234E-09
  2.3705585359751764E-09
  2.4071912335378574E-09
  2.4448218916571995E-09
  2.4834892329523703E-09
  2.5232339411347755E-09
  2.5640987843990815E-09
  2.6061287481230556E-09
  2.6493711777407772E-09
  2.6938759326889959E-09
  2.7396955524274862E-09
  2.7868854356852076E-09
  2.8355040341076875E-09
  2.8856130617263031E-09
  2.9372777217397223E-09
 -7.9192493375598571E-07
 -5.6852622751710588E-07
 -3.8782481174139129E-07
 -2.3936224375356337E-07
 -1.1579117395994363E-07
 -1.1778949500705967E-08
  7.6619118127632761E-08
  1.5238269213605135E-07
  2.1780153893202632E-07
  2.7466199127821440E-07
  3.2437632707033350E-07
  3.6807442107719518E-07
  4.0666987859348974E-07
  4.4090854921516424E-07
  4.7140464705009826E-07
  4.9866906119114282E-07
  5.2312593048636797E-07
  5.4513513582029609E-07
  5.6500054665844674E-07
  5.8298098978165803E-07
  5.9929810453847190E-07
  6.1414263532039841E-07
  6.2767951017478455E-07
  6.4005196864341815E-07
  6.5138493903194280E-07
  6.6178781886844660E-07
  6.7135677759464440E-07
  6.8017667440703909E-07
  6.8832266432031323E-07
  6.9586155031474542E-07
  7.0285292773436539E-07
  7.0935015800218246E-07
  7.1540120164136655E-07
  7.2104933502965387E-07
  7.2633377094692887E-07
  7.3129019953766423E-07
  7.3595126360731982E-07
  7.4034698005315924E-07
  7.4450511761090669E-07
  7.4845153986970440E-07
  7.5221052165679011E-07
  7.5580504635572739E-07
  7.5925709152027746E-07
  7.6258791027500141E-07
  7.6581831651231972E-07
  7.6896898287328927E-07
  7.7206076206291174E-07
  7.7511503298766805E-07
  7.7815415224727903E-07
  7.8120178620789339E-07
  7.8428391799648307E-07
  7.8742892677037284E-07
  7.9066905194551596E-07
  7.9404134652858879E-07
  7.9758929347137533E-07
  8.0136492234588917E-07
  8.0543171499474999E-07
  8.0986867877035969E-07
  8.1477618680862776E-07
  8.2028456260413864E-07
  8.2656705480011958E-07
  8.3386007996354169E-07
  8.4249598769986916E-07
  8.5295844124994517E-07
  8.6598101168846477E-07
  8.8273422819196827E-07
  9.0520997765572951E-07
  9.3710161432778314E-07
  9.8609493393331650E-07
  1.0713332866048477E-06
  1.2573567527562499E-06
  1.9848728169334268E-06
 -1.9243425707782623E-06
  1.1797981493514345E-07
  3.9499775778195805E-07
  5.0486506818724706E-07
  5.6381356890234101E-07
  6.0058048601177710E-07
  6.2569755115875770E-07
  6.4393706595467027E-07
  6.5777567239657312E-07
  6.6862672941793687E-07
  6.7735575788140257E-07
  6.8452233060455693E-07
  6.9050506506991860E-07
  6.9556842241164972E-07
  6.9990332428694549E-07
  7.0365096472169445E-07
  7.0691804156362713E-07
  7.0978671018559258E-07
  7.1232127671748988E-07
  7.1457281246069503E-07
  7.1658240580295829E-07
  7.1838349907728725E-07
  5.5954944615638558E-07
  5.5695624320351789E-07
  5.5445485732502336E-07
  5.5204087264305905E-07
  5.4971017799391087E-07
  5.4745894081379132E-07
  1.9192920466803279E-09
  1.9445610236146715E-09
  1.9704198826241430E-09
  1.9968882122033678E-09
  2.0239864471929496E-09
  2.0517359140395679E-09
  2.0801588789579153E-09
  2.1092785991982957E-09
  2.1391193776757946E-09
  2.1697066212187205E-09
  2.2010669026764578E-09
  2.2332280272564990E-09
  2.2662191033571549E-09
  2.3000706183015134E-09
  2.3348145193524437E-09
  2.3704843004338446E-09
  2.4071150950411729E-09
  2.4447437758622745E-09
  2.4834090616518976E-09
  2.5231516320203005E-09
  2.5640142507874567E-09
  2.6060418986655108E-09
  2.6492819161118115E-09
  2.6937841572431490E-09
  2.7396011558417107E-09
  2.7867883045552786E-09
  2.8354040485201867E-09
  2.8855100947967522E-09
  2.9371716390989600E-09
 -7.9504563268602781E-07
 -5.7110733447775162E-07
 -3.9000142610685390E-07
 -2.4122849926683359E-07
 -1.1741459302895130E-07
 -1.3209149576077941E-08
  7.5344914324673098E-08
  1.5123605618783518E-07
  2.1676041719866810E-07
  2.7370903839346871E-07
  3.2349773306565595E-07
  3.6725906994135042E-07
  4.0590873430963726E-07
  4.4019420083396113E-07
  4.7073205437510681E-07
  4.9803094947123150E-07
  5.2251910219377945E-07
  5.4455597845706927E-07
  5.6444599393184363E-07
  5.8244842509762990E-07
  5.9878528400903908E-07
  6.1364762587028486E-07
  6.2720063945907427E-07
  6.3958778425476266E-07
  6.5093417508876881E-07
  6.6134936849994686E-07
  6.7092967017062193E-07
  6.7976005661689800E-07
  6.8791578438791418E-07
  6.9546374478995218E-07
  7.0246361041018976E-07
  7.0896881060658724E-07
  7.1502736601275080E-07
  7.2068260654795731E-07
  7.2597379303711024E-07
  7.3093665910133707E-07
  7.3560388726436916E-07
  7.4000553110947611E-07
  7.4416939368471649E-07
  7.4812137113507571E-07
  7.5188576968178200E-07
  7.5548560353337493E-07
  7.5894288111262538E-07
  7.6227888711707505E-07
  7.6551446845181445E-07
  7.6867033305970312E-07
  7.7176737224923370E-07
  7.7482700817523281E-07
  7.7787164759032962E-07
  7.8092501127196597E-07
  7.8401315188204186E-07
  7.8716453181686612E-07
  7.9041149057496517E-07
  7.9379120725069009E-07
  7.9734732504966050E-07
  8.0113208073966067E-07
  8.0520922894532006E-07
  8.0965814310724522E-07
  8.1457969809544732E-07
  8.2010492125906858E-07
  8.2640807496574197E-07
  8.3372708059625088E-07
  8.4239660185448030E-07
  8.5290401314694388E-07
  8.6598914801422790E-07
  8.8283379327219363E-07
  9.0545177808269290E-07
  9.3758412389034231E-07
  9.8703677099629393E-07
  1.0733347264512042E-06
  1.2628300789931220E-06
  2.0195611737420150E-06
 -1.7725143734311761E-06
  1.2670239111160764E-07
  3.9762412368931331E-07
  5.0600282028530374E-07
  5.6437263918910456E-07
  6.0085699476603182E-07
  6.2581588040908262E-07
  6.4395839593546536E-07
  6.5773353059293592E-07
  6.6854099713603010E-07
  6.7723895571430205E-07
  6.8438272670925412E-07
  6.9034833319570058E-07
  6.9539858109108419E-07
  6.9972329629050844E-07
  7.0346292433325314E-07
  7.0672363790353060E-07
  7.0958721525520663E-07
  7.1211768615254674E-07
  7.1436591571336322E-07
  7.1637283603811433E-07
  7.1817176930012086E-07
  5.5932934869947646E-07
  5.5673523117663793E-07
  5.5423300272319609E-07
  5.5181824148150546E-07
  5.4948683087405655E-07
  5.4723493342729468E-07
  1.9192394687250128E-09
  1.9445073207687746E-09
  1.9703650177778709E-09
  1.9968321466166372E-09
  2.0239291404069608E-09
  2.0516773237835917E-09
  2.0800989610439303E-09
  2.1092173074144659E-09
  2.1390566636755426E-09
  2.1696424343893295E-09
  2.2010011900134966E-09
  2.2331607332196685E-09
  2.2661501697208284E-09
  2.2999999839903671E-09
  2.3347421202692453E-09
  2.3704100692734848E-09
  2.4070389610898761E-09
  2.4446656647795179E-09
  2.4833288952427813E-09
  2.5230693279876298E-09
  2.5639297224552650E-09
  2.6059550546965893E-09
  2.6491926601892352E-09
  2.6936923877372637E-09
  2.7395067654421298E-09
  2.7866911798700854E-09
  2.8353040696536566E-09
  2.8854071348760214E-09
  2.9370655637758509E-09
 -7.9817291520484215E-07
 -5.7369323243400922E-07
 -3.9218159618101573E-07
 -2.4309743331138520E-07
 -1.1904005169438042E-07
 -1.4640913953513519E-08
  7.4069506273419571E-08
  1.5008849308725062E-07
  2.1571858452611178E-07
  2.7275554535258975E-07
  3.2261873526760574E-07
  3.6644342497057299E-07
  4.0514738562887833E-07
  4.3947972139665987E-07
  4.7005830813722581E-07
  4.9739281766435651E-07
  5.2191229596899580E-07
  5.4397687864482435E-07
  5.6389152878504823E-07
  5.8191597354046347E-07
  5.9827259844766789E-07
  6.1315277015226243E-07
  6.2672193867081688E-07
  6.3912378383710946E-07
  6.5048360735213224E-07
  6.6091112504825093E-07
  6.7050277908637343E-07
  6.7934366350111231E-07
  6.8750913654306002E-07
  6.9506617798694706E-07
  7.0207453778640474E-07
  7.0858771334013125E-07
  7.1465378548456646E-07
  7.2031613776275422E-07
  7.2561407911897597E-07
  7.3058338671765027E-07
  7.3525678286404339E-07
  7.3966435788721595E-07
  7.4383394920585377E-07
  7.4779148557999839E-07
  7.5156130468518947E-07
  7.5516645161909124E-07
  7.5862896574365360E-07
  7.6197016340772793E-07
  7.6521092461868994E-07
  7.6837199272574182E-07
  7.7147429776563158E-07
  7.7453930530391703E-07
  7.7758947243813256E-07
  7.8064857452851574E-07
  7.8374273409756170E-07
  7.8690049719705844E-07
  7.9015430387207295E-07
  7.9354145996418718E-07
  7.9710576980229015E-07
  8.0089967856126153E-07
  8.0498721532087590E-07
  8.0944812199877350E-07
  8.1438377868280110E-07
  8.1992592179594933E-07
  8.2624983548869403E-07
  8.3359495887951494E-07
  8.4229829132138178E-07
  8.5285095622300100E-07
  8.6599912030025755E-07
  8.8293597040753273E-07
  9.0570010032213236E-07
  9.3807348491460036E-07
  9.8799217435495836E-07
  1.0753702634124853E-06
  1.2684390685775827E-06
  2.0563125640939685E-06
 -1.6369634107192498E-06
  1.3517956240694779E-07
  4.0020624065641372E-07
  5.0712602792502557E-07
  5.6492544695989603E-07
  6.0113038422248056E-07
  6.2593252491494428E-07
  6.4397878173489425E-07
  6.5769086215256150E-07
  6.6845498973149630E-07
  6.7712203792936036E-07
  6.8424311256806397E-07
  6.9019166304601285E-07
  6.9522885202522187E-07
  6.9954341684159349E-07
  7.0327505906649691E-07
  7.0652942914517907E-07
  7.0938793014911251E-07
  7.1191431680063456E-07
  7.1415924895394699E-07
  7.1616350307502169E-07
  7.1796028164795974E-07
  5.5910947591385330E-07
  5.5651444336213874E-07
  5.5401137193421547E-07
  5.5159583378515143E-07
  5.4926370691713597E-07
  5.4701114894118384E-07
  1.9191868934475149E-09
  1.9444536206840505E-09
  1.9703101557780907E-09
  1.9967760839648067E-09
  2.0238718366488162E-09
  2.0516187366520776E-09
  2.0800390463547717E-09
  2.1091560189623369E-09
  2.1389939531176238E-09
  2.1695782511184521E-09
  2.2009354810316954E-09
  2.2330934429921590E-09
  2.2660812400256954E-09
  2.2999293537603355E-09
  2.3346697254142877E-09
  2.3703358424944260E-09
  2.4069628316797082E-09
  2.4445875584084752E-09
  2.4832487337271290E-09
  2.5229870290334721E-09
  2.5638451994006590E-09
  2.6058682162132265E-09
  2.6491034099753318E-09
  2.6936006241718525E-09
  2.7394123812266774E-09
  2.7865940616305135E-09
  2.8352040975058060E-09
  2.8853041819653021E-09
  2.9369594957692450E-09
 -8.0130680644172999E-07
 -5.7628393868574354E-07
 -3.9436533431437429E-07
 -2.4496905495865459E-07
 -1.2066755679224088E-07
 -1.6074247907025708E-08
  7.2792889821558223E-08
  1.4893999950432771E-07
  2.1467603819381087E-07
  2.7180150989289656E-07
  3.2173933177059037E-07
  3.6562748452460467E-07
  4.0438583113138201E-07
  4.3876510964906642E-07
  4.6938449031999599E-07
  4.9675466476335046E-07
  5.2130551089504878E-07
  5.4339783553676461E-07
  5.6333715043208850E-07
  5.8138363437528693E-07
  5.9776004716088431E-07
  6.1265806750857458E-07
  6.2624340718145526E-07
  6.3865996678848789E-07
  6.5003323524203891E-07
  6.6047308795339907E-07
  6.7007610379900785E-07
  6.7892749453070338E-07
  6.8710272027016791E-07
  6.9466884940183716E-07
  7.0168570937009392E-07
  7.0820686571975034E-07
  7.1428045958331139E-07
  7.1994992820934932E-07
  7.2525462873592850E-07
  7.3023038193800746E-07
  7.3490994996578954E-07
  7.3932345995374420E-07
  7.4349878375031479E-07
  7.4746188278897545E-07
  7.5123712626065988E-07
  7.5484759021653212E-07
  7.5831534502803952E-07
  7.6166173877386546E-07
  7.6490768465358047E-07
  7.6807396152842213E-07
  7.7118153828793093E-07
  7.7425192407198174E-07
  7.7730762651509840E-07
  7.8037247573492197E-07
  7.8347266444000708E-07
  7.8663682275381165E-07
  7.8989749174358159E-07
  7.9329210464922581E-07
  7.9686462781458942E-07
  8.0066771602811261E-07
  8.0476567451397547E-07
  8.0923861607514053E-07
  8.1418842953236267E-07
  8.1974756564989071E-07
  8.2609233849914113E-07
  8.3346371797718118E-07
  8.4220106089934146E-07
  8.5279927801786651E-07
  8.6601094082154798E-07
  8.8304078089410307E-07
  9.0595000005744607E-07
  9.3856978294328434E-07
  9.8896136271959006E-07
  1.0774406571165793E-06
  1.2741885637591047E-06
  2.0953151054927895E-06
 -1.5152093755298970E-06
  1.4342126290449537E-07
  4.0274512798651490E-07
  5.0823492410474559E-07
  5.6547206927222393E-07
  6.0140068581101522E-07
  6.2604749931844379E-07
  6.4399823077923901E-07
  6.5764767103969682E-07
  6.6836870938570622E-07
  6.7700500570256225E-07
  6.8410369029956346E-07
  6.9003505487877112E-07
  6.9505923524957430E-07
  6.9936368583963232E-07
  7.0308736873312958E-07
  7.0633541503716098E-07
  7.0918885457583718E-07
  7.1171116834290251E-07
  7.1395281184544623E-07
  7.1595440656416788E-07
  7.1774903576278570E-07
  5.5888982748173041E-07
  5.5629387944194505E-07
  5.5378996463977173E-07
  5.5137364923549776E-07
  5.4904080580449755E-07
  5.4678758703668518E-07
  1.9191343208485645E-09
  1.9443999233588356E-09
  1.9702552966226827E-09
  1.9967200242483618E-09
  2.0238145359194600E-09
  2.0515601526442416E-09
  2.0799791348920687E-09
  2.1090947338438723E-09
  2.1389312460034253E-09
  2.1695140714066173E-09
  2.2008697757285124E-09
  2.2330261565710286E-09
  2.2660123142700675E-09
  2.2998587276101212E-09
  2.3345973347852618E-09
  2.3702616200959408E-09
  2.4068867068134610E-09
  2.4445094567512559E-09
  2.4831685771005852E-09
  2.5229047351585306E-09
  2.5637606816236691E-09
  2.6057813832159484E-09
  2.6490141654653350E-09
  2.6935088665454525E-09
  2.7393180031959142E-09
  2.7864969498321891E-09
  2.8351041320742872E-09
  2.8852012360627395E-09
  2.9368534350777702E-09
 -8.0445683684503692E-07
 -5.7887947063609987E-07
 -3.9655265290944797E-07
 -2.4684337331629726E-07
 -1.2229711517942624E-07
 -1.7509156715019062E-08
  7.1515060817966292E-08
  1.4779057210159084E-07
  2.1363277547544991E-07
  2.7084692975177181E-07
  3.2085952066283577E-07
  3.6481124697016773E-07
  4.0362406939293435E-07
  4.3805036433947855E-07
  4.6871059980411937E-07
  4.9611648976090314E-07
  5.2069874605095978E-07
  5.4281884828799691E-07
  5.6278285808855889E-07
  5.8085140686584897E-07
  5.9724762945660185E-07
  6.1216351728091704E-07
  6.2576504436501704E-07
  6.3819633250734883E-07
  6.4958305817916743E-07
  6.6003525665508366E-07
  6.6964964376512655E-07
  6.7851154917784707E-07
  6.8669653505402763E-07
  6.9427175853223792E-07
  7.0129712466921194E-07
  7.0782626726342843E-07
  7.1390738783575964E-07
  7.1958397742357816E-07
  7.2489544143178142E-07
  7.2987764431454113E-07
  7.3456338812974543E-07
  7.3898283687747640E-07
  7.4316389689468643E-07
  7.4713256234734785E-07
  7.5091323400273065E-07
  7.5452901893017998E-07
  7.5800201858119790E-07
  7.6135361284332548E-07
  7.6460474819847964E-07
  7.6777623912537165E-07
  7.7088909349275732E-07
  7.7396486417913534E-07
  7.7702610954808673E-07
  7.8009671464948993E-07
  7.8320294270597195E-07
  7.8637350833427249E-07
  7.8964105409598332E-07
  7.9304314129465086E-07
  7.9662389917497848E-07
  8.0043619335986671E-07
  8.0454460692228199E-07
  8.0902962597347167E-07
  8.1399365161842691E-07
  8.1956985426536322E-07
  8.2593558614188577E-07
  8.3333336109137032E-07
  8.4210491545246731E-07
  8.5274898611521145E-07
  8.6602462201883823E-07
  8.8314824631771164E-07
  9.0620399720692983E-07
  9.3907310490964540E-07
  9.8994455948791173E-07
  1.0795466901388088E-06
  1.2800836403945494E-06
  2.1367805071304949E-06
 -1.4052515170698844E-06
  1.5143689752502459E-07
  4.0524177425627011E-07
  5.0932973691764682E-07
  5.6601258192259428E-07
  6.0166793056890610E-07
  6.2616081807824000E-07
  6.4401675042219021E-07
  6.5760396118931190E-07
  6.6828215824570890E-07
  6.7688786020292436E-07
  6.8396405755073647E-07
  6.8987850894781284E-07
  6.9488973080571629E-07
  6.9918410318491105E-07
  7.0289985314204433E-07
  7.0614159533087480E-07
  7.0898998824504537E-07
  7.1150824046207756E-07
  7.1374660405179046E-07
  7.1574554615686079E-07
  7.1753803128742465E-07
  5.5867040308593440E-07
  5.5607353909859474E-07
  5.5356878052216788E-07
  5.5115168751465731E-07
  5.4881812721810161E-07
  5.4656424739563680E-07
  1.9190817509270235E-09
  1.9443462287939162E-09
  1.9702004403131218E-09
  1.9966639674642010E-09
  2.0237572382164896E-09
  2.0515015717621755E-09
  2.0799192266547485E-09
  2.1090334520565716E-09
  2.1388685423306196E-09
  2.1694498952541192E-09
  2.2008040741074197E-09
  2.2329588739558902E-09
  2.2659433924558158E-09
  2.2997881055407471E-09
  2.3345249483829014E-09
  2.3701874020793721E-09
  2.4068105864888336E-09
  2.4444313598051186E-09
  2.4830884253655285E-09
  2.5228224463646220E-09
  2.5636761691236680E-09
  2.6056945557052815E-09
  2.6489249266638381E-09
  2.6934171148581382E-09
  2.7392236313491938E-09
  2.7863998444789588E-09
  2.8350041733608526E-09
  2.8850982971668040E-09
  2.9367473817031538E-09
 -8.0760374434346840E-07
 -5.8147984572534990E-07
 -3.9874356440127783E-07
 -2.4872039750643648E-07
 -1.2392873372517750E-07
 -1.8945645680945482E-08
  7.0236015086646517E-08
  1.4664020753404581E-07
  2.1258879364346879E-07
  2.6989180265867168E-07
  3.1997930003020698E-07
  3.6399471066517244E-07
  4.0286209898866907E-07
  4.3733548421505002E-07
  4.6803663547424504E-07
  4.9547829164793667E-07
  5.2009200052075818E-07
  5.4223991605331197E-07
  5.6222865096882533E-07
  5.8031929027791116E-07
  5.9673534464189007E-07
  6.1166911881365943E-07
  6.2528684959378038E-07
  6.3773288039313626E-07
  6.4913307558474758E-07
  6.5959763059377685E-07
  6.6922339844220313E-07
  6.7809582691507194E-07
  6.8629058038013910E-07
  6.9387490487560089E-07
  7.0090878319247461E-07
  7.0744591748933994E-07
  7.1353456976968546E-07
  7.1921828494150187E-07
  7.2453651675150967E-07
  7.2952517340035426E-07
  7.3421709691704241E-07
  7.3864248822757803E-07
  7.4282928821631067E-07
  7.4680352384112231E-07
  7.5058962750662081E-07
  7.5421073736529884E-07
  7.5768898601949704E-07
  7.6104578524468512E-07
  7.6430211489603049E-07
  7.6747882517559714E-07
  7.7059696305778456E-07
  7.7367812532574521E-07
  7.7674492126571986E-07
  7.7982129103240936E-07
  7.8293356869529500E-07
  7.8611055378741182E-07
  7.8938499084085722E-07
  7.9279456988825544E-07
  7.9638358397439554E-07
  8.0020511078022914E-07
  8.0432401294649498E-07
  8.0882115234171751E-07
  8.1379944591678266E-07
  8.1939278910409139E-07
  8.2577958057165019E-07
  8.3320389144784268E-07
  8.4200985988449819E-07
  8.5270008820668981E-07
  8.6604017644783807E-07
  8.8325838852127478E-07
  9.0646213311816839E-07
  9.3958353939977094E-07
  9.9094199319350794E-07
  1.0816891687569199E-06
  1.2861296228562166E-06
  2.1809478929662878E-06
 -1.3054581001279605E-06
  1.5923537769229051E-07
  4.0769713791484934E-07
  5.1041068971397311E-07
  5.6654705956234340E-07
  6.0193214912984513E-07
  6.2627249554840291E-07
  6.4403434794560151E-07
  6.5755973650719540E-07
  6.6819533844929544E-07
  6.7677060260051195E-07
  6.8382441635358593E-07
  6.8972202550312179E-07
  6.9472033872841252E-07
  6.9900466877717464E-07
  7.0271251210325843E-07
  7.0594796977519707E-07
  7.0879133086750075E-07
  7.1130553284110046E-07
  7.1354062523753092E-07
  7.1553692150514034E-07
  7.1732726786544958E-07
  5.5845120240990322E-07
  5.5585342201523565E-07
  5.5334781926431715E-07
  5.5092994830535368E-07
  5.4859567084051883E-07
  5.4634112970048754E-07
  1.9190291836840269E-09
  1.9442925369875168E-09
  1.9701455868492036E-09
  1.9966079136172110E-09
  2.0236999435401611E-09
  2.0514429940027369E-09
  2.0798593216440928E-09
  2.1089721736000476E-09
  2.1388058420999655E-09
  2.1693857226589233E-09
  2.2007383761644543E-09
  2.2328915951487332E-09
  2.2658744745822104E-09
  2.2997174875490520E-09
  2.3344525662075994E-09
  2.3701131884403387E-09
  2.4067344707041957E-09
  2.4443532675713328E-09
  2.4830082785220022E-09
  2.5227401626460058E-09
  2.5635916618999137E-09
  2.6056077336806490E-09
  2.6488356935672327E-09
  2.6933253691058021E-09
  2.7391292656851075E-09
  2.7863027455662245E-09
  2.8349042213632631E-09
  2.8849953652783581E-09
  2.9366413356417434E-09
 -8.1075733342947922E-07
 -5.8408508149770219E-07
 -4.0093808127764339E-07
 -2.5060013670882962E-07
 -1.2556241934588358E-07
 -2.0383720123328337E-08
  6.8955748449941980E-08
  1.4548890244924695E-07
  2.1154408996067614E-07
  2.6893612634096491E-07
  3.1909866795557278E-07
  3.6317787397251533E-07
  4.0209991849669308E-07
  4.3662046801897296E-07
  4.6736259621186890E-07
  4.9484006941750973E-07
  5.1948527338499872E-07
  5.4166103798714051E-07
  5.6167452828918328E-07
  5.7978728387735172E-07
  5.9622319202442003E-07
  6.1117487144919446E-07
  6.2480882224163336E-07
  6.3726960984512797E-07
  6.4868328688090798E-07
  6.5916020921101311E-07
  6.6879736728867077E-07
  6.7768032721525933E-07
  6.8588485573603900E-07
  6.9347828793004273E-07
  7.0052068444900070E-07
  7.0706581591726252E-07
  7.1316200491369680E-07
  7.1885285030070154E-07
  7.2417785424088358E-07
  7.2917296874925054E-07
  7.3387107588935334E-07
  7.3830241357385196E-07
  7.4249495729339623E-07
  7.4647476685714029E-07
  7.5026630636846558E-07
  7.5389274512808106E-07
  7.5737624696012874E-07
  7.6073825560763660E-07
  7.6399978438998590E-07
  7.6718171933908709E-07
  7.7030514666200695E-07
  7.7339170721462848E-07
  7.7646406139649620E-07
  7.7954620464476191E-07
  7.8266454220811923E-07
  7.8584795896152583E-07
  7.8912930188896497E-07
  7.9254639042163656E-07
  7.9614368230397910E-07
  7.9997446852048681E-07
  8.0410389299476946E-07
  8.0861319582828237E-07
  8.1360581342551859E-07
  8.1921637164126992E-07
  8.2562432397720350E-07
  8.3307531230224013E-07
  8.4191589914650336E-07
  8.5265259205895866E-07
  8.6605761683351647E-07
  8.8337122964620230E-07
  9.0672444981547801E-07
  9.4010117653463686E-07
  9.9195389736145346E-07
  1.0838689242288470E-06
  1.2923320985889815E-06
  2.2280883783429301E-06
 -1.2144850601536962E-06
  1.6682515330226372E-07
  4.1011214933472516E-07
  5.1147800122384818E-07
  5.6707557560957230E-07
  6.0219337177666549E-07
  6.2638254589103180E-07
  6.4405103057596486E-07
  6.5751500086319460E-07
  6.6810825213023076E-07
  6.7665323404638415E-07
  6.8368476729954126E-07
  6.8956560479581550E-07
  6.9455105905631786E-07
  6.9882538251632878E-07
  7.0252534542726690E-07
  7.0575453812172851E-07
  7.0859288215353710E-07
  7.1110304516368805E-07
  7.1333487506814475E-07
  7.1532853226180932E-07
  7.1711674514117356E-07
  5.5823222513768448E-07
  5.5563352787562602E-07
  5.5312708054974220E-07
  5.5070843129091967E-07
  5.4837343635492925E-07
  5.4611823363429514E-07
  1.9189766191188464E-09
  1.9442388479439685E-09
  1.9700907362314166E-09
  1.9965518627022069E-09
  2.0236426518909591E-09
  2.0513844193687643E-09
  2.0797994198571940E-09
  2.1089108984743189E-09
  2.1387431453118771E-09
  2.1693215536222353E-09
  2.2006726819001922E-09
  2.2328243201470193E-09
  2.2658055606455269E-09
  2.2996468736373567E-09
  2.3343801882563179E-09
  2.3700389791825411E-09
  2.4066583594632361E-09
  2.4442751800475482E-09
  2.4829281365667631E-09
  2.5226578840080008E-09
  2.5635071599513859E-09
  2.6055209171397028E-09
  2.6487464661744367E-09
  2.6932336292928653E-09
  2.7390349062021292E-09
  2.7862056530956394E-09
  2.8348042760830502E-09
  2.8848924403961447E-09
  2.9365352968957537E-09
 -8.1391762964124508E-07
 -5.8669519555198466E-07
 -4.0313621607899221E-07
 -2.5248260010738096E-07
 -1.2719817894476788E-07
 -2.1823385368416785E-08
  6.7674256713272154E-08
  1.4433665348955605E-07
  2.1049866168062840E-07
  2.6797989852738717E-07
  3.1821762252290907E-07
  3.6236073524343112E-07
  4.0133752648541170E-07
  4.3590531449815928E-07
  4.6668848089732791E-07
  4.9420182206085679E-07
  5.1887856372336410E-07
  5.4108221324452958E-07
  5.6112048926400218E-07
  5.7925538692962264E-07
  5.9571117091218496E-07
  6.1068077453163585E-07
  6.2433096168331045E-07
  6.3680652026358810E-07
  6.4823369149010589E-07
  6.5872299194931155E-07
  6.6837154976350825E-07
  6.7726504955223066E-07
  6.8547936060771144E-07
  6.9308190719518857E-07
  7.0013282794869834E-07
  7.0668596206653894E-07
  7.1278969279702408E-07
  7.1848767303906881E-07
  7.2381945344586174E-07
  7.2882102991545083E-07
  7.3352532460910733E-07
  7.3796261248681638E-07
  7.4216090370484006E-07
  7.4614629098316039E-07
  7.4994327018526364E-07
  7.5357504182548989E-07
  7.5706380102114766E-07
  7.6043102356255814E-07
  7.6369775632474227E-07
  7.6688492127665627E-07
  7.7001364398499903E-07
  7.7310560954921931E-07
  7.7618352967152999E-07
  7.7927145524899021E-07
  7.8239586304608340E-07
  7.8558572371011042E-07
  7.8887398715624111E-07
  7.9229860288903554E-07
  7.9590419426398443E-07
  7.9974426680885146E-07
  8.0388424748268106E-07
  8.0840575709379618E-07
  8.1341275513952890E-07
  8.1904060336175308E-07
  8.2546981855758249E-07
  8.3294762694049019E-07
  8.4182303823779292E-07
  8.5260650550971138E-07
  8.6607695602665306E-07
  8.8348869529886081E-07
  9.0699098987042375E-07
  9.4062610802334602E-07
  9.9298051087321589E-07
  1.0860868133260920E-06
  1.2986969348936429E-06
  2.2785106062999691E-06
 -1.1312153001553275E-06
  1.7421424175801894E-07
  4.1248771071313849E-07
  5.1253188568067166E-07
  5.6759820242661134E-07
  6.0245162838689418E-07
  6.2649098314586782E-07
  6.4406680546915532E-07
  6.5746975809802082E-07
  6.6802090139806664E-07
  6.7653575569673743E-07
  6.8354511097949095E-07
  6.8940924707433805E-07
  6.9438189182358160E-07
  6.9864624430157169E-07
  7.0233835292503434E-07
  7.0556130012218660E-07
  7.0839464181537743E-07
  7.1090077711457000E-07
  7.1312935320941584E-07
  7.1512037808046459E-07
  7.1690646275974748E-07
  5.5801347095393374E-07
  5.5541385636413108E-07
  5.5290656406257352E-07
  5.5048713615529533E-07
  5.4815142344512044E-07
  5.4589555888072508E-07
  1.9189240572332022E-09
  1.9441851616573660E-09
  1.9700358884543924E-09
  1.9964958147207190E-09
  2.0235853632681530E-09
  2.0513258478565965E-09
  2.0797395212955626E-09
  2.1088496266804928E-09
  2.1386804519639133E-09
  2.1692573881408816E-09
  2.2006069913166337E-09
  2.2327570489518298E-09
  2.2657366506488225E-09
  2.2995762638050965E-09
  2.3343078145322081E-09
  2.3699647743030030E-09
  2.4065822527620314E-09
  2.4441970972347598E-09
  2.4828479995026954E-09
  2.5225756104461451E-09
  2.5634226632787836E-09
  2.6054341060818114E-09
  2.6486572444855336E-09
  2.6931418954158828E-09
  2.7389405529024161E-09
  2.7861085670659569E-09
  2.8347043375171037E-09
  2.8847895225196185E-09
  2.9364292654600629E-09
 -8.1708465867411606E-07
 -5.8931020555840073E-07
 -4.0533798137903320E-07
 -2.5436779693867807E-07
 -1.2883601948082550E-07
 -2.3264646757172999E-08
  6.6391535680936044E-08
  1.4318345728445636E-07
  2.0945250605920850E-07
  2.6702311693213127E-07
  3.1733616180795964E-07
  3.6154329283672103E-07
  4.0057492152851447E-07
  4.3519002239205470E-07
  4.6601428841223020E-07
  4.9356354856820160E-07
  5.1827187061951990E-07
  5.4050344097962647E-07
  5.6056653310909278E-07
  5.7872359870176744E-07
  5.9519928061400271E-07
  6.1018682740535775E-07
  6.2385326729265799E-07
  6.3634361104916567E-07
  6.4778428883515642E-07
  6.5828597824985203E-07
  6.6794594532567814E-07
  6.7684999340085835E-07
  6.8507409448376429E-07
  6.9268576217085223E-07
  6.9974521320228296E-07
  7.0630635545795428E-07
  7.1241763294940838E-07
  7.1812275269515751E-07
  7.2346131391362953E-07
  7.2846935645405869E-07
  7.3317984263947257E-07
  7.3762308453780115E-07
  7.4182712703031073E-07
  7.4581809580742041E-07
  7.4962051855463472E-07
  7.5325762706533586E-07
  7.5675164782148351E-07
  7.6012408874078776E-07
  7.6339603034591657E-07
  7.6658843064990144E-07
  7.6972245470811589E-07
  7.7281983203332067E-07
  7.7590332582272728E-07
  7.7899704260956085E-07
  7.8212753101384806E-07
  7.8532384788600686E-07
  7.8861904655929925E-07
  7.9205120728784672E-07
  7.9566511995357175E-07
  7.9951450588479826E-07
  8.0366507682459248E-07
  8.0819883680336158E-07
  8.1322027206984375E-07
  8.1886548576801023E-07
  8.2531606653667352E-07
  8.3282083868191964E-07
  8.4173128221009159E-07
  8.5256183647793765E-07
  8.6609820703176735E-07
  8.8360702043799782E-07
  9.0726179654132371E-07
  9.4115842723706446E-07
  9.9402207792347859E-07
  1.0883437193668742E-06
  1.3052302968616388E-06
  2.3325674832756705E-06
 -1.0547127123117325E-06
  1.8141025531795743E-07
  4.1482469815770843E-07
  5.1357255288956629E-07
  5.6811501118835783E-07
  6.0270694848226495E-07
  6.2659782121972871E-07
  6.4408167973570024E-07
  6.5742401203680878E-07
  6.6793328834845881E-07
  6.7641816868522090E-07
  6.8340544797674085E-07
  6.8925295258824175E-07
  6.9421283706796702E-07
  6.9846725403474505E-07
  7.0215153440735739E-07
  7.0536825552791709E-07
  7.0819660956478932E-07
  7.1069872837925092E-07
  7.1292405932865801E-07
  7.1491245861535992E-07
  7.1669642036692206E-07
  5.5779493954391367E-07
  5.5519440716572362E-07
  5.5268626948754811E-07
  5.5026606258302778E-07
  5.4792963179548622E-07
  5.4567310512404869E-07
  1.9188714980219908E-09
  1.9441314781294791E-09
  1.9699810435254669E-09
  1.9964397696727709E-09
  2.0235280776737870E-09
  2.0512672794683826E-09
  2.0796796259596191E-09
  2.1087883582166365E-09
  2.1386177620580905E-09
  2.1691932262203956E-09
  2.2005413044101539E-09
  2.2326897815620987E-09
  2.2656677445923301E-09
  2.2995056580509790E-09
  2.3342354450322314E-09
  2.3698905738031802E-09
  2.4065061506013564E-09
  2.4441190191332353E-09
  2.4827678673257188E-09
  2.5224933419606993E-09
  2.5633381718812034E-09
  2.6053473005083847E-09
  2.6485680285001075E-09
  2.6930501674737185E-09
  2.7388462057831277E-09
  2.7860114874777809E-09
  2.8346044056649322E-09
  2.8846866116472478E-09
  2.9363232413366163E-09
 -8.2025844630596888E-07
 -5.9193012925903594E-07
 -4.0754338981150168E-07
 -2.5625573644904450E-07
 -1.3047594790437787E-07
 -2.4707509656628759E-08
  6.5107581136963155E-08
  1.4202931046631762E-07
  2.0840562034503267E-07
  2.6606577927917871E-07
  3.1645428388355301E-07
  3.6072554510213948E-07
  3.9981210219689866E-07
  4.3447459044739600E-07
  4.6534001763574483E-07
  4.9292524793183817E-07
  5.1766519315205351E-07
  5.3992472034771719E-07
  5.6001265904061270E-07
  5.7819191845914579E-07
  5.9468752043890732E-07
  6.0969302941530288E-07
  6.2337573844547634E-07
  6.3588088160283167E-07
  6.4733507833996854E-07
  6.5784916755663048E-07
  6.6752055343556772E-07
  6.7643515823573144E-07
  6.8466905685215969E-07
  6.9228985235672237E-07
  6.9935783972089818E-07
  7.0592699561281783E-07
  7.1204582490119649E-07
  7.1775808880807953E-07
  7.2310343519189783E-07
  7.2811794792125702E-07
  7.3283462954469210E-07
  7.3728382929900730E-07
  7.4149362685031729E-07
  7.4549018091934484E-07
  7.4929805107522170E-07
  7.5294050045624750E-07
  7.5643978698092480E-07
  7.5981745077468860E-07
  7.6309460609991724E-07
  7.6629224712198853E-07
  7.6943157851280728E-07
  7.7253437437357635E-07
  7.7562344958277103E-07
  7.7872296649171209E-07
  7.8185954591593609E-07
  7.8506233134468476E-07
  7.8836448001594460E-07
  7.9180420361699392E-07
  7.9542645947801774E-07
  7.9928518598647591E-07
  8.0344638144669004E-07
  8.0799243562913427E-07
  8.1302836523718423E-07
  8.1869102037234756E-07
  8.2516307015372973E-07
  8.3269495087067076E-07
  8.4164063615249625E-07
  8.5251859297584452E-07
  8.6612138300209155E-07
  8.8372811282744565E-07
  9.0753691370840898E-07
  9.4169822918714119E-07
  9.9507884833566427E-07
  1.0906405536735430E-06
  1.3119386661461485E-06
  2.3906643984597297E-06
 -9.8418695790409083E-07
  1.8842042695604296E-07
  4.1712396204277298E-07
  5.1460020850026372E-07
  5.6862607196565363E-07
  6.0295936120590127E-07
  6.2670307384561480E-07
  6.4409566039205940E-07
  6.5737776645684941E-07
  6.6784541506366118E-07
  6.7630047415429215E-07
  6.8326577887251100E-07
  6.8909686722919109E-07
  6.9404389482391597E-07
  6.9828841161466740E-07
  7.0196488968548377E-07
  7.0517540409240279E-07
  7.0799878511466484E-07
  7.1049689864317169E-07
  7.1271899309304121E-07
  7.1470477352157712E-07
  7.1648661760928085E-07
  5.5757663059349163E-07
  5.5497517996598056E-07
  5.5246619651000763E-07
  5.5004521025926823E-07
  5.4770806109102468E-07
  5.4545087204914220E-07
  1.9188189414883908E-09
  1.9440777973621428E-09
  1.9699262014378761E-09
  1.9963837275582728E-09
  2.0234707951028617E-09
  2.0512087142044902E-09
  2.0796197338466286E-09
  2.1087270930822529E-09
  2.1385550755934489E-09
  2.1691290678531062E-09
  2.2004756211817853E-09
  2.2326225179763032E-09
  2.2655988424732273E-09
  2.2994350563745555E-09
  2.3341630797570643E-09
  2.3698163776797063E-09
  2.4064300529797547E-09
  2.4440409457419067E-09
  2.4826877400369896E-09
  2.5224110785514790E-09
  2.5632536857595619E-09
  2.6052605004185665E-09
  2.6484788182188407E-09
  2.6929584454687022E-09
  2.7387518648436197E-09
  2.7859144143280033E-09
  2.8345044805271401E-09
  2.8845837077785880E-09
  2.9362172245265466E-09
 -8.2343901843006817E-07
 -5.9455498446812648E-07
 -4.0975245405710181E-07
 -2.5814642793751706E-07
 -1.3211797120443833E-07
 -2.6151979434285318E-08
  6.3822388858466547E-08
  1.4087420964434335E-07
  2.0735800177692247E-07
  2.6510788327132754E-07
  3.1557198682229748E-07
  3.5990749039425297E-07
  3.9904906705736241E-07
  4.3375901740332805E-07
  4.6466566744657250E-07
  4.9228691914102867E-07
  5.1705853040338177E-07
  5.3934605050410535E-07
  5.5945886627469710E-07
  5.7766034546949525E-07
  5.9417588969592318E-07
  6.0919937990638137E-07
  6.2289837451694043E-07
  6.3541833132674856E-07
  6.4688605942856886E-07
  6.5741255931294032E-07
  6.6709537355360992E-07
  6.7602054353266138E-07
  6.8426424720197836E-07
  6.9189417725456966E-07
  6.9897070701647875E-07
  7.0554788205326811E-07
  7.1167426818412796E-07
  7.1739368091826096E-07
  7.2274581682905028E-07
  7.2776680387342883E-07
  7.3248968488928256E-07
  7.3694484634336422E-07
  7.4116040274621065E-07
  7.4516254590882300E-07
  7.4897586734629297E-07
  7.5262366160769804E-07
  7.5612821812004249E-07
  7.5951110929732291E-07
  7.6279348323409396E-07
  7.6599637035648199E-07
  7.6914101508254134E-07
  7.7224923627687292E-07
  7.7534390068690774E-07
  7.7844922666220282E-07
  7.8159190755985027E-07
  7.8480117394438721E-07
  7.8811028744709074E-07
  7.9155759187790134E-07
  7.9518821294142168E-07
  7.9905630736165798E-07
  8.0322816177840875E-07
  8.0778655425177149E-07
  8.1283703566887784E-07
  8.1851720870888869E-07
  8.2501083167320585E-07
  8.3256996688184344E-07
  8.4155110521548169E-07
  8.5247678309401436E-07
  8.6614649722904116E-07
  8.8385199574826991E-07
  9.0781638591061151E-07
  9.4224561066312115E-07
  9.9615107765605981E-07
  1.0929782564065477E-06
  1.3188288617014436E-06
  2.4532693608835482E-06
 -9.1896614846777133E-07
  1.9525163312092518E-07
  4.1938632809183501E-07
  5.1561505380470285E-07
  5.6913145379841235E-07
  6.0320889537258870E-07
  6.2680675463813791E-07
  6.4410875443449137E-07
  6.5733102511384995E-07
  6.6775728361637797E-07
  6.7618267322799577E-07
  6.8312610424819718E-07
  6.8894070003783127E-07
  6.9387506512539657E-07
  6.9810971694184963E-07
  7.0177841857245732E-07
  7.0498274556774195E-07
  7.0780116817897407E-07
  7.1029528759306447E-07
  7.1251415417109827E-07
  7.1449732245494989E-07
  7.1627705413432843E-07
  5.5735854378913953E-07
  5.5475617445108297E-07
  5.5224634481589735E-07
  5.4982457886977157E-07
  5.4748671101733804E-07
  5.4522885934148499E-07
  1.9187663876328972E-09
  1.9440241193522388E-09
  1.9698713621981462E-09
  1.9963276883764348E-09
  2.0234135155584604E-09
  2.0511501520611409E-09
  2.0795598449582160E-09
  2.1086658312790191E-09
  2.1384923925699491E-09
  2.1690649130448908E-09
  2.2004099416302878E-09
  2.2325552581963769E-09
  2.2655299442927078E-09
  2.2993644587761125E-09
  2.3340907187053007E-09
  2.3697421859366131E-09
  2.4063539598989515E-09
  2.4439628770584170E-09
  2.4826076176379995E-09
  2.5223288202195797E-09
  2.5631692049105131E-09
  2.6051737058102316E-09
  2.6483896136398320E-09
  2.6928667293965649E-09
  2.7386575300857183E-09
  2.7858173476171245E-09
  2.8344045621023082E-09
  2.8844808109141839E-09
  2.9361112150259762E-09
 -8.2662640105569062E-07
 -5.9718478907265146E-07
 -4.1196518682334790E-07
 -2.6003988071900728E-07
 -1.3376209639181709E-07
 -2.7598061487438519E-08
  6.2535954608197519E-08
  1.3971815143275326E-07
  2.0630964759189502E-07
  2.6414942662126847E-07
  3.1468926869540723E-07
  3.5908912705604349E-07
  3.9828581467864969E-07
  4.3304330199844641E-07
  4.6399123672278332E-07
  4.9164856118654001E-07
  5.1645188145234152E-07
  5.3876743060190357E-07
  5.5890515402602320E-07
  5.7712887899867968E-07
  5.9366438769477011E-07
  6.0870587822410621E-07
  6.2242117488341863E-07
  6.3495595962231995E-07
  6.4643723152552891E-07
  6.5697615296335578E-07
  6.6667040514156347E-07
  6.7560614876791478E-07
  6.8385966502330933E-07
  6.9149873636574590E-07
  6.9858381460204255E-07
  7.0516901430171597E-07
  7.1130296233003010E-07
  7.1702952856639382E-07
  7.2238845837435862E-07
  7.2741592386806294E-07
  7.3214500823874317E-07
  7.3660613524433670E-07
  7.4082745429979961E-07
  7.4483519036668015E-07
  7.4865396696801976E-07
  7.5230711012997037E-07
  7.5581694086038914E-07
  7.5920506394277363E-07
  7.6249266139686454E-07
  7.6570080001818397E-07
  7.6885076410138632E-07
  7.7196441745195727E-07
  7.7506467887034264E-07
  7.7817582288905318E-07
  7.8132461575333149E-07
  7.8454037554343696E-07
  7.8785646877589813E-07
  7.9131137207596860E-07
  7.9495038045413598E-07
  7.9882787025583483E-07
  8.0301041825122984E-07
  8.0758119335910149E-07
  8.1264628440859327E-07
  8.1834405231388552E-07
  8.2485935338020532E-07
  8.3244589013425926E-07
  8.4146269459181705E-07
  8.5243641499774662E-07
  8.6617356318399820E-07
  8.8397869281073878E-07
  9.0810025838510853E-07
  9.4280067016922871E-07
  9.9723902721720611E-07
  1.0953577972968366E-06
  1.3259080620449445E-06
  2.5209255758949894E-06
 -8.5847546773437160E-07
  2.0191041539010569E-07
  4.2161259811801041E-07
  5.1661728622397391E-07
  5.6963122457657924E-07
  6.0345557939817318E-07
  6.2690887706394230E-07
  6.4412096876765764E-07
  6.5728379174765926E-07
  6.6766889605693185E-07
  6.7606476702751953E-07
  6.8298642467571244E-07
  6.8878459681208034E-07
  6.9370634800808808E-07
  6.9793116991540059E-07
  7.0159212087916809E-07
  7.0479027970869998E-07
  7.0760375847127429E-07
  7.1009389491668263E-07
  7.1230954223182491E-07
  7.1429010507203325E-07
  7.1606772958993171E-07
  5.5714067881793143E-07
  5.5453739030781405E-07
  5.5202671409176468E-07
  5.4960416810089462E-07
  5.4726558126062951E-07
  5.4500706668715810E-07
  1.9187138364551891E-09
  1.9439704441022436E-09
  1.9698165257982378E-09
  1.9962716521291351E-09
  2.0233562390396811E-09
  2.0510915930412917E-09
  2.0794999592930236E-09
  2.1086045728040900E-09
  2.1384297129874337E-09
  2.1690007617916016E-09
  2.2003442657584569E-09
  2.2324880022222172E-09
  2.2654610500500991E-09
  2.2992938652554247E-09
  2.3340183618773326E-09
  2.3696679985699746E-09
  2.4062778713573743E-09
  2.4438848130852738E-09
  2.4825275001244478E-09
  2.5222465669619826E-09
  2.5630847293332626E-09
  2.6050869166858459E-09
  2.6483004147626078E-09
  2.6927750192601292E-09
  2.7385632015066912E-09
  2.7857202873457023E-09
  2.8343046503908762E-09
  2.8843779210496680E-09
  2.9360052128351157E-09
 -8.2982062033064929E-07
 -5.9981956103257930E-07
 -4.1418160088542265E-07
 -2.6193610415057152E-07
 -1.3540833049043631E-07
 -2.9045761221075693E-08
  6.1248274147229184E-08
  1.3856113242834204E-07
  2.0526055501779863E-07
  2.6319040703395693E-07
  3.1380612756823794E-07
  3.5827045343788935E-07
  3.9752234362802750E-07
  4.3232744297413627E-07
  4.6331672434480585E-07
  4.9101017305722956E-07
  5.1584524538120264E-07
  5.3818885979773321E-07
  5.5835152151119151E-07
  5.7659751831466788E-07
  5.9315301374566344E-07
  6.0821252371414667E-07
  6.2194413892151525E-07
  6.3449376589285082E-07
  6.4598859405671252E-07
  6.5653994795196121E-07
  6.6624564766109890E-07
  6.7519197341895161E-07
  6.8345530980612346E-07
  6.9110352919264285E-07
  6.9819716199054639E-07
  7.0479039188143730E-07
  7.1093190687146133E-07
  7.1666563129373229E-07
  7.2203135937771070E-07
  7.2706530746300370E-07
  7.3180059915927351E-07
  7.3626769557649811E-07
  7.4049478109405408E-07
  7.4450811388452974E-07
  7.4833234954131824E-07
  7.5199084563418214E-07
  7.5550595482426407E-07
  7.5889931434602376E-07
  7.6219214023744203E-07
  7.6540553577320023E-07
  7.6856082525420806E-07
  7.7167991760851784E-07
  7.7478578387035724E-07
  7.7790275494294972E-07
  7.8105767030705887E-07
  7.8427993600292026E-07
  7.8760302392779017E-07
  7.9106554421737458E-07
  7.9471296213126152E-07
  7.9859987492418318E-07
  8.0279315130643746E-07
  8.0737635364356671E-07
  8.1245611250024431E-07
  8.1817155274758375E-07
  8.2470863757064949E-07
  8.3232272406000817E-07
  8.4137540953282200E-07
  8.5239749695848947E-07
  8.6620259446027490E-07
  8.8410822791549991E-07
  9.0838857702642671E-07
  9.4336350800679725E-07
  9.9834296457542065E-07
  1.0977801778103233E-06
  1.3331838294658375E-06
  2.5942671798021143E-06
 -8.0222024289582000E-07
  2.0840300124164026E-07
  4.2380355130400932E-07
  5.1760709907155094E-07
  5.7012545128513919E-07
  6.0369944138078485E-07
  6.2700945446278734E-07
  6.4413231024410410E-07
  6.5723607004613758E-07
  6.6758025443109627E-07
  6.7594675667129283E-07
  6.8284674072393819E-07
  6.8862855779353678E-07
  6.9353774350332870E-07
  6.9775277043703311E-07
  7.0140599641895511E-07
  7.0459800626861402E-07
  7.0740655570732582E-07
  7.0989272030146340E-07
  7.1210515694497070E-07
  7.1408312103013187E-07
  7.1585864362515617E-07
  5.5692303536754193E-07
  5.5431882722355765E-07
  5.5180730402475716E-07
  5.4938397763959446E-07
  5.4704467150770325E-07
  5.4478549377284308E-07
  1.9186612879521451E-09
  1.9439167716092695E-09
  1.9697616922441521E-09
  1.9962156188128125E-09
  2.0232989655475279E-09
  2.0510330371446176E-09
  2.0794400768519300E-09
  2.1085433176613190E-09
  2.1383670368434056E-09
  2.1689366140943378E-09
  2.2002785935627239E-09
  2.2324207500516213E-09
  2.2653921597436545E-09
  2.2992232758112008E-09
  2.3339460092741188E-09
  2.3695938155810745E-09
  2.4062017873537869E-09
  2.4438067538198935E-09
  2.4824473875011080E-09
  2.5221643187807272E-09
  2.5630002590317792E-09
  2.6050001330408458E-09
  2.6482112215878004E-09
  2.6926833150557307E-09
  2.7384688791058975E-09
  2.7856232335101280E-09
  2.8342047453903345E-09
  2.8842750381908689E-09
  2.9358992179529182E-09
 -8.3302170249841458E-07
 -6.0245931839818719E-07
 -4.1640170906624597E-07
 -2.6383510761029407E-07
 -1.3705668055022557E-07
 -3.0495084048609391E-08
  5.9959343219720467E-08
  1.3740314923408638E-07
  2.0421072128076354E-07
  2.6223082220690813E-07
  3.1292256150319019E-07
  3.5745146788231816E-07
  3.9675865246482341E-07
  4.3161143906907910E-07
  4.6264212918837781E-07
  4.9037175374359055E-07
  5.1523862126931558E-07
  5.3761033724456039E-07
  5.5779796794794116E-07
  5.7606626268468181E-07
  5.9264176715836832E-07
  6.0771931572360224E-07
  6.2146726600790838E-07
  6.3403174954216309E-07
  6.4554014644706563E-07
  6.5610394372468588E-07
  6.6582110057457022E-07
  6.7477801696288224E-07
  6.8305118104150156E-07
  6.9070855523863843E-07
  6.9781074869653143E-07
  7.0441201431700498E-07
  7.1056110134206595E-07
  7.1630198864275225E-07
  7.2167451938961208E-07
  7.2671495421732864E-07
  7.3145645721786135E-07
  7.3592952691475818E-07
  7.4016238271245640E-07
  7.4418131605460175E-07
  7.4801101466798978E-07
  7.5167486773226912E-07
  7.5519525963484235E-07
  7.5859386014268375E-07
  7.6189191940598181E-07
  7.6511057728790123E-07
  7.6827119822738191E-07
  7.7139573645772425E-07
  7.7450721542547204E-07
  7.7763002259422308E-07
  7.8079107103264434E-07
  7.8401985518575618E-07
  7.8734995283021818E-07
  7.9082010831342528E-07
  7.9447595808824538E-07
  7.9837232162237262E-07
  8.0257636138641046E-07
  8.0717203580486973E-07
  8.1226652100426972E-07
  8.1799971158058820E-07
  8.2455868657125000E-07
  8.3220047213236528E-07
  8.4128925533728024E-07
  8.5236003731400609E-07
  8.6623511010497603E-07
  8.8424062526537259E-07
  9.0868138842687021E-07
  9.4393422631322944E-07
  9.9946316342293881E-07
  1.1002464314482334E-06
  1.3406641351732231E-06
  2.6740390929803179E-06
 -7.4977244762584184E-07
  2.1473532151224280E-07
  4.2595994444413981E-07
  5.1858468187226660E-07
  5.7061419973653648E-07
  6.0394050904702043E-07
  6.2710850001958385E-07
  6.4414278565847853E-07
  6.5718786368783379E-07
  6.6749136076661941E-07
  6.7582864326365011E-07
  6.8270705296444209E-07
  6.8847258321865724E-07
  6.9336925164588089E-07
  6.9757451840536847E-07
  7.0122004500489197E-07
  7.0440592500299763E-07
  7.0720955960172991E-07
  7.0969176343691276E-07
  7.1190099798104587E-07
  7.1387636998728360E-07
  7.1564979588951809E-07
  5.5670561312624564E-07
  5.5410048488629713E-07
  5.5158811430262223E-07
  5.4916400717342751E-07
  5.4682398144596206E-07
  5.4456414028582035E-07
  1.9186087421256611E-09
  1.9438631018753253E-09
  1.9697068615324343E-09
  1.9961595884285296E-09
  2.0232416950784435E-09
  2.0509744843684332E-09
  2.0793801976331198E-09
  2.1084820658453965E-09
  2.1383043641394772E-09
  2.1688724699529382E-09
  2.2002129250437242E-09
  2.2323535016837455E-09
  2.2653232733761506E-09
  2.2991526904434421E-09
  2.3338736608938027E-09
  2.3695196369690154E-09
  2.4061257078895264E-09
  2.4437286992611546E-09
  2.4823672797621230E-09
  2.5220820756726305E-09
  2.5629157940012729E-09
  2.6049133548774747E-09
  2.6481220341122386E-09
  2.6925916167847637E-09
  2.7383745628820321E-09
  2.7855261861128212E-09
  2.8341048470997024E-09
  2.8841721623292270E-09
  2.9357932303796974E-09
 -8.3622967392050765E-07
 -6.0510407925955515E-07
 -4.1862552422955710E-07
 -2.6573690052472884E-07
 -1.3870715364745451E-07
 -3.1946035409306419E-08
  5.8669157553483615E-08
  1.3624419842642147E-07
  2.0316014360104480E-07
  2.6127066983858464E-07
  3.1203856855992443E-07
  3.5663216873190562E-07
  3.9599473975634126E-07
  4.3089528902072651E-07
  4.6196745013063139E-07
  4.8973330223355128E-07
  5.1463200819664863E-07
  5.3703186209886597E-07
  5.5724449255154462E-07
  5.7553511137700910E-07
  5.9213064724376911E-07
  6.0722625359951862E-07
  6.2099055552075988E-07
  6.3356990997260205E-07
  6.4509188812354471E-07
  6.5566813972770884E-07
  6.6539676334527268E-07
  6.7436427887799133E-07
  6.8264727822137959E-07
  6.9031381400734887E-07
  6.9742457423371648E-07
  7.0403388113254333E-07
  7.1019054527550520E-07
  7.1593860015610335E-07
  7.2131793796134516E-07
  7.2636486369053097E-07
  7.3111258198195193E-07
  7.3559162883523305E-07
  7.3983025873923568E-07
  7.4385479647020039E-07
  7.4768996195054563E-07
  7.5135917603698935E-07
  7.5488485491619136E-07
  7.5828870096959977E-07
  7.6159199855368048E-07
  7.6481592423038706E-07
  7.6798188270814159E-07
  7.7111187371255820E-07
  7.7422897327507596E-07
  7.7735762561575768E-07
  7.8052481774265552E-07
  7.8376013295759290E-07
  7.8709725541305429E-07
  7.9057506437559650E-07
  7.9423936844535429E-07
  7.9814521061213200E-07
  8.0236004894557703E-07
  8.0696824055536462E-07
  8.1207751099115504E-07
  8.1782853039372206E-07
  8.2440950272987935E-07
  8.3207913786309361E-07
  8.4120423734385250E-07
  8.5232404450031277E-07
  8.6626812722512544E-07
  8.8437590941783152E-07
  9.0897873986079867E-07
  9.4451292912634091E-07
  1.0005999037936700E-06
  1.1027576256951828E-06
  1.3483573886022549E-06
  2.7611223350150157E-06
 -7.0075985456617544E-07
  2.2091302969164360E-07
  4.2808251308505139E-07
  5.1955022038946651E-07
  5.7109753487369117E-07
  6.0417880984513366E-07
  6.2720602680800320E-07
  6.4415240174706912E-07
  6.5713917631824176E-07
  6.6740221706862921E-07
  6.7571042790221595E-07
  6.8256736196277737E-07
  6.8831667332755650E-07
  6.9320087246738513E-07
  6.9739641372248670E-07
  7.0103426645064264E-07
  7.0421403566645161E-07
  7.0701276987091146E-07
  7.0949102401168809E-07
  7.1169706501130635E-07
  7.1366985160227161E-07
  7.1544118603330721E-07
  5.5648841178291529E-07
  5.5388236298461341E-07
  5.5136914461370460E-07
  5.4894425639054770E-07
  5.4660351076340667E-07
  5.4434300591396788E-07
  1.9185561989771648E-09
  1.9438094348981681E-09
  1.9696520336658373E-09
  1.9961035609761384E-09
  2.0231844276341846E-09
  2.0509159347141987E-09
  2.0793203216390778E-09
  2.1084208173595489E-09
  2.1382416948766381E-09
  2.1688083293666773E-09
  2.2001472602018096E-09
  2.2322862571206404E-09
  2.2652543909439166E-09
  2.2990821091525485E-09
  2.3338013167351467E-09
  2.3694454627337951E-09
  2.4060496329620661E-09
  2.4436506494125071E-09
  2.4822871769099828E-09
  2.5219998376391201E-09
  2.5628313342432759E-09
  2.6048265821935515E-09
  2.6480328523387557E-09
  2.6924999244461500E-09
  2.7382802528376347E-09
  2.7854291451532416E-09
  2.8340049555205648E-09
  2.8840692934710015E-09
  2.9356872501129964E-09
 -8.3944456109912480E-07
 -6.0775386181506121E-07
 -4.2085305927395903E-07
 -2.6764149233622342E-07
 -1.4035975687204947E-07
 -3.3398620754488713E-08
  5.7377712879447800E-08
  1.3508427658780456E-07
  2.0210881918940510E-07
  2.6030994761658779E-07
  3.1115414679619496E-07
  3.5581255432719549E-07
  3.9523060406232732E-07
  4.3017899156290638E-07
  4.6129268604669912E-07
  4.8909481751664060E-07
  5.1402540524429141E-07
  5.3645343351490395E-07
  5.5669109453872713E-07
  5.7500406365886725E-07
  5.9161965331244760E-07
  6.0673333668796975E-07
  6.2051400683740993E-07
  6.3310824658958975E-07
  6.4464381851248761E-07
  6.5523253540705170E-07
  6.6497263543710090E-07
  6.7395075864345135E-07
  6.8224360083765289E-07
  6.8991930500284179E-07
  6.9703863811828946E-07
  7.0365599185393579E-07
  7.0982023820687075E-07
  7.1557546537729623E-07
  7.2096161464524190E-07
  7.2601503544298471E-07
  7.3076897302022149E-07
  7.3525400091443027E-07
  7.3949840875964680E-07
  7.4352855472504367E-07
  7.4736919099230024E-07
  7.5104377016189727E-07
  7.5457474029313301E-07
  7.5798383646431636E-07
  7.6129237733243047E-07
  7.6452157626899751E-07
  7.6769287838480143E-07
  7.7082832908749835E-07
  7.7395105716102005E-07
  7.7708556378132117E-07
  7.8025891025257992E-07
  7.8350076918336646E-07
  7.8684493160769263E-07
  7.9033041241934174E-07
  7.9400319332464081E-07
  7.9791854215758184E-07
  8.0214421443614149E-07
  8.0676496860675355E-07
  8.1188908353832555E-07
  8.1765801078834284E-07
  8.2426108841068358E-07
  8.3195872477801186E-07
  8.4112036096333326E-07
  8.5228952704234031E-07
  8.6630315160673453E-07
  8.8451410522535628E-07
  9.0928067940700889E-07
  9.4509972238394956E-07
  1.0017534723944144E-06
  1.1053148630526588E-06
  1.3562724670773396E-06
  2.8565665670725478E-06
 -6.5485721455304897E-07
  2.2694151581447187E-07
  4.3017197232481252E-07
  5.2050389664167508E-07
  5.7157552057385962E-07
  6.0441437080249714E-07
  6.2730204775810785E-07
  6.4416116519629667E-07
  6.5709001155514222E-07
  6.6731282534797785E-07
  6.7559211168732617E-07
  6.8242766827823446E-07
  6.8816082835650137E-07
  6.9303260599998410E-07
  6.9721845628647279E-07
  7.0084866056823569E-07
  7.0402233801570472E-07
  7.0681618623161439E-07
  7.0929050171651193E-07
  7.1149335770761898E-07
  7.1346356553462528E-07
  7.1523281370763660E-07
  5.5627143102701992E-07
  5.5366446120768415E-07
  5.5115039464694509E-07
  5.4872472497970503E-07
  5.4638325914863333E-07
  5.4412209034575947E-07
  1.9185036585024864E-09
  1.9437557706806777E-09
  1.9695972086384091E-09
  1.9960475364571103E-09
  2.0231271632161018E-09
  2.0508573881826844E-09
  2.0792604488673572E-09
  2.1083595722008723E-09
  2.1381790290498749E-09
  2.1687441923362508E-09
  2.2000815990365370E-09
  2.2322190163611243E-09
  2.2651855124484854E-09
  2.2990115319379000E-09
  2.3337289767996130E-09
  2.3693712928741170E-09
  2.4059735625737533E-09
  2.4435726042704259E-09
  2.4822070789407225E-09
  2.5219176046795125E-09
  2.5627468797546671E-09
  2.6047398149909307E-09
  2.6479436762624168E-09
  2.6924082380389705E-09
  2.7381859489680016E-09
  2.7853321106278950E-09
  2.8339050706504104E-09
  2.8839664316100342E-09
  2.9355812771528049E-09
 -8.4266639064505735E-07
 -6.1040868432055778E-07
 -4.2308432717990130E-07
 -2.6954889253031243E-07
 -1.4201449734882007E-07
 -3.4852845550853764E-08
  5.6085004903372871E-08
  1.3392338029363980E-07
  2.0105674525698776E-07
  2.5934865323136529E-07
  3.1026929426711181E-07
  3.5499262300397525E-07
  3.9446624394262987E-07
  4.2946254543207310E-07
  4.6061783581310815E-07
  4.8845629857912070E-07
  5.1341881149115775E-07
  5.3587505064805659E-07
  5.5613777312714322E-07
  5.7447311879916358E-07
  5.9110878467709933E-07
  6.0624056433731540E-07
  6.2003761933668689E-07
  6.3264675879773741E-07
  6.4419593704203072E-07
  6.5479713021004811E-07
  6.6454871631376552E-07
  6.7353745573838172E-07
  6.8184014838361289E-07
  6.8952502773079490E-07
  6.9665293986622153E-07
  7.0327834600714082E-07
  7.0945017967155202E-07
  7.1521258385104540E-07
  7.2060554899381840E-07
  7.2566546903539972E-07
  7.3042562990170144E-07
  7.3491664272955081E-07
  7.3916683235921473E-07
  7.4320259041391367E-07
  7.4704870139744433E-07
  7.5072864972141174E-07
  7.5426491539146551E-07
  7.5767926626519165E-07
  7.6099305539513113E-07
  7.6422753307378870E-07
  7.6740418494650541E-07
  7.7054510229876969E-07
  7.7367346682514508E-07
  7.7681383686657593E-07
  7.7999334837887758E-07
  7.8324176373247201E-07
  7.8659298134782335E-07
  7.9008615246155314E-07
  7.9376743285301474E-07
  7.9769231652888851E-07
  8.0192885832025974E-07
  8.0656222068625910E-07
  8.1170123973508509E-07
  8.1748815437836011E-07
  8.2411344599929987E-07
  8.3183923646080323E-07
  8.4103763164366997E-07
  8.5225649354472828E-07
  8.6634019750129050E-07
  8.8465523783928049E-07
  9.0958725580033536E-07
  9.4569471399221375E-07
  1.0029241628044060E-06
  1.1079192827166382E-06
  1.3644187490242998E-06
  2.9616324919706188E-06
 -6.1177908147370873E-07
  2.3282592336471829E-07
  4.3222901725856351E-07
  5.2144588913833373E-07
  5.7204821977044443E-07
  6.0464721870685098E-07
  6.2739657567225647E-07
  6.4416908262022556E-07
  6.5704037298458838E-07
  6.6722318758796208E-07
  6.7547369570193357E-07
  6.8228797246711443E-07
  6.8800504854036225E-07
  6.9286445227545202E-07
  6.9704064599972759E-07
  7.0066322717353951E-07
  7.0383083180558759E-07
  7.0661980840131955E-07
  7.0909019624206362E-07
  7.1128987574288843E-07
  7.1325751144465020E-07
  7.1502467856443563E-07
  5.5605467054862415E-07
  5.5344677924528193E-07
  5.5093186409188006E-07
  5.4850541263024446E-07
  5.4616322629083360E-07
  5.4390139327026383E-07
  1.9184511207030574E-09
  1.9437021092182261E-09
  1.9695423864575481E-09
  1.9959915148689813E-09
  2.0230699018225400E-09
  2.0507988447703996E-09
  2.0792005793188922E-09
  2.1082983303720729E-09
  2.1381163666642277E-09
  2.1686800588605900E-09
  2.2000159415476877E-09
  2.2321517794033332E-09
  2.2651166378883937E-09
  2.2989409587980917E-09
  2.3336566410861340E-09
  2.3692971273905966E-09
  2.4058974967204946E-09
  2.4434945638337822E-09
  2.4821269858601753E-09
  2.5218353767934556E-09
  2.5626624305391904E-09
  2.6046530532678161E-09
  2.6478545058869980E-09
  2.6923165575624249E-09
  2.7380916512767112E-09
  2.7852350825376662E-09
  2.8338051924903915E-09
  2.8838635767494211E-09
  2.9354753114995398E-09
 -8.4589518926711633E-07
 -6.1306856508968237E-07
 -4.2531934094953483E-07
 -2.7145911060858483E-07
 -1.4367138220724646E-07
 -3.6308715284149202E-08
  5.4791029325419580E-08
  1.3276150610107871E-07
  2.0000391900277310E-07
  2.5838678436730129E-07
  3.0938400902170974E-07
  3.5417237309989375E-07
  3.9370165795393704E-07
  4.2874594936514722E-07
  4.5994289830437849E-07
  4.8781774441072416E-07
  5.1281222601727277E-07
  5.3529671265163454E-07
  5.5558452753249363E-07
  5.7394227606531075E-07
  5.9059804064767368E-07
  6.0574793589518540E-07
  6.1956139239696050E-07
  6.3218544600174171E-07
  6.4374824314012028E-07
  6.5436192358461661E-07
  6.6412500544053367E-07
  6.7312436964317356E-07
  6.8143692035278397E-07
  6.8913098169614307E-07
  6.9626747899352008E-07
  7.0290094311866911E-07
  7.0908036920569195E-07
  7.1484995512190304E-07
  7.2024974056062730E-07
  7.2531616402954138E-07
  7.3008255219634047E-07
  7.3457955385901452E-07
  7.3883552912477330E-07
  7.4287690313230801E-07
  7.4672849277082391E-07
  7.5041381433073013E-07
  7.5395537983775384E-07
  7.5737499001170627E-07
  7.6069403239581609E-07
  7.6393379431526840E-07
  7.6711580208382383E-07
  7.7026219306368018E-07
  7.7339620201181501E-07
  7.7654244464788472E-07
  7.7972813193895911E-07
  7.8298311647533998E-07
  7.8634140457044963E-07
  7.8984228452300654E-07
  7.9353208716229854E-07
  7.9746653400054055E-07
  8.0171398106574954E-07
  8.0635999752042103E-07
  8.1151398068100822E-07
  8.1731896279237683E-07
  8.2396657790806766E-07
  8.3172067650024903E-07
  8.4095605489836432E-07
  8.5222495271365189E-07
  8.6637927932722321E-07
  8.8479933280054756E-07
  9.0989851855389759E-07
  9.4629801382483120E-07
  1.0041122754602358E-06
  1.1105720620404086E-06
  1.3728061496059796E-06
  3.0778476872704431E-06
 -5.7127390422161530E-07
  2.3857116200689562E-07
  4.3425432380455205E-07
  5.2237637286015118E-07
  5.7251569445643312E-07
  6.0487737995127318E-07
  6.2748962322388317E-07
  6.4417616058405318E-07
  6.5699026417135346E-07
  6.6713330575949754E-07
  6.7535518102616503E-07
  6.8214827508551358E-07
  6.8784933411145972E-07
  6.9269651621919986E-07
  6.9686298276151187E-07
  7.0047796607952010E-07
  7.0363951679457345E-07
  7.0642363609814772E-07
  7.0889010728000920E-07
  7.1108661879017905E-07
  7.1305168899327507E-07
  7.1481678025617020E-07
  5.5583813003838613E-07
  5.5322931678777293E-07
  5.5071355263863850E-07
  5.4828631903210396E-07
  5.4594341187979180E-07
  5.4368091437714268E-07
  1.9183985855804754E-09
  1.9436484505132270E-09
  1.9694875671157921E-09
  1.9959354962126430E-09
  2.0230126434522542E-09
  2.0507403044816253E-09
  2.0791407129904895E-09
  2.1082370918696757E-09
  2.1380537077185145E-09
  2.1686159289391365E-09
  2.1999502877343638E-09
  2.2320845462487510E-09
  2.2650477672651158E-09
  2.2988703897331253E-09
  2.3335843095930777E-09
  2.3692229662818864E-09
  2.4058214354035162E-09
  2.4434165281055296E-09
  2.4820468976648203E-09
  2.5217531539784903E-09
  2.5625779865933319E-09
  2.6045662970220281E-09
  2.6477653412105893E-09
  2.6922248830182347E-09
  2.7379973597585130E-09
  2.7851380608815779E-09
  2.8337053210382125E-09
  2.8837607288858383E-09
  2.9353693531510227E-09
 -8.4913098381690790E-07
 -6.1573352256301553E-07
 -4.2755811363374156E-07
 -2.7337215613271254E-07
 -1.4533041861271380E-07
 -3.7766235444904215E-08
  5.3495781838323004E-08
  1.3159865056418129E-07
  1.9895033762271085E-07
  2.5742433870111019E-07
  3.0849828910872502E-07
  3.5335180295002034E-07
  3.9293684465629612E-07
  4.2802920209109026E-07
  4.5926787239326826E-07
  4.8717915399953789E-07
  5.1220564790164570E-07
  5.3471841868289008E-07
  5.5503135697252481E-07
  5.7341153472736530E-07
  5.9008742053701558E-07
  6.0525545071016377E-07
  6.1908532539873256E-07
  6.3172430760767901E-07
  6.4330073623438457E-07
  6.5392691497845869E-07
  6.6370150228325644E-07
  6.7271149983777088E-07
  6.8103391623934178E-07
  6.8873716640581190E-07
  6.9588225501810976E-07
  7.0252378271612668E-07
  7.0871080634595421E-07
  7.1448757873605833E-07
  7.1989418889973255E-07
  7.2496711998783004E-07
  7.2973973947468735E-07
  7.3424273388145171E-07
  7.3850449864360550E-07
  7.4255149247638562E-07
  7.4640856471820485E-07
  7.5009926360587335E-07
  7.5364613325937359E-07
  7.5707100734398589E-07
  7.6039530798924213E-07
  7.6364035966528419E-07
  7.6682772948830529E-07
  7.6997960110275955E-07
  7.7311926246523353E-07
  7.7627138690401566E-07
  7.7946326075312011E-07
  7.8272482728334491E-07
  7.8609020121363135E-07
  7.8959880862851003E-07
  7.9329715638150019E-07
  7.9724119484848550E-07
  8.0149958314369082E-07
  8.0615829985149155E-07
  8.1132730748607401E-07
  8.1715043767379044E-07
  8.2382048656865487E-07
  8.3160304854390468E-07
  8.4087563628696576E-07
  8.5219491334764132E-07
  8.6642041167867372E-07
  8.8494641595970941E-07
  9.1021451797433673E-07
  9.4690973394247676E-07
  1.0053181181537392E-06
  1.1132744182133868E-06
  1.3814451599067270E-06
  3.2070811906561616E-06
 -5.3311913764626294E-07
  2.4418192175024809E-07
  4.3624854929481970E-07
  5.2329551941169410E-07
  5.7297800571680979E-07
  6.0510488063971820E-07
  6.2758120295960080E-07
  6.4418240559809275E-07
  6.5693968866017513E-07
  6.6704318182487178E-07
  6.7523656873374599E-07
  6.8200857668355747E-07
  6.8769368530106882E-07
  6.9252858815824998E-07
  6.9668546647133216E-07
  7.0029287710165294E-07
  7.0344839273925606E-07
  7.0622766904058199E-07
  7.0869023452222051E-07
  7.1088358652389137E-07
  7.1284609784226914E-07
  7.1460911843616537E-07
  5.5562180918755675E-07
  5.5301207352611567E-07
  5.5049545997794221E-07
  5.4806744387581391E-07
  5.4572381560588459E-07
  5.4346065335664964E-07
  1.9183460531339566E-09
  1.9435947945662884E-09
  1.9694327506188555E-09
  1.9958794804859211E-09
  2.0229553881049240E-09
  2.0506817673134444E-09
  2.0790808498844078E-09
  2.1081758566965064E-09
  2.1379910522092086E-09
  2.1685518025723601E-09
  2.1998846375952698E-09
  2.2320173168977248E-09
  2.2649789005769616E-09
  2.2987998247434573E-09
  2.3335119823227503E-09
  2.3691488095473086E-09
  2.4057453786256667E-09
  2.4433384970826964E-09
  2.4819668143509145E-09
  2.5216709362377093E-09
  2.5624935479179622E-09
  2.6044795462559725E-09
  2.6476761822326676E-09
  2.6921332144027887E-09
  2.7379030744162727E-09
  2.7850410456611710E-09
  2.8336054562940441E-09
  2.8836578880204805E-09
  2.9352634021066387E-09
 -8.5237380126762157E-07
 -6.1840357519662634E-07
 -4.2980065835273136E-07
 -2.7528803867506647E-07
 -1.4699161374833238E-07
 -3.9225411554226036E-08
  5.2199258119818117E-08
  1.3043481022924435E-07
  1.9789599830604818E-07
  2.5646131390733000E-07
  3.0761213257266753E-07
  3.5253091088033660E-07
  3.9217180260230239E-07
  4.2731230234320183E-07
  4.5859275695386352E-07
  4.8654052632924728E-07
  5.1159907622402437E-07
  5.3414016789512082E-07
  5.5447826066367802E-07
  5.7288089405356985E-07
  5.8957692365766674E-07
  6.0476310813181264E-07
  6.1860941772038665E-07
  6.3126334302249053E-07
  6.4285341575489145E-07
  6.5349210384089684E-07
  6.6327820630731308E-07
  6.7229884580451777E-07
  6.8063113553778107E-07
  6.8834358136650623E-07
  6.9549726745813025E-07
  7.0214686432753068E-07
  7.0834149063007415E-07
  7.1412545423924856E-07
  7.1953889356610473E-07
  7.2461833647355943E-07
  7.2939719130778555E-07
  7.3390618237641885E-07
  7.3817374050373474E-07
  7.4222635804316815E-07
  7.4608891684605311E-07
  7.4978499716368097E-07
  7.5333717528459875E-07
  7.5676731790309512E-07
  7.6009688183114404E-07
  7.6334722879627997E-07
  7.6653996685229314E-07
  7.6969732613852552E-07
  7.7284259370557608E-07
  7.7600066341411836E-07
  7.7919873464203112E-07
  7.8246689603157200E-07
  7.8583937121728856E-07
  7.8935572480051000E-07
  7.9306264065074469E-07
  7.9701629935672210E-07
  8.0128566503308854E-07
  8.0595712842104495E-07
  8.1114122127074675E-07
  8.1698258067483230E-07
  8.2367517442978917E-07
  8.3148635625744556E-07
  8.4079638141975497E-07
  8.5216638433351128E-07
  8.6646360930694272E-07
  8.8509651351190051E-07
  9.1053530509250411E-07
  9.4752998834224406E-07
  1.0065420059603444E-06
  1.1160276095791277E-06
  1.3903468898626012E-06
  3.3516445265349163E-06
 -4.9711717701004922E-07
  2.4966268409607669E-07
  4.3821233342490899E-07
  5.2420349700570813E-07
  5.7343521368607120E-07
  6.0532974657883284E-07
  6.2767132728168992E-07
  6.4418782410931553E-07
  6.5688864994639671E-07
  6.6695281773351261E-07
  6.7511785989013103E-07
  6.8186887780978696E-07
  6.8753810234120173E-07
  6.9236077293155364E-07
  6.9650809703043735E-07
  7.0010796005511045E-07
  7.0325745939778272E-07
  7.0603190694780309E-07
  7.0849057766184390E-07
  7.1068077861872154E-07
  7.1264073765410175E-07
  7.1440169275847003E-07
  5.5540570768797759E-07
  5.5279504915185920E-07
  5.5027758580110317E-07
  5.4784878685249505E-07
  5.4550443716007865E-07
  5.4324060989962848E-07
  1.9182935233608472E-09
  1.9435411413757521E-09
  1.9693779369625845E-09
  1.9958234676906923E-09
  2.0228981357833373E-09
  2.0506232332636347E-09
  2.0790209900025008E-09
  2.1081146248502876E-09
  2.1379284001383805E-09
  2.1684876797575966E-09
  2.1998189911314389E-09
  2.2319500913470894E-09
  2.2649100378234863E-09
  2.2987292638293127E-09
  2.3334396592725107E-09
  2.3690746571889363E-09
  2.4056693263824610E-09
  2.4432604707639889E-09
  2.4818867359230083E-09
  2.5215887235658208E-09
  2.5624091145106730E-09
  2.6043928009669708E-09
  2.6475870289500611E-09
  2.6920415517175949E-09
  2.7378087952504432E-09
  2.7849440368707053E-09
  2.8335055982563553E-09
  2.8835550541509970E-09
  2.9351574583659980E-09
 -8.5562366871466584E-07
 -6.2107874155712484E-07
 -4.3204698825577853E-07
 -2.7720676784087852E-07
 -1.4865497482431927E-07
 -4.0686249133718366E-08
  5.0901453837371202E-08
  1.2926998163936411E-07
  1.9684089824329109E-07
  2.5549770765949464E-07
  3.0672553745963126E-07
  3.5170969522382694E-07
  3.9140653034483711E-07
  4.2659524885349627E-07
  4.5791755085994524E-07
  4.8590186039002506E-07
  5.1099251006304625E-07
  5.3356195944272880E-07
  5.5392523782529868E-07
  5.7235035331342508E-07
  5.8906654932089366E-07
  6.0427090750822793E-07
  6.1813366874319550E-07
  6.3080255165153594E-07
  6.4240628113086373E-07
  6.5305748962134694E-07
  6.6285511698009935E-07
  6.7188640702475169E-07
  6.8022857774412794E-07
  6.8795022608592947E-07
  6.9511251583163018E-07
  7.0177018748188970E-07
  7.0797242159616132E-07
  7.1376358117879444E-07
  7.1918385411529274E-07
  7.2426981305042617E-07
  7.2905490726812208E-07
  7.3356989892450885E-07
  7.3784325429402689E-07
  7.4190149943036842E-07
  7.4576954876168420E-07
  7.4947101462179479E-07
  7.5302850554253328E-07
  7.5646392133098815E-07
  7.5979875357813857E-07
  7.6305440138206800E-07
  7.6625251386909845E-07
  7.6941536789590203E-07
  7.7256630173595693E-07
  7.7573027395987294E-07
  7.7893455342926417E-07
  7.8220932259433119E-07
  7.8558891452557956E-07
  7.8911303307186073E-07
  7.9282854010741101E-07
  7.9679184781174927E-07
  8.0107222721636312E-07
  8.0575648398517003E-07
  8.1095572316267464E-07
  8.1681539347499638E-07
  8.2353064396745850E-07
  8.3137060334724484E-07
  8.4071829597048602E-07
  8.5214060070936369E-07
  8.6650888715128287E-07
  8.8524965198162195E-07
  9.1086093174849727E-07
  9.4815889328438681E-07
  1.0077842616808780E-06
  1.1188329380199254E-06
  1.3995231135587944E-06
  3.5144308952679183E-06
 -4.6309196755470111E-07
  2.5501773429323312E-07
  4.4014629821646027E-07
  5.2510047064200107E-07
  5.7388737764671736E-07
  6.0555200323721711E-07
  6.2776000850942884E-07
  6.4419242251764708E-07
  6.5683715152842562E-07
  6.6686221541320614E-07
  6.7499905556200420E-07
  6.8172917900969243E-07
  6.8738258545910352E-07
  6.9219307056753333E-07
  6.9633087433932646E-07
  6.9992321475432699E-07
  7.0306671652848573E-07
  7.0583634954001296E-07
  7.0829113639248192E-07
  7.1047819475040206E-07
  7.1243560809194727E-07
  7.1419450287789188E-07
  5.5518982523208029E-07
  5.5257824335714252E-07
  5.5005992980002277E-07
  5.4763034765385705E-07
  5.4528527623392990E-07
  5.4302078369751261E-07
  1.9182409962632737E-09
  1.9434874909421671E-09
  1.9693231261490376E-09
  1.9957674578265745E-09
  2.0228408864833649E-09
  2.0505647023348073E-09
  2.0789611333397371E-09
  2.1080533963313268E-09
  2.1378657515061595E-09
  2.1684235604990186E-09
  2.1997533483410639E-09
  2.2318828695982141E-09
  2.2648411790044101E-09
  2.2986587069880487E-09
  2.3333673404434820E-09
  2.3690005092027277E-09
  2.4055932786732812E-09
  2.4431824491516330E-09
  2.4818066623775277E-09
  2.5215065159669727E-09
  2.5623246863737199E-09
  2.6043060611557172E-09
  2.6474978813657702E-09
  2.6919498949605253E-09
  2.7377145222556627E-09
  2.7848470345161586E-09
  2.8334057469240006E-09
  2.8834522272783109E-09
  2.9350515219282178E-09
 -8.5888061336523311E-07
 -6.2375904029654828E-07
 -4.3429711655516603E-07
 -2.7912835329089287E-07
 -1.5032050906025367E-07
 -4.2148753739851324E-08
  4.9602364646428195E-08
  1.2810416132490526E-07
  1.9578503460627396E-07
  2.5453351762178274E-07
  3.0583850180315257E-07
  3.5088815430810740E-07
  3.9064102643930366E-07
  4.2587804035314067E-07
  4.5724225298232994E-07
  4.8526315516590348E-07
  5.1038594849935914E-07
  5.3298379248197529E-07
  5.5337228767256843E-07
  5.7181991177630029E-07
  5.8855629684144246E-07
  6.0377884818973811E-07
  6.1765807784744450E-07
  6.3034193290364036E-07
  6.4195933179278580E-07
  6.5262307176927876E-07
  6.6243223376841954E-07
  6.7147418298111889E-07
  6.7982624235412769E-07
  6.8755710007215187E-07
  6.9472799965817173E-07
  7.0139375170851189E-07
  7.0760359878316765E-07
  7.1340195910272025E-07
  7.1882907010340896E-07
  7.2392154928299402E-07
  7.2871288692830899E-07
  7.3323388310647237E-07
  7.3751303960411798E-07
  7.4157691623660609E-07
  7.4545046007318637E-07
  7.4915731559866321E-07
  7.5272012366310806E-07
  7.5616081727068062E-07
  7.5950092288778990E-07
  7.6276187709707476E-07
  7.6596537023386210E-07
  7.6913372610521528E-07
  7.7229033421709315E-07
  7.7546021832347768E-07
  7.7867071693794227E-07
  7.8195210685134096E-07
  7.8533883108184229E-07
  7.8887073346978375E-07
  7.9259485489603816E-07
  7.9656784050437375E-07
  8.0085927018163667E-07
  8.0555636730209279E-07
  8.1077081430676583E-07
  8.1664887776079928E-07
  8.2338689767501393E-07
  8.3125579354782134E-07
  8.4064138566879046E-07
  8.5211512995154971E-07
  8.6655626031262995E-07
  8.8540585828726836E-07
  9.1119145064872153E-07
  9.4879656723741483E-07
  1.0090452160022236E-06
  1.1216917504498981E-06
  1.4089863201242465E-06
  3.6991104654186143E-06
 -4.3088613450304796E-07
  2.6025117121067073E-07
  4.4205104930594709E-07
  5.2598660218418522E-07
  5.7433455594438301E-07
  6.0577167579491749E-07
  6.2784725880913760E-07
  6.4419620716927500E-07
  6.5678519685608041E-07
  6.6677137679263495E-07
  6.7488015679497378E-07
  6.8158948082266510E-07
  6.8722713488082821E-07
  6.9202548109417958E-07
  6.9615379829802125E-07
  6.9973864101604909E-07
  7.0287616389075320E-07
  7.0564099653741501E-07
  7.0809191040845827E-07
  7.1027583459496442E-07
  7.1223070881971322E-07
  7.1398754844986471E-07
  5.5497416151288412E-07
  5.5236165583469170E-07
  5.4984249166719027E-07
  5.4741212597219740E-07
  5.4506633251958201E-07
  5.4280117444232213E-07
  1.9181884718416167E-09
  1.9434338432653289E-09
  1.9692683181763833E-09
  1.9957114508912792E-09
  2.0227836402054311E-09
  2.0505061745276160E-09
  2.0789012798998097E-09
  2.1079921711398671E-09
  2.1378031063103346E-09
  2.1683594447929336E-09
  2.1996877092282453E-09
  2.2318156516518992E-09
  2.2647723241207605E-09
  2.2985881542210181E-09
  2.3332950258340895E-09
  2.3689263655911498E-09
  2.4055172354998524E-09
  2.4431044322432192E-09
  2.4817265937164073E-09
  2.5214243134398125E-09
  2.5622402635037530E-09
  2.6042193268215767E-09
  2.6474087394776129E-09
  2.6918582441326459E-09
  2.7376202554355126E-09
  2.7847500385911870E-09
  2.8333059022980806E-09
  2.8833494074003488E-09
  2.9349455927927426E-09
 -8.6214466257247377E-07
 -6.2644449010911317E-07
 -4.3655105649928748E-07
 -2.8105280469105580E-07
 -1.5198822371602198E-07
 -4.3612930922277629E-08
  4.8301986191721600E-08
  1.2693734580271036E-07
  1.9472840457132963E-07
  2.5356874145594296E-07
  3.0495102364296592E-07
  3.5006628645615523E-07
  3.8987528943361496E-07
  4.2516067556679934E-07
  4.5656686219191021E-07
  4.8462440964194850E-07
  5.0977939060994002E-07
  5.3240566616706093E-07
  5.5281940942357854E-07
  5.7128956871164023E-07
  5.8804616553185568E-07
  6.0328692952592098E-07
  6.1718264441438422E-07
  6.2988148618559812E-07
  6.4151256717062385E-07
  6.5218884973582025E-07
  6.6200955614032023E-07
  6.7106217315656813E-07
  6.7942412886453315E-07
  6.8716420283457787E-07
  6.9434371845784296E-07
  7.0101755653752434E-07
  7.0723502173042030E-07
  7.1304058755915657E-07
  7.1847454108756866E-07
  7.2357354473646106E-07
  7.2837112986162518E-07
  7.3289813450425461E-07
  7.3718309602425584E-07
  7.4125260806106666E-07
  7.4513165038936951E-07
  7.4884389971356494E-07
  7.5241202927711625E-07
  7.5585800536569330E-07
  7.5920338941857285E-07
  7.6246965561686968E-07
  7.6567853564195218E-07
  7.6885240050065341E-07
  7.7201469089654087E-07
  7.7519049628919255E-07
  7.7840722499570013E-07
  7.8169524868064877E-07
  7.8508912083473089E-07
  7.8862882603065425E-07
  7.9236158516161803E-07
  7.9634427772698318E-07
  8.0064679442498727E-07
  8.0535677914327930E-07
  8.1058649585198359E-07
  8.1648303522990731E-07
  8.2324393807868962E-07
  8.3114193063507971E-07
  8.4056565629283791E-07
  8.5209119688154054E-07
  8.6660574409231915E-07
  8.8556515967933638E-07
  9.1152691524153398E-07
  9.4944313084099523E-07
  1.0103252076642862E-06
  1.1246054407820548E-06
  1.4187497691343965E-06
  3.9104098839880828E-06
 -4.0035857771558423E-07
  2.6536691853878727E-07
  4.4392717604246489E-07
  5.2686205030627416E-07
  5.7477680614570758E-07
  6.0598878913273651E-07
  6.2793309022789360E-07
  6.4419918434167902E-07
  6.5673278936513604E-07
  6.6668030377014694E-07
  6.7476116463956041E-07
  6.8144978378533317E-07
  6.8707175083581227E-07
  6.9185800454106507E-07
  6.9597686880744362E-07
  6.9955423865558292E-07
  7.0268580124359356E-07
  7.0544584766160222E-07
  7.0789289940431477E-07
  7.1007369782946895E-07
  7.1202603950209830E-07
  7.1378082913071960E-07
  5.5475871622399567E-07
  5.5214528627782059E-07
  5.4962527109568124E-07
  5.4719412150040016E-07
  5.4484760570976454E-07
  5.4258178182666411E-07
  1.9181359500935125E-09
  1.9433801983434046E-09
  1.9692135130455758E-09
  1.9956554468884748E-09
  2.0227263969530229E-09
  2.0504476498383993E-09
  2.0788414296785462E-09
  2.1079309492747811E-09
  2.1377404645534337E-09
  2.1682953326386149E-09
  2.1996220737877678E-09
  2.2317484375058862E-09
  2.2647034731702220E-09
  2.2985176055263661E-09
  2.3332227154438284E-09
  2.3688522263533564E-09
  2.4054411968628413E-09
  2.4430264200396854E-09
  2.4816465299366256E-09
  2.5213421159807714E-09
  2.5621558459030229E-09
  2.6041325979635303E-09
  2.6473196032869976E-09
  2.6917665992322182E-09
  2.7375259947879752E-09
  2.7846530490987562E-09
  2.8332060643771166E-09
  2.8832465945156863E-09
  2.9348396709578770E-09
 -8.6541584378026620E-07
 -6.2913510980125317E-07
 -4.3880882140726647E-07
 -2.8298013175188818E-07
 -1.5365812606135424E-07
 -4.5078786258151575E-08
  4.7000314109447838E-08
  1.2576953159186452E-07
  1.9367100530493435E-07
  2.5260337682106090E-07
  3.0406310101130859E-07
  3.4924408999092567E-07
  3.8910931787593263E-07
  4.2444315322673130E-07
  4.5589137735995402E-07
  4.8398562280700183E-07
  5.0917283547375406E-07
  5.3182757965325513E-07
  5.5226660229704595E-07
  5.7075932338977379E-07
  5.8753615470542911E-07
  6.0279515086787605E-07
  6.1670736782572573E-07
  6.2942121090583962E-07
  6.4106598669590200E-07
  6.5175482297172855E-07
  6.6158708356402409E-07
  6.7065037703497005E-07
  6.7902223677284595E-07
  6.8677153388205363E-07
  6.9395967175131290E-07
  7.0064160149957012E-07
  7.0686668997826644E-07
  7.1267946609723453E-07
  7.1812026662535022E-07
  7.2322579897706659E-07
  7.2802963564266538E-07
  7.3256265270033026E-07
  7.3685342314557448E-07
  7.4092857450386747E-07
  7.4481311931988834E-07
  7.4853076658655646E-07
  7.5210422201613792E-07
  7.5555548526069557E-07
  7.5890615282988215E-07
  7.6217773661821166E-07
  7.6539200978980214E-07
  7.6857139082573644E-07
  7.7173937152501532E-07
  7.7492110764211387E-07
  7.7814407742885111E-07
  7.8143874796406600E-07
  7.8483978373315285E-07
  7.8838731078985109E-07
  7.9212873105719075E-07
  7.9612115978384946E-07
  8.0043480044598892E-07
  8.0515772027967226E-07
  8.1040276896136078E-07
  8.1631786760363023E-07
  8.2310176771735894E-07
  8.3102901842357310E-07
  8.4049111368608747E-07
  8.5206881077261941E-07
  8.6665735394416548E-07
  8.8572758379461860E-07
  9.1186737987442646E-07
  9.5009870718161624E-07
  1.0116245839410410E-06
  1.1275754520752607E-06
  1.4288275503623425E-06
  4.1545219882884354E-06
 -3.7138241624094049E-07
  2.7036873273892778E-07
  4.4577525210515892E-07
  5.2772697079426814E-07
  5.7521418489142871E-07
  6.0620336780782173E-07
  6.2801751469300071E-07
  6.4420136028201027E-07
  6.5667993245499798E-07
  6.6658899825395075E-07
  6.7464208013619341E-07
  6.8131008843842341E-07
  6.8691643354256086E-07
  6.9169064093549126E-07
  6.9580008576699952E-07
  6.9937000748992054E-07
  7.0249562834759370E-07
  7.0525090263373452E-07
  7.0769410307634034E-07
  7.0987178413156338E-07
  7.1182159980440719E-07
  7.1357434457731472E-07
  5.5454348905960660E-07
  5.5192913438042704E-07
  5.4940826777915639E-07
  5.4697633393193384E-07
  5.4462909549779229E-07
  5.4236260554372990E-07
  1.9180834310185243E-09
  1.9433265561785734E-09
  1.9691587107551312E-09
  1.9955994458140201E-09
  2.0226691567225847E-09
  2.0503891282689600E-09
  2.0787815826804438E-09
  2.1078697307347129E-09
  2.1376778262330133E-09
  2.1682312240377855E-09
  2.1995564420214620E-09
  2.2316812271602974E-09
  2.2646346261528566E-09
  2.2984470609066294E-09
  2.3331504092733730E-09
  2.3687780914866521E-09
  2.4053651627591630E-09
  2.4429484125396272E-09
  2.4815664710393416E-09
  2.5212599235939427E-09
  2.5620714335697959E-09
  2.6040458745795617E-09
  2.6472304727901943E-09
  2.6916749602579921E-09
  2.7374317403107627E-09
  2.7845560660356437E-09
  2.8331062331596963E-09
  2.8831437886270462E-09
  2.9347337564242050E-09
 -8.6869418457991678E-07
 -6.3183091823983649E-07
 -4.4107042462089725E-07
 -2.8491034422861092E-07
 -1.5533022339760999E-07
 -4.6546325351571096E-08
  4.5697344015418428E-08
  1.2460071519538752E-07
  1.9261283396742897E-07
  2.5163742137562519E-07
  3.0317473193585557E-07
  3.4842156323048492E-07
  3.8834311031695089E-07
  4.2372547205736333E-07
  4.5521579735573152E-07
  4.8334679364270955E-07
  5.0856628216865471E-07
  5.3124953209470166E-07
  5.5171386551030617E-07
  5.7022917508045057E-07
  5.8702626367677120E-07
  6.0230351156523267E-07
  6.1623224746306371E-07
  6.2896110647339272E-07
  6.4061958980089789E-07
  6.5132099092856254E-07
  6.6116481550908233E-07
  6.7023879410120399E-07
  6.7862056557705169E-07
  6.8637909272539825E-07
  6.9357585905943356E-07
  7.0026588612628236E-07
  7.0649860306773007E-07
  7.1231859426702316E-07
  7.1776624627520216E-07
  7.2287831157120343E-07
  7.2768840384593096E-07
  7.3222743727810152E-07
  7.3652402055980509E-07
  7.4060481516579510E-07
  7.4449486647521962E-07
  7.4821791583852235E-07
  7.5179670151259643E-07
  7.5525325660104690E-07
  7.5860921278217732E-07
  7.6188611977864118E-07
  7.6510579237545565E-07
  7.6829069683784925E-07
  7.7146437585349093E-07
  7.7465205216928959E-07
  7.7788127406830944E-07
  7.8118260458521150E-07
  7.8459081972983114E-07
  7.8814618778797406E-07
  7.9189629273144046E-07
  7.9589848697426205E-07
  8.0022328875235983E-07
  8.0495919150108987E-07
  8.1021963480711669E-07
  8.1615337661884288E-07
  8.2296038915807889E-07
  8.3091706074719170E-07
  8.4041776375005592E-07
  8.5204798099773974E-07
  8.6671110552709944E-07
  8.8589315862325957E-07
  9.1221289970998939E-07
  9.5076342155827449E-07
  1.0129437005884926E-06
  1.1306032788111186E-06
  1.4392346498232099E-06
  4.4397220075928696E-06
 -3.4384324575270705E-07
  2.7526021242646824E-07
  4.4759583612769090E-07
  5.2858151638470974E-07
  5.7564674803475334E-07
  6.0641543613042869E-07
  6.2810054403453336E-07
  6.4420274116991555E-07
  6.5662662951727913E-07
  6.6649746211753800E-07
  6.7452290432292605E-07
  6.8117039530817463E-07
  6.8676118322920399E-07
  6.9152339030435482E-07
  6.9562344907956625E-07
  6.9918594733592476E-07
  7.0230564496250172E-07
  7.0505616117717741E-07
  7.0749552112026688E-07
  7.0967009317977247E-07
  7.1161738939276067E-07
  7.1336809444749662E-07
  5.5432847971449283E-07
  5.5171319983699356E-07
  5.4919148141185991E-07
  5.4675876296085100E-07
  5.4441080157756332E-07
  5.4214364528729462E-07
  1.9180309146181969E-09
  1.9432729167696986E-09
  1.9691039113053683E-09
  1.9955434476698498E-09
  2.0226119195143116E-09
  2.0503306098199537E-09
  2.0787217389015616E-09
  2.1078085155231703E-09
  2.1376151913482934E-09
  2.1681671189894884E-09
  2.1994908139289370E-09
  2.2316140206144029E-09
  2.2645657830703124E-09
  2.2983765203595604E-09
  2.3330781073218258E-09
  2.3687039609937274E-09
  2.4052891331869111E-09
  2.4428704097417507E-09
  2.4814864170239304E-09
  2.5211777362738099E-09
  2.5619870265032139E-09
  2.6039591566716905E-09
  2.6471413479865705E-09
  2.6915833272105440E-09
  2.7373374920052047E-09
  2.7844590894046508E-09
  2.8330064086457613E-09
  2.8830409897295728E-09
  2.9346278491899217E-09
 -8.7197971269981117E-07
 -6.3453193436092649E-07
 -4.4333587956008797E-07
 -2.8684345189364535E-07
 -1.5700452304482492E-07
 -4.8015553804097209E-08
  4.4393071525933674E-08
  1.2343089311354471E-07
  1.9155388771357603E-07
  2.5067087276131300E-07
  3.0228591444672347E-07
  3.4759870449740493E-07
  3.8757666529980499E-07
  4.2300763078529860E-07
  4.5454012104886989E-07
  4.8270792113478167E-07
  5.0795972977447184E-07
  5.3067152264661192E-07
  5.5116119828131010E-07
  5.6969912305442538E-07
  5.8651649175898156E-07
  6.0181201096985002E-07
  6.1575728270948437E-07
  6.2850117229718777E-07
  6.4017337591692048E-07
  6.5088735305867689E-07
  6.6074275144452824E-07
  6.6982742383926521E-07
  6.7821911477529964E-07
  6.8598687887519935E-07
  6.9319227990487750E-07
  6.9989040994966772E-07
  7.0613076054005390E-07
  7.1195797161874722E-07
  7.1741247959620506E-07
  7.2253108208634300E-07
  7.2734743404728807E-07
  7.3189248782120638E-07
  7.3619488785966657E-07
  7.4028132964848552E-07
  7.4417689146647918E-07
  7.4790534709112379E-07
  7.5148946739981452E-07
  7.5495131903324995E-07
  7.5831256893641426E-07
  7.6159480477626529E-07
  7.6481988309741862E-07
  7.6801031832290574E-07
  7.7118970363374046E-07
  7.7438332965865836E-07
  7.7761881474298134E-07
  7.8092681842965819E-07
  7.8434222877763176E-07
  7.8790545706521381E-07
  7.9166427034514386E-07
  7.9567625960954759E-07
  8.0001225985525707E-07
  8.0476119359412559E-07
  8.1003709457575451E-07
  8.1598956401563575E-07
  8.2281980498608784E-07
  8.3080606149544420E-07
  8.4034561243213397E-07
  8.5202871702515449E-07
  8.6676701466523373E-07
  8.8606191253441128E-07
  9.1256353084499648E-07
  9.5143740185479447E-07
  1.0142829223530197E-06
  1.1336904690196722E-06
  1.4499870236339380E-06
  4.7773232930151192E-06
 -3.1763763383743344E-07
  2.8004480686410440E-07
  4.4938947214178344E-07
  5.2942583691060667E-07
  5.7607455059431568E-07
  6.0662501809527083E-07
  6.2818218993744837E-07
  6.4420333312636581E-07
  6.5657288390174777E-07
  6.6640569723119521E-07
  6.7440363822101580E-07
  6.8103070492509277E-07
  6.8660600011534056E-07
  6.9135625267427780E-07
  6.9544695864257097E-07
  6.9900205800960234E-07
  7.0211585085060269E-07
  7.0486162301407995E-07
  7.0729715323330499E-07
  7.0946862465291528E-07
  7.1141340793394701E-07
  7.1316207839953949E-07
  5.5411368788401262E-07
  5.5149748234258481E-07
  5.4897491168861873E-07
  5.4654140828178599E-07
  5.4419272364355783E-07
  5.4192490075171523E-07
  1.9179784008913330E-09
  1.9432192801147142E-09
  1.9690491146974730E-09
  1.9954874524544228E-09
  2.0225546853281685E-09
  2.0502720944890990E-09
  2.0786618983427798E-09
  2.1077473036351344E-09
  2.1375525599009995E-09
  2.1681030174937952E-09
  2.1994251895104315E-09
  2.2315468178701982E-09
  2.2644969439193710E-09
  2.2983059838822249E-09
  2.3330058095885655E-09
  2.3686298348737380E-09
  2.4052131081503888E-09
  2.4427924116491737E-09
  2.4814063678900419E-09
  2.5210955540238546E-09
  2.5619026247024838E-09
  2.6038724442392305E-09
  2.6470522288785210E-09
  2.6914917000892308E-09
  2.7372432498690637E-09
  2.7843621191998202E-09
  2.8329065908340646E-09
  2.8829381978249528E-09
  2.9345219492552361E-09
 -8.7527245597231583E-07
 -6.3723817719700706E-07
 -4.4560519968184890E-07
 -2.8877946456976765E-07
 -1.5868103234619679E-07
 -4.9486477240992924E-08
  4.3087492237136090E-08
  1.2226006183826223E-07
  1.9049416369205664E-07
  2.4970372862787698E-07
  3.0139664656387406E-07
  3.4677551210412948E-07
  3.8680998137015535E-07
  4.2228962813270733E-07
  4.5386434730737175E-07
  4.8206900426736173E-07
  5.0735317736734600E-07
  5.3009355046417524E-07
  5.5060859982706397E-07
  5.6916916658180824E-07
  5.8600683826808064E-07
  6.0132064843286561E-07
  6.1528247294721610E-07
  6.2804140778697664E-07
  6.3972734447716084E-07
  6.5045390881490080E-07
  6.6032089084105366E-07
  6.6941626573548265E-07
  6.7781788386747827E-07
  6.8559489184270095E-07
  6.9280893380960697E-07
  6.9951517250269035E-07
  7.0576316193792082E-07
  7.1159759770389090E-07
  7.1705896614790942E-07
  7.2218411009062660E-07
  7.2700672582316983E-07
  7.3155780391478991E-07
  7.3586602463838672E-07
  7.3995811755415300E-07
  7.4385919390570975E-07
  7.4759305996685716E-07
  7.5118251931190073E-07
  7.5464967220432290E-07
  7.5801622095488074E-07
  7.6130379129098304E-07
  7.6453428165587010E-07
  7.6773025514168874E-07
  7.7091535462024856E-07
  7.7411493990071208E-07
  7.7735669928694947E-07
  7.8067138938403677E-07
  7.8409401083277560E-07
  7.8766511866980346E-07
  7.9143266405627884E-07
  7.9545447800163910E-07
  7.9980171427411238E-07
  8.0456372736162665E-07
  8.0985514945972301E-07
  8.1582643157066255E-07
  8.2268001781517415E-07
  8.3069602457467757E-07
  8.4027466574735446E-07
  8.5201102843581713E-07
  8.6682509739314430E-07
  8.8623387430246354E-07
  9.1291933024060850E-07
  9.5212077830338343E-07
  1.0156426230874907E-06
  1.1368386268835862E-06
  1.4611016747660594E-06
  5.1832123226505605E-06
 -2.9267184506226625E-07
  2.8472582307674105E-07
  4.5115668997680515E-07
  5.3026007948531997E-07
  5.7649764682949623E-07
  6.0683213742994478E-07
  6.2826246399044915E-07
  6.4420314223527174E-07
  6.5651869893919028E-07
  6.6631370545772923E-07
  6.7428428285810059E-07
  6.8089101781379626E-07
  6.8645088441941296E-07
  6.9118922807241469E-07
  6.9527061435906717E-07
  6.9881833932985550E-07
  7.0192624577183741E-07
  7.0466728786839991E-07
  7.0709899911313358E-07
  7.0926737823111661E-07
  7.1120965509551932E-07
  7.1295629609261433E-07
  5.5389911326410600E-07
  5.5128198159284639E-07
  5.4875855830484002E-07
  5.4632426958995422E-07
  5.4397486139083675E-07
  5.4170637163192921E-07
  1.9179258898393652E-09
  1.9431656462156254E-09
  1.9689943209286828E-09
  1.9954314601697919E-09
  2.0224974541640628E-09
  2.0502135822764746E-09
  2.0786020610040570E-09
  2.1076860950736553E-09
  2.1374899318887492E-09
  2.1680389195498062E-09
  2.1993595687621520E-09
  2.2314796189247986E-09
  2.2644281087027524E-09
  2.2982354514796507E-09
  2.3329335160748862E-09
  2.3685557131249970E-09
  2.4051370876473493E-09
  2.4427144182574749E-09
  2.4813263236354934E-09
  2.5210133768417838E-09
  2.5618182281666980E-09
  2.6037857372799971E-09
  2.6469631154646936E-09
  2.6914000788944557E-09
  2.7371490139054321E-09
  2.7842651554246613E-09
  2.8328067797255857E-09
  2.8828354129116546E-09
  2.9344160566174133E-09
 -8.7857244236831177E-07
 -6.3994966585956063E-07
 -4.4787839849408488E-07
 -2.9071839209150607E-07
 -1.6035975867282909E-07
 -5.0959101303978098E-08
  4.1780601733180341E-08
  1.2108821784548618E-07
  1.8943365904939150E-07
  2.4873598661382565E-07
  3.0050692630858639E-07
  3.4595198436472116E-07
  3.8604305706726988E-07
  4.2157146282749311E-07
  4.5318847499885034E-07
  4.8143004202398160E-07
  5.0674662402541363E-07
  5.2951561470036863E-07
  5.5005606936740819E-07
  5.6863930493371587E-07
  5.8549730251690588E-07
  6.0082942330683508E-07
  6.1480781756005163E-07
  6.2758181235299465E-07
  6.3928149491492027E-07
  6.5002065765050775E-07
  6.5989923316884543E-07
  6.6900531927593654E-07
  6.7741687235265155E-07
  6.8520313114046564E-07
  6.9242582029672135E-07
  6.9914017331836638E-07
  7.0539580680401477E-07
  7.1123747207402882E-07
  7.1670570549094104E-07
  7.2183739515275237E-07
  7.2666627875049113E-07
  7.3122338514392519E-07
  7.3553743049002405E-07
  7.3963517848597044E-07
  7.4354177340565030E-07
  7.4728105408898263E-07
  7.5087585688372955E-07
  7.5434831576240838E-07
  7.5772016850077643E-07
  7.6101307900304975E-07
  7.6424898775140966E-07
  7.6745050747533498E-07
  7.7064132856731204E-07
  7.7384686976539759E-07
  7.7709492753391172E-07
  7.8041631733863782E-07
  7.8384616585486279E-07
  7.8742517264618345E-07
  7.9120147403106471E-07
  7.9523314246506193E-07
  7.9959165252840704E-07
  8.0436679360884602E-07
  8.0967380066595032E-07
  8.1566398105569959E-07
  8.2254103027772795E-07
  8.3058695394758670E-07
  8.4020492977044360E-07
  8.5199492491423725E-07
  8.6688536993728069E-07
  8.8640907306390989E-07
  9.1328035570904440E-07
  9.5281368374743986E-07
  1.0170231862895847E-06
  1.1400494150346469E-06
  1.4725967440955781E-06
  5.6804193523464049E-06
 -2.6886072341474684E-07
  2.8930643363062611E-07
  4.5289800590357107E-07
  5.3108438844593235E-07
  5.7691609015500381E-07
  6.0703681755651844E-07
  6.2834137765074422E-07
  6.4420217452286238E-07
  6.5646407793678711E-07
  6.6622148864302368E-07
  6.7416483924504671E-07
  6.8075133449612570E-07
  6.8629583636090786E-07
  6.9102231652370362E-07
  6.9509449093289048E-07
  6.9863479111365008E-07
  7.0173682948966993E-07
  7.0447315546405199E-07
  7.0690105845813321E-07
  7.0906635359465158E-07
  7.1100613054569140E-07
  7.1275074718668430E-07
  5.5368475555129241E-07
  5.5106669728400380E-07
  5.4854242095651106E-07
  5.4610734658115017E-07
  5.4375721451504008E-07
  5.4148805762345342E-07
  1.9178733814607438E-09
  1.9431120150715279E-09
  1.9689395300003042E-09
  1.9953754708144177E-09
  2.0224402260229990E-09
  2.0501550731831362E-09
  2.0785422268837513E-09
  2.1076248898382935E-09
  2.1374273073138976E-09
  2.1679748251558816E-09
  2.1992939516893909E-09
  2.2314124237796842E-09
  2.2643592774160519E-09
  2.2981649231468158E-09
  2.3328612267775815E-09
  2.3684815957478406E-09
  2.4050610716763336E-09
  2.4426364295684348E-09
  2.4812462842624417E-09
  2.5209312047267473E-09
  2.5617338368981622E-09
  2.6036990357948531E-09
  2.6468740077445021E-09
  2.6913084636231624E-09
  2.7370547841100421E-09
  2.7841681980781465E-09
  2.8327069753184721E-09
  2.8827326349905998E-09
  2.9343101712782924E-09
 -8.8187969997525460E-07
 -6.4266641952181502E-07
 -4.5015548954894082E-07
 -2.9266024433871446E-07
 -1.6204070940538824E-07
 -5.2433431654244866E-08
  4.0472395602381877E-08
  1.1991535761034740E-07
  1.8837237092230252E-07
  2.4776764435678037E-07
  2.9961675170167283E-07
  3.4512811959095400E-07
  3.8527589093710711E-07
  4.2085313358763599E-07
  4.5251250299028670E-07
  4.8079103338791260E-07
  5.0614006882803568E-07
  5.2893771451132906E-07
  5.4950360611939411E-07
  5.6810953738154619E-07
  5.8498788382293411E-07
  6.0033833494349722E-07
  6.1433331593198382E-07
  6.2712238540595218E-07
  6.3883582666410313E-07
  6.4958759901883537E-07
  6.5947777789973328E-07
  6.6859458394698705E-07
  6.7701607973208319E-07
  6.8481159628083401E-07
  6.9204293889049951E-07
  6.9876541193118353E-07
  7.0502869468168082E-07
  7.1087759428179016E-07
  7.1635269718640100E-07
  7.2149093684225562E-07
  7.2632609240712462E-07
  7.3088923109496115E-07
  7.3520910500930144E-07
  7.3931251204780392E-07
  7.4322462957980953E-07
  7.4696932908158793E-07
  7.5056947975112128E-07
  7.5404724935644500E-07
  7.5742441123780776E-07
  7.6072266759390079E-07
  7.6396400108599552E-07
  7.6717106963003075E-07
  7.7036762523139569E-07
  7.7357915544378806E-07
  7.7683349931979389E-07
  7.8016160218205852E-07
  7.8359869380418083E-07
  7.8718561904684959E-07
  7.9097070043291149E-07
  7.9501225332557606E-07
  7.9938207515051268E-07
  8.0417039315045860E-07
  8.0949304940911705E-07
  8.1550221426687091E-07
  8.2240284504044159E-07
  8.3047885359753154E-07
  8.4013743104406472E-07
  8.5198041622752550E-07
  8.6694784868982241E-07
  8.8658753838378599E-07
  9.1364666607929817E-07
  9.5351625364114363E-07
  1.0184250049913133E-06
  1.1433245574291824E-06
  1.4844916033179356E-06
  6.3036423059627441E-06
 -2.4612673582215708E-07
  2.9378968264098000E-07
  4.5461392278175016E-07
  5.3189890538402440E-07
  5.7732993325578057E-07
  6.0723908164975609E-07
  6.2841894229217542E-07
  6.4420043597176840E-07
  6.5640902417677704E-07
  6.6612904861255187E-07
  6.7404530839385714E-07
  6.8061165549374898E-07
  6.8614085615565952E-07
  6.9085551805361594E-07
  6.9491843873085314E-07
  6.9845141317890607E-07
  7.0154760176669437E-07
  7.0427922552667196E-07
  7.0670333096740316E-07
  7.0886555042480415E-07
  7.1080283395341101E-07
  7.1254543134223139E-07
  5.5347061444266979E-07
  5.5085162911286054E-07
  5.4832649934019691E-07
  5.4589063895174661E-07
  5.4353978271238611E-07
  5.4126995842238281E-07
  1.9178208757535158E-09
  1.9430583866837897E-09
  1.9688847419120135E-09
  1.9953194843850274E-09
  2.0223830009024039E-09
  2.0500965672082989E-09
  2.0784823959849790E-09
  2.1075636879289509E-09
  2.1373646861726930E-09
  2.1679107343140318E-09
  2.1992283382860236E-09
  2.2313452324321474E-09
  2.2642904500619893E-09
  2.2980943988869983E-09
  2.3327889416981195E-09
  2.3684074827404134E-09
  2.4049850602358229E-09
  2.4425584455807568E-09
  2.4811662497687609E-09
  2.5208490376801173E-09
  2.5616494508933645E-09
  2.6036123397815035E-09
  2.6467849057162132E-09
  2.6912168542749256E-09
  2.7369605604837845E-09
  2.7840712471583094E-09
  2.8326071776110888E-09
  2.8826298640588965E-09
  2.9342042932356902E-09
 -8.8520372949026679E-07
 -6.4538845747252956E-07
 -4.5243648646426300E-07
 -2.9460503123687731E-07
 -1.6372389196637631E-07
 -5.3909473966229679E-08
  3.9162869396725158E-08
  1.1874147760262935E-07
  1.8731029643731434E-07
  2.4679869949171809E-07
  2.9872612075202347E-07
  3.4430391609210234E-07
  3.8450848151485335E-07
  4.2013463913545913E-07
  4.5183643014789695E-07
  4.8015197734112912E-07
  5.0553351084956449E-07
  5.2835984905155406E-07
  5.4895120930219276E-07
  5.6757986319513922E-07
  5.8447858149959696E-07
  5.9984738269556450E-07
  6.1385896744649804E-07
  6.2666312635689769E-07
  6.3839033915892223E-07
  6.4915473237481004E-07
  6.5905652450558435E-07
  6.6818405923590820E-07
  6.7661550550621032E-07
  6.8442028677733279E-07
  6.9166028911539143E-07
  6.9839088787553014E-07
  7.0466182511548480E-07
  7.1051796388030086E-07
  7.1599994079594310E-07
  7.2114473472941779E-07
  7.2598616637141539E-07
  7.3055534135463473E-07
  7.3488104779183913E-07
  7.3899011784416688E-07
  7.4290776204250952E-07
  7.4665788456955543E-07
  7.5026338755067084E-07
  7.5374647263621618E-07
  7.5712894883100211E-07
  7.6043255674597736E-07
  7.6367932136265360E-07
  7.6689194826030427E-07
  7.7009424436978920E-07
  7.7331177350732457E-07
  7.7657241448152848E-07
  7.7990724380939626E-07
  7.8335159464439381E-07
  7.8694645792321583E-07
  7.9074034343506833E-07
  7.9479181090676088E-07
  7.9917298267644723E-07
  8.0397452681056370E-07
  8.0931289691854054E-07
  8.1534113302495367E-07
  8.2226546477852431E-07
  8.3037172755873518E-07
  8.4007014326225307E-07
  8.5196751227604608E-07
  8.6701255027682849E-07
  8.8676930020157197E-07
  9.1401832106865109E-07
  9.5422862606213239E-07
  1.0198484824858141E-06
  1.1466658425582374E-06
  1.4968069651457297E-06
  7.1077073305672307E-06
 -2.2439913790370079E-07
  2.9817849333007288E-07
  4.5630493076495362E-07
  5.3270376936804324E-07
  5.7773922803790810E-07
  6.0743895260224270E-07
  6.2849516914869287E-07
  6.4419793249350344E-07
  6.5635354091833491E-07
  6.6603638719731889E-07
  6.7392569130715420E-07
  6.8047198131827368E-07
  6.8598594402067535E-07
  6.9068883268734537E-07
  6.9474253238203940E-07
  6.9826820534525287E-07
  7.0135856236513515E-07
  7.0408549778115790E-07
  7.0650581633999496E-07
  7.0866496840343509E-07
  7.1059976498834400E-07
  7.1234034822053242E-07
  5.5325668963591377E-07
  5.5063677677679747E-07
  5.4811079315303945E-07
  5.4567414639869295E-07
  5.4332256567966957E-07
  5.4105207372538853E-07
  1.9177683727219094E-09
  1.9430047610494090E-09
  1.9688299566638358E-09
  1.9952635008871420E-09
  2.0223257788016041E-09
  2.0500380643507770E-09
  2.0784225683026515E-09
  2.1075024893413477E-09
  2.1373020684686318E-09
  2.1678466470231845E-09
  2.1991627285561522E-09
  2.2312780448845740E-09
  2.2642216266399492E-09
  2.2980238786969860E-09
  2.3327166608360441E-09
  2.3683333741046192E-09
  2.4049090533288356E-09
  2.4424804662928146E-09
  2.4810862201548808E-09
  2.5207668757003759E-09
  2.5615650701542767E-09
  2.6035256492424124E-09
  2.6466958093779752E-09
  2.6911252508527948E-09
  2.7368663430260183E-09
  2.7839743026654352E-09
  2.8325073866039293E-09
  2.8825271001147964E-09
  2.9340984224879600E-09
 -8.8852338200164976E-07
 -6.4811579902728189E-07
 -4.5472140290956753E-07
 -2.9655276273485916E-07
 -1.6540931379261774E-07
 -5.5387233922949588E-08
  3.7852018674745598E-08
  1.1756657427313808E-07
  1.8624743272321364E-07
  2.4582914964193092E-07
  2.9783503147261834E-07
  3.4347937217311543E-07
  3.8374082734049793E-07
  4.1941597819216409E-07
  4.5116025533694891E-07
  4.7951287286662739E-07
  5.0492694916968490E-07
  5.2778201747531290E-07
  5.4839887813304788E-07
  5.6705028164778941E-07
  5.8396939486352254E-07
  5.9935656591687772E-07
  6.1338477148856739E-07
  6.2620403461759391E-07
  6.3794503183418403E-07
  6.4872205717314274E-07
  6.5863547245836644E-07
  6.6777374463112185E-07
  6.7621514917653033E-07
  6.8402920214355576E-07
  6.9127787049642169E-07
  6.9801660068695325E-07
  7.0429519765041905E-07
  7.1015858042352758E-07
  7.1564743588214436E-07
  7.2079878838474967E-07
  7.2564650022261233E-07
  7.3022171551060746E-07
  7.3455325843381744E-07
  7.3866799548035266E-07
  7.4259117040877391E-07
  7.4634672017853699E-07
  7.4995757991978692E-07
  7.5344598525228104E-07
  7.5683378094618009E-07
  7.6014274614241185E-07
  7.6339494828514460E-07
  7.6661314078951699E-07
  7.6982118574195502E-07
  7.7304472375669516E-07
  7.7631167285912304E-07
  7.7965324211401384E-07
  7.8310486834036076E-07
  7.8670768933343035E-07
  7.9051040321115180E-07
  7.9457181553859365E-07
  7.9896437564592270E-07
  8.0377919542142521E-07
  8.0913334443665168E-07
  8.1518073915014162E-07
  8.2212889219928654E-07
  8.3026557988335191E-07
  8.4000408485045104E-07
  8.5195622304584817E-07
  8.6707949149543609E-07
  8.8695438888941103E-07
  9.1439538140629223E-07
  9.5495094187208499E-07
  1.0212940325305035E-06
  1.1500751256560360E-06
  1.5095649972689695E-06
  8.1846399971137393E-06
 -2.0361324561321932E-07
  3.0247567285724564E-07
  4.5797150759348150E-07
  5.3349911681203167E-07
  5.7814402568552118E-07
  6.0763645305299070E-07
  6.2857006934563980E-07
  6.4419466997194283E-07
  6.5629763139641031E-07
  6.6594350619927869E-07
  6.7380598897977977E-07
  6.8033231248711306E-07
  6.8583110016928760E-07
  6.9052226044688205E-07
  6.9456677178861281E-07
  6.9808516742967463E-07
  7.0116971104877934E-07
  7.0389197195340402E-07
  7.0630851427692460E-07
  7.0846460721327116E-07
  7.1039692332091449E-07
  7.1213549748365247E-07
  5.5304298082927489E-07
  5.5042213997377047E-07
  5.4789530209275602E-07
  5.4545786861951371E-07
  5.4310556311426029E-07
  5.4083440322971697E-07
  1.9177158723614645E-09
  1.9429511381704538E-09
  1.9687751742553348E-09
  1.9952075203161558E-09
  2.0222685597222990E-09
  2.0499795646096692E-09
  2.0783627438417833E-09
  2.1074412940791701E-09
  2.1372394541978483E-09
  2.1677825632823279E-09
  2.1990971224991608E-09
  2.2312108611345923E-09
  2.2641528071499378E-09
  2.2979533625767255E-09
  2.3326443841906831E-09
  2.3682592698389993E-09
  2.4048330509519505E-09
  2.4424024917086167E-09
  2.4810061954191196E-09
  2.5206847187881737E-09
  2.5614806946781660E-09
  2.6034389641734097E-09
  2.6466067187327883E-09
  2.6910336533503514E-09
  2.7367721317339021E-09
  2.7838773645978358E-09
  2.8324076022973223E-09
  2.8824243431609123E-09
  2.9339925590366683E-09
 -8.9185036923269345E-07
 -6.5084846362703913E-07
 -4.5701025259960028E-07
 -2.9850344881602614E-07
 -1.6709698234014987E-07
 -5.6866717239228900E-08
  3.6539838977415699E-08
  1.1639064407225806E-07
  1.8518377689832445E-07
  2.4485899243196275E-07
  2.9694348187031665E-07
  3.4265448614110344E-07
  3.8297292695062854E-07
  4.1869714947562191E-07
  4.5048397742235929E-07
  4.7887371894675206E-07
  5.0432038286354915E-07
  5.2720421893740243E-07
  5.4784661183146995E-07
  5.6652079200964668E-07
  5.8346032323073047E-07
  5.9886588395968993E-07
  6.1291072744406554E-07
  6.2574510959968857E-07
  6.3749990412520937E-07
  6.4828957286934864E-07
  6.5821462123187548E-07
  6.6736363962101044E-07
  6.7581501024627258E-07
  6.8363834189461477E-07
  6.9089568255931548E-07
  6.9764254990166273E-07
  7.0392881183158302E-07
  7.0979944346608894E-07
  7.1529518200822517E-07
  7.2045309738013434E-07
  7.2530709354068005E-07
  7.2988835315119897E-07
  7.3422573653224434E-07
  7.3834614456259450E-07
  7.4227485429450861E-07
  7.4603583553499713E-07
  7.4965205649666607E-07
  7.5314578685626381E-07
  7.5653890724989005E-07
  7.5985323546780507E-07
  7.6311088155886760E-07
  7.6633464694866216E-07
  7.6954844910718703E-07
  7.7277800599636335E-07
  7.7605127429201729E-07
  7.7939959699396428E-07
  7.8285851485930076E-07
  7.8646931333454124E-07
  7.9028087993999107E-07
  7.9435226755958632E-07
  7.9875625460586255E-07
  8.0358439982071317E-07
  8.0895439321037953E-07
  8.1502103449179039E-07
  8.2199313003998524E-07
  8.3016041468828149E-07
  8.3993926213466830E-07
  8.5194655864215893E-07
  8.6714868936037190E-07
  8.8714283524881551E-07
  9.1477790874451403E-07
  9.5568334471392654E-07
  1.0227620794734588E-06
  1.1535543325079911E-06
  1.5227894562872089E-06
  9.7016598883057289E-06
 -1.8370980109604900E-07
  3.0668391887479521E-07
  4.5961411892858844E-07
  5.3428508165979292E-07
  5.7854437659494438E-07
  6.0783160533984869E-07
  6.2864365392002978E-07
  6.4419065422840158E-07
  6.5624129881731464E-07
  6.6585040741696895E-07
  6.7368620240434169E-07
  6.8019264950639524E-07
  6.8567632481376101E-07
  6.9035580135958927E-07
  6.9439115685049728E-07
  6.9790229925201856E-07
  7.0098104758244241E-07
  7.0369864777072608E-07
  7.0611142447890877E-07
  7.0826446653732426E-07
  7.1019430862212198E-07
  7.1193087879435989E-07
  5.5282948772157906E-07
  5.5020771840231024E-07
  5.4768002585763793E-07
  5.4524180531230763E-07
  5.4288877471410210E-07
  5.4061694663318849E-07
