  0.0000000000000000E+00
  0.0000000000000000E+00
  0.0000000000000000E+00
  0.0000000000000000E+00
  0.0000000000000000E+00
  0.0000000000000000E+00
  0.0000000000000000E+00
  0.0000000000000000E+00
  0.0000000000000000E+00
  0.0000000000000000E+00
  0.0000000000000000E+00
  0.0000000000000000E+00
  0.0000000000000000E+00
  0.0000000000000000E+00
  0.0000000000000000E+00
  0.0000000000000000E+00
  0.0000000000000000E+00
  0.0000000000000000E+00
  0.0000000000000000E+00
  0.0000000000000000E+00
  0.0000000000000000E+00
  0.0000000000000000E+00
  0.0000000000000000E+00
  0.0000000000000000E+00
  0.0000000000000000E+00
  0.0000000000000000E+00
  0.0000000000000000E+00
  0.0000000000000000E+00
  9.5767564824515916E-01
  9.5767564826432372E-01
  9.5767564828572160E-01
  9.5767564823922524E-01
  9.5767564824288220E-01
  9.5767564824593454E-01
  9.5767564824917739E-01
  9.5767564825252716E-01
  9.5767564825551310E-01
  9.5767564825790286E-01
  9.5767564826184381E-01
  9.5767564826516038E-01
  9.5767564826796714E-01
  9.5767564827084239E-01
  9.5767564827445673E-01
  9.5767564827747886E-01
  9.5767564828117269E-01
  9.5767564828454732E-01
  9.5767564828934582E-01
  9.5767564823837692E-01
  9.5767564823792906E-01
  9.5767564823883211E-01
  9.5767564823919704E-01
  9.5767564824105000E-01
  9.5767564824073170E-01
  9.5767564824184392E-01
  9.5767564824264251E-01
  9.5767564824347384E-01
  9.5767564824370477E-01
  9.5767564824441598E-01
  9.5767564824517204E-01
  9.5767564824538021E-01
  9.5767564824695905E-01
  9.5767564824741980E-01
  9.5767564824845808E-01
  9.5767564824921758E-01
  9.5767564824890039E-01
  9.5767564825058971E-01
  9.5767564825088825E-01
  9.5767564825156337E-01
  9.5767564825201734E-01
  9.5767564825391960E-01
  9.5767564825426521E-01
  9.5767564825490348E-01
  9.5767564825626872E-01
  9.5767564823213658E-01
  9.5767564821894524E-01
  9.5767564759810853E-01
  9.5767564758868373E-01
  9.5767564758248813E-01
  9.5767564819691131E-01
  9.5767564819406048E-01
  9.5767564819097883E-01
  9.5767564818860851E-01
  9.5767564818697948E-01
  9.5767564818444040E-01
  9.5767564818291218E-01
  9.5767564818150641E-01
  9.5767564818018569E-01
  9.5767564817902839E-01
  9.5767564817756767E-01
  9.5767564817692419E-01
  9.5767564817604944E-01
  9.5767564817548512E-01
  9.5767564817478668E-01
  9.5767564817397655E-01
  9.5767564817356710E-01
  9.5767564817355200E-01
  9.5767564817353434E-01
  9.5767564817324768E-01
  9.5767564817314643E-01
  9.5767564817273454E-01
  9.5767564817263329E-01
  9.5767564817282835E-01
  9.5767564817306960E-01
  9.5767564817343309E-01
  9.5767564817357120E-01
  9.5767564817435669E-01
  9.5767564817464945E-01
  9.5767564817527040E-01
  9.5767564817628914E-01
  9.5767564817680595E-01
  9.5767564817795814E-01
  9.5767564817924800E-01
  9.5767564818045547E-01
  9.5767564818192230E-01
  9.5767564818376072E-01
  9.5767564818591033E-01
  9.5767564818832207E-01
  9.5767564819115270E-01
  9.5767564819469553E-01
  9.5767564819905804E-01
  9.5767564820443030E-01
  9.5767564821144568E-01
  9.5767564817647177E-01
  9.6093750000000000E-01
  9.6875000000000000E-01
  9.7656250000000000E-01
  9.8437500000000000E-01
  9.9218750000000000E-01
  1.0000000000000000E+00
  0.0000000000000000E+00
  0.0000000000000000E+00
  0.0000000000000000E+00
  0.0000000000000000E+00
  0.0000000000000000E+00
  0.0000000000000000E+00
  0.0000000000000000E+00
  0.0000000000000000E+00
  0.0000000000000000E+00
  0.0000000000000000E+00
  0.0000000000000000E+00
  0.0000000000000000E+00
  0.0000000000000000E+00
  0.0000000000000000E+00
  0.0000000000000000E+00
  0.0000000000000000E+00
  0.0000000000000000E+00
  0.0000000000000000E+00
  0.0000000000000000E+00
  0.0000000000000000E+00
  0.0000000000000000E+00
  0.0000000000000000E+00
  0.0000000000000000E+00
  0.0000000000000000E+00
  0.0000000000000000E+00
  0.0000000000000000E+00
  0.0000000000000000E+00
  0.0000000000000000E+00
  9.5768942912105692E-01
  9.5768942914151811E-01
  9.5768942916069821E-01
  9.5768942911551902E-01
  9.5768942911863353E-01
  9.5768942912171462E-01
  9.5768942912429356E-01
  9.5768942912871458E-01
  9.5768942913206567E-01
  9.5768942913417343E-01
  9.5768942913741706E-01
  9.5768942914144373E-01
  9.5768942914485811E-01
  9.5768942914808730E-01
  9.5768942915151045E-01
  9.5768942915414335E-01
  9.5768942915727107E-01
  9.5768942916205657E-01
  9.5768942916427435E-01
  9.5768942911413435E-01
  9.5768942911513688E-01
  9.5768942911544286E-01
  9.5768942911553379E-01
  9.5768942911634425E-01
  9.5768942911714927E-01
  9.5768942911805510E-01
  9.5768942911904864E-01
  9.5768942911882848E-01
  9.5768942912065114E-01
  9.5768942912023802E-01
  9.5768942912089894E-01
  9.5768942912196708E-01
  9.5768942912207367E-01
  9.5768942912340815E-01
  9.5768942912439958E-01
  9.5768942912555766E-01
  9.5768942912567601E-01
  9.5768942912585153E-01
  9.5768942912725508E-01
  9.5768942912836474E-01
  9.5768942912825650E-01
  9.5768942913002175E-01
  9.5768942913064392E-01
  9.5768942913178146E-01
  9.5768942913171795E-01
  9.5768942910822041E-01
  9.5768942909476962E-01
  9.5768942847294636E-01
  9.5768942846344474E-01
  9.5768942845672744E-01
  9.5768942907333854E-01
  9.5768942907036603E-01
  9.5768942906740218E-01
  9.5768942906513654E-01
  9.5768942906269083E-01
  9.5768942906033927E-01
  9.5768942905915377E-01
  9.5768942905722620E-01
  9.5768942905614207E-01
  9.5768942905502830E-01
  9.5768942905405863E-01
  9.5768942905334908E-01
  9.5768942905186782E-01
  9.5768942905170629E-01
  9.5768942905114940E-01
  9.5768942905013710E-01
  9.5768942904961962E-01
  9.5768942904926957E-01
  9.5768942904900067E-01
  9.5768942904885390E-01
  9.5768942904887400E-01
  9.5768942904870735E-01
  9.5768942904879373E-01
  9.5768942904867338E-01
  9.5768942904895149E-01
  9.5768942904910714E-01
  9.5768942904992460E-01
  9.5768942905013299E-01
  9.5768942905046384E-01
  9.5768942905144860E-01
  9.5768942905214238E-01
  9.5768942905278520E-01
  9.5768942905380805E-01
  9.5768942905507626E-01
  9.5768942905640486E-01
  9.5768942905793564E-01
  9.5768942905963095E-01
  9.5768942906194399E-01
  9.5768942906420107E-01
  9.5768942906719956E-01
  9.5768942907073107E-01
  9.5768942907514332E-01
  9.5768942908047117E-01
  9.5768942908757781E-01
  9.5768942905235788E-01
  9.6093750000000000E-01
  9.6875000000000000E-01
  9.7656250000000000E-01
  9.8437500000000000E-01
  9.9218750000000000E-01
  1.0000000000000000E+00
  0.0000000000000000E+00
  0.0000000000000000E+00
  0.0000000000000000E+00
  0.0000000000000000E+00
  0.0000000000000000E+00
  0.0000000000000000E+00
  0.0000000000000000E+00
  0.0000000000000000E+00
  0.0000000000000000E+00
  0.0000000000000000E+00
  0.0000000000000000E+00
  0.0000000000000000E+00
  0.0000000000000000E+00
  0.0000000000000000E+00
  0.0000000000000000E+00
  0.0000000000000000E+00
  0.0000000000000000E+00
  0.0000000000000000E+00
  0.0000000000000000E+00
  0.0000000000000000E+00
  0.0000000000000000E+00
  0.0000000000000000E+00
  0.0000000000000000E+00
  0.0000000000000000E+00
  0.0000000000000000E+00
  0.0000000000000000E+00
  0.0000000000000000E+00
  0.0000000000000000E+00
  9.5770319404069371E-01
  9.5770319406100857E-01
  9.5770319408102800E-01
  9.5770319403525472E-01
  9.5770319403792570E-01
  9.5770319404113524E-01
  9.5770319404558091E-01
  9.5770319404872140E-01
  9.5770319405136806E-01
  9.5770319405442772E-01
  9.5770319405687643E-01
  9.5770319406025184E-01
  9.5770319406422666E-01
  9.5770319406776594E-01
  9.5770319407127136E-01
  9.5770319407378013E-01
  9.5770319407848414E-01
  9.5770319408089699E-01
  9.5770319408456428E-01
  9.5770319403418491E-01
  9.5770319403430437E-01
  9.5770319403608262E-01
  9.5770319403647586E-01
  9.5770319403704840E-01
  9.5770319403790638E-01
  9.5770319403758086E-01
  9.5770319403854343E-01
  9.5770319403857118E-01
  9.5770319404026338E-01
  9.5770319403999993E-01
  9.5770319404105797E-01
  9.5770319404228110E-01
  9.5770319404279058E-01
  9.5770319404292681E-01
  9.5770319404414750E-01
  9.5770319404465509E-01
  9.5770319404607174E-01
  9.5770319404627802E-01
  9.5770319404688131E-01
  9.5770319404763549E-01
  9.5770319404864079E-01
  9.5770319404966475E-01
  9.5770319405081117E-01
  9.5770319405186788E-01
  9.5770319405195048E-01
  9.5770319402829762E-01
  9.5770319401504411E-01
  9.5770319339142451E-01
  9.5770319338152077E-01
  9.5770319337586307E-01
  9.5770319399278747E-01
  9.5770319398968862E-01
  9.5770319398671988E-01
  9.5770319398455095E-01
  9.5770319398219683E-01
  9.5770319398040427E-01
  9.5770319397870773E-01
  9.5770319397736681E-01
  9.5770319397572357E-01
  9.5770319397510717E-01
  9.5770319397364689E-01
  9.5770319397290637E-01
  9.5770319397194936E-01
  9.5770319397116488E-01
  9.5770319397070636E-01
  9.5770319397021719E-01
  9.5770319396926351E-01
  9.5770319396928349E-01
  9.5770319396869452E-01
  9.5770319396861670E-01
  9.5770319396869419E-01
  9.5770319396870018E-01
  9.5770319396843173E-01
  9.5770319396859571E-01
  9.5770319396888826E-01
  9.5770319396911796E-01
  9.5770319396933468E-01
  9.5770319396959458E-01
  9.5770319397023695E-01
  9.5770319397116321E-01
  9.5770319397171066E-01
  9.5770319397273995E-01
  9.5770319397346981E-01
  9.5770319397467707E-01
  9.5770319397597070E-01
  9.5770319397777759E-01
  9.5770319397961312E-01
  9.5770319398159420E-01
  9.5770319398410519E-01
  9.5770319398700665E-01
  9.5770319399057791E-01
  9.5770319399492976E-01
  9.5770319400028314E-01
  9.5770319400738491E-01
  9.5770319397192649E-01
  9.6093750000000000E-01
  9.6875000000000000E-01
  9.7656250000000000E-01
  9.8437500000000000E-01
  9.9218750000000000E-01
  1.0000000000000000E+00
  0.0000000000000000E+00
  0.0000000000000000E+00
  0.0000000000000000E+00
  0.0000000000000000E+00
  0.0000000000000000E+00
  0.0000000000000000E+00
  0.0000000000000000E+00
  0.0000000000000000E+00
  0.0000000000000000E+00
  0.0000000000000000E+00
  0.0000000000000000E+00
  0.0000000000000000E+00
  0.0000000000000000E+00
  0.0000000000000000E+00
  0.0000000000000000E+00
  0.0000000000000000E+00
  0.0000000000000000E+00
  0.0000000000000000E+00
  0.0000000000000000E+00
  0.0000000000000000E+00
  0.0000000000000000E+00
  0.0000000000000000E+00
  0.0000000000000000E+00
  0.0000000000000000E+00
  0.0000000000000000E+00
  0.0000000000000000E+00
  0.0000000000000000E+00
  0.0000000000000000E+00
  9.5771694302697064E-01
  9.5771694304758470E-01
  9.5771694306886546E-01
  9.5771694302211874E-01
  9.5771694302612875E-01
  9.5771694302945809E-01
  9.5771694303108967E-01
  9.5771694303526433E-01
  9.5771694303727561E-01
  9.5771694304154353E-01
  9.5771694304470334E-01
  9.5771694304800070E-01
  9.5771694305096589E-01
  9.5771694305502608E-01
  9.5771694305865740E-01
  9.5771694306108557E-01
  9.5771694306566957E-01
  9.5771694306778365E-01
  9.5771694307204225E-01
  9.5771694302179688E-01
  9.5771694302106825E-01
  9.5771694302259636E-01
  9.5771694302303834E-01
  9.5771694302395050E-01
  9.5771694302394594E-01
  9.5771694302463151E-01
  9.5771694302596133E-01
  9.5771694302661270E-01
  9.5771694302717836E-01
  9.5771694302754662E-01
  9.5771694302826138E-01
  9.5771694302940891E-01
  9.5771694303010291E-01
  9.5771694303067090E-01
  9.5771694303161981E-01
  9.5771694303191279E-01
  9.5771694303226584E-01
  9.5771694303314581E-01
  9.5771694303357313E-01
  9.5771694303545252E-01
  9.5771694303570121E-01
  9.5771694303622767E-01
  9.5771694303729760E-01
  9.5771694303851074E-01
  9.5771694303948018E-01
  9.5771694301648203E-01
  9.5771694300233468E-01
  9.5771694237691551E-01
  9.5771694236779659E-01
  9.5771694236047211E-01
  9.5771694297972021E-01
  9.5771694297616361E-01
  9.5771694297326748E-01
  9.5771694297123422E-01
  9.5771694296883547E-01
  9.5771694296731702E-01
  9.5771694296544152E-01
  9.5771694296396015E-01
  9.5771694296221754E-01
  9.5771694296129939E-01
  9.5771694296025978E-01
  9.5771694295909293E-01
  9.5771694295848975E-01
  9.5771694295793852E-01
  9.5771694295712184E-01
  9.5771694295670351E-01
  9.5771694295607768E-01
  9.5771694295589749E-01
  9.5771694295540855E-01
  9.5771694295521359E-01
  9.5771694295521481E-01
  9.5771694295501053E-01
  9.5771694295540122E-01
  9.5771694295504783E-01
  9.5771694295553034E-01
  9.5771694295570353E-01
  9.5771694295604071E-01
  9.5771694295661258E-01
  9.5771694295703680E-01
  9.5771694295768406E-01
  9.5771694295842891E-01
  9.5771694295928755E-01
  9.5771694296037324E-01
  9.5771694296136967E-01
  9.5771694296268217E-01
  9.5771694296447274E-01
  9.5771694296612253E-01
  9.5771694296820664E-01
  9.5771694297083032E-01
  9.5771694297366139E-01
  9.5771694297716725E-01
  9.5771694298151711E-01
  9.5771694298712817E-01
  9.5771694299412036E-01
  9.5771694295842313E-01
  9.6093750000000000E-01
  9.6875000000000000E-01
  9.7656250000000000E-01
  9.8437500000000000E-01
  9.9218750000000000E-01
  1.0000000000000000E+00
  0.0000000000000000E+00
  0.0000000000000000E+00
  0.0000000000000000E+00
  0.0000000000000000E+00
  0.0000000000000000E+00
  0.0000000000000000E+00
  0.0000000000000000E+00
  0.0000000000000000E+00
  0.0000000000000000E+00
  0.0000000000000000E+00
  0.0000000000000000E+00
  0.0000000000000000E+00
  0.0000000000000000E+00
  0.0000000000000000E+00
  0.0000000000000000E+00
  0.0000000000000000E+00
  0.0000000000000000E+00
  0.0000000000000000E+00
  0.0000000000000000E+00
  0.0000000000000000E+00
  0.0000000000000000E+00
  0.0000000000000000E+00
  0.0000000000000000E+00
  0.0000000000000000E+00
  0.0000000000000000E+00
  0.0000000000000000E+00
  0.0000000000000000E+00
  0.0000000000000000E+00
  9.5773067610347540E-01
  9.5773067612454688E-01
  9.5773067614562535E-01
  9.5773067609952334E-01
  9.5773067610207063E-01
  9.5773067610457674E-01
  9.5773067610820395E-01
  9.5773067611121965E-01
  9.5773067611514251E-01
  9.5773067611834739E-01
  9.5773067612226404E-01
  9.5773067612569929E-01
  9.5773067612752505E-01
  9.5773067613198604E-01
  9.5773067613511775E-01
  9.5773067613879925E-01
  9.5773067614125384E-01
  9.5773067614514307E-01
  9.5773067614987561E-01
  9.5773067609734053E-01
  9.5773067609837415E-01
  9.5773067609934359E-01
  9.5773067609954654E-01
  9.5773067610051599E-01
  9.5773067610072682E-01
  9.5773067610136275E-01
  9.5773067610291562E-01
  9.5773067610277551E-01
  9.5773067610410245E-01
  9.5773067610423734E-01
  9.5773067610487983E-01
  9.5773067610523266E-01
  9.5773067610658746E-01
  9.5773067610688634E-01
  9.5773067610783069E-01
  9.5773067610856311E-01
  9.5773067610958629E-01
  9.5773067611008278E-01
  9.5773067611056462E-01
  9.5773067611186102E-01
  9.5773067611282281E-01
  9.5773067611325313E-01
  9.5773067611481011E-01
  9.5773067611572538E-01
  9.5773067611647378E-01
  9.5773067609394436E-01
  9.5773067607934048E-01
  9.5773067545230739E-01
  9.5773067544291646E-01
  9.5773067543604096E-01
  9.5773067605644435E-01
  9.5773067605353290E-01
  9.5773067605046236E-01
  9.5773067604851592E-01
  9.5773067604593920E-01
  9.5773067604402851E-01
  9.5773067604216466E-01
  9.5773067604106521E-01
  9.5773067603944284E-01
  9.5773067603816753E-01
  9.5773067603707884E-01
  9.5773067603582918E-01
  9.5773067603569295E-01
  9.5773067603450857E-01
  9.5773067603359452E-01
  9.5773067603361495E-01
  9.5773067603279194E-01
  9.5773067603282636E-01
  9.5773067603223927E-01
  9.5773067603227202E-01
  9.5773067603216133E-01
  9.5773067603185680E-01
  9.5773067603208928E-01
  9.5773067603220985E-01
  9.5773067603242912E-01
  9.5773067603235185E-01
  9.5773067603266793E-01
  9.5773067603336448E-01
  9.5773067603387152E-01
  9.5773067603457673E-01
  9.5773067603528683E-01
  9.5773067603621664E-01
  9.5773067603714190E-01
  9.5773067603816286E-01
  9.5773067603972872E-01
  9.5773067604099427E-01
  9.5773067604301809E-01
  9.5773067604505180E-01
  9.5773067604750661E-01
  9.5773067605047679E-01
  9.5773067605413731E-01
  9.5773067605835471E-01
  9.5773067606392503E-01
  9.5773067607102913E-01
  9.5773067603508599E-01
  9.6093750000000000E-01
  9.6875000000000000E-01
  9.7656250000000000E-01
  9.8437500000000000E-01
  9.9218750000000000E-01
  1.0000000000000000E+00
  0.0000000000000000E+00
  0.0000000000000000E+00
  0.0000000000000000E+00
  0.0000000000000000E+00
  0.0000000000000000E+00
  0.0000000000000000E+00
  0.0000000000000000E+00
  0.0000000000000000E+00
  0.0000000000000000E+00
  0.0000000000000000E+00
  0.0000000000000000E+00
  0.0000000000000000E+00
  0.0000000000000000E+00
  0.0000000000000000E+00
  0.0000000000000000E+00
  0.0000000000000000E+00
  0.0000000000000000E+00
  0.0000000000000000E+00
  0.0000000000000000E+00
  0.0000000000000000E+00
  0.0000000000000000E+00
  0.0000000000000000E+00
  0.0000000000000000E+00
  0.0000000000000000E+00
  0.0000000000000000E+00
  0.0000000000000000E+00
  0.0000000000000000E+00
  0.0000000000000000E+00
  9.5774439329450456E-01
  9.5774439331467442E-01
  9.5774439333452721E-01
  9.5774439329039907E-01
  9.5774439329277172E-01
  9.5774439329671179E-01
  9.5774439329978001E-01
  9.5774439330179639E-01
  9.5774439330528849E-01
  9.5774439330876771E-01
  9.5774439331107297E-01
  9.5774439331610595E-01
  9.5774439331872696E-01
  9.5774439332186390E-01
  9.5774439332534178E-01
  9.5774439332900563E-01
  9.5774439333170480E-01
  9.5774439333535100E-01
  9.5774439334011252E-01
  9.5774439328864358E-01
  9.5774439328846706E-01
  9.5774439328955230E-01
  9.5774439329003147E-01
  9.5774439329155248E-01
  9.5774439329111205E-01
  9.5774439329193917E-01
  9.5774439329288630E-01
  9.5774439329371430E-01
  9.5774439329350469E-01
  9.5774439329533201E-01
  9.5774439329489791E-01
  9.5774439329609229E-01
  9.5774439329734251E-01
  9.5774439329759276E-01
  9.5774439329779559E-01
  9.5774439329917960E-01
  9.5774439330016736E-01
  9.5774439330087491E-01
  9.5774439330198846E-01
  9.5774439330271599E-01
  9.5774439330268135E-01
  9.5774439330349403E-01
  9.5774439330464178E-01
  9.5774439330531236E-01
  9.5774439330638284E-01
  9.5774439328451544E-01
  9.5774439326954497E-01
  9.5774439264172195E-01
  9.5774439263155708E-01
  9.5774439262557032E-01
  9.5774439324685468E-01
  9.5774439324355864E-01
  9.5774439324052951E-01
  9.5774439323781502E-01
  9.5774439323593197E-01
  9.5774439323439831E-01
  9.5774439323265137E-01
  9.5774439323104366E-01
  9.5774439322913907E-01
  9.5774439322800164E-01
  9.5774439322746019E-01
  9.5774439322617999E-01
  9.5774439322538119E-01
  9.5774439322479843E-01
  9.5774439322426552E-01
  9.5774439322328964E-01
  9.5774439322295435E-01
  9.5774439322267213E-01
  9.5774439322238480E-01
  9.5774439322211913E-01
  9.5774439322206339E-01
  9.5774439322203764E-01
  9.5774439322190363E-01
  9.5774439322203975E-01
  9.5774439322220706E-01
  9.5774439322258453E-01
  9.5774439322267535E-01
  9.5774439322339300E-01
  9.5774439322383020E-01
  9.5774439322435134E-01
  9.5774439322531091E-01
  9.5774439322620608E-01
  9.5774439322717653E-01
  9.5774439322842886E-01
  9.5774439322972615E-01
  9.5774439323118798E-01
  9.5774439323310645E-01
  9.5774439323512606E-01
  9.5774439323759386E-01
  9.5774439324057459E-01
  9.5774439324423521E-01
  9.5774439324852279E-01
  9.5774439325409233E-01
  9.5774439326118355E-01
  9.5774439322497540E-01
  9.6093750000000000E-01
  9.6875000000000000E-01
  9.7656250000000000E-01
  9.8437500000000000E-01
  9.9218750000000000E-01
  1.0000000000000000E+00
  0.0000000000000000E+00
  0.0000000000000000E+00
  0.0000000000000000E+00
  0.0000000000000000E+00
  0.0000000000000000E+00
  0.0000000000000000E+00
  0.0000000000000000E+00
  0.0000000000000000E+00
  0.0000000000000000E+00
  0.0000000000000000E+00
  0.0000000000000000E+00
  0.0000000000000000E+00
  0.0000000000000000E+00
  0.0000000000000000E+00
  0.0000000000000000E+00
  0.0000000000000000E+00
  0.0000000000000000E+00
  0.0000000000000000E+00
  0.0000000000000000E+00
  0.0000000000000000E+00
  0.0000000000000000E+00
  0.0000000000000000E+00
  0.0000000000000000E+00
  0.0000000000000000E+00
  0.0000000000000000E+00
  0.0000000000000000E+00
  0.0000000000000000E+00
  0.0000000000000000E+00
  9.5775809461911998E-01
  9.5775809464142492E-01
  9.5775809466150819E-01
  9.5775809461584482E-01
  9.5775809461936356E-01
  9.5775809462241157E-01
  9.5775809462537342E-01
  9.5775809462860817E-01
  9.5775809463145878E-01
  9.5775809463519912E-01
  9.5775809463842188E-01
  9.5775809464161665E-01
  9.5775809464521233E-01
  9.5775809464905748E-01
  9.5775809465202133E-01
  9.5775809465499340E-01
  9.5775809465938089E-01
  9.5775809466319839E-01
  9.5775809466586315E-01
  9.5775809461493588E-01
  9.5775809461582762E-01
  9.5775809461641415E-01
  9.5775809461683525E-01
  9.5775809461721573E-01
  9.5775809461743366E-01
  9.5775809461917305E-01
  9.5775809461962258E-01
  9.5775809462047401E-01
  9.5775809462055639E-01
  9.5775809462147665E-01
  9.5775809462229122E-01
  9.5775809462312256E-01
  9.5775809462330308E-01
  9.5775809462413752E-01
  9.5775809462515915E-01
  9.5775809462533923E-01
  9.5775809462650985E-01
  9.5775809462782846E-01
  9.5775809462851869E-01
  9.5775809462944350E-01
  9.5775809462983408E-01
  9.5775809463018180E-01
  9.5775809463128869E-01
  9.5775809463240646E-01
  9.5775809463299300E-01
  9.5775809461227235E-01
  9.5775809459655648E-01
  9.5775809396672917E-01
  9.5775809395705203E-01
  9.5775809394973177E-01
  9.5775809457390404E-01
  9.5775809457009986E-01
  9.5775809456707550E-01
  9.5775809456433958E-01
  9.5775809456210748E-01
  9.5775809456063810E-01
  9.5775809455867644E-01
  9.5775809455720684E-01
  9.5775809455592953E-01
  9.5775809455510685E-01
  9.5775809455402150E-01
  9.5775809455268868E-01
  9.5775809455166450E-01
  9.5775809455119520E-01
  9.5775809455044247E-01
  9.5775809454972149E-01
  9.5775809454943794E-01
  9.5775809454911809E-01
  9.5775809454885352E-01
  9.5775809454855587E-01
  9.5775809454855720E-01
  9.5775809454822269E-01
  9.5775809454834759E-01
  9.5775809454833094E-01
  9.5775809454874061E-01
  9.5775809454900751E-01
  9.5775809454911187E-01
  9.5775809454973282E-01
  9.5775809455023886E-01
  9.5775809455085203E-01
  9.5775809455151029E-01
  9.5775809455255323E-01
  9.5775809455341254E-01
  9.5775809455469940E-01
  9.5775809455594763E-01
  9.5775809455748817E-01
  9.5775809455947858E-01
  9.5775809456151217E-01
  9.5775809456402206E-01
  9.5775809456703964E-01
  9.5775809457071648E-01
  9.5775809457511285E-01
  9.5775809458053185E-01
  9.5775809458764982E-01
  9.5775809455123140E-01
  9.6093750000000000E-01
  9.6875000000000000E-01
  9.7656250000000000E-01
  9.8437500000000000E-01
  9.9218750000000000E-01
  1.0000000000000000E+00
  0.0000000000000000E+00
  0.0000000000000000E+00
  0.0000000000000000E+00
  0.0000000000000000E+00
  0.0000000000000000E+00
  0.0000000000000000E+00
  0.0000000000000000E+00
  0.0000000000000000E+00
  0.0000000000000000E+00
  0.0000000000000000E+00
  0.0000000000000000E+00
  0.0000000000000000E+00
  0.0000000000000000E+00
  0.0000000000000000E+00
  0.0000000000000000E+00
  0.0000000000000000E+00
  0.0000000000000000E+00
  0.0000000000000000E+00
  0.0000000000000000E+00
  0.0000000000000000E+00
  0.0000000000000000E+00
  0.0000000000000000E+00
  0.0000000000000000E+00
  0.0000000000000000E+00
  0.0000000000000000E+00
  0.0000000000000000E+00
  0.0000000000000000E+00
  0.0000000000000000E+00
  9.5777178010620767E-01
  9.5777178012747877E-01
  9.5777178014646003E-01
  9.5777178010160513E-01
  9.5777178010509922E-01
  9.5777178010845732E-01
  9.5777178011082575E-01
  9.5777178011560105E-01
  9.5777178011792541E-01
  9.5777178012054742E-01
  9.5777178012539610E-01
  9.5777178012794129E-01
  9.5777178013173347E-01
  9.5777178013421316E-01
  9.5777178013764608E-01
  9.5777178014168762E-01
  9.5777178014531938E-01
  9.5777178014915942E-01
  9.5777178015168385E-01
  9.5777178010045527E-01
  9.5777178010119224E-01
  9.5777178010193131E-01
  9.5777178010278907E-01
  9.5777178010388708E-01
  9.5777178010347486E-01
  9.5777178010513631E-01
  9.5777178010578379E-01
  9.5777178010559294E-01
  9.5777178010641950E-01
  9.5777178010708719E-01
  9.5777178010792174E-01
  9.5777178010902908E-01
  9.5777178010973740E-01
  9.5777178011038289E-01
  9.5777178011126762E-01
  9.5777178011176367E-01
  9.5777178011219366E-01
  9.5777178011322917E-01
  9.5777178011425024E-01
  9.5777178011555641E-01
  9.5777178011551423E-01
  9.5777178011705977E-01
  9.5777178011719455E-01
  9.5777178011852315E-01
  9.5777178011971731E-01
  9.5777178009917052E-01
  9.5777178008284747E-01
  9.5777177945139913E-01
  9.5777177944161973E-01
  9.5777177943503289E-01
  9.5777178005916930E-01
  9.5777178005608121E-01
  9.5777178005310526E-01
  9.5777178005056207E-01
  9.5777178004874997E-01
  9.5777178004606689E-01
  9.5777178004447849E-01
  9.5777178004285934E-01
  9.5777178004191155E-01
  9.5777178004072006E-01
  9.5777178003967389E-01
  9.5777178003813868E-01
  9.5777178003732255E-01
  9.5777178003686214E-01
  9.5777178003629371E-01
  9.5777178003565966E-01
  9.5777178003520380E-01
  9.5777178003473307E-01
  9.5777178003455044E-01
  9.5777178003448027E-01
  9.5777178003430785E-01
  9.5777178003386620E-01
  9.5777178003417529E-01
  9.5777178003419827E-01
  9.5777178003426944E-01
  9.5777178003466068E-01
  9.5777178003505803E-01
  9.5777178003531771E-01
  9.5777178003581809E-01
  9.5777178003669605E-01
  9.5777178003727248E-01
  9.5777178003824870E-01
  9.5777178003920749E-01
  9.5777178004040275E-01
  9.5777178004180541E-01
  9.5777178004340358E-01
  9.5777178004513641E-01
  9.5777178004735020E-01
  9.5777178004990238E-01
  9.5777178005296115E-01
  9.5777178005650843E-01
  9.5777178006083685E-01
  9.5777178006647767E-01
  9.5777178007364816E-01
  9.5777178003690078E-01
  9.6093750000000000E-01
  9.6875000000000000E-01
  9.7656250000000000E-01
  9.8437500000000000E-01
  9.9218750000000000E-01
  1.0000000000000000E+00
  0.0000000000000000E+00
  0.0000000000000000E+00
  0.0000000000000000E+00
  0.0000000000000000E+00
  0.0000000000000000E+00
  0.0000000000000000E+00
  0.0000000000000000E+00
  0.0000000000000000E+00
  0.0000000000000000E+00
  0.0000000000000000E+00
  0.0000000000000000E+00
  0.0000000000000000E+00
  0.0000000000000000E+00
  0.0000000000000000E+00
  0.0000000000000000E+00
  0.0000000000000000E+00
  0.0000000000000000E+00
  0.0000000000000000E+00
  0.0000000000000000E+00
  0.0000000000000000E+00
  0.0000000000000000E+00
  0.0000000000000000E+00
  0.0000000000000000E+00
  0.0000000000000000E+00
  0.0000000000000000E+00
  0.0000000000000000E+00
  0.0000000000000000E+00
  0.0000000000000000E+00
  9.5778544977299962E-01
  9.5778544979476976E-01
  9.5778544981524150E-01
  9.5778544977071078E-01
  9.5778544977383495E-01
  9.5778544977634938E-01
  9.5778544978050117E-01
  9.5778544978412128E-01
  9.5778544978701818E-01
  9.5778544978975100E-01
  9.5778544979319158E-01
  9.5778544979701841E-01
  9.5778544980060332E-01
  9.5778544980368574E-01
  9.5778544980749136E-01
  9.5778544981103353E-01
  9.5778544981370672E-01
  9.5778544981738012E-01
  9.5778544982104719E-01
  9.5778544976939584E-01
  9.5778544977044411E-01
  9.5778544977008495E-01
  9.5778544977184810E-01
  9.5778544977247293E-01
  9.5778544977213986E-01
  9.5778544977391755E-01
  9.5778544977365498E-01
  9.5778544977436486E-01
  9.5778544977485081E-01
  9.5778544977567337E-01
  9.5778544977670887E-01
  9.5778544977728430E-01
  9.5778544977773861E-01
  9.5778544977838564E-01
  9.5778544977953184E-01
  9.5778544978072389E-01
  9.5778544978096714E-01
  9.5778544978225477E-01
  9.5778544978232660E-01
  9.5778544978331237E-01
  9.5778544978442515E-01
  9.5778544978509361E-01
  9.5778544978597147E-01
  9.5778544978667568E-01
  9.5778544978748936E-01
  9.5778544976843449E-01
  9.5778544975182245E-01
  9.5778544911842944E-01
  9.5778544910824115E-01
  9.5778544910194674E-01
  9.5778544972754731E-01
  9.5778544972427526E-01
  9.5778544972100399E-01
  9.5778544971864876E-01
  9.5778544971708712E-01
  9.5778544971500323E-01
  9.5778544971257240E-01
  9.5778544971121615E-01
  9.5778544971003354E-01
  9.5778544970905710E-01
  9.5778544970754020E-01
  9.5778544970669321E-01
  9.5778544970603119E-01
  9.5778544970506851E-01
  9.5778544970406099E-01
  9.5778544970384383E-01
  9.5778544970353729E-01
  9.5778544970317414E-01
  9.5778544970277490E-01
  9.5778544970243473E-01
  9.5778544970233803E-01
  9.5778544970255119E-01
  9.5778544970203283E-01
  9.5778544970232560E-01
  9.5778544970264345E-01
  9.5778544970297486E-01
  9.5778544970308466E-01
  9.5778544970359802E-01
  9.5778544970430413E-01
  9.5778544970487933E-01
  9.5778544970557911E-01
  9.5778544970631208E-01
  9.5778544970757362E-01
  9.5778544970883439E-01
  9.5778544971017843E-01
  9.5778544971167900E-01
  9.5778544971331236E-01
  9.5778544971553481E-01
  9.5778544971814261E-01
  9.5778544972107582E-01
  9.5778544972466850E-01
  9.5778544972912694E-01
  9.5778544973465107E-01
  9.5778544974188240E-01
  9.5778544970502377E-01
  9.6093750000000000E-01
  9.6875000000000000E-01
  9.7656250000000000E-01
  9.8437500000000000E-01
  9.9218750000000000E-01
  1.0000000000000000E+00
  0.0000000000000000E+00
  0.0000000000000000E+00
  0.0000000000000000E+00
  0.0000000000000000E+00
  0.0000000000000000E+00
  0.0000000000000000E+00
  0.0000000000000000E+00
  0.0000000000000000E+00
  0.0000000000000000E+00
  0.0000000000000000E+00
  0.0000000000000000E+00
  0.0000000000000000E+00
  0.0000000000000000E+00
  0.0000000000000000E+00
  0.0000000000000000E+00
  0.0000000000000000E+00
  0.0000000000000000E+00
  0.0000000000000000E+00
  0.0000000000000000E+00
  0.0000000000000000E+00
  0.0000000000000000E+00
  0.0000000000000000E+00
  0.0000000000000000E+00
  0.0000000000000000E+00
  0.0000000000000000E+00
  0.0000000000000000E+00
  0.0000000000000000E+00
  0.0000000000000000E+00
  9.5779910364830145E-01
  9.5779910366900434E-01
  9.5779910368950427E-01
  9.5779910364434984E-01
  9.5779910364701482E-01
  9.5779910364965182E-01
  9.5779910365323540E-01
  9.5779910365783705E-01
  9.5779910366025101E-01
  9.5779910366397436E-01
  9.5779910366610299E-01
  9.5779910367006782E-01
  9.5779910367372900E-01
  9.5779910367651400E-01
  9.5779910368050480E-01
  9.5779910368434018E-01
  9.5779910368711052E-01
  9.5779910369099452E-01
  9.5779910369531784E-01
  9.5779910364314536E-01
  9.5779910364411813E-01
  9.5779910364509813E-01
  9.5779910364486021E-01
  9.5779910364548559E-01
  9.5779910364556187E-01
  9.5779910364668486E-01
  9.5779910364725518E-01
  9.5779910364776277E-01
  9.5779910364854870E-01
  9.5779910364970688E-01
  9.5779910365011611E-01
  9.5779910365055521E-01
  9.5779910365231402E-01
  9.5779910365196230E-01
  9.5779910365392573E-01
  9.5779910365352960E-01
  9.5779910365526344E-01
  9.5779910365569232E-01
  9.5779910365661292E-01
  9.5779910365760945E-01
  9.5779910365775200E-01
  9.5779910365909282E-01
  9.5779910366002252E-01
  9.5779910366083831E-01
  9.5779910366225085E-01
  9.5779910364230147E-01
  9.5779910362573106E-01
  9.5779910299050008E-01
  9.5779910298088522E-01
  9.5779910297370696E-01
  9.5779910360141063E-01
  9.5779910359847575E-01
  9.5779910359506748E-01
  9.5779910359280485E-01
  9.5779910359035481E-01
  9.5779910358852727E-01
  9.5779910358687759E-01
  9.5779910358456677E-01
  9.5779910358360976E-01
  9.5779910358239706E-01
  9.5779910358125342E-01
  9.5779910358011078E-01
  9.5779910357902909E-01
  9.5779910357876130E-01
  9.5779910357770115E-01
  9.5779910357732445E-01
  9.5779910357665776E-01
  9.5779910357627707E-01
  9.5779910357640230E-01
  9.5779910357602838E-01
  9.5779910357581710E-01
  9.5779910357560460E-01
  9.5779910357568387E-01
  9.5779910357610720E-01
  9.5779910357612541E-01
  9.5779910357626108E-01
  9.5779910357660081E-01
  9.5779910357722664E-01
  9.5779910357785936E-01
  9.5779910357838094E-01
  9.5779910357897913E-01
  9.5779910358009102E-01
  9.5779910358105047E-01
  9.5779910358223619E-01
  9.5779910358367470E-01
  9.5779910358525000E-01
  9.5779910358695108E-01
  9.5779910358903730E-01
  9.5779910359166953E-01
  9.5779910359464249E-01
  9.5779910359827036E-01
  9.5779910360267739E-01
  9.5779910360826437E-01
  9.5779910361557496E-01
  9.5779910357829456E-01
  9.6093750000000000E-01
  9.6875000000000000E-01
  9.7656250000000000E-01
  9.8437500000000000E-01
  9.9218750000000000E-01
  1.0000000000000000E+00
  0.0000000000000000E+00
  0.0000000000000000E+00
  0.0000000000000000E+00
  0.0000000000000000E+00
  0.0000000000000000E+00
  0.0000000000000000E+00
  0.0000000000000000E+00
  0.0000000000000000E+00
  0.0000000000000000E+00
  0.0000000000000000E+00
  0.0000000000000000E+00
  0.0000000000000000E+00
  0.0000000000000000E+00
  0.0000000000000000E+00
  0.0000000000000000E+00
  0.0000000000000000E+00
  0.0000000000000000E+00
  0.0000000000000000E+00
  0.0000000000000000E+00
  0.0000000000000000E+00
  0.0000000000000000E+00
  0.0000000000000000E+00
  0.0000000000000000E+00
  0.0000000000000000E+00
  0.0000000000000000E+00
  0.0000000000000000E+00
  0.0000000000000000E+00
  0.0000000000000000E+00
  9.5781274174899134E-01
  9.5781274177010689E-01
  9.5781274179040365E-01
  9.5781274174635589E-01
  9.5781274174863362E-01
  9.5781274175229714E-01
  9.5781274175637343E-01
  9.5781274175879805E-01
  9.5781274176141440E-01
  9.5781274176619602E-01
  9.5781274176874065E-01
  9.5781274177304532E-01
  9.5781274177647258E-01
  9.5781274177866360E-01
  9.5781274178319487E-01
  9.5781274178608011E-01
  9.5781274178995046E-01
  9.5781274179349873E-01
  9.5781274179701059E-01
  9.5781274174551467E-01
  9.5781274174526354E-01
  9.5781274174582021E-01
  9.5781274174765019E-01
  9.5781274174704090E-01
  9.5781274174793529E-01
  9.5781274174832443E-01
  9.5781274174905573E-01
  9.5781274174975972E-01
  9.5781274175100184E-01
  9.5781274175163489E-01
  9.5781274175180242E-01
  9.5781274175367404E-01
  9.5781274175451425E-01
  9.5781274175488929E-01
  9.5781274175533770E-01
  9.5781274175635234E-01
  9.5781274175730424E-01
  9.5781274175721764E-01
  9.5781274175806941E-01
  9.5781274175942266E-01
  9.5781274176014886E-01
  9.5781274176144804E-01
  9.5781274176240161E-01
  9.5781274176264530E-01
  9.5781274176398745E-01
  9.5781274174557063E-01
  9.5781274172776731E-01
  9.5781274109120262E-01
  9.5781274108123426E-01
  9.5781274107414127E-01
  9.5781274170280606E-01
  9.5781274169983621E-01
  9.5781274169661434E-01
  9.5781274169456854E-01
  9.5781274169191233E-01
  9.5781274169012631E-01
  9.5781274168790409E-01
  9.5781274168700825E-01
  9.5781274168497776E-01
  9.5781274168397157E-01
  9.5781274168267716E-01
  9.5781274168211761E-01
  9.5781274168134745E-01
  9.5781274168033226E-01
  9.5781274167948005E-01
  9.5781274167931552E-01
  9.5781274167853281E-01
  9.5781274167837105E-01
  9.5781274167795105E-01
  9.5781274167777930E-01
  9.5781274167773234E-01
  9.5781274167773489E-01
  9.5781274167753672E-01
  9.5781274167743258E-01
  9.5781274167777330E-01
  9.5781274167782271E-01
  9.5781274167824548E-01
  9.5781274167879260E-01
  9.5781274167959651E-01
  9.5781274168017105E-01
  9.5781274168090214E-01
  9.5781274168177699E-01
  9.5781274168258235E-01
  9.5781274168384001E-01
  9.5781274168522390E-01
  9.5781274168685371E-01
  9.5781274168863872E-01
  9.5781274169088015E-01
  9.5781274169338426E-01
  9.5781274169637876E-01
  9.5781274170003750E-01
  9.5781274170455200E-01
  9.5781274171020103E-01
  9.5781274171741315E-01
  9.5781274167999386E-01
  9.6093750000000000E-01
  9.6875000000000000E-01
  9.7656250000000000E-01
  9.8437500000000000E-01
  9.9218750000000000E-01
  1.0000000000000000E+00
  0.0000000000000000E+00
  0.0000000000000000E+00
  0.0000000000000000E+00
  0.0000000000000000E+00
  0.0000000000000000E+00
  0.0000000000000000E+00
  0.0000000000000000E+00
  0.0000000000000000E+00
  0.0000000000000000E+00
  0.0000000000000000E+00
  0.0000000000000000E+00
  0.0000000000000000E+00
  0.0000000000000000E+00
  0.0000000000000000E+00
  0.0000000000000000E+00
  0.0000000000000000E+00
  0.0000000000000000E+00
  0.0000000000000000E+00
  0.0000000000000000E+00
  0.0000000000000000E+00
  0.0000000000000000E+00
  0.0000000000000000E+00
  0.0000000000000000E+00
  0.0000000000000000E+00
  0.0000000000000000E+00
  0.0000000000000000E+00
  0.0000000000000000E+00
  0.0000000000000000E+00
  9.5782636410132072E-01
  9.5782636412368327E-01
  9.5782636414274058E-01
  9.5782636409827904E-01
  9.5782636410242183E-01
  9.5782636410608613E-01
  9.5782636410805444E-01
  9.5782636411238853E-01
  9.5782636411539679E-01
  9.5782636411882049E-01
  9.5782636412184752E-01
  9.5782636412603450E-01
  9.5782636412826483E-01
  9.5782636413299416E-01
  9.5782636413579259E-01
  9.5782636413973476E-01
  9.5782636414254640E-01
  9.5782636414613243E-01
  9.5782636415041555E-01
  9.5782636409769362E-01
  9.5782636409900579E-01
  9.5782636410006528E-01
  9.5782636410049715E-01
  9.5782636410096689E-01
  9.5782636410134725E-01
  9.5782636410175981E-01
  9.5782636410255595E-01
  9.5782636410405797E-01
  9.5782636410463484E-01
  9.5782636410489219E-01
  9.5782636410539268E-01
  9.5782636410623245E-01
  9.5782636410653343E-01
  9.5782636410801048E-01
  9.5782636410863620E-01
  9.5782636410895083E-01
  9.5782636411057553E-01
  9.5782636411049182E-01
  9.5782636411158961E-01
  9.5782636411218847E-01
  9.5782636411295352E-01
  9.5782636411417987E-01
  9.5782636411462918E-01
  9.5782636411570932E-01
  9.5782636411711031E-01
  9.5782636409937427E-01
  9.5782636408109634E-01
  9.5782636344316618E-01
  9.5782636343252214E-01
  9.5782636342613459E-01
  9.5782636405635102E-01
  9.5782636405279409E-01
  9.5782636404990529E-01
  9.5782636404686772E-01
  9.5782636404510146E-01
  9.5782636404298915E-01
  9.5782636404080446E-01
  9.5782636403994814E-01
  9.5782636403826049E-01
  9.5782636403692267E-01
  9.5782636403582255E-01
  9.5782636403483967E-01
  9.5782636403398047E-01
  9.5782636403293586E-01
  9.5782636403260490E-01
  9.5782636403200472E-01
  9.5782636403134869E-01
  9.5782636403088139E-01
  9.5782636403064014E-01
  9.5782636403041166E-01
  9.5782636403033095E-01
  9.5782636403045185E-01
  9.5782636403039645E-01
  9.5782636403048904E-01
  9.5782636403053545E-01
  9.5782636403069843E-01
  9.5782636403140042E-01
  9.5782636403166221E-01
  9.5782636403239141E-01
  9.5782636403286336E-01
  9.5782636403344212E-01
  9.5782636403465005E-01
  9.5782636403556065E-01
  9.5782636403665189E-01
  9.5782636403811716E-01
  9.5782636403960386E-01
  9.5782636404160804E-01
  9.5782636404382848E-01
  9.5782636404632560E-01
  9.5782636404933041E-01
  9.5782636405299715E-01
  9.5782636405744703E-01
  9.5782636406296850E-01
  9.5782636407025856E-01
  9.5782636403263410E-01
  9.6093750000000000E-01
  9.6875000000000000E-01
  9.7656250000000000E-01
  9.8437500000000000E-01
  9.9218750000000000E-01
  1.0000000000000000E+00
  0.0000000000000000E+00
  0.0000000000000000E+00
  0.0000000000000000E+00
  0.0000000000000000E+00
  0.0000000000000000E+00
  0.0000000000000000E+00
  0.0000000000000000E+00
  0.0000000000000000E+00
  0.0000000000000000E+00
  0.0000000000000000E+00
  0.0000000000000000E+00
  0.0000000000000000E+00
  0.0000000000000000E+00
  0.0000000000000000E+00
  0.0000000000000000E+00
  0.0000000000000000E+00
  0.0000000000000000E+00
  0.0000000000000000E+00
  0.0000000000000000E+00
  0.0000000000000000E+00
  0.0000000000000000E+00
  0.0000000000000000E+00
  0.0000000000000000E+00
  0.0000000000000000E+00
  0.0000000000000000E+00
  0.0000000000000000E+00
  0.0000000000000000E+00
  0.0000000000000000E+00
  9.5783997072775795E-01
  9.5783997075030047E-01
  9.5783997077011096E-01
  9.5783997072699767E-01
  9.5783997073013083E-01
  9.5783997073193872E-01
  9.5783997073555149E-01
  9.5783997073801219E-01
  9.5783997074245908E-01
  9.5783997074532579E-01
  9.5783997074885763E-01
  9.5783997075189564E-01
  9.5783997075559690E-01
  9.5783997075998084E-01
  9.5783997076276872E-01
  9.5783997076651395E-01
  9.5783997076925920E-01
  9.5783997077353611E-01
  9.5783997077680350E-01
  9.5783997072492388E-01
  9.5783997072646776E-01
  9.5783997072636384E-01
  9.5783997072635518E-01
  9.5783997072807203E-01
  9.5783997072833693E-01
  9.5783997072916727E-01
  9.5783997072910376E-01
  9.5783997073005556E-01
  9.5783997073036786E-01
  9.5783997073231919E-01
  9.5783997073185467E-01
  9.5783997073342986E-01
  9.5783997073352756E-01
  9.5783997073526561E-01
  9.5783997073485716E-01
  9.5783997073593785E-01
  9.5783997073744986E-01
  9.5783997073769211E-01
  9.5783997073809213E-01
  9.5783997073967131E-01
  9.5783997074041749E-01
  9.5783997074101079E-01
  9.5783997074226734E-01
  9.5783997074345217E-01
  9.5783997074403937E-01
  9.5783997072762772E-01
  9.5783997070773075E-01
  9.5783997006890431E-01
  9.5783997005794608E-01
  9.5783997005108268E-01
  9.5783997068284021E-01
  9.5783997067937132E-01
  9.5783997067710913E-01
  9.5783997067420856E-01
  9.5783997067195681E-01
  9.5783997066928683E-01
  9.5783997066774906E-01
  9.5783997066640536E-01
  9.5783997066466409E-01
  9.5783997066341797E-01
  9.5783997066258009E-01
  9.5783997066144855E-01
  9.5783997066030024E-01
  9.5783997065960169E-01
  9.5783997065925097E-01
  9.5783997065845428E-01
  9.5783997065827486E-01
  9.5783997065767013E-01
  9.5783997065745163E-01
  9.5783997065749027E-01
  9.5783997065715476E-01
  9.5783997065707582E-01
  9.5783997065711035E-01
  9.5783997065708315E-01
  9.5783997065739535E-01
  9.5783997065750881E-01
  9.5783997065792803E-01
  9.5783997065839777E-01
  9.5783997065889181E-01
  9.5783997065944448E-01
  9.5783997066043225E-01
  9.5783997066138105E-01
  9.5783997066207360E-01
  9.5783997066358495E-01
  9.5783997066492843E-01
  9.5783997066640147E-01
  9.5783997066825977E-01
  9.5783997067057236E-01
  9.5783997067288329E-01
  9.5783997067604443E-01
  9.5783997067970261E-01
  9.5783997068422300E-01
  9.5783997068977533E-01
  9.5783997069712101E-01
  9.5783997065922588E-01
  9.6093750000000000E-01
  9.6875000000000000E-01
  9.7656250000000000E-01
  9.8437500000000000E-01
  9.9218750000000000E-01
  1.0000000000000000E+00
  0.0000000000000000E+00
  0.0000000000000000E+00
  0.0000000000000000E+00
  0.0000000000000000E+00
  0.0000000000000000E+00
  0.0000000000000000E+00
  0.0000000000000000E+00
  0.0000000000000000E+00
  0.0000000000000000E+00
  0.0000000000000000E+00
  0.0000000000000000E+00
  0.0000000000000000E+00
  0.0000000000000000E+00
  0.0000000000000000E+00
  0.0000000000000000E+00
  0.0000000000000000E+00
  0.0000000000000000E+00
  0.0000000000000000E+00
  0.0000000000000000E+00
  0.0000000000000000E+00
  0.0000000000000000E+00
  0.0000000000000000E+00
  0.0000000000000000E+00
  0.0000000000000000E+00
  0.0000000000000000E+00
  0.0000000000000000E+00
  0.0000000000000000E+00
  0.0000000000000000E+00
  9.5785356165174151E-01
  9.5785356167189128E-01
  9.5785356169423164E-01
  9.5785356164928892E-01
  9.5785356165282254E-01
  9.5785356165660585E-01
  9.5785356165855196E-01
  9.5785356166175706E-01
  9.5785356166589108E-01
  9.5785356166952640E-01
  9.5785356167302282E-01
  9.5785356167597124E-01
  9.5785356168007674E-01
  9.5785356168346869E-01
  9.5785356168657987E-01
  9.5785356169013836E-01
  9.5785356169282920E-01
  9.5785356169751712E-01
  9.5785356170130664E-01
  9.5785356164921898E-01
  9.5785356164994262E-01
  9.5785356164993152E-01
  9.5785356165043833E-01
  9.5785356165075464E-01
  9.5785356165130964E-01
  9.5785356165294022E-01
  9.5785356165369084E-01
  9.5785356165442503E-01
  9.5785356165502744E-01
  9.5785356165460889E-01
  9.5785356165619817E-01
  9.5785356165622715E-01
  9.5785356165764746E-01
  9.5785356165860458E-01
  9.5785356165903257E-01
  9.5785356165985835E-01
  9.5785356166046087E-01
  9.5785356166096391E-01
  9.5785356166242208E-01
  9.5785356166279467E-01
  9.5785356166382851E-01
  9.5785356166529489E-01
  9.5785356166526436E-01
  9.5785356166677649E-01
  9.5785356166709978E-01
  9.5785356165354285E-01
  9.5785356163174007E-01
  9.5785356099074137E-01
  9.5785354146065926E-01
  9.5785356097344787E-01
  9.5785356160685764E-01
  9.5785356160298241E-01
  9.5785356160052526E-01
  9.5785356159757551E-01
  9.5785356159476887E-01
  9.5785356159331292E-01
  9.5785356159103385E-01
  9.5785356158978308E-01
  9.5785356158827939E-01
  9.5785356158670787E-01
  9.5785356158598922E-01
  9.5785356158522261E-01
  9.5785356158408708E-01
  9.5785356158351587E-01
  9.5785356158253654E-01
  9.5785356158228319E-01
  9.5785356158147261E-01
  9.5785356158100898E-01
  9.5785356158059654E-01
  9.5785356158063195E-01
  9.5785356158025592E-01
  9.5785356158028889E-01
  9.5785356158055912E-01
  9.5785356158065871E-01
  9.5785356158060719E-01
  9.5785356158086254E-01
  9.5785356158108970E-01
  9.5785356158164747E-01
  9.5785356158242763E-01
  9.5785356158275670E-01
  9.5785356158360269E-01
  9.5785356158442214E-01
  9.5785356158548551E-01
  9.5785356158679402E-01
  9.5785356158818014E-01
  9.5785356158978519E-01
  9.5785356159160484E-01
  9.5785356159385604E-01
  9.5785356159646251E-01
  9.5785356159938528E-01
  9.5785356160299706E-01
  9.5785356160756752E-01
  9.5785356161329516E-01
  9.5785356162051416E-01
  9.5785356158243973E-01
  9.6093750000000000E-01
  9.6875000000000000E-01
  9.7656250000000000E-01
  9.8437500000000000E-01
  9.9218750000000000E-01
  1.0000000000000000E+00
  0.0000000000000000E+00
  0.0000000000000000E+00
  0.0000000000000000E+00
  0.0000000000000000E+00
  0.0000000000000000E+00
  0.0000000000000000E+00
  0.0000000000000000E+00
  0.0000000000000000E+00
  0.0000000000000000E+00
  0.0000000000000000E+00
  0.0000000000000000E+00
  0.0000000000000000E+00
  0.0000000000000000E+00
  0.0000000000000000E+00
  0.0000000000000000E+00
  0.0000000000000000E+00
  0.0000000000000000E+00
  0.0000000000000000E+00
  0.0000000000000000E+00
  0.0000000000000000E+00
  0.0000000000000000E+00
  0.0000000000000000E+00
  0.0000000000000000E+00
  0.0000000000000000E+00
  0.0000000000000000E+00
  0.0000000000000000E+00
  0.0000000000000000E+00
  0.0000000000000000E+00
  9.5786713689391634E-01
  9.5786713691488901E-01
  9.5786713693745162E-01
  9.5786713689305281E-01
  9.5786713689647651E-01
  9.5786713689945746E-01
  9.5786713690241621E-01
  9.5786713690572367E-01
  9.5786713690855230E-01
  9.5786713691259107E-01
  9.5786713691496572E-01
  9.5786713691947645E-01
  9.5786713692294490E-01
  9.5786713692654368E-01
  9.5786713692933867E-01
  9.5786713693287351E-01
  9.5786713693695602E-01
  9.5786713693955794E-01
  9.5786713694480208E-01
  9.5786713689148739E-01
  9.5786713689167902E-01
  9.5786713689230585E-01
  9.5786713689372893E-01
  9.5786713689439473E-01
  9.5786713689422653E-01
  9.5786713689520397E-01
  9.5786713689584246E-01
  9.5786713689673730E-01
  9.5786713689777114E-01
  9.5786713689803848E-01
  9.5786713689955594E-01
  9.5786713689956260E-01
  9.5786713690005265E-01
  9.5786713690171899E-01
  9.5786713690195602E-01
  9.5786713690303993E-01
  9.5786713690394809E-01
  9.5786713690409853E-01
  9.5786713690545977E-01
  9.5786713690616221E-01
  9.5786713690672076E-01
  9.5786713690796210E-01
  9.5786713690812852E-01
  9.5786713690923686E-01
  9.5786713691055381E-01
  9.5786713689865655E-01
  9.5786713687492087E-01
  9.5786713623319930E-01
  9.5786711664762059E-01
  9.5786713621443631E-01
  9.5786713684945968E-01
  9.5786713684576608E-01
  9.5786713684332525E-01
  9.5786713684042013E-01
  9.5786713683784386E-01
  9.5786713683606883E-01
  9.5786713683364677E-01
  9.5786713683222058E-01
  9.5786713683102376E-01
  9.5786713683001135E-01
  9.5786713682825597E-01
  9.5786713682724034E-01
  9.5786713682690539E-01
  9.5786713682603197E-01
  9.5786713682556579E-01
  9.5786713682440749E-01
  9.5786713682408087E-01
  9.5786713682397118E-01
  9.5786713682313729E-01
  9.5786713682294700E-01
  9.5786713682283842E-01
  9.5786713682270574E-01
  9.5786713682298719E-01
  9.5786713682294367E-01
  9.5786713682317715E-01
  9.5786713682335378E-01
  9.5786713682396540E-01
  9.5786713682429370E-01
  9.5786713682475011E-01
  9.5786713682546176E-01
  9.5786713682628999E-01
  9.5786713682714431E-01
  9.5786713682835722E-01
  9.5786713682958158E-01
  9.5786713683075964E-01
  9.5786713683248470E-01
  9.5786713683443525E-01
  9.5786713683652869E-01
  9.5786713683920566E-01
  9.5786713684221725E-01
  9.5786713684574132E-01
  9.5786713685033320E-01
  9.5786713685602809E-01
  9.5786713686343639E-01
  9.5786713682493430E-01
  9.6093750000000000E-01
  9.6875000000000000E-01
  9.7656250000000000E-01
  9.8437500000000000E-01
  9.9218750000000000E-01
  1.0000000000000000E+00
  0.0000000000000000E+00
  0.0000000000000000E+00
  0.0000000000000000E+00
  0.0000000000000000E+00
  0.0000000000000000E+00
  0.0000000000000000E+00
  0.0000000000000000E+00
  0.0000000000000000E+00
  0.0000000000000000E+00
  0.0000000000000000E+00
  0.0000000000000000E+00
  0.0000000000000000E+00
  0.0000000000000000E+00
  0.0000000000000000E+00
  0.0000000000000000E+00
  0.0000000000000000E+00
  0.0000000000000000E+00
  0.0000000000000000E+00
  0.0000000000000000E+00
  0.0000000000000000E+00
  0.0000000000000000E+00
  0.0000000000000000E+00
  0.0000000000000000E+00
  0.0000000000000000E+00
  0.0000000000000000E+00
  0.0000000000000000E+00
  0.0000000000000000E+00
  0.0000000000000000E+00
  9.5788069647859964E-01
  9.5788069649994834E-01
  9.5788069652140073E-01
  9.5788069647723006E-01
  9.5788069648142282E-01
  9.5788069648339413E-01
  9.5788069648716156E-01
  9.5788069649038998E-01
  9.5788069649404750E-01
  9.5788069649695273E-01
  9.5788069650130381E-01
  9.5788069650427798E-01
  9.5788069650781582E-01
  9.5788069651127805E-01
  9.5788069651375285E-01
  9.5788069651888474E-01
  9.5788069652228225E-01
  9.5788069652542907E-01
  9.5788069652909424E-01
  9.5788069647735230E-01
  9.5788069647737195E-01
  9.5788069647812979E-01
  9.5788069647831664E-01
  9.5788069647971652E-01
  9.5788069648054286E-01
  9.5788069647986529E-01
  9.5788069648072804E-01
  9.5788069648188745E-01
  9.5788069648241625E-01
  9.5788069648391805E-01
  9.5788069648381768E-01
  9.5788069648435481E-01
  9.5788069648561003E-01
  9.5788069648556540E-01
  9.5788069648726404E-01
  9.5788069648738938E-01
  9.5788069648910645E-01
  9.5788069648920193E-01
  9.5788069649075336E-01
  9.5788069649083052E-01
  9.5788069649242102E-01
  9.5788069649267527E-01
  9.5788069649330942E-01
  9.5788069649411045E-01
  9.5788069649553209E-01
  9.5788069649605778E-01
  9.5788069646000595E-01
  9.5788069581617963E-01
  9.5788067617616046E-01
  9.5788069579832102E-01
  9.5788069643473595E-01
  9.5788069643103646E-01
  9.5788069642769758E-01
  9.5788069642485574E-01
  9.5788069642316287E-01
  9.5788069642095308E-01
  9.5788069641911211E-01
  9.5788069641681450E-01
  9.5788069641550677E-01
  9.5788069641436968E-01
  9.5788069641304485E-01
  9.5788069641215368E-01
  9.5788069641112306E-01
  9.5788069641098073E-01
  9.5788069640995410E-01
  9.5788069640951679E-01
  9.5788069640899054E-01
  9.5788069640868467E-01
  9.5788069640806517E-01
  9.5788069640795370E-01
  9.5788069640782458E-01
  9.5788069640765738E-01
  9.5788069640777118E-01
  9.5788069640781326E-01
  9.5788069640804896E-01
  9.5788069640826878E-01
  9.5788069640868612E-01
  9.5788069640895479E-01
  9.5788069640960238E-01
  9.5788069641012463E-01
  9.5788069641104956E-01
  9.5788069641205642E-01
  9.5788069641299023E-01
  9.5788069641407803E-01
  9.5788069641557239E-01
  9.5788069641718265E-01
  9.5788069641899742E-01
  9.5788069642129481E-01
  9.5788069642382923E-01
  9.5788069642686624E-01
  9.5788069643062224E-01
  9.5788069643517937E-01
  9.5788069644080953E-01
  9.5788069644820950E-01
  9.5788069640953188E-01
  9.6093750000000000E-01
  9.6875000000000000E-01
  9.7656250000000000E-01
  9.8437500000000000E-01
  9.9218750000000000E-01
  1.0000000000000000E+00
  0.0000000000000000E+00
  0.0000000000000000E+00
  0.0000000000000000E+00
  0.0000000000000000E+00
  0.0000000000000000E+00
  0.0000000000000000E+00
  0.0000000000000000E+00
  0.0000000000000000E+00
  0.0000000000000000E+00
  0.0000000000000000E+00
  0.0000000000000000E+00
  0.0000000000000000E+00
  0.0000000000000000E+00
  0.0000000000000000E+00
  0.0000000000000000E+00
  0.0000000000000000E+00
  0.0000000000000000E+00
  0.0000000000000000E+00
  0.0000000000000000E+00
  0.0000000000000000E+00
  0.0000000000000000E+00
  0.0000000000000000E+00
  0.0000000000000000E+00
  0.0000000000000000E+00
  0.0000000000000000E+00
  0.0000000000000000E+00
  0.0000000000000000E+00
  0.0000000000000000E+00
  9.5789424042857896E-01
  9.5789424044864369E-01
  9.5789424047111704E-01
  9.5789424042783355E-01
  9.5789424043011806E-01
  9.5789424043315141E-01
  9.5789424043725380E-01
  9.5789424044034288E-01
  9.5789424044324301E-01
  9.5789424044613447E-01
  9.5789424044988503E-01
  9.5789424045313820E-01
  9.5789424045673022E-01
  9.5789424045988258E-01
  9.5789424046384641E-01
  9.5789424046844229E-01
  9.5789424047131233E-01
  9.5789424047441540E-01
  9.5789424047860483E-01
  9.5789424042590254E-01
  9.5789424042762006E-01
  9.5789424042718896E-01
  9.5789424042819205E-01
  9.5789424042903992E-01
  9.5789424042962457E-01
  9.5789424043056504E-01
  9.5789424043042670E-01
  9.5789424043112625E-01
  9.5789424043274229E-01
  9.5789424043264904E-01
  9.5789424043313642E-01
  9.5789424043429594E-01
  9.5789424043523608E-01
  9.5789424043650051E-01
  9.5789424043724758E-01
  9.5789424043802140E-01
  9.5789424043821902E-01
  9.5789424043855287E-01
  9.5789424043932070E-01
  9.5789424044030602E-01
  9.5789424044197724E-01
  9.5789424044255489E-01
  9.5789424044289784E-01
  9.5789424044482774E-01
  9.5789424044544436E-01
  9.5789424044615423E-01
  9.5789424040952620E-01
  9.5789423976508337E-01
  9.5789422006848368E-01
  9.5789423974602894E-01
  9.5789424038402160E-01
  9.5789424038073345E-01
  9.5789424037685267E-01
  9.5789424037452686E-01
  9.5789424037209281E-01
  9.5789424037021176E-01
  9.5789424036826787E-01
  9.5789424036678406E-01
  9.5789424036528026E-01
  9.5789424036405824E-01
  9.5789424036259585E-01
  9.5789424036200443E-01
  9.5789424036069737E-01
  9.5789424035980164E-01
  9.5789424035946724E-01
  9.5789424035894488E-01
  9.5789424035854964E-01
  9.5789424035781079E-01
  9.5789424035723203E-01
  9.5789424035733994E-01
  9.5789424035737902E-01
  9.5789424035705184E-01
  9.5789424035707760E-01
  9.5789424035697002E-01
  9.5789424035738624E-01
  9.5789424035782311E-01
  9.5789424035776505E-01
  9.5789424035858617E-01
  9.5789424035879911E-01
  9.5789424035959059E-01
  9.5789424036038784E-01
  9.5789424036131898E-01
  9.5789424036250259E-01
  9.5789424036360316E-01
  9.5789424036498172E-01
  9.5789424036658455E-01
  9.5789424036860471E-01
  9.5789424037063686E-01
  9.5789424037334769E-01
  9.5789424037635629E-01
  9.5789424037993942E-01
  9.5789424038459992E-01
  9.5789424039029525E-01
  9.5789424039765469E-01
  9.5789424035871029E-01
  9.6093750000000000E-01
  9.6875000000000000E-01
  9.7656250000000000E-01
  9.8437500000000000E-01
  9.9218750000000000E-01
  1.0000000000000000E+00
  0.0000000000000000E+00
  0.0000000000000000E+00
  0.0000000000000000E+00
  0.0000000000000000E+00
  0.0000000000000000E+00
  0.0000000000000000E+00
  0.0000000000000000E+00
  0.0000000000000000E+00
  0.0000000000000000E+00
  0.0000000000000000E+00
  0.0000000000000000E+00
  0.0000000000000000E+00
  0.0000000000000000E+00
  0.0000000000000000E+00
  0.0000000000000000E+00
  0.0000000000000000E+00
  0.0000000000000000E+00
  0.0000000000000000E+00
  0.0000000000000000E+00
  0.0000000000000000E+00
  0.0000000000000000E+00
  0.0000000000000000E+00
  0.0000000000000000E+00
  0.0000000000000000E+00
  0.0000000000000000E+00
  0.0000000000000000E+00
  0.0000000000000000E+00
  0.0000000000000000E+00
  9.5790776876389561E-01
  9.5790776878631023E-01
  9.5790776880675788E-01
  9.5790776876349681E-01
  9.5790776876755113E-01
  9.5790776877112760E-01
  9.5790776877284434E-01
  9.5790776877658468E-01
  9.5790776877966888E-01
  9.5790776878343664E-01
  9.5790776878743267E-01
  9.5790776879087436E-01
  9.5790776879410300E-01
  9.5790776879687234E-01
  9.5790776880028750E-01
  9.5790776880387352E-01
  9.5790776880779260E-01
  9.5790776881218009E-01
  9.5790776876186212E-01
  9.5790776876242001E-01
  9.5790776876300632E-01
  9.5790776876433226E-01
  9.5790776876565475E-01
  9.5790776876628980E-01
  9.5790776876695694E-01
  9.5790776876693851E-01
  9.5790776876745698E-01
  9.5790776876778927E-01
  9.5790776876932138E-01
  9.5790776876964068E-01
  9.5790776877057593E-01
  9.5790776877144324E-01
  9.5790776877236850E-01
  9.5790776877251027E-01
  9.5790776877397044E-01
  9.5790776877436568E-01
  9.5790776877464179E-01
  9.5790776877548656E-01
  9.5790776877700146E-01
  9.5790776877789563E-01
  9.5790776877868355E-01
  9.5790776877881612E-01
  9.5790776878015960E-01
  9.5790776878112727E-01
  9.5790776878253170E-01
  9.5790776878270678E-01
  9.5790776874727634E-01
  9.5790776809992340E-01
  9.5790774834784043E-01
  9.5790776808125611E-01
  9.5790776872044425E-01
  9.5790776871716432E-01
  9.5790776871398076E-01
  9.5790776871099848E-01
  9.5790776870881922E-01
  9.5790776870678995E-01
  9.5790776870496308E-01
  9.5790776870324124E-01
  9.5790776870208727E-01
  9.5790776870022065E-01
  9.5790776869899874E-01
  9.5790776869827110E-01
  9.5790776869772443E-01
  9.5790776869641725E-01
  9.5790776869562788E-01
  9.5790776869535377E-01
  9.5790776869497196E-01
  9.5790776869432170E-01
  9.5790776869397487E-01
  9.5790776869374361E-01
  9.5790776869365846E-01
  9.5790776869372329E-01
  9.5790776869352212E-01
  9.5790776869380312E-01
  9.5790776869379934E-01
  9.5790776869421668E-01
  9.5790776869459870E-01
  9.5790776869489358E-01
  9.5790776869561589E-01
  9.5790776869605543E-01
  9.5790776869687566E-01
  9.5790776869788063E-01
  9.5790776869883676E-01
  9.5790776870026573E-01
  9.5790776870163319E-01
  9.5790776870318606E-01
  9.5790776870496919E-01
  9.5790776870727146E-01
  9.5790776870988936E-01
  9.5790776871301875E-01
  9.5790776871671102E-01
  9.5790776872124694E-01
  9.5790776872696770E-01
  9.5790776873441463E-01
  9.5790776869519445E-01
  9.6093750000000000E-01
  9.6875000000000000E-01
  9.7656250000000000E-01
  9.8437500000000000E-01
  9.9218750000000000E-01
  1.0000000000000000E+00
  0.0000000000000000E+00
  0.0000000000000000E+00
  0.0000000000000000E+00
  0.0000000000000000E+00
  0.0000000000000000E+00
  0.0000000000000000E+00
  0.0000000000000000E+00
  0.0000000000000000E+00
  0.0000000000000000E+00
  0.0000000000000000E+00
  0.0000000000000000E+00
  0.0000000000000000E+00
  0.0000000000000000E+00
  0.0000000000000000E+00
  0.0000000000000000E+00
  0.0000000000000000E+00
  0.0000000000000000E+00
  0.0000000000000000E+00
  0.0000000000000000E+00
  0.0000000000000000E+00
  0.0000000000000000E+00
  0.0000000000000000E+00
  0.0000000000000000E+00
  0.0000000000000000E+00
  0.0000000000000000E+00
  0.0000000000000000E+00
  0.0000000000000000E+00
  0.0000000000000000E+00
  9.5792128151093847E-01
  9.5792128153250899E-01
  9.5792128155327139E-01
  9.5792128151060874E-01
  9.5792128151306122E-01
  9.5792128151738221E-01
  9.5792128152013922E-01
  9.5792128152303335E-01
  9.5792128152584677E-01
  9.5792128153024336E-01
  9.5792128153443479E-01
  9.5792128153732869E-01
  9.5792128154017175E-01
  9.5792128154423528E-01
  9.5792128154770828E-01
  9.5792128155147849E-01
  9.5792128155446776E-01
  9.5792128155950584E-01
  9.5792128150854283E-01
  9.5792128150975031E-01
  9.5792128151099298E-01
  9.5792128151097722E-01
  9.5792128151105527E-01
  9.5792128151185318E-01
  9.5792128151321121E-01
  9.5792128151377909E-01
  9.5792128151407752E-01
  9.5792128151488543E-01
  9.5792128151589095E-01
  9.5792128151691958E-01
  9.5792128151738021E-01
  9.5792128151804989E-01
  9.5792128151904454E-01
  9.5792128151992217E-01
  9.5792128151967326E-01
  9.5792128152149481E-01
  9.5792128152209954E-01
  9.5792128152205858E-01
  9.5792128152369849E-01
  9.5792128152459632E-01
  9.5792128152476663E-01
  9.5792128152574685E-01
  9.5792128152731204E-01
  9.5792128152773504E-01
  9.5792128152885025E-01
  9.5792128153028211E-01
  9.5792128149411571E-01
  9.5792128084588224E-01
  9.5792126103689812E-01
  9.5792128082674477E-01
  9.5792128146698086E-01
  9.5792128146344202E-01
  9.5792128146018285E-01
  9.5792128145765343E-01
  9.5792128145533861E-01
  9.5792128145289612E-01
  9.5792128145091249E-01
  9.5792128144951150E-01
  9.5792128144800104E-01
  9.5792128144683197E-01
  9.5792128144575017E-01
  9.5792128144464250E-01
  9.5792128144348154E-01
  9.5792128144302569E-01
  9.5792128144198885E-01
  9.5792128144139033E-01
  9.5792128144104260E-01
  9.5792128144047339E-01
  9.5792128144054611E-01
  9.5792128144047273E-01
  9.5792128144007227E-01
  9.5792128143991118E-01
  9.5792128144002375E-01
  9.5792128144008593E-01
  9.5792128144018895E-01
  9.5792128144029431E-01
  9.5792128144092592E-01
  9.5792128144120070E-01
  9.5792128144180200E-01
  9.5792128144238575E-01
  9.5792128144337618E-01
  9.5792128144417699E-01
  9.5792128144542477E-01
  9.5792128144656941E-01
  9.5792128144790212E-01
  9.5792128144948563E-01
  9.5792128145136834E-01
  9.5792128145365885E-01
  9.5792128145631517E-01
  9.5792128145931155E-01
  9.5792128146306843E-01
  9.5792128146759659E-01
  9.5792128147346289E-01
  9.5792128148086619E-01
  9.5792128144136313E-01
  9.6093750000000000E-01
  9.6875000000000000E-01
  9.7656250000000000E-01
  9.8437500000000000E-01
  9.9218750000000000E-01
  1.0000000000000000E+00
  0.0000000000000000E+00
  0.0000000000000000E+00
  0.0000000000000000E+00
  0.0000000000000000E+00
  0.0000000000000000E+00
  0.0000000000000000E+00
  0.0000000000000000E+00
  0.0000000000000000E+00
  0.0000000000000000E+00
  0.0000000000000000E+00
  0.0000000000000000E+00
  0.0000000000000000E+00
  0.0000000000000000E+00
  0.0000000000000000E+00
  0.0000000000000000E+00
  0.0000000000000000E+00
  0.0000000000000000E+00
  0.0000000000000000E+00
  0.0000000000000000E+00
  0.0000000000000000E+00
  0.0000000000000000E+00
  0.0000000000000000E+00
  0.0000000000000000E+00
  0.0000000000000000E+00
  0.0000000000000000E+00
  0.0000000000000000E+00
  0.0000000000000000E+00
  0.0000000000000000E+00
  9.5793477868989307E-01
  9.5793477871105404E-01
  9.5793477873210964E-01
  9.5793477868859001E-01
  9.5793477869199606E-01
  9.5793477869631372E-01
  9.5793477869961896E-01
  9.5793477870297861E-01
  9.5793477870618549E-01
  9.5793477870867205E-01
  9.5793477871282939E-01
  9.5793477871513022E-01
  9.5793477871944865E-01
  9.5793477872253785E-01
  9.5793477872604149E-01
  9.5793477872951327E-01
  9.5793477873393351E-01
  9.5793477873708510E-01
  9.5793477868736621E-01
  9.5793477868782040E-01
  9.5793477868864818E-01
  9.5793477868996424E-01
  9.5793477869021748E-01
  9.5793477869122612E-01
  9.5793477869172972E-01
  9.5793477869200028E-01
  9.5793477869359078E-01
  9.5793477869389299E-01
  9.5793477869490651E-01
  9.5793477869526389E-01
  9.5793477869555999E-01
  9.5793477869633603E-01
  9.5793477869790089E-01
  9.5793477869822796E-01
  9.5793477869904053E-01
  9.5793477869990284E-01
  9.5793477870113275E-01
  9.5793477870084787E-01
  9.5793477870250632E-01
  9.5793477870260590E-01
  9.5793477870364985E-01
  9.5793477870469146E-01
  9.5793477870537358E-01
  9.5793477870651478E-01
  9.5793477870775212E-01
  9.5793477870839716E-01
  9.5793477867249033E-01
  9.5793477802354221E-01
  9.5793475815806306E-01
  9.5793477800306537E-01
  9.5793477864597032E-01
  9.5793477864174781E-01
  9.5793477863868759E-01
  9.5793477863653820E-01
  9.5793477863405596E-01
  9.5793477863172471E-01
  9.5793477862965182E-01
  9.5793477862848531E-01
  9.5793477862714616E-01
  9.5793477862526710E-01
  9.5793477862462717E-01
  9.5793477862356247E-01
  9.5793477862200549E-01
  9.5793477862163212E-01
  9.5793477862061782E-01
  9.5793477862034193E-01
  9.5793477862000986E-01
  9.5793477861914778E-01
  9.5793477861901399E-01
  9.5793477861891108E-01
  9.5793477861842902E-01
  9.5793477861858500E-01
  9.5793477861834686E-01
  9.5793477861871845E-01
  9.5793477861867904E-01
  9.5793477861903453E-01
  9.5793477861927090E-01
  9.5793477861967868E-01
  9.5793477862030740E-01
  9.5793477862117982E-01
  9.5793477862205545E-01
  9.5793477862279441E-01
  9.5793477862386456E-01
  9.5793477862503384E-01
  9.5793477862640797E-01
  9.5793477862799259E-01
  9.5793477863006904E-01
  9.5793477863228260E-01
  9.5793477863492615E-01
  9.5793477863790122E-01
  9.5793477864165721E-01
  9.5793477864630239E-01
  9.5793477865208188E-01
  9.5793477865956800E-01
  9.5793477861984322E-01
  9.6093750000000000E-01
  9.6875000000000000E-01
  9.7656250000000000E-01
  9.8437500000000000E-01
  9.9218750000000000E-01
  1.0000000000000000E+00
  0.0000000000000000E+00
  0.0000000000000000E+00
  0.0000000000000000E+00
  0.0000000000000000E+00
  0.0000000000000000E+00
  0.0000000000000000E+00
  0.0000000000000000E+00
  0.0000000000000000E+00
  0.0000000000000000E+00
  0.0000000000000000E+00
  0.0000000000000000E+00
  0.0000000000000000E+00
  0.0000000000000000E+00
  0.0000000000000000E+00
  0.0000000000000000E+00
  0.0000000000000000E+00
  0.0000000000000000E+00
  0.0000000000000000E+00
  0.0000000000000000E+00
  0.0000000000000000E+00
  0.0000000000000000E+00
  0.0000000000000000E+00
  0.0000000000000000E+00
  0.0000000000000000E+00
  0.0000000000000000E+00
  0.0000000000000000E+00
  0.0000000000000000E+00
  0.0000000000000000E+00
  9.5794826032285529E-01
  9.5794826034478175E-01
  9.5794826036536196E-01
  9.5794826032263802E-01
  9.5794826032664404E-01
  9.5794826032810998E-01
  9.5794826033294722E-01
  9.5794826033592106E-01
  9.5794826033853031E-01
  9.5794826034302227E-01
  9.5794826034668479E-01
  9.5794826034864800E-01
  9.5794826035297354E-01
  9.5794826035587644E-01
  9.5794826035984892E-01
  9.5794826036390390E-01
  9.5794826036807601E-01
  9.5794826037054115E-01
  9.5794826032084590E-01
  9.5794826032238367E-01
  9.5794826032296898E-01
  9.5794826032266389E-01
  9.5794826032344493E-01
  9.5794826032525038E-01
  9.5794826032521618E-01
  9.5794826032513614E-01
  9.5794826032690483E-01
  9.5794826032776859E-01
  9.5794826032811942E-01
  9.5794826032810643E-01
  9.5794826032996006E-01
  9.5794826032969360E-01
  9.5794826033071712E-01
  9.5794826033214464E-01
  9.5794826033199754E-01
  9.5794826033311109E-01
  9.5794826033392300E-01
  9.5794826033494929E-01
  9.5794826033561420E-01
  9.5794826033659852E-01
  9.5794826033734626E-01
  9.5794826033869485E-01
  9.5794826033890190E-01
  9.5794826033999336E-01
  9.5794826034133518E-01
  9.5794826034264846E-01
  9.5794826030655511E-01
  9.5794825965486630E-01
  9.5794823973368948E-01
  9.5794825963522900E-01
  9.5794826027942670E-01
  9.5794826027531199E-01
  9.5794826027255908E-01
  9.5794826026931479E-01
  9.5794826026729896E-01
  9.5794826026538227E-01
  9.5794826026371049E-01
  9.5794826026149826E-01
  9.5794826025983248E-01
  9.5794826025851931E-01
  9.5794826025726831E-01
  9.5794826025660929E-01
  9.5794826025533675E-01
  9.5794826025447022E-01
  9.5794826025380586E-01
  9.5794826025321578E-01
  9.5794826025298230E-01
  9.5794826025251301E-01
  9.5794826025241053E-01
  9.5794826025202606E-01
  9.5794826025200308E-01
  9.5794826025185431E-01
  9.5794826025184165E-01
  9.5794826025185820E-01
  9.5794826025219282E-01
  9.5794826025219593E-01
  9.5794826025253976E-01
  9.5794826025327473E-01
  9.5794826025359203E-01
  9.5794826025450763E-01
  9.5794826025498303E-01
  9.5794826025614066E-01
  9.5794826025720947E-01
  9.5794826025849611E-01
  9.5794826025968938E-01
  9.5794826026138546E-01
  9.5794826026336566E-01
  9.5794826026544777E-01
  9.5794826026817381E-01
  9.5794826027123747E-01
  9.5794826027511615E-01
  9.5794826027962676E-01
  9.5794826028544433E-01
  9.5794826029287516E-01
  9.5794826025291491E-01
  9.6093750000000000E-01
  9.6875000000000000E-01
  9.7656250000000000E-01
  9.8437500000000000E-01
  9.9218750000000000E-01
  1.0000000000000000E+00
  0.0000000000000000E+00
  0.0000000000000000E+00
  0.0000000000000000E+00
  0.0000000000000000E+00
  0.0000000000000000E+00
  0.0000000000000000E+00
  0.0000000000000000E+00
  0.0000000000000000E+00
  0.0000000000000000E+00
  0.0000000000000000E+00
  0.0000000000000000E+00
  0.0000000000000000E+00
  0.0000000000000000E+00
  0.0000000000000000E+00
  0.0000000000000000E+00
  0.0000000000000000E+00
  0.0000000000000000E+00
  0.0000000000000000E+00
  0.0000000000000000E+00
  0.0000000000000000E+00
  0.0000000000000000E+00
  0.0000000000000000E+00
  0.0000000000000000E+00
  0.0000000000000000E+00
  0.0000000000000000E+00
  0.0000000000000000E+00
  0.0000000000000000E+00
  0.0000000000000000E+00
  9.5796172643213839E-01
  9.5796172645479039E-01
  9.5796172647554778E-01
  9.5796172643209199E-01
  9.5796172643620969E-01
  9.5796172643981892E-01
  9.5796172644336375E-01
  9.5796172644566535E-01
  9.5796172644951572E-01
  9.5796172645364808E-01
  9.5796172645674760E-01
  9.5796172645957556E-01
  9.5796172646365352E-01
  9.5796172646714306E-01
  9.5796172647066347E-01
  9.5796172647492595E-01
  9.5796172647754851E-01
  9.5796172648206834E-01
  9.5796172643117905E-01
  9.5796172643238442E-01
  9.5796172643309707E-01
  9.5796172643321598E-01
  9.5796172643457689E-01
  9.5796172643504729E-01
  9.5796172643561328E-01
  9.5796172643717326E-01
  9.5796172643643629E-01
  9.5796172643794575E-01
  9.5796172643793920E-01
  9.5796172643930633E-01
  9.5796172644011457E-01
  9.5796172644072308E-01
  9.5796172644126465E-01
  9.5796172644268629E-01
  9.5796172644279143E-01
  9.5796172644348343E-01
  9.5796172644413335E-01
  9.5796172644544597E-01
  9.5796172644663014E-01
  9.5796172644731903E-01
  9.5796172644819444E-01
  9.5796172644871191E-01
  9.5796172644988664E-01
  9.5796172645098809E-01
  9.5796172645167765E-01
  9.5796172645292721E-01
  9.5796172641803523E-01
  9.5796172576480010E-01
  9.5796170578593187E-01
  9.5796172574468863E-01
  9.5796172638950639E-01
  9.5796172638599320E-01
  9.5796172638291910E-01
  9.5796172638056420E-01
  9.5796172637773214E-01
  9.5796172637595345E-01
  9.5796172637341537E-01
  9.5796172637239330E-01
  9.5796172637090882E-01
  9.5796172636956933E-01
  9.5796172636812649E-01
  9.5796172636714738E-01
  9.5796172636569943E-01
  9.5796172636551680E-01
  9.5796172636448940E-01
  9.5796172636377608E-01
  9.5796172636305366E-01
  9.5796172636321764E-01
  9.5796172636277710E-01
  9.5796172636234056E-01
  9.5796172636215138E-01
  9.5796172636223442E-01
  9.5796172636183585E-01
  9.5796172636242871E-01
  9.5796172636252586E-01
  9.5796172636268073E-01
  9.5796172636288035E-01
  9.5796172636360111E-01
  9.5796172636418830E-01
  9.5796172636446719E-01
  9.5796172636549592E-01
  9.5796172636643895E-01
  9.5796172636737342E-01
  9.5796172636874166E-01
  9.5796172637019994E-01
  9.5796172637172905E-01
  9.5796172637357480E-01
  9.5796172637599297E-01
  9.5796172637853227E-01
  9.5796172638162747E-01
  9.5796172638536925E-01
  9.5796172639004251E-01
  9.5796172639582411E-01
  9.5796172640332278E-01
  9.5796172636310639E-01
  9.6093750000000000E-01
  9.6875000000000000E-01
  9.7656250000000000E-01
  9.8437500000000000E-01
  9.9218750000000000E-01
  1.0000000000000000E+00
  0.0000000000000000E+00
  0.0000000000000000E+00
  0.0000000000000000E+00
  0.0000000000000000E+00
  0.0000000000000000E+00
  0.0000000000000000E+00
  0.0000000000000000E+00
  0.0000000000000000E+00
  0.0000000000000000E+00
  0.0000000000000000E+00
  0.0000000000000000E+00
  0.0000000000000000E+00
  0.0000000000000000E+00
  0.0000000000000000E+00
  0.0000000000000000E+00
  0.0000000000000000E+00
  0.0000000000000000E+00
  0.0000000000000000E+00
  0.0000000000000000E+00
  0.0000000000000000E+00
  0.0000000000000000E+00
  0.0000000000000000E+00
  0.0000000000000000E+00
  0.0000000000000000E+00
  0.0000000000000000E+00
  0.0000000000000000E+00
  0.0000000000000000E+00
  0.0000000000000000E+00
  9.5797517704371449E-01
  9.5797517706451529E-01
  9.5797517708513702E-01
  9.5797517704228308E-01
  9.5797517704592394E-01
  9.5797517704965907E-01
  9.5797517705286339E-01
  9.5797517705539037E-01
  9.5797517705921720E-01
  9.5797517706272628E-01
  9.5797517706666824E-01
  9.5797517707060897E-01
  9.5797517707296453E-01
  9.5797517707782376E-01
  9.5797517708065294E-01
  9.5797517708504987E-01
  9.5797517708828406E-01
  9.5797517709212576E-01
  9.5797517704205037E-01
  9.5797517704324431E-01
  9.5797517704252244E-01
  9.5797517704326729E-01
  9.5797517704412272E-01
  9.5797517704521840E-01
  9.5797517704642343E-01
  9.5797517704702329E-01
  9.5797517704670665E-01
  9.5797517704785495E-01
  9.5797517704925195E-01
  9.5797517704955903E-01
  9.5797517704939195E-01
  9.5797517705094248E-01
  9.5797517705148261E-01
  9.5797517705180124E-01
  9.5797517705263990E-01
  9.5797517705428537E-01
  9.5797517705501822E-01
  9.5797517705537982E-01
  9.5797517705626867E-01
  9.5797517705672686E-01
  9.5797517705798663E-01
  9.5797517705947322E-01
  9.5797517706046920E-01
  9.5797517706064583E-01
  9.5797517706215796E-01
  9.5797517706330915E-01
  9.5797517702845025E-01
  9.5797517637350682E-01
  9.5797515633637709E-01
  9.5797517635303731E-01
  9.5797517700016610E-01
  9.5797517699607615E-01
  9.5797517699279933E-01
  9.5797517699022605E-01
  9.5797517698712853E-01
  9.5797517698565460E-01
  9.5797517698358980E-01
  9.5797517698163115E-01
  9.5797517698065970E-01
  9.5797517697878232E-01
  9.5797517697745771E-01
  9.5797517697704704E-01
  9.5797517697609513E-01
  9.5797517697497048E-01
  9.5797517697390699E-01
  9.5797517697332413E-01
  9.5797517697318813E-01
  9.5797517697285062E-01
  9.5797517697236556E-01
  9.5797517697204815E-01
  9.5797517697180634E-01
  9.5797517697186296E-01
  9.5797517697201373E-01
  9.5797517697174206E-01
  9.5797517697211765E-01
  9.5797517697257717E-01
  9.5797517697273049E-01
  9.5797517697322743E-01
  9.5797517697379209E-01
  9.5797517697435042E-01
  9.5797517697520795E-01
  9.5797517697607759E-01
  9.5797517697704715E-01
  9.5797517697854828E-01
  9.5797517697985923E-01
  9.5797517698151213E-01
  9.5797517698333157E-01
  9.5797517698563128E-01
  9.5797517698830015E-01
  9.5797517699133761E-01
  9.5797517699521006E-01
  9.5797517699980206E-01
  9.5797517700567714E-01
  9.5797517701326895E-01
  9.5797517697277046E-01
  9.6093750000000000E-01
  9.6875000000000000E-01
  9.7656250000000000E-01
  9.8437500000000000E-01
  9.9218750000000000E-01
  1.0000000000000000E+00
  0.0000000000000000E+00
  0.0000000000000000E+00
  0.0000000000000000E+00
  0.0000000000000000E+00
  0.0000000000000000E+00
  0.0000000000000000E+00
  0.0000000000000000E+00
  0.0000000000000000E+00
  0.0000000000000000E+00
  0.0000000000000000E+00
  0.0000000000000000E+00
  0.0000000000000000E+00
  0.0000000000000000E+00
  0.0000000000000000E+00
  0.0000000000000000E+00
  0.0000000000000000E+00
  0.0000000000000000E+00
  0.0000000000000000E+00
  0.0000000000000000E+00
  0.0000000000000000E+00
  0.0000000000000000E+00
  0.0000000000000000E+00
  0.0000000000000000E+00
  0.0000000000000000E+00
  0.0000000000000000E+00
  0.0000000000000000E+00
  0.0000000000000000E+00
  0.0000000000000000E+00
  9.5798861225457765E-01
  9.5798861219497422E-01
  9.5798861221746856E-01
  9.5798861217468456E-01
  9.5798861217772513E-01
  9.5798861218124753E-01
  9.5798861218379949E-01
  9.5798861218862497E-01
  9.5798861219189024E-01
  9.5798861219428100E-01
  9.5798861219912279E-01
  9.5798861220124032E-01
  9.5798861220598186E-01
  9.5798861220904419E-01
  9.5798861221262643E-01
  9.5798861221579712E-01
  9.5798861221988740E-01
  9.5798861222454401E-01
  9.5798861217379760E-01
  9.5798861217356723E-01
  9.5798861217524711E-01
  9.5798861217547593E-01
  9.5798861217587661E-01
  9.5798861217682807E-01
  9.5798861217684084E-01
  9.5798861217814713E-01
  9.5798861217878861E-01
  9.5798861217985831E-01
  9.5798861217974984E-01
  9.5798861218077636E-01
  9.5798861218156772E-01
  9.5798861218269105E-01
  9.5798861218350295E-01
  9.5798861218434195E-01
  9.5798861218479625E-01
  9.5798861218633435E-01
  9.5798861218611009E-01
  9.5798861218707132E-01
  9.5798861218771503E-01
  9.5798861218855291E-01
  9.5798861219042430E-01
  9.5798861219034537E-01
  9.5798861219142295E-01
  9.5798861219234199E-01
  9.5798861219366793E-01
  9.5798861219495557E-01
  9.5798861216007258E-01
  9.5798861150365389E-01
  9.5798859140935400E-01
  9.5798861148292014E-01
  9.5798861213154807E-01
  9.5798861212753195E-01
  9.5798861212446451E-01
  9.5798861212174202E-01
  9.5798861211906972E-01
  9.5798861211654340E-01
  9.5798861211466757E-01
  9.5798861211301667E-01
  9.5798861211210684E-01
  9.5798861211006303E-01
  9.5798861210920616E-01
  9.5798861210824149E-01
  9.5798861210720099E-01
  9.5798861210638087E-01
  9.5798861210598663E-01
  9.5798861210482522E-01
  9.5798861210456965E-01
  9.5798861210397335E-01
  9.5798861210361475E-01
  9.5798861210353081E-01
  9.5798861210308828E-01
  9.5798861210327968E-01
  9.5798861210325459E-01
  9.5798861210356145E-01
  9.5798861210349384E-01
  9.5798861210359787E-01
  9.5798861210425545E-01
  9.5798861210462816E-01
  9.5798861210525954E-01
  9.5798861210584463E-01
  9.5798861210671138E-01
  9.5798861210759056E-01
  9.5798861210864228E-01
  9.5798861211006670E-01
  9.5798861211129915E-01
  9.5798861211301645E-01
  9.5798861211491015E-01
  9.5798861211719499E-01
  9.5798861211971897E-01
  9.5798861212297937E-01
  9.5798861212675923E-01
  9.5798861213137099E-01
  9.5798861213725117E-01
  9.5798861214488462E-01
  9.5798861210408359E-01
  9.6093750000000000E-01
  9.6875000000000000E-01
  9.7656250000000000E-01
  9.8437500000000000E-01
  9.9218750000000000E-01
  1.0000000000000000E+00
  0.0000000000000000E+00
  0.0000000000000000E+00
  0.0000000000000000E+00
  0.0000000000000000E+00
  0.0000000000000000E+00
  0.0000000000000000E+00
  0.0000000000000000E+00
  0.0000000000000000E+00
  0.0000000000000000E+00
  0.0000000000000000E+00
  0.0000000000000000E+00
  0.0000000000000000E+00
  0.0000000000000000E+00
  0.0000000000000000E+00
  0.0000000000000000E+00
  0.0000000000000000E+00
  0.0000000000000000E+00
  0.0000000000000000E+00
  0.0000000000000000E+00
  0.0000000000000000E+00
  0.0000000000000000E+00
  0.0000000000000000E+00
  0.0000000000000000E+00
  0.0000000000000000E+00
  0.0000000000000000E+00
  0.0000000000000000E+00
  0.0000000000000000E+00
  0.0000000000000000E+00
  9.5800203192790578E-01
  9.5800203187117938E-01
  9.5800203189264321E-01
  9.5800203185053812E-01
  9.5800203185372179E-01
  9.5800203185670219E-01
  9.5800203186051747E-01
  9.5800203186373012E-01
  9.5800203186715793E-01
  9.5800203187041411E-01
  9.5800203187368538E-01
  9.5800203187800781E-01
  9.5800203188084110E-01
  9.5800203188561639E-01
  9.5800203188769839E-01
  9.5800203189150823E-01
  9.5800203189540822E-01
  9.5800203189944078E-01
  9.5800203184881361E-01
  9.5800203184987243E-01
  9.5800203184991739E-01
  9.5800203185141886E-01
  9.5800203185168709E-01
  9.5800203185305521E-01
  9.5800203185376098E-01
  9.5800203185420763E-01
  9.5800203185478194E-01
  9.5800203185583066E-01
  9.5800203185620947E-01
  9.5800203185629418E-01
  9.5800203185688571E-01
  9.5800203185829402E-01
  9.5800203185942712E-01
  9.5800203185968436E-01
  9.5800203186117772E-01
  9.5800203186173327E-01
  9.5800203186191291E-01
  9.5800203186261934E-01
  9.5800203186452448E-01
  9.5800203186453936E-01
  9.5800203186603916E-01
  9.5800203186704125E-01
  9.5800203186756250E-01
  9.5800203186909649E-01
  9.5800203186929100E-01
  9.5800203186996702E-01
  9.5800203183626120E-01
  9.5800203117771143E-01
  9.5800201102620286E-01
  9.5800203115711124E-01
  9.5800203180666521E-01
  9.5800203180350973E-01
  9.5800203179972754E-01
  9.5800203179692800E-01
  9.5800203179449861E-01
  9.5800203179257937E-01
  9.5800203179058652E-01
  9.5800203178879950E-01
  9.5800203178742960E-01
  9.5800203178599541E-01
  9.5800203178460253E-01
  9.5800203178336552E-01
  9.5800203178244847E-01
  9.5800203178179666E-01
  9.5800203178091603E-01
  9.5800203178038179E-01
  9.5800203178024990E-01
  9.5800203177950649E-01
  9.5800203177901533E-01
  9.5800203177901500E-01
  9.5800203177884224E-01
  9.5800203177854037E-01
  9.5800203177896481E-01
  9.5800203177907461E-01
  9.5800203177917154E-01
  9.5800203177941745E-01
  9.5800203177951537E-01
  9.5800203178029886E-01
  9.5800203178078758E-01
  9.5800203178148624E-01
  9.5800203178202070E-01
  9.5800203178304300E-01
  9.5800203178411658E-01
  9.5800203178536425E-01
  9.5800203178682597E-01
  9.5800203178850818E-01
  9.5800203179037935E-01
  9.5800203179276644E-01
  9.5800203179524812E-01
  9.5800203179847543E-01
  9.5800203180224985E-01
  9.5800203180698451E-01
  9.5800203181282095E-01
  9.5800203182043076E-01
  9.5800203177938226E-01
  9.6093750000000000E-01
  9.6875000000000000E-01
  9.7656250000000000E-01
  9.8437500000000000E-01
  9.9218750000000000E-01
  1.0000000000000000E+00
  0.0000000000000000E+00
  0.0000000000000000E+00
  0.0000000000000000E+00
  0.0000000000000000E+00
  0.0000000000000000E+00
  0.0000000000000000E+00
  0.0000000000000000E+00
  0.0000000000000000E+00
  0.0000000000000000E+00
  0.0000000000000000E+00
  0.0000000000000000E+00
  0.0000000000000000E+00
  0.0000000000000000E+00
  0.0000000000000000E+00
  0.0000000000000000E+00
  0.0000000000000000E+00
  0.0000000000000000E+00
  0.0000000000000000E+00
  0.0000000000000000E+00
  0.0000000000000000E+00
  0.0000000000000000E+00
  0.0000000000000000E+00
  0.0000000000000000E+00
  0.0000000000000000E+00
  0.0000000000000000E+00
  0.0000000000000000E+00
  0.0000000000000000E+00
  0.0000000000000000E+00
  9.5801543616654294E-01
  9.5801543611262452E-01
  9.5801543613505025E-01
  9.5801543609191420E-01
  9.5801543609599360E-01
  9.5801543609809281E-01
  9.5801543610286055E-01
  9.5801543610613393E-01
  9.5801543610958551E-01
  9.5801543611320428E-01
  9.5801543611678541E-01
  9.5801543611907281E-01
  9.5801543612341955E-01
  9.5801543612674767E-01
  9.5801543613121887E-01
  9.5801543613440765E-01
  9.5801543613740636E-01
  9.5801543614087448E-01
  9.5801543609040718E-01
  9.5801543609187267E-01
  9.5801543609207007E-01
  9.5801543609344408E-01
  9.5801543609388973E-01
  9.5801543609409989E-01
  9.5801543609582096E-01
  9.5801543609572648E-01
  9.5801543609641793E-01
  9.5801543609786155E-01
  9.5801543609752227E-01
  9.5801543609864470E-01
  9.5801543609907569E-01
  9.5801543610080275E-01
  9.5801543610113205E-01
  9.5801543610128126E-01
  9.5801543610272444E-01
  9.5801543610368489E-01
  9.5801543610470230E-01
  9.5801543610538975E-01
  9.5801543610626416E-01
  9.5801543610694950E-01
  9.5801543610812367E-01
  9.5801543610838913E-01
  9.5801543610927098E-01
  9.5801543611090989E-01
  9.5801543611128048E-01
  9.5801543611269580E-01
  9.5801543607775907E-01
  9.5801543541891265E-01
  9.5801541520790123E-01
  9.5801543539698653E-01
  9.5801543604850303E-01
  9.5801543604489869E-01
  9.5801543604193251E-01
  9.5801543603889872E-01
  9.5801543603651962E-01
  9.5801543603399741E-01
  9.5801543603231687E-01
  9.5801543603092820E-01
  9.5801543602899752E-01
  9.5801543602737549E-01
  9.5801543602662409E-01
  9.5801543602498829E-01
  9.5801543602451944E-01
  9.5801543602331973E-01
  9.5801543602264960E-01
  9.5801543602203354E-01
  9.5801543602138328E-01
  9.5801543602117067E-01
  9.5801543602120365E-01
  9.5801543602090811E-01
  9.5801543602037653E-01
  9.5801543602058170E-01
  9.5801543602030470E-01
  9.5801543602042383E-01
  9.5801543602083761E-01
  9.5801543602096850E-01
  9.5801543602145145E-01
  9.5801543602189432E-01
  9.5801543602233186E-01
  9.5801543602289696E-01
  9.5801543602365902E-01
  9.5801543602486616E-01
  9.5801543602571060E-01
  9.5801543602686512E-01
  9.5801543602847750E-01
  9.5801543603024419E-01
  9.5801543603219230E-01
  9.5801543603441996E-01
  9.5801543603694306E-01
  9.5801543604006145E-01
  9.5801543604394512E-01
  9.5801543604872896E-01
  9.5801543605462480E-01
  9.5801543606214890E-01
  9.5801543602091555E-01
  9.6093750000000000E-01
  9.6875000000000000E-01
  9.7656250000000000E-01
  9.8437500000000000E-01
  9.9218750000000000E-01
  1.0000000000000000E+00
  0.0000000000000000E+00
  0.0000000000000000E+00
  0.0000000000000000E+00
  0.0000000000000000E+00
  0.0000000000000000E+00
  0.0000000000000000E+00
  0.0000000000000000E+00
  0.0000000000000000E+00
  0.0000000000000000E+00
  0.0000000000000000E+00
  0.0000000000000000E+00
  0.0000000000000000E+00
  0.0000000000000000E+00
  0.0000000000000000E+00
  0.0000000000000000E+00
  0.0000000000000000E+00
  0.0000000000000000E+00
  0.0000000000000000E+00
  0.0000000000000000E+00
  0.0000000000000000E+00
  0.0000000000000000E+00
  0.0000000000000000E+00
  0.0000000000000000E+00
  0.0000000000000000E+00
  0.0000000000000000E+00
  0.0000000000000000E+00
  0.0000000000000000E+00
  0.0000000000000000E+00
  9.5802882499453101E-01
  9.5802882494305630E-01
  9.5802882496446529E-01
  9.5802882492329189E-01
  9.5802882492657404E-01
  9.5802882492871344E-01
  9.5802882493265518E-01
  9.5802882493491404E-01
  9.5802882493871300E-01
  9.5802882494281472E-01
  9.5802882494610198E-01
  9.5802882495003894E-01
  9.5802882495402319E-01
  9.5802882495717878E-01
  9.5802882495997821E-01
  9.5802882496414332E-01
  9.5802882496807473E-01
  9.5802882497257991E-01
  9.5802882492091368E-01
  9.5802882492166319E-01
  9.5802882492203256E-01
  9.5802882492333830E-01
  9.5802882492453845E-01
  9.5802882492470420E-01
  9.5802882492508068E-01
  9.5802882492656594E-01
  9.5802882492740449E-01
  9.5802882492799568E-01
  9.5802882492848140E-01
  9.5802882492965702E-01
  9.5802882493018937E-01
  9.5802882493109220E-01
  9.5802882493109653E-01
  9.5802882493234298E-01
  9.5802882493283681E-01
  9.5802882493313057E-01
  9.5802882493395058E-01
  9.5802882493597197E-01
  9.5802882493606933E-01
  9.5802882493766339E-01
  9.5802882493771380E-01
  9.5802882493952679E-01
  9.5802882494031338E-01
  9.5802882494076747E-01
  9.5802882494170549E-01
  9.5802882494277852E-01
  9.5802882490908392E-01
  9.5802882424768165E-01
  9.5802880397866197E-01
  9.5802882422620972E-01
  9.5802882487912822E-01
  9.5802882487481567E-01
  9.5802882487189500E-01
  9.5802882486869634E-01
  9.5802882486620078E-01
  9.5802882486473517E-01
  9.5802882486193897E-01
  9.5802882486051144E-01
  9.5802882485909369E-01
  9.5802882485745255E-01
  9.5802882485634289E-01
  9.5802882485551921E-01
  9.5802882485444418E-01
  9.5802882485393381E-01
  9.5802882485321106E-01
  9.5802882485230700E-01
  9.5802882485169538E-01
  9.5802882485142360E-01
  9.5802882485085428E-01
  9.5802882485049001E-01
  9.5802882485019525E-01
  9.5802882485016971E-01
  9.5802882485029062E-01
  9.5802882485046159E-01
  9.5802882485052521E-01
  9.5802882485103846E-01
  9.5802882485119911E-01
  9.5802882485189012E-01
  9.5802882485241303E-01
  9.5802882485292551E-01
  9.5802882485366392E-01
  9.5802882485484619E-01
  9.5802882485573249E-01
  9.5802882485706364E-01
  9.5802882485857266E-01
  9.5802882486013896E-01
  9.5802882486208285E-01
  9.5802882486440011E-01
  9.5802882486709429E-01
  9.5802882487019858E-01
  9.5802882487409802E-01
  9.5802882487885588E-01
  9.5802882488473462E-01
  9.5802882489236874E-01
  9.5802882485075358E-01
  9.6093750000000000E-01
  9.6875000000000000E-01
  9.7656250000000000E-01
  9.8437500000000000E-01
  9.9218750000000000E-01
  1.0000000000000000E+00
  0.0000000000000000E+00
  0.0000000000000000E+00
  0.0000000000000000E+00
  0.0000000000000000E+00
  0.0000000000000000E+00
  0.0000000000000000E+00
  0.0000000000000000E+00
  0.0000000000000000E+00
  0.0000000000000000E+00
  0.0000000000000000E+00
  0.0000000000000000E+00
  0.0000000000000000E+00
  0.0000000000000000E+00
  0.0000000000000000E+00
  0.0000000000000000E+00
  0.0000000000000000E+00
  0.0000000000000000E+00
  0.0000000000000000E+00
  0.0000000000000000E+00
  0.0000000000000000E+00
  0.0000000000000000E+00
  0.0000000000000000E+00
  0.0000000000000000E+00
  0.0000000000000000E+00
  0.0000000000000000E+00
  0.0000000000000000E+00
  0.0000000000000000E+00
  0.0000000000000000E+00
  9.5804219843247296E-01
  9.5804219838331561E-01
  9.5804219840566684E-01
  9.5804219836398075E-01
  9.5804219836637650E-01
  9.5804219836887583E-01
  9.5804219837331817E-01
  9.5804219837739302E-01
  9.5804219838018889E-01
  9.5804219838311944E-01
  9.5804219838708926E-01
  9.5804219839147331E-01
  9.5804219839431914E-01
  9.5804219839855875E-01
  9.5804219840206295E-01
  9.5804219840512084E-01
  9.5804219840957194E-01
  9.5804219841303540E-01
  9.5804219836235660E-01
  9.5804219836298521E-01
  9.5804219836327553E-01
  9.5804219836339077E-01
  9.5804219836540239E-01
  9.5804219836583171E-01
  9.5804219836675186E-01
  9.5804219836694859E-01
  9.5804219836759141E-01
  9.5804219836827520E-01
  9.5804219836849347E-01
  9.5804219836969284E-01
  9.5804219837084004E-01
  9.5804219837098781E-01
  9.5804219837232008E-01
  9.5804219837239635E-01
  9.5804219837334958E-01
  9.5804219837454874E-01
  9.5804219837519977E-01
  9.5804219837641447E-01
  9.5804219837723703E-01
  9.5804219837749194E-01
  9.5804219837910554E-01
  9.5804219837925486E-01
  9.5804219838103633E-01
  9.5804219838187521E-01
  9.5804219838227533E-01
  9.5804219838339910E-01
  9.5804219835039228E-01
  9.5804219768679177E-01
  9.5804217735890485E-01
  9.5804219766519327E-01
  9.5804219831952031E-01
  9.5804219831538073E-01
  9.5804219831277093E-01
  9.5804219830933379E-01
  9.5804219830667725E-01
  9.5804219830485127E-01
  9.5804219830262860E-01
  9.5804219830120696E-01
  9.5804219829957915E-01
  9.5804219829786941E-01
  9.5804219829682413E-01
  9.5804219829622139E-01
  9.5804219829487669E-01
  9.5804219829433990E-01
  9.5804219829337323E-01
  9.5804219829282122E-01
  9.5804219829216686E-01
  9.5804219829189463E-01
  9.5804219829127035E-01
  9.5804219829111525E-01
  9.5804219829078308E-01
  9.5804219829110271E-01
  9.5804219829083082E-01
  9.5804219829089898E-01
  9.5804219829106119E-01
  9.5804219829134485E-01
  9.5804219829177273E-01
  9.5804219829240045E-01
  9.5804219829270654E-01
  9.5804219829369186E-01
  9.5804219829444170E-01
  9.5804219829530202E-01
  9.5804219829635917E-01
  9.5804219829765469E-01
  9.5804219829892068E-01
  9.5804219830057358E-01
  9.5804219830261217E-01
  9.5804219830495352E-01
  9.5804219830754322E-01
  9.5804219831073500E-01
  9.5804219831457527E-01
  9.5804219831941972E-01
  9.5804219832529836E-01
  9.5804219833298632E-01
  9.5804219829121640E-01
  9.6093750000000000E-01
  9.6875000000000000E-01
  9.7656250000000000E-01
  9.8437500000000000E-01
  9.9218750000000000E-01
  1.0000000000000000E+00
  0.0000000000000000E+00
  0.0000000000000000E+00
  0.0000000000000000E+00
  0.0000000000000000E+00
  0.0000000000000000E+00
  0.0000000000000000E+00
  0.0000000000000000E+00
  0.0000000000000000E+00
  0.0000000000000000E+00
  0.0000000000000000E+00
  0.0000000000000000E+00
  0.0000000000000000E+00
  0.0000000000000000E+00
  0.0000000000000000E+00
  0.0000000000000000E+00
  0.0000000000000000E+00
  0.0000000000000000E+00
  0.0000000000000000E+00
  0.0000000000000000E+00
  0.0000000000000000E+00
  0.0000000000000000E+00
  0.0000000000000000E+00
  0.0000000000000000E+00
  0.0000000000000000E+00
  0.0000000000000000E+00
  0.0000000000000000E+00
  0.0000000000000000E+00
  0.0000000000000000E+00
  9.5805555650405072E-01
  9.5805555645655538E-01
  9.5805555647924245E-01
  9.5805555643616125E-01
  9.5805555643950091E-01
  9.5805555644388862E-01
  9.5805555644640572E-01
  9.5805555645079810E-01
  9.5805555645270457E-01
  9.5805555645608076E-01
  9.5805555646026386E-01
  9.5805555646465346E-01
  9.5805555646835161E-01
  9.5805555647120288E-01
  9.5805555647534568E-01
  9.5805555647885221E-01
  9.5805555648184793E-01
  9.5805555648562302E-01
  9.5805555643491747E-01
  9.5805555643565010E-01
  9.5805555643634421E-01
  9.5805555643729090E-01
  9.5805555643848039E-01
  9.5805555643867280E-01
  9.5805555643965445E-01
  9.5805555644043927E-01
  9.5805555644104923E-01
  9.5805555644197660E-01
  9.5805555644242479E-01
  9.5805555644243801E-01
  9.5805555644424822E-01
  9.5805555644411100E-01
  9.5805555644543117E-01
  9.5805555644596474E-01
  9.5805555644762019E-01
  9.5805555644732066E-01
  9.5805555644826024E-01
  9.5805555645001239E-01
  9.5805555645071760E-01
  9.5805555645111040E-01
  9.5805555645206142E-01
  9.5805555645302254E-01
  9.5805555645381202E-01
  9.5805555645509144E-01
  9.5805555645650664E-01
  9.5805555645658069E-01
  9.5805555642416129E-01
  9.5805555575959700E-01
  9.5805553537243970E-01
  9.5805555573755696E-01
  9.5805555639277296E-01
  9.5805555638944984E-01
  9.5805555638549045E-01
  9.5805555638291828E-01
  9.5805555638034923E-01
  9.5805555637837914E-01
  9.5805555637636786E-01
  9.5805555637429585E-01
  9.5805555637256146E-01
  9.5805555637169826E-01
  9.5805555637004935E-01
  9.5805555636914308E-01
  9.5805555636819528E-01
  9.5805555636737683E-01
  9.5805555636653705E-01
  9.5805555636613127E-01
  9.5805555636505113E-01
  9.5805555636507378E-01
  9.5805555636424256E-01
  9.5805555636434703E-01
  9.5805555636408823E-01
  9.5805555636376039E-01
  9.5805555636408535E-01
  9.5805555636414397E-01
  9.5805555636419504E-01
  9.5805555636439355E-01
  9.5805555636468420E-01
  9.5805555636543693E-01
  9.5805555636604989E-01
  9.5805555636642670E-01
  9.5805555636732775E-01
  9.5805555636837736E-01
  9.5805555636930995E-01
  9.5805555637061657E-01
  9.5805555637217121E-01
  9.5805555637380402E-01
  9.5805555637587492E-01
  9.5805555637799189E-01
  9.5805555638072293E-01
  9.5805555638392093E-01
  9.5805555638781137E-01
  9.5805555639247864E-01
  9.5805555639846463E-01
  9.5805555640613804E-01
  9.5805555636410478E-01
  9.6093750000000000E-01
  9.6875000000000000E-01
  9.7656250000000000E-01
  9.8437500000000000E-01
  9.9218750000000000E-01
  1.0000000000000000E+00
  0.0000000000000000E+00
  0.0000000000000000E+00
  0.0000000000000000E+00
  0.0000000000000000E+00
  0.0000000000000000E+00
  0.0000000000000000E+00
  0.0000000000000000E+00
  0.0000000000000000E+00
  0.0000000000000000E+00
  0.0000000000000000E+00
  0.0000000000000000E+00
  0.0000000000000000E+00
  0.0000000000000000E+00
  0.0000000000000000E+00
  0.0000000000000000E+00
  0.0000000000000000E+00
  0.0000000000000000E+00
  0.0000000000000000E+00
  0.0000000000000000E+00
  0.0000000000000000E+00
  0.0000000000000000E+00
  0.0000000000000000E+00
  0.0000000000000000E+00
  0.0000000000000000E+00
  0.0000000000000000E+00
  0.0000000000000000E+00
  0.0000000000000000E+00
  0.0000000000000000E+00
  9.5806889922976701E-01
  9.5806889918352023E-01
  9.5806889920598648E-01
  9.5806889916440585E-01
  9.5806889916829430E-01
  9.5806889917105398E-01
  9.5806889917423843E-01
  9.5806889917744031E-01
  9.5806889918107530E-01
  9.5806889918474603E-01
  9.5806889918900562E-01
  9.5806889919186100E-01
  9.5806889919598648E-01
  9.5806889919939520E-01
  9.5806889920358140E-01
  9.5806889920727989E-01
  9.5806889921061644E-01
  9.5806889921457294E-01
  9.5806889916416449E-01
  9.5806889916412075E-01
  9.5806889916466087E-01
  9.5806889916478122E-01
  9.5806889916574178E-01
  9.5806889916601023E-01
  9.5806889916760141E-01
  9.5806889916745475E-01
  9.5806889916910409E-01
  9.5806889917003790E-01
  9.5806889917042926E-01
  9.5806889917133053E-01
  9.5806889917118820E-01
  9.5806889917224292E-01
  9.5806889917381066E-01
  9.5806889917368843E-01
  9.5806889917517024E-01
  9.5806889917627081E-01
  9.5806889917643057E-01
  9.5806889917767324E-01
  9.5806889917832672E-01
  9.5806889917910065E-01
  9.5806889918066906E-01
  9.5806889918162697E-01
  9.5806889918265903E-01
  9.5806889918359239E-01
  9.5806889918392779E-01
  9.5806889918562965E-01
  9.5806889915168914E-01
  9.5806889913952253E-01
  9.5806887803959739E-01
  9.5806889846367349E-01
  9.5806889912058057E-01
  9.5806889911716786E-01
  9.5806889911399240E-01
  9.5806889911037252E-01
  9.5806889910772419E-01
  9.5806889910542314E-01
  9.5806889910411885E-01
  9.5806889910208137E-01
  9.5806889910061765E-01
  9.5806889909912285E-01
  9.5806889909811932E-01
  9.5806889909711979E-01
  9.5806889909597659E-01
  9.5806889909519621E-01
  9.5806889909422510E-01
  9.5806889909370818E-01
  9.5806889909300641E-01
  9.5806889909255888E-01
  9.5806889909212800E-01
  9.5806889909185833E-01
  9.5806889909188597E-01
  9.5806889909180171E-01
  9.5806889909162518E-01
  9.5806889909183057E-01
  9.5806889909192128E-01
  9.5806889909207549E-01
  9.5806889909246562E-01
  9.5806889909304005E-01
  9.5806889909366000E-01
  9.5806889909438553E-01
  9.5806889909513193E-01
  9.5806889909607407E-01
  9.5806889909700821E-01
  9.5806889909844872E-01
  9.5806889909998127E-01
  9.5806889910138693E-01
  9.5806889910355186E-01
  9.5806889910569260E-01
  9.5806889910851678E-01
  9.5806889911164128E-01
  9.5806889911549142E-01
  9.5806889912025783E-01
  9.5806889912628745E-01
  9.5806889913396642E-01
  9.5806889909164505E-01
  9.6093750000000000E-01
  9.6875000000000000E-01
  9.7656250000000000E-01
  9.8437500000000000E-01
  9.9218750000000000E-01
  1.0000000000000000E+00
  0.0000000000000000E+00
  0.0000000000000000E+00
  0.0000000000000000E+00
  0.0000000000000000E+00
  0.0000000000000000E+00
  0.0000000000000000E+00
  0.0000000000000000E+00
  0.0000000000000000E+00
  0.0000000000000000E+00
  0.0000000000000000E+00
  0.0000000000000000E+00
  0.0000000000000000E+00
  0.0000000000000000E+00
  0.0000000000000000E+00
  0.0000000000000000E+00
  0.0000000000000000E+00
  0.0000000000000000E+00
  0.0000000000000000E+00
  0.0000000000000000E+00
  0.0000000000000000E+00
  0.0000000000000000E+00
  0.0000000000000000E+00
  0.0000000000000000E+00
  0.0000000000000000E+00
  0.0000000000000000E+00
  0.0000000000000000E+00
  0.0000000000000000E+00
  0.0000000000000000E+00
  9.5808222663079234E-01
  9.5808222658919784E-01
  9.5808222661078413E-01
  9.5808222656901709E-01
  9.5808222657159581E-01
  9.5808222657643127E-01
  9.5808222657869180E-01
  9.5808222658157638E-01
  9.5808222658641129E-01
  9.5808222659007591E-01
  9.5808222659376385E-01
  9.5808222659711872E-01
  9.5808222659946629E-01
  9.5808222660387099E-01
  9.5808222660718778E-01
  9.5808222661070797E-01
  9.5808222661591247E-01
  9.5808222661996589E-01
  9.5808222656814113E-01
  9.5808222656811382E-01
  9.5808222656870479E-01
  9.5808222657002595E-01
  9.5808222657104525E-01
  9.5808222657166353E-01
  9.5808222657204833E-01
  9.5808222657282882E-01
  9.5808222657282804E-01
  9.5808222657395936E-01
  9.5808222657504283E-01
  9.5808222657520092E-01
  9.5808222657626652E-01
  9.5808222657756403E-01
  9.5808222657824571E-01
  9.5808222657909692E-01
  9.5808222657910158E-01
  9.5808222658044528E-01
  9.5808222658129316E-01
  9.5808222658246700E-01
  9.5808222658311126E-01
  9.5808222658449693E-01
  9.5808222658464981E-01
  9.5808222658585540E-01
  9.5808222658636377E-01
  9.5808222658820053E-01
  9.5808222658883935E-01
  9.5808222658994258E-01
  9.5808222655675035E-01
  9.5808222654379305E-01
  9.5808220538253619E-01
  9.5808222586697356E-01
  9.5808222652509623E-01
  9.5808222652119823E-01
  9.5808222651850006E-01
  9.5808222651479491E-01
  9.5808222651232122E-01
  9.5808222650991248E-01
  9.5808222650796582E-01
  9.5808222650644026E-01
  9.5808222650460095E-01
  9.5808222650387176E-01
  9.5808222650210251E-01
  9.5808222650136410E-01
  9.5808222650023434E-01
  9.5808222649891095E-01
  9.5808222649851860E-01
  9.5808222649775110E-01
  9.5808222649749020E-01
  9.5808222649686992E-01
  9.5808222649651797E-01
  9.5808222649603947E-01
  9.5808222649615460E-01
  9.5808222649599484E-01
  9.5808222649594710E-01
  9.5808222649604013E-01
  9.5808222649631347E-01
  9.5808222649656916E-01
  9.5808222649675390E-01
  9.5808222649728658E-01
  9.5808222649804997E-01
  9.5808222649839114E-01
  9.5808222649950281E-01
  9.5808222650046648E-01
  9.5808222650148400E-01
  9.5808222650280861E-01
  9.5808222650403518E-01
  9.5808222650581321E-01
  9.5808222650782748E-01
  9.5808222651010833E-01
  9.5808222651278174E-01
  9.5808222651609531E-01
  9.5808222652000485E-01
  9.5808222652462161E-01
  9.5808222653061759E-01
  9.5808222653842634E-01
  9.5808222649587504E-01
  9.6093750000000000E-01
  9.6875000000000000E-01
  9.7656250000000000E-01
  9.8437500000000000E-01
  9.9218750000000000E-01
  1.0000000000000000E+00
  0.0000000000000000E+00
  0.0000000000000000E+00
  0.0000000000000000E+00
  0.0000000000000000E+00
  0.0000000000000000E+00
  0.0000000000000000E+00
  0.0000000000000000E+00
  0.0000000000000000E+00
  0.0000000000000000E+00
  0.0000000000000000E+00
  0.0000000000000000E+00
  0.0000000000000000E+00
  0.0000000000000000E+00
  0.0000000000000000E+00
  0.0000000000000000E+00
  0.0000000000000000E+00
  0.0000000000000000E+00
  0.0000000000000000E+00
  0.0000000000000000E+00
  0.0000000000000000E+00
  0.0000000000000000E+00
  0.0000000000000000E+00
  0.0000000000000000E+00
  0.0000000000000000E+00
  0.0000000000000000E+00
  0.0000000000000000E+00
  0.0000000000000000E+00
  0.0000000000000000E+00
  9.5809553873145281E-01
  9.5809553869139552E-01
  9.5809553871384689E-01
  9.5809553867202901E-01
  9.5809553867555386E-01
  9.5809553867809605E-01
  9.5809553868241559E-01
  9.5809553868563635E-01
  9.5809553868826569E-01
  9.5809553869261721E-01
  9.5809553869675956E-01
  9.5809553870017605E-01
  9.5809553870342934E-01
  9.5809553870768105E-01
  9.5809553871150843E-01
  9.5809553871471542E-01
  9.5809553871773845E-01
  9.5809553872233433E-01
  9.5809553867083608E-01
  9.5809553867175334E-01
  9.5809553867183916E-01
  9.5809553867325115E-01
  9.5809553867439479E-01
  9.5809553867380692E-01
  9.5809553867541164E-01
  9.5809553867585207E-01
  9.5809553867733732E-01
  9.5809553867740227E-01
  9.5809553867773289E-01
  9.5809553867889785E-01
  9.5809553868021069E-01
  9.5809553868060982E-01
  9.5809553868069008E-01
  9.5809553868236885E-01
  9.5809553868270658E-01
  9.5809553868321495E-01
  9.5809553868389630E-01
  9.5809553868506736E-01
  9.5809553868614739E-01
  9.5809553868715125E-01
  9.5809553868858088E-01
  9.5809553868887321E-01
  9.5809553869026831E-01
  9.5809553869087749E-01
  9.5809553869205377E-01
  9.5809553869295505E-01
  9.5809553866014108E-01
  9.5809553864734132E-01
  9.5809551742444654E-01
  9.5809553796778479E-01
  9.5809553862828356E-01
  9.5809553862487473E-01
  9.5809553862070507E-01
  9.5809553861817376E-01
  9.5809553861577368E-01
  9.5809553861277397E-01
  9.5809553861081709E-01
  9.5809553860935781E-01
  9.5809553860780594E-01
  9.5809553860616647E-01
  9.5809553860481422E-01
  9.5809553860381258E-01
  9.5809553860303909E-01
  9.5809553860234298E-01
  9.5809553860136443E-01
  9.5809553860098007E-01
  9.5809553860018859E-01
  9.5809553859946073E-01
  9.5809553859910102E-01
  9.5809553859938612E-01
  9.5809553859884300E-01
  9.5809553859888186E-01
  9.5809553859906127E-01
  9.5809553859913621E-01
  9.5809553859933894E-01
  9.5809553859948915E-01
  9.5809553859956464E-01
  9.5809553860014973E-01
  9.5809553860075403E-01
  9.5809553860128283E-01
  9.5809553860212193E-01
  9.5809553860315400E-01
  9.5809553860438856E-01
  9.5809553860568220E-01
  9.5809553860711483E-01
  9.5809553860864738E-01
  9.5809553861061392E-01
  9.5809553861295660E-01
  9.5809553861569530E-01
  9.5809553861895869E-01
  9.5809553862286756E-01
  9.5809553862761065E-01
  9.5809553863360020E-01
  9.5809553864138219E-01
  9.5809553859850138E-01
  9.6093750000000000E-01
  9.6875000000000000E-01
  9.7656250000000000E-01
  9.8437500000000000E-01
  9.9218750000000000E-01
  1.0000000000000000E+00
  0.0000000000000000E+00
  0.0000000000000000E+00
  0.0000000000000000E+00
  0.0000000000000000E+00
  0.0000000000000000E+00
  0.0000000000000000E+00
  0.0000000000000000E+00
  0.0000000000000000E+00
  0.0000000000000000E+00
  0.0000000000000000E+00
  0.0000000000000000E+00
  0.0000000000000000E+00
  0.0000000000000000E+00
  0.0000000000000000E+00
  0.0000000000000000E+00
  0.0000000000000000E+00
  0.0000000000000000E+00
  0.0000000000000000E+00
  0.0000000000000000E+00
  0.0000000000000000E+00
  0.0000000000000000E+00
  0.0000000000000000E+00
  0.0000000000000000E+00
  0.0000000000000000E+00
  0.0000000000000000E+00
  0.0000000000000000E+00
  0.0000000000000000E+00
  0.0000000000000000E+00
  9.5810883555430237E-01
  9.5810883551569537E-01
  9.5810883553632054E-01
  9.5810883549633719E-01
  9.5810883549914128E-01
  9.5810883550159542E-01
  9.5810883550497883E-01
  9.5810883550847326E-01
  9.5810883551286286E-01
  9.5810883551531978E-01
  9.5810883551945936E-01
  9.5810883552268522E-01
  9.5810883552661108E-01
  9.5810883553116433E-01
  9.5810883553461335E-01
  9.5810883553907034E-01
  9.5810883554156845E-01
  9.5810883554644510E-01
  9.5810883549411674E-01
  9.5810883549604220E-01
  9.5810883549594827E-01
  9.5810883549607306E-01
  9.5810883549767623E-01
  9.5810883549808212E-01
  9.5810883549909420E-01
  9.5810883549949322E-01
  9.5810883549993242E-01
  9.5810883550054227E-01
  9.5810883550212911E-01
  9.5810883550187087E-01
  9.5810883550329218E-01
  9.5810883550427772E-01
  9.5810883550539760E-01
  9.5810883550604353E-01
  9.5810883550657278E-01
  9.5810883550680370E-01
  9.5810883550837533E-01
  9.5810883550849857E-01
  9.5810883551043924E-01
  9.5810883551129511E-01
  9.5810883551161441E-01
  9.5810883551262460E-01
  9.5810883551377823E-01
  9.5810883551491288E-01
  9.5810883551552462E-01
  9.5810883551644677E-01
  9.5810883548400283E-01
  9.5810883547125714E-01
  9.5810881418630478E-01
  9.5810883478980868E-01
  9.5810883545195402E-01
  9.5810883544775782E-01
  9.5810883544478365E-01
  9.5810883544130943E-01
  9.5810883543874803E-01
  9.5810883543661451E-01
  9.5810883543465097E-01
  9.5810883543282477E-01
  9.5810883543098024E-01
  9.5810883542989156E-01
  9.5810883542849512E-01
  9.5810883542744385E-01
  9.5810883542643677E-01
  9.5810883542572300E-01
  9.5810883542487013E-01
  9.5810883542372027E-01
  9.5810883542342085E-01
  9.5810883542293435E-01
  9.5810883542262548E-01
  9.5810883542224168E-01
  9.5810883542211733E-01
  9.5810883542204051E-01
  9.5810883542219416E-01
  9.5810883542200076E-01
  9.5810883542259218E-01
  9.5810883542273984E-01
  9.5810883542289760E-01
  9.5810883542367753E-01
  9.5810883542391767E-01
  9.5810883542467606E-01
  9.5810883542571834E-01
  9.5810883542660708E-01
  9.5810883542776693E-01
  9.5810883542878411E-01
  9.5810883543032788E-01
  9.5810883543206771E-01
  9.5810883543407110E-01
  9.5810883543637937E-01
  9.5810883543897585E-01
  9.5810883544229153E-01
  9.5810883544627379E-01
  9.5810883545108394E-01
  9.5810883545699854E-01
  9.5810883546487124E-01
  9.5810883542171854E-01
  9.6093750000000000E-01
  9.6875000000000000E-01
  9.7656250000000000E-01
  9.8437500000000000E-01
  9.9218750000000000E-01
  1.0000000000000000E+00
  0.0000000000000000E+00
  0.0000000000000000E+00
  0.0000000000000000E+00
  0.0000000000000000E+00
  0.0000000000000000E+00
  0.0000000000000000E+00
  0.0000000000000000E+00
  0.0000000000000000E+00
  0.0000000000000000E+00
  0.0000000000000000E+00
  0.0000000000000000E+00
  0.0000000000000000E+00
  0.0000000000000000E+00
  0.0000000000000000E+00
  0.0000000000000000E+00
  0.0000000000000000E+00
  0.0000000000000000E+00
  0.0000000000000000E+00
  0.0000000000000000E+00
  0.0000000000000000E+00
  0.0000000000000000E+00
  0.0000000000000000E+00
  0.0000000000000000E+00
  0.0000000000000000E+00
  0.0000000000000000E+00
  0.0000000000000000E+00
  0.0000000000000000E+00
  0.0000000000000000E+00
  9.5812211711643114E-01
  9.5812211708055273E-01
  9.5812211710223893E-01
  9.5812211706099026E-01
  9.5812211706410344E-01
  9.5812211706847128E-01
  9.5812211707077954E-01
  9.5812211707480766E-01
  9.5812211707871831E-01
  9.5812211708219286E-01
  9.5812211708618766E-01
  9.5812211708873729E-01
  9.5812211709287898E-01
  9.5812211709678463E-01
  9.5812211710028228E-01
  9.5812211710382766E-01
  9.5812211710749284E-01
  9.5812211711181139E-01
  9.5812211706134820E-01
  9.5812211706133887E-01
  9.5812211706143069E-01
  9.5812211706177042E-01
  9.5812211706275408E-01
  9.5812211706422723E-01
  9.5812211706521389E-01
  9.5812211706612138E-01
  9.5812211706555983E-01
  9.5812211706722616E-01
  9.5812211706692196E-01
  9.5812211706824779E-01
  9.5812211706905048E-01
  9.5812211706948536E-01
  9.5812211707055117E-01
  9.5812211707140915E-01
  9.5812211707280714E-01
  9.5812211707262551E-01
  9.5812211707443939E-01
  9.5812211707504835E-01
  9.5812211707540085E-01
  9.5812211707637551E-01
  9.5812211707723804E-01
  9.5812211707800543E-01
  9.5812211707916939E-01
  9.5812211708072903E-01
  9.5812211708118078E-01
  9.5812211708235562E-01
  9.5812211705083916E-01
  9.5812211703769246E-01
  9.5812209569042095E-01
  9.5812211635409761E-01
  9.5812211701788208E-01
  9.5812211701365857E-01
  9.5812211701047290E-01
  9.5812211700717198E-01
  9.5812211700457317E-01
  9.5812211700183025E-01
  9.5812211700057537E-01
  9.5812211699837613E-01
  9.5812211699718119E-01
  9.5812211699511385E-01
  9.5812211699397809E-01
  9.5812211699323691E-01
  9.5812211699233529E-01
  9.5812211699096028E-01
  9.5812211698999061E-01
  9.5812211698984973E-01
  9.5812211698889527E-01
  9.5812211698834193E-01
  9.5812211698826300E-01
  9.5812211698824179E-01
  9.5812211698779137E-01
  9.5812211698781757E-01
  9.5812211698769167E-01
  9.5812211698784899E-01
  9.5812211698816063E-01
  9.5812211698845384E-01
  9.5812211698884386E-01
  9.5812211698907446E-01
  9.5812211698983185E-01
  9.5812211699057070E-01
  9.5812211699117977E-01
  9.5812211699202288E-01
  9.5812211699322081E-01
  9.5812211699442718E-01
  9.5812211699600303E-01
  9.5812211699771110E-01
  9.5812211699969319E-01
  9.5812211700191008E-01
  9.5812211700463079E-01
  9.5812211700808692E-01
  9.5812211701190841E-01
  9.5812211701671701E-01
  9.5812211702283778E-01
  9.5812211703056382E-01
  9.5812211698721705E-01
  9.6093750000000000E-01
  9.6875000000000000E-01
  9.7656250000000000E-01
  9.8437500000000000E-01
  9.9218750000000000E-01
  1.0000000000000000E+00
  0.0000000000000000E+00
  0.0000000000000000E+00
  0.0000000000000000E+00
  0.0000000000000000E+00
  0.0000000000000000E+00
  0.0000000000000000E+00
  0.0000000000000000E+00
  0.0000000000000000E+00
  0.0000000000000000E+00
  0.0000000000000000E+00
  0.0000000000000000E+00
  0.0000000000000000E+00
  0.0000000000000000E+00
  0.0000000000000000E+00
  0.0000000000000000E+00
  0.0000000000000000E+00
  0.0000000000000000E+00
  0.0000000000000000E+00
  0.0000000000000000E+00
  0.0000000000000000E+00
  0.0000000000000000E+00
  0.0000000000000000E+00
  0.0000000000000000E+00
  0.0000000000000000E+00
  0.0000000000000000E+00
  0.0000000000000000E+00
  0.0000000000000000E+00
  0.0000000000000000E+00
  9.5813538344352478E-01
  9.5813538341002524E-01
  9.5813538343216564E-01
  9.5813538339215010E-01
  9.5813538339473081E-01
  9.5813538339813875E-01
  9.5813538340134174E-01
  9.5813538340578253E-01
  9.5813538340853333E-01
  9.5813538341275295E-01
  9.5813538341598936E-01
  9.5813538341992832E-01
  9.5813538342227866E-01
  9.5813538342683990E-01
  9.5813538343030213E-01
  9.5813538343478022E-01
  9.5813538343904359E-01
  9.5813538344226101E-01
  9.5813538339102333E-01
  9.5813538339122628E-01
  9.5813538339183635E-01
  9.5813538339298010E-01
  9.5813538339311677E-01
  9.5813538339458681E-01
  9.5813538339402304E-01
  9.5813538339553295E-01
  9.5813538339583537E-01
  9.5813538339711168E-01
  9.5813538339716786E-01
  9.5813538339888660E-01
  9.5813538339912885E-01
  9.5813538339951243E-01
  9.5813538340058035E-01
  9.5813538340211701E-01
  9.5813538340289117E-01
  9.5813538340296200E-01
  9.5813538340378523E-01
  9.5813538340534588E-01
  9.5813538340542370E-01
  9.5813538340675886E-01
  9.5813538340718507E-01
  9.5813538340896898E-01
  9.5813538340935223E-01
  9.5813538341056759E-01
  9.5813538341208293E-01
  9.5813538341259674E-01
  9.5813538338140813E-01
  9.5813538336783788E-01
  9.5813538269228515E-01
  9.5813538268269471E-01
  9.5813538334723547E-01
  9.5813538334368664E-01
  9.5813538333984360E-01
  9.5813538333682235E-01
  9.5813538333446502E-01
  9.5813538333192672E-01
  9.5813538333004511E-01
  9.5813538332837589E-01
  9.5813538332643478E-01
  9.5813538332486203E-01
  9.5813538332388282E-01
  9.5813538332240600E-01
  9.5813538332177439E-01
  9.5813538332098724E-01
  9.5813538332021353E-01
  9.5813538331931314E-01
  9.5813538331889980E-01
  9.5813538331857340E-01
  9.5813538331803771E-01
  9.5813538331769799E-01
  9.5813538331758097E-01
  9.5813538331740411E-01
  9.5813538331757464E-01
  9.5813538331778114E-01
  9.5813538331761650E-01
  9.5813538331821235E-01
  9.5813538331848602E-01
  9.5813538331876169E-01
  9.5813538331934889E-01
  9.5813538332021397E-01
  9.5813538332091941E-01
  9.5813538332185189E-01
  9.5813538332298942E-01
  9.5813538332432613E-01
  9.5813538332583670E-01
  9.5813538332760273E-01
  9.5813538332947290E-01
  9.5813538333186776E-01
  9.5813538333447790E-01
  9.5813538333782677E-01
  9.5813538334178416E-01
  9.5813538334651172E-01
  9.5813538335260562E-01
  9.5813538336048787E-01
  9.5813538331684200E-01
  9.6093750000000000E-01
  9.6875000000000000E-01
  9.7656250000000000E-01
  9.8437500000000000E-01
  9.9218750000000000E-01
  1.0000000000000000E+00
  0.0000000000000000E+00
  0.0000000000000000E+00
  0.0000000000000000E+00
  0.0000000000000000E+00
  0.0000000000000000E+00
  0.0000000000000000E+00
  0.0000000000000000E+00
  0.0000000000000000E+00
  0.0000000000000000E+00
  0.0000000000000000E+00
  0.0000000000000000E+00
  0.0000000000000000E+00
  0.0000000000000000E+00
  0.0000000000000000E+00
  0.0000000000000000E+00
  0.0000000000000000E+00
  0.0000000000000000E+00
  0.0000000000000000E+00
  0.0000000000000000E+00
  0.0000000000000000E+00
  0.0000000000000000E+00
  0.0000000000000000E+00
  0.0000000000000000E+00
  0.0000000000000000E+00
  0.0000000000000000E+00
  0.0000000000000000E+00
  0.0000000000000000E+00
  0.0000000000000000E+00
  9.5814863455799448E-01
  9.5814863452483923E-01
  9.5814863454824939E-01
  9.5814863450677512E-01
  9.5814863451008925E-01
  9.5814863451456789E-01
  9.5814863451732435E-01
  9.5814863452072618E-01
  9.5814863452496624E-01
  9.5814863452870758E-01
  9.5814863453112042E-01
  9.5814863453603694E-01
  9.5814863453896504E-01
  9.5814863454222798E-01
  9.5814863454626231E-01
  9.5814863455129318E-01
  9.5814863455436727E-01
  9.5814863455830646E-01
  9.5814863450644150E-01
  9.5814863450721588E-01
  9.5814863450841214E-01
  9.5814863450900567E-01
  9.5814863450917909E-01
  9.5814863450991083E-01
  9.5814863451077226E-01
  9.5814863451135523E-01
  9.5814863451206045E-01
  9.5814863451272536E-01
  9.5814863451298748E-01
  9.5814863451417209E-01
  9.5814863451538490E-01
  9.5814863451577914E-01
  9.5814863451616716E-01
  9.5814863451709964E-01
  9.5814863451795329E-01
  9.5814863451927701E-01
  9.5814863451957444E-01
  9.5814863452087329E-01
  9.5814863452132737E-01
  9.5814863452309063E-01
  9.5814863452332411E-01
  9.5814863452517374E-01
  9.5814863452503396E-01
  9.5814863452615739E-01
  9.5814863452799370E-01
  9.5814863452809440E-01
  9.5814863449758625E-01
  9.5814863448302345E-01
  9.5814863380728021E-01
  9.5814863379731807E-01
  9.5814863446372966E-01
  9.5814863445936738E-01
  9.5814863445584730E-01
  9.5814863445319831E-01
  9.5814863444990805E-01
  9.5814863444825693E-01
  9.5814863444582932E-01
  9.5814863444399079E-01
  9.5814863444273179E-01
  9.5814863444094600E-01
  9.5814863443948006E-01
  9.5814863443862197E-01
  9.5814863443767373E-01
  9.5814863443677389E-01
  9.5814863443562881E-01
  9.5814863443518239E-01
  9.5814863443461784E-01
  9.5814863443378306E-01
  9.5814863443395759E-01
  9.5814863443347487E-01
  9.5814863443296194E-01
  9.5814863443322673E-01
  9.5814863443303167E-01
  9.5814863443298737E-01
  9.5814863443332765E-01
  9.5814863443357068E-01
  9.5814863443388643E-01
  9.5814863443435705E-01
  9.5814863443492393E-01
  9.5814863443567044E-01
  9.5814863443652376E-01
  9.5814863443764220E-01
  9.5814863443850096E-01
  9.5814863444004439E-01
  9.5814863444147813E-01
  9.5814863444304754E-01
  9.5814863444509712E-01
  9.5814863444741993E-01
  9.5814863445017751E-01
  9.5814863445354126E-01
  9.5814863445737841E-01
  9.5814863446232279E-01
  9.5814863446832554E-01
  9.5814863447630993E-01
  9.5814863443227083E-01
  9.6093750000000000E-01
  9.6875000000000000E-01
  9.7656250000000000E-01
  9.8437500000000000E-01
  9.9218750000000000E-01
  1.0000000000000000E+00
  0.0000000000000000E+00
  0.0000000000000000E+00
  0.0000000000000000E+00
  0.0000000000000000E+00
  0.0000000000000000E+00
  0.0000000000000000E+00
  0.0000000000000000E+00
  0.0000000000000000E+00
  0.0000000000000000E+00
  0.0000000000000000E+00
  0.0000000000000000E+00
  0.0000000000000000E+00
  0.0000000000000000E+00
  0.0000000000000000E+00
  0.0000000000000000E+00
  0.0000000000000000E+00
  0.0000000000000000E+00
  0.0000000000000000E+00
  0.0000000000000000E+00
  0.0000000000000000E+00
  0.0000000000000000E+00
  0.0000000000000000E+00
  0.0000000000000000E+00
  0.0000000000000000E+00
  0.0000000000000000E+00
  0.0000000000000000E+00
  0.0000000000000000E+00
  0.0000000000000000E+00
  9.5816187047924484E-01
  9.5816187044946854E-01
  9.5816187047187440E-01
  9.5816187043092382E-01
  9.5816187043416912E-01
  9.5816187043708789E-01
  9.5816187044118561E-01
  9.5816187044424872E-01
  9.5816187044814594E-01
  9.5816187045192269E-01
  9.5816187045508416E-01
  9.5816187045857915E-01
  9.5816187046222312E-01
  9.5816187046583223E-01
  9.5816187047004164E-01
  9.5816187047363743E-01
  9.5816187047881463E-01
  9.5816187048139634E-01
  9.5816187042964540E-01
  9.5816187043107226E-01
  9.5816187043175305E-01
  9.5816187043216072E-01
  9.5816187043219658E-01
  9.5816187043416490E-01
  9.5816187043357015E-01
  9.5816187043538636E-01
  9.5816187043526424E-01
  9.5816187043692247E-01
  9.5816187043642831E-01
  9.5816187043738121E-01
  9.5816187043841816E-01
  9.5816187043934786E-01
  9.5816187044030809E-01
  9.5816187044090473E-01
  9.5816187044189893E-01
  9.5816187044270107E-01
  9.5816187044384249E-01
  9.5816187044513312E-01
  9.5816187044602474E-01
  9.5816187044599088E-01
  9.5816187044752676E-01
  9.5816187044866341E-01
  9.5816187044943846E-01
  9.5816187045052481E-01
  9.5816187045176548E-01
  9.5816187045265633E-01
  9.5816187042137391E-01
  9.5816187040730394E-01
  9.5816186972856399E-01
  9.5816186971857686E-01
  9.5816187038712664E-01
  9.5816187038297240E-01
  9.5816187037934242E-01
  9.5816187037608236E-01
  9.5816187037324174E-01
  9.5816187037087530E-01
  9.5816187036913358E-01
  9.5816187036705724E-01
  9.5816187036592704E-01
  9.5816187036445499E-01
  9.5816187036254152E-01
  9.5816187036207345E-01
  9.5816187036076961E-01
  9.5816187035958866E-01
  9.5816187035912415E-01
  9.5816187035850042E-01
  9.5816187035810185E-01
  9.5816187035738520E-01
  9.5816187035672462E-01
  9.5816187035666134E-01
  9.5816187035646094E-01
  9.5816187035644940E-01
  9.5816187035641875E-01
  9.5816187035634004E-01
  9.5816187035693401E-01
  9.5816187035688327E-01
  9.5816187035739442E-01
  9.5816187035781386E-01
  9.5816187035850831E-01
  9.5816187035918898E-01
  9.5816187035999478E-01
  9.5816187036067879E-01
  9.5816187036192502E-01
  9.5816187036325173E-01
  9.5816187036466849E-01
  9.5816187036654199E-01
  9.5816187036852118E-01
  9.5816187037088274E-01
  9.5816187037357081E-01
  9.5816187037685518E-01
  9.5816187038087286E-01
  9.5816187038561129E-01
  9.5816187039182454E-01
  9.5816187039968737E-01
  9.5816187035550449E-01
  9.6093750000000000E-01
  9.6875000000000000E-01
  9.7656250000000000E-01
  9.8437500000000000E-01
  9.9218750000000000E-01
  1.0000000000000000E+00
  0.0000000000000000E+00
  0.0000000000000000E+00
  0.0000000000000000E+00
  0.0000000000000000E+00
  0.0000000000000000E+00
  0.0000000000000000E+00
  0.0000000000000000E+00
  0.0000000000000000E+00
  0.0000000000000000E+00
  0.0000000000000000E+00
  0.0000000000000000E+00
  0.0000000000000000E+00
  0.0000000000000000E+00
  0.0000000000000000E+00
  0.0000000000000000E+00
  0.0000000000000000E+00
  0.0000000000000000E+00
  0.0000000000000000E+00
  0.0000000000000000E+00
  0.0000000000000000E+00
  0.0000000000000000E+00
  0.0000000000000000E+00
  0.0000000000000000E+00
  0.0000000000000000E+00
  0.0000000000000000E+00
  0.0000000000000000E+00
  0.0000000000000000E+00
  0.0000000000000000E+00
  9.5817509122864253E-01
  9.5817509120262356E-01
  9.5817509122347178E-01
  9.5817509118349364E-01
  9.5817509118639888E-01
  9.5817509118980326E-01
  9.5817509119351341E-01
  9.5817509119737598E-01
  9.5817509120008981E-01
  9.5817509120384992E-01
  9.5817509120770994E-01
  9.5817509121151379E-01
  9.5817509121527811E-01
  9.5817509121900513E-01
  9.5817509122348987E-01
  9.5817509122689060E-01
  9.5817509123047417E-01
  9.5817509123508615E-01
  9.5817509118235566E-01
  9.5817509118304001E-01
  9.5817509118359745E-01
  9.5817509118561206E-01
  9.5817509118610100E-01
  9.5817509118555921E-01
  9.5817509118761968E-01
  9.5817509118784117E-01
  9.5817509118799826E-01
  9.5817509118893296E-01
  9.5817509119001154E-01
  9.5817509119080624E-01
  9.5817509119146438E-01
  9.5817509119299948E-01
  9.5817509119364164E-01
  9.5817509119419408E-01
  9.5817509119427979E-01
  9.5817509119576594E-01
  9.5817509119693067E-01
  9.5817509119722599E-01
  9.5817509119884015E-01
  9.5817509119871391E-01
  9.5817509120040756E-01
  9.5817509120128153E-01
  9.5817509120186961E-01
  9.5817509120337108E-01
  9.5817509120409994E-01
  9.5817509120524391E-01
  9.5817509117484900E-01
  9.5817509115991595E-01
  9.5817509048087457E-01
  9.5817509047060434E-01
  9.5817509113944443E-01
  9.5817509113561794E-01
  9.5817509113206067E-01
  9.5817509112896315E-01
  9.5817509112613153E-01
  9.5817509112366761E-01
  9.5817509112157406E-01
  9.5817509111996702E-01
  9.5817509111792443E-01
  9.5817509111723143E-01
  9.5817509111518451E-01
  9.5817509111454324E-01
  9.5817509111324095E-01
  9.5817509111212329E-01
  9.5817509111177435E-01
  9.5817509111124499E-01
  9.5817509111021448E-01
  9.5817509110987631E-01
  9.5817509110943722E-01
  9.5817509110923182E-01
  9.5817509110942001E-01
  9.5817509110894261E-01
  9.5817509110889454E-01
  9.5817509110895105E-01
  9.5817509110910459E-01
  9.5817509110978627E-01
  9.5817509110985100E-01
  9.5817509111033494E-01
  9.5817509111087518E-01
  9.5817509111169408E-01
  9.5817509111255994E-01
  9.5817509111329391E-01
  9.5817509111467081E-01
  9.5817509111590105E-01
  9.5817509111743848E-01
  9.5817509111898203E-01
  9.5817509112102661E-01
  9.5817509112354571E-01
  9.5817509112625099E-01
  9.5817509112943899E-01
  9.5817509113353749E-01
  9.5817509113838695E-01
  9.5817509114457822E-01
  9.5817509115244848E-01
  9.5817509110795240E-01
  9.6093750000000000E-01
  9.6875000000000000E-01
  9.7656250000000000E-01
  9.8437500000000000E-01
  9.9218750000000000E-01
  1.0000000000000000E+00
  0.0000000000000000E+00
  0.0000000000000000E+00
  0.0000000000000000E+00
  0.0000000000000000E+00
  0.0000000000000000E+00
  0.0000000000000000E+00
  0.0000000000000000E+00
  0.0000000000000000E+00
  0.0000000000000000E+00
  0.0000000000000000E+00
  0.0000000000000000E+00
  0.0000000000000000E+00
  0.0000000000000000E+00
  0.0000000000000000E+00
  0.0000000000000000E+00
  0.0000000000000000E+00
  0.0000000000000000E+00
  0.0000000000000000E+00
  0.0000000000000000E+00
  0.0000000000000000E+00
  0.0000000000000000E+00
  0.0000000000000000E+00
  0.0000000000000000E+00
  0.0000000000000000E+00
  0.0000000000000000E+00
  0.0000000000000000E+00
  0.0000000000000000E+00
  0.0000000000000000E+00
  9.5818829682993556E-01
  9.5818829680489237E-01
  9.5818829682734319E-01
  9.5818829678710793E-01
  9.5818829679089990E-01
  9.5818829679405249E-01
  9.5818829679729745E-01
  9.5818829680128970E-01
  9.5818829680391737E-01
  9.5818829680814410E-01
  9.5818829681225615E-01
  9.5818829681629492E-01
  9.5818829681993545E-01
  9.5818829682371542E-01
  9.5818829682793660E-01
  9.5818829683125850E-01
  9.5818829683462781E-01
  9.5818829683950568E-01
  9.5818829678598760E-01
  9.5818829678820738E-01
  9.5818829678855433E-01
  9.5818829678939088E-01
  9.5818829678904993E-01
  9.5818829678962925E-01
  9.5818829679159834E-01
  9.5818829679189632E-01
  9.5818829679277295E-01
  9.5818829679306472E-01
  9.5818829679329098E-01
  9.5818829679425799E-01
  9.5818829679486905E-01
  9.5818829679570805E-01
  9.5818829679774153E-01
  9.5818829679740181E-01
  9.5818829679821949E-01
  9.5818829679935780E-01
  9.5818829680083317E-01
  9.5818829680168416E-01
  9.5818829680284490E-01
  9.5818829680307704E-01
  9.5818829680415141E-01
  9.5818829680509310E-01
  9.5818829680652251E-01
  9.5818829680751105E-01
  9.5818829680815554E-01
  9.5818829680962492E-01
  9.5818829677948003E-01
  9.5818829676385120E-01
  9.5818829608238731E-01
  9.5818829607236744E-01
  9.5818829674343431E-01
  9.5818829673938566E-01
  9.5818829673601236E-01
  9.5818829673224493E-01
  9.5818829673016503E-01
  9.5818829672750894E-01
  9.5818829672586614E-01
  9.5818829672362160E-01
  9.5818829672183659E-01
  9.5818829672040728E-01
  9.5818829671915551E-01
  9.5818829671817696E-01
  9.5818829671665251E-01
  9.5818829671627725E-01
  9.5818829671548078E-01
  9.5818829671436645E-01
  9.5818829671391803E-01
  9.5818829671383066E-01
  9.5818829671337857E-01
  9.5818829671315997E-01
  9.5818829671270589E-01
  9.5818829671278516E-01
  9.5818829671283712E-01
  9.5818829671284511E-01
  9.5818829671267425E-01
  9.5818829671299632E-01
  9.5818829671358186E-01
  9.5818829671389505E-01
  9.5818829671443828E-01
  9.5818829671511352E-01
  9.5818829671614836E-01
  9.5818829671708317E-01
  9.5818829671798678E-01
  9.5818829671943551E-01
  9.5818829672103201E-01
  9.5818829672273498E-01
  9.5818829672458428E-01
  9.5818829672702099E-01
  9.5818829672987815E-01
  9.5818829673323702E-01
  9.5818829673704797E-01
  9.5818829674210437E-01
  9.5818829674823447E-01
  9.5818829675615935E-01
  9.5818829671135031E-01
  9.6093750000000000E-01
  9.6875000000000000E-01
  9.7656250000000000E-01
  9.8437500000000000E-01
  9.9218750000000000E-01
  1.0000000000000000E+00
  0.0000000000000000E+00
  0.0000000000000000E+00
  0.0000000000000000E+00
  0.0000000000000000E+00
  0.0000000000000000E+00
  0.0000000000000000E+00
  0.0000000000000000E+00
  0.0000000000000000E+00
  0.0000000000000000E+00
  0.0000000000000000E+00
  0.0000000000000000E+00
  0.0000000000000000E+00
  0.0000000000000000E+00
  0.0000000000000000E+00
  0.0000000000000000E+00
  0.0000000000000000E+00
  0.0000000000000000E+00
  0.0000000000000000E+00
  0.0000000000000000E+00
  0.0000000000000000E+00
  0.0000000000000000E+00
  0.0000000000000000E+00
  0.0000000000000000E+00
  0.0000000000000000E+00
  0.0000000000000000E+00
  0.0000000000000000E+00
  0.0000000000000000E+00
  0.0000000000000000E+00
  9.5820148730439669E-01
  9.5820148728202903E-01
  9.5820148730431165E-01
  9.5820148726324428E-01
  9.5820148726614252E-01
  9.5820148727029886E-01
  9.5820148727385523E-01
  9.5820148727792442E-01
  9.5820148728118137E-01
  9.5820148728431676E-01
  9.5820148728865850E-01
  9.5820148729255683E-01
  9.5820148729589905E-01
  9.5820148729939747E-01
  9.5820148730319987E-01
  9.5820148730805876E-01
  9.5820148731119037E-01
  9.5820148731571497E-01
  9.5820148726248755E-01
  9.5820148726310861E-01
  9.5820148726395793E-01
  9.5820148726545140E-01
  9.5820148726630738E-01
  9.5820148726671373E-01
  9.5820148726709098E-01
  9.5820148726808074E-01
  9.5820148726825505E-01
  9.5820148726977350E-01
  9.5820148727021126E-01
  9.5820148727166643E-01
  9.5820148727158672E-01
  9.5820148727245780E-01
  9.5820148727320786E-01
  9.5820148727480292E-01
  9.5820148727528820E-01
  9.5820148727657095E-01
  9.5820148727714294E-01
  9.5820148727756849E-01
  9.5820148727894361E-01
  9.5820148727945209E-01
  9.5820148728019283E-01
  9.5820148728183663E-01
  9.5820148728200794E-01
  9.5820148728376631E-01
  9.5820148728459553E-01
  9.5820148728551724E-01
  9.5820148725730303E-01
  9.5820148724112353E-01
  9.5820148655763038E-01
  9.5820148654694526E-01
  9.5820148721978704E-01
  9.5820148721574006E-01
  9.5820148721214859E-01
  9.5820148720923848E-01
  9.5820148720647258E-01
  9.5820148720425646E-01
  9.5820148720169152E-01
  9.5820148720001996E-01
  9.5820148719843312E-01
  9.5820148719667153E-01
  9.5820148719566145E-01
  9.5820148719392506E-01
  9.5820148719340636E-01
  9.5820148719236420E-01
  9.5820148719129106E-01
  9.5820148719082265E-01
  9.5820148719027953E-01
  9.5820148718972253E-01
  9.5820148718951370E-01
  9.5820148718911713E-01
  9.5820148718863984E-01
  9.5820148718857434E-01
  9.5820148718860965E-01
  9.5820148718900733E-01
  9.5820148718874165E-01
  9.5820148718932452E-01
  9.5820148718940568E-01
  9.5820148719001363E-01
  9.5820148719072229E-01
  9.5820148719141673E-01
  9.5820148719200626E-01
  9.5820148719329878E-01
  9.5820148719419407E-01
  9.5820148719563758E-01
  9.5820148719705267E-01
  9.5820148719883969E-01
  9.5820148720081921E-01
  9.5820148720327925E-01
  9.5820148720589293E-01
  9.5820148720935550E-01
  9.5820148721335563E-01
  9.5820148721823339E-01
  9.5820148722442600E-01
  9.5820148723237575E-01
  9.5820148718734643E-01
  9.6093750000000000E-01
  9.6875000000000000E-01
  9.7656250000000000E-01
  9.8437500000000000E-01
  9.9218750000000000E-01
  1.0000000000000000E+00
  0.0000000000000000E+00
  0.0000000000000000E+00
  0.0000000000000000E+00
  0.0000000000000000E+00
  0.0000000000000000E+00
  0.0000000000000000E+00
  0.0000000000000000E+00
  0.0000000000000000E+00
  0.0000000000000000E+00
  0.0000000000000000E+00
  0.0000000000000000E+00
  0.0000000000000000E+00
  0.0000000000000000E+00
  0.0000000000000000E+00
  0.0000000000000000E+00
  0.0000000000000000E+00
  0.0000000000000000E+00
  0.0000000000000000E+00
  0.0000000000000000E+00
  0.0000000000000000E+00
  0.0000000000000000E+00
  0.0000000000000000E+00
  0.0000000000000000E+00
  0.0000000000000000E+00
  0.0000000000000000E+00
  0.0000000000000000E+00
  0.0000000000000000E+00
  0.0000000000000000E+00
  9.5821466267272493E-01
  9.5821466265237776E-01
  9.5821466267349531E-01
  9.5821466263379185E-01
  9.5821466263659960E-01
  9.5821466264105981E-01
  9.5821466264487920E-01
  9.5821466264818922E-01
  9.5821466265187083E-01
  9.5821466265520761E-01
  9.5821466265828315E-01
  9.5821466266186517E-01
  9.5821466266697763E-01
  9.5821466266948407E-01
  9.5821466267480759E-01
  9.5821466267728339E-01
  9.5821466268177158E-01
  9.5821466268592848E-01
  9.5821466263349442E-01
  9.5821466263424826E-01
  9.5821466263436361E-01
  9.5821466263519184E-01
  9.5821466263584543E-01
  9.5821466263648480E-01
  9.5821466263750643E-01
  9.5821466263928323E-01
  9.5821466263920596E-01
  9.5821466264077015E-01
  9.5821466264028210E-01
  9.5821466264089017E-01
  9.5821466264213728E-01
  9.5821466264315669E-01
  9.5821466264452515E-01
  9.5821466264448174E-01
  9.5821466264610922E-01
  9.5821466264652400E-01
  9.5821466264781174E-01
  9.5821466264810273E-01
  9.5821466264978672E-01
  9.5821466264980182E-01
  9.5821466265152921E-01
  9.5821466265251887E-01
  9.5821466265330824E-01
  9.5821466265392663E-01
  9.5821466265521305E-01
  9.5821466265585742E-01
  9.5821466262842803E-01
  9.5821466261168642E-01
  9.5821466192707327E-01
  9.5821466191588811E-01
  9.5821466259039856E-01
  9.5821466258582466E-01
  9.5821466258200172E-01
  9.5821466257922117E-01
  9.5821466257674348E-01
  9.5821466257389742E-01
  9.5821466257208698E-01
  9.5821466257004440E-01
  9.5821466256874088E-01
  9.5821466256712939E-01
  9.5821466256534138E-01
  9.5821466256457333E-01
  9.5821466256358478E-01
  9.5821466256212529E-01
  9.5821466256202936E-01
  9.5821466256109256E-01
  9.5821466256035071E-01
  9.5821466255997312E-01
  9.5821466255978782E-01
  9.5821466255941412E-01
  9.5821466255915755E-01
  9.5821466255913790E-01
  9.5821466255887200E-01
  9.5821466255912247E-01
  9.5821466255929988E-01
  9.5821466255946808E-01
  9.5821466255996435E-01
  9.5821466256034116E-01
  9.5821466256094812E-01
  9.5821466256177823E-01
  9.5821466256247045E-01
  9.5821466256347620E-01
  9.5821466256452192E-01
  9.5821466256586674E-01
  9.5821466256741772E-01
  9.5821466256910981E-01
  9.5821466257113286E-01
  9.5821466257360022E-01
  9.5821466257624377E-01
  9.5821466257961208E-01
  9.5821466258356669E-01
  9.5821466258858090E-01
  9.5821466259479415E-01
  9.5821466260281418E-01
  9.5821466255741150E-01
  9.6093750000000000E-01
  9.6875000000000000E-01
  9.7656250000000000E-01
  9.8437500000000000E-01
  9.9218750000000000E-01
  1.0000000000000000E+00
  0.0000000000000000E+00
  0.0000000000000000E+00
  0.0000000000000000E+00
  0.0000000000000000E+00
  0.0000000000000000E+00
  0.0000000000000000E+00
  0.0000000000000000E+00
  0.0000000000000000E+00
  0.0000000000000000E+00
  0.0000000000000000E+00
  0.0000000000000000E+00
  0.0000000000000000E+00
  0.0000000000000000E+00
  0.0000000000000000E+00
  0.0000000000000000E+00
  0.0000000000000000E+00
  0.0000000000000000E+00
  0.0000000000000000E+00
  0.0000000000000000E+00
  0.0000000000000000E+00
  0.0000000000000000E+00
  0.0000000000000000E+00
  0.0000000000000000E+00
  0.0000000000000000E+00
  0.0000000000000000E+00
  0.0000000000000000E+00
  0.0000000000000000E+00
  0.0000000000000000E+00
  9.5822782295584641E-01
  9.5822782293780961E-01
  9.5822782296024656E-01
  9.5822782292101782E-01
  9.5822782292324826E-01
  9.5822782292692976E-01
  9.5822782293039799E-01
  9.5822782293414510E-01
  9.5822782293784392E-01
  9.5822782294119024E-01
  9.5822782294481801E-01
  9.5822782294963194E-01
  9.5822782295195141E-01
  9.5822782295601627E-01
  9.5822782296037956E-01
  9.5822782296403852E-01
  9.5822782296795073E-01
  9.5822782291975506E-01
  9.5822782292033182E-01
  9.5822782292042286E-01
  9.5822782292139796E-01
  9.5822782292220587E-01
  9.5822782292301201E-01
  9.5822782292247410E-01
  9.5822782292437536E-01
  9.5822782292416975E-01
  9.5822782292577735E-01
  9.5822782292623321E-01
  9.5822782292655084E-01
  9.5822782292843545E-01
  9.5822782292844499E-01
  9.5822782292994257E-01
  9.5822782293066289E-01
  9.5822782293046338E-01
  9.5822782293240083E-01
  9.5822782293226871E-01
  9.5822782293328035E-01
  9.5822782293394937E-01
  9.5822782293606068E-01
  9.5822782293587860E-01
  9.5822782293784881E-01
  9.5822782293812536E-01
  9.5822782293899667E-01
  9.5822782293985209E-01
  9.5822782294080655E-01
  9.5822782294258890E-01
  9.5822782291454811E-01
  9.5822782289829600E-01
  9.5822782221176406E-01
  9.5822782220115377E-01
  9.5822782287606645E-01
  9.5822782287226593E-01
  9.5822782286871233E-01
  9.5822782286516961E-01
  9.5822782286293862E-01
  9.5822782286024755E-01
  9.5822782285796759E-01
  9.5822782285614461E-01
  9.5822782285445396E-01
  9.5822782285266717E-01
  9.5822782285151764E-01
  9.5822782285011299E-01
  9.5822782284904284E-01
  9.5822782284844676E-01
  9.5822782284782149E-01
  9.5822782284670827E-01
  9.5822782284599617E-01
  9.5822782284607588E-01
  9.5822782284525820E-01
  9.5822782284517216E-01
  9.5822782284492725E-01
  9.5822782284473274E-01
  9.5822782284477925E-01
  9.5822782284502517E-01
  9.5822782284506802E-01
  9.5822782284541019E-01
  9.5822782284570451E-01
  9.5822782284632957E-01
  9.5822782284661578E-01
  9.5822782284741614E-01
  9.5822782284833730E-01
  9.5822782284917596E-01
  9.5822782285053643E-01
  9.5822782285160879E-01
  9.5822782285323016E-01
  9.5822782285492725E-01
  9.5822782285694974E-01
  9.5822782285937869E-01
  9.5822782286220487E-01
  9.5822782286561103E-01
  9.5822782286965036E-01
  9.5822782287457509E-01
  9.5822782288078423E-01
  9.5822782288885744E-01
  9.5822782284317909E-01
  9.6093750000000000E-01
  9.6875000000000000E-01
  9.7656250000000000E-01
  9.8437500000000000E-01
  9.9218750000000000E-01
  1.0000000000000000E+00
  0.0000000000000000E+00
  0.0000000000000000E+00
  0.0000000000000000E+00
  0.0000000000000000E+00
  0.0000000000000000E+00
  0.0000000000000000E+00
  0.0000000000000000E+00
  0.0000000000000000E+00
  0.0000000000000000E+00
  0.0000000000000000E+00
  0.0000000000000000E+00
  0.0000000000000000E+00
  0.0000000000000000E+00
  0.0000000000000000E+00
  0.0000000000000000E+00
  0.0000000000000000E+00
  0.0000000000000000E+00
  0.0000000000000000E+00
  0.0000000000000000E+00
  0.0000000000000000E+00
  0.0000000000000000E+00
  0.0000000000000000E+00
  0.0000000000000000E+00
  0.0000000000000000E+00
  0.0000000000000000E+00
  0.0000000000000000E+00
  0.0000000000000000E+00
  0.0000000000000000E+00
  9.5824096817610915E-01
  9.5824096815967064E-01
  9.5824096818406901E-01
  9.5824096814384296E-01
  9.5824096814660209E-01
  9.5824096815013093E-01
  9.5824096815303328E-01
  9.5824096815721904E-01
  9.5824096816054682E-01
  9.5824096816465842E-01
  9.5824096816755711E-01
  9.5824096817168225E-01
  9.5824096817611060E-01
  9.5824096818000881E-01
  9.5824096818340909E-01
  9.5824096818793736E-01
  9.5824096819112858E-01
  9.5824096814240689E-01
  9.5824096814334792E-01
  9.5824096814442394E-01
  9.5824096814434578E-01
  9.5824096814445336E-01
  9.5824096814597948E-01
  9.5824096814630644E-01
  9.5824096814720150E-01
  9.5824096814774951E-01
  9.5824096814831894E-01
  9.5824096814955795E-01
  9.5824096814954651E-01
  9.5824096815139581E-01
  9.5824096815175430E-01
  9.5824096815266957E-01
  9.5824096815351867E-01
  9.5824096815485538E-01
  9.5824096815474846E-01
  9.5824096815551685E-01
  9.5824096815656612E-01
  9.5824096815771653E-01
  9.5824096815842674E-01
  9.5824096815960480E-01
  9.5824096816088955E-01
  9.5824096816195337E-01
  9.5824096816283166E-01
  9.5824096816321147E-01
  9.5824096816468618E-01
  9.5824096816617710E-01
  9.5824096813902704E-01
  9.5824096812085591E-01
  9.5824096743289322E-01
  9.5824096742271170E-01
  9.5824096809955905E-01
  9.5824096809564985E-01
  9.5824096809200132E-01
  9.5824096808800852E-01
  9.5824096808585235E-01
  9.5824096808312420E-01
  9.5824096808100467E-01
  9.5824096807902348E-01
  9.5824096807780357E-01
  9.5824096807605363E-01
  9.5824096807454184E-01
  9.5824096807355541E-01
  9.5824096807265458E-01
  9.5824096807140791E-01
  9.5824096807056047E-01
  9.5824096806995507E-01
  9.5824096806905845E-01
  9.5824096806862846E-01
  9.5824096806838166E-01
  9.5824096806830983E-01
  9.5824096806822368E-01
  9.5824096806811021E-01
  9.5824096806778258E-01
  9.5824096806786163E-01
  9.5824096806796577E-01
  9.5824096806826653E-01
  9.5824096806849968E-01
  9.5824096806920867E-01
  9.5824096806969872E-01
  9.5824096807059511E-01
  9.5824096807114856E-01
  9.5824096807237402E-01
  9.5824096807346160E-01
  9.5824096807472059E-01
  9.5824096807622483E-01
  9.5824096807804926E-01
  9.5824096808007986E-01
  9.5824096808239489E-01
  9.5824096808518378E-01
  9.5824096808857739E-01
  9.5824096809268100E-01
  9.5824096809749548E-01
  9.5824096810384385E-01
  9.5824096811194781E-01
  9.5824096806593906E-01
  9.6093750000000000E-01
  9.6875000000000000E-01
  9.7656250000000000E-01
  9.8437500000000000E-01
  9.9218750000000000E-01
  1.0000000000000000E+00
  0.0000000000000000E+00
  0.0000000000000000E+00
  0.0000000000000000E+00
  0.0000000000000000E+00
  0.0000000000000000E+00
  0.0000000000000000E+00
  0.0000000000000000E+00
  0.0000000000000000E+00
  0.0000000000000000E+00
  0.0000000000000000E+00
  0.0000000000000000E+00
  0.0000000000000000E+00
  0.0000000000000000E+00
  0.0000000000000000E+00
  0.0000000000000000E+00
  0.0000000000000000E+00
  0.0000000000000000E+00
  0.0000000000000000E+00
  0.0000000000000000E+00
  0.0000000000000000E+00
  0.0000000000000000E+00
  0.0000000000000000E+00
  0.0000000000000000E+00
  0.0000000000000000E+00
  0.0000000000000000E+00
  0.0000000000000000E+00
  0.0000000000000000E+00
  0.0000000000000000E+00
  9.5825409835582209E-01
  9.5825409834235664E-01
  9.5825409836490061E-01
  9.5825409832466169E-01
  9.5825409832884589E-01
  9.5825409833222841E-01
  9.5825409833537223E-01
  9.5825409833839692E-01
  9.5825409834253061E-01
  9.5825409834572872E-01
  9.5825409835011577E-01
  9.5825409835406727E-01
  9.5825409835748177E-01
  9.5825409836126241E-01
  9.5825409836555575E-01
  9.5825409836887365E-01
  9.5825409837297182E-01
  9.5825409832415986E-01
  9.5825409832531738E-01
  9.5825409832544850E-01
  9.5825409832563746E-01
  9.5825409832742414E-01
  9.5825409832786723E-01
  9.5825409832796349E-01
  9.5825409832972319E-01
  9.5825409833008390E-01
  9.5825409833051434E-01
  9.5825409833063935E-01
  9.5825409833205133E-01
  9.5825409833309405E-01
  9.5825409833294661E-01
  9.5825409833483066E-01
  9.5825409833571917E-01
  9.5825409833621045E-01
  9.5825409833728770E-01
  9.5825409833795572E-01
  9.5825409833826347E-01
  9.5825409834022190E-01
  9.5825409834090869E-01
  9.5825409834108044E-01
  9.5825409834201036E-01
  9.5825409834333242E-01
  9.5825409834470965E-01
  9.5825409834599218E-01
  9.5825409834704300E-01
  9.5825409834739805E-01
  9.5825409832185771E-01
  9.5825409830325137E-01
  9.5825409761395597E-01
  9.5825409760279912E-01
  9.5825409828141328E-01
  9.5825409827669661E-01
  9.5825409827349373E-01
  9.5825409827024566E-01
  9.5825409826741725E-01
  9.5825409826445695E-01
  9.5825409826228491E-01
  9.5825409826075769E-01
  9.5825409825935459E-01
  9.5825409825740082E-01
  9.5825409825594621E-01
  9.5825409825460228E-01
  9.5825409825354868E-01
  9.5825409825289265E-01
  9.5825409825207430E-01
  9.5825409825157049E-01
  9.5825409825072749E-01
  9.5825409825039543E-01
  9.5825409825001995E-01
  9.5825409824938623E-01
  9.5825409824931440E-01
  9.5825409824955543E-01
  9.5825409824911545E-01
  9.5825409824958796E-01
  9.5825409824949492E-01
  9.5825409824994856E-01
  9.5825409825030761E-01
  9.5825409825084351E-01
  9.5825409825137930E-01
  9.5825409825173380E-01
  9.5825409825286967E-01
  9.5825409825389574E-01
  9.5825409825480046E-01
  9.5825409825606744E-01
  9.5825409825778940E-01
  9.5825409825937791E-01
  9.5825409826149477E-01
  9.5825409826405872E-01
  9.5825409826677455E-01
  9.5825409827013752E-01
  9.5825409827409813E-01
  9.5825409827912167E-01
  9.5825409828542085E-01
  9.5825409829353614E-01
  9.5825409824731433E-01
  9.6093750000000000E-01
  9.6875000000000000E-01
  9.7656250000000000E-01
  9.8437500000000000E-01
  9.9218750000000000E-01
  1.0000000000000000E+00
  0.0000000000000000E+00
  0.0000000000000000E+00
  0.0000000000000000E+00
  0.0000000000000000E+00
  0.0000000000000000E+00
  0.0000000000000000E+00
  0.0000000000000000E+00
  0.0000000000000000E+00
  0.0000000000000000E+00
  0.0000000000000000E+00
  0.0000000000000000E+00
  0.0000000000000000E+00
  0.0000000000000000E+00
  0.0000000000000000E+00
  0.0000000000000000E+00
  0.0000000000000000E+00
  0.0000000000000000E+00
  0.0000000000000000E+00
  0.0000000000000000E+00
  0.0000000000000000E+00
  0.0000000000000000E+00
  0.0000000000000000E+00
  0.0000000000000000E+00
  0.0000000000000000E+00
  0.0000000000000000E+00
  0.0000000000000000E+00
  0.0000000000000000E+00
  0.0000000000000000E+00
  9.5826721351403199E-01
  9.5826721350308663E-01
  9.5826721352635025E-01
  9.5826721348608435E-01
  9.5826721349040700E-01
  9.5826721349431498E-01
  9.5826721349773347E-01
  9.5826721350021227E-01
  9.5826721350402022E-01
  9.5826721350857758E-01
  9.5826721351153876E-01
  9.5826721351555610E-01
  9.5826721351956157E-01
  9.5826721352307731E-01
  9.5826721352795385E-01
  9.5826721353121058E-01
  9.5826721353512068E-01
  9.5826721348499733E-01
  9.5826721348624933E-01
  9.5826721348766442E-01
  9.5826721348768140E-01
  9.5826721348876853E-01
  9.5826721348910326E-01
  9.5826721348926791E-01
  9.5826721349139121E-01
  9.5826721349095678E-01
  9.5826721349167054E-01
  9.5826721349282773E-01
  9.5826721349317867E-01
  9.5826721349493171E-01
  9.5826721349585064E-01
  9.5826721349666721E-01
  9.5826721349679067E-01
  9.5826721349816324E-01
  9.5826721349902366E-01
  9.5826721349902844E-01
  9.5826721350004751E-01
  9.5826721350187527E-01
  9.5826721350287325E-01
  9.5826721350379285E-01
  9.5826721350466348E-01
  9.5826721350515587E-01
  9.5826721350615851E-01
  9.5826721350749167E-01
  9.5826721350786581E-01
  9.5826721350927491E-01
  9.5826721348434318E-01
  9.5826721346494037E-01
  9.5826721277359628E-01
  9.5826721276240678E-01
  9.5826721344299182E-01
  9.5826721343820331E-01
  9.5826721343524246E-01
  9.5826721343153409E-01
  9.5826721342875332E-01
  9.5826721342601928E-01
  9.5826721342443189E-01
  9.5826721342208954E-01
  9.5826721342020504E-01
  9.5826721341890431E-01
  9.5826721341746546E-01
  9.5826721341636767E-01
  9.5826721341529708E-01
  9.5826721341431431E-01
  9.5826721341351762E-01
  9.5826721341274346E-01
  9.5826721341194121E-01
  9.5826721341200460E-01
  9.5826721341136001E-01
  9.5826721341087762E-01
  9.5826721341103693E-01
  9.5826721341089827E-01
  9.5826721341097798E-01
  9.5826721341082000E-01
  9.5826721341114063E-01
  9.5826721341114862E-01
  9.5826721341143684E-01
  9.5826721341204879E-01
  9.5826721341272847E-01
  9.5826721341350907E-01
  9.5826721341421184E-01
  9.5826721341522536E-01
  9.5826721341617094E-01
  9.5826721341758181E-01
  9.5826721341926813E-01
  9.5826721342077503E-01
  9.5826721342300036E-01
  9.5826721342542465E-01
  9.5826721342820487E-01
  9.5826721343168764E-01
  9.5826721343565491E-01
  9.5826721344069254E-01
  9.5826721344692634E-01
  9.5826721345505261E-01
  9.5826721340857612E-01
  9.6093750000000000E-01
  9.6875000000000000E-01
  9.7656250000000000E-01
  9.8437500000000000E-01
  9.9218750000000000E-01
  1.0000000000000000E+00
  0.0000000000000000E+00
  0.0000000000000000E+00
  0.0000000000000000E+00
  0.0000000000000000E+00
  0.0000000000000000E+00
  0.0000000000000000E+00
  0.0000000000000000E+00
  0.0000000000000000E+00
  0.0000000000000000E+00
  0.0000000000000000E+00
  0.0000000000000000E+00
  0.0000000000000000E+00
  0.0000000000000000E+00
  0.0000000000000000E+00
  0.0000000000000000E+00
  0.0000000000000000E+00
  0.0000000000000000E+00
  0.0000000000000000E+00
  0.0000000000000000E+00
  0.0000000000000000E+00
  0.0000000000000000E+00
  0.0000000000000000E+00
  0.0000000000000000E+00
  0.0000000000000000E+00
  0.0000000000000000E+00
  0.0000000000000000E+00
  0.0000000000000000E+00
  0.0000000000000000E+00
  9.5828031367468658E-01
  9.5828031366567690E-01
  9.5828031368868349E-01
  9.5828031364978072E-01
  9.5828031365383570E-01
  9.5828031365683042E-01
  9.5828031365998845E-01
  9.5828031366319533E-01
  9.5828031366730415E-01
  9.5828031367195454E-01
  9.5828031367573663E-01
  9.5828031367841571E-01
  9.5828031368185285E-01
  9.5828031368703015E-01
  9.5828031369039568E-01
  9.5828031369415567E-01
  9.5828031369888422E-01
  9.5828031364791877E-01
  9.5828031364942734E-01
  9.5828031364993971E-01
  9.5828031365112476E-01
  9.5828031365195643E-01
  9.5828031365234989E-01
  9.5828031365300381E-01
  9.5828031365283572E-01
  9.5828031365373068E-01
  9.5828031365460686E-01
  9.5828031365619837E-01
  9.5828031365736621E-01
  9.5828031365728017E-01
  9.5828031365846056E-01
  9.5828031365979560E-01
  9.5828031365931177E-01
  9.5828031366056954E-01
  9.5828031366179067E-01
  9.5828031366240229E-01
  9.5828031366337341E-01
  9.5828031366432931E-01
  9.5828031366580180E-01
  9.5828031366675648E-01
  9.5828031366669741E-01
  9.5828031366791988E-01
  9.5828031366886679E-01
  9.5828031367057764E-01
  9.5828031367173105E-01
  9.5828031367221111E-01
  9.5828031364814326E-01
  9.5828031362865740E-01
  9.5828031293526350E-01
  9.5828031292357518E-01
  9.5828031360549304E-01
  9.5828031360107835E-01
  9.5828031359780841E-01
  9.5828031359390398E-01
  9.5828031359139321E-01
  9.5828031358871213E-01
  9.5828031358653409E-01
  9.5828031358485000E-01
  9.5828031358309118E-01
  9.5828031358159249E-01
  9.5828031358013455E-01
  9.5828031357877552E-01
  9.5828031357817423E-01
  9.5828031357707200E-01
  9.5828031357611798E-01
  9.5828031357551124E-01
  9.5828031357455690E-01
  9.5828031357439203E-01
  9.5828031357415533E-01
  9.5828031357357646E-01
  9.5828031357341037E-01
  9.5828031357323462E-01
  9.5828031357322607E-01
  9.5828031357348475E-01
  9.5828031357362087E-01
  9.5828031357374555E-01
  9.5828031357421894E-01
  9.5828031357461274E-01
  9.5828031357534194E-01
  9.5828031357596810E-01
  9.5828031357677734E-01
  9.5828031357792298E-01
  9.5828031357905452E-01
  9.5828031358043819E-01
  9.5828031358192045E-01
  9.5828031358348698E-01
  9.5828031358563703E-01
  9.5828031358804389E-01
  9.5828031359089982E-01
  9.5828031359428989E-01
  9.5828031359843746E-01
  9.5828031360329813E-01
  9.5828031360963672E-01
  9.5828031361785904E-01
  9.5828031357108023E-01
  9.6093750000000000E-01
  9.6875000000000000E-01
  9.7656250000000000E-01
  9.8437500000000000E-01
  9.9218750000000000E-01
  1.0000000000000000E+00
  0.0000000000000000E+00
  0.0000000000000000E+00
  0.0000000000000000E+00
  0.0000000000000000E+00
  0.0000000000000000E+00
  0.0000000000000000E+00
  0.0000000000000000E+00
  0.0000000000000000E+00
  0.0000000000000000E+00
  0.0000000000000000E+00
  0.0000000000000000E+00
  0.0000000000000000E+00
  0.0000000000000000E+00
  0.0000000000000000E+00
  0.0000000000000000E+00
  0.0000000000000000E+00
  0.0000000000000000E+00
  0.0000000000000000E+00
  0.0000000000000000E+00
  0.0000000000000000E+00
  0.0000000000000000E+00
  0.0000000000000000E+00
  0.0000000000000000E+00
  0.0000000000000000E+00
  0.0000000000000000E+00
  0.0000000000000000E+00
  0.0000000000000000E+00
  0.0000000000000000E+00
  9.5829339885674525E-01
  9.5829339885178266E-01
  9.5829339887380649E-01
  9.5829339883514353E-01
  9.5829339883858689E-01
  9.5829339884204900E-01
  9.5829339884501230E-01
  9.5829339884861597E-01
  9.5829339885271170E-01
  9.5829339885717169E-01
  9.5829339885968035E-01
  9.5829339886488030E-01
  9.5829339886796683E-01
  9.5829339887232423E-01
  9.5829339887607767E-01
  9.5829339887943432E-01
  9.5829339888380627E-01
  9.5829339883406739E-01
  9.5829339883480791E-01
  9.5829339883550269E-01
  9.5829339883573361E-01
  9.5829339883680398E-01
  9.5829339883799303E-01
  9.5829339883783227E-01
  9.5829339883889908E-01
  9.5829339883995568E-01
  9.5829339883986464E-01
  9.5829339884207831E-01
  9.5829339884163367E-01
  9.5829339884317077E-01
  9.5829339884333908E-01
  9.5829339884418951E-01
  9.5829339884509268E-01
  9.5829339884681364E-01
  9.5829339884740927E-01
  9.5829339884787923E-01
  9.5829339884897158E-01
  9.5829339885030207E-01
  9.5829339885065035E-01
  9.5829339885162446E-01
  9.5829339885220455E-01
  9.5829339885328002E-01
  9.5829339885451092E-01
  9.5829339885592579E-01
  9.5829339885703713E-01
  9.5829339885805886E-01
  9.5829339883429576E-01
  9.5829339881379727E-01
  9.5829339811918168E-01
  9.5829339810779468E-01
  9.5829339879129405E-01
  9.5829339878680719E-01
  9.5829339878305642E-01
  9.5829339877974273E-01
  9.5829339877656805E-01
  9.5829339877420716E-01
  9.5829339877216868E-01
  9.5829339877002750E-01
  9.5829339876797692E-01
  9.5829339876715380E-01
  9.5829339876524477E-01
  9.5829339876439545E-01
  9.5829339876295860E-01
  9.5829339876255570E-01
  9.5829339876144704E-01
  9.5829339876077002E-01
  9.5829339875998742E-01
  9.5829339875946917E-01
  9.5829339875908504E-01
  9.5829339875876496E-01
  9.5829339875845909E-01
  9.5829339875847663E-01
  9.5829339875855413E-01
  9.5829339875862896E-01
  9.5829339875885444E-01
  9.5829339875895692E-01
  9.5829339875933006E-01
  9.5829339875977015E-01
  9.5829339876026742E-01
  9.5829339876133135E-01
  9.5829339876210340E-01
  9.5829339876315756E-01
  9.5829339876433517E-01
  9.5829339876543107E-01
  9.5829339876687991E-01
  9.5829339876869679E-01
  9.5829339877090169E-01
  9.5829339877331032E-01
  9.5829339877622788E-01
  9.5829339877952813E-01
  9.5829339878365383E-01
  9.5829339878870146E-01
  9.5829339879495667E-01
  9.5829339880319453E-01
  9.5829339875617792E-01
  9.6093750000000000E-01
  9.6875000000000000E-01
  9.7656250000000000E-01
  9.8437500000000000E-01
  9.9218750000000000E-01
  1.0000000000000000E+00
  0.0000000000000000E+00
  0.0000000000000000E+00
  0.0000000000000000E+00
  0.0000000000000000E+00
  0.0000000000000000E+00
  0.0000000000000000E+00
  0.0000000000000000E+00
  0.0000000000000000E+00
  0.0000000000000000E+00
  0.0000000000000000E+00
  0.0000000000000000E+00
  0.0000000000000000E+00
  0.0000000000000000E+00
  0.0000000000000000E+00
  0.0000000000000000E+00
  0.0000000000000000E+00
  0.0000000000000000E+00
  0.0000000000000000E+00
  0.0000000000000000E+00
  0.0000000000000000E+00
  0.0000000000000000E+00
  0.0000000000000000E+00
  0.0000000000000000E+00
  0.0000000000000000E+00
  0.0000000000000000E+00
  0.0000000000000000E+00
  0.0000000000000000E+00
  0.0000000000000000E+00
  9.5830646908380612E-01
  9.5830646907966155E-01
  9.5830646910310324E-01
  9.5830646906376304E-01
  9.5830646906757166E-01
  9.5830646907198014E-01
  9.5830646907441541E-01
  9.5830646907849615E-01
  9.5830646908265926E-01
  9.5830646908550254E-01
  9.5830646908975681E-01
  9.5830646909432293E-01
  9.5830646909665163E-01
  9.5830646910047423E-01
  9.5830646910456718E-01
  9.5830646910842754E-01
  9.5830646911316519E-01
  9.5830646906331973E-01
  9.5830646906353389E-01
  9.5830646906520045E-01
  9.5830646906496086E-01
  9.5830646906646277E-01
  9.5830646906698547E-01
  9.5830646906687189E-01
  9.5830646906802297E-01
  9.5830646906958095E-01
  9.5830646907038075E-01
  9.5830646907096517E-01
  9.5830646907206884E-01
  9.5830646907270622E-01
  9.5830646907249739E-01
  9.5830646907325667E-01
  9.5830646907434003E-01
  9.5830646907535566E-01
  9.5830646907594308E-01
  9.5830646907777717E-01
  9.5830646907825723E-01
  9.5830646907944883E-01
  9.5830646907972483E-01
  9.5830646908144590E-01
  9.5830646908196782E-01
  9.5830646908323980E-01
  9.5830646908390560E-01
  9.5830646908519335E-01
  9.5830646908562078E-01
  9.5830646908736128E-01
  9.5830646906465955E-01
  9.5830646904289130E-01
  9.5830646834663769E-01
  9.5830646833545985E-01
  9.5830646902019101E-01
  9.5830646901589944E-01
  9.5830646901166172E-01
  9.5830646900879668E-01
  9.5830646900548910E-01
  9.5830646900344141E-01
  9.5830646900123118E-01
  9.5830646899928673E-01
  9.5830646899742655E-01
  9.5830646899556626E-01
  9.5830646899420624E-01
  9.5830646899350913E-01
  9.5830646899233829E-01
  9.5830646899134364E-01
  9.5830646899069771E-01
  9.5830646898957861E-01
  9.5830646898886007E-01
  9.5830646898869232E-01
  9.5830646898798055E-01
  9.5830646898812055E-01
  9.5830646898760274E-01
  9.5830646898752525E-01
  9.5830646898762406E-01
  9.5830646898738614E-01
  9.5830646898788141E-01
  9.5830646898808802E-01
  9.5830646898828498E-01
  9.5830646898893757E-01
  9.5830646898946348E-01
  9.5830646899035654E-01
  9.5830646899087368E-01
  9.5830646899208405E-01
  9.5830646899305172E-01
  9.5830646899447502E-01
  9.5830646899606742E-01
  9.5830646899793837E-01
  9.5830646900002669E-01
  9.5830646900225058E-01
  9.5830646900520822E-01
  9.5830646900861960E-01
  9.5830646901271921E-01
  9.5830646901776695E-01
  9.5830646902413619E-01
  9.5830646903231875E-01
  9.5830646898495186E-01
  9.6093750000000000E-01
  9.6875000000000000E-01
  9.7656250000000000E-01
  9.8437500000000000E-01
  9.9218750000000000E-01
  1.0000000000000000E+00
  0.0000000000000000E+00
  0.0000000000000000E+00
  0.0000000000000000E+00
  0.0000000000000000E+00
  0.0000000000000000E+00
  0.0000000000000000E+00
  0.0000000000000000E+00
  0.0000000000000000E+00
  0.0000000000000000E+00
  0.0000000000000000E+00
  0.0000000000000000E+00
  0.0000000000000000E+00
  0.0000000000000000E+00
  0.0000000000000000E+00
  0.0000000000000000E+00
  0.0000000000000000E+00
  0.0000000000000000E+00
  0.0000000000000000E+00
  0.0000000000000000E+00
  0.0000000000000000E+00
  0.0000000000000000E+00
  0.0000000000000000E+00
  0.0000000000000000E+00
  0.0000000000000000E+00
  0.0000000000000000E+00
  0.0000000000000000E+00
  0.0000000000000000E+00
  0.0000000000000000E+00
  9.5831952437647594E-01
  9.5831952437467016E-01
  9.5831952439742596E-01
  9.5831952435871415E-01
  9.5831952436168177E-01
  9.5831952436487422E-01
  9.5831952436897361E-01
  9.5831952437325019E-01
  9.5831952437721113E-01
  9.5831952438080026E-01
  9.5831952438431800E-01
  9.5831952438837398E-01
  9.5831952439178902E-01
  9.5831952439481705E-01
  9.5831952439932189E-01
  9.5831952440344814E-01
  9.5831952440753576E-01
  9.5831952435768797E-01
  9.5831952435879442E-01
  9.5831952435928847E-01
  9.5831952435968182E-01
  9.5831952436095824E-01
  9.5831952436130485E-01
  9.5831952436145063E-01
  9.5831952436340306E-01
  9.5831952436278145E-01
  9.5831952436495160E-01
  9.5831952436563828E-01
  9.5831952436599366E-01
  9.5831952436618606E-01
  9.5831952436724888E-01
  9.5831952436832524E-01
  9.5831952436881906E-01
  9.5831952436973744E-01
  9.5831952437029122E-01
  9.5831952437164536E-01
  9.5831952437301371E-01
  9.5831952437297718E-01
  9.5831952437394841E-01
  9.5831952437536339E-01
  9.5831952437602685E-01
  9.5831952437786638E-01
  9.5831952437850698E-01
  9.5831952438001700E-01
  9.5831952438010715E-01
  9.5831952438192747E-01
  9.5831952436150758E-01
  9.5831952433826650E-01
  9.5831952364029438E-01
  9.5831952362816963E-01
  9.5831952431505985E-01
  9.5831952431017353E-01
  9.5831952430649192E-01
  9.5831952430334100E-01
  9.5831952429986322E-01
  9.5831952429705936E-01
  9.5831952429522249E-01
  9.5831952429350487E-01
  9.5831952429164957E-01
  9.5831952429011646E-01
  9.5831952428875367E-01
  9.5831952428726119E-01
  9.5831952428646372E-01
  9.5831952428512013E-01
  9.5831952428458167E-01
  9.5831952428369505E-01
  9.5831952428331613E-01
  9.5831952428257450E-01
  9.5831952428192335E-01
  9.5831952428192790E-01
  9.5831952428140632E-01
  9.5831952428165434E-01
  9.5831952428154543E-01
  9.5831952428160083E-01
  9.5831952428173439E-01
  9.5831952428203171E-01
  9.5831952428253098E-01
  9.5831952428288103E-01
  9.5831952428361433E-01
  9.5831952428416545E-01
  9.5831952428502964E-01
  9.5831952428618350E-01
  9.5831952428715006E-01
  9.5831952428854694E-01
  9.5831952429009859E-01
  9.5831952429186174E-01
  9.5831952429399891E-01
  9.5831952429639977E-01
  9.5831952429923606E-01
  9.5831952430274614E-01
  9.5831952430685152E-01
  9.5831952431190581E-01
  9.5831952431822687E-01
  9.5831952432646716E-01
  9.5831952427882383E-01
  9.6093750000000000E-01
  9.6875000000000000E-01
  9.7656250000000000E-01
  9.8437500000000000E-01
  9.9218750000000000E-01
  1.0000000000000000E+00
  0.0000000000000000E+00
  0.0000000000000000E+00
  0.0000000000000000E+00
  0.0000000000000000E+00
  0.0000000000000000E+00
  0.0000000000000000E+00
  0.0000000000000000E+00
  0.0000000000000000E+00
  0.0000000000000000E+00
  0.0000000000000000E+00
  0.0000000000000000E+00
  0.0000000000000000E+00
  0.0000000000000000E+00
  0.0000000000000000E+00
  0.0000000000000000E+00
  0.0000000000000000E+00
  0.0000000000000000E+00
  0.0000000000000000E+00
  0.0000000000000000E+00
  0.0000000000000000E+00
  0.0000000000000000E+00
  0.0000000000000000E+00
  0.0000000000000000E+00
  0.0000000000000000E+00
  0.0000000000000000E+00
  0.0000000000000000E+00
  0.0000000000000000E+00
  0.0000000000000000E+00
  9.5833256475382766E-01
  9.5833256475522477E-01
  9.5833256477831397E-01
  9.5833256473907125E-01
  9.5833256474222683E-01
  9.5833256474620099E-01
  9.5833256474983020E-01
  9.5833256475285744E-01
  9.5833256475736406E-01
  9.5833256476054740E-01
  9.5833256476459561E-01
  9.5833256476775941E-01
  9.5833256477257789E-01
  9.5833256477663442E-01
  9.5833256477935458E-01
  9.5833256478357842E-01
  9.5833256478746787E-01
  9.5833256473760653E-01
  9.5833256473866457E-01
  9.5833256474002948E-01
  9.5833256474040585E-01
  9.5833256474143502E-01
  9.5833256474237938E-01
  9.5833256474314210E-01
  9.5833256474306183E-01
  9.5833256474389106E-01
  9.5833256474480899E-01
  9.5833256474481254E-01
  9.5833256474614947E-01
  9.5833256474778972E-01
  9.5833256474790274E-01
  9.5833256474833362E-01
  9.5833256475005746E-01
  9.5833256475108342E-01
  9.5833256475107786E-01
  9.5833256475195538E-01
  9.5833256475351680E-01
  9.5833256475411865E-01
  9.5833256475471229E-01
  9.5833256475638562E-01
  9.5833256475755479E-01
  9.5833256475810313E-01
  9.5833256475891959E-01
  9.5833256476003159E-01
  9.5833256476113038E-01
  9.5833256476242135E-01
  9.5833256474310136E-01
  9.5833256471908368E-01
  9.5833256401896949E-01
  9.5833256400719091E-01
  9.5833256469558681E-01
  9.5833256469002737E-01
  9.5833256468663230E-01
  9.5833256468351968E-01
  9.5833256468064476E-01
  9.5833256467795902E-01
  9.5833256467556194E-01
  9.5833256467355366E-01
  9.5833256467221206E-01
  9.5833256467021077E-01
  9.5833256466898820E-01
  9.5833256466756012E-01
  9.5833256466653927E-01
  9.5833256466587113E-01
  9.5833256466477212E-01
  9.5833256466370653E-01
  9.5833256466307826E-01
  9.5833256466298411E-01
  9.5833256466255168E-01
  9.5833256466194461E-01
  9.5833256466174144E-01
  9.5833256466168071E-01
  9.5833256466204009E-01
  9.5833256466186656E-01
  9.5833256466199168E-01
  9.5833256466206518E-01
  9.5833256466241068E-01
  9.5833256466304373E-01
  9.5833256466382255E-01
  9.5833256466426386E-01
  9.5833256466531358E-01
  9.5833256466625516E-01
  9.5833256466743832E-01
  9.5833256466875749E-01
  9.5833256467031724E-01
  9.5833256467214534E-01
  9.5833256467419337E-01
  9.5833256467661609E-01
  9.5833256467953243E-01
  9.5833256468295913E-01
  9.5833256468707018E-01
  9.5833256469216965E-01
  9.5833256469855632E-01
  9.5833256470679296E-01
  9.5833256465886962E-01
  9.6093750000000000E-01
  9.6875000000000000E-01
  9.7656250000000000E-01
  9.8437500000000000E-01
  9.9218750000000000E-01
  1.0000000000000000E+00
  0.0000000000000000E+00
  0.0000000000000000E+00
  0.0000000000000000E+00
  0.0000000000000000E+00
  0.0000000000000000E+00
  0.0000000000000000E+00
  0.0000000000000000E+00
  0.0000000000000000E+00
  0.0000000000000000E+00
  0.0000000000000000E+00
  0.0000000000000000E+00
  0.0000000000000000E+00
  0.0000000000000000E+00
  0.0000000000000000E+00
  0.0000000000000000E+00
  0.0000000000000000E+00
  0.0000000000000000E+00
  0.0000000000000000E+00
  0.0000000000000000E+00
  0.0000000000000000E+00
  0.0000000000000000E+00
  0.0000000000000000E+00
  0.0000000000000000E+00
  0.0000000000000000E+00
  0.0000000000000000E+00
  0.0000000000000000E+00
  0.0000000000000000E+00
  0.0000000000000000E+00
  9.5834559023759636E-01
  9.5834559024138211E-01
  9.5834559026539323E-01
  9.5834559022647048E-01
  9.5834559023001398E-01
  9.5834559023349419E-01
  9.5834559023724986E-01
  9.5834559024158261E-01
  9.5834559024484056E-01
  9.5834559024851884E-01
  9.5834559025177957E-01
  9.5834559025615607E-01
  9.5834559026094446E-01
  9.5834559026331223E-01
  9.5834559026822608E-01
  9.5834559027265198E-01
  9.5834559027662647E-01
  9.5834559022561994E-01
  9.5834559022613708E-01
  9.5834559022730592E-01
  9.5834559022781507E-01
  9.5834559022954890E-01
  9.5834559022969212E-01
  9.5834559023024579E-01
  9.5834559023159915E-01
  9.5834559023147459E-01
  9.5834559023317645E-01
  9.5834559023294918E-01
  9.5834559023423560E-01
  9.5834559023510568E-01
  9.5834559023595256E-01
  9.5834559023639576E-01
  9.5834559023681831E-01
  9.5834559023862220E-01
  9.5834559023943089E-01
  9.5834559024064603E-01
  9.5834559024150812E-01
  9.5834559024168764E-01
  9.5834559024251031E-01
  9.5834559024343058E-01
  9.5834559024448385E-01
  9.5834559024636978E-01
  9.5834559024673049E-01
  9.5834559024782839E-01
  9.5834559024932431E-01
  9.5834559025028943E-01
  9.5834559023527621E-01
  9.5834559020652399E-01
  9.5834558950520610E-01
  9.5834558949339532E-01
  9.5834559018325260E-01
  9.5834559017822429E-01
  9.5834559017425203E-01
  9.5834559017071097E-01
  9.5834559016800103E-01
  9.5834559016546239E-01
  9.5834559016336285E-01
  9.5834559016111798E-01
  9.5834559015902376E-01
  9.5834559015807941E-01
  9.5834559015654297E-01
  9.5834559015526066E-01
  9.5834559015407639E-01
  9.5834559015342591E-01
  9.5834559015233711E-01
  9.5834559015172038E-01
  9.5834559015087406E-01
  9.5834559015035170E-01
  9.5834559015016474E-01
  9.5834559014966003E-01
  9.5834559014956633E-01
  9.5834559014946452E-01
  9.5834559014941678E-01
  9.5834559014923071E-01
  9.5834559014955101E-01
  9.5834559014975518E-01
  9.5834559015014142E-01
  9.5834559015050791E-01
  9.5834559015118559E-01
  9.5834559015209331E-01
  9.5834559015283993E-01
  9.5834559015375620E-01
  9.5834559015496690E-01
  9.5834559015632759E-01
  9.5834559015784948E-01
  9.5834559015979870E-01
  9.5834559016177334E-01
  9.5834559016421883E-01
  9.5834559016705667E-01
  9.5834559017044885E-01
  9.5834559017477328E-01
  9.5834559017976617E-01
  9.5834559018624710E-01
  9.5834559019452803E-01
  9.5834559014632525E-01
  9.6093750000000000E-01
  9.6875000000000000E-01
  9.7656250000000000E-01
  9.8437500000000000E-01
  9.9218750000000000E-01
  1.0000000000000000E+00
  0.0000000000000000E+00
  0.0000000000000000E+00
  0.0000000000000000E+00
  0.0000000000000000E+00
  0.0000000000000000E+00
  0.0000000000000000E+00
  0.0000000000000000E+00
  0.0000000000000000E+00
  0.0000000000000000E+00
  0.0000000000000000E+00
  0.0000000000000000E+00
  0.0000000000000000E+00
  0.0000000000000000E+00
  0.0000000000000000E+00
  0.0000000000000000E+00
  0.0000000000000000E+00
  0.0000000000000000E+00
  0.0000000000000000E+00
  0.0000000000000000E+00
  0.0000000000000000E+00
  0.0000000000000000E+00
  0.0000000000000000E+00
  0.0000000000000000E+00
  0.0000000000000000E+00
  0.0000000000000000E+00
  0.0000000000000000E+00
  0.0000000000000000E+00
  0.0000000000000000E+00
  9.5835860085145474E-01
  9.5835860085759894E-01
  9.5835860088076719E-01
  9.5835860084258895E-01
  9.5835860084605173E-01
  9.5835860084923985E-01
  9.5835860085332059E-01
  9.5835860085737001E-01
  9.5835860086036162E-01
  9.5835860086547353E-01
  9.5835860086811497E-01
  9.5835860087262525E-01
  9.5835860087567026E-01
  9.5835860087993685E-01
  9.5835860088488611E-01
  9.5835860088777447E-01
  9.5835860089234870E-01
  9.5835860084210489E-01
  9.5835860084266888E-01
  9.5835860084420776E-01
  9.5835860084366142E-01
  9.5835860084497138E-01
  9.5835860084570557E-01
  9.5835860084576951E-01
  9.5835860084773805E-01
  9.5835860084850555E-01
  9.5835860084853286E-01
  9.5835860084998503E-01
  9.5835860085045121E-01
  9.5835860085080826E-01
  9.5835860085143842E-01
  9.5835860085216351E-01
  9.5835860085354929E-01
  9.5835860085499458E-01
  9.5835860085612923E-01
  9.5835860085641278E-01
  9.5835860085702373E-01
  9.5835860085760460E-01
  9.5835860085888602E-01
  9.5835860085964730E-01
  9.5835860086080282E-01
  9.5835860086219793E-01
  9.5835860086369595E-01
  9.5835860086381486E-01
  9.5835860086512947E-01
  9.5835860086615643E-01
  9.5835860086773961E-01
  9.5835860082314239E-01
  9.5835860011977569E-01
  9.5835860010746809E-01
  9.5835860079860680E-01
  9.5835860079474466E-01
  9.5835860079062274E-01
  9.5835860078742308E-01
  9.5835860078408164E-01
  9.5835860078158430E-01
  9.5835860077930635E-01
  9.5835860077703583E-01
  9.5835860077533785E-01
  9.5835860077412083E-01
  9.5835860077236301E-01
  9.5835860077117763E-01
  9.5835860077030610E-01
  9.5835860076889878E-01
  9.5835860076808477E-01
  9.5835860076746904E-01
  9.5835860076672053E-01
  9.5835860076619084E-01
  9.5835860076568802E-01
  9.5835860076557755E-01
  9.5835860076514778E-01
  9.5835860076529045E-01
  9.5835860076501111E-01
  9.5835860076554180E-01
  9.5835860076555990E-01
  9.5835860076565260E-01
  9.5835860076604040E-01
  9.5835860076679136E-01
  9.5835860076717538E-01
  9.5835860076806578E-01
  9.5835860076866397E-01
  9.5835860076979562E-01
  9.5835860077093393E-01
  9.5835860077230117E-01
  9.5835860077387425E-01
  9.5835860077560164E-01
  9.5835860077771329E-01
  9.5835860078022461E-01
  9.5835860078300983E-01
  9.5835860078657187E-01
  9.5835860079062651E-01
  9.5835860079589474E-01
  9.5835860080225643E-01
  9.5835860081054569E-01
  9.5835860076208434E-01
  9.6093750000000000E-01
  9.6875000000000000E-01
  9.7656250000000000E-01
  9.8437500000000000E-01
  9.9218750000000000E-01
  1.0000000000000000E+00
  0.0000000000000000E+00
  0.0000000000000000E+00
  0.0000000000000000E+00
  0.0000000000000000E+00
  0.0000000000000000E+00
  0.0000000000000000E+00
  0.0000000000000000E+00
  0.0000000000000000E+00
  0.0000000000000000E+00
  0.0000000000000000E+00
  0.0000000000000000E+00
  0.0000000000000000E+00
  0.0000000000000000E+00
  0.0000000000000000E+00
  0.0000000000000000E+00
  0.0000000000000000E+00
  0.0000000000000000E+00
  0.0000000000000000E+00
  0.0000000000000000E+00
  0.0000000000000000E+00
  0.0000000000000000E+00
  0.0000000000000000E+00
  0.0000000000000000E+00
  0.0000000000000000E+00
  0.0000000000000000E+00
  0.0000000000000000E+00
  0.0000000000000000E+00
  0.0000000000000000E+00
  9.5837159661582116E-01
  9.5837159662292060E-01
  9.5837159664608018E-01
  9.5837159660810500E-01
  9.5837159661279847E-01
  9.5837159661525440E-01
  9.5837159661844618E-01
  9.5837159662243931E-01
  9.5837159662729887E-01
  9.5837159663065263E-01
  9.5837159663363547E-01
  9.5837159663831517E-01
  9.5837159664137206E-01
  9.5837159664584404E-01
  9.5837159665086147E-01
  9.5837159665400995E-01
  9.5837159665902760E-01
  9.5837159660833049E-01
  9.5837159660850058E-01
  9.5837159660851312E-01
  9.5837159660940563E-01
  9.5837159661071702E-01
  9.5837159661093885E-01
  9.5837159661243010E-01
  9.5837159661260451E-01
  9.5837159661325166E-01
  9.5837159661445481E-01
  9.5837159661582416E-01
  9.5837159661598781E-01
  9.5837159661633242E-01
  9.5837159661744908E-01
  9.5837159661913351E-01
  9.5837159661875471E-01
  9.5837159662052784E-01
  9.5837159662111915E-01
  9.5837159662244975E-01
  9.5837159662324667E-01
  9.5837159662426807E-01
  9.5837159662429816E-01
  9.5837159662637861E-01
  9.5837159662701055E-01
  9.5837159662832705E-01
  9.5837159662882088E-01
  9.5837159662989968E-01
  9.5837159663125027E-01
  9.5837159663159832E-01
  9.5837159663326144E-01
  9.5837159658925564E-01
  9.5837159588391330E-01
  9.5837159587154408E-01
  9.5837159656446225E-01
  9.5837159655985960E-01
  9.5837159655580795E-01
  9.5837159655251947E-01
  9.5837159654914839E-01
  9.5837159654676163E-01
  9.5837159654454629E-01
  9.5837159654260407E-01
  9.5837159654040383E-01
  9.5837159653958448E-01
  9.5837159653811788E-01
  9.5837159653672310E-01
  9.5837159653566029E-01
  9.5837159653468984E-01
  9.5837159653376303E-01
  9.5837159653276371E-01
  9.5837159653243664E-01
  9.5837159653177217E-01
  9.5837159653131676E-01
  9.5837159653104598E-01
  9.5837159653099446E-01
  9.5837159653052373E-01
  9.5837159653075910E-01
  9.5837159653069837E-01
  9.5837159653099790E-01
  9.5837159653094961E-01
  9.5837159653150761E-01
  9.5837159653211446E-01
  9.5837159653251591E-01
  9.5837159653321669E-01
  9.5837159653430293E-01
  9.5837159653513515E-01
  9.5837159653644755E-01
  9.5837159653769088E-01
  9.5837159653936976E-01
  9.5837159654105519E-01
  9.5837159654317350E-01
  9.5837159654563875E-01
  9.5837159654858428E-01
  9.5837159655199833E-01
  9.5837159655617199E-01
  9.5837159656124427E-01
  9.5837159656770587E-01
  9.5837159657606463E-01
  9.5837159652736958E-01
  9.6093750000000000E-01
  9.6875000000000000E-01
  9.7656250000000000E-01
  9.8437500000000000E-01
  9.9218750000000000E-01
  1.0000000000000000E+00
  0.0000000000000000E+00
  0.0000000000000000E+00
  0.0000000000000000E+00
  0.0000000000000000E+00
  0.0000000000000000E+00
  0.0000000000000000E+00
  0.0000000000000000E+00
  0.0000000000000000E+00
  0.0000000000000000E+00
  0.0000000000000000E+00
  0.0000000000000000E+00
  0.0000000000000000E+00
  0.0000000000000000E+00
  0.0000000000000000E+00
  0.0000000000000000E+00
  0.0000000000000000E+00
  0.0000000000000000E+00
  0.0000000000000000E+00
  0.0000000000000000E+00
  0.0000000000000000E+00
  0.0000000000000000E+00
  0.0000000000000000E+00
  0.0000000000000000E+00
  0.0000000000000000E+00
  0.0000000000000000E+00
  0.0000000000000000E+00
  0.0000000000000000E+00
  0.0000000000000000E+00
  9.5838457754934436E-01
  9.5838457755793671E-01
  9.5838457758197038E-01
  9.5838457754500372E-01
  9.5838457754708029E-01
  9.5838457755144557E-01
  9.5838457755623430E-01
  9.5838457755878237E-01
  9.5838457756209405E-01
  9.5838457756623052E-01
  9.5838457757033457E-01
  9.5838457757415474E-01
  9.5838457757745432E-01
  9.5838457758202267E-01
  9.5838457758634088E-01
  9.5838457759094176E-01
  9.5838457759442164E-01
  9.5838457754369466E-01
  9.5838457754443018E-01
  9.5838457754501660E-01
  9.5838457754619433E-01
  9.5838457754641004E-01
  9.5838457754779982E-01
  9.5838457754828976E-01
  9.5838457754913031E-01
  9.5838457755042883E-01
  9.5838457755025463E-01
  9.5838457755209028E-01
  9.5838457755247597E-01
  9.5838457755331496E-01
  9.5838457755398565E-01
  9.5838457755411055E-01
  9.5838457755567186E-01
  9.5838457755688744E-01
  9.5838457755699402E-01
  9.5838457755872841E-01
  9.5838457755908035E-01
  9.5838457755993300E-01
  9.5838457756130790E-01
  9.5838457756181106E-01
  9.5838457756340845E-01
  9.5838457756388717E-01
  9.5838457756534867E-01
  9.5838457756646145E-01
  9.5838457756711315E-01
  9.5838457756850215E-01
  9.5838457756935636E-01
  9.5838457752499562E-01
  9.5838457681842737E-01
  9.5838457680619227E-01
  9.5838457750035633E-01
  9.5838457749597217E-01
  9.5838457749156125E-01
  9.5838457748862826E-01
  9.5838457748547667E-01
  9.5838457748311012E-01
  9.5838457748085015E-01
  9.5838457747898098E-01
  9.5838457747662609E-01
  9.5838457747530803E-01
  9.5838457747384997E-01
  9.5838457747262773E-01
  9.5838457747101746E-01
  9.5838457747012373E-01
  9.5838457746944195E-01
  9.5838457746840622E-01
  9.5838457746806938E-01
  9.5838457746772043E-01
  9.5838457746714267E-01
  9.5838457746671035E-01
  9.5838457746650552E-01
  9.5838457746650685E-01
  9.5838457746636829E-01
  9.5838457746636918E-01
  9.5838457746693040E-01
  9.5838457746697170E-01
  9.5838457746718020E-01
  9.5838457746792161E-01
  9.5838457746821892E-01
  9.5838457746899630E-01
  9.5838457747006600E-01
  9.5838457747090622E-01
  9.5838457747218786E-01
  9.5838457747356021E-01
  9.5838457747518702E-01
  9.5838457747693540E-01
  9.5838457747894223E-01
  9.5838457748155426E-01
  9.5838457748436734E-01
  9.5838457748788974E-01
  9.5838457749206762E-01
  9.5838457749718109E-01
  9.5838457750363326E-01
  9.5838457751212913E-01
  9.5838457746306349E-01
  9.6093750000000000E-01
  9.6875000000000000E-01
  9.7656250000000000E-01
  9.8437500000000000E-01
  9.9218750000000000E-01
  1.0000000000000000E+00
  0.0000000000000000E+00
  0.0000000000000000E+00
  0.0000000000000000E+00
  0.0000000000000000E+00
  0.0000000000000000E+00
  0.0000000000000000E+00
  0.0000000000000000E+00
  0.0000000000000000E+00
  0.0000000000000000E+00
  0.0000000000000000E+00
  0.0000000000000000E+00
  0.0000000000000000E+00
  0.0000000000000000E+00
  0.0000000000000000E+00
  0.0000000000000000E+00
  0.0000000000000000E+00
  0.0000000000000000E+00
  0.0000000000000000E+00
  0.0000000000000000E+00
  0.0000000000000000E+00
  0.0000000000000000E+00
  0.0000000000000000E+00
  0.0000000000000000E+00
  0.0000000000000000E+00
  0.0000000000000000E+00
  0.0000000000000000E+00
  0.0000000000000000E+00
  0.0000000000000000E+00
  9.5839754382561815E-01
  9.5839754368654984E-01
  9.5839754370927133E-01
  9.5839754367192198E-01
  9.5839754367515662E-01
  9.5839754367893881E-01
  9.5839754368277152E-01
  9.5839754368638941E-01
  9.5839754369034236E-01
  9.5839754369509522E-01
  9.5839754369835350E-01
  9.5839754370157415E-01
  9.5839754370605423E-01
  9.5839754370992425E-01
  9.5839754371345431E-01
  9.5839754371750019E-01
  9.5839754372159347E-01
  9.5839754367124086E-01
  9.5839754367198915E-01
  9.5839754367348040E-01
  9.5839754367384389E-01
  9.5839754367358787E-01
  9.5839754367483510E-01
  9.5839754367655738E-01
  9.5839754367596375E-01
  9.5839754367670082E-01
  9.5839754367781205E-01
  9.5839754367863994E-01
  9.5839754367981167E-01
  9.5839754368024255E-01
  9.5839754368123531E-01
  9.5839754368172891E-01
  9.5839754368275754E-01
  9.5839754368393215E-01
  9.5839754368447794E-01
  9.5839754368578289E-01
  9.5839754368707664E-01
  9.5839754368713936E-01
  9.5839754368926466E-01
  9.5839754368951402E-01
  9.5839754369046415E-01
  9.5839754369175878E-01
  9.5839754369326580E-01
  9.5839754369385366E-01
  9.5839754369442065E-01
  9.5839754369613850E-01
  9.5839754369661956E-01
  9.5839754365377017E-01
  9.5839754294479063E-01
  9.5839754293212076E-01
  9.5839754362777130E-01
  9.5839754362339424E-01
  9.5839754361961138E-01
  9.5839754361545304E-01
  9.5839754361278640E-01
  9.5839754361039076E-01
  9.5839754360794205E-01
  9.5839754360549112E-01
  9.5839754360418428E-01
  9.5839754360210527E-01
  9.5839754360113205E-01
  9.5839754359973717E-01
  9.5839754359854745E-01
  9.5839754359776264E-01
  9.5839754359690676E-01
  9.5839754359623874E-01
  9.5839754359541207E-01
  9.5839754359484197E-01
  9.5839754359415663E-01
  9.5839754359431684E-01
  9.5839754359390550E-01
  9.5839754359390628E-01
  9.5839754359364560E-01
  9.5839754359400342E-01
  9.5839754359390894E-01
  9.5839754359433504E-01
  9.5839754359453277E-01
  9.5839754359495199E-01
  9.5839754359572082E-01
  9.5839754359650431E-01
  9.5839754359744622E-01
  9.5839754359809504E-01
  9.5839754359927964E-01
  9.5839754360067519E-01
  9.5839754360250828E-01
  9.5839754360420981E-01
  9.5839754360632456E-01
  9.5839754360882645E-01
  9.5839754361174012E-01
  9.5839754361524598E-01
  9.5839754361948815E-01
  9.5839754362452900E-01
  9.5839754363105811E-01
  9.5839754363950869E-01
  9.5839754359012275E-01
  9.6093750000000000E-01
  9.6875000000000000E-01
  9.7656250000000000E-01
  9.8437500000000000E-01
  9.9218750000000000E-01
  1.0000000000000000E+00
  0.0000000000000000E+00
  0.0000000000000000E+00
  0.0000000000000000E+00
  0.0000000000000000E+00
  0.0000000000000000E+00
  0.0000000000000000E+00
  0.0000000000000000E+00
  0.0000000000000000E+00
  0.0000000000000000E+00
  0.0000000000000000E+00
  0.0000000000000000E+00
  0.0000000000000000E+00
  0.0000000000000000E+00
  0.0000000000000000E+00
  0.0000000000000000E+00
  0.0000000000000000E+00
  0.0000000000000000E+00
  0.0000000000000000E+00
  0.0000000000000000E+00
  0.0000000000000000E+00
  0.0000000000000000E+00
  0.0000000000000000E+00
  0.0000000000000000E+00
  0.0000000000000000E+00
  0.0000000000000000E+00
  0.0000000000000000E+00
  0.0000000000000000E+00
  0.0000000000000000E+00
  9.5841049512843535E-01
  9.5841049502666098E-01
  9.5841049504925058E-01
  9.5841049501185238E-01
  9.5841049501527242E-01
  9.5841049501859299E-01
  9.5841049502259767E-01
  9.5841049502639242E-01
  9.5841049503108444E-01
  9.5841049503414377E-01
  9.5841049503798936E-01
  9.5841049504144149E-01
  9.5841049504513420E-01
  9.5841049505047227E-01
  9.5841049505461440E-01
  9.5841049505801612E-01
  9.5841049506169229E-01
  9.5841049501214759E-01
  9.5841049501235243E-01
  9.5841049501307851E-01
  9.5841049501330655E-01
  9.5841049501491971E-01
  9.5841049501522779E-01
  9.5841049501635245E-01
  9.5841049501706754E-01
  9.5841049501780728E-01
  9.5841049501816244E-01
  9.5841049501831088E-01
  9.5841049501934439E-01
  9.5841049502014775E-01
  9.5841049502177711E-01
  9.5841049502197828E-01
  9.5841049502299691E-01
  9.5841049502463804E-01
  9.5841049502477338E-01
  9.5841049502595144E-01
  9.5841049502648668E-01
  9.5841049502734721E-01
  9.5841049502837528E-01
  9.5841049502924469E-01
  9.5841049503104414E-01
  9.5841049503121190E-01
  9.5841049503222353E-01
  9.5841049503375086E-01
  9.5841049503467513E-01
  9.5841049503603071E-01
  9.5841049503673181E-01
  9.5841049499366182E-01
  9.5841049428289471E-01
  9.5841049427108460E-01
  9.5841049496817243E-01
  9.5841049496330943E-01
  9.5841049495931818E-01
  9.5841049495558062E-01
  9.5841049495251984E-01
  9.5841049495033581E-01
  9.5841049494762587E-01
  9.5841049494547903E-01
  9.5841049494386432E-01
  9.5841049494172881E-01
  9.5841049494084185E-01
  9.5841049493901254E-01
  9.5841049493817654E-01
  9.5841049493755903E-01
  9.5841049493606423E-01
  9.5841049493537300E-01
  9.5841049493529784E-01
  9.5841049493453634E-01
  9.5841049493408392E-01
  9.5841049493394581E-01
  9.5841049493365948E-01
  9.5841049493315023E-01
  9.5841049493361052E-01
  9.5841049493341079E-01
  9.5841049493378028E-01
  9.5841049493373820E-01
  9.5841049493417707E-01
  9.5841049493451957E-01
  9.5841049493536512E-01
  9.5841049493596919E-01
  9.5841049493668773E-01
  9.5841049493789565E-01
  9.5841049493921415E-01
  9.5841049494052677E-01
  9.5841049494209773E-01
  9.5841049494398067E-01
  9.5841049494610209E-01
  9.5841049494854436E-01
  9.5841049495131592E-01
  9.5841049495485953E-01
  9.5841049495907249E-01
  9.5841049496430997E-01
  9.5841049497081765E-01
  9.5841049497931852E-01
  9.5841049492958497E-01
  9.6093750000000000E-01
  9.6875000000000000E-01
  9.7656250000000000E-01
  9.8437500000000000E-01
  9.9218750000000000E-01
  1.0000000000000000E+00
  0.0000000000000000E+00
  0.0000000000000000E+00
  0.0000000000000000E+00
  0.0000000000000000E+00
  0.0000000000000000E+00
  0.0000000000000000E+00
  0.0000000000000000E+00
  0.0000000000000000E+00
  0.0000000000000000E+00
  0.0000000000000000E+00
  0.0000000000000000E+00
  0.0000000000000000E+00
  0.0000000000000000E+00
  0.0000000000000000E+00
  0.0000000000000000E+00
  0.0000000000000000E+00
  0.0000000000000000E+00
  0.0000000000000000E+00
  0.0000000000000000E+00
  0.0000000000000000E+00
  0.0000000000000000E+00
  0.0000000000000000E+00
  0.0000000000000000E+00
  0.0000000000000000E+00
  0.0000000000000000E+00
  0.0000000000000000E+00
  0.0000000000000000E+00
  0.0000000000000000E+00
  9.5842343166439070E-01
  9.5842343159780219E-01
  9.5842343162128918E-01
  9.5842343158578047E-01
  9.5842343158777954E-01
  9.5842343159228316E-01
  9.5842343159536325E-01
  9.5842343159908105E-01
  9.5842343160257570E-01
  9.5842343160656285E-01
  9.5842343161094623E-01
  9.5842343161493149E-01
  9.5842343161916566E-01
  9.5842343162287069E-01
  9.5842343162730759E-01
  9.5842343163054289E-01
  9.5842343163614063E-01
  9.5842343158448629E-01
  9.5842343158581489E-01
  9.5842343158528176E-01
  9.5842343158606147E-01
  9.5842343158683752E-01
  9.5842343158856258E-01
  9.5842343158811127E-01
  9.5842343158920329E-01
  9.5842343159108989E-01
  9.5842343159083376E-01
  9.5842343159264942E-01
  9.5842343159263055E-01
  9.5842343159436971E-01
  9.5842343159433474E-01
  9.5842343159600318E-01
  9.5842343159659726E-01
  9.5842343159768040E-01
  9.5842343159815901E-01
  9.5842343159862031E-01
  9.5842343160001575E-01
  9.5842343160108867E-01
  9.5842343160132937E-01
  9.5842343160311361E-01
  9.5842343160399379E-01
  9.5842343160489984E-01
  9.5842343160570787E-01
  9.5842343160647181E-01
  9.5842343160839227E-01
  9.5842343160870691E-01
  9.5842343161009158E-01
  9.5842343156713272E-01
  9.5842343085540849E-01
  9.5842343084259329E-01
  9.5842343154135334E-01
  9.5842343153643073E-01
  9.5842343153252019E-01
  9.5842343152868426E-01
  9.5842343152552856E-01
  9.5842343152267684E-01
  9.5842343152057330E-01
  9.5842343151844567E-01
  9.5842343151644183E-01
  9.5842343151483045E-01
  9.5842343151378739E-01
  9.5842343151206555E-01
  9.5842343151086240E-01
  9.5842343151035680E-01
  9.5842343150918519E-01
  9.5842343150845211E-01
  9.5842343150785669E-01
  9.5842343150720888E-01
  9.5842343150660481E-01
  9.5842343150651887E-01
  9.5842343150633880E-01
  9.5842343150612952E-01
  9.5842343150634035E-01
  9.5842343150637632E-01
  9.5842343150631060E-01
  9.5842343150652398E-01
  9.5842343150716525E-01
  9.5842343150768827E-01
  9.5842343150813147E-01
  9.5842343150894593E-01
  9.5842343150968468E-01
  9.5842343151089238E-01
  9.5842343151196896E-01
  9.5842343151344511E-01
  9.5842343151485010E-01
  9.5842343151682841E-01
  9.5842343151887066E-01
  9.5842343152134835E-01
  9.5842343152437626E-01
  9.5842343152772569E-01
  9.5842343153200082E-01
  9.5842343153716991E-01
  9.5842343154375154E-01
  9.5842343155223675E-01
  9.5842343150230946E-01
  9.6093750000000000E-01
  9.6875000000000000E-01
  9.7656250000000000E-01
  9.8437500000000000E-01
  9.9218750000000000E-01
  1.0000000000000000E+00
  0.0000000000000000E+00
  0.0000000000000000E+00
  0.0000000000000000E+00
  0.0000000000000000E+00
  0.0000000000000000E+00
  0.0000000000000000E+00
  0.0000000000000000E+00
  0.0000000000000000E+00
  0.0000000000000000E+00
  0.0000000000000000E+00
  0.0000000000000000E+00
  0.0000000000000000E+00
  0.0000000000000000E+00
  0.0000000000000000E+00
  0.0000000000000000E+00
  0.0000000000000000E+00
  0.0000000000000000E+00
  0.0000000000000000E+00
  0.0000000000000000E+00
  0.0000000000000000E+00
  0.0000000000000000E+00
  0.0000000000000000E+00
  0.0000000000000000E+00
  0.0000000000000000E+00
  0.0000000000000000E+00
  0.0000000000000000E+00
  0.0000000000000000E+00
  0.0000000000000000E+00
  9.5843635345394707E-01
  9.5843635342491706E-01
  9.5843635344883349E-01
  9.5843635341175482E-01
  9.5843635341538336E-01
  9.5843635341932176E-01
  9.5843635342310329E-01
  9.5843635342611444E-01
  9.5843635343067335E-01
  9.5843635343531375E-01
  9.5843635343834932E-01
  9.5843635344284983E-01
  9.5843635344571165E-01
  9.5843635344999778E-01
  9.5843635345518885E-01
  9.5843635345919298E-01
  9.5843635346197453E-01
  9.5843635341229827E-01
  9.5843635341258981E-01
  9.5843635341271960E-01
  9.5843635341328759E-01
  9.5843635341416866E-01
  9.5843635341604572E-01
  9.5843635341630273E-01
  9.5843635341703803E-01
  9.5843635341707356E-01
  9.5843635341886124E-01
  9.5843635341994193E-01
  9.5843635341949096E-01
  9.5843635342132627E-01
  9.5843635342165479E-01
  9.5843635342299105E-01
  9.5843635342332334E-01
  9.5843635342483724E-01
  9.5843635342466982E-01
  9.5843635342628475E-01
  9.5843635342667888E-01
  9.5843635342830757E-01
  9.5843635342848443E-01
  9.5843635343064537E-01
  9.5843635343093558E-01
  9.5843635343188527E-01
  9.5843635343316480E-01
  9.5843635343382749E-01
  9.5843635343475142E-01
  9.5843635343694633E-01
  9.5843635343722577E-01
  9.5843635339423905E-01
  9.5843635268091254E-01
  9.5843635266736726E-01
  9.5843635336851152E-01
  9.5843635336368593E-01
  9.5843635335884347E-01
  9.5843635335543187E-01
  9.5843635335249844E-01
  9.5843635334989108E-01
  9.5843635334750321E-01
  9.5843635334526911E-01
  9.5843635334356114E-01
  9.5843635334225274E-01
  9.5843635334074706E-01
  9.5843635333923505E-01
  9.5843635333814958E-01
  9.5843635333698418E-01
  9.5843635333615007E-01
  9.5843635333538546E-01
  9.5843635333477106E-01
  9.5843635333435584E-01
  9.5843635333346777E-01
  9.5843635333342703E-01
  9.5843635333327915E-01
  9.5843635333293586E-01
  9.5843635333324562E-01
  9.5843635333308530E-01
  9.5843635333332944E-01
  9.5843635333366439E-01
  9.5843635333408617E-01
  9.5843635333437105E-01
  9.5843635333507138E-01
  9.5843635333558685E-01
  9.5843635333674704E-01
  9.5843635333750010E-01
  9.5843635333892585E-01
  9.5843635334015731E-01
  9.5843635334165200E-01
  9.5843635334364941E-01
  9.5843635334572064E-01
  9.5843635334835431E-01
  9.5843635335122479E-01
  9.5843635335462951E-01
  9.5843635335889554E-01
  9.5843635336427357E-01
  9.5843635337070077E-01
  9.5843635337927413E-01
  9.5843635332898347E-01
  9.6093750000000000E-01
  9.6875000000000000E-01
  9.7656250000000000E-01
  9.8437500000000000E-01
  9.9218750000000000E-01
  1.0000000000000000E+00
  0.0000000000000000E+00
  0.0000000000000000E+00
  0.0000000000000000E+00
  0.0000000000000000E+00
  0.0000000000000000E+00
  0.0000000000000000E+00
  0.0000000000000000E+00
  0.0000000000000000E+00
  0.0000000000000000E+00
  0.0000000000000000E+00
  0.0000000000000000E+00
  0.0000000000000000E+00
  0.0000000000000000E+00
  0.0000000000000000E+00
  0.0000000000000000E+00
  0.0000000000000000E+00
  0.0000000000000000E+00
  0.0000000000000000E+00
  0.0000000000000000E+00
  0.0000000000000000E+00
  0.0000000000000000E+00
  0.0000000000000000E+00
  0.0000000000000000E+00
  0.0000000000000000E+00
  0.0000000000000000E+00
  0.0000000000000000E+00
  0.0000000000000000E+00
  0.0000000000000000E+00
  9.5844926086194315E-01
  9.5844926052744239E-01
  9.5844926055140878E-01
  9.5844926051420221E-01
  9.5844926051727874E-01
  9.5844926052110357E-01
  9.5844926052559043E-01
  9.5844926052889079E-01
  9.5844926053240098E-01
  9.5844926053700008E-01
  9.5844926054092883E-01
  9.5844926054418889E-01
  9.5844926054779911E-01
  9.5844926055300272E-01
  9.5844926055730606E-01
  9.5844926056035518E-01
  9.5844926056431157E-01
  9.5844926051344870E-01
  9.5844926051439072E-01
  9.5844926051532831E-01
  9.5844926051612911E-01
  9.5844926051613544E-01
  9.5844926051747581E-01
  9.5844926051752688E-01
  9.5844926051861190E-01
  9.5844926051928103E-01
  9.5844926052068780E-01
  9.5844926052144730E-01
  9.5844926052143309E-01
  9.5844926052229995E-01
  9.5844926052384571E-01
  9.5844926052522628E-01
  9.5844926052608970E-01
  9.5844926052589063E-01
  9.5844926052699542E-01
  9.5844926052768820E-01
  9.5844926052913482E-01
  9.5844926053077861E-01
  9.5844926053122648E-01
  9.5844926053182600E-01
  9.5844926053364943E-01
  9.5844926053376545E-01
  9.5844926053502544E-01
  9.5844926053592006E-01
  9.5844926053749457E-01
  9.5844926053881441E-01
  9.5844926053961244E-01
  9.5844926049671453E-01
  9.5844925978137319E-01
  9.5844925976809769E-01
  9.5844926047023682E-01
  9.5844926046538703E-01
  9.5844926046067802E-01
  9.5844926045734813E-01
  9.5844926045446044E-01
  9.5844926045174650E-01
  9.5844926044905809E-01
  9.5844926044764811E-01
  9.5844926044507284E-01
  9.5844926044379342E-01
  9.5844926044249779E-01
  9.5844926044084278E-01
  9.5844926043952217E-01
  9.5844926043877166E-01
  9.5844926043791046E-01
  9.5844926043713707E-01
  9.5844926043646028E-01
  9.5844926043616607E-01
  9.5844926043555723E-01
  9.5844926043507661E-01
  9.5844926043502443E-01
  9.5844926043485357E-01
  9.5844926043484235E-01
  9.5844926043483836E-01
  9.5844926043497403E-01
  9.5844926043547618E-01
  9.5844926043591272E-01
  9.5844926043629008E-01
  9.5844926043683920E-01
  9.5844926043737877E-01
  9.5844926043846779E-01
  9.5844926043950240E-01
  9.5844926044045653E-01
  9.5844926044208412E-01
  9.5844926044345613E-01
  9.5844926044540679E-01
  9.5844926044762047E-01
  9.5844926044995082E-01
  9.5844926045295908E-01
  9.5844926045654955E-01
  9.5844926046073120E-01
  9.5844926046608625E-01
  9.5844926047264223E-01
  9.5844926048118595E-01
  9.5844926049259060E-01
  9.6093750000000000E-01
  9.6875000000000000E-01
  9.7656250000000000E-01
  9.8437500000000000E-01
  9.9218750000000000E-01
  1.0000000000000000E+00
  0.0000000000000000E+00
  0.0000000000000000E+00
  0.0000000000000000E+00
  0.0000000000000000E+00
  0.0000000000000000E+00
  0.0000000000000000E+00
  0.0000000000000000E+00
  0.0000000000000000E+00
  0.0000000000000000E+00
  0.0000000000000000E+00
  0.0000000000000000E+00
  0.0000000000000000E+00
  0.0000000000000000E+00
  0.0000000000000000E+00
  0.0000000000000000E+00
  0.0000000000000000E+00
  0.0000000000000000E+00
  0.0000000000000000E+00
  0.0000000000000000E+00
  0.0000000000000000E+00
  0.0000000000000000E+00
  0.0000000000000000E+00
  0.0000000000000000E+00
  0.0000000000000000E+00
  0.0000000000000000E+00
  0.0000000000000000E+00
  0.0000000000000000E+00
  0.0000000000000000E+00
  0.0000000000000000E+00
  9.5846215292453008E-01
  9.5846215294850012E-01
  9.5846215291154679E-01
  9.5846215291520032E-01
  9.5846215291915338E-01
  9.5846215292357617E-01
  9.5846215292623149E-01
  9.5846215293010428E-01
  9.5846215293488535E-01
  9.5846215293774706E-01
  9.5846215294214565E-01
  9.5846215294670256E-01
  9.5846215295083470E-01
  9.5846215295432335E-01
  9.5846215295872361E-01
  9.5846215296229942E-01
  9.5846215291097658E-01
  9.5846215291140124E-01
  9.5846215291244774E-01
  9.5846215291425940E-01
  9.5846215291399750E-01
  9.5846215291565784E-01
  9.5846215291618697E-01
  9.5846215291670267E-01
  9.5846215291711911E-01
  9.5846215291857295E-01
  9.5846215291863668E-01
  9.5846215291948311E-01
  9.5846215292046466E-01
  9.5846215292075387E-01
  9.5846215292163484E-01
  9.5846215292365933E-01
  9.5846215292371661E-01
  9.5846215292533221E-01
  9.5846215292588177E-01
  9.5846215292744941E-01
  9.5846215292840375E-01
  9.5846215292881798E-01
  9.5846215292964210E-01
  9.5846215293091452E-01
  9.5846215293231118E-01
  9.5846215293270343E-01
  9.5846215293434978E-01
  9.5846215293512838E-01
  9.5846215293592585E-01
  9.5846215293791459E-01
  9.5846215289437564E-01
  9.5846215217797059E-01
  9.5846215216422836E-01
  9.5846215286814673E-01
  9.5846215286316905E-01
  9.5846215285871406E-01
  9.5846215285506142E-01
  9.5846215285156489E-01
  9.5846215284898351E-01
  9.5846215284697345E-01
  9.5846215284434511E-01
  9.5846215284258818E-01
  9.5846215284114611E-01
  9.5846215283978975E-01
  9.5846215283812120E-01
  9.5846215283681291E-01
  9.5846215283600245E-01
  9.5846215283521630E-01
  9.5846215283447078E-01
  9.5846215283420111E-01
  9.5846215283330383E-01
  9.5846215283287828E-01
  9.5846215283246650E-01
  9.5846215283204106E-01
  9.5846215283247749E-01
  9.5846215283220870E-01
  9.5846215283220493E-01
  9.5846215283218561E-01
  9.5846215283280900E-01
  9.5846215283326164E-01
  9.5846215283373060E-01
  9.5846215283407710E-01
  9.5846215283497704E-01
  9.5846215283589309E-01
  9.5846215283677971E-01
  9.5846215283796354E-01
  9.5846215283923097E-01
  9.5846215284077829E-01
  9.5846215284262937E-01
  9.5846215284491820E-01
  9.5846215284743230E-01
  9.5846215285034897E-01
  9.5846215285389802E-01
  9.5846215285813641E-01
  9.5846215286341063E-01
  9.5846215287006431E-01
  9.5846215287870662E-01
  9.5846215289024383E-01
  9.6093750000000000E-01
  9.6875000000000000E-01
  9.7656250000000000E-01
  9.8437500000000000E-01
  9.9218750000000000E-01
  1.0000000000000000E+00
  0.0000000000000000E+00
  0.0000000000000000E+00
  0.0000000000000000E+00
  0.0000000000000000E+00
  0.0000000000000000E+00
  0.0000000000000000E+00
  0.0000000000000000E+00
  0.0000000000000000E+00
  0.0000000000000000E+00
  0.0000000000000000E+00
  0.0000000000000000E+00
  0.0000000000000000E+00
  0.0000000000000000E+00
  0.0000000000000000E+00
  0.0000000000000000E+00
  0.0000000000000000E+00
  0.0000000000000000E+00
  0.0000000000000000E+00
  0.0000000000000000E+00
  0.0000000000000000E+00
  0.0000000000000000E+00
  0.0000000000000000E+00
  0.0000000000000000E+00
  0.0000000000000000E+00
  0.0000000000000000E+00
  0.0000000000000000E+00
  0.0000000000000000E+00
  0.0000000000000000E+00
  0.0000000000000000E+00
  9.5847503063864004E-01
  9.5847503066205397E-01
  9.5847503062547046E-01
  9.5847503062848449E-01
  9.5847503063185835E-01
  9.5847503063734663E-01
  9.5847503064103090E-01
  9.5847503064341533E-01
  9.5847503064736328E-01
  9.5847503065182327E-01
  9.5847503065530337E-01
  9.5847503065919193E-01
  9.5847503066474549E-01
  9.5847503066751116E-01
  9.5847503067239059E-01
  9.5847503067693929E-01
  9.5847503062606088E-01
  9.5847503062585759E-01
  9.5847503062662776E-01
  9.5847503062691353E-01
  9.5847503062816586E-01
  9.5847503062842032E-01
  9.5847503063045869E-01
  9.5847503063088813E-01
  9.5847503063201078E-01
  9.5847503063137862E-01
  9.5847503063272443E-01
  9.5847503063385286E-01
  9.5847503063393946E-01
  9.5847503063551021E-01
  9.5847503063628581E-01
  9.5847503063732409E-01
  9.5847503063825701E-01
  9.5847503063853479E-01
  9.5847503063956330E-01
  9.5847503064057415E-01
  9.5847503064163730E-01
  9.5847503064241857E-01
  9.5847503064404116E-01
  9.5847503064550432E-01
  9.5847503064614326E-01
  9.5847503064641237E-01
  9.5847503064853967E-01
  9.5847503064889406E-01
  9.5847503065083073E-01
  9.5847503065116035E-01
  9.5847503060932537E-01
  9.5847502988995148E-01
  9.5847502987625710E-01
  9.5847503058158257E-01
  9.5847503057656314E-01
  9.5847503057244832E-01
  9.5847503056919892E-01
  9.5847503056595729E-01
  9.5847503056318328E-01
  9.5847503056080507E-01
  9.5847503055875283E-01
  9.5847503055688577E-01
  9.5847503055503314E-01
  9.5847503055336691E-01
  9.5847503055228933E-01
  9.5847503055065952E-01
  9.5847503054991501E-01
  9.5847503054925764E-01
  9.5847503054826222E-01
  9.5847503054762662E-01
  9.5847503054691985E-01
  9.5847503054634298E-01
  9.5847503054645822E-01
  9.5847503054605243E-01
  9.5847503054586325E-01
  9.5847503054608263E-01
  9.5847503054579886E-01
  9.5847503054599681E-01
  9.5847503054629946E-01
  9.5847503054673300E-01
  9.5847503054725924E-01
  9.5847503054771177E-01
  9.5847503054859085E-01
  9.5847503054934613E-01
  9.5847503055037986E-01
  9.5847503055146499E-01
  9.5847503055299232E-01
  9.5847503055469374E-01
  9.5847503055658623E-01
  9.5847503055874173E-01
  9.5847503056103989E-01
  9.5847503056416439E-01
  9.5847503056763306E-01
  9.5847503057205341E-01
  9.5847503057723493E-01
  9.5847503058395356E-01
  9.5847503059250627E-01
  9.5847503060399086E-01
  9.6093750000000000E-01
  9.6875000000000000E-01
  9.7656250000000000E-01
  9.8437500000000000E-01
  9.9218750000000000E-01
  1.0000000000000000E+00
  0.0000000000000000E+00
  0.0000000000000000E+00
  0.0000000000000000E+00
  0.0000000000000000E+00
  0.0000000000000000E+00
  0.0000000000000000E+00
  0.0000000000000000E+00
  0.0000000000000000E+00
  0.0000000000000000E+00
  0.0000000000000000E+00
  0.0000000000000000E+00
  0.0000000000000000E+00
  0.0000000000000000E+00
  0.0000000000000000E+00
  0.0000000000000000E+00
  0.0000000000000000E+00
  0.0000000000000000E+00
  0.0000000000000000E+00
  0.0000000000000000E+00
  0.0000000000000000E+00
  0.0000000000000000E+00
  0.0000000000000000E+00
  0.0000000000000000E+00
  0.0000000000000000E+00
  0.0000000000000000E+00
  0.0000000000000000E+00
  0.0000000000000000E+00
  0.0000000000000000E+00
  0.0000000000000000E+00
  9.5848789368831988E-01
  9.5848789371259013E-01
  9.5848789367652176E-01
  9.5848789368052023E-01
  9.5848789368462561E-01
  9.5848789368819098E-01
  9.5848789369184195E-01
  9.5848789369612175E-01
  9.5848789369985754E-01
  9.5848789370377940E-01
  9.5848789370677934E-01
  9.5848789371112109E-01
  9.5848789371529863E-01
  9.5848789371974996E-01
  9.5848789372357046E-01
  9.5848789372732657E-01
  9.5848789367573040E-01
  9.5848789367758869E-01
  9.5848789367729115E-01
  9.5848789367872733E-01
  9.5848789367901077E-01
  9.5848789368016396E-01
  9.5848789368120146E-01
  9.5848789368096587E-01
  9.5848789368199572E-01
  9.5848789368309928E-01
  9.5848789368340026E-01
  9.5848789368404053E-01
  9.5848789368560983E-01
  9.5848789368605147E-01
  9.5848789368762499E-01
  9.5848789368855014E-01
  9.5848789368964182E-01
  9.5848789369054976E-01
  9.5848789369134357E-01
  9.5848789369130338E-01
  9.5848789369287801E-01
  9.5848789369354914E-01
  9.5848789369427945E-01
  9.5848789369634768E-01
  9.5848789369717491E-01
  9.5848789369788678E-01
  9.5848789369854748E-01
  9.5848789370018761E-01
  9.5848789370187570E-01
  9.5848789370221499E-01
  9.5848789366080334E-01
  9.5848789293919645E-01
  9.5848789292558423E-01
  9.5848789363304354E-01
  9.5848789362754161E-01
  9.5848789362356268E-01
  9.5848789361934261E-01
  9.5848789361675224E-01
  9.5848789361399267E-01
  9.5848789361128284E-01
  9.5848789360885067E-01
  9.5848789360756192E-01
  9.5848789360562803E-01
  9.5848789360395292E-01
  9.5848789360282971E-01
  9.5848789360188846E-01
  9.5848789360094955E-01
  9.5848789359959485E-01
  9.5848789359886566E-01
  9.5848789359792330E-01
  9.5848789359752529E-01
  9.5848789359727649E-01
  9.5848789359662800E-01
  9.5848789359671582E-01
  9.5848789359672393E-01
  9.5848789359663755E-01
  9.5848789359651998E-01
  9.5848789359696118E-01
  9.5848789359687281E-01
  9.5848789359731779E-01
  9.5848789359782327E-01
  9.5848789359845310E-01
  9.5848789359923914E-01
  9.5848789360018660E-01
  9.5848789360104791E-01
  9.5848789360225328E-01
  9.5848789360374420E-01
  9.5848789360516140E-01
  9.5848789360707254E-01
  9.5848789360923425E-01
  9.5848789361184750E-01
  9.5848789361481357E-01
  9.5848789361833908E-01
  9.5848789362275522E-01
  9.5848789362798792E-01
  9.5848789363466869E-01
  9.5848789364321429E-01
  9.5848789365491216E-01
  9.6093750000000000E-01
  9.6875000000000000E-01
  9.7656250000000000E-01
  9.8437500000000000E-01
  9.9218750000000000E-01
  1.0000000000000000E+00
  0.0000000000000000E+00
  0.0000000000000000E+00
  0.0000000000000000E+00
  0.0000000000000000E+00
  0.0000000000000000E+00
  0.0000000000000000E+00
  0.0000000000000000E+00
  0.0000000000000000E+00
  0.0000000000000000E+00
  0.0000000000000000E+00
  0.0000000000000000E+00
  0.0000000000000000E+00
  0.0000000000000000E+00
  0.0000000000000000E+00
  0.0000000000000000E+00
  0.0000000000000000E+00
  0.0000000000000000E+00
  0.0000000000000000E+00
  0.0000000000000000E+00
  0.0000000000000000E+00
  0.0000000000000000E+00
  0.0000000000000000E+00
  0.0000000000000000E+00
  0.0000000000000000E+00
  0.0000000000000000E+00
  0.0000000000000000E+00
  0.0000000000000000E+00
  0.0000000000000000E+00
  0.0000000000000000E+00
  9.5850074209761205E-01
  9.5850074212108372E-01
  9.5850074208494918E-01
  9.5850074208948333E-01
  9.5850074209221869E-01
  9.5850074209653202E-01
  9.5850074210050751E-01
  9.5850074210378622E-01
  9.5850074210845349E-01
  9.5850074211239233E-01
  9.5850074211509273E-01
  9.5850074212039293E-01
  9.5850074212335368E-01
  9.5850074212800107E-01
  9.5850074213222325E-01
  9.5850074213626768E-01
  9.5850074208462321E-01
  9.5850074208608549E-01
  9.5850074208573521E-01
  9.5850074208744285E-01
  9.5850074208829950E-01
  9.5850074208892622E-01
  9.5850074208976666E-01
  9.5850074208989466E-01
  9.5850074209132563E-01
  9.5850074209181679E-01
  9.5850074209205993E-01
  9.5850074209292724E-01
  9.5850074209378167E-01
  9.5850074209545222E-01
  9.5850074209569813E-01
  9.5850074209698410E-01
  9.5850074209776637E-01
  9.5850074209885039E-01
  9.5850074209987979E-01
  9.5850074210092651E-01
  9.5850074210127245E-01
  9.5850074210246428E-01
  9.5850074210414238E-01
  9.5850074210514524E-01
  9.5850074210537606E-01
  9.5850074210612124E-01
  9.5850074210723823E-01
  9.5850074210860770E-01
  9.5850074211045011E-01
  9.5850074211152425E-01
  9.5850074206922542E-01
  9.5850074134723040E-01
  9.5850074133281193E-01
  9.5850074204076463E-01
  9.5850074203612157E-01
  9.5850074203151836E-01
  9.5850074202811009E-01
  9.5850074202455549E-01
  9.5850074202189683E-01
  9.5850074202009516E-01
  9.5850074201716473E-01
  9.5850074201549840E-01
  9.5850074201422164E-01
  9.5850074201225266E-01
  9.5850074201086011E-01
  9.5850074201024926E-01
  9.5850074200883228E-01
  9.5850074200834157E-01
  9.5850074200750701E-01
  9.5850074200682955E-01
  9.5850074200598956E-01
  9.5850074200558522E-01
  9.5850074200514468E-01
  9.5850074200493662E-01
  9.5850074200478008E-01
  9.5850074200480362E-01
  9.5850074200479329E-01
  9.5850074200507429E-01
  9.5850074200549462E-01
  9.5850074200558666E-01
  9.5850074200611346E-01
  9.5850074200685886E-01
  9.5850074200758695E-01
  9.5850074200833191E-01
  9.5850074200930113E-01
  9.5850074201069657E-01
  9.5850074201209579E-01
  9.5850074201362523E-01
  9.5850074201551683E-01
  9.5850074201768654E-01
  9.5850074202024049E-01
  9.5850074202319480E-01
  9.5850074202679392E-01
  9.5850074203118107E-01
  9.5850074203646574E-01
  9.5850074204310520E-01
  9.5850074205173674E-01
  9.5850074206340974E-01
  9.6093750000000000E-01
  9.6875000000000000E-01
  9.7656250000000000E-01
  9.8437500000000000E-01
  9.9218750000000000E-01
  1.0000000000000000E+00
  0.0000000000000000E+00
  0.0000000000000000E+00
  0.0000000000000000E+00
  0.0000000000000000E+00
  0.0000000000000000E+00
  0.0000000000000000E+00
  0.0000000000000000E+00
  0.0000000000000000E+00
  0.0000000000000000E+00
  0.0000000000000000E+00
  0.0000000000000000E+00
  0.0000000000000000E+00
  0.0000000000000000E+00
  0.0000000000000000E+00
  0.0000000000000000E+00
  0.0000000000000000E+00
  0.0000000000000000E+00
  0.0000000000000000E+00
  0.0000000000000000E+00
  0.0000000000000000E+00
  0.0000000000000000E+00
  0.0000000000000000E+00
  0.0000000000000000E+00
  0.0000000000000000E+00
  0.0000000000000000E+00
  0.0000000000000000E+00
  0.0000000000000000E+00
  0.0000000000000000E+00
  0.0000000000000000E+00
  9.5851357588406561E-01
  9.5851357590773689E-01
  9.5851357587168295E-01
  9.5851357587566521E-01
  9.5851357587975772E-01
  9.5851357588274599E-01
  9.5851357588745367E-01
  9.5851357589030839E-01
  9.5851357589422825E-01
  9.5851357589821584E-01
  9.5851357590241815E-01
  9.5851357590695219E-01
  9.5851357591023545E-01
  9.5851357591540542E-01
  9.5851357591826625E-01
  9.5851357592310227E-01
  9.5851357587243513E-01
  9.5851357587230623E-01
  9.5851357587294339E-01
  9.5851357587419461E-01
  9.5851357587493402E-01
  9.5851357587575658E-01
  9.5851357587560326E-01
  9.5851357587666430E-01
  9.5851357587822750E-01
  9.5851357587889718E-01
  9.5851357587932717E-01
  9.5851357588066266E-01
  9.5851357588129527E-01
  9.5851357588183606E-01
  9.5851357588310304E-01
  9.5851357588311104E-01
  9.5851357588407138E-01
  9.5851357588601160E-01
  9.5851357588702957E-01
  9.5851357588683894E-01
  9.5851357588810715E-01
  9.5851357588920139E-01
  9.5851357589018993E-01
  9.5851357589096664E-01
  9.5851357589243058E-01
  9.5851357589380504E-01
  9.5851357589462682E-01
  9.5851357589533603E-01
  9.5851357589678687E-01
  9.5851357589806618E-01
  9.5851357585605512E-01
  9.5851357513204538E-01
  9.5851357511822322E-01
  9.5851357582842112E-01
  9.5851357582283148E-01
  9.5851357581869900E-01
  9.5851357581490670E-01
  9.5851357581181795E-01
  9.5851357580863406E-01
  9.5851357580668306E-01
  9.5851357580440999E-01
  9.5851357580217589E-01
  9.5851357580055163E-01
  9.5851357579896745E-01
  9.5851357579755891E-01
  9.5851357579673069E-01
  9.5851357579533070E-01
  9.5851357579445839E-01
  9.5851357579368668E-01
  9.5851357579331153E-01
  9.5851357579255636E-01
  9.5851357579225771E-01
  9.5851357579204388E-01
  9.5851357579155205E-01
  9.5851357579135188E-01
  9.5851357579108531E-01
  9.5851357579124641E-01
  9.5851357579142749E-01
  9.5851357579196106E-01
  9.5851357579205787E-01
  9.5851357579265983E-01
  9.5851357579313301E-01
  9.5851357579419283E-01
  9.5851357579478536E-01
  9.5851357579590413E-01
  9.5851357579711449E-01
  9.5851357579840057E-01
  9.5851357580002250E-01
  9.5851357580193397E-01
  9.5851357580411167E-01
  9.5851357580676788E-01
  9.5851357580990548E-01
  9.5851357581337093E-01
  9.5851357581775898E-01
  9.5851357582309060E-01
  9.5851357582980234E-01
  9.5851357583844676E-01
  9.5851357585004404E-01
  9.6093750000000000E-01
  9.6875000000000000E-01
  9.7656250000000000E-01
  9.8437500000000000E-01
  9.9218750000000000E-01
  1.0000000000000000E+00
  0.0000000000000000E+00
  0.0000000000000000E+00
  0.0000000000000000E+00
  0.0000000000000000E+00
  0.0000000000000000E+00
  0.0000000000000000E+00
  0.0000000000000000E+00
  0.0000000000000000E+00
  0.0000000000000000E+00
  0.0000000000000000E+00
  0.0000000000000000E+00
  0.0000000000000000E+00
  0.0000000000000000E+00
  0.0000000000000000E+00
  0.0000000000000000E+00
  0.0000000000000000E+00
  0.0000000000000000E+00
  0.0000000000000000E+00
  0.0000000000000000E+00
  0.0000000000000000E+00
  0.0000000000000000E+00
  0.0000000000000000E+00
  0.0000000000000000E+00
  0.0000000000000000E+00
  0.0000000000000000E+00
  0.0000000000000000E+00
  0.0000000000000000E+00
  0.0000000000000000E+00
  0.0000000000000000E+00
  9.5852639506919390E-01
  9.5852639509294058E-01
  9.5852639505776105E-01
  9.5852639506058357E-01
  9.5852639506546633E-01
  9.5852639506759330E-01
  9.5852639507209259E-01
  9.5852639507612569E-01
  9.5852639507970028E-01
  9.5852639508448756E-01
  9.5852639508825310E-01
  9.5852639509241500E-01
  9.5852639509656978E-01
  9.5852639510049953E-01
  9.5852639510446824E-01
  9.5852639510870630E-01
  9.5852639505764448E-01
  9.5852639505747983E-01
  9.5852639505811654E-01
  9.5852639505969439E-01
  9.5852639505977910E-01
  9.5852639506029014E-01
  9.5852639506162796E-01
  9.5852639506309301E-01
  9.5852639506378379E-01
  9.5852639506415160E-01
  9.5852639506533299E-01
  9.5852639506620119E-01
  9.5852639506651582E-01
  9.5852639506702930E-01
  9.5852639506843229E-01
  9.5852639506907023E-01
  9.5852639506997517E-01
  9.5852639507058945E-01
  9.5852639507231130E-01
  9.5852639507326542E-01
  9.5852639507356330E-01
  9.5852639507541637E-01
  9.5852639507617421E-01
  9.5852639507734883E-01
  9.5852639507844795E-01
  9.5852639507872184E-01
  9.5852639508024251E-01
  9.5852639508188353E-01
  9.5852639508274007E-01
  9.5852639508369208E-01
  9.5852639504220605E-01
  9.5852639431610198E-01
  9.5852639430223041E-01
  9.5852639501332104E-01
  9.5852639500787074E-01
  9.5852639500379833E-01
  9.5852639500028636E-01
  9.5852639499725378E-01
  9.5852639499380643E-01
  9.5852639499193104E-01
  9.5852639498913295E-01
  9.5852639498735370E-01
  9.5852639498615766E-01
  9.5852639498443382E-01
  9.5852639498315018E-01
  9.5852639498178405E-01
  9.5852639498078440E-01
  9.5852639497970882E-01
  9.5852639497910785E-01
  9.5852639497838077E-01
  9.5852639497781478E-01
  9.5852639497717018E-01
  9.5852639497722436E-01
  9.5852639497707892E-01
  9.5852639497639491E-01
  9.5852639497679848E-01
  9.5852639497679815E-01
  9.5852639497689618E-01
  9.5852639497716219E-01
  9.5852639497733361E-01
  9.5852639497797787E-01
  9.5852639497863634E-01
  9.5852639497927261E-01
  9.5852639498010772E-01
  9.5852639498139458E-01
  9.5852639498243219E-01
  9.5852639498384518E-01
  9.5852639498540604E-01
  9.5852639498732728E-01
  9.5852639498952608E-01
  9.5852639499213421E-01
  9.5852639499511227E-01
  9.5852639499883030E-01
  9.5852639500305947E-01
  9.5852639500847947E-01
  9.5852639501510517E-01
  9.5852639502388903E-01
  9.5852639503554071E-01
  9.6093750000000000E-01
  9.6875000000000000E-01
  9.7656250000000000E-01
  9.8437500000000000E-01
  9.9218750000000000E-01
  1.0000000000000000E+00
  0.0000000000000000E+00
  0.0000000000000000E+00
  0.0000000000000000E+00
  0.0000000000000000E+00
  0.0000000000000000E+00
  0.0000000000000000E+00
  0.0000000000000000E+00
  0.0000000000000000E+00
  0.0000000000000000E+00
  0.0000000000000000E+00
  0.0000000000000000E+00
  0.0000000000000000E+00
  0.0000000000000000E+00
  0.0000000000000000E+00
  0.0000000000000000E+00
  0.0000000000000000E+00
  0.0000000000000000E+00
  0.0000000000000000E+00
  0.0000000000000000E+00
  0.0000000000000000E+00
  0.0000000000000000E+00
  0.0000000000000000E+00
  0.0000000000000000E+00
  0.0000000000000000E+00
  0.0000000000000000E+00
  0.0000000000000000E+00
  0.0000000000000000E+00
  0.0000000000000000E+00
  0.0000000000000000E+00
  9.5853919967263301E-01
  9.5853919969777146E-01
  9.5853919966182677E-01
  9.5853919966617429E-01
  9.5853919966980661E-01
  9.5853919967379797E-01
  9.5853919967695855E-01
  9.5853919968087986E-01
  9.5853919968495083E-01
  9.5853919968951817E-01
  9.5853919969241397E-01
  9.5853919969751844E-01
  9.5853919970094403E-01
  9.5853919970619594E-01
  9.5853919970972978E-01
  9.5853919971392509E-01
  9.5853919966203172E-01
  9.5853919966250112E-01
  9.5853919966407886E-01
  9.5853919966371948E-01
  9.5853919966563095E-01
  9.5853919966655199E-01
  9.5853919966723489E-01
  9.5853919966678769E-01
  9.5853919966749379E-01
  9.5853919966865286E-01
  9.5853919966914669E-01
  9.5853919967010681E-01
  9.5853919967212853E-01
  9.5853919967172463E-01
  9.5853919967284951E-01
  9.5853919967369927E-01
  9.5853919967509105E-01
  9.5853919967552603E-01
  9.5853919967733658E-01
  9.5853919967756274E-01
  9.5853919967887447E-01
  9.5853919967966550E-01
  9.5853919968107482E-01
  9.5853919968211265E-01
  9.5853919968250312E-01
  9.5853919968470225E-01
  9.5853919968521506E-01
  9.5853919968629930E-01
  9.5853919968712309E-01
  9.5853919968863521E-01
  9.5853919964820566E-01
  9.5853919891950135E-01
  9.5853919890490580E-01
  9.5853919889521166E-01
  9.5853919961344780E-01
  9.5853919960916267E-01
  9.5853919960493084E-01
  9.5853919960140765E-01
  9.5853919959897593E-01
  9.5853919959629563E-01
  9.5853919959416534E-01
  9.5853919959268485E-01
  9.5853919959032885E-01
  9.5853919958871425E-01
  9.5853919958752687E-01
  9.5853919958636191E-01
  9.5853919958538480E-01
  9.5853919958437284E-01
  9.5853919958368561E-01
  9.5853919958267120E-01
  9.5853919958241263E-01
  9.5853919958202349E-01
  9.5853919958165401E-01
  9.5853919958142830E-01
  9.5853919958125644E-01
  9.5853919958118383E-01
  9.5853919958106615E-01
  9.5853919958153244E-01
  9.5853919958161915E-01
  9.5853919958190481E-01
  9.5853919958233058E-01
  9.5853919958320877E-01
  9.5853919958388223E-01
  9.5853919958494549E-01
  9.5853919958571165E-01
  9.5853919958698475E-01
  9.5853919958855294E-01
  9.5853919959007905E-01
  9.5853919959203915E-01
  9.5853919959428446E-01
  9.5853919959670852E-01
  9.5853919959973233E-01
  9.5853919960340528E-01
  9.5853919960766920E-01
  9.5853919961303680E-01
  9.5853919961979572E-01
  9.5853919962859979E-01
  9.5853919964036782E-01
  9.6093750000000000E-01
  9.6875000000000000E-01
  9.7656250000000000E-01
  9.8437500000000000E-01
  9.9218750000000000E-01
  1.0000000000000000E+00
  0.0000000000000000E+00
  0.0000000000000000E+00
  0.0000000000000000E+00
  0.0000000000000000E+00
  0.0000000000000000E+00
  0.0000000000000000E+00
  0.0000000000000000E+00
  0.0000000000000000E+00
  0.0000000000000000E+00
  0.0000000000000000E+00
  0.0000000000000000E+00
  0.0000000000000000E+00
  0.0000000000000000E+00
  0.0000000000000000E+00
  0.0000000000000000E+00
  0.0000000000000000E+00
  0.0000000000000000E+00
  0.0000000000000000E+00
  0.0000000000000000E+00
  0.0000000000000000E+00
  0.0000000000000000E+00
  0.0000000000000000E+00
  0.0000000000000000E+00
  0.0000000000000000E+00
  0.0000000000000000E+00
  0.0000000000000000E+00
  0.0000000000000000E+00
  0.0000000000000000E+00
  0.0000000000000000E+00
  9.5855198971840361E-01
  9.5855198974229938E-01
  9.5855198970617106E-01
  9.5855198971023570E-01
  9.5855198971320432E-01
  9.5855198971739974E-01
  9.5855198972253619E-01
  9.5855198972531319E-01
  9.5855198972889355E-01
  9.5855198973411493E-01
  9.5855198973856282E-01
  9.5855198974123745E-01
  9.5855198974625744E-01
  9.5855198974949274E-01
  9.5855198975515221E-01
  9.5855198975863987E-01
  9.5855198970660371E-01
  9.5855198970795585E-01
  9.5855198970821542E-01
  9.5855198970863398E-01
  9.5855198970992439E-01
  9.5855198971082733E-01
  9.5855198971179878E-01
  9.5855198971218014E-01
  9.5855198971242817E-01
  9.5855198971344280E-01
  9.5855198971432587E-01
  9.5855198971594680E-01
  9.5855198971622257E-01
  9.5855198971748057E-01
  9.5855198971769384E-01
  9.5855198971815747E-01
  9.5855198971985955E-01
  9.5855198972066336E-01
  9.5855198972199651E-01
  9.5855198972241851E-01
  9.5855198972418598E-01
  9.5855198972481304E-01
  9.5855198972528233E-01
  9.5855198972688171E-01
  9.5855198972825273E-01
  9.5855198972848654E-01
  9.5855198972984235E-01
  9.5855198973137667E-01
  9.5855198973280464E-01
  9.5855198973309130E-01
  9.5855198969227007E-01
  9.5855198896306637E-01
  9.5855198894784566E-01
  9.5855198893749827E-01
  9.5855198965742650E-01
  9.5855198965330957E-01
  9.5855198964920951E-01
  9.5855198964619270E-01
  9.5855198964357480E-01
  9.5855198964084853E-01
  9.5855198963885591E-01
  9.5855198963673161E-01
  9.5855198963519528E-01
  9.5855198963319688E-01
  9.5855198963220745E-01
  9.5855198963107990E-01
  9.5855198962950516E-01
  9.5855198962864607E-01
  9.5855198962808619E-01
  9.5855198962704358E-01
  9.5855198962679289E-01
  9.5855198962636012E-01
  9.5855198962617927E-01
  9.5855198962562194E-01
  9.5855198962554911E-01
  9.5855198962547816E-01
  9.5855198962535193E-01
  9.5855198962593824E-01
  9.5855198962584853E-01
  9.5855198962639565E-01
  9.5855198962699584E-01
  9.5855198962740384E-01
  9.5855198962811927E-01
  9.5855198962916233E-01
  9.5855198963016919E-01
  9.5855198963138666E-01
  9.5855198963277877E-01
  9.5855198963431409E-01
  9.5855198963639632E-01
  9.5855198963840305E-01
  9.5855198964120680E-01
  9.5855198964413957E-01
  9.5855198964779709E-01
  9.5855198965216470E-01
  9.5855198965752464E-01
  9.5855198966430522E-01
  9.5855198967302080E-01
  9.5855198968481414E-01
  9.6093750000000000E-01
  9.6875000000000000E-01
  9.7656250000000000E-01
  9.8437500000000000E-01
  9.9218750000000000E-01
  1.0000000000000000E+00
  0.0000000000000000E+00
  0.0000000000000000E+00
  0.0000000000000000E+00
  0.0000000000000000E+00
  0.0000000000000000E+00
  0.0000000000000000E+00
  0.0000000000000000E+00
  0.0000000000000000E+00
  0.0000000000000000E+00
  0.0000000000000000E+00
  0.0000000000000000E+00
  0.0000000000000000E+00
  0.0000000000000000E+00
  0.0000000000000000E+00
  0.0000000000000000E+00
  0.0000000000000000E+00
  0.0000000000000000E+00
  0.0000000000000000E+00
  0.0000000000000000E+00
  0.0000000000000000E+00
  0.0000000000000000E+00
  0.0000000000000000E+00
  0.0000000000000000E+00
  0.0000000000000000E+00
  0.0000000000000000E+00
  0.0000000000000000E+00
  0.0000000000000000E+00
  0.0000000000000000E+00
  0.0000000000000000E+00
  9.5856476522270073E-01
  9.5856476524679701E-01
  9.5856476521130118E-01
  9.5856476521568201E-01
  9.5856476521854561E-01
  9.5856476522246892E-01
  9.5856476522697553E-01
  9.5856476522975709E-01
  9.5856476523357514E-01
  9.5856476523906453E-01
  9.5856476524327638E-01
  9.5856476524629908E-01
  9.5856476525153911E-01
  9.5856476525520262E-01
  9.5856476525926160E-01
  9.5856476526362722E-01
  9.5856476521171796E-01
  9.5856476521168710E-01
  9.5856476521344103E-01
  9.5856476521389455E-01
  9.5856476521412037E-01
  9.5856476521570444E-01
  9.5856476521653533E-01
  9.5856476521708489E-01
  9.5856476521779177E-01
  9.5856476521801737E-01
  9.5856476521890421E-01
  9.5856476522058753E-01
  9.5856476522165768E-01
  9.5856476522254452E-01
  9.5856476522289824E-01
  9.5856476522376977E-01
  9.5856476522500333E-01
  9.5856476522582701E-01
  9.5856476522654321E-01
  9.5856476522772516E-01
  9.5856476522834633E-01
  9.5856476522937906E-01
  9.5856476523087386E-01
  9.5856476523148693E-01
  9.5856476523252476E-01
  9.5856476523386636E-01
  9.5856476523459133E-01
  9.5856476523575618E-01
  9.5856476523759659E-01
  9.5856476523869749E-01
  9.5856476519803280E-01
  9.5856476446657790E-01
  9.5856476445092720E-01
  9.5856476444038652E-01
  9.5856476516219424E-01
  9.5856476515759126E-01
  9.5856476515362243E-01
  9.5856476515076061E-01
  9.5856476514792743E-01
  9.5856476514565414E-01
  9.5856476514295075E-01
  9.5856476514125311E-01
  9.5856476513939881E-01
  9.5856476513777189E-01
  9.5856476513658273E-01
  9.5856476513529498E-01
  9.5856476513427913E-01
  9.5856476513341360E-01
  9.5856476513225641E-01
  9.5856476513178834E-01
  9.5856476513125655E-01
  9.5856476513061728E-01
  9.5856476513065536E-01
  9.5856476513027389E-01
  9.5856476513012634E-01
  9.5856476513018496E-01
  9.5856476513012256E-01
  9.5856476513049316E-01
  9.5856476513044897E-01
  9.5856476513087552E-01
  9.5856476513137512E-01
  9.5856476513177014E-01
  9.5856476513268019E-01
  9.5856476513371980E-01
  9.5856476513468991E-01
  9.5856476513586508E-01
  9.5856476513718314E-01
  9.5856476513882549E-01
  9.5856476514071531E-01
  9.5856476514304734E-01
  9.5856476514558797E-01
  9.5856476514869782E-01
  9.5856476515221789E-01
  9.5856476515675049E-01
  9.5856476516217859E-01
  9.5856476516888445E-01
  9.5856476517767752E-01
  9.5856476518950218E-01
  9.6093750000000000E-01
  9.6875000000000000E-01
  9.7656250000000000E-01
  9.8437500000000000E-01
  9.9218750000000000E-01
  1.0000000000000000E+00
  0.0000000000000000E+00
  0.0000000000000000E+00
  0.0000000000000000E+00
  0.0000000000000000E+00
  0.0000000000000000E+00
  0.0000000000000000E+00
  0.0000000000000000E+00
  0.0000000000000000E+00
  0.0000000000000000E+00
  0.0000000000000000E+00
  0.0000000000000000E+00
  0.0000000000000000E+00
  0.0000000000000000E+00
  0.0000000000000000E+00
  0.0000000000000000E+00
  0.0000000000000000E+00
  0.0000000000000000E+00
  0.0000000000000000E+00
  0.0000000000000000E+00
  0.0000000000000000E+00
  0.0000000000000000E+00
  0.0000000000000000E+00
  0.0000000000000000E+00
  0.0000000000000000E+00
  0.0000000000000000E+00
  0.0000000000000000E+00
  0.0000000000000000E+00
  0.0000000000000000E+00
  0.0000000000000000E+00
  9.5857752620645320E-01
  9.5857752623195824E-01
  9.5857752619636805E-01
  9.5857752620045200E-01
  9.5857752620367498E-01
  9.5857752620776437E-01
  9.5857752621226677E-01
  9.5857752621603309E-01
  9.5857752622063253E-01
  9.5857752622455361E-01
  9.5857752622750558E-01
  9.5857752623127268E-01
  9.5857752623627146E-01
  9.5857752623992931E-01
  9.5857752624532910E-01
  9.5857752619556702E-01
  9.5857752619739223E-01
  9.5857752619780412E-01
  9.5857752619855141E-01
  9.5857752619864456E-01
  9.5857752620052628E-01
  9.5857752620096948E-01
  9.5857752620075998E-01
  9.5857752620245207E-01
  9.5857752620324965E-01
  9.5857752620385483E-01
  9.5857752620540015E-01
  9.5857752620552561E-01
  9.5857752620659920E-01
  9.5857752620656955E-01
  9.5857752620814984E-01
  9.5857752620911085E-01
  9.5857752621070580E-01
  9.5857752621123160E-01
  9.5857752621192882E-01
  9.5857752621226822E-01
  9.5857752621380454E-01
  9.5857752621511472E-01
  9.5857752621591630E-01
  9.5857752621751269E-01
  9.5857752621774328E-01
  9.5857752621873138E-01
  9.5857752622069947E-01
  9.5857752622139059E-01
  9.5857752622302383E-01
  9.5857752622356751E-01
  9.5857752618366776E-01
  9.5857752545055708E-01
  9.5857752543462715E-01
  9.5857752542404917E-01
  9.5857752614803660E-01
  9.5857752614277569E-01
  9.5857752613967873E-01
  9.5857752613604996E-01
  9.5857752613277103E-01
  9.5857752613091141E-01
  9.5857752612812552E-01
  9.5857752612635561E-01
  9.5857752612463032E-01
  9.5857752612332792E-01
  9.5857752612175429E-01
  9.5857752612011160E-01
  9.5857752611946423E-01
  9.5857752611846347E-01
  9.5857752611745883E-01
  9.5857752611723623E-01
  9.5857752611628200E-01
  9.5857752611591274E-01
  9.5857752611558678E-01
  9.5857752611553892E-01
  9.5857752611504843E-01
  9.5857752611497538E-01
  9.5857752611512337E-01
  9.5857752611542080E-01
  9.5857752611545677E-01
  9.5857752611584857E-01
  9.5857752611637570E-01
  9.5857752611722602E-01
  9.5857752611801916E-01
  9.5857752611879288E-01
  9.5857752611984703E-01
  9.5857752612109726E-01
  9.5857752612222769E-01
  9.5857752612418945E-01
  9.5857752612596026E-01
  9.5857752612818159E-01
  9.5857752613074187E-01
  9.5857752613374247E-01
  9.5857752613756764E-01
  9.5857752614181202E-01
  9.5857752614722391E-01
  9.5857752615411973E-01
  9.5857752616291525E-01
  9.5857752617479608E-01
  9.6093750000000000E-01
  9.6875000000000000E-01
  9.7656250000000000E-01
  9.8437500000000000E-01
  9.9218750000000000E-01
  1.0000000000000000E+00
  0.0000000000000000E+00
  0.0000000000000000E+00
  0.0000000000000000E+00
  0.0000000000000000E+00
  0.0000000000000000E+00
  0.0000000000000000E+00
  0.0000000000000000E+00
  0.0000000000000000E+00
  0.0000000000000000E+00
  0.0000000000000000E+00
  0.0000000000000000E+00
  0.0000000000000000E+00
  0.0000000000000000E+00
  0.0000000000000000E+00
  0.0000000000000000E+00
  0.0000000000000000E+00
  0.0000000000000000E+00
  0.0000000000000000E+00
  0.0000000000000000E+00
  0.0000000000000000E+00
  0.0000000000000000E+00
  0.0000000000000000E+00
  0.0000000000000000E+00
  0.0000000000000000E+00
  0.0000000000000000E+00
  0.0000000000000000E+00
  0.0000000000000000E+00
  0.0000000000000000E+00
  0.0000000000000000E+00
  9.5859027269328911E-01
  9.5859027271772068E-01
  9.5859027268243202E-01
  9.5859027268715857E-01
  9.5859027269036490E-01
  9.5859027269406061E-01
  9.5859027269803343E-01
  9.5859027270248365E-01
  9.5859027270609332E-01
  9.5859027271039032E-01
  9.5859027271357267E-01
  9.5859027271864350E-01
  9.5859027272226460E-01
  9.5859027272630548E-01
  9.5859027273165953E-01
  9.5859027268208330E-01
  9.5859027268361796E-01
  9.5859027268364871E-01
  9.5859027268493413E-01
  9.5859027268571884E-01
  9.5859027268690100E-01
  9.5859027268698693E-01
  9.5859027268726194E-01
  9.5859027268787977E-01
  9.5859027268962727E-01
  9.5859027269015662E-01
  9.5859027269054198E-01
  9.5859027269153807E-01
  9.5859027269229180E-01
  9.5859027269388153E-01
  9.5859027269451025E-01
  9.5859027269504371E-01
  9.5859027269670460E-01
  9.5859027269777752E-01
  9.5859027269796249E-01
  9.5859027269866870E-01
  9.5859027270082786E-01
  9.5859027270175623E-01
  9.5859027270282715E-01
  9.5859027270391339E-01
  9.5859027270409158E-01
  9.5859027270546548E-01
  9.5859027270667718E-01
  9.5859027270803454E-01
  9.5859027270938257E-01
  9.5859027271007213E-01
  9.5859027267049823E-01
  9.5859027193530810E-01
  9.5859025000959375E-01
  9.5859027190906110E-01
  9.5859027263359264E-01
  9.5859027262900653E-01
  9.5859027262580510E-01
  9.5859027262212160E-01
  9.5859027261940366E-01
  9.5859027261652319E-01
  9.5859027261437979E-01
  9.5859027261246865E-01
  9.5859027261052154E-01
  9.5859027260905671E-01
  9.5859027260787266E-01
  9.5859027260675655E-01
  9.5859027260538443E-01
  9.5859027260452367E-01
  9.5859027260336893E-01
  9.5859027260289342E-01
  9.5859027260251961E-01
  9.5859027260185747E-01
  9.5859027260134866E-01
  9.5859027260144425E-01
  9.5859027260103458E-01
  9.5859027260098928E-01
  9.5859027260115148E-01
  9.5859027260147889E-01
  9.5859027260174678E-01
  9.5859027260190488E-01
  9.5859027260255492E-01
  9.5859027260283414E-01
  9.5859027260399754E-01
  9.5859027260464580E-01
  9.5859027260582863E-01
  9.5859027260691410E-01
  9.5859027260831764E-01
  9.5859027260999319E-01
  9.5859027261195362E-01
  9.5859027261415153E-01
  9.5859027261678598E-01
  9.5859027261996055E-01
  9.5859027262350094E-01
  9.5859027262792440E-01
  9.5859027263340923E-01
  9.5859027264024477E-01
  9.5859027264907737E-01
  9.5859027266096486E-01
  9.6093750000000000E-01
  9.6875000000000000E-01
  9.7656250000000000E-01
  9.8437500000000000E-01
  9.9218750000000000E-01
  1.0000000000000000E+00
  0.0000000000000000E+00
  0.0000000000000000E+00
  0.0000000000000000E+00
  0.0000000000000000E+00
  0.0000000000000000E+00
  0.0000000000000000E+00
  0.0000000000000000E+00
  0.0000000000000000E+00
  0.0000000000000000E+00
  0.0000000000000000E+00
  0.0000000000000000E+00
  0.0000000000000000E+00
  0.0000000000000000E+00
  0.0000000000000000E+00
  0.0000000000000000E+00
  0.0000000000000000E+00
  0.0000000000000000E+00
  0.0000000000000000E+00
  0.0000000000000000E+00
  0.0000000000000000E+00
  0.0000000000000000E+00
  0.0000000000000000E+00
  0.0000000000000000E+00
  0.0000000000000000E+00
  0.0000000000000000E+00
  0.0000000000000000E+00
  0.0000000000000000E+00
  0.0000000000000000E+00
  0.0000000000000000E+00
  9.5860300469952087E-01
  9.5860300472447169E-01
  9.5860300469011694E-01
  9.5860300469449455E-01
  9.5860300469741955E-01
  9.5860300470146920E-01
  9.5860300470581872E-01
  9.5860300470912696E-01
  9.5860300471374538E-01
  9.5860300471778104E-01
  9.5860300472218141E-01
  9.5860300472605664E-01
  9.5860300473094584E-01
  9.5860300473528315E-01
  9.5860300473938564E-01
  9.5860300469024950E-01
  9.5860300469082649E-01
  9.5860300469192117E-01
  9.5860300469132609E-01
  9.5860300469221416E-01
  9.5860300469408333E-01
  9.5860300469514359E-01
  9.5860300469504356E-01
  9.5860300469586024E-01
  9.5860300469666526E-01
  9.5860300469835280E-01
  9.5860300469852777E-01
  9.5860300469961157E-01
  9.5860300469974702E-01
  9.5860300470124282E-01
  9.5860300470183946E-01
  9.5860300470304927E-01
  9.5860300470449888E-01
  9.5860300470430504E-01
  9.5860300470635651E-01
  9.5860300470676441E-01
  9.5860300470781901E-01
  9.5860300470939164E-01
  9.5860300471029702E-01
  9.5860300471065274E-01
  9.5860300471156823E-01
  9.5860300471327764E-01
  9.5860300471431548E-01
  9.5860300471530679E-01
  9.5860300471694793E-01
  9.5860300471756277E-01
  9.5860300467874671E-01
  9.5860300394126918E-01
  9.5860298195138760E-01
  9.5860300391523479E-01
  9.5860300464089454E-01
  9.5860300463671333E-01
  9.5860300463245240E-01
  9.5860300462937642E-01
  9.5860300462661097E-01
  9.5860300462425840E-01
  9.5860300462182080E-01
  9.5860300461945835E-01
  9.5860300461778369E-01
  9.5860300461602177E-01
  9.5860300461521653E-01
  9.5860300461349757E-01
  9.5860300461235648E-01
  9.5860300461135350E-01
  9.5860300461089920E-01
  9.5860300460988179E-01
  9.5860300460954240E-01
  9.5860300460916681E-01
  9.5860300460903947E-01
  9.5860300460861758E-01
  9.5860300460822312E-01
  9.5860300460833536E-01
  9.5860300460822656E-01
  9.5860300460876180E-01
  9.5860300460868286E-01
  9.5860300460912207E-01
  9.5860300460961945E-01
  9.5860300461027104E-01
  9.5860300461118320E-01
  9.5860300461177073E-01
  9.5860300461290293E-01
  9.5860300461430226E-01
  9.5860300461571046E-01
  9.5860300461723935E-01
  9.5860300461910997E-01
  9.5860300462140713E-01
  9.5860300462408665E-01
  9.5860300462700598E-01
  9.5860300463071935E-01
  9.5860300463525150E-01
  9.5860300464076920E-01
  9.5860300464749559E-01
  9.5860300465640880E-01
  9.5860300466836090E-01
  9.6093750000000000E-01
  9.6875000000000000E-01
  9.7656250000000000E-01
  9.8437500000000000E-01
  9.9218750000000000E-01
  1.0000000000000000E+00
  0.0000000000000000E+00
  0.0000000000000000E+00
  0.0000000000000000E+00
  0.0000000000000000E+00
  0.0000000000000000E+00
  0.0000000000000000E+00
  0.0000000000000000E+00
  0.0000000000000000E+00
  0.0000000000000000E+00
  0.0000000000000000E+00
  0.0000000000000000E+00
  0.0000000000000000E+00
  0.0000000000000000E+00
  0.0000000000000000E+00
  0.0000000000000000E+00
  0.0000000000000000E+00
  0.0000000000000000E+00
  0.0000000000000000E+00
  0.0000000000000000E+00
  0.0000000000000000E+00
  0.0000000000000000E+00
  0.0000000000000000E+00
  0.0000000000000000E+00
  0.0000000000000000E+00
  0.0000000000000000E+00
  0.0000000000000000E+00
  0.0000000000000000E+00
  0.0000000000000000E+00
  0.0000000000000000E+00
  9.5861572224994884E-01
  9.5861572227278413E-01
  9.5861572223907376E-01
  9.5861572224308522E-01
  9.5861572224652192E-01
  9.5861572225067815E-01
  9.5861572225476011E-01
  9.5861572225862557E-01
  9.5861572226289138E-01
  9.5861572226682701E-01
  9.5861572227083058E-01
  9.5861572227558811E-01
  9.5861572228003900E-01
  9.5861572228353531E-01
  9.5861572228866543E-01
  9.5861572223917246E-01
  9.5861572224001534E-01
  9.5861572224019587E-01
  9.5861572224111802E-01
  9.5861572224118508E-01
  9.5861572224288050E-01
  9.5861572224297165E-01
  9.5861572224386060E-01
  9.5861572224435354E-01
  9.5861572224538794E-01
  9.5861572224606884E-01
  9.5861572224730585E-01
  9.5861572224822689E-01
  9.5861572224872216E-01
  9.5861572225084246E-01
  9.5861572225159075E-01
  9.5861572225162739E-01
  9.5861572225356939E-01
  9.5861572225454350E-01
  9.5861572225427083E-01
  9.5861572225526670E-01
  9.5861572225628633E-01
  9.5861572225827685E-01
  9.5861572225881087E-01
  9.5861572226027769E-01
  9.5861572226068947E-01
  9.5861572226198954E-01
  9.5861572226359093E-01
  9.5861572226407188E-01
  9.5861572226597747E-01
  9.5861572226710734E-01
  9.5861572222846603E-01
  9.5861572148927887E-01
  9.5861569943454006E-01
  9.5861572146236806E-01
  9.5861572219063607E-01
  9.5861572218542279E-01
  9.5861572218122693E-01
  9.5861572217849089E-01
  9.5861572217508961E-01
  9.5861572217237712E-01
  9.5861572217041757E-01
  9.5861572216881719E-01
  9.5861572216682611E-01
  9.5861572216538882E-01
  9.5861572216350754E-01
  9.5861572216250124E-01
  9.5861572216132740E-01
  9.5861572216060920E-01
  9.5861572215975588E-01
  9.5861572215898860E-01
  9.5861572215841584E-01
  9.5861572215773772E-01
  9.5861572215741686E-01
  9.5861572215717472E-01
  9.5861572215694701E-01
  9.5861572215700463E-01
  9.5861572215722901E-01
  9.5861572215734903E-01
  9.5861572215741153E-01
  9.5861572215792079E-01
  9.5861572215849389E-01
  9.5861572215891255E-01
  9.5861572215965773E-01
  9.5861572216078306E-01
  9.5861572216160618E-01
  9.5861572216306967E-01
  9.5861572216431634E-01
  9.5861572216617041E-01
  9.5861572216790514E-01
  9.5861572217027258E-01
  9.5861572217275981E-01
  9.5861572217591084E-01
  9.5861572217956381E-01
  9.5861572218399027E-01
  9.5861572218950464E-01
  9.5861572219644398E-01
  9.5861572220523739E-01
  9.5861572221732716E-01
  9.6093750000000000E-01
  9.6875000000000000E-01
  9.7656250000000000E-01
  9.8437500000000000E-01
  9.9218750000000000E-01
  1.0000000000000000E+00
  0.0000000000000000E+00
  0.0000000000000000E+00
  0.0000000000000000E+00
  0.0000000000000000E+00
  0.0000000000000000E+00
  0.0000000000000000E+00
  0.0000000000000000E+00
  0.0000000000000000E+00
  0.0000000000000000E+00
  0.0000000000000000E+00
  0.0000000000000000E+00
  0.0000000000000000E+00
  0.0000000000000000E+00
  0.0000000000000000E+00
  0.0000000000000000E+00
  0.0000000000000000E+00
  0.0000000000000000E+00
  0.0000000000000000E+00
  0.0000000000000000E+00
  0.0000000000000000E+00
  0.0000000000000000E+00
  0.0000000000000000E+00
  0.0000000000000000E+00
  0.0000000000000000E+00
  0.0000000000000000E+00
  0.0000000000000000E+00
  0.0000000000000000E+00
  0.0000000000000000E+00
  0.0000000000000000E+00
  9.5862842535979798E-01
  9.5862842538495674E-01
  9.5862842534983495E-01
  9.5862842535411885E-01
  9.5862842535763959E-01
  9.5862842536150383E-01
  9.5862842536633486E-01
  9.5862842536980430E-01
  9.5862842537317017E-01
  9.5862842537758419E-01
  9.5862842538085535E-01
  9.5862842538618764E-01
  9.5862842539007442E-01
  9.5862842539359483E-01
  9.5862842539897630E-01
  9.5862842534948522E-01
  9.5862842535001946E-01
  9.5862842535053416E-01
  9.5862842535122228E-01
  9.5862842535310744E-01
  9.5862842535293213E-01
  9.5862842535483650E-01
  9.5862842535454484E-01
  9.5862842535579063E-01
  9.5862842535654980E-01
  9.5862842535749959E-01
  9.5862842535779158E-01
  9.5862842535855564E-01
  9.5862842536039883E-01
  9.5862842536148862E-01
  9.5862842536152038E-01
  9.5862842536294979E-01
  9.5862842536402082E-01
  9.5862842536441939E-01
  9.5862842536537629E-01
  9.5862842536673898E-01
  9.5862842536731274E-01
  9.5862842536932602E-01
  9.5862842537033455E-01
  9.5862842537046722E-01
  9.5862842537223736E-01
  9.5862842537329629E-01
  9.5862842537375781E-01
  9.5862842537487891E-01
  9.5862842537670445E-01
  9.5862842537723514E-01
  9.5862842533978621E-01
  9.5862842532313497E-01
  9.5862840247804681E-01
  9.5862842457129183E-01
  9.5862842530094117E-01
  9.5862842529641479E-01
  9.5862842529239756E-01
  9.5862842528860548E-01
  9.5862842528621728E-01
  9.5862842528360237E-01
  9.5862842528136538E-01
  9.5862842527901571E-01
  9.5862842527738212E-01
  9.5862842527524295E-01
  9.5862842527418368E-01
  9.5862842527298875E-01
  9.5862842527179659E-01
  9.5862842527118963E-01
  9.5862842526981795E-01
  9.5862842526912251E-01
  9.5862842526868308E-01
  9.5862842526843883E-01
  9.5862842526820768E-01
  9.5862842526783021E-01
  9.5862842526757186E-01
  9.5862842526748837E-01
  9.5862842526739178E-01
  9.5862842526771308E-01
  9.5862842526817316E-01
  9.5862842526855496E-01
  9.5862842526890701E-01
  9.5862842526924352E-01
  9.5862842527006265E-01
  9.5862842527110415E-01
  9.5862842527214176E-01
  9.5862842527347547E-01
  9.5862842527465530E-01
  9.5862842527631786E-01
  9.5862842527843839E-01
  9.5862842528063552E-01
  9.5862842528326331E-01
  9.5862842528628300E-01
  9.5862842529002801E-01
  9.5862842529451453E-01
  9.5862842530000281E-01
  9.5862842530696379E-01
  9.5862842531588488E-01
  9.5862842532794890E-01
  9.6093750000000000E-01
  9.6875000000000000E-01
  9.7656250000000000E-01
  9.8437500000000000E-01
  9.9218750000000000E-01
  1.0000000000000000E+00
  0.0000000000000000E+00
  0.0000000000000000E+00
  0.0000000000000000E+00
  0.0000000000000000E+00
  0.0000000000000000E+00
  0.0000000000000000E+00
  0.0000000000000000E+00
  0.0000000000000000E+00
  0.0000000000000000E+00
  0.0000000000000000E+00
  0.0000000000000000E+00
  0.0000000000000000E+00
  0.0000000000000000E+00
  0.0000000000000000E+00
  0.0000000000000000E+00
  0.0000000000000000E+00
  0.0000000000000000E+00
  0.0000000000000000E+00
  0.0000000000000000E+00
  0.0000000000000000E+00
  0.0000000000000000E+00
  0.0000000000000000E+00
  0.0000000000000000E+00
  0.0000000000000000E+00
  0.0000000000000000E+00
  0.0000000000000000E+00
  0.0000000000000000E+00
  0.0000000000000000E+00
  0.0000000000000000E+00
  9.5864111405234820E-01
  9.5864111407599617E-01
  9.5864111404195906E-01
  9.5864111404640229E-01
  9.5864111404968122E-01
  9.5864111405436014E-01
  9.5864111405842534E-01
  9.5864111406217134E-01
  9.5864111406604280E-01
  9.5864111406934960E-01
  9.5864111407392361E-01
  9.5864111407934893E-01
  9.5864111408289332E-01
  9.5864111408713482E-01
  9.5864111409056929E-01
  9.5864111404180385E-01
  9.5864111404360919E-01
  9.5864111404374019E-01
  9.5864111404467900E-01
  9.5864111404540830E-01
  9.5864111404626462E-01
  9.5864111404630559E-01
  9.5864111404763819E-01
  9.5864111404808749E-01
  9.5864111404993035E-01
  9.5864111405069963E-01
  9.5864111405134600E-01
  9.5864111405251040E-01
  9.5864111405259178E-01
  9.5864111405391050E-01
  9.5864111405465846E-01
  9.5864111405547048E-01
  9.5864111405664310E-01
  9.5864111405762276E-01
  9.5864111405829655E-01
  9.5864111405986352E-01
  9.5864111406089958E-01
  9.5864111406150887E-01
  9.5864111406284302E-01
  9.5864111406373631E-01
  9.5864111406448071E-01
  9.5864111406598407E-01
  9.5864111406731167E-01
  9.5864111406758434E-01
  9.5864111406918628E-01
  9.5864111406991848E-01
  9.5864111403303731E-01
  9.5864111401647356E-01
  9.5864109110345985E-01
  9.5864111326145629E-01
  9.5864111399329044E-01
  9.5864111398918683E-01
  9.5864111398447727E-01
  9.5864111398144147E-01
  9.5864111397859841E-01
  9.5864111397545571E-01
  9.5864111397306984E-01
  9.5864111397130913E-01
  9.5864111396963481E-01
  9.5864111396826746E-01
  9.5864111396661189E-01
  9.5864111396521057E-01
  9.5864111396423346E-01
  9.5864111396331431E-01
  9.5864111396271690E-01
  9.5864111396191687E-01
  9.5864111396106466E-01
  9.5864111396058971E-01
  9.5864111396028462E-01
  9.5864111395972085E-01
  9.5864111395973461E-01
  9.5864111395958562E-01
  9.5864111395991791E-01
  9.5864111396026408E-01
  9.5864111396009022E-01
  9.5864111396052176E-01
  9.5864111396097684E-01
  9.5864111396178431E-01
  9.5864111396249907E-01
  9.5864111396361451E-01
  9.5864111396435614E-01
  9.5864111396571772E-01
  9.5864111396703133E-01
  9.5864111396900287E-01
  9.5864111397076657E-01
  9.5864111397299945E-01
  9.5864111397557716E-01
  9.5864111397879626E-01
  9.5864111398246143E-01
  9.5864111398698704E-01
  9.5864111399244534E-01
  9.5864111399943008E-01
  9.5864111400833063E-01
  9.5864111402038976E-01
  9.6093750000000000E-01
  9.6875000000000000E-01
  9.7656250000000000E-01
  9.8437500000000000E-01
  9.9218750000000000E-01
  1.0000000000000000E+00
  0.0000000000000000E+00
  0.0000000000000000E+00
  0.0000000000000000E+00
  0.0000000000000000E+00
  0.0000000000000000E+00
  0.0000000000000000E+00
  0.0000000000000000E+00
  0.0000000000000000E+00
  0.0000000000000000E+00
  0.0000000000000000E+00
  0.0000000000000000E+00
  0.0000000000000000E+00
  0.0000000000000000E+00
  0.0000000000000000E+00
  0.0000000000000000E+00
  0.0000000000000000E+00
  0.0000000000000000E+00
  0.0000000000000000E+00
  0.0000000000000000E+00
  0.0000000000000000E+00
  0.0000000000000000E+00
  0.0000000000000000E+00
  0.0000000000000000E+00
  0.0000000000000000E+00
  0.0000000000000000E+00
  0.0000000000000000E+00
  0.0000000000000000E+00
  0.0000000000000000E+00
  0.0000000000000000E+00
  9.5865378834633019E-01
  9.5865378837134452E-01
  9.5865378833700188E-01
  9.5865378834148962E-01
  9.5865378834419956E-01
  9.5865378834940540E-01
  9.5865378835360182E-01
  9.5865378835638049E-01
  9.5865378836143100E-01
  9.5865378836572268E-01
  9.5865378836936366E-01
  9.5865378837413329E-01
  9.5865378837795789E-01
  9.5865378838155968E-01
  9.5865378838589854E-01
  9.5865378833669568E-01
  9.5865378833743298E-01
  9.5865378833910830E-01
  9.5865378833981407E-01
  9.5865378833920689E-01
  9.5865378834064419E-01
  9.5865378834169335E-01
  9.5865378834307469E-01
  9.5865378834362214E-01
  9.5865378834455683E-01
  9.5865378834499360E-01
  9.5865378834560766E-01
  9.5865378834726689E-01
  9.5865378834689441E-01
  9.5865378834805648E-01
  9.5865378834893600E-01
  9.5865378835058235E-01
  9.5865378835169757E-01
  9.5865378835156778E-01
  9.5865378835295023E-01
  9.5865378835438431E-01
  9.5865378835467996E-01
  9.5865378835608717E-01
  9.5865378835741533E-01
  9.5865378835772874E-01
  9.5865378835936177E-01
  9.5865378835999693E-01
  9.5865378836224735E-01
  9.5865378836270920E-01
  9.5865378836395676E-01
  9.5865378836571846E-01
  9.5865378832774117E-01
  9.5865378831076442E-01
  9.5865376533091495E-01
  9.5865378755485831E-01
  9.5865378828777859E-01
  9.5865378828291903E-01
  9.5865378827973835E-01
  9.5865378827590586E-01
  9.5865378827259540E-01
  9.5865378827035352E-01
  9.5865378826822201E-01
  9.5865378826571190E-01
  9.5865378826409442E-01
  9.5865378826217296E-01
  9.5865378826087200E-01
  9.5865378826011771E-01
  9.5865378825856540E-01
  9.5865378825770675E-01
  9.5865378825679326E-01
  9.5865378825637060E-01
  9.5865378825582648E-01
  9.5865378825508274E-01
  9.5865378825449199E-01
  9.5865378825437020E-01
  9.5865378825449798E-01
  9.5865378825393033E-01
  9.5865378825442282E-01
  9.5865378825463932E-01
  9.5865378825487879E-01
  9.5865378825519321E-01
  9.5865378825553793E-01
  9.5865378825626801E-01
  9.5865378825706105E-01
  9.5865378825775727E-01
  9.5865378825909375E-01
  9.5865378825999215E-01
  9.5865378826165604E-01
  9.5865378826336922E-01
  9.5865378826535264E-01
  9.5865378826760805E-01
  9.5865378827016179E-01
  9.5865378827321202E-01
  9.5865378827700121E-01
  9.5865378828141390E-01
  9.5865378828702974E-01
  9.5865378829389125E-01
  9.5865378830295822E-01
  9.5865378831505932E-01
  9.6093750000000000E-01
  9.6875000000000000E-01
  9.7656250000000000E-01
  9.8437500000000000E-01
  9.9218750000000000E-01
  1.0000000000000000E+00
  0.0000000000000000E+00
  0.0000000000000000E+00
  0.0000000000000000E+00
  0.0000000000000000E+00
  0.0000000000000000E+00
  0.0000000000000000E+00
  0.0000000000000000E+00
  0.0000000000000000E+00
  0.0000000000000000E+00
  0.0000000000000000E+00
  0.0000000000000000E+00
  0.0000000000000000E+00
  0.0000000000000000E+00
  0.0000000000000000E+00
  0.0000000000000000E+00
  0.0000000000000000E+00
  0.0000000000000000E+00
  0.0000000000000000E+00
  0.0000000000000000E+00
  0.0000000000000000E+00
  0.0000000000000000E+00
  0.0000000000000000E+00
  0.0000000000000000E+00
  0.0000000000000000E+00
  0.0000000000000000E+00
  0.0000000000000000E+00
  0.0000000000000000E+00
  0.0000000000000000E+00
  0.0000000000000000E+00
  9.5866644826276393E-01
  9.5866644828842518E-01
  9.5866644825381231E-01
  9.5866644825787850E-01
  9.5866644826230762E-01
  9.5866644826554204E-01
  9.5866644827008651E-01
  9.5866644827380110E-01
  9.5866644827775760E-01
  9.5866644828196979E-01
  9.5866644828541703E-01
  9.5866644829041647E-01
  9.5866644829469849E-01
  9.5866644829880776E-01
  9.5866644830355174E-01
  9.5866644825314595E-01
  9.5866644825450031E-01
  9.5866644825501468E-01
  9.5866644825551428E-01
  9.5866644825647052E-01
  9.5866644825761216E-01
  9.5866644825868863E-01
  9.5866644825947123E-01
  9.5866644826025849E-01
  9.5866644826017056E-01
  9.5866644826119451E-01
  9.5866644826315306E-01
  9.5866644826368386E-01
  9.5866644826373049E-01
  9.5866644826461189E-01
  9.5866644826571723E-01
  9.5866644826648706E-01
  9.5866644826837810E-01
  9.5866644826856695E-01
  9.5866644827052871E-01
  9.5866644827170644E-01
  9.5866644827201908E-01
  9.5866644827284853E-01
  9.5866644827425773E-01
  9.5866644827472614E-01
  9.5866644827612468E-01
  9.5866644827696901E-01
  9.5866644827870373E-01
  9.5866644828040493E-01
  9.5866644828086656E-01
  9.5866644828261438E-01
  9.5866644824567504E-01
  9.5866644822807145E-01
  9.5866642518015588E-01
  9.5866644747000684E-01
  9.5866644820496072E-01
  9.5866644820016234E-01
  9.5866644819608049E-01
  9.5866644819273417E-01
  9.5866644818968028E-01
  9.5866644818676572E-01
  9.5866644818422198E-01
  9.5866644818221214E-01
  9.5866644818037205E-01
  9.5866644817948288E-01
  9.5866644817802327E-01
  9.5866644817662183E-01
  9.5866644817535351E-01
  9.5866644817405111E-01
  9.5866644817333002E-01
  9.5866644817265778E-01
  9.5866644817235702E-01
  9.5866644817165214E-01
  9.5866644817123825E-01
  9.5866644817105828E-01
  9.5866644817074909E-01
  9.5866644817070601E-01
  9.5866644817092339E-01
  9.5866644817087177E-01
  9.5866644817138702E-01
  9.5866644817145075E-01
  9.5866644817228830E-01
  9.5866644817284985E-01
  9.5866644817357960E-01
  9.5866644817443891E-01
  9.5866644817551450E-01
  9.5866644817685331E-01
  9.5866644817830937E-01
  9.5866644817985380E-01
  9.5866644818192015E-01
  9.5866644818404467E-01
  9.5866644818674307E-01
  9.5866644818988223E-01
  9.5866644819361158E-01
  9.5866644819811708E-01
  9.5866644820358504E-01
  9.5866644821061997E-01
  9.5866644821965452E-01
  9.5866644823185254E-01
  9.6093750000000000E-01
  9.6875000000000000E-01
  9.7656250000000000E-01
  9.8437500000000000E-01
  9.9218750000000000E-01
  1.0000000000000000E+00
  0.0000000000000000E+00
  0.0000000000000000E+00
  0.0000000000000000E+00
  0.0000000000000000E+00
  0.0000000000000000E+00
  0.0000000000000000E+00
  0.0000000000000000E+00
  0.0000000000000000E+00
  0.0000000000000000E+00
  0.0000000000000000E+00
  0.0000000000000000E+00
  0.0000000000000000E+00
  0.0000000000000000E+00
  0.0000000000000000E+00
  0.0000000000000000E+00
  0.0000000000000000E+00
  0.0000000000000000E+00
  0.0000000000000000E+00
  0.0000000000000000E+00
  0.0000000000000000E+00
  0.0000000000000000E+00
  0.0000000000000000E+00
  0.0000000000000000E+00
  0.0000000000000000E+00
  0.0000000000000000E+00
  0.0000000000000000E+00
  0.0000000000000000E+00
  0.0000000000000000E+00
  0.0000000000000000E+00
  9.5867909382170469E-01
  9.5867909384734740E-01
  9.5867909381291494E-01
  9.5867909381681549E-01
  9.5867909382092720E-01
  9.5867909382406913E-01
  9.5867909382879191E-01
  9.5867909383366900E-01
  9.5867909383729066E-01
  9.5867909384053196E-01
  9.5867909384487371E-01
  9.5867909384891103E-01
  9.5867909385452210E-01
  9.5867909385817796E-01
  9.5867909386272565E-01
  9.5867909381354399E-01
  9.5867909381323024E-01
  9.5867909381456617E-01
  9.5867909381443051E-01
  9.5867909381595917E-01
  9.5867909381712813E-01
  9.5867909381799188E-01
  9.5867909381833150E-01
  9.5867909381874239E-01
  9.5867909382039640E-01
  9.5867909382059424E-01
  9.5867909382204308E-01
  9.5867909382260807E-01
  9.5867909382320471E-01
  9.5867909382490013E-01
  9.5867909382567762E-01
  9.5867909382568472E-01
  9.5867909382711136E-01
  9.5867909382824656E-01
  9.5867909382939775E-01
  9.5867909383005045E-01
  9.5867909383178862E-01
  9.5867909383195760E-01
  9.5867909383299388E-01
  9.5867909383494265E-01
  9.5867909383583905E-01
  9.5867909383663341E-01
  9.5867909383777028E-01
  9.5867909383932737E-01
  9.5867909384024363E-01
  9.5867909384174521E-01
  9.5867909380492200E-01
  9.5867909378771043E-01
  9.5867907067171454E-01
  9.5867909302750420E-01
  9.5867909376378690E-01
  9.5867909375911708E-01
  9.5867909375545102E-01
  9.5867909375159854E-01
  9.5867909374841287E-01
  9.5867909374623295E-01
  9.5867909374358973E-01
  9.5867909374127425E-01
  9.5867909373995797E-01
  9.5867909373774574E-01
  9.5867909373639359E-01
  9.5867909373531568E-01
  9.5867909373437021E-01
  9.5867909373304017E-01
  9.5867909373240656E-01
  9.5867909373150195E-01
  9.5867909373095794E-01
  9.5867909373024229E-01
  9.5867909372984150E-01
  9.5867909372955118E-01
  9.5867909372958116E-01
  9.5867909372958560E-01
  9.5867909372976512E-01
  9.5867909372972993E-01
  9.5867909373005278E-01
  9.5867909373054172E-01
  9.5867909373101023E-01
  9.5867909373157723E-01
  9.5867909373250970E-01
  9.5867909373341120E-01
  9.5867909373444160E-01
  9.5867909373572291E-01
  9.5867909373689608E-01
  9.5867909373880889E-01
  9.5867909374081806E-01
  9.5867909374305371E-01
  9.5867909374561644E-01
  9.5867909374869142E-01
  9.5867909375243898E-01
  9.5867909375692162E-01
  9.5867909376263782E-01
  9.5867909376956195E-01
  9.5867909377862515E-01
  9.5867909379083249E-01
  9.6093750000000000E-01
  9.6875000000000000E-01
  9.7656250000000000E-01
  9.8437500000000000E-01
  9.9218750000000000E-01
  1.0000000000000000E+00
  0.0000000000000000E+00
  0.0000000000000000E+00
  0.0000000000000000E+00
  0.0000000000000000E+00
  0.0000000000000000E+00
  0.0000000000000000E+00
  0.0000000000000000E+00
  0.0000000000000000E+00
  0.0000000000000000E+00
  0.0000000000000000E+00
  0.0000000000000000E+00
  0.0000000000000000E+00
  0.0000000000000000E+00
  0.0000000000000000E+00
  0.0000000000000000E+00
  0.0000000000000000E+00
  0.0000000000000000E+00
  0.0000000000000000E+00
  0.0000000000000000E+00
  0.0000000000000000E+00
  0.0000000000000000E+00
  0.0000000000000000E+00
  0.0000000000000000E+00
  0.0000000000000000E+00
  0.0000000000000000E+00
  0.0000000000000000E+00
  0.0000000000000000E+00
  0.0000000000000000E+00
  0.0000000000000000E+00
  9.5869172504316857E-01
  9.5869172506769573E-01
  9.5869172503353695E-01
  9.5869172503845668E-01
  9.5869172504291966E-01
  9.5869172504524125E-01
  9.5869172505098110E-01
  9.5869172505479272E-01
  9.5869172505818945E-01
  9.5869172506237099E-01
  9.5869172506591382E-01
  9.5869172507097256E-01
  9.5869172507579015E-01
  9.5869172507990952E-01
  9.5869172508354794E-01
  9.5869172503494016E-01
  9.5869172503443645E-01
  9.5869172503622790E-01
  9.5869172503685851E-01
  9.5869172503715083E-01
  9.5869172503759137E-01
  9.5869172503862399E-01
  9.5869172503983180E-01
  9.5869172504058608E-01
  9.5869172504157119E-01
  9.5869172504218170E-01
  9.5869172504306610E-01
  9.5869172504361777E-01
  9.5869172504447953E-01
  9.5869172504552114E-01
  9.5869172504617139E-01
  9.5869172504770017E-01
  9.5869172504839451E-01
  9.5869172504950773E-01
  9.5869172505070033E-01
  9.5869172505226863E-01
  9.5869172505243183E-01
  9.5869172505422162E-01
  9.5869172505501277E-01
  9.5869172505596156E-01
  9.5869172505734290E-01
  9.5869172505823297E-01
  9.5869172505972089E-01
  9.5869172506107903E-01
  9.5869172506223488E-01
  9.5869172506344646E-01
  9.5869172502709388E-01
  9.5869172500873701E-01
  9.5869170182484764E-01
  9.5869172424718363E-01
  9.5869172498476940E-01
  9.5869172498008493E-01
  9.5869172497674637E-01
  9.5869172497271116E-01
  9.5869172497008992E-01
  9.5869172496719302E-01
  9.5869172496494803E-01
  9.5869172496265154E-01
  9.5869172496101573E-01
  9.5869172495911714E-01
  9.5869172495741428E-01
  9.5869172495665755E-01
  9.5869172495524657E-01
  9.5869172495432942E-01
  9.5869172495344868E-01
  9.5869172495278887E-01
  9.5869172495235222E-01
  9.5869172495159150E-01
  9.5869172495116295E-01
  9.5869172495066657E-01
  9.5869172495093702E-01
  9.5869172495094468E-01
  9.5869172495058064E-01
  9.5869172495087374E-01
  9.5869172495125377E-01
  9.5869172495171662E-01
  9.5869172495206023E-01
  9.5869172495258137E-01
  9.5869172495361743E-01
  9.5869172495445787E-01
  9.5869172495529997E-01
  9.5869172495684130E-01
  9.5869172495831301E-01
  9.5869172495981103E-01
  9.5869172496180521E-01
  9.5869172496419797E-01
  9.5869172496670541E-01
  9.5869172496995647E-01
  9.5869172497362121E-01
  9.5869172497813093E-01
  9.5869172498382782E-01
  9.5869172499081023E-01
  9.5869172499991073E-01
  9.5869172501213595E-01
  9.6093750000000000E-01
  9.6875000000000000E-01
  9.7656250000000000E-01
  9.8437500000000000E-01
  9.9218750000000000E-01
  1.0000000000000000E+00
  0.0000000000000000E+00
  0.0000000000000000E+00
  0.0000000000000000E+00
  0.0000000000000000E+00
  0.0000000000000000E+00
  0.0000000000000000E+00
  0.0000000000000000E+00
  0.0000000000000000E+00
  0.0000000000000000E+00
  0.0000000000000000E+00
  0.0000000000000000E+00
  0.0000000000000000E+00
  0.0000000000000000E+00
  0.0000000000000000E+00
  0.0000000000000000E+00
  0.0000000000000000E+00
  0.0000000000000000E+00
  0.0000000000000000E+00
  0.0000000000000000E+00
  0.0000000000000000E+00
  0.0000000000000000E+00
  0.0000000000000000E+00
  0.0000000000000000E+00
  0.0000000000000000E+00
  0.0000000000000000E+00
  0.0000000000000000E+00
  0.0000000000000000E+00
  0.0000000000000000E+00
  0.0000000000000000E+00
  9.5870434194545506E-01
  9.5870434197087251E-01
  9.5870434193815790E-01
  9.5870434194245169E-01
  9.5870434194492204E-01
  9.5870434194905196E-01
  9.5870434195359255E-01
  9.5870434195861853E-01
  9.5870434196192422E-01
  9.5870434196626431E-01
  9.5870434197072352E-01
  9.5870434197380894E-01
  9.5870434197917132E-01
  9.5870434198291210E-01
  9.5870434198834487E-01
  9.5870434193716814E-01
  9.5870434193861565E-01
  9.5870434193902743E-01
  9.5870434194041954E-01
  9.5870434194176646E-01
  9.5870434194186027E-01
  9.5870434194340881E-01
  9.5870434194341181E-01
  9.5870434194462351E-01
  9.5870434194466470E-01
  9.5870434194567522E-01
  9.5870434194747678E-01
  9.5870434194749699E-01
  9.5870434194859455E-01
  9.5870434195014997E-01
  9.5870434195061882E-01
  9.5870434195088472E-01
  9.5870434195219212E-01
  9.5870434195284360E-01
  9.5870434195427434E-01
  9.5870434195525256E-01
  9.5870434195657561E-01
  9.5870434195745324E-01
  9.5870434195885590E-01
  9.5870434196001053E-01
  9.5870434196084009E-01
  9.5870434196145338E-01
  9.5870434196329180E-01
  9.5870434196445065E-01
  9.5870434196584098E-01
  9.5870434196676457E-01
  9.5870434193253584E-01
  9.5870434191267762E-01
  9.5870431865965533E-01
  9.5870434114928660E-01
  9.5870434188913534E-01
  9.5870434188388221E-01
  9.5870434187976528E-01
  9.5870434187605602E-01
  9.5870434187316411E-01
  9.5870434187017783E-01
  9.5870434186773623E-01
  9.5870434186575137E-01
  9.5870434186406239E-01
  9.5870434186265607E-01
  9.5870434186083375E-01
  9.5870434185970055E-01
  9.5870434185863052E-01
  9.5870434185736142E-01
  9.5870434185713016E-01
  9.5870434185615483E-01
  9.5870434185544928E-01
  9.5870434185500975E-01
  9.5870434185454845E-01
  9.5870434185425213E-01
  9.5870434185385900E-01
  9.5870434185421627E-01
  9.5870434185415865E-01
  9.5870434185429110E-01
  9.5870434185464937E-01
  9.5870434185501041E-01
  9.5870434185554321E-01
  9.5870434185593789E-01
  9.5870434185694864E-01
  9.5870434185764786E-01
  9.5870434185863906E-01
  9.5870434185994424E-01
  9.5870434186162889E-01
  9.5870434186333031E-01
  9.5870434186524944E-01
  9.5870434186738818E-01
  9.5870434187026243E-01
  9.5870434187325260E-01
  9.5870434187708009E-01
  9.5870434188155307E-01
  9.5870434188715581E-01
  9.5870434189429732E-01
  9.5870434190336129E-01
  9.5870434191572473E-01
  9.6093750000000000E-01
  9.6875000000000000E-01
  9.7656250000000000E-01
  9.8437500000000000E-01
  9.9218750000000000E-01
  1.0000000000000000E+00
  0.0000000000000000E+00
  0.0000000000000000E+00
  0.0000000000000000E+00
  0.0000000000000000E+00
  0.0000000000000000E+00
  0.0000000000000000E+00
  0.0000000000000000E+00
  0.0000000000000000E+00
  0.0000000000000000E+00
  0.0000000000000000E+00
  0.0000000000000000E+00
  0.0000000000000000E+00
  0.0000000000000000E+00
  0.0000000000000000E+00
  0.0000000000000000E+00
  0.0000000000000000E+00
  0.0000000000000000E+00
  0.0000000000000000E+00
  0.0000000000000000E+00
  0.0000000000000000E+00
  0.0000000000000000E+00
  0.0000000000000000E+00
  0.0000000000000000E+00
  0.0000000000000000E+00
  0.0000000000000000E+00
  0.0000000000000000E+00
  0.0000000000000000E+00
  0.0000000000000000E+00
  0.0000000000000000E+00
  9.5871694455106349E-01
  9.5871694457548995E-01
  9.5871694454342604E-01
  9.5871694454758627E-01
  9.5871694455079581E-01
  9.5871694455526335E-01
  9.5871694456018075E-01
  9.5871694456388490E-01
  9.5871694456750189E-01
  9.5871694457165002E-01
  9.5871694457547585E-01
  9.5871694458094681E-01
  9.5871694458463741E-01
  9.5871694458932211E-01
  9.5871694459366796E-01
  9.5871694454345691E-01
  9.5871694454469780E-01
  9.5871694454525080E-01
  9.5871694454535539E-01
  9.5871694454693379E-01
  9.5871694454756928E-01
  9.5871694454913114E-01
  9.5871694454984957E-01
  9.5871694455046796E-01
  9.5871694455037137E-01
  9.5871694455178791E-01
  9.5871694455277789E-01
  9.5871694455401246E-01
  9.5871694455512402E-01
  9.5871694455578527E-01
  9.5871694455589196E-01
  9.5871694455745882E-01
  9.5871694455802603E-01
  9.5871694455977285E-01
  9.5871694456012047E-01
  9.5871694456141376E-01
  9.5871694456262890E-01
  9.5871694456386469E-01
  9.5871694456483769E-01
  9.5871694456584367E-01
  9.5871694456715606E-01
  9.5871694456768208E-01
  9.5871694456871082E-01
  9.5871694457066392E-01
  9.5871694457116907E-01
  9.5871694457277168E-01
  9.5871694453928669E-01
  9.5871694451837508E-01
  9.5871692119602592E-01
  9.5871694375240213E-01
  9.5871694449497935E-01
  9.5871694448938827E-01
  9.5871694448590639E-01
  9.5871694448246014E-01
  9.5871694447905098E-01
  9.5871694447653522E-01
  9.5871694447379840E-01
  9.5871694447200551E-01
  9.5871694446966194E-01
  9.5871694446848121E-01
  9.5871694446672640E-01
  9.5871694446559286E-01
  9.5871694446424816E-01
  9.5871694446311284E-01
  9.5871694446222111E-01
  9.5871694446196076E-01
  9.5871694446100364E-01
  9.5871694446052946E-01
  9.5871694445998779E-01
  9.5871694445984212E-01
  9.5871694445957067E-01
  9.5871694445985822E-01
  9.5871694445993971E-01
  9.5871694445991207E-01
  9.5871694446024192E-01
  9.5871694446039302E-01
  9.5871694446110689E-01
  9.5871694446170141E-01
  9.5871694446228550E-01
  9.5871694446312150E-01
  9.5871694446420364E-01
  9.5871694446557831E-01
  9.5871694446706590E-01
  9.5871694446870548E-01
  9.5871694447083144E-01
  9.5871694447318001E-01
  9.5871694447563938E-01
  9.5871694447903832E-01
  9.5871694448261169E-01
  9.5871694448733691E-01
  9.5871694449294886E-01
  9.5871694450002221E-01
  9.5871694450908851E-01
  9.5871694452139078E-01
  9.6093750000000000E-01
  9.6875000000000000E-01
  9.7656250000000000E-01
  9.8437500000000000E-01
  9.9218750000000000E-01
  1.0000000000000000E+00
  0.0000000000000000E+00
  0.0000000000000000E+00
  0.0000000000000000E+00
  0.0000000000000000E+00
  0.0000000000000000E+00
  0.0000000000000000E+00
  0.0000000000000000E+00
  0.0000000000000000E+00
  0.0000000000000000E+00
  0.0000000000000000E+00
  0.0000000000000000E+00
  0.0000000000000000E+00
  0.0000000000000000E+00
  0.0000000000000000E+00
  0.0000000000000000E+00
  0.0000000000000000E+00
  0.0000000000000000E+00
  0.0000000000000000E+00
  0.0000000000000000E+00
  0.0000000000000000E+00
  0.0000000000000000E+00
  0.0000000000000000E+00
  0.0000000000000000E+00
  0.0000000000000000E+00
  0.0000000000000000E+00
  0.0000000000000000E+00
  0.0000000000000000E+00
  0.0000000000000000E+00
  0.0000000000000000E+00
  9.5872953287872054E-01
  9.5872953290423657E-01
  9.5872953287172880E-01
  9.5872953287471829E-01
  9.5872953288019591E-01
  9.5872953288380069E-01
  9.5872953288796581E-01
  9.5872953289216944E-01
  9.5872953289593932E-01
  9.5872953289939966E-01
  9.5872953290475760E-01
  9.5872953290866925E-01
  9.5872953291313423E-01
  9.5872953291765872E-01
  9.5872953292242080E-01
  9.5872953287186014E-01
  9.5872953287281182E-01
  9.5872953287356799E-01
  9.5872953287420004E-01
  9.5872953287489804E-01
  9.5872953287555318E-01
  9.5872953287717966E-01
  9.5872953287692064E-01
  9.5872953287849083E-01
  9.5872953287960838E-01
  9.5872953287969098E-01
  9.5872953288142748E-01
  9.5872953288220053E-01
  9.5872953288217511E-01
  9.5872953288343832E-01
  9.5872953288441032E-01
  9.5872953288478269E-01
  9.5872953288581741E-01
  9.5872953288717133E-01
  9.5872953288892804E-01
  9.5872953288948204E-01
  9.5872953289064233E-01
  9.5872953289189899E-01
  9.5872953289249885E-01
  9.5872953289359386E-01
  9.5872953289424401E-01
  9.5872953289574858E-01
  9.5872953289717899E-01
  9.5872953289881591E-01
  9.5872953289961294E-01
  9.5872953290081131E-01
  9.5872953286722629E-01
  9.5872953284714713E-01
  9.5872950945422331E-01
  9.5872953207947564E-01
  9.5872953282252849E-01
  9.5872953281730189E-01
  9.5872953281327100E-01
  9.5872953281022355E-01
  9.5872953280674056E-01
  9.5872953280368256E-01
  9.5872953280122930E-01
  9.5872953279914963E-01
  9.5872953279728512E-01
  9.5872953279575379E-01
  9.5872953279402806E-01
  9.5872953279336848E-01
  9.5872953279181206E-01
  9.5872953279087114E-01
  9.5872953279026074E-01
  9.5872953278900075E-01
  9.5872953278864803E-01
  9.5872953278817752E-01
  9.5872953278807038E-01
  9.5872953278768158E-01
  9.5872953278760764E-01
  9.5872953278732953E-01
  9.5872953278763062E-01
  9.5872953278735318E-01
  9.5872953285067242E-01
  9.5872953285051465E-01
  9.5872953285066165E-01
  9.5872953278919681E-01
  9.5872953279008599E-01
  9.5872953279105877E-01
  9.5872953279213802E-01
  9.5872953279316786E-01
  9.5872953279478601E-01
  9.5872953279650164E-01
  9.5872953279860673E-01
  9.5872953280072370E-01
  9.5872953280346374E-01
  9.5872953280665951E-01
  9.5872953281048523E-01
  9.5872953281506079E-01
  9.5872953282065820E-01
  9.5872953282779494E-01
  9.5872953283694018E-01
  9.5872953284933704E-01
  9.6093750000000000E-01
  9.6875000000000000E-01
  9.7656250000000000E-01
  9.8437500000000000E-01
  9.9218750000000000E-01
  1.0000000000000000E+00
  0.0000000000000000E+00
  0.0000000000000000E+00
  0.0000000000000000E+00
  0.0000000000000000E+00
  0.0000000000000000E+00
  0.0000000000000000E+00
  0.0000000000000000E+00
  0.0000000000000000E+00
  0.0000000000000000E+00
  0.0000000000000000E+00
  0.0000000000000000E+00
  0.0000000000000000E+00
  0.0000000000000000E+00
  0.0000000000000000E+00
  0.0000000000000000E+00
  0.0000000000000000E+00
  0.0000000000000000E+00
  0.0000000000000000E+00
  0.0000000000000000E+00
  0.0000000000000000E+00
  0.0000000000000000E+00
  0.0000000000000000E+00
  0.0000000000000000E+00
  0.0000000000000000E+00
  0.0000000000000000E+00
  0.0000000000000000E+00
  0.0000000000000000E+00
  0.0000000000000000E+00
  0.0000000000000000E+00
  9.5874210694941586E-01
  9.5874210697376938E-01
  9.5874210694188811E-01
  9.5874210694640327E-01
  9.5874210695022599E-01
  9.5874210695354334E-01
  9.5874210695730011E-01
  9.5874210696212714E-01
  9.5874210696655027E-01
  9.5874210697070195E-01
  9.5874210697431927E-01
  9.5874210697802975E-01
  9.5874210698255591E-01
  9.5874210698820139E-01
  9.5874210699173135E-01
  9.5874210694133233E-01
  9.5874210694182282E-01
  9.5874210694277262E-01
  9.5874210694420892E-01
  9.5874210694499917E-01
  9.5874210694606754E-01
  9.5874210694620765E-01
  9.5874210694805884E-01
  9.5874210694746576E-01
  9.5874210694861173E-01
  9.5874210695054463E-01
  9.5874210695136741E-01
  9.5874210695178519E-01
  9.5874210695193296E-01
  9.5874210695364614E-01
  9.5874210695438877E-01
  9.5874210695481310E-01
  9.5874210695618345E-01
  9.5874210695742823E-01
  9.5874210695784501E-01
  9.5874210695925499E-01
  9.5874210696005469E-01
  9.5874210696180806E-01
  9.5874210696315731E-01
  9.5874210696421736E-01
  9.5874210696546613E-01
  9.5874210696581830E-01
  9.5874210696755202E-01
  9.5874210696894835E-01
  9.5874210696994311E-01
  9.5874210697081774E-01
  9.5874210693860129E-01
  9.5874210691695383E-01
  9.5874208345477341E-01
  9.5874210614736355E-01
  9.5874210689215478E-01
  9.5874210688750749E-01
  9.5874210688344363E-01
  9.5874210687979211E-01
  9.5874210687654471E-01
  9.5874210687419803E-01
  9.5874210687101191E-01
  9.5874210686940375E-01
  9.5874210686746553E-01
  9.5874210686570382E-01
  9.5874210686403705E-01
  9.5874210686256445E-01
  9.5874210686180095E-01
  9.5874210686035832E-01
  9.5874210686011396E-01
  9.5874210685885963E-01
  9.5874210685836025E-01
  9.5874210685789285E-01
  9.5874210685736883E-01
  9.5874210685721761E-01
  9.5874210685733785E-01
  9.5874210685700734E-01
  9.5874210685710681E-01
  9.5874210692047257E-01
  9.5874210692063233E-01
  9.5874210692067885E-01
  9.5874210692054462E-01
  9.5874210692075457E-01
  9.5874210685963746E-01
  9.5874210686068129E-01
  9.5874210686183248E-01
  9.5874210686305450E-01
  9.5874210686454930E-01
  9.5874210686631833E-01
  9.5874210686819927E-01
  9.5874210687064165E-01
  9.5874210687327666E-01
  9.5874210687642436E-01
  9.5874210688028749E-01
  9.5874210688486872E-01
  9.5874210689043304E-01
  9.5874210689762751E-01
  9.5874210690675177E-01
  9.5874210691916839E-01
  9.6093750000000000E-01
  9.6875000000000000E-01
  9.7656250000000000E-01
  9.8437500000000000E-01
  9.9218750000000000E-01
  1.0000000000000000E+00
  0.0000000000000000E+00
  0.0000000000000000E+00
  0.0000000000000000E+00
  0.0000000000000000E+00
  0.0000000000000000E+00
  0.0000000000000000E+00
  0.0000000000000000E+00
  0.0000000000000000E+00
  0.0000000000000000E+00
  0.0000000000000000E+00
  0.0000000000000000E+00
  0.0000000000000000E+00
  0.0000000000000000E+00
  0.0000000000000000E+00
  0.0000000000000000E+00
  0.0000000000000000E+00
  0.0000000000000000E+00
  0.0000000000000000E+00
  0.0000000000000000E+00
  0.0000000000000000E+00
  0.0000000000000000E+00
  0.0000000000000000E+00
  0.0000000000000000E+00
  0.0000000000000000E+00
  0.0000000000000000E+00
  0.0000000000000000E+00
  0.0000000000000000E+00
  0.0000000000000000E+00
  0.0000000000000000E+00
  9.5875466678100929E-01
  9.5875466680532173E-01
  9.5875466683088684E-01
  9.5875466677699028E-01
  9.5875466678110610E-01
  9.5875466678576771E-01
  9.5875466678926835E-01
  9.5875466679277777E-01
  9.5875466679786903E-01
  9.5875466680201127E-01
  9.5875466680656607E-01
  9.5875466681039567E-01
  9.5875466681511556E-01
  9.5875466681956745E-01
  9.5875466682300536E-01
  9.5875466677361942E-01
  9.5875466677423937E-01
  9.5875466677520882E-01
  9.5875466677552879E-01
  9.5875466677743493E-01
  9.5875466677821097E-01
  9.5875466677865662E-01
  9.5875466677949572E-01
  9.5875466678008225E-01
  9.5875466678085863E-01
  9.5875466678170207E-01
  9.5875466678326315E-01
  9.5875466678368604E-01
  9.5875466678511101E-01
  9.5875466678476629E-01
  9.5875466678658883E-01
  9.5875466678718579E-01
  9.5875466678785981E-01
  9.5875466678871057E-01
  9.5875466679073262E-01
  9.5875466679159616E-01
  9.5875466679233501E-01
  9.5875466679305066E-01
  9.5875466679403853E-01
  9.5875466679538468E-01
  9.5875466679735599E-01
  9.5875466679750110E-01
  9.5875466679867027E-01
  9.5875466679977361E-01
  9.5875466680125598E-01
  9.5875466680303201E-01
  9.5875466677208210E-01
  9.5875466674880894E-01
  9.5875464321627246E-01
  9.5875466597702530E-01
  9.5875466672405518E-01
  9.5875466671904475E-01
  9.5875466671456766E-01
  9.5875466671158105E-01
  9.5875466670777520E-01
  9.5875466670539800E-01
  9.5875466670293308E-01
  9.5875466670088316E-01
  9.5875466669869758E-01
  9.5875466669725629E-01
  9.5875466669578902E-01
  9.5875466669454024E-01
  9.5875466669299381E-01
  9.5875466669218701E-01
  9.5875466669157083E-01
  9.5875466669042364E-01
  9.5875466668986853E-01
  9.5875466668948539E-01
  9.5875466668904730E-01
  9.5875466668878417E-01
  9.5875466668869569E-01
  9.5875466668832665E-01
  9.5875466675226240E-01
  9.5875466675226895E-01
  9.5875466675246779E-01
  9.5875466675245868E-01
  9.5875466675251764E-01
  9.5875466675229548E-01
  9.5875466675241372E-01
  9.5875466669218912E-01
  9.5875466669336440E-01
  9.5875466669459519E-01
  9.5875466669615239E-01
  9.5875466669782861E-01
  9.5875466669966269E-01
  9.5875466670204890E-01
  9.5875466670491927E-01
  9.5875466670801690E-01
  9.5875466671193244E-01
  9.5875466671635767E-01
  9.5875466672205334E-01
  9.5875466672923926E-01
  9.5875466673852539E-01
  9.5875466675099674E-01
  9.6093750000000000E-01
  9.6875000000000000E-01
  9.7656250000000000E-01
  9.8437500000000000E-01
  9.9218750000000000E-01
  1.0000000000000000E+00
  0.0000000000000000E+00
  0.0000000000000000E+00
  0.0000000000000000E+00
  0.0000000000000000E+00
  0.0000000000000000E+00
  0.0000000000000000E+00
  0.0000000000000000E+00
  0.0000000000000000E+00
  0.0000000000000000E+00
  0.0000000000000000E+00
  0.0000000000000000E+00
  0.0000000000000000E+00
  0.0000000000000000E+00
  0.0000000000000000E+00
  0.0000000000000000E+00
  0.0000000000000000E+00
  0.0000000000000000E+00
  0.0000000000000000E+00
  0.0000000000000000E+00
  0.0000000000000000E+00
  0.0000000000000000E+00
  0.0000000000000000E+00
  0.0000000000000000E+00
  0.0000000000000000E+00
  0.0000000000000000E+00
  0.0000000000000000E+00
  0.0000000000000000E+00
  0.0000000000000000E+00
  0.0000000000000000E+00
  9.5876721239350604E-01
  9.5876721241895035E-01
  9.5876721244479990E-01
  9.5876721239129337E-01
  9.5876721239485885E-01
  9.5876721239885498E-01
  9.5876721240256280E-01
  9.5876721240613727E-01
  9.5876721241155238E-01
  9.5876721241551810E-01
  9.5876721241964946E-01
  9.5876721242400820E-01
  9.5876721242831309E-01
  9.5876721243295038E-01
  9.5876721243761553E-01
  9.5876721238792473E-01
  9.5876721238857210E-01
  9.5876721238810980E-01
  9.5876721238914953E-01
  9.5876721239035367E-01
  9.5876721239105811E-01
  9.5876721239174556E-01
  9.5876721239339535E-01
  9.5876721239348084E-01
  9.5876721239433238E-01
  9.5876721239554441E-01
  9.5876721239650531E-01
  9.5876721239687446E-01
  9.5876721239732354E-01
  9.5876721239915685E-01
  9.5876721240057949E-01
  9.5876721240150387E-01
  9.5876721240163609E-01
  9.5876721240223772E-01
  9.5876721240339258E-01
  9.5876721240497764E-01
  9.5876721240561613E-01
  9.5876721240688678E-01
  9.5876721240764418E-01
  9.5876721240940466E-01
  9.5876721241067175E-01
  9.5876721241111296E-01
  9.5876721241282681E-01
  9.5876721241393037E-01
  9.5876721241471796E-01
  9.5876721241641516E-01
  9.5876721238666940E-01
  9.5876721236339457E-01
  9.5876718875847577E-01
  9.5876721158875289E-01
  9.5876721233757689E-01
  9.5876721233212736E-01
  9.5876721232782613E-01
  9.5876721232470896E-01
  9.5876721232184670E-01
  9.5876721231863604E-01
  9.5876721231656870E-01
  9.5876721231407280E-01
  9.5876721231216477E-01
  9.5876721231067652E-01
  9.5876721230889705E-01
  9.5876721230763595E-01
  9.5876721230641626E-01
  9.5876721230547290E-01
  9.5876721230429907E-01
  9.5876721230381257E-01
  9.5876721230287953E-01
  9.5876721230232143E-01
  9.5876721230250161E-01
  9.5876721230221895E-01
  9.5876721230201578E-01
  9.5876721236600437E-01
  9.5876721236583085E-01
  9.5876721236583951E-01
  9.5876721236583373E-01
  9.5876721236587237E-01
  9.5876721236578444E-01
  9.5876721236572382E-01
  9.5876721236586426E-01
  9.5876721230525475E-01
  9.5876721230647488E-01
  9.5876721230791939E-01
  9.5876721230941531E-01
  9.5876721231099604E-01
  9.5876721231298567E-01
  9.5876721231516704E-01
  9.5876721231793205E-01
  9.5876721232119400E-01
  9.5876721232498918E-01
  9.5876721232961581E-01
  9.5876721233531692E-01
  9.5876721234250994E-01
  9.5876721235184315E-01
  9.5876721236424511E-01
  9.6093750000000000E-01
  9.6875000000000000E-01
  9.7656250000000000E-01
  9.8437500000000000E-01
  9.9218750000000000E-01
  1.0000000000000000E+00
  0.0000000000000000E+00
  0.0000000000000000E+00
  0.0000000000000000E+00
  0.0000000000000000E+00
  0.0000000000000000E+00
  0.0000000000000000E+00
  0.0000000000000000E+00
  0.0000000000000000E+00
  0.0000000000000000E+00
  0.0000000000000000E+00
  0.0000000000000000E+00
  0.0000000000000000E+00
  0.0000000000000000E+00
  0.0000000000000000E+00
  0.0000000000000000E+00
  0.0000000000000000E+00
  0.0000000000000000E+00
  0.0000000000000000E+00
  0.0000000000000000E+00
  0.0000000000000000E+00
  0.0000000000000000E+00
  0.0000000000000000E+00
  0.0000000000000000E+00
  0.0000000000000000E+00
  0.0000000000000000E+00
  0.0000000000000000E+00
  0.0000000000000000E+00
  0.0000000000000000E+00
  0.0000000000000000E+00
  9.5877974380776343E-01
  9.5877974383231046E-01
  9.5877974385835973E-01
  9.5877974380555286E-01
  9.5877974380891307E-01
  9.5877974381379005E-01
  9.5877974381819209E-01
  9.5877974382229381E-01
  9.5877974382624753E-01
  9.5877974382979991E-01
  9.5877974383449560E-01
  9.5877974383896536E-01
  9.5877974384345932E-01
  9.5877974384722775E-01
  9.5877974385275688E-01
  9.5877974380233588E-01
  9.5877974380299369E-01
  9.5877974380317843E-01
  9.5877974380428888E-01
  9.5877974380445852E-01
  9.5877974380589337E-01
  9.5877974380649034E-01
  9.5877974380729447E-01
  9.5877974380871622E-01
  9.5877974380985198E-01
  9.5877974381011632E-01
  9.5877974381069764E-01
  9.5877974381222830E-01
  9.5877974381333397E-01
  9.5877974381325570E-01
  9.5877974381450481E-01
  9.5877974381597642E-01
  9.5877974381691677E-01
  9.5877974381766773E-01
  9.5877974381924203E-01
  9.5877974382041953E-01
  9.5877974382132547E-01
  9.5877974382207154E-01
  9.5877974382278031E-01
  9.5877974382475617E-01
  9.5877974382585596E-01
  9.5877974382639919E-01
  9.5877974382766828E-01
  9.5877974382895104E-01
  9.5877974383034248E-01
  9.5877974383100062E-01
  9.5877974380284214E-01
  9.5877974377842767E-01
  9.5877972010259305E-01
  9.5877974300178304E-01
  9.5877974375267738E-01
  9.5877974374725106E-01
  9.5877974374286246E-01
  9.5877974373955910E-01
  9.5877974373571018E-01
  9.5877974373343577E-01
  9.5877974373084385E-01
  9.5877974372848751E-01
  9.5877974372673647E-01
  9.5877974372472974E-01
  9.5877974372376074E-01
  9.5877974372193520E-01
  9.5877974372133679E-01
  9.5877974372003127E-01
  9.5877974371882324E-01
  9.5877974371826724E-01
  9.5877974371764685E-01
  9.5877974371698138E-01
  9.5877974371710972E-01
  9.5877974371646080E-01
  9.5877974371631669E-01
  9.5877974378042463E-01
  9.5877974378060438E-01
  9.5877974378034525E-01
  9.5877974378066533E-01
  9.5877974378043063E-01
  9.5877974378076636E-01
  9.5877974378059594E-01
  9.5877974378049990E-01
  9.5877974378084563E-01
  9.5877974372089336E-01
  9.5877974372244934E-01
  9.5877974372373787E-01
  9.5877974372563368E-01
  9.5877974372743069E-01
  9.5877974372981045E-01
  9.5877974373250996E-01
  9.5877974373581343E-01
  9.5877974373971775E-01
  9.5877974374424979E-01
  9.5877974374998842E-01
  9.5877974375717145E-01
  9.5877974376652009E-01
  9.5877974377909592E-01
  9.6093750000000000E-01
  9.6875000000000000E-01
  9.7656250000000000E-01
  9.8437500000000000E-01
  9.9218750000000000E-01
  1.0000000000000000E+00
  0.0000000000000000E+00
  0.0000000000000000E+00
  0.0000000000000000E+00
  0.0000000000000000E+00
  0.0000000000000000E+00
  0.0000000000000000E+00
  0.0000000000000000E+00
  0.0000000000000000E+00
  0.0000000000000000E+00
  0.0000000000000000E+00
  0.0000000000000000E+00
  0.0000000000000000E+00
  0.0000000000000000E+00
  0.0000000000000000E+00
  0.0000000000000000E+00
  0.0000000000000000E+00
  0.0000000000000000E+00
  0.0000000000000000E+00
  0.0000000000000000E+00
  0.0000000000000000E+00
  0.0000000000000000E+00
  0.0000000000000000E+00
  0.0000000000000000E+00
  0.0000000000000000E+00
  0.0000000000000000E+00
  0.0000000000000000E+00
  0.0000000000000000E+00
  0.0000000000000000E+00
  0.0000000000000000E+00
  9.5879226104318782E-01
  9.5879226106948490E-01
  9.5879226109400295E-01
  9.5879226104146598E-01
  9.5879226104521409E-01
  9.5879226105030102E-01
  9.5879226105359516E-01
  9.5879226105806536E-01
  9.5879226106297211E-01
  9.5879226106661486E-01
  9.5879226107059778E-01
  9.5879226107533022E-01
  9.5879226107949522E-01
  9.5879226108418958E-01
  9.5879226108910642E-01
  9.5879226103740944E-01
  9.5879226103839643E-01
  9.5879226103938220E-01
  9.5879226104071491E-01
  9.5879226104156556E-01
  9.5879226104257231E-01
  9.5879226104280724E-01
  9.5879226104329141E-01
  9.5879226104458737E-01
  9.5879226104460369E-01
  9.5879226104573800E-01
  9.5879226104745119E-01
  9.5879226104790005E-01
  9.5879226104825344E-01
  9.5879226104914861E-01
  9.5879226105089743E-01
  9.5879226105132542E-01
  9.5879226105216997E-01
  9.5879226105311055E-01
  9.5879226105534143E-01
  9.5879226105634718E-01
  9.5879226105648452E-01
  9.5879226105800441E-01
  9.5879226105868964E-01
  9.5879226106026227E-01
  9.5879226106123094E-01
  9.5879226106209325E-01
  9.5879226106331161E-01
  9.5879226106480542E-01
  9.5879226106588133E-01
  9.5879226106793758E-01
  9.5879226104032933E-01
  9.5879226101469350E-01
  9.5879226024969377E-01
  9.5879226023684994E-01
  9.5879226098793191E-01
  9.5879226098341053E-01
  9.5879226097857428E-01
  9.5879226097515513E-01
  9.5879226097159120E-01
  9.5879226096902614E-01
  9.5879226096675096E-01
  9.5879226096437553E-01
  9.5879226096234371E-01
  9.5879226096071146E-01
  9.5879226095903836E-01
  9.5879226095796577E-01
  9.5879226095688119E-01
  9.5879226095539771E-01
  9.5879226095490566E-01
  9.5879226095411918E-01
  9.5879226095348125E-01
  9.5879226095292458E-01
  9.5879226095224290E-01
  9.5879226095226988E-01
  9.5879226101660586E-01
  9.5879226101654591E-01
  9.5879226101646919E-01
  9.5879226101649462E-01
  9.5879226101649007E-01
  9.5879226101623183E-01
  9.5879226101630266E-01
  9.5879226101656090E-01
  9.5879226101637249E-01
  9.5879226101655080E-01
  9.5879226095671111E-01
  9.5879226095806458E-01
  9.5879226095957926E-01
  9.5879226096111270E-01
  9.5879226096318837E-01
  9.5879226096546299E-01
  9.5879226096818992E-01
  9.5879226097157844E-01
  9.5879226097530224E-01
  9.5879226097999293E-01
  9.5879226098585779E-01
  9.5879226099292569E-01
  9.5879226100236681E-01
  9.5879226101487736E-01
  9.6093750000000000E-01
  9.6875000000000000E-01
  9.7656250000000000E-01
  9.8437500000000000E-01
  9.9218750000000000E-01
  1.0000000000000000E+00
  0.0000000000000000E+00
  0.0000000000000000E+00
  0.0000000000000000E+00
  0.0000000000000000E+00
  0.0000000000000000E+00
  0.0000000000000000E+00
  0.0000000000000000E+00
  0.0000000000000000E+00
  0.0000000000000000E+00
  0.0000000000000000E+00
  0.0000000000000000E+00
  0.0000000000000000E+00
  0.0000000000000000E+00
  0.0000000000000000E+00
  0.0000000000000000E+00
  0.0000000000000000E+00
  0.0000000000000000E+00
  0.0000000000000000E+00
  0.0000000000000000E+00
  0.0000000000000000E+00
  0.0000000000000000E+00
  0.0000000000000000E+00
  0.0000000000000000E+00
  0.0000000000000000E+00
  0.0000000000000000E+00
  0.0000000000000000E+00
  0.0000000000000000E+00
  0.0000000000000000E+00
  0.0000000000000000E+00
  9.5880476411963944E-01
  9.5880476414579918E-01
  9.5880476417039340E-01
  9.5880476411860116E-01
  9.5880476412131854E-01
  9.5880476412565974E-01
  9.5880476413011273E-01
  9.5880476413476401E-01
  9.5880476413938354E-01
  9.5880476414264404E-01
  9.5880476414757843E-01
  9.5880476415107374E-01
  9.5880476415566374E-01
  9.5880476416101801E-01
  9.5880476416491078E-01
  9.5880476411522764E-01
  9.5880476411502957E-01
  9.5880476411626159E-01
  9.5880476411641680E-01
  9.5880476411746107E-01
  9.5880476411897331E-01
  9.5880476411945681E-01
  9.5880476412049831E-01
  9.5880476412117743E-01
  9.5880476412271465E-01
  9.5880476412344440E-01
  9.5880476412357429E-01
  9.5880476412449100E-01
  9.5880476412558668E-01
  9.5880476412674431E-01
  9.5880476412719329E-01
  9.5880476412866933E-01
  9.5880476412946025E-01
  9.5880476413083415E-01
  9.5880476413135218E-01
  9.5880476413265647E-01
  9.5880476413315741E-01
  9.5880476413463822E-01
  9.5880476413573634E-01
  9.5880476413677529E-01
  9.5880476413803972E-01
  9.5880476413963078E-01
  9.5880476414066163E-01
  9.5880476414162008E-01
  9.5880476414260496E-01
  9.5880476414405824E-01
  9.5880476412060001E-01
  9.5880476409077509E-01
  9.5880476332422993E-01
  9.5880476331131670E-01
  9.5880476406488513E-01
  9.5880476405988790E-01
  9.5880476405528603E-01
  9.5880476405191062E-01
  9.5880476404881310E-01
  9.5880476404580439E-01
  9.5880476404298220E-01
  9.5880476404081549E-01
  9.5880476403904225E-01
  9.5880476403723458E-01
  9.5880476403536241E-01
  9.5880476403428538E-01
  9.5880476403306458E-01
  9.5880476403212322E-01
  9.5880476403133730E-01
  9.5880476403052439E-01
  9.5880476402967896E-01
  9.5880476402904569E-01
  9.5880476402900938E-01
  9.5880476402855763E-01
  9.5880476409299886E-01
  9.5880476409303428E-01
  9.5880476409328885E-01
  9.5880476409296800E-01
  9.5880476409291937E-01
  9.5880476409310689E-01
  9.5880476409318094E-01
  9.5880476409325632E-01
  9.5880476409318927E-01
  9.5880476409336290E-01
  9.5880476403330162E-01
  9.5880476403453729E-01
  9.5880476403598980E-01
  9.5880476403765524E-01
  9.5880476403973791E-01
  9.5880476404197135E-01
  9.5880476404480663E-01
  9.5880476404802217E-01
  9.5880476405201509E-01
  9.5880476405659576E-01
  9.5880476406231496E-01
  9.5880476406955017E-01
  9.5880476407885740E-01
  9.5880476409159188E-01
  9.6093750000000000E-01
  9.6875000000000000E-01
  9.7656250000000000E-01
  9.8437500000000000E-01
  9.9218750000000000E-01
  1.0000000000000000E+00
  0.0000000000000000E+00
  0.0000000000000000E+00
  0.0000000000000000E+00
  0.0000000000000000E+00
  0.0000000000000000E+00
  0.0000000000000000E+00
  0.0000000000000000E+00
  0.0000000000000000E+00
  0.0000000000000000E+00
  0.0000000000000000E+00
  0.0000000000000000E+00
  0.0000000000000000E+00
  0.0000000000000000E+00
  0.0000000000000000E+00
  0.0000000000000000E+00
  0.0000000000000000E+00
  0.0000000000000000E+00
  0.0000000000000000E+00
  0.0000000000000000E+00
  0.0000000000000000E+00
  0.0000000000000000E+00
  0.0000000000000000E+00
  0.0000000000000000E+00
  0.0000000000000000E+00
  0.0000000000000000E+00
  0.0000000000000000E+00
  0.0000000000000000E+00
  0.0000000000000000E+00
  0.0000000000000000E+00
  9.5881725305617238E-01
  9.5881725308250287E-01
  9.5881725310784771E-01
  9.5881725305562837E-01
  9.5881725305843490E-01
  9.5881725306357202E-01
  9.5881725306782550E-01
  9.5881725307181409E-01
  9.5881725307569554E-01
  9.5881725308031007E-01
  9.5881725308538768E-01
  9.5881725308962507E-01
  9.5881725309401278E-01
  9.5881725309763832E-01
  9.5881725310189903E-01
  9.5881725305254040E-01
  9.5881725305341481E-01
  9.5881725305303811E-01
  9.5881725305431131E-01
  9.5881725305561660E-01
  9.5881725305643806E-01
  9.5881725305739929E-01
  9.5881725305772736E-01
  9.5881725305828858E-01
  9.5881725305976306E-01
  9.5881725306046373E-01
  9.5881725306110321E-01
  9.5881725306133836E-01
  9.5881725306229559E-01
  9.5881725306360521E-01
  9.5881725306492827E-01
  9.5881725306616172E-01
  9.5881725306699939E-01
  9.5881725306799070E-01
  9.5881725306841559E-01
  9.5881725306990429E-01
  9.5881725307144972E-01
  9.5881725307171428E-01
  9.5881725307351806E-01
  9.5881725307447807E-01
  9.5881725307492294E-01
  9.5881725307617049E-01
  9.5881725307766297E-01
  9.5881725307932275E-01
  9.5881725308047694E-01
  9.5881725308158339E-01
  9.5881725308241794E-01
  9.5881725302908627E-01
  9.5881725226030390E-01
  9.5881725224633074E-01
  9.5881725300172038E-01
  9.5881725299682530E-01
  9.5881725299215737E-01
  9.5881725298881149E-01
  9.5881725298582832E-01
  9.5881725298219800E-01
  9.5881725298049714E-01
  9.5881725297830123E-01
  9.5881725297619669E-01
  9.5881725297382836E-01
  9.5881725297301335E-01
  9.5881725297113329E-01
  9.5881725297046749E-01
  9.5881725296869691E-01
  9.5881725296778375E-01
  9.5881725296722609E-01
  9.5881725296638809E-01
  9.5881725296588360E-01
  9.5881725296589815E-01
  9.5881725296522702E-01
  9.5881725303021026E-01
  9.5881725303018728E-01
  9.5881725303015841E-01
  9.5881725303020315E-01
  9.5881725303020060E-01
  9.5881725302999132E-01
  9.5881725303021514E-01
  9.5881725303030341E-01
  9.5881725303050291E-01
  9.5881725303052467E-01
  9.5881725303047460E-01
  9.5881725297116760E-01
  9.5881725297272979E-01
  9.5881725297463105E-01
  9.5881725297662646E-01
  9.5881725297899500E-01
  9.5881725298184661E-01
  9.5881725298500731E-01
  9.5881725298884501E-01
  9.5881725299345144E-01
  9.5881725299931786E-01
  9.5881725300648790E-01
  9.5881725301596465E-01
  9.5881725302863741E-01
  9.6093750000000000E-01
  9.6875000000000000E-01
  9.7656250000000000E-01
  9.8437500000000000E-01
  9.9218750000000000E-01
  1.0000000000000000E+00
  0.0000000000000000E+00
  0.0000000000000000E+00
  0.0000000000000000E+00
  0.0000000000000000E+00
  0.0000000000000000E+00
  0.0000000000000000E+00
  0.0000000000000000E+00
  0.0000000000000000E+00
  0.0000000000000000E+00
  0.0000000000000000E+00
  0.0000000000000000E+00
  0.0000000000000000E+00
  0.0000000000000000E+00
  0.0000000000000000E+00
  0.0000000000000000E+00
  0.0000000000000000E+00
  0.0000000000000000E+00
  0.0000000000000000E+00
  0.0000000000000000E+00
  0.0000000000000000E+00
  0.0000000000000000E+00
  0.0000000000000000E+00
  0.0000000000000000E+00
  0.0000000000000000E+00
  0.0000000000000000E+00
  0.0000000000000000E+00
  0.0000000000000000E+00
  0.0000000000000000E+00
  0.0000000000000000E+00
  9.5882972787372023E-01
  9.5882972789982268E-01
  9.5882972792494070E-01
  9.5882972787156440E-01
  9.5882972787697773E-01
  9.5882972788081078E-01
  9.5882972788507870E-01
  9.5882972788896148E-01
  9.5882972789355148E-01
  9.5882972789694598E-01
  9.5882972790130694E-01
  9.5882972790683552E-01
  9.5882972791070809E-01
  9.5882972791525256E-01
  9.5882972791985499E-01
  9.5882972786918386E-01
  9.5882972786948573E-01
  9.5882972787127796E-01
  9.5882972787117193E-01
  9.5882972787176513E-01
  9.5882972787376508E-01
  9.5882972787315868E-01
  9.5882972787403331E-01
  9.5882972787543386E-01
  9.5882972787696863E-01
  9.5882972787778376E-01
  9.5882972787781395E-01
  9.5882972787898890E-01
  9.5882972788016330E-01
  9.5882972788055643E-01
  9.5882972788149545E-01
  9.5882972788285969E-01
  9.5882972788452880E-01
  9.5882972788506615E-01
  9.5882972788594445E-01
  9.5882972788685905E-01
  9.5882972788831622E-01
  9.5882972788915555E-01
  9.5882972789055421E-01
  9.5882972789176568E-01
  9.5882972789290521E-01
  9.5882972789427612E-01
  9.5882972789499654E-01
  9.5882972789669374E-01
  9.5882972789736043E-01
  9.5882972789936927E-01
  9.5882972789964704E-01
  9.5882972784566645E-01
  9.5882972707573222E-01
  9.5882972706254432E-01
  9.5882972781949283E-01
  9.5882972781435094E-01
  9.5882972780964171E-01
  9.5882972780568665E-01
  9.5882972780276621E-01
  9.5882972779955644E-01
  9.5882972779677633E-01
  9.5882972779512154E-01
  9.5882972779295494E-01
  9.5882972779093356E-01
  9.5882972778975128E-01
  9.5882972778827047E-01
  9.5882972778688202E-01
  9.5882972778589293E-01
  9.5882972778478426E-01
  9.5882972778434239E-01
  9.5882972778337527E-01
  9.5882972778322706E-01
  9.5882972778266651E-01
  9.5882972784738152E-01
  9.5882972784762643E-01
  9.5882972784746801E-01
  9.5882972784738185E-01
  9.5882972784755627E-01
  9.5882972784712583E-01
  9.5882972784748488E-01
  9.5882972784733789E-01
  9.5882972784736142E-01
  9.5882972784731757E-01
  9.5882972784736087E-01
  9.5882972784767784E-01
  9.5882972778811737E-01
  9.5882972778991671E-01
  9.5882972779144149E-01
  9.5882972779351661E-01
  9.5882972779593045E-01
  9.5882972779861830E-01
  9.5882972780185460E-01
  9.5882972780586972E-01
  9.5882972781061526E-01
  9.5882972781626297E-01
  9.5882972782352383E-01
  9.5882972783297393E-01
  9.5882972784575127E-01
  9.6093750000000000E-01
  9.6875000000000000E-01
  9.7656250000000000E-01
  9.8437500000000000E-01
  9.9218750000000000E-01
  1.0000000000000000E+00
  0.0000000000000000E+00
  0.0000000000000000E+00
  0.0000000000000000E+00
  0.0000000000000000E+00
  0.0000000000000000E+00
  0.0000000000000000E+00
  0.0000000000000000E+00
  0.0000000000000000E+00
  0.0000000000000000E+00
  0.0000000000000000E+00
  0.0000000000000000E+00
  0.0000000000000000E+00
  0.0000000000000000E+00
  0.0000000000000000E+00
  0.0000000000000000E+00
  0.0000000000000000E+00
  0.0000000000000000E+00
  0.0000000000000000E+00
  0.0000000000000000E+00
  0.0000000000000000E+00
  0.0000000000000000E+00
  0.0000000000000000E+00
  0.0000000000000000E+00
  0.0000000000000000E+00
  0.0000000000000000E+00
  0.0000000000000000E+00
  0.0000000000000000E+00
  0.0000000000000000E+00
  0.0000000000000000E+00
  9.5884218859009329E-01
  9.5884218861618808E-01
  9.5884218864214621E-01
  9.5884218858969095E-01
  9.5884218859396353E-01
  9.5884218859715531E-01
  9.5884218860207804E-01
  9.5884218860665904E-01
  9.5884218861068748E-01
  9.5884218861490222E-01
  9.5884218861819748E-01
  9.5884218862262938E-01
  9.5884218862790394E-01
  9.5884218863208881E-01
  9.5884218863597759E-01
  9.5884218858559400E-01
  9.5884218858613757E-01
  9.5884218858820458E-01
  9.5884218858898462E-01
  9.5884218858932446E-01
  9.5884218858986381E-01
  9.5884218859145887E-01
  9.5884218859141312E-01
  9.5884218859274617E-01
  9.5884218859296966E-01
  9.5884218859459236E-01
  9.5884218859546166E-01
  9.5884218859550652E-01
  9.5884218859709303E-01
  9.5884218859839643E-01
  9.5884218859955506E-01
  9.5884218860003934E-01
  9.5884218860135073E-01
  9.5884218860202819E-01
  9.5884218860332338E-01
  9.5884218860423287E-01
  9.5884218860468795E-01
  9.5884218860627046E-01
  9.5884218860781112E-01
  9.5884218860840820E-01
  9.5884218860940318E-01
  9.5884218861125781E-01
  9.5884218861190762E-01
  9.5884218861380344E-01
  9.5884218861414028E-01
  9.5884218861531900E-01
  9.5884218861757342E-01
  9.5884218856318915E-01
  9.5884218779135355E-01
  9.5884218777668273E-01
  9.5884218853627479E-01
  9.5884218853051173E-01
  9.5884218852584580E-01
  9.5884218852262415E-01
  9.5884218851889613E-01
  9.5884218851613301E-01
  9.5884218851365566E-01
  9.5884218851180913E-01
  9.5884218850911951E-01
  9.5884218850792369E-01
  9.5884218850609426E-01
  9.5884218850460723E-01
  9.5884218850363312E-01
  9.5884218850255687E-01
  9.5884218850165492E-01
  9.5884218850109870E-01
  9.5884218850032799E-01
  9.5884218849956326E-01
  9.5884218849916558E-01
  9.5884218856453896E-01
  9.5884218856430925E-01
  9.5884218856427106E-01
  9.5884218856402637E-01
  9.5884218856383141E-01
  9.5884218856402503E-01
  9.5884218856400250E-01
  9.5884218856412462E-01
  9.5884218856393333E-01
  9.5884218856431969E-01
  9.5884218856432224E-01
  9.5884218856443637E-01
  9.5884218850471026E-01
  9.5884218850613367E-01
  9.5884218850801106E-01
  9.5884218850998892E-01
  9.5884218851245318E-01
  9.5884218851510816E-01
  9.5884218851842207E-01
  9.5884218852242686E-01
  9.5884218852712588E-01
  9.5884218853290815E-01
  9.5884218854024217E-01
  9.5884218854967429E-01
  9.5884218856240555E-01
  9.6093750000000000E-01
  9.6875000000000000E-01
  9.7656250000000000E-01
  9.8437500000000000E-01
  9.9218750000000000E-01
  1.0000000000000000E+00
  0.0000000000000000E+00
  0.0000000000000000E+00
  0.0000000000000000E+00
  0.0000000000000000E+00
  0.0000000000000000E+00
  0.0000000000000000E+00
  0.0000000000000000E+00
  0.0000000000000000E+00
  0.0000000000000000E+00
  0.0000000000000000E+00
  0.0000000000000000E+00
  0.0000000000000000E+00
  0.0000000000000000E+00
  0.0000000000000000E+00
  0.0000000000000000E+00
  0.0000000000000000E+00
  0.0000000000000000E+00
  0.0000000000000000E+00
  0.0000000000000000E+00
  0.0000000000000000E+00
  0.0000000000000000E+00
  0.0000000000000000E+00
  0.0000000000000000E+00
  0.0000000000000000E+00
  0.0000000000000000E+00
  0.0000000000000000E+00
  0.0000000000000000E+00
  0.0000000000000000E+00
  0.0000000000000000E+00
  9.5885463522613190E-01
  9.5885463525222381E-01
  9.5885463527685799E-01
  9.5885463522577152E-01
  9.5885463522841563E-01
  9.5885463523335912E-01
  9.5885463523766601E-01
  9.5885463524229164E-01
  9.5885463524590886E-01
  9.5885463524982373E-01
  9.5885463525467329E-01
  9.5885463525931447E-01
  9.5885463526371306E-01
  9.5885463526831072E-01
  9.5885463527285852E-01
  9.5885463522216841E-01
  9.5885463522259018E-01
  9.5885463522279368E-01
  9.5885463522343406E-01
  9.5885463522568004E-01
  9.5885463522501957E-01
  9.5885463522604719E-01
  9.5885463522751058E-01
  9.5885463522902969E-01
  9.5885463522998615E-01
  9.5885463522956982E-01
  9.5885463523074865E-01
  9.5885463523138592E-01
  9.5885463523239667E-01
  9.5885463523388292E-01
  9.5885463523550096E-01
  9.5885463523556325E-01
  9.5885463523695957E-01
  9.5885463523820991E-01
  9.5885463523943493E-01
  9.5885463524035108E-01
  9.5885463524168080E-01
  9.5885463524188796E-01
  9.5885463524274883E-01
  9.5885463524415904E-01
  9.5885463524557324E-01
  9.5885463524710657E-01
  9.5885463524770975E-01
  9.5885463524938186E-01
  9.5885463525089087E-01
  9.5885463525158510E-01
  9.5885463525287196E-01
  9.5885463519930936E-01
  9.5885463442509955E-01
  9.5885463441101859E-01
  9.5885463517220726E-01
  9.5885463516673797E-01
  9.5885463516189995E-01
  9.5885463515797686E-01
  9.5885463515468272E-01
  9.5885463515226965E-01
  9.5885463514941216E-01
  9.5885463514717340E-01
  9.5885463514475744E-01
  9.5885463514361224E-01
  9.5885463514149394E-01
  9.5885463514046809E-01
  9.5885463513952107E-01
  9.5885463513822311E-01
  9.5885463513733205E-01
  9.5885463513639768E-01
  9.5885463513568181E-01
  9.5885463513508251E-01
  9.5885463513464098E-01
  9.5885463520039016E-01
  9.5885463520002612E-01
  9.5885463519998171E-01
  9.5885463519985537E-01
  9.5885463520001935E-01
  9.5885463519995551E-01
  9.5885463519992686E-01
  9.5885463519984548E-01
  9.5885463520009329E-01
  9.5885463520001257E-01
  9.5885463520019265E-01
  9.5885463520007708E-01
  9.5885463520026903E-01
  9.5885463514189229E-01
  9.5885463514359659E-01
  9.5885463514564884E-01
  9.5885463514817337E-01
  9.5885463515083980E-01
  9.5885463515402647E-01
  9.5885463515801861E-01
  9.5885463516271263E-01
  9.5885463516862013E-01
  9.5885463517589364E-01
  9.5885463518542691E-01
  9.5885463519824166E-01
  9.6093750000000000E-01
  9.6875000000000000E-01
  9.7656250000000000E-01
  9.8437500000000000E-01
  9.9218750000000000E-01
  1.0000000000000000E+00
  0.0000000000000000E+00
  0.0000000000000000E+00
  0.0000000000000000E+00
  0.0000000000000000E+00
  0.0000000000000000E+00
  0.0000000000000000E+00
  0.0000000000000000E+00
  0.0000000000000000E+00
  0.0000000000000000E+00
  0.0000000000000000E+00
  0.0000000000000000E+00
  0.0000000000000000E+00
  0.0000000000000000E+00
  0.0000000000000000E+00
  0.0000000000000000E+00
  0.0000000000000000E+00
  0.0000000000000000E+00
  0.0000000000000000E+00
  0.0000000000000000E+00
  0.0000000000000000E+00
  0.0000000000000000E+00
  0.0000000000000000E+00
  0.0000000000000000E+00
  0.0000000000000000E+00
  0.0000000000000000E+00
  0.0000000000000000E+00
  0.0000000000000000E+00
  0.0000000000000000E+00
  0.0000000000000000E+00
  9.5886706779954545E-01
  9.5886706782577702E-01
  9.5886706785055886E-01
  9.5886706779892050E-01
  9.5886706780349584E-01
  9.5886706780770636E-01
  9.5886706781237152E-01
  9.5886706781627629E-01
  9.5886706782021958E-01
  9.5886706782560638E-01
  9.5886706783002107E-01
  9.5886706783434605E-01
  9.5886706783770870E-01
  9.5886706784289655E-01
  9.5886706784652698E-01
  9.5886706779709818E-01
  9.5886706779772446E-01
  9.5886706779787156E-01
  9.5886706779864572E-01
  9.5886706779906505E-01
  9.5886706779962405E-01
  9.5886706780050257E-01
  9.5886706780266195E-01
  9.5886706780331477E-01
  9.5886706780400055E-01
  9.5886706780515074E-01
  9.5886706780538478E-01
  9.5886706780711073E-01
  9.5886706780680975E-01
  9.5886706780896214E-01
  9.5886706781011666E-01
  9.5886706781023412E-01
  9.5886706781082520E-01
  9.5886706781311171E-01
  9.5886706781321296E-01
  9.5886706781500297E-01
  9.5886706781618847E-01
  9.5886706781672160E-01
  9.5886706781854858E-01
  9.5886706781893727E-01
  9.5886706781999043E-01
  9.5886706782144360E-01
  9.5886706782294540E-01
  9.5886706782443398E-01
  9.5886706782542208E-01
  9.5886706782604036E-01
  9.5886706782768061E-01
  9.5886706777415653E-01
  9.5886706699849245E-01
  9.5886706698373947E-01
  9.5886706774621722E-01
  9.5886706774089359E-01
  9.5886706773638886E-01
  9.5886706773281649E-01
  9.5886706772943431E-01
  9.5886706772632213E-01
  9.5886706772349684E-01
  9.5886706772109898E-01
  9.5886706771950925E-01
  9.5886706771766761E-01
  9.5886706771636976E-01
  9.5886706771446351E-01
  9.5886706771318975E-01
  9.5886706771259644E-01
  9.5886706771135388E-01
  9.5886706771056107E-01
  9.5886706771033781E-01
  9.5886706770977936E-01
  9.5886706777459108E-01
  9.5886706777472319E-01
  9.5886706777459452E-01
  9.5886706777448871E-01
  9.5886706777448594E-01
  9.5886706777449726E-01
  9.5886706777412767E-01
  9.5886706777433495E-01
  9.5886706777439490E-01
  9.5886706777420738E-01
  9.5886706777442643E-01
  9.5886706777473207E-01
  9.5886706777466779E-01
  9.5886706777484243E-01
  9.5886706771618679E-01
  9.5886706771791497E-01
  9.5886706771987473E-01
  9.5886706772233044E-01
  9.5886706772520347E-01
  9.5886706772833308E-01
  9.5886706773234454E-01
  9.5886706773706898E-01
  9.5886706774297759E-01
  9.5886706775023733E-01
  9.5886706775975405E-01
  9.5886706777263619E-01
  9.6093750000000000E-01
  9.6875000000000000E-01
  9.7656250000000000E-01
  9.8437500000000000E-01
  9.9218750000000000E-01
  1.0000000000000000E+00
  0.0000000000000000E+00
  0.0000000000000000E+00
  0.0000000000000000E+00
  0.0000000000000000E+00
  0.0000000000000000E+00
  0.0000000000000000E+00
  0.0000000000000000E+00
  0.0000000000000000E+00
  0.0000000000000000E+00
  0.0000000000000000E+00
  0.0000000000000000E+00
  0.0000000000000000E+00
  0.0000000000000000E+00
  0.0000000000000000E+00
  0.0000000000000000E+00
  0.0000000000000000E+00
  0.0000000000000000E+00
  0.0000000000000000E+00
  0.0000000000000000E+00
  0.0000000000000000E+00
  0.0000000000000000E+00
  0.0000000000000000E+00
  0.0000000000000000E+00
  0.0000000000000000E+00
  0.0000000000000000E+00
  0.0000000000000000E+00
  0.0000000000000000E+00
  0.0000000000000000E+00
  0.0000000000000000E+00
  9.5887948633109810E-01
  9.5887948635788767E-01
  9.5887948638430009E-01
  9.5887948633147080E-01
  9.5887948633653686E-01
  9.5887948633965892E-01
  9.5887948634455367E-01
  9.5887948634896325E-01
  9.5887948635308284E-01
  9.5887948635783427E-01
  9.5887948636261033E-01
  9.5887948636584674E-01
  9.5887948637044740E-01
  9.5887948637594345E-01
  9.5887948638029896E-01
  9.5887948632838638E-01
  9.5887948632918174E-01
  9.5887948633086939E-01
  9.5887948633097575E-01
  9.5887948633193887E-01
  9.5887948633264164E-01
  9.5887948633397846E-01
  9.5887948633528164E-01
  9.5887948633593811E-01
  9.5887948633693043E-01
  9.5887948633740272E-01
  9.5887948633877684E-01
  9.5887948633919884E-01
  9.5887948633960307E-01
  9.5887948634131126E-01
  9.5887948634254316E-01
  9.5887948634344877E-01
  9.5887948634374309E-01
  9.5887948634490339E-01
  9.5887948634570275E-01
  9.5887948634755982E-01
  9.5887948634781872E-01
  9.5887948634936049E-01
  9.5887948635017151E-01
  9.5887948635142572E-01
  9.5887948635341158E-01
  9.5887948635440545E-01
  9.5887948635572795E-01
  9.5887948635669362E-01
  9.5887948635743148E-01
  9.5887948635952114E-01
  9.5887948636006826E-01
  9.5887948630748476E-01
  9.5887948552909130E-01
  9.5887948551497115E-01
  9.5887948627848463E-01
  9.5887948627319053E-01
  9.5887948626919306E-01
  9.5887948626496378E-01
  9.5887948626165664E-01
  9.5887948625846475E-01
  9.5887948625623631E-01
  9.5887948625345676E-01
  9.5887948625212105E-01
  9.5887948625014952E-01
  9.5887948624848807E-01
  9.5887948624701980E-01
  9.5887948624586417E-01
  9.5887948624467723E-01
  9.5887948624351105E-01
  9.5887948624302044E-01
  9.5887948624233421E-01
  9.5887948624184993E-01
  9.5887948630715036E-01
  9.5887948630726161E-01
  9.5887948630698117E-01
  9.5887948630673836E-01
  9.5887948630678188E-01
  9.5887948630702513E-01
  9.5887948630707198E-01
  9.5887948630674669E-01
  9.5887948630692055E-01
  9.5887948630670683E-01
  9.5887948630710673E-01
  9.5887948630713016E-01
  9.5887948630709086E-01
  9.5887948630717945E-01
  9.5887948624828856E-01
  9.5887948625034847E-01
  9.5887948625229003E-01
  9.5887948625473196E-01
  9.5887948625750952E-01
  9.5887948626081665E-01
  9.5887948626475750E-01
  9.5887948626954289E-01
  9.5887948627536557E-01
  9.5887948628267694E-01
  9.5887948629225939E-01
  9.5887948630513009E-01
  9.6093750000000000E-01
  9.6875000000000000E-01
  9.7656250000000000E-01
  9.8437500000000000E-01
  9.9218750000000000E-01
  1.0000000000000000E+00
  0.0000000000000000E+00
  0.0000000000000000E+00
  0.0000000000000000E+00
  0.0000000000000000E+00
  0.0000000000000000E+00
  0.0000000000000000E+00
  0.0000000000000000E+00
  0.0000000000000000E+00
  0.0000000000000000E+00
  0.0000000000000000E+00
  0.0000000000000000E+00
  0.0000000000000000E+00
  0.0000000000000000E+00
  0.0000000000000000E+00
  0.0000000000000000E+00
  0.0000000000000000E+00
  0.0000000000000000E+00
  0.0000000000000000E+00
  0.0000000000000000E+00
  0.0000000000000000E+00
  0.0000000000000000E+00
  0.0000000000000000E+00
  0.0000000000000000E+00
  0.0000000000000000E+00
  0.0000000000000000E+00
  0.0000000000000000E+00
  0.0000000000000000E+00
  0.0000000000000000E+00
  0.0000000000000000E+00
  9.5889189084124293E-01
  9.5889189086767779E-01
  9.5889189089331850E-01
  9.5889189084222959E-01
  9.5889189084644133E-01
  9.5889189085125681E-01
  9.5889189085528836E-01
  9.5889189085836501E-01
  9.5889189086412074E-01
  9.5889189086815951E-01
  9.5889189087148174E-01
  9.5889189087669469E-01
  9.5889189088144222E-01
  9.5889189088637161E-01
  9.5889189089078020E-01
  9.5889189083836890E-01
  9.5889189084004389E-01
  9.5889189084127602E-01
  9.5889189084113569E-01
  9.5889189084247406E-01
  9.5889189084232662E-01
  9.5889189084342874E-01
  9.5889189084482629E-01
  9.5889189084588178E-01
  9.5889189084626758E-01
  9.5889189084670012E-01
  9.5889189084857873E-01
  9.5889189084954762E-01
  9.5889189084979221E-01
  9.5889189085185922E-01
  9.5889189085255655E-01
  9.5889189085322957E-01
  9.5889189085379289E-01
  9.5889189085590676E-01
  9.5889189085660920E-01
  9.5889189085756099E-01
  9.5889189085888193E-01
  9.5889189085942561E-01
  9.5889189086096138E-01
  9.5889189086216198E-01
  9.5889189086253501E-01
  9.5889189086457727E-01
  9.5889189086504656E-01
  9.5889189086694293E-01
  9.5889189086807081E-01
  9.5889189086908855E-01
  9.5889189087104187E-01
  9.5889189081753223E-01
  9.5889189003778053E-01
  9.5889189002270081E-01
  9.5889189078886161E-01
  9.5889189078367321E-01
  9.5889189077871084E-01
  9.5889189077516734E-01
  9.5889189077113013E-01
  9.5889189076821779E-01
  9.5889189076634829E-01
  9.5889189076362524E-01
  9.5889189076186732E-01
  9.5889189076002168E-01
  9.5889189075798476E-01
  9.5889189075685433E-01
  9.5889189075545422E-01
  9.5889189075452974E-01
  9.5889189075350978E-01
  9.5889189075294623E-01
  9.5889189075229375E-01
  9.5889189075127035E-01
  9.5889189081725323E-01
  9.5889189081710069E-01
  9.5889189081692172E-01
  9.5889189081700910E-01
  9.5889189081709436E-01
  9.5889189081675941E-01
  9.5889189081682602E-01
  9.5889189081676462E-01
  9.5889189081700399E-01
  9.5889189081705173E-01
  9.5889189081690818E-01
  9.5889189081703008E-01
  9.5889189081701454E-01
  9.5889189081738846E-01
  9.5889189075836756E-01
  9.5889189076008108E-01
  9.5889189076210568E-01
  9.5889189076441661E-01
  9.5889189076737791E-01
  9.5889189077060322E-01
  9.5889189077454284E-01
  9.5889189077933978E-01
  9.5889189078514958E-01
  9.5889189079261861E-01
  9.5889189080219317E-01
  9.5889189081508852E-01
  9.6093750000000000E-01
  9.6875000000000000E-01
  9.7656250000000000E-01
  9.8437500000000000E-01
  9.9218750000000000E-01
  1.0000000000000000E+00
  0.0000000000000000E+00
  0.0000000000000000E+00
  0.0000000000000000E+00
  0.0000000000000000E+00
  0.0000000000000000E+00
  0.0000000000000000E+00
  0.0000000000000000E+00
  0.0000000000000000E+00
  0.0000000000000000E+00
  0.0000000000000000E+00
  0.0000000000000000E+00
  0.0000000000000000E+00
  0.0000000000000000E+00
  0.0000000000000000E+00
  0.0000000000000000E+00
  0.0000000000000000E+00
  0.0000000000000000E+00
  0.0000000000000000E+00
  0.0000000000000000E+00
  0.0000000000000000E+00
  0.0000000000000000E+00
  0.0000000000000000E+00
  0.0000000000000000E+00
  0.0000000000000000E+00
  0.0000000000000000E+00
  0.0000000000000000E+00
  0.0000000000000000E+00
  0.0000000000000000E+00
  0.0000000000000000E+00
  9.5890428134755279E-01
  9.5890428137399653E-01
  9.5890428139944306E-01
  9.5890428134936068E-01
  9.5890428135273076E-01
  9.5890428135826378E-01
  9.5890428136223205E-01
  9.5890428136594108E-01
  9.5890428136977712E-01
  9.5890428137443895E-01
  9.5890428137845107E-01
  9.5890428138356842E-01
  9.5890428138849981E-01
  9.5890428139339390E-01
  9.5890428139772732E-01
  9.5890428134498973E-01
  9.5890428134637018E-01
  9.5890428134825445E-01
  9.5890428134878269E-01
  9.5890428134966432E-01
  9.5890428134939942E-01
  9.5890428135071248E-01
  9.5890428135127570E-01
  9.5890428135210204E-01
  9.5890428135412153E-01
  9.5890428135363515E-01
  9.5890428135492445E-01
  9.5890428135609562E-01
  9.5890428135682371E-01
  9.5890428135823658E-01
  9.5890428135902872E-01
  9.5890428136008143E-01
  9.5890428136172157E-01
  9.5890428136250772E-01
  9.5890428136391292E-01
  9.5890428136474515E-01
  9.5890428136495265E-01
  9.5890428136652284E-01
  9.5890428136809436E-01
  9.5890428136877037E-01
  9.5890428137009076E-01
  9.5890428137151806E-01
  9.5890428137201311E-01
  9.5890428137420058E-01
  9.5890428137526573E-01
  9.5890428137648387E-01
  9.5890428137720951E-01
  9.5890428132482841E-01
  9.5890428054248367E-01
  9.5890428052822696E-01
  9.5890428129541616E-01
  9.5890428129053495E-01
  9.5890428128579774E-01
  9.5890428128165284E-01
  9.5890428127789706E-01
  9.5890428127564331E-01
  9.5890428127234251E-01
  9.5890428127062644E-01
  9.5890428126814464E-01
  9.5890428126625049E-01
  9.5890428126456972E-01
  9.5890428126345251E-01
  9.5890428126224936E-01
  9.5890428126137162E-01
  9.5890428126009430E-01
  9.5890428125906146E-01
  9.5890428125841698E-01
  9.5890428125834648E-01
  9.5890428132384209E-01
  9.5890428132376315E-01
  9.5890428132382699E-01
  9.5890428132380845E-01
  9.5890428132361649E-01
  9.5890428132354200E-01
  9.5890428132360417E-01
  9.5890428132378092E-01
  9.5890428132371741E-01
  9.5890428132376582E-01
  9.5890428132382632E-01
  9.5890428132406869E-01
  9.5890428132405547E-01
  9.5890428132403183E-01
  9.5890428126497662E-01
  9.5890428126661498E-01
  9.5890428126867011E-01
  9.5890428127117344E-01
  9.5890428127388405E-01
  9.5890428127713612E-01
  9.5890428128121119E-01
  9.5890428128595240E-01
  9.5890428129187177E-01
  9.5890428129927052E-01
  9.5890428130890326E-01
  9.5890428132187666E-01
  9.6093750000000000E-01
  9.6875000000000000E-01
  9.7656250000000000E-01
  9.8437500000000000E-01
  9.9218750000000000E-01
  1.0000000000000000E+00
  0.0000000000000000E+00
  0.0000000000000000E+00
  0.0000000000000000E+00
  0.0000000000000000E+00
  0.0000000000000000E+00
  0.0000000000000000E+00
  0.0000000000000000E+00
  0.0000000000000000E+00
  0.0000000000000000E+00
  0.0000000000000000E+00
  0.0000000000000000E+00
  0.0000000000000000E+00
  0.0000000000000000E+00
  0.0000000000000000E+00
  0.0000000000000000E+00
  0.0000000000000000E+00
  0.0000000000000000E+00
  0.0000000000000000E+00
  0.0000000000000000E+00
  0.0000000000000000E+00
  0.0000000000000000E+00
  0.0000000000000000E+00
  0.0000000000000000E+00
  0.0000000000000000E+00
  0.0000000000000000E+00
  0.0000000000000000E+00
  0.0000000000000000E+00
  0.0000000000000000E+00
  0.0000000000000000E+00
  9.5891665787064762E-01
  9.5891665789773284E-01
  9.5891665792226721E-01
  9.5891665787182134E-01
  9.5891665787613267E-01
  9.5891665787959135E-01
  9.5891665788445268E-01
  9.5891665788869640E-01
  9.5891665789312885E-01
  9.5891665789845559E-01
  9.5891665790144609E-01
  9.5891665790757552E-01
  9.5891665791208580E-01
  9.5891665791652592E-01
  9.5891665792134073E-01
  9.5891665786865388E-01
  9.5891665786905278E-01
  9.5891665787004210E-01
  9.5891665787063340E-01
  9.5891665787161884E-01
  9.5891665787373392E-01
  9.5891665787326075E-01
  9.5891665787537916E-01
  9.5891665787510916E-01
  9.5891665787638380E-01
  9.5891665787724922E-01
  9.5891665787889047E-01
  9.5891665787922775E-01
  9.5891665787967884E-01
  9.5891665788133607E-01
  9.5891665788265457E-01
  9.5891665788378400E-01
  9.5891665788422220E-01
  9.5891665788587144E-01
  9.5891665788598046E-01
  9.5891665788712099E-01
  9.5891665788849945E-01
  9.5891665789022806E-01
  9.5891665789119407E-01
  9.5891665789192437E-01
  9.5891665789274871E-01
  9.5891665789395697E-01
  9.5891665789602354E-01
  9.5891665789710456E-01
  9.5891665789848612E-01
  9.5891665789950586E-01
  9.5891665790063663E-01
  9.5891665784861868E-01
  9.5891665706402651E-01
  9.5891665704933582E-01
  9.5891665781916702E-01
  9.5891665781319890E-01
  9.5891665780862023E-01
  9.5891665780433899E-01
  9.5891665780126101E-01
  9.5891665779813873E-01
  9.5891665779532720E-01
  9.5891665779305590E-01
  9.5891665779127411E-01
  9.5891665778917901E-01
  9.5891665778769275E-01
  9.5891665778615021E-01
  9.5891665778510193E-01
  9.5891665778428614E-01
  9.5891665778288548E-01
  9.5891665778225643E-01
  9.5891665778166590E-01
  9.5891665784707347E-01
  9.5891665784698998E-01
  9.5891665784710034E-01
  9.5891665784704816E-01
  9.5891665784697822E-01
  9.5891665784650837E-01
  9.5891665784669677E-01
  9.5891665784690849E-01
  9.5891665784658242E-01
  9.5891665784666280E-01
  9.5891665784676705E-01
  9.5891665784664781E-01
  9.5891665784706570E-01
  9.5891665784710223E-01
  9.5891665784706226E-01
  9.5891665784745184E-01
  9.5891665778933854E-01
  9.5891665779139135E-01
  9.5891665779385804E-01
  9.5891665779684232E-01
  9.5891665780008739E-01
  9.5891665780405910E-01
  9.5891665780888946E-01
  9.5891665781473234E-01
  9.5891665782221824E-01
  9.5891665783187496E-01
  9.5891665784484514E-01
  9.6093750000000000E-01
  9.6875000000000000E-01
  9.7656250000000000E-01
  9.8437500000000000E-01
  9.9218750000000000E-01
  1.0000000000000000E+00
  0.0000000000000000E+00
  0.0000000000000000E+00
  0.0000000000000000E+00
  0.0000000000000000E+00
  0.0000000000000000E+00
  0.0000000000000000E+00
  0.0000000000000000E+00
  0.0000000000000000E+00
  0.0000000000000000E+00
  0.0000000000000000E+00
  0.0000000000000000E+00
  0.0000000000000000E+00
  0.0000000000000000E+00
  0.0000000000000000E+00
  0.0000000000000000E+00
  0.0000000000000000E+00
  0.0000000000000000E+00
  0.0000000000000000E+00
  0.0000000000000000E+00
  0.0000000000000000E+00
  0.0000000000000000E+00
  0.0000000000000000E+00
  0.0000000000000000E+00
  0.0000000000000000E+00
  0.0000000000000000E+00
  0.0000000000000000E+00
  0.0000000000000000E+00
  0.0000000000000000E+00
  0.0000000000000000E+00
  9.5892902042853956E-01
  9.5892902045515616E-01
  9.5892902048088269E-01
  9.5892902043048478E-01
  9.5892902043565942E-01
  9.5892902044001593E-01
  9.5892902044326223E-01
  9.5892902044816219E-01
  9.5892902045127859E-01
  9.5892902045653661E-01
  9.5892902046079942E-01
  9.5892902046533490E-01
  9.5892902046926742E-01
  9.5892902047409878E-01
  9.5892902047940543E-01
  9.5892902042708572E-01
  9.5892902042834849E-01
  9.5892902042872175E-01
  9.5892902043022166E-01
  9.5892902043069761E-01
  9.5892902043124495E-01
  9.5892902043260630E-01
  9.5892902043384787E-01
  9.5892902043487926E-01
  9.5892902043486561E-01
  9.5892902043632067E-01
  9.5892902043733064E-01
  9.5892902043783146E-01
  9.5892902043896522E-01
  9.5892902044015282E-01
  9.5892902044153072E-01
  9.5892902044184947E-01
  9.5892902044356076E-01
  9.5892902044385786E-01
  9.5892902044466100E-01
  9.5892902044586725E-01
  9.5892902044758321E-01
  9.5892902044886130E-01
  9.5892902045004524E-01
  9.5892902045023987E-01
  9.5892902045236905E-01
  9.5892902045313244E-01
  9.5892902045387463E-01
  9.5892902045542572E-01
  9.5892902045675155E-01
  9.5892902045831874E-01
  9.5892902045931927E-01
  9.5892902040761341E-01
  9.5892901962118104E-01
  9.5892901960623200E-01
  9.5892902037710148E-01
  9.5892902037121774E-01
  9.5892902036689376E-01
  9.5892902036306360E-01
  9.5892902035969152E-01
  9.5892902035685568E-01
  9.5892902035376826E-01
  9.5892902035195093E-01
  9.5892902034967831E-01
  9.5892902034726413E-01
  9.5892902034571315E-01
  9.5892902034466576E-01
  9.5892902034329941E-01
  9.5892902034239758E-01
  9.5892902034135608E-01
  9.5892902034041105E-01
  9.5892902034009264E-01
  9.5892902040552508E-01
  9.5892902040555705E-01
  9.5892902040516403E-01
  9.5892902040544570E-01
  9.5892902040546624E-01
  9.5892902040521377E-01
  9.5892902040498851E-01
  9.5892902040538364E-01
  9.5892902040508554E-01
  9.5892902040499661E-01
  9.5892902040513173E-01
  9.5892902040539429E-01
  9.5892902040529604E-01
  9.5892902040546335E-01
  9.5892902040585581E-01
  9.5892902040590788E-01
  9.5892902034763394E-01
  9.5892902034981831E-01
  9.5892902035223770E-01
  9.5892902035495153E-01
  9.5892902035852279E-01
  9.5892902036240213E-01
  9.5892902036731897E-01
  9.5892902037324257E-01
  9.5892902038064765E-01
  9.5892902039034800E-01
  9.5892902040334338E-01
  9.6093750000000000E-01
  9.6875000000000000E-01
  9.7656250000000000E-01
  9.8437500000000000E-01
  9.9218750000000000E-01
  1.0000000000000000E+00
  0.0000000000000000E+00
  0.0000000000000000E+00
  0.0000000000000000E+00
  0.0000000000000000E+00
  0.0000000000000000E+00
  0.0000000000000000E+00
  0.0000000000000000E+00
  0.0000000000000000E+00
  0.0000000000000000E+00
  0.0000000000000000E+00
  0.0000000000000000E+00
  0.0000000000000000E+00
  0.0000000000000000E+00
  0.0000000000000000E+00
  0.0000000000000000E+00
  0.0000000000000000E+00
  0.0000000000000000E+00
  0.0000000000000000E+00
  0.0000000000000000E+00
  0.0000000000000000E+00
  0.0000000000000000E+00
  0.0000000000000000E+00
  0.0000000000000000E+00
  0.0000000000000000E+00
  0.0000000000000000E+00
  0.0000000000000000E+00
  0.0000000000000000E+00
  0.0000000000000000E+00
  0.0000000000000000E+00
  9.5894136904239158E-01
  9.5894136906933614E-01
  9.5894136909409777E-01
  9.5894136904399752E-01
  9.5894136904799410E-01
  9.5894136905254412E-01
  9.5894136905682792E-01
  9.5894136906165894E-01
  9.5894136906611227E-01
  9.5894136906930882E-01
  9.5894136907505845E-01
  9.5894136907838368E-01
  9.5894136908278393E-01
  9.5894136908784489E-01
  9.5894136909222649E-01
  9.5894136904047589E-01
  9.5894136904175264E-01
  9.5894136904277327E-01
  9.5894136904406613E-01
  9.5894136904352711E-01
  9.5894136904483118E-01
  9.5894136904586580E-01
  9.5894136904736993E-01
  9.5894136904738880E-01
  9.5894136904851024E-01
  9.5894136904983718E-01
  9.5894136905001748E-01
  9.5894136905147653E-01
  9.5894136905239125E-01
  9.5894136905388883E-01
  9.5894136905490501E-01
  9.5894136905515881E-01
  9.5894136905595218E-01
  9.5894136905739691E-01
  9.5894136905827942E-01
  9.5894136906004079E-01
  9.5894136906043947E-01
  9.5894136906215843E-01
  9.5894136906300398E-01
  9.5894136906472527E-01
  9.5894136906521532E-01
  9.5894136906601601E-01
  9.5894136906741967E-01
  9.5894136906908867E-01
  9.5894136906983596E-01
  9.5894136907145622E-01
  9.5894136907309868E-01
  9.5894136902133331E-01
  9.5894136823332676E-01
  9.5894136821771858E-01
  9.5894136899005122E-01
  9.5894136898530846E-01
  9.5894136898021565E-01
  9.5894136897651205E-01
  9.5894136897231952E-01
  9.5894136897006355E-01
  9.5894136896688731E-01
  9.5894136896458471E-01
  9.5894136896291027E-01
  9.5894136896089022E-01
  9.5894136895910753E-01
  9.5894136895726412E-01
  9.5894136895651161E-01
  9.5894136895514737E-01
  9.5894136895434112E-01
  9.5894136895320137E-01
  9.5894136895277848E-01
  9.5894136901890825E-01
  9.5894136901886362E-01
  9.5894136901844362E-01
  9.5894136901881022E-01
  9.5894136901862437E-01
  9.5894136901829219E-01
  9.5894136901862914E-01
  9.5894136901851135E-01
  9.5894136901829818E-01
  9.5894136901853821E-01
  9.5894136901846960E-01
  9.5894136901839566E-01
  9.5894136901865457E-01
  9.5894136901871729E-01
  9.5894136901889426E-01
  9.5894136901904348E-01
  9.5894136896074544E-01
  9.5894136896275628E-01
  9.5894136896517079E-01
  9.5894136896815285E-01
  9.5894136897135906E-01
  9.5894136897553395E-01
  9.5894136898038296E-01
  9.5894136898625215E-01
  9.5894136899377613E-01
  9.5894136900347793E-01
  9.5894136901663174E-01
  9.6093750000000000E-01
  9.6875000000000000E-01
  9.7656250000000000E-01
  9.8437500000000000E-01
  9.9218750000000000E-01
  1.0000000000000000E+00
  0.0000000000000000E+00
  0.0000000000000000E+00
  0.0000000000000000E+00
  0.0000000000000000E+00
  0.0000000000000000E+00
  0.0000000000000000E+00
  0.0000000000000000E+00
  0.0000000000000000E+00
  0.0000000000000000E+00
  0.0000000000000000E+00
  0.0000000000000000E+00
  0.0000000000000000E+00
  0.0000000000000000E+00
  0.0000000000000000E+00
  0.0000000000000000E+00
  0.0000000000000000E+00
  0.0000000000000000E+00
  0.0000000000000000E+00
  0.0000000000000000E+00
  0.0000000000000000E+00
  0.0000000000000000E+00
  0.0000000000000000E+00
  0.0000000000000000E+00
  0.0000000000000000E+00
  0.0000000000000000E+00
  0.0000000000000000E+00
  0.0000000000000000E+00
  0.0000000000000000E+00
  0.0000000000000000E+00
  9.5895370372819366E-01
  9.5895370375530165E-01
  9.5895370378115530E-01
  9.5895370373141953E-01
  9.5895370373478050E-01
  9.5895370373981481E-01
  9.5895370374327882E-01
  9.5895370374876809E-01
  9.5895370375263767E-01
  9.5895370375773414E-01
  9.5895370376135636E-01
  9.5895370376669919E-01
  9.5895370377064004E-01
  9.5895370377554634E-01
  9.5895370372714184E-01
  9.5895370372805167E-01
  9.5895370372854349E-01
  9.5895370373035049E-01
  9.5895370373098043E-01
  9.5895370373185240E-01
  9.5895370373175648E-01
  9.5895370373340894E-01
  9.5895370373474298E-01
  9.5895370373465227E-01
  9.5895370373597466E-01
  9.5895370373702160E-01
  9.5895370373698929E-01
  9.5895370373877875E-01
  9.5895370374030531E-01
  9.5895370374053390E-01
  9.5895370374200195E-01
  9.5895370374298095E-01
  9.5895370374362843E-01
  9.5895370374430555E-01
  9.5895370374623434E-01
  9.5895370374671818E-01
  9.5895370374781963E-01
  9.5895370374963729E-01
  9.5895370374981193E-01
  9.5895370375115796E-01
  9.5895370375330335E-01
  9.5895370375362876E-01
  9.5895370375537181E-01
  9.5895370375667355E-01
  9.5895370375768274E-01
  9.5895370375887368E-01
  9.5895370376070244E-01
  9.5895370370815025E-01
  9.5895370291826620E-01
  9.5895370290378690E-01
  9.5895370367825139E-01
  9.5895370367168042E-01
  9.5895370366740706E-01
  9.5895370366283961E-01
  9.5895370365976296E-01
  9.5895370365699717E-01
  9.5895370365388044E-01
  9.5895370365168731E-01
  9.5895370364962340E-01
  9.5895370364748822E-01
  9.5895370364634158E-01
  9.5895370364467880E-01
  9.5895370364322230E-01
  9.5895370364220356E-01
  9.5895370364122268E-01
  9.5895370364017019E-01
  9.5895370363984989E-01
  9.5895370370607391E-01
  9.5895370370616106E-01
  9.5895370370591526E-01
  9.5895370370567867E-01
  9.5895370370543331E-01
  9.5895370370556887E-01
  9.5895370370574484E-01
  9.5895370370565636E-01
  9.5895370370571542E-01
  9.5895370370568200E-01
  9.5895370370554278E-01
  9.5895370370570232E-01
  9.5895370370601241E-01
  9.5895370370605337E-01
  9.5895370370623101E-01
  9.5895370370623034E-01
  9.5895370364772303E-01
  9.5895370364995058E-01
  9.5895370365220178E-01
  9.5895370365515620E-01
  9.5895370365859101E-01
  9.5895370366256294E-01
  9.5895370366739185E-01
  9.5895370367326982E-01
  9.5895370368079413E-01
  9.5895370369056820E-01
  9.5895370370379429E-01
  9.6093750000000000E-01
  9.6875000000000000E-01
  9.7656250000000000E-01
  9.8437500000000000E-01
  9.9218750000000000E-01
  1.0000000000000000E+00
  0.0000000000000000E+00
  0.0000000000000000E+00
  0.0000000000000000E+00
  0.0000000000000000E+00
  0.0000000000000000E+00
  0.0000000000000000E+00
  0.0000000000000000E+00
  0.0000000000000000E+00
  0.0000000000000000E+00
  0.0000000000000000E+00
  0.0000000000000000E+00
  0.0000000000000000E+00
  0.0000000000000000E+00
  0.0000000000000000E+00
  0.0000000000000000E+00
  0.0000000000000000E+00
  0.0000000000000000E+00
  0.0000000000000000E+00
  0.0000000000000000E+00
  0.0000000000000000E+00
  0.0000000000000000E+00
  0.0000000000000000E+00
  0.0000000000000000E+00
  0.0000000000000000E+00
  0.0000000000000000E+00
  0.0000000000000000E+00
  0.0000000000000000E+00
  0.0000000000000000E+00
  0.0000000000000000E+00
  9.5896602450831270E-01
  9.5896602453604862E-01
  9.5896602456148561E-01
  9.5896602451175939E-01
  9.5896602451532598E-01
  9.5896602452002111E-01
  9.5896602452345159E-01
  9.5896602452882029E-01
  9.5896602453248214E-01
  9.5896602453804136E-01
  9.5896602454184587E-01
  9.5896602454577451E-01
  9.5896602455182989E-01
  9.5896602455528535E-01
  9.5896602450749691E-01
  9.5896602450869439E-01
  9.5896602450980684E-01
  9.5896602450957391E-01
  9.5896602451091606E-01
  9.5896602451252044E-01
  9.5896602451205404E-01
  9.5896602451394231E-01
  9.5896602451420598E-01
  9.5896602451524227E-01
  9.5896602451665414E-01
  9.5896602451784674E-01
  9.5896602451873780E-01
  9.5896602451878732E-01
  9.5896602452083102E-01
  9.5896602452043145E-01
  9.5896602452158719E-01
  9.5896602452298385E-01
  9.5896602452474611E-01
  9.5896602452525015E-01
  9.5896602452639879E-01
  9.5896602452681445E-01
  9.5896602452812096E-01
  9.5896602452955493E-01
  9.5896602453105340E-01
  9.5896602453191138E-01
  9.5896602453385527E-01
  9.5896602453479840E-01
  9.5896602453527724E-01
  9.5896602453675961E-01
  9.5896602453872826E-01
  9.5896602453940993E-01
  9.5896602454117641E-01
  9.5896602448899093E-01
  9.5896602369804107E-01
  9.5896602368231709E-01
  9.5896602445816959E-01
  9.5896602445263879E-01
  9.5896602444742129E-01
  9.5896602444390167E-01
  9.5896602443993650E-01
  9.5896602443694945E-01
  9.5896602443420764E-01
  9.5896602443207335E-01
  9.5896602442968082E-01
  9.5896602442754209E-01
  9.5896602442601331E-01
  9.5896602442514356E-01
  9.5896602442384049E-01
  9.5896602442208734E-01
  9.5896602442175438E-01
  9.5896602442052781E-01
  9.5896602448658963E-01
  9.5896602448622514E-01
  9.5896602448625812E-01
  9.5896602448631152E-01
  9.5896602448612089E-01
  9.5896602448597901E-01
  9.5896602448599200E-01
  9.5896602448582235E-01
  9.5896602448598289E-01
  9.5896602448607793E-01
  9.5896602448588586E-01
  9.5896602448588686E-01
  9.5896602448605028E-01
  9.5896602448623869E-01
  9.5896602448646151E-01
  9.5896602448632806E-01
  9.5896602448674839E-01
  9.5896602442785672E-01
  9.5896602443000878E-01
  9.5896602443256485E-01
  9.5896602443534751E-01
  9.5896602443858436E-01
  9.5896602444279244E-01
  9.5896602444767243E-01
  9.5896602445362034E-01
  9.5896602446107493E-01
  9.5896602447092549E-01
  9.5896602448407575E-01
  9.6093750000000000E-01
  9.6875000000000000E-01
  9.7656250000000000E-01
  9.8437500000000000E-01
  9.9218750000000000E-01
  1.0000000000000000E+00
  0.0000000000000000E+00
  0.0000000000000000E+00
  0.0000000000000000E+00
  0.0000000000000000E+00
  0.0000000000000000E+00
  0.0000000000000000E+00
  0.0000000000000000E+00
  0.0000000000000000E+00
  0.0000000000000000E+00
  0.0000000000000000E+00
  0.0000000000000000E+00
  0.0000000000000000E+00
  0.0000000000000000E+00
  0.0000000000000000E+00
  0.0000000000000000E+00
  0.0000000000000000E+00
  0.0000000000000000E+00
  0.0000000000000000E+00
  0.0000000000000000E+00
  0.0000000000000000E+00
  0.0000000000000000E+00
  0.0000000000000000E+00
  0.0000000000000000E+00
  0.0000000000000000E+00
  0.0000000000000000E+00
  0.0000000000000000E+00
  0.0000000000000000E+00
  0.0000000000000000E+00
  0.0000000000000000E+00
  9.5897833140121846E-01
  9.5897833142789779E-01
  9.5897833145376654E-01
  9.5897833140445443E-01
  9.5897833140848820E-01
  9.5897833141372191E-01
  9.5897833141755806E-01
  9.5897833142112010E-01
  9.5897833142539735E-01
  9.5897833143037814E-01
  9.5897833143447153E-01
  9.5897833143962818E-01
  9.5897833144413758E-01
  9.5897833144869415E-01
  9.5897833139982402E-01
  9.5897833140125255E-01
  9.5897833140141997E-01
  9.5897833140240873E-01
  9.5897833140351840E-01
  9.5897833140407829E-01
  9.5897833140629163E-01
  9.5897833140587285E-01
  9.5897833140772903E-01
  9.5897833140770261E-01
  9.5897833140865618E-01
  9.5897833140995825E-01
  9.5897833141125766E-01
  9.5897833141223232E-01
  9.5897833141281685E-01
  9.5897833141413225E-01
  9.5897833141489119E-01
  9.5897833141619560E-01
  9.5897833141702105E-01
  9.5897833141864219E-01
  9.5897833141854560E-01
  9.5897833141972233E-01
  9.5897833142097599E-01
  9.5897833142263844E-01
  9.5897833142378797E-01
  9.5897833142495781E-01
  9.5897833142646327E-01
  9.5897833142762279E-01
  9.5897833142893307E-01
  9.5897833142938560E-01
  9.5897833143096511E-01
  9.5897833143282074E-01
  9.5897833143413180E-01
  9.5897833138257005E-01
  9.5897833058899595E-01
  9.5897833057325776E-01
  9.5897833135105859E-01
  9.5897833134502286E-01
  9.5897833134059518E-01
  9.5897833133612664E-01
  9.5897833133221133E-01
  9.5897833132953669E-01
  9.5897833132690413E-01
  9.5897833132466970E-01
  9.5897833132205057E-01
  9.5897833132032539E-01
  9.5897833131840771E-01
  9.5897833131727850E-01
  9.5897833131611587E-01
  9.5897833131513988E-01
  9.5897833131396659E-01
  9.5897833131284960E-01
  9.5897833137930200E-01
  9.5897833137947941E-01
  9.5897833137917787E-01
  9.5897833137900201E-01
  9.5897833137900224E-01
  9.5897833137886457E-01
  9.5897833137859501E-01
  9.5897833137862920E-01
  9.5897833137842903E-01
  9.5897833137875510E-01
  9.5897833137864341E-01
  9.5897833137858590E-01
  9.5897833137893818E-01
  9.5897833137885069E-01
  9.5897833137906030E-01
  9.5897833137922095E-01
  9.5897833137949318E-01
  9.5897833137954058E-01
  9.5897833132247068E-01
  9.5897833132485377E-01
  9.5897833132781451E-01
  9.5897833133109134E-01
  9.5897833133510668E-01
  9.5897833134016974E-01
  9.5897833134612898E-01
  9.5897833135363131E-01
  9.5897833136350941E-01
  9.5897833137671906E-01
  9.6093750000000000E-01
  9.6875000000000000E-01
  9.7656250000000000E-01
  9.8437500000000000E-01
  9.9218750000000000E-01
  1.0000000000000000E+00
  0.0000000000000000E+00
  0.0000000000000000E+00
  0.0000000000000000E+00
  0.0000000000000000E+00
  0.0000000000000000E+00
  0.0000000000000000E+00
  0.0000000000000000E+00
  0.0000000000000000E+00
  0.0000000000000000E+00
  0.0000000000000000E+00
  0.0000000000000000E+00
  0.0000000000000000E+00
  0.0000000000000000E+00
  0.0000000000000000E+00
  0.0000000000000000E+00
  0.0000000000000000E+00
  0.0000000000000000E+00
  0.0000000000000000E+00
  0.0000000000000000E+00
  0.0000000000000000E+00
  0.0000000000000000E+00
  0.0000000000000000E+00
  0.0000000000000000E+00
  0.0000000000000000E+00
  0.0000000000000000E+00
  0.0000000000000000E+00
  0.0000000000000000E+00
  0.0000000000000000E+00
  0.0000000000000000E+00
  9.5899062450090411E-01
  9.5899062445261629E-01
  9.5899062447844308E-01
  9.5899062442926442E-01
  9.5899062443329053E-01
  9.5899062443740246E-01
  9.5899062444125072E-01
  9.5899062444492889E-01
  9.5899062445053096E-01
  9.5899062445381544E-01
  9.5899062445833094E-01
  9.5899062446350747E-01
  9.5899062446832639E-01
  9.5899062447362793E-01
  9.5899062442541150E-01
  9.5899062442486493E-01
  9.5899062442714533E-01
  9.5899062442722582E-01
  9.5899062442779615E-01
  9.5899062442803573E-01
  9.5899062442970673E-01
  9.5899062443113881E-01
  9.5899062443106420E-01
  9.5899062443290906E-01
  9.5899062443287764E-01
  9.5899062443353156E-01
  9.5899062443475203E-01
  9.5899062443642735E-01
  9.5899062443653493E-01
  9.5899062443791205E-01
  9.5899062443902350E-01
  9.5899062444023908E-01
  9.5899062444104921E-01
  9.5899062444203353E-01
  9.5899062444311312E-01
  9.5899062444462624E-01
  9.5899062444541894E-01
  9.5899062444729655E-01
  9.5899062444789629E-01
  9.5899062444918215E-01
  9.5899062444988292E-01
  9.5899062445107464E-01
  9.5899062445268679E-01
  9.5899062445423000E-01
  9.5899062445505967E-01
  9.5899062445679062E-01
  9.5899062445850281E-01
  9.5899062440763028E-01
  9.5899062361105702E-01
  9.5899062359517306E-01
  9.5899062437470672E-01
  9.5899062436882421E-01
  9.5899062436425864E-01
  9.5899062436047922E-01
  9.5899062435638416E-01
  9.5899062435353488E-01
  9.5899062435118398E-01
  9.5899062434826154E-01
  9.5899062434642868E-01
  9.5899062434415216E-01
  9.5899062434274551E-01
  9.5899062434111637E-01
  9.5899062433984794E-01
  9.5899062433882765E-01
  9.5899062433802296E-01
  9.5899062433688065E-01
  9.5899062440356642E-01
  9.5899062440330485E-01
  9.5899062440297078E-01
  9.5899062440317229E-01
  9.5899062440293292E-01
  9.5899062440256710E-01
  9.5899062440300853E-01
  9.5899062440276717E-01
  9.5899062440282723E-01
  9.5899062440286365E-01
  9.5899062440270910E-01
  9.5899062440280669E-01
  9.5899062440279426E-01
  9.5899062440302918E-01
  9.5899062440305916E-01
  9.5899062440339089E-01
  9.5899062440335558E-01
  9.5899062440367888E-01
  9.5899062434646754E-01
  9.5899062434885729E-01
  9.5899062435172189E-01
  9.5899062435502214E-01
  9.5899062435915905E-01
  9.5899062436401805E-01
  9.5899062437012916E-01
  9.5899062437763349E-01
  9.5899062438752758E-01
  9.5899062440078975E-01
  9.6093750000000000E-01
  9.6875000000000000E-01
  9.7656250000000000E-01
  9.8437500000000000E-01
  9.9218750000000000E-01
  1.0000000000000000E+00
  0.0000000000000000E+00
  0.0000000000000000E+00
  0.0000000000000000E+00
  0.0000000000000000E+00
  0.0000000000000000E+00
  0.0000000000000000E+00
  0.0000000000000000E+00
  0.0000000000000000E+00
  0.0000000000000000E+00
  0.0000000000000000E+00
  0.0000000000000000E+00
  0.0000000000000000E+00
  0.0000000000000000E+00
  0.0000000000000000E+00
  0.0000000000000000E+00
  0.0000000000000000E+00
  0.0000000000000000E+00
  0.0000000000000000E+00
  0.0000000000000000E+00
  0.0000000000000000E+00
  0.0000000000000000E+00
  0.0000000000000000E+00
  0.0000000000000000E+00
  0.0000000000000000E+00
  0.0000000000000000E+00
  0.0000000000000000E+00
  0.0000000000000000E+00
  0.0000000000000000E+00
  0.0000000000000000E+00
  9.5900290367273711E-01
  9.5900290362570484E-01
  9.5900290365325813E-01
  9.5900290360274587E-01
  9.5900290360643781E-01
  9.5900290361155283E-01
  9.5900290361603502E-01
  9.5900290361947271E-01
  9.5900290362514884E-01
  9.5900290362842300E-01
  9.5900290363322627E-01
  9.5900290363914042E-01
  9.5900290364377894E-01
  9.5900290364757945E-01
  9.5900290360011720E-01
  9.5900290360018892E-01
  9.5900290360127771E-01
  9.5900290360175500E-01
  9.5900290360333718E-01
  9.5900290360302076E-01
  9.5900290360392482E-01
  9.5900290360508245E-01
  9.5900290360585816E-01
  9.5900290360751983E-01
  9.5900290360762086E-01
  9.5900290360920248E-01
  9.5900290361012785E-01
  9.5900290361034346E-01
  9.5900290361246032E-01
  9.5900290361227580E-01
  9.5900290361377893E-01
  9.5900290361544782E-01
  9.5900290361627638E-01
  9.5900290361755902E-01
  9.5900290361811402E-01
  9.5900290361980234E-01
  9.5900290361997742E-01
  9.5900290362172680E-01
  9.5900290362285778E-01
  9.5900290362372775E-01
  9.5900290362485485E-01
  9.5900290362672636E-01
  9.5900290362749441E-01
  9.5900290362866203E-01
  9.5900290362973717E-01
  9.5900290363103835E-01
  9.5900290363302076E-01
  9.5900290358194962E-01
  9.5900290278453071E-01
  9.5900290276797906E-01
  9.5900290354956574E-01
  9.5900290354400675E-01
  9.5900290353906703E-01
  9.5900290353505946E-01
  9.5900290353143902E-01
  9.5900290352755524E-01
  9.5900290352557571E-01
  9.5900290352304196E-01
  9.5900290352026596E-01
  9.5900290351853879E-01
  9.5900290351685480E-01
  9.5900290351550577E-01
  9.5900290351418405E-01
  9.5900290351296558E-01
  9.5900290351205308E-01
  9.5900290351111184E-01
  9.5900290357765994E-01
  9.5900290357772233E-01
  9.5900290357762497E-01
  9.5900290357737805E-01
  9.5900290357747087E-01
  9.5900290357719087E-01
  9.5900290357748674E-01
  9.5900290357717310E-01
  9.5900290357705908E-01
  9.5900290357745210E-01
  9.5900290357745099E-01
  9.5900290357727080E-01
  9.5900290357757056E-01
  9.5900290357760420E-01
  9.5900290357773776E-01
  9.5900290357768381E-01
  9.5900290357803464E-01
  9.5900290357825202E-01
  9.5900290352079498E-01
  9.5900290352316253E-01
  9.5900290352612272E-01
  9.5900290352943440E-01
  9.5900290353350881E-01
  9.5900290353849138E-01
  9.5900290354457607E-01
  9.5900290355209405E-01
  9.5900290356201012E-01
  9.5900290357534701E-01
  9.6093750000000000E-01
  9.6875000000000000E-01
  9.7656250000000000E-01
  9.8437500000000000E-01
  9.9218750000000000E-01
  1.0000000000000000E+00
  0.0000000000000000E+00
  0.0000000000000000E+00
  0.0000000000000000E+00
  0.0000000000000000E+00
  0.0000000000000000E+00
  0.0000000000000000E+00
  0.0000000000000000E+00
  0.0000000000000000E+00
  0.0000000000000000E+00
  0.0000000000000000E+00
  0.0000000000000000E+00
  0.0000000000000000E+00
  0.0000000000000000E+00
  0.0000000000000000E+00
  0.0000000000000000E+00
  0.0000000000000000E+00
  0.0000000000000000E+00
  0.0000000000000000E+00
  0.0000000000000000E+00
  0.0000000000000000E+00
  0.0000000000000000E+00
  0.0000000000000000E+00
  0.0000000000000000E+00
  0.0000000000000000E+00
  0.0000000000000000E+00
  0.0000000000000000E+00
  0.0000000000000000E+00
  0.0000000000000000E+00
  0.0000000000000000E+00
  9.5901516901473893E-01
  9.5901516896934635E-01
  9.5901516899675532E-01
  9.5901516894736150E-01
  9.5901516895185812E-01
  9.5901516895619343E-01
  9.5901516896025629E-01
  9.5901516896414463E-01
  9.5901516896832872E-01
  9.5901516897353933E-01
  9.5901516897873551E-01
  9.5901516898205863E-01
  9.5901516898652317E-01
  9.5901516899257644E-01
  9.5901516894422256E-01
  9.5901516894411887E-01
  9.5901516894509131E-01
  9.5901516894639449E-01
  9.5901516894648065E-01
  9.5901516894734751E-01
  9.5901516894803762E-01
  9.5901516894930972E-01
  9.5901516895078076E-01
  9.5901516895184047E-01
  9.5901516895193173E-01
  9.5901516895380523E-01
  9.5901516895430916E-01
  9.5901516895441830E-01
  9.5901516895574856E-01
  9.5901516895770156E-01
  9.5901516895783345E-01
  9.5901516895867822E-01
  9.5901516896034578E-01
  9.5901516896182548E-01
  9.5901516896195438E-01
  9.5901516896330696E-01
  9.5901516896403072E-01
  9.5901516896554495E-01
  9.5901516896672145E-01
  9.5901516896847050E-01
  9.5901516896971695E-01
  9.5901516897099093E-01
  9.5901516897180117E-01
  9.5901516897363492E-01
  9.5901516897467987E-01
  9.5901516897561578E-01
  9.5901516897767336E-01
  9.5901516892640382E-01
  9.5901516812681220E-01
  9.5901516811035592E-01
  9.5901516889384464E-01
  9.5901516888759486E-01
  9.5901516888246530E-01
  9.5901516887894789E-01
  9.5901516887466676E-01
  9.5901516887221794E-01
  9.5901516886912919E-01
  9.5901516886673122E-01
  9.5901516886464344E-01
  9.5901516886270466E-01
  9.5901516886077764E-01
  9.5901516885927796E-01
  9.5901516885798199E-01
  9.5901516885702642E-01
  9.5901516885588556E-01
  9.5901516885526061E-01
  9.5901516892206362E-01
  9.5901516892188865E-01
  9.5901516892159711E-01
  9.5901516892150607E-01
  9.5901516892155991E-01
  9.5901516892171079E-01
  9.5901516892168159E-01
  9.5901516892128658E-01
  9.5901516892162098E-01
  9.5901516892150962E-01
  9.5901516892130911E-01
  9.5901516892141836E-01
  9.5901516892157990E-01
  9.5901516892172911E-01
  9.5901516892190020E-01
  9.5901516892177219E-01
  9.5901516892198624E-01
  9.5901516892226057E-01
  9.5901516886460347E-01
  9.5901516886714799E-01
  9.5901516887005500E-01
  9.5901516887337979E-01
  9.5901516887740823E-01
  9.5901516888236060E-01
  9.5901516888845573E-01
  9.5901516889618721E-01
  9.5901516890598282E-01
  9.5901516891944649E-01
  9.6093750000000000E-01
  9.6875000000000000E-01
  9.7656250000000000E-01
  9.8437500000000000E-01
  9.9218750000000000E-01
  1.0000000000000000E+00
  0.0000000000000000E+00
  0.0000000000000000E+00
  0.0000000000000000E+00
  0.0000000000000000E+00
  0.0000000000000000E+00
  0.0000000000000000E+00
  0.0000000000000000E+00
  0.0000000000000000E+00
  0.0000000000000000E+00
  0.0000000000000000E+00
  0.0000000000000000E+00
  0.0000000000000000E+00
  0.0000000000000000E+00
  0.0000000000000000E+00
  0.0000000000000000E+00
  0.0000000000000000E+00
  0.0000000000000000E+00
  0.0000000000000000E+00
  0.0000000000000000E+00
  0.0000000000000000E+00
  0.0000000000000000E+00
  0.0000000000000000E+00
  0.0000000000000000E+00
  0.0000000000000000E+00
  0.0000000000000000E+00
  0.0000000000000000E+00
  0.0000000000000000E+00
  0.0000000000000000E+00
  0.0000000000000000E+00
  9.5902742054339951E-01
  9.5902742050193523E-01
  9.5902742052950296E-01
  9.5902742047959544E-01
  9.5902742048325784E-01
  9.5902742048911749E-01
  9.5902742049355016E-01
  9.5902742049715284E-01
  9.5902742050170342E-01
  9.5902742050578083E-01
  9.5902742051088352E-01
  9.5902742051561818E-01
  9.5902742052006296E-01
  9.5902742052409540E-01
  9.5902742047701839E-01
  9.5902742047694856E-01
  9.5902742047860168E-01
  9.5902742047911993E-01
  9.5902742047937417E-01
  9.5902742048102174E-01
  9.5902742048110712E-01
  9.5902742048239453E-01
  9.5902742048259038E-01
  9.5902742048457945E-01
  9.5902742048431944E-01
  9.5902742048513989E-01
  9.5902742048641920E-01
  9.5902742048757883E-01
  9.5902742048901490E-01
  9.5902742049039780E-01
  9.5902742049027390E-01
  9.5902742049159784E-01
  9.5902742049287737E-01
  9.5902742049426548E-01
  9.5902742049479972E-01
  9.5902742049594247E-01
  9.5902742049694512E-01
  9.5902742049795198E-01
  9.5902742049929679E-01
  9.5902742050046730E-01
  9.5902742050160883E-01
  9.5902742050359568E-01
  9.5902742050422152E-01
  9.5902742050649137E-01
  9.5902742050762757E-01
  9.5902742050891743E-01
  9.5902742050990497E-01
  9.5902742046054745E-01
  9.5902741965798655E-01
  9.5902741964112403E-01
  9.5902742042603495E-01
  9.5902742042047318E-01
  9.5902742041499933E-01
  9.5902742041106215E-01
  9.5902742040729949E-01
  9.5902742040436828E-01
  9.5902742040198796E-01
  9.5902742039923572E-01
  9.5902742039718836E-01
  9.5902742039519762E-01
  9.5902742039310140E-01
  9.5902742039164734E-01
  9.5902742039023636E-01
  9.5902742038971178E-01
  9.5902742038824818E-01
  9.5902742045501277E-01
  9.5902742045459011E-01
  9.5902742045458023E-01
  9.5902742045442102E-01
  9.5902742045456746E-01
  9.5902742045401579E-01
  9.5902742045404155E-01
  9.5902742045418010E-01
  9.5902742045401856E-01
  9.5902742045402023E-01
  9.5902742045416756E-01
  9.5902742045397094E-01
  9.5902742045404088E-01
  9.5902742045398115E-01
  9.5902742045416867E-01
  9.5902742045429923E-01
  9.5902742045448008E-01
  9.5902742045489076E-01
  9.5902742045493561E-01
  9.5902742039684863E-01
  9.5902742039945210E-01
  9.5902742040233702E-01
  9.5902742040589728E-01
  9.5902742040992794E-01
  9.5902742041491029E-01
  9.5902742042087696E-01
  9.5902742042854794E-01
  9.5902742043863509E-01
  9.5902742045197187E-01
  9.6093750000000000E-01
  9.6875000000000000E-01
  9.7656250000000000E-01
  9.8437500000000000E-01
  9.9218750000000000E-01
  1.0000000000000000E+00
  0.0000000000000000E+00
  0.0000000000000000E+00
  0.0000000000000000E+00
  0.0000000000000000E+00
  0.0000000000000000E+00
  0.0000000000000000E+00
  0.0000000000000000E+00
  0.0000000000000000E+00
  0.0000000000000000E+00
  0.0000000000000000E+00
  0.0000000000000000E+00
  0.0000000000000000E+00
  0.0000000000000000E+00
  0.0000000000000000E+00
  0.0000000000000000E+00
  0.0000000000000000E+00
  0.0000000000000000E+00
  0.0000000000000000E+00
  0.0000000000000000E+00
  0.0000000000000000E+00
  0.0000000000000000E+00
  0.0000000000000000E+00
  0.0000000000000000E+00
  0.0000000000000000E+00
  0.0000000000000000E+00
  0.0000000000000000E+00
  0.0000000000000000E+00
  0.0000000000000000E+00
  0.0000000000000000E+00
  9.5903965828082605E-01
  9.5903965824231674E-01
  9.5903965826886339E-01
  9.5903965822054860E-01
  9.5903965822469450E-01
  9.5903965822848669E-01
  9.5903965823342308E-01
  9.5903965823815596E-01
  9.5903965824225190E-01
  9.5903965824727644E-01
  9.5903965825023996E-01
  9.5903965825529236E-01
  9.5903965826050352E-01
  9.5903965826589777E-01
  9.5903965821665449E-01
  9.5903965821783832E-01
  9.5903965821785031E-01
  9.5903965821966730E-01
  9.5903965822005277E-01
  9.5903965822044401E-01
  9.5903965822161030E-01
  9.5903965822261650E-01
  9.5903965822312320E-01
  9.5903965822414583E-01
  9.5903965822532067E-01
  9.5903965822606552E-01
  9.5903965822632620E-01
  9.5903965822751569E-01
  9.5903965822903925E-01
  9.5903965822961434E-01
  9.5903965823061765E-01
  9.5903965823194970E-01
  9.5903965823260884E-01
  9.5903965823388970E-01
  9.5903965823480808E-01
  9.5903965823700976E-01
  9.5903965823805670E-01
  9.5903965823852899E-01
  9.5903965824001314E-01
  9.5903965824159665E-01
  9.5903965824277593E-01
  9.5903965824390036E-01
  9.5903965824449600E-01
  9.5903965824604365E-01
  9.5903965824803961E-01
  9.5903965824873605E-01
  9.5903965825083859E-01
  9.5903965820071857E-01
  9.5903965739694896E-01
  9.5903965737964381E-01
  9.5903965816638337E-01
  9.5903965816051051E-01
  9.5903965815568670E-01
  9.5903965815125336E-01
  9.5903965814714076E-01
  9.5903965814444758E-01
  9.5903965814145187E-01
  9.5903965813912861E-01
  9.5903965813699976E-01
  9.5903965813514491E-01
  9.5903965813318570E-01
  9.5903965813180214E-01
  9.5903965813055359E-01
  9.5903965812932090E-01
  9.5903965812830616E-01
  9.5903965819492598E-01
  9.5903965819476666E-01
  9.5903965819491999E-01
  9.5903965819447456E-01
  9.5903965819437798E-01
  9.5903965819405801E-01
  9.5903965819412429E-01
  9.5903965819425607E-01
  9.5903965819397385E-01
  9.5903965819398984E-01
  9.5903965819394499E-01
  9.5903965819424386E-01
  9.5903965819417014E-01
  9.5903965819426751E-01
  9.5903965819452308E-01
  9.5903965819460468E-01
  9.5903965819462045E-01
  9.5903965819485193E-01
  9.5903965819507153E-01
  9.5903965813683956E-01
  9.5903965813937753E-01
  9.5903965814231107E-01
  9.5903965814585967E-01
  9.5903965814980441E-01
  9.5903965815487835E-01
  9.5903965816099446E-01
  9.5903965816867276E-01
  9.5903965817864534E-01
  9.5903965819204573E-01
  9.6093750000000000E-01
  9.6875000000000000E-01
  9.7656250000000000E-01
  9.8437500000000000E-01
  9.9218750000000000E-01
  1.0000000000000000E+00
  0.0000000000000000E+00
  0.0000000000000000E+00
  0.0000000000000000E+00
  0.0000000000000000E+00
  0.0000000000000000E+00
  0.0000000000000000E+00
  0.0000000000000000E+00
  0.0000000000000000E+00
  0.0000000000000000E+00
  0.0000000000000000E+00
  0.0000000000000000E+00
  0.0000000000000000E+00
  0.0000000000000000E+00
  0.0000000000000000E+00
  0.0000000000000000E+00
  0.0000000000000000E+00
  0.0000000000000000E+00
  0.0000000000000000E+00
  0.0000000000000000E+00
  0.0000000000000000E+00
  0.0000000000000000E+00
  0.0000000000000000E+00
  0.0000000000000000E+00
  0.0000000000000000E+00
  0.0000000000000000E+00
  0.0000000000000000E+00
  0.0000000000000000E+00
  0.0000000000000000E+00
  0.0000000000000000E+00
  9.5905188224537075E-01
  9.5905188220906745E-01
  9.5905188223483939E-01
  9.5905188218637949E-01
  9.5905188219103532E-01
  9.5905188219520521E-01
  9.5905188219923165E-01
  9.5905188220381110E-01
  9.5905188220840243E-01
  9.5905188221222937E-01
  9.5905188221733118E-01
  9.5905188222283944E-01
  9.5905188222695292E-01
  9.5905188223160265E-01
  9.5905188218252357E-01
  9.5905188218406412E-01
  9.5905188218507476E-01
  9.5905188218626070E-01
  9.5905188218681403E-01
  9.5905188218741799E-01
  9.5905188218771864E-01
  9.5905188218848858E-01
  9.5905188218935311E-01
  9.5905188219103321E-01
  9.5905188219160431E-01
  9.5905188219257276E-01
  9.5905188219359017E-01
  9.5905188219410242E-01
  9.5905188219573911E-01
  9.5905188219672044E-01
  9.5905188219746063E-01
  9.5905188219904436E-01
  9.5905188220023729E-01
  9.5905188220141424E-01
  9.5905188220142135E-01
  9.5905188220322024E-01
  9.5905188220435478E-01
  9.5905188220558146E-01
  9.5905188220684878E-01
  9.5905188220785820E-01
  9.5905188220893733E-01
  9.5905188221059856E-01
  9.5905188221199045E-01
  9.5905188221300930E-01
  9.5905188221475912E-01
  9.5905188221582827E-01
  9.5905188221670834E-01
  9.5905188216792825E-01
  9.5905188136149044E-01
  9.5905188134486197E-01
  9.5905188213275938E-01
  9.5905188212673220E-01
  9.5905188212235626E-01
  9.5905188211776149E-01
  9.5905188211440151E-01
  9.5905188211039816E-01
  9.5905188210770298E-01
  9.5905188210525361E-01
  9.5905188210335679E-01
  9.5905188210113335E-01
  9.5905188209939418E-01
  9.5905188209828007E-01
  9.5905188209679593E-01
  9.5905188209561121E-01
  9.5905188209489334E-01
  9.5905188216160797E-01
  9.5905188216131043E-01
  9.5905188216117387E-01
  9.5905188216095705E-01
  9.5905188216065129E-01
  9.5905188216064652E-01
  9.5905188216066939E-01
  9.5905188216052806E-01
  9.5905188216044968E-01
  9.5905188216050319E-01
  9.5905188216073578E-01
  9.5905188216066628E-01
  9.5905188216052506E-01
  9.5905188216080550E-01
  9.5905188216073256E-01
  9.5905188216116821E-01
  9.5905188216108905E-01
  9.5905188216151016E-01
  9.5905188216149373E-01
  9.5905188216190651E-01
  9.5905188210574388E-01
  9.5905188210866765E-01
  9.5905188211211068E-01
  9.5905188211624881E-01
  9.5905188212119730E-01
  9.5905188212739578E-01
  9.5905188213504222E-01
  9.5905188214501935E-01
  9.5905188215862314E-01
  9.6093750000000000E-01
  9.6875000000000000E-01
  9.7656250000000000E-01
  9.8437500000000000E-01
  9.9218750000000000E-01
  1.0000000000000000E+00
  0.0000000000000000E+00
  0.0000000000000000E+00
  0.0000000000000000E+00
  0.0000000000000000E+00
  0.0000000000000000E+00
  0.0000000000000000E+00
  0.0000000000000000E+00
  0.0000000000000000E+00
  0.0000000000000000E+00
  0.0000000000000000E+00
  0.0000000000000000E+00
  0.0000000000000000E+00
  0.0000000000000000E+00
  0.0000000000000000E+00
  0.0000000000000000E+00
  0.0000000000000000E+00
  0.0000000000000000E+00
  0.0000000000000000E+00
  0.0000000000000000E+00
  0.0000000000000000E+00
  0.0000000000000000E+00
  0.0000000000000000E+00
  0.0000000000000000E+00
  0.0000000000000000E+00
  0.0000000000000000E+00
  0.0000000000000000E+00
  0.0000000000000000E+00
  0.0000000000000000E+00
  0.0000000000000000E+00
  9.5906409245481350E-01
  9.5906409242118862E-01
  9.5906409244736579E-01
  9.5906409239880397E-01
  9.5906409240254009E-01
  9.5906409240616841E-01
  9.5906409241075496E-01
  9.5906409241578383E-01
  9.5906409242038659E-01
  9.5906409242486235E-01
  9.5906409243037349E-01
  9.5906409243349555E-01
  9.5906409243946900E-01
  9.5906409244294899E-01
  9.5906409239430213E-01
  9.5906409239629209E-01
  9.5906409239640922E-01
  9.5906409239708823E-01
  9.5906409239764034E-01
  9.5906409239857804E-01
  9.5906409239980794E-01
  9.5906409240041868E-01
  9.5906409240118673E-01
  9.5906409240203128E-01
  9.5906409240391011E-01
  9.5906409240492108E-01
  9.5906409240628721E-01
  9.5906409240644463E-01
  9.5906409240803814E-01
  9.5906409240831569E-01
  9.5906409240982737E-01
  9.5906409241037760E-01
  9.5906409241241108E-01
  9.5906409241336577E-01
  9.5906409241384805E-01
  9.5906409241511337E-01
  9.5906409241660240E-01
  9.5906409241701429E-01
  9.5906409241853929E-01
  9.5906409242006363E-01
  9.5906409242092228E-01
  9.5906409242301049E-01
  9.5906409242330914E-01
  9.5906409242467316E-01
  9.5906409242643387E-01
  9.5906409242794233E-01
  9.5906409242877322E-01
  9.5906409238011581E-01
  9.5906409157240091E-01
  9.5906409155489181E-01
  9.5906409234493084E-01
  9.5906409233887457E-01
  9.5906409233413559E-01
  9.5906409232932122E-01
  9.5906409232615875E-01
  9.5906409232248269E-01
  9.5906409231980161E-01
  9.5906409231684930E-01
  9.5906409231458511E-01
  9.5906409231312495E-01
  9.5906409231098644E-01
  9.5906409230946221E-01
  9.5906409230842593E-01
  9.5906409230742917E-01
  9.5906409230625855E-01
  9.5906409237334689E-01
  9.5906409237285906E-01
  9.5906409237304580E-01
  9.5906409237300239E-01
  9.5906409237302459E-01
  9.5906409237250234E-01
  9.5906409237254442E-01
  9.5906409237259305E-01
  9.5906409237248025E-01
  9.5906409237257340E-01
  9.5906409237229762E-01
  9.5906409237275136E-01
  9.5906409237259660E-01
  9.5906409237267698E-01
  9.5906409237271084E-01
  9.5906409237279444E-01
  9.5906409237300216E-01
  9.5906409237333912E-01
  9.5906409237350621E-01
  9.5906409237374790E-01
  9.5906409231730871E-01
  9.5906409232037060E-01
  9.5906409232385581E-01
  9.5906409232780609E-01
  9.5906409233293710E-01
  9.5906409233901957E-01
  9.5906409234678613E-01
  9.5906409235676093E-01
  9.5906409237031476E-01
  9.6093750000000000E-01
  9.6875000000000000E-01
  9.7656250000000000E-01
  9.8437500000000000E-01
  9.9218750000000000E-01
  1.0000000000000000E+00
  0.0000000000000000E+00
  0.0000000000000000E+00
  0.0000000000000000E+00
  0.0000000000000000E+00
  0.0000000000000000E+00
  0.0000000000000000E+00
  0.0000000000000000E+00
  0.0000000000000000E+00
  0.0000000000000000E+00
  0.0000000000000000E+00
  0.0000000000000000E+00
  0.0000000000000000E+00
  0.0000000000000000E+00
  0.0000000000000000E+00
  0.0000000000000000E+00
  0.0000000000000000E+00
  0.0000000000000000E+00
  0.0000000000000000E+00
  0.0000000000000000E+00
  0.0000000000000000E+00
  0.0000000000000000E+00
  0.0000000000000000E+00
  0.0000000000000000E+00
  0.0000000000000000E+00
  0.0000000000000000E+00
  0.0000000000000000E+00
  0.0000000000000000E+00
  0.0000000000000000E+00
  0.0000000000000000E+00
  9.5907628892740948E-01
  9.5907628889691388E-01
  9.5907628892286045E-01
  9.5907628887449481E-01
  9.5907628887918173E-01
  9.5907628888218743E-01
  9.5907628888767893E-01
  9.5907628889119911E-01
  9.5907628889579521E-01
  9.5907628890164842E-01
  9.5907628890666896E-01
  9.5907628891065189E-01
  9.5907628891575070E-01
  9.5907628892000540E-01
  9.5907628887163565E-01
  9.5907628887235374E-01
  9.5907628887312468E-01
  9.5907628887328644E-01
  9.5907628887397922E-01
  9.5907628887566554E-01
  9.5907628887599028E-01
  9.5907628887633034E-01
  9.5907628887742191E-01
  9.5907628887889251E-01
  9.5907628888039353E-01
  9.5907628888007479E-01
  9.5907628888195307E-01
  9.5907628888314844E-01
  9.5907628888362539E-01
  9.5907628888453056E-01
  9.5907628888577900E-01
  9.5907628888657559E-01
  9.5907628888779706E-01
  9.5907628888888030E-01
  9.5907628888977603E-01
  9.5907628889084129E-01
  9.5907628889241836E-01
  9.5907628889377849E-01
  9.5907628889527841E-01
  9.5907628889622631E-01
  9.5907628889716767E-01
  9.5907628889861696E-01
  9.5907628889990915E-01
  9.5907628890075902E-01
  9.5907628890246133E-01
  9.5907628890342356E-01
  9.5907628890540941E-01
  9.5907628885733520E-01
  9.5907628804691936E-01
  9.5907628802862233E-01
  9.5907628882057683E-01
  9.5907628881498064E-01
  9.5907628880998674E-01
  9.5907628880536999E-01
  9.5907628880145990E-01
  9.5907628879812068E-01
  9.5907628879555973E-01
  9.5907628879313289E-01
  9.5907628879088069E-01
  9.5907628878867679E-01
  9.5907628878748408E-01
  9.5907628878567330E-01
  9.5907628878397699E-01
  9.5907628878284512E-01
  9.5907628878228401E-01
  9.5907628884935303E-01
  9.5907628884896101E-01
  9.5907628884908158E-01
  9.5907628884863838E-01
  9.5907628884855511E-01
  9.5907628884845220E-01
  9.5907628884860441E-01
  9.5907628884853191E-01
  9.5907628884842022E-01
  9.5907628884835738E-01
  9.5907628884845186E-01
  9.5907628884834140E-01
  9.5907628884864937E-01
  9.5907628884866547E-01
  9.5907628884888541E-01
  9.5907628884903418E-01
  9.5907628884890450E-01
  9.5907628884917306E-01
  9.5907628884962637E-01
  9.5907628884975893E-01
  9.5907628879321605E-01
  9.5907628879605866E-01
  9.5907628879958584E-01
  9.5907628880370044E-01
  9.5907628880867890E-01
  9.5907628881498119E-01
  9.5907628882270235E-01
  9.5907628883269347E-01
  9.5907628884639617E-01
  9.6093750000000000E-01
  9.6875000000000000E-01
  9.7656250000000000E-01
  9.8437500000000000E-01
  9.9218750000000000E-01
  1.0000000000000000E+00
  0.0000000000000000E+00
  0.0000000000000000E+00
  0.0000000000000000E+00
  0.0000000000000000E+00
  0.0000000000000000E+00
  0.0000000000000000E+00
  0.0000000000000000E+00
  0.0000000000000000E+00
  0.0000000000000000E+00
  0.0000000000000000E+00
  0.0000000000000000E+00
  0.0000000000000000E+00
  0.0000000000000000E+00
  0.0000000000000000E+00
  0.0000000000000000E+00
  0.0000000000000000E+00
  0.0000000000000000E+00
  0.0000000000000000E+00
  0.0000000000000000E+00
  0.0000000000000000E+00
  0.0000000000000000E+00
  0.0000000000000000E+00
  0.0000000000000000E+00
  0.0000000000000000E+00
  0.0000000000000000E+00
  0.0000000000000000E+00
  0.0000000000000000E+00
  0.0000000000000000E+00
  0.0000000000000000E+00
  9.5908847168367550E-01
  9.5908847165442601E-01
  9.5908847168117262E-01
  9.5908847163356981E-01
  9.5908847163821054E-01
  9.5908847164248767E-01
  9.5908847164675104E-01
  9.5908847165170441E-01
  9.5908847165516886E-01
  9.5908847166063627E-01
  9.5908847166541566E-01
  9.5908847166947742E-01
  9.5908847167346467E-01
  9.5908847167956335E-01
  9.5908847163048561E-01
  9.5908847163144628E-01
  9.5908847163159083E-01
  9.5908847163180255E-01
  9.5908847163404232E-01
  9.5908847163469801E-01
  9.5908847163463806E-01
  9.5908847163643862E-01
  9.5908847163630506E-01
  9.5908847163861788E-01
  9.5908847163839794E-01
  9.5908847163976962E-01
  9.5908847164108535E-01
  9.5908847164203770E-01
  9.5908847164257760E-01
  9.5908847164429767E-01
  9.5908847164545796E-01
  9.5908847164645883E-01
  9.5908847164746835E-01
  9.5908847164862987E-01
  9.5908847164878419E-01
  9.5908847165090494E-01
  9.5908847165165612E-01
  9.5908847165269240E-01
  9.5908847165434385E-01
  9.5908847165489053E-01
  9.5908847165709210E-01
  9.5908847165805855E-01
  9.5908847165951139E-01
  9.5908847166079414E-01
  9.5908847166163247E-01
  9.5908847166330480E-01
  9.5908847166423827E-01
  9.5908847161702260E-01
  9.5908847080436621E-01
  9.5908847078623394E-01
  9.5908847157958788E-01
  9.5908847157380039E-01
  9.5908847156855659E-01
  9.5908847156381449E-01
  9.5908847156046417E-01
  9.5908847155721011E-01
  9.5908847155462662E-01
  9.5908847155228760E-01
  9.5908847154973775E-01
  9.5908847154765586E-01
  9.5908847154614119E-01
  9.5908847154449284E-01
  9.5908847154275068E-01
  9.5908847154182519E-01
  9.5908847154075394E-01
  9.5908847160845379E-01
  9.5908847160816635E-01
  9.5908847160804422E-01
  9.5908847160763966E-01
  9.5908847160769395E-01
  9.5908847160777211E-01
  9.5908847160780397E-01
  9.5908847160726873E-01
  9.5908847160774380E-01
  9.5908847160758204E-01
  9.5908847160742972E-01
  9.5908847160760369E-01
  9.5908847160771282E-01
  9.5908847160778032E-01
  9.5908847160792188E-01
  9.5908847160791744E-01
  9.5908847160794042E-01
  9.5908847160824862E-01
  9.5908847160840471E-01
  9.5908847160888289E-01
  9.5908847155191979E-01
  9.5908847155488963E-01
  9.5908847155832733E-01
  9.5908847156244159E-01
  9.5908847156763410E-01
  9.5908847157369681E-01
  9.5908847158158173E-01
  9.5908847159163757E-01
  9.5908847160530075E-01
  9.6093750000000000E-01
  9.6875000000000000E-01
  9.7656250000000000E-01
  9.8437500000000000E-01
  9.9218750000000000E-01
  1.0000000000000000E+00
  0.0000000000000000E+00
  0.0000000000000000E+00
  0.0000000000000000E+00
  0.0000000000000000E+00
  0.0000000000000000E+00
  0.0000000000000000E+00
  0.0000000000000000E+00
  0.0000000000000000E+00
  0.0000000000000000E+00
  0.0000000000000000E+00
  0.0000000000000000E+00
  0.0000000000000000E+00
  0.0000000000000000E+00
  0.0000000000000000E+00
  0.0000000000000000E+00
  0.0000000000000000E+00
  0.0000000000000000E+00
  0.0000000000000000E+00
  0.0000000000000000E+00
  0.0000000000000000E+00
  0.0000000000000000E+00
  0.0000000000000000E+00
  0.0000000000000000E+00
  0.0000000000000000E+00
  0.0000000000000000E+00
  0.0000000000000000E+00
  0.0000000000000000E+00
  0.0000000000000000E+00
  0.0000000000000000E+00
  9.5910064074178925E-01
  9.5910064071558776E-01
  9.5910064074189727E-01
  9.5910064069353074E-01
  9.5910064069850109E-01
  9.5910064070320666E-01
  9.5910064070661005E-01
  9.5910064071107315E-01
  9.5910064071660261E-01
  9.5910064072199708E-01
  9.5910064072577550E-01
  9.5910064073057344E-01
  9.5910064073557133E-01
  9.5910064074033896E-01
  9.5910064069090939E-01
  9.5910064069213308E-01
  9.5910064069257672E-01
  9.5910064069341450E-01
  9.5910064069456136E-01
  9.5910064069592849E-01
  9.5910064069548884E-01
  9.5910064069738477E-01
  9.5910064069792322E-01
  9.5910064069817980E-01
  9.5910064069938228E-01
  9.5910064070141388E-01
  9.5910064070193424E-01
  9.5910064070289902E-01
  9.5910064070397871E-01
  9.5910064070533230E-01
  9.5910064070526158E-01
  9.5910064070673184E-01
  9.5910064070735335E-01
  9.5910064070884804E-01
  9.5910064070981693E-01
  9.5910064071193069E-01
  9.5910064071209156E-01
  9.5910064071408030E-01
  9.5910064071505940E-01
  9.5910064071662515E-01
  9.5910064071789725E-01
  9.5910064071860146E-01
  9.5910064072025414E-01
  9.5910064072139545E-01
  9.5910064072236623E-01
  9.5910064072384127E-01
  9.5910064072518941E-01
  9.5910064067832546E-01
  9.5910063986386074E-01
  9.5910063984520144E-01
  9.5910064064080369E-01
  9.5910064063422196E-01
  9.5910064062922740E-01
  9.5910064062470257E-01
  9.5910064062119316E-01
  9.5910064061796252E-01
  9.5910064061457245E-01
  9.5910064061248046E-01
  9.5910064061003253E-01
  9.5910064060859312E-01
  9.5910064060638123E-01
  9.5910064060485012E-01
  9.5910064060377620E-01
  9.5910064060228739E-01
  9.5910064066967571E-01
  9.5910064066877165E-01
  9.5910064066925926E-01
  9.5910064066857170E-01
  9.5910064066885636E-01
  9.5910064066837009E-01
  9.5910064066843270E-01
  9.5910064066809753E-01
  9.5910064066853695E-01
  9.5910064066808010E-01
  9.5910064066838419E-01
  9.5910064066813439E-01
  9.5910064066806311E-01
  9.5910064066807976E-01
  9.5910064066835188E-01
  9.5910064066860778E-01
  9.5910064066859413E-01
  9.5910064066891110E-01
  9.5910064066907685E-01
  9.5910064066903422E-01
  9.5910064066947143E-01
  9.5910064061246558E-01
  9.5910064061530387E-01
  9.5910064061886968E-01
  9.5910064062307632E-01
  9.5910064062820644E-01
  9.5910064063443634E-01
  9.5910064064221656E-01
  9.5910064065232192E-01
  9.5910064066595357E-01
  9.6093750000000000E-01
  9.6875000000000000E-01
  9.7656250000000000E-01
  9.8437500000000000E-01
  9.9218750000000000E-01
  1.0000000000000000E+00
  0.0000000000000000E+00
  0.0000000000000000E+00
  0.0000000000000000E+00
  0.0000000000000000E+00
  0.0000000000000000E+00
  0.0000000000000000E+00
  0.0000000000000000E+00
  0.0000000000000000E+00
  0.0000000000000000E+00
  0.0000000000000000E+00
  0.0000000000000000E+00
  0.0000000000000000E+00
  0.0000000000000000E+00
  0.0000000000000000E+00
  0.0000000000000000E+00
  0.0000000000000000E+00
  0.0000000000000000E+00
  0.0000000000000000E+00
  0.0000000000000000E+00
  0.0000000000000000E+00
  0.0000000000000000E+00
  0.0000000000000000E+00
  0.0000000000000000E+00
  0.0000000000000000E+00
  0.0000000000000000E+00
  0.0000000000000000E+00
  0.0000000000000000E+00
  0.0000000000000000E+00
  0.0000000000000000E+00
  9.5911279611909184E-01
  9.5911279609575850E-01
  9.5911279612419009E-01
  9.5911279607524769E-01
  9.5911279608014555E-01
  9.5911279608448097E-01
  9.5911279608903321E-01
  9.5911279609335687E-01
  9.5911279609777800E-01
  9.5911279610261635E-01
  9.5911279610723665E-01
  9.5911279611211742E-01
  9.5911279611666944E-01
  9.5911279612068112E-01
  9.5911279607199329E-01
  9.5911279607323718E-01
  9.5911279607451527E-01
  9.5911279607471589E-01
  9.5911279607558864E-01
  9.5911279607646260E-01
  9.5911279607685573E-01
  9.5911279607768474E-01
  9.5911279607913169E-01
  9.5911279608056865E-01
  9.5911279608064226E-01
  9.5911279608164157E-01
  9.5911279608369593E-01
  9.5911279608473687E-01
  9.5911279608521627E-01
  9.5911279608628519E-01
  9.5911279608785271E-01
  9.5911279608889843E-01
  9.5911279608961097E-01
  9.5911279609015887E-01
  9.5911279609221212E-01
  9.5911279609329647E-01
  9.5911279609420552E-01
  9.5911279609529987E-01
  9.5911279609671907E-01
  9.5911279609714706E-01
  9.5911279609896394E-01
  9.5911279609967093E-01
  9.5911279610195421E-01
  9.5911279610283739E-01
  9.5911279610453293E-01
  9.5911279610604339E-01
  9.5911279610693789E-01
  9.5911279605994681E-01
  9.5911279524277604E-01
  9.5911279522492310E-01
  9.5911279602169286E-01
  9.5911279601606136E-01
  9.5911279601046229E-01
  9.5911279600614197E-01
  9.5911279600257060E-01
  9.5911279599941557E-01
  9.5911279599598442E-01
  9.5911279599390942E-01
  9.5911279599132293E-01
  9.5911279598952348E-01
  9.5911279598748322E-01
  9.5911279598630617E-01
  9.5911279598458710E-01
  9.5911279598333610E-01
  9.5911279605065047E-01
  9.5911279605010080E-01
  9.5911279605001709E-01
  9.5911279604983501E-01
  9.5911279605015765E-01
  9.5911279604980526E-01
  9.5911279604957811E-01
  9.5911279604953303E-01
  9.5911279604950694E-01
  9.5911279604957522E-01
  9.5911279604938104E-01
  9.5911279604961530E-01
  9.5911279604942978E-01
  9.5911279604962552E-01
  9.5911279604955357E-01
  9.5911279604967636E-01
  9.5911279604987476E-01
  9.5911279604986754E-01
  9.5911279605010769E-01
  9.5911279605040733E-01
  9.5911279605062671E-01
  9.5911279599348931E-01
  9.5911279599647592E-01
  9.5911279600009525E-01
  9.5911279600411237E-01
  9.5911279600927102E-01
  9.5911279601541477E-01
  9.5911279602336263E-01
  9.5911279603347332E-01
  9.5911279604720046E-01
  9.6093750000000000E-01
  9.6875000000000000E-01
  9.7656250000000000E-01
  9.8437500000000000E-01
  9.9218750000000000E-01
  1.0000000000000000E+00
  0.0000000000000000E+00
  0.0000000000000000E+00
  0.0000000000000000E+00
  0.0000000000000000E+00
  0.0000000000000000E+00
  0.0000000000000000E+00
  0.0000000000000000E+00
  0.0000000000000000E+00
  0.0000000000000000E+00
  0.0000000000000000E+00
  0.0000000000000000E+00
  0.0000000000000000E+00
  0.0000000000000000E+00
  0.0000000000000000E+00
  0.0000000000000000E+00
  0.0000000000000000E+00
  0.0000000000000000E+00
  0.0000000000000000E+00
  0.0000000000000000E+00
  0.0000000000000000E+00
  0.0000000000000000E+00
  0.0000000000000000E+00
  0.0000000000000000E+00
  0.0000000000000000E+00
  0.0000000000000000E+00
  0.0000000000000000E+00
  0.0000000000000000E+00
  0.0000000000000000E+00
  0.0000000000000000E+00
  9.5912493783675479E-01
  9.5912493781622765E-01
  9.5912493784309871E-01
  9.5912493779590480E-01
  9.5912493779982633E-01
  9.5912493780477726E-01
  9.5912493780865682E-01
  9.5912493781454433E-01
  9.5912493781893338E-01
  9.5912493782368247E-01
  9.5912493782766195E-01
  9.5912493783242148E-01
  9.5912493783733455E-01
  9.5912493784183617E-01
  9.5912493779277186E-01
  9.5912493779294572E-01
  9.5912493779430819E-01
  9.5912493779523644E-01
  9.5912493779627661E-01
  9.5912493779707519E-01
  9.5912493779869745E-01
  9.5912493779857821E-01
  9.5912493779943164E-01
  9.5912493780140040E-01
  9.5912493780178243E-01
  9.5912493780261643E-01
  9.5912493780308306E-01
  9.5912493780483532E-01
  9.5912493780630059E-01
  9.5912493780743635E-01
  9.5912493780841102E-01
  9.5912493780940189E-01
  9.5912493781034580E-01
  9.5912493781161878E-01
  9.5912493781246932E-01
  9.5912493781307562E-01
  9.5912493781506991E-01
  9.5912493781520147E-01
  9.5912493781654640E-01
  9.5912493781838348E-01
  9.5912493781983987E-01
  9.5912493782083585E-01
  9.5912493782154640E-01
  9.5912493782398611E-01
  9.5912493782521813E-01
  9.5912493782595476E-01
  9.5912493782779884E-01
  9.5912493778110253E-01
  9.5912493696210999E-01
  9.5912493694356826E-01
  9.5912493774225704E-01
  9.5912493773619922E-01
  9.5912493773095109E-01
  9.5912493772691365E-01
  9.5912493772265672E-01
  9.5912493771960605E-01
  9.5912493771612894E-01
  9.5912493771389973E-01
  9.5912493771164531E-01
  9.5912493770961338E-01
  9.5912493770777929E-01
  9.5912493770607399E-01
  9.5912493770489349E-01
  9.5912493770382157E-01
  9.5912493777111740E-01
  9.5912493777109997E-01
  9.5912493777068486E-01
  9.5912493777037633E-01
  9.5912493777024610E-01
  9.5912493777026386E-01
  9.5912493777003294E-01
  9.5912493777009455E-01
  9.5912493776988250E-01
  9.5912493776989149E-01
  9.5912493776987073E-01
  9.5912493777001795E-01
  9.5912493777003438E-01
  9.5912493776979668E-01
  9.5912493776993235E-01
  9.5912493777022556E-01
  9.5912493777041807E-01
  9.5912493777038321E-01
  9.5912493777067132E-01
  9.5912493777100327E-01
  9.5912493777106456E-01
  9.5912493771373164E-01
  9.5912493771661167E-01
  9.5912493772022922E-01
  9.5912493772456175E-01
  9.5912493772951979E-01
  9.5912493773571450E-01
  9.5912493774364516E-01
  9.5912493775381058E-01
  9.5912493776770225E-01
  9.6093750000000000E-01
  9.6875000000000000E-01
  9.7656250000000000E-01
  9.8437500000000000E-01
  9.9218750000000000E-01
  1.0000000000000000E+00
  0.0000000000000000E+00
  0.0000000000000000E+00
  0.0000000000000000E+00
  0.0000000000000000E+00
  0.0000000000000000E+00
  0.0000000000000000E+00
  0.0000000000000000E+00
  0.0000000000000000E+00
  0.0000000000000000E+00
  0.0000000000000000E+00
  0.0000000000000000E+00
  0.0000000000000000E+00
  0.0000000000000000E+00
  0.0000000000000000E+00
  0.0000000000000000E+00
  0.0000000000000000E+00
  0.0000000000000000E+00
  0.0000000000000000E+00
  0.0000000000000000E+00
  0.0000000000000000E+00
  0.0000000000000000E+00
  0.0000000000000000E+00
  0.0000000000000000E+00
  0.0000000000000000E+00
  0.0000000000000000E+00
  0.0000000000000000E+00
  0.0000000000000000E+00
  0.0000000000000000E+00
  0.0000000000000000E+00
  9.5913706591344750E-01
  9.5913706589549619E-01
  9.5913706592192460E-01
  9.5913706587523428E-01
  9.5913706587900527E-01
  9.5913706588273639E-01
  9.5913706588696424E-01
  9.5913706589196968E-01
  9.5913706589695125E-01
  9.5913706590238956E-01
  9.5913706590541914E-01
  9.5913706591146308E-01
  9.5913706591542813E-01
  9.5913706592145220E-01
  9.5913706587132119E-01
  9.5913706587251146E-01
  9.5913706587277514E-01
  9.5913706587299863E-01
  9.5913706587399472E-01
  9.5913706587508973E-01
  9.5913706587565750E-01
  9.5913706587675551E-01
  9.5913706587776404E-01
  9.5913706587861802E-01
  9.5913706588029779E-01
  9.5913706588092362E-01
  9.5913706588198266E-01
  9.5913706588338243E-01
  9.5913706588480974E-01
  9.5913706588524306E-01
  9.5913706588583836E-01
  9.5913706588696679E-01
  9.5913706588855607E-01
  9.5913706589004677E-01
  9.5913706589118708E-01
  9.5913706589148584E-01
  9.5913706589365821E-01
  9.5913706589463754E-01
  9.5913706589605741E-01
  9.5913706589722281E-01
  9.5913706589767744E-01
  9.5913706589932590E-01
  9.5913706590015246E-01
  9.5913706590201497E-01
  9.5913706590330461E-01
  9.5913706590471792E-01
  9.5913706590618408E-01
  9.5913706586087344E-01
  9.5913706503882368E-01
  9.5913706502064200E-01
  9.5913706582112457E-01
  9.5913706581442548E-01
  9.5913706580907476E-01
  9.5913706580495317E-01
  9.5913706580049363E-01
  9.5913706579768121E-01
  9.5913706579418767E-01
  9.5913706579233937E-01
  9.5913706578978808E-01
  9.5913706578767965E-01
  9.5913706578559399E-01
  9.5913706578473079E-01
  9.5913706578277635E-01
  9.5913706578180502E-01
  9.5913706584942970E-01
  9.5913706584910441E-01
  9.5913706584901182E-01
  9.5913706584897918E-01
  9.5913706584866121E-01
  9.5913706584847558E-01
  9.5913706584856084E-01
  9.5913706584857616E-01
  9.5913706584849079E-01
  9.5913706584839487E-01
  9.5913706584834890E-01
  9.5913706584831082E-01
  9.5913706584833658E-01
  9.5913706584840142E-01
  9.5913706584826419E-01
  9.5913706584858505E-01
  9.5913706584868386E-01
  9.5913706584881153E-01
  9.5913706584907887E-01
  9.5913706584933023E-01
  9.5913706584946712E-01
  9.5913706579192859E-01
  9.5913706579487090E-01
  9.5913706579848834E-01
  9.5913706580256408E-01
  9.5913706580769076E-01
  9.5913706581391589E-01
  9.5913706582197567E-01
  9.5913706583220815E-01
  9.5913706584595126E-01
  9.6093750000000000E-01
  9.6875000000000000E-01
  9.7656250000000000E-01
  9.8437500000000000E-01
  9.9218750000000000E-01
  1.0000000000000000E+00
  0.0000000000000000E+00
  0.0000000000000000E+00
  0.0000000000000000E+00
  0.0000000000000000E+00
  0.0000000000000000E+00
  0.0000000000000000E+00
  0.0000000000000000E+00
  0.0000000000000000E+00
  0.0000000000000000E+00
  0.0000000000000000E+00
  0.0000000000000000E+00
  0.0000000000000000E+00
  0.0000000000000000E+00
  0.0000000000000000E+00
  0.0000000000000000E+00
  0.0000000000000000E+00
  0.0000000000000000E+00
  0.0000000000000000E+00
  0.0000000000000000E+00
  0.0000000000000000E+00
  0.0000000000000000E+00
  0.0000000000000000E+00
  0.0000000000000000E+00
  0.0000000000000000E+00
  0.0000000000000000E+00
  0.0000000000000000E+00
  0.0000000000000000E+00
  0.0000000000000000E+00
  0.0000000000000000E+00
  9.5914918036549768E-01
  9.5914918034854213E-01
  9.5914918037742714E-01
  9.5914918032906538E-01
  9.5914918033392782E-01
  9.5914918033838181E-01
  9.5914918034224472E-01
  9.5914918034650198E-01
  9.5914918035142305E-01
  9.5914918035661045E-01
  9.5914918036058872E-01
  9.5914918036681929E-01
  9.5914918037144858E-01
  9.5914918037485353E-01
  9.5914918032566066E-01
  9.5914918032772767E-01
  9.5914918032735919E-01
  9.5914918032926044E-01
  9.5914918032871466E-01
  9.5914918033065877E-01
  9.5914918033097973E-01
  9.5914918033216690E-01
  9.5914918033384733E-01
  9.5914918033435037E-01
  9.5914918033445484E-01
  9.5914918033564189E-01
  9.5914918033754737E-01
  9.5914918033761498E-01
  9.5914918033949526E-01
  9.5914918034088903E-01
  9.5914918034154573E-01
  9.5914918034209862E-01
  9.5914918034363150E-01
  9.5914918034514829E-01
  9.5914918034612795E-01
  9.5914918034634911E-01
  9.5914918034806396E-01
  9.5914918034908259E-01
  9.5914918035100649E-01
  9.5914918035211960E-01
  9.5914918035316643E-01
  9.5914918035449814E-01
  9.5914918035565000E-01
  9.5914918035749563E-01
  9.5914918035809771E-01
  9.5914918035944907E-01
  9.5914918036092867E-01
  9.5914918031621621E-01
  9.5914917949301115E-01
  9.5914917947343103E-01
  9.5914918027571849E-01
  9.5914918026940077E-01
  9.5914918026389706E-01
  9.5914918025931117E-01
  9.5914918025594054E-01
  9.5914918025263329E-01
  9.5914918024897322E-01
  9.5914918024666040E-01
  9.5914918024436668E-01
  9.5914918024238283E-01
  9.5914918024023021E-01
  9.5914918023886964E-01
  9.5914918023759921E-01
  9.5914918023622864E-01
  9.5914918030418717E-01
  9.5914918030393448E-01
  9.5914918030360863E-01
  9.5914918030342289E-01
  9.5914918030329022E-01
  9.5914918030326224E-01
  9.5914918030354868E-01
  9.5914918030305074E-01
  9.5914918030338792E-01
  9.5914918030302332E-01
  9.5914918030334584E-01
  9.5914918030306540E-01
  9.5914918030303975E-01
  9.5914918030329954E-01
  9.5914918030321361E-01
  9.5914918030340668E-01
  9.5914918030335405E-01
  9.5914918030363094E-01
  9.5914918030395890E-01
  9.5914918030421326E-01
  9.5914918030432672E-01
  9.5914918030484642E-01
  9.5914918024964924E-01
  9.5914918025309626E-01
  9.5914918025730522E-01
  9.5914918026243323E-01
  9.5914918026873819E-01
  9.5914918027661256E-01
  9.5914918028695717E-01
  9.5914918030076868E-01
  9.6093750000000000E-01
  9.6875000000000000E-01
  9.7656250000000000E-01
  9.8437500000000000E-01
  9.9218750000000000E-01
  1.0000000000000000E+00
  0.0000000000000000E+00
  0.0000000000000000E+00
  0.0000000000000000E+00
  0.0000000000000000E+00
  0.0000000000000000E+00
  0.0000000000000000E+00
  0.0000000000000000E+00
  0.0000000000000000E+00
  0.0000000000000000E+00
  0.0000000000000000E+00
  0.0000000000000000E+00
  0.0000000000000000E+00
  0.0000000000000000E+00
  0.0000000000000000E+00
  0.0000000000000000E+00
  0.0000000000000000E+00
  0.0000000000000000E+00
  0.0000000000000000E+00
  0.0000000000000000E+00
  0.0000000000000000E+00
  0.0000000000000000E+00
  0.0000000000000000E+00
  0.0000000000000000E+00
  0.0000000000000000E+00
  0.0000000000000000E+00
  0.0000000000000000E+00
  0.0000000000000000E+00
  0.0000000000000000E+00
  0.0000000000000000E+00
  9.5916128121226019E-01
  9.5916128119975208E-01
  9.5916128122632327E-01
  9.5916128117936805E-01
  9.5916128118385402E-01
  9.5916128118807953E-01
  9.5916128119281752E-01
  9.5916128119668509E-01
  9.5916128120195332E-01
  9.5916128120615263E-01
  9.5916128121092337E-01
  9.5916128121532818E-01
  9.5916128122054189E-01
  9.5916128122514543E-01
  9.5916128117633670E-01
  9.5916128117621957E-01
  9.5916128117775723E-01
  9.5916128117841570E-01
  9.5916128117905841E-01
  9.5916128118077271E-01
  9.5916128118119892E-01
  9.5916128118309019E-01
  9.5916128118281918E-01
  9.5916128118491628E-01
  9.5916128118557631E-01
  9.5916128118634358E-01
  9.5916128118689947E-01
  9.5916128118889554E-01
  9.5916128118909139E-01
  9.5916128119056898E-01
  9.5916128119204858E-01
  9.5916128119232702E-01
  9.5916128119409705E-01
  9.5916128119411803E-01
  9.5916128119633348E-01
  9.5916128119736521E-01
  9.5916128119762845E-01
  9.5916128119895594E-01
  9.5916128120081634E-01
  9.5916128120233513E-01
  9.5916128120305266E-01
  9.5916128120470545E-01
  9.5916128120565347E-01
  9.5916128120774913E-01
  9.5916128120826449E-01
  9.5916128120998434E-01
  9.5916128121133504E-01
  9.5916128116722477E-01
  9.5916128034152992E-01
  9.5916128032192016E-01
  9.5916128112613874E-01
  9.5916128111913679E-01
  9.5916128111422050E-01
  9.5916128110987675E-01
  9.5916128110526044E-01
  9.5916128110210797E-01
  9.5916128109881293E-01
  9.5916128109672727E-01
  9.5916128109426979E-01
  9.5916128109250698E-01
  9.5916128109036958E-01
  9.5916128108878507E-01
  9.5916128108767262E-01
  9.5916128108602172E-01
  9.5916128115434818E-01
  9.5916128115401478E-01
  9.5916128115398791E-01
  9.5916128115393140E-01
  9.5916128115352817E-01
  9.5916128115362875E-01
  9.5916128115331556E-01
  9.5916128115310240E-01
  9.5916128115302091E-01
  9.5916128115317156E-01
  9.5916128115298382E-01
  9.5916128115317523E-01
  9.5916128115307486E-01
  9.5916128115306176E-01
  9.5916128115338728E-01
  9.5916128115347421E-01
  9.5916128115356858E-01
  9.5916128115359389E-01
  9.5916128115393184E-01
  9.5916128115414157E-01
  9.5916128115424126E-01
  9.5916128115470989E-01
  9.5916128109937482E-01
  9.5916128110289534E-01
  9.5916128110711218E-01
  9.5916128111228072E-01
  9.5916128111853616E-01
  9.5916128112648469E-01
  9.5916128113683385E-01
  9.5916128115072297E-01
  9.6093750000000000E-01
  9.6875000000000000E-01
  9.7656250000000000E-01
  9.8437500000000000E-01
  9.9218750000000000E-01
  1.0000000000000000E+00
  0.0000000000000000E+00
  0.0000000000000000E+00
  0.0000000000000000E+00
  0.0000000000000000E+00
  0.0000000000000000E+00
  0.0000000000000000E+00
  0.0000000000000000E+00
  0.0000000000000000E+00
  0.0000000000000000E+00
  0.0000000000000000E+00
  0.0000000000000000E+00
  0.0000000000000000E+00
  0.0000000000000000E+00
  0.0000000000000000E+00
  0.0000000000000000E+00
  0.0000000000000000E+00
  0.0000000000000000E+00
  0.0000000000000000E+00
  0.0000000000000000E+00
  0.0000000000000000E+00
  0.0000000000000000E+00
  0.0000000000000000E+00
  0.0000000000000000E+00
  0.0000000000000000E+00
  0.0000000000000000E+00
  0.0000000000000000E+00
  0.0000000000000000E+00
  0.0000000000000000E+00
  0.0000000000000000E+00
  9.5917336847254009E-01
  9.5917336846265167E-01
  9.5917336849022494E-01
  9.5917336844341117E-01
  9.5917336844742895E-01
  9.5917336845212287E-01
  9.5917336845646628E-01
  9.5917336846142975E-01
  9.5917336846657042E-01
  9.5917336847026435E-01
  9.5917336847556545E-01
  9.5917336848047485E-01
  9.5917336848414159E-01
  9.5917336848987955E-01
  9.5917336844068513E-01
  9.5917336844085554E-01
  9.5917336844150825E-01
  9.5917336844166656E-01
  9.5917336844421197E-01
  9.5917336844466738E-01
  9.5917336844449896E-01
  9.5917336844614454E-01
  9.5917336844783230E-01
  9.5917336844740053E-01
  9.5917336844929380E-01
  9.5917336845028645E-01
  9.5917336845160972E-01
  9.5917336845172640E-01
  9.5917336845374834E-01
  9.5917336845469370E-01
  9.5917336845456114E-01
  9.5917336845652312E-01
  9.5917336845795975E-01
  9.5917336845794610E-01
  9.5917336845952861E-01
  9.5917336846043688E-01
  9.5917336846252443E-01
  9.5917336846381118E-01
  9.5917336846468992E-01
  9.5917336846590751E-01
  9.5917336846680024E-01
  9.5917336846828338E-01
  9.5917336846951540E-01
  9.5917336847138479E-01
  9.5917336847212586E-01
  9.5917336847374690E-01
  9.5917336847560530E-01
  9.5917336843233603E-01
  9.5917336840950029E-01
  9.5917336758350513E-01
  9.5917336838961709E-01
  9.5917336838321732E-01
  9.5917336837756340E-01
  9.5917336837268641E-01
  9.5917336836919898E-01
  9.5917336836554956E-01
  9.5917336836269940E-01
  9.5917336835993439E-01
  9.5917336835802569E-01
  9.5917336835543043E-01
  9.5917336835403866E-01
  9.5917336835220979E-01
  9.5917336835097566E-01
  9.5917336834965461E-01
  9.5917336841791012E-01
  9.5917336841801848E-01
  9.5917336841780942E-01
  9.5917336841753031E-01
  9.5917336841729672E-01
  9.5917336841712408E-01
  9.5917336841700107E-01
  9.5917336841702272E-01
  9.5917336841693679E-01
  9.5917336841685796E-01
  9.5917336841696632E-01
  9.5917336841684464E-01
  9.5917336841667189E-01
  9.5917336841678513E-01
  9.5917336841671186E-01
  9.5917336841708423E-01
  9.5917336841695655E-01
  9.5917336841743728E-01
  9.5917336841739875E-01
  9.5917336841777456E-01
  9.5917336841800738E-01
  9.5917336841840706E-01
  9.5917336836281886E-01
  9.5917336836646128E-01
  9.5917336837059475E-01
  9.5917336837575684E-01
  9.5917336838204992E-01
  9.5917336838999168E-01
  9.5917336840045275E-01
  9.5917336841436496E-01
  9.6093750000000000E-01
  9.6875000000000000E-01
  9.7656250000000000E-01
  9.8437500000000000E-01
  9.9218750000000000E-01
  1.0000000000000000E+00
  0.0000000000000000E+00
  0.0000000000000000E+00
  0.0000000000000000E+00
  0.0000000000000000E+00
  0.0000000000000000E+00
  0.0000000000000000E+00
  0.0000000000000000E+00
  0.0000000000000000E+00
  0.0000000000000000E+00
  0.0000000000000000E+00
  0.0000000000000000E+00
  0.0000000000000000E+00
  0.0000000000000000E+00
  0.0000000000000000E+00
  0.0000000000000000E+00
  0.0000000000000000E+00
  0.0000000000000000E+00
  0.0000000000000000E+00
  0.0000000000000000E+00
  0.0000000000000000E+00
  0.0000000000000000E+00
  0.0000000000000000E+00
  0.0000000000000000E+00
  0.0000000000000000E+00
  0.0000000000000000E+00
  0.0000000000000000E+00
  0.0000000000000000E+00
  0.0000000000000000E+00
  0.0000000000000000E+00
  9.5918544216561408E-01
  9.5918544215719281E-01
  9.5918544218552138E-01
  9.5918544213841195E-01
  9.5918544214428336E-01
  9.5918544214744317E-01
  9.5918544215260892E-01
  9.5918544215714130E-01
  9.5918544216148460E-01
  9.5918544216564128E-01
  9.5918544217101220E-01
  9.5918544217680557E-01
  9.5918544218132251E-01
  9.5918544218623869E-01
  9.5918544213665180E-01
  9.5918544213610368E-01
  9.5918544213824952E-01
  9.5918544213870283E-01
  9.5918544213867429E-01
  9.5918544214042012E-01
  9.5918544214181667E-01
  9.5918544214256174E-01
  9.5918544214370915E-01
  9.5918544214464918E-01
  9.5918544214559054E-01
  9.5918544214598023E-01
  9.5918544214727253E-01
  9.5918544214790058E-01
  9.5918544214927870E-01
  9.5918544215012991E-01
  9.5918544215065382E-01
  9.5918544215239609E-01
  9.5918544215412749E-01
  9.5918544215489898E-01
  9.5918544215513502E-01
  9.5918544215670765E-01
  9.5918544215866397E-01
  9.5918544215886581E-01
  9.5918544216077095E-01
  9.5918544216225321E-01
  9.5918544216286383E-01
  9.5918544216471846E-01
  9.5918544216561030E-01
  9.5918544216664181E-01
  9.5918544216831769E-01
  9.5918544217035306E-01
  9.5918544217087731E-01
  9.5918544212849999E-01
  9.5918544210549783E-01
  9.5918544127764527E-01
  9.5918544208606304E-01
  9.5918544207844270E-01
  9.5918544207390255E-01
  9.5918544206929002E-01
  9.5918544206468614E-01
  9.5918544206141376E-01
  9.5918544205879352E-01
  9.5918544205578493E-01
  9.5918544205341016E-01
  9.5918544205116951E-01
  9.5918544204989564E-01
  9.5918544204817247E-01
  9.5918544204644385E-01
  9.5918544211385837E-01
  9.5918544211387213E-01
  9.5918544211359913E-01
  9.5918544211332901E-01
  9.5918544211325063E-01
  9.5918544211323775E-01
  9.5918544211284185E-01
  9.5918544211295331E-01
  9.5918544211249446E-01
  9.5918544211245671E-01
  9.5918544211289070E-01
  9.5918544211254375E-01
  9.5918544211260137E-01
  9.5918544211274304E-01
  9.5918544211263335E-01
  9.5918544211263368E-01
  9.5918544211289880E-01
  9.5918544211296464E-01
  9.5918544211319279E-01
  9.5918544211355694E-01
  9.5918544211376355E-01
  9.5918544211394408E-01
  9.5918544211433110E-01
  9.5918544205849765E-01
  9.5918544206207323E-01
  9.5918544206625500E-01
  9.5918544207149958E-01
  9.5918544207781464E-01
  9.5918544208586753E-01
  9.5918544209625245E-01
  9.5918544211016998E-01
  9.6093750000000000E-01
  9.6875000000000000E-01
  9.7656250000000000E-01
  9.8437500000000000E-01
  9.9218750000000000E-01
  1.0000000000000000E+00
  0.0000000000000000E+00
  0.0000000000000000E+00
  0.0000000000000000E+00
  0.0000000000000000E+00
  0.0000000000000000E+00
  0.0000000000000000E+00
  0.0000000000000000E+00
  0.0000000000000000E+00
  0.0000000000000000E+00
  0.0000000000000000E+00
  0.0000000000000000E+00
  0.0000000000000000E+00
  0.0000000000000000E+00
  0.0000000000000000E+00
  0.0000000000000000E+00
  0.0000000000000000E+00
  0.0000000000000000E+00
  0.0000000000000000E+00
  0.0000000000000000E+00
  0.0000000000000000E+00
  0.0000000000000000E+00
  0.0000000000000000E+00
  0.0000000000000000E+00
  0.0000000000000000E+00
  0.0000000000000000E+00
  0.0000000000000000E+00
  0.0000000000000000E+00
  0.0000000000000000E+00
  0.0000000000000000E+00
  9.5919750230878531E-01
  9.5919750230438938E-01
  9.5919750233218093E-01
  9.5919750228576661E-01
  9.5919750229004486E-01
  9.5919750229524925E-01
  9.5919750229916423E-01
  9.5919750230285228E-01
  9.5919750230855272E-01
  9.5919750231216305E-01
  9.5919750231857914E-01
  9.5919750232261358E-01
  9.5919750232712042E-01
  9.5919750233170997E-01
  9.5919750228276679E-01
  9.5919750228275324E-01
  9.5919750228394374E-01
  9.5919750228561229E-01
  9.5919750228535150E-01
  9.5919750228692613E-01
  9.5919750228849343E-01
  9.5919750228890688E-01
  9.5919750229032552E-01
  9.5919750229053047E-01
  9.5919750229108047E-01
  9.5919750229316747E-01
  9.5919750229367073E-01
  9.5919750229408163E-01
  9.5919750229578249E-01
  9.5919750229747547E-01
  9.5919750229794087E-01
  9.5919750229855838E-01
  9.5919750229992273E-01
  9.5919750230105050E-01
  9.5919750230191514E-01
  9.5919750230351430E-01
  9.5919750230472101E-01
  9.5919750230610756E-01
  9.5919750230719603E-01
  9.5919750230834910E-01
  9.5919750230948708E-01
  9.5919750231076728E-01
  9.5919750231210910E-01
  9.5919750231402545E-01
  9.5919750231511858E-01
  9.5919750231703094E-01
  9.5919750231804923E-01
  9.5919750227675027E-01
  9.5919750225310851E-01
  9.5919750142253635E-01
  9.5919750223211409E-01
  9.5919750222546074E-01
  9.5919750221986733E-01
  9.5919750221533862E-01
  9.5919750221139188E-01
  9.5919750220828548E-01
  9.5919750220502031E-01
  9.5919750220198319E-01
  9.5919750220006694E-01
  9.5919750219813649E-01
  9.5919750219579902E-01
  9.5919750219431921E-01
  9.5919750219285826E-01
  9.5919750226053224E-01
  9.5919750226014133E-01
  9.5919750226008238E-01
  9.5919750226027267E-01
  9.5919750226011091E-01
  9.5919750225992051E-01
  9.5919750225944045E-01
  9.5919750225945732E-01
  9.5919750225942124E-01
  9.5919750225909917E-01
  9.5919750225897360E-01
  9.5919750225910150E-01
  9.5919750225931188E-01
  9.5919750225911238E-01
  9.5919750225924216E-01
  9.5919750225934497E-01
  9.5919750225962219E-01
  9.5919750225957634E-01
  9.5919750225995104E-01
  9.5919750226006961E-01
  9.5919750226034317E-01
  9.5919750226040024E-01
  9.5919750226082601E-01
  9.5919750220484135E-01
  9.5919750220849820E-01
  9.5919750221271449E-01
  9.5919750221787048E-01
  9.5919750222434541E-01
  9.5919750223234468E-01
  9.5919750224264844E-01
  9.5919750225676403E-01
  9.6093750000000000E-01
  9.6875000000000000E-01
  9.7656250000000000E-01
  9.8437500000000000E-01
  9.9218750000000000E-01
  1.0000000000000000E+00
  0.0000000000000000E+00
  0.0000000000000000E+00
  0.0000000000000000E+00
  0.0000000000000000E+00
  0.0000000000000000E+00
  0.0000000000000000E+00
  0.0000000000000000E+00
  0.0000000000000000E+00
  0.0000000000000000E+00
  0.0000000000000000E+00
  0.0000000000000000E+00
  0.0000000000000000E+00
  0.0000000000000000E+00
  0.0000000000000000E+00
  0.0000000000000000E+00
  0.0000000000000000E+00
  0.0000000000000000E+00
  0.0000000000000000E+00
  0.0000000000000000E+00
  0.0000000000000000E+00
  0.0000000000000000E+00
  0.0000000000000000E+00
  0.0000000000000000E+00
  0.0000000000000000E+00
  0.0000000000000000E+00
  0.0000000000000000E+00
  0.0000000000000000E+00
  0.0000000000000000E+00
  0.0000000000000000E+00
  9.5920954892239207E-01
  9.5920954891925636E-01
  9.5920954894698152E-01
  9.5920954890155841E-01
  9.5920954890595500E-01
  9.5920954891118559E-01
  9.5920954891505783E-01
  9.5920954891904142E-01
  9.5920954892424815E-01
  9.5920954892879851E-01
  9.5920954893432886E-01
  9.5920954893820376E-01
  9.5920954894288513E-01
  9.5920954894927024E-01
  9.5920954889882060E-01
  9.5920954890001442E-01
  9.5920954889968857E-01
  9.5920954890173371E-01
  9.5920954890246934E-01
  9.5920954890277554E-01
  9.5920954890373844E-01
  9.5920954890499444E-01
  9.5920954890593302E-01
  9.5920954890626331E-01
  9.5920954890750110E-01
  9.5920954890929322E-01
  9.5920954890981769E-01
  9.5920954891079213E-01
  9.5920954891213939E-01
  9.5920954891260179E-01
  9.5920954891356514E-01
  9.5920954891425558E-01
  9.5920954891597854E-01
  9.5920954891663324E-01
  9.5920954891774657E-01
  9.5920954892007426E-01
  9.5920954892121191E-01
  9.5920954892196486E-01
  9.5920954892291577E-01
  9.5920954892478449E-01
  9.5920954892570542E-01
  9.5920954892742394E-01
  9.5920954892867083E-01
  9.5920954892999555E-01
  9.5920954893095611E-01
  9.5920954893225430E-01
  9.5920954893454879E-01
  9.5920954889368792E-01
  9.5920954886860010E-01
  9.5920954803690572E-01
  9.5920954884821663E-01
  9.5920954884127252E-01
  9.5920954883555920E-01
  9.5920954883131138E-01
  9.5920954882655729E-01
  9.5920954882311504E-01
  9.5920954882046872E-01
  9.5920954881799303E-01
  9.5920954881560727E-01
  9.5920954881338771E-01
  9.5920954881143694E-01
  9.5920954880951481E-01
  9.5920954880822373E-01
  9.5920954887647658E-01
  9.5920954887619203E-01
  9.5920954887560095E-01
  9.5920954887594656E-01
  9.5920954887546284E-01
  9.5920954887522747E-01
  9.5920954887520959E-01
  9.5920954887530718E-01
  9.5920954887493581E-01
  9.5920954887485910E-01
  9.5920954887474508E-01
  9.5920954887500776E-01
  9.5920954887474497E-01
  9.5920954887509968E-01
  9.5920954887523935E-01
  9.5920954887516441E-01
  9.5920954887513832E-01
  9.5920954887546661E-01
  9.5920954887539323E-01
  9.5920954887574350E-01
  9.5920954887581900E-01
  9.5920954887640097E-01
  9.5920954887658472E-01
  9.5920954882041709E-01
  9.5920954882398013E-01
  9.5920954882825304E-01
  9.5920954883351328E-01
  9.5920954883982867E-01
  9.5920954884797460E-01
  9.5920954885841048E-01
  9.5920954887243881E-01
  9.6093750000000000E-01
  9.6875000000000000E-01
  9.7656250000000000E-01
  9.8437500000000000E-01
  9.9218750000000000E-01
  1.0000000000000000E+00
  0.0000000000000000E+00
  0.0000000000000000E+00
  0.0000000000000000E+00
  0.0000000000000000E+00
  0.0000000000000000E+00
  0.0000000000000000E+00
  0.0000000000000000E+00
  0.0000000000000000E+00
  0.0000000000000000E+00
  0.0000000000000000E+00
  0.0000000000000000E+00
  0.0000000000000000E+00
  0.0000000000000000E+00
  0.0000000000000000E+00
  0.0000000000000000E+00
  0.0000000000000000E+00
  0.0000000000000000E+00
  0.0000000000000000E+00
  0.0000000000000000E+00
  0.0000000000000000E+00
  0.0000000000000000E+00
  0.0000000000000000E+00
  0.0000000000000000E+00
  0.0000000000000000E+00
  0.0000000000000000E+00
  0.0000000000000000E+00
  0.0000000000000000E+00
  0.0000000000000000E+00
  0.0000000000000000E+00
  9.5922158202249497E-01
  9.5922158202272212E-01
  9.5922158205089170E-01
  9.5922158200393903E-01
  9.5922158200858754E-01
  9.5922158201320007E-01
  9.5922158201758678E-01
  9.5922158202240071E-01
  9.5922158202742003E-01
  9.5922158203320718E-01
  9.5922158203726959E-01
  9.5922158204145380E-01
  9.5922158204758334E-01
  9.5922158205210706E-01
  9.5922158200202490E-01
  9.5922158200211083E-01
  9.5922158200289920E-01
  9.5922158200487750E-01
  9.5922158200589680E-01
  9.5922158200624319E-01
  9.5922158200757779E-01
  9.5922158200733254E-01
  9.5922158200876440E-01
  9.5922158201040097E-01
  9.5922158201141505E-01
  9.5922158201203467E-01
  9.5922158201371743E-01
  9.5922158201465013E-01
  9.5922158201529051E-01
  9.5922158201678132E-01
  9.5922158201670904E-01
  9.5922158201805485E-01
  9.5922158201979124E-01
  9.5922158202096575E-01
  9.5922158202177288E-01
  9.5922158202301910E-01
  9.5922158202378804E-01
  9.5922158202591024E-01
  9.5922158202640295E-01
  9.5922158202811914E-01
  9.5922158202972629E-01
  9.5922158203041841E-01
  9.5922158203228203E-01
  9.5922158203369368E-01
  9.5922158203424546E-01
  9.5922158203576702E-01
  9.5922158203779573E-01
  9.5922158199852037E-01
  9.5922158197215757E-01
  9.5922158113841716E-01
  9.5922158195111540E-01
  9.5922158194429186E-01
  9.5922158193858698E-01
  9.5922158193421969E-01
  9.5922158193059481E-01
  9.5922158192689899E-01
  9.5922158192339957E-01
  9.5922158192054097E-01
  9.5922158191863172E-01
  9.5922158191637907E-01
  9.5922158191450468E-01
  9.5922158191320528E-01
  9.5922158191123663E-01
  9.5922158197991303E-01
  9.5922158197958873E-01
  9.5922158197907337E-01
  9.5922158197936869E-01
  9.5922158197909413E-01
  9.5922158197866159E-01
  9.5922158197836782E-01
  9.5922158197870877E-01
  9.5922158197867802E-01
  9.5922158197858909E-01
  9.5922158197822838E-01
  9.5922158197838026E-01
  9.5922158197823804E-01
  9.5922158197845719E-01
  9.5922158197832064E-01
  9.5922158197826490E-01
  9.5922158197850371E-01
  9.5922158197859464E-01
  9.5922158197895879E-01
  9.5922158197893570E-01
  9.5922158197932139E-01
  9.5922158197947105E-01
  9.5922158197995255E-01
  9.5922158192337104E-01
  9.5922158192708917E-01
  9.5922158193147178E-01
  9.5922158193654783E-01
  9.5922158194311868E-01
  9.5922158195114093E-01
  9.5922158196161023E-01
  9.5922158197581175E-01
  9.6093750000000000E-01
  9.6875000000000000E-01
  9.7656250000000000E-01
  9.8437500000000000E-01
  9.9218750000000000E-01
  1.0000000000000000E+00
  0.0000000000000000E+00
  0.0000000000000000E+00
  0.0000000000000000E+00
  0.0000000000000000E+00
  0.0000000000000000E+00
  0.0000000000000000E+00
  0.0000000000000000E+00
  0.0000000000000000E+00
  0.0000000000000000E+00
  0.0000000000000000E+00
  0.0000000000000000E+00
  0.0000000000000000E+00
  0.0000000000000000E+00
  0.0000000000000000E+00
  0.0000000000000000E+00
  0.0000000000000000E+00
  0.0000000000000000E+00
  0.0000000000000000E+00
  0.0000000000000000E+00
  0.0000000000000000E+00
  0.0000000000000000E+00
  0.0000000000000000E+00
  0.0000000000000000E+00
  0.0000000000000000E+00
  0.0000000000000000E+00
  0.0000000000000000E+00
  0.0000000000000000E+00
  0.0000000000000000E+00
  0.0000000000000000E+00
  9.5923360162767046E-01
  9.5923360163245053E-01
  9.5923360165904725E-01
  9.5923360161357929E-01
  9.5923360161762883E-01
  9.5923360162301741E-01
  9.5923360162752824E-01
  9.5923360163218951E-01
  9.5923360163649274E-01
  9.5923360164123350E-01
  9.5923360164741867E-01
  9.5923360165190186E-01
  9.5923360165616356E-01
  9.5923360166151861E-01
  9.5923360161178983E-01
  9.5923360161191273E-01
  9.5923360161309812E-01
  9.5923360161432492E-01
  9.5923360161525939E-01
  9.5923360161557814E-01
  9.5923360161610793E-01
  9.5923360161705151E-01
  9.5923360161861082E-01
  9.5923360161911919E-01
  9.5923360161987081E-01
  9.5923360162206817E-01
  9.5923360162284299E-01
  9.5923360162344462E-01
  9.5923360162406646E-01
  9.5923360162630322E-01
  9.5923360162724292E-01
  9.5923360162757243E-01
  9.5923360162883720E-01
  9.5923360163005911E-01
  9.5923360163161375E-01
  9.5923360163259097E-01
  9.5923360163378213E-01
  9.5923360163451254E-01
  9.5923360163638660E-01
  9.5923360163807048E-01
  9.5923360163873850E-01
  9.5923360164033689E-01
  9.5923360164140981E-01
  9.5923360164250859E-01
  9.5923360164468319E-01
  9.5923360164601479E-01
  9.5923360164738158E-01
  9.5923360160959092E-01
  9.5923360158212745E-01
  9.5923360074607789E-01
  9.5923360156122739E-01
  9.5923360155337412E-01
  9.5923360154820136E-01
  9.5923360154365733E-01
  9.5923360153910764E-01
  9.5923360153573134E-01
  9.5923360153243964E-01
  9.5923360153008919E-01
  9.5923360152747694E-01
  9.5923360152593096E-01
  9.5923360152380199E-01
  9.5923360152200499E-01
  9.5923360152084003E-01
  9.5923360158929982E-01
  9.5923360158909032E-01
  9.5923360158854476E-01
  9.5923360158813298E-01
  9.5923360158790683E-01
  9.5923360158790971E-01
  9.5923360158765758E-01
  9.5923360158760274E-01
  9.5923360158770477E-01
  9.5923360158739135E-01
  9.5923360158738857E-01
  9.5923360158761339E-01
  9.5923360158777871E-01
  9.5923360158775428E-01
  9.5923360158757209E-01
  9.5923360158766335E-01
  9.5923360158796611E-01
  9.5923360158803694E-01
  9.5923360158826609E-01
  9.5923360158841353E-01
  9.5923360158858473E-01
  9.5923360158883786E-01
  9.5923360158924109E-01
  9.5923360153265913E-01
  9.5923360153626214E-01
  9.5923360154048876E-01
  9.5923360154582893E-01
  9.5923360155222570E-01
  9.5923360156039583E-01
  9.5923360157083959E-01
  9.5923360158499238E-01
  9.6093750000000000E-01
  9.6875000000000000E-01
  9.7656250000000000E-01
  9.8437500000000000E-01
  9.9218750000000000E-01
  1.0000000000000000E+00
  0.0000000000000000E+00
  0.0000000000000000E+00
  0.0000000000000000E+00
  0.0000000000000000E+00
  0.0000000000000000E+00
  0.0000000000000000E+00
  0.0000000000000000E+00
  0.0000000000000000E+00
  0.0000000000000000E+00
  0.0000000000000000E+00
  0.0000000000000000E+00
  0.0000000000000000E+00
  0.0000000000000000E+00
  0.0000000000000000E+00
  0.0000000000000000E+00
  0.0000000000000000E+00
  0.0000000000000000E+00
  0.0000000000000000E+00
  0.0000000000000000E+00
  0.0000000000000000E+00
  0.0000000000000000E+00
  0.0000000000000000E+00
  0.0000000000000000E+00
  0.0000000000000000E+00
  0.0000000000000000E+00
  0.0000000000000000E+00
  0.0000000000000000E+00
  0.0000000000000000E+00
  0.0000000000000000E+00
  9.5924560775840340E-01
  9.5924560776568690E-01
  9.5924560779256773E-01
  9.5924560774680789E-01
  9.5924560775126155E-01
  9.5924560775695766E-01
  9.5924560776072654E-01
  9.5924560776616741E-01
  9.5924560777044199E-01
  9.5924560777548740E-01
  9.5924560778019752E-01
  9.5924560778498802E-01
  9.5924560778986834E-01
  9.5924560779453294E-01
  9.5924560774493439E-01
  9.5924560774575340E-01
  9.5924560774613232E-01
  9.5924560774783296E-01
  9.5924560774782330E-01
  9.5924560774899692E-01
  9.5924560775068002E-01
  9.5924560775061130E-01
  9.5924560775204715E-01
  9.5924560775249934E-01
  9.5924560775402190E-01
  9.5924560775575718E-01
  9.5924560775664214E-01
  9.5924560775789258E-01
  9.5924560775824352E-01
  9.5924560775933299E-01
  9.5924560775991419E-01
  9.5924560776155299E-01
  9.5924560776325363E-01
  9.5924560776429002E-01
  9.5924560776465850E-01
  9.5924560776665990E-01
  9.5924560776787260E-01
  9.5924560776930012E-01
  9.5924560777007439E-01
  9.5924560777116274E-01
  9.5924560777290935E-01
  9.5924560777404244E-01
  9.5924560777512569E-01
  9.5924560777704615E-01
  9.5924560777805079E-01
  9.5924560777903634E-01
  9.5924560778085255E-01
  9.5924560774453882E-01
  9.5924560771578171E-01
  9.5924560687742066E-01
  9.5924560769408207E-01
  9.5924560768721567E-01
  9.5924560768178280E-01
  9.5924560767656408E-01
  9.5924560767274059E-01
  9.5924560766930833E-01
  9.5924560766595657E-01
  9.5924560766332978E-01
  9.5924560766111255E-01
  9.5924560765861011E-01
  9.5924560765720734E-01
  9.5924560765572264E-01
  9.5924560765433997E-01
  9.5924560772263712E-01
  9.5924560772242407E-01
  9.5924560772210166E-01
  9.5924560772166034E-01
  9.5924560772178280E-01
  9.5924560772166534E-01
  9.5924560772126544E-01
  9.5924560772146783E-01
  9.5924560772156631E-01
  9.5924560772130774E-01
  9.5924560772107526E-01
  9.5924560772130385E-01
  9.5924560772120604E-01
  9.5924560772111267E-01
  9.5924560772110057E-01
  9.5924560772126999E-01
  9.5924560772146450E-01
  9.5924560772173140E-01
  9.5924560772165934E-01
  9.5924560772186129E-01
  9.5924560772221057E-01
  9.5924560772258904E-01
  9.5924560772279410E-01
  9.5924560766591249E-01
  9.5924560766953915E-01
  9.5924560767408207E-01
  9.5924560767928391E-01
  9.5924560768564515E-01
  9.5924560769375955E-01
  9.5924560770432110E-01
  9.5924560771858980E-01
  9.6093750000000000E-01
  9.6875000000000000E-01
  9.7656250000000000E-01
  9.8437500000000000E-01
  9.9218750000000000E-01
  1.0000000000000000E+00
  0.0000000000000000E+00
  0.0000000000000000E+00
  0.0000000000000000E+00
  0.0000000000000000E+00
  0.0000000000000000E+00
  0.0000000000000000E+00
  0.0000000000000000E+00
  0.0000000000000000E+00
  0.0000000000000000E+00
  0.0000000000000000E+00
  0.0000000000000000E+00
  0.0000000000000000E+00
  0.0000000000000000E+00
  0.0000000000000000E+00
  0.0000000000000000E+00
  0.0000000000000000E+00
  0.0000000000000000E+00
  0.0000000000000000E+00
  0.0000000000000000E+00
  0.0000000000000000E+00
  0.0000000000000000E+00
  0.0000000000000000E+00
  0.0000000000000000E+00
  0.0000000000000000E+00
  0.0000000000000000E+00
  0.0000000000000000E+00
  0.0000000000000000E+00
  0.0000000000000000E+00
  0.0000000000000000E+00
  9.5925760043201647E-01
  9.5925760044112152E-01
  9.5925760046915320E-01
  9.5925760042444530E-01
  9.5925760042763242E-01
  9.5925760043326647E-01
  9.5925760043711605E-01
  9.5925760044184849E-01
  9.5925760044800179E-01
  9.5925760045155795E-01
  9.5925760045660202E-01
  9.5925760046137887E-01
  9.5925760046592390E-01
  9.5925760047237807E-01
  9.5925760042113029E-01
  9.5925760042210162E-01
  9.5925760042297803E-01
  9.5925760042313579E-01
  9.5925760042547559E-01
  9.5925760042611874E-01
  9.5925760042595454E-01
  9.5925760042784880E-01
  9.5925760042829100E-01
  9.5925760042875508E-01
  9.5925760043061070E-01
  9.5925760043171082E-01
  9.5925760043253638E-01
  9.5925760043403918E-01
  9.5925760043396446E-01
  9.5925760043635311E-01
  9.5925760043616759E-01
  9.5925760043757691E-01
  9.5925760043956609E-01
  9.5925760043984964E-01
  9.5925760044169994E-01
  9.5925760044287212E-01
  9.5925760044416830E-01
  9.5925760044471808E-01
  9.5925760044653552E-01
  9.5925760044790154E-01
  9.5925760044957586E-01
  9.5925760044993291E-01
  9.5925760045187380E-01
  9.5925760045316277E-01
  9.5925760045400776E-01
  9.5925760045563035E-01
  9.5925760045741759E-01
  9.5925760042390751E-01
  9.5925760039288854E-01
  9.5925759955220857E-01
  9.5925760037052454E-01
  9.5925760036330687E-01
  9.5925760035754137E-01
  9.5925760035339458E-01
  9.5925760034863128E-01
  9.5925760034579688E-01
  9.5925760034269869E-01
  9.5925760033981078E-01
  9.5925760033722873E-01
  9.5925760033520080E-01
  9.5925760033321950E-01
  9.5925760033128360E-01
  9.5925760033014684E-01
  9.5925760039862096E-01
  9.5925760039843833E-01
  9.5925760039856600E-01
  9.5925760039849906E-01
  9.5925760039808528E-01
  9.5925760039764452E-01
  9.5925760039779628E-01
  9.5925760039739050E-01
  9.5925760039729768E-01
  9.5925760039742192E-01
  9.5925760039733166E-01
  9.5925760039737440E-01
  9.5925760039732766E-01
  9.5925760039746810E-01
  9.5925760039753594E-01
  9.5925760039759889E-01
  9.5925760039760355E-01
  9.5925760039793351E-01
  9.5925760039789698E-01
  9.5925760039820762E-01
  9.5925760039842090E-01
  9.5925760039884211E-01
  9.5925760039908858E-01
  9.5925760034199503E-01
  9.5925760034562157E-01
  9.5925760034998109E-01
  9.5925760035537699E-01
  9.5925760036171370E-01
  9.5925760036992946E-01
  9.5925760038054553E-01
  9.5925760039486718E-01
  9.6093750000000000E-01
  9.6875000000000000E-01
  9.7656250000000000E-01
  9.8437500000000000E-01
  9.9218750000000000E-01
  1.0000000000000000E+00
  0.0000000000000000E+00
  0.0000000000000000E+00
  0.0000000000000000E+00
  0.0000000000000000E+00
  0.0000000000000000E+00
  0.0000000000000000E+00
  0.0000000000000000E+00
  0.0000000000000000E+00
  0.0000000000000000E+00
  0.0000000000000000E+00
  0.0000000000000000E+00
  0.0000000000000000E+00
  0.0000000000000000E+00
  0.0000000000000000E+00
  0.0000000000000000E+00
  0.0000000000000000E+00
  0.0000000000000000E+00
  0.0000000000000000E+00
  0.0000000000000000E+00
  0.0000000000000000E+00
  0.0000000000000000E+00
  0.0000000000000000E+00
  0.0000000000000000E+00
  0.0000000000000000E+00
  0.0000000000000000E+00
  0.0000000000000000E+00
  0.0000000000000000E+00
  0.0000000000000000E+00
  0.0000000000000000E+00
  9.5926957966671089E-01
  9.5926957967813109E-01
  9.5926957970694882E-01
  9.5926957966191151E-01
  9.5926957966585757E-01
  9.5926957966972815E-01
  9.5926957967578252E-01
  9.5926957967972526E-01
  9.5926957968508797E-01
  9.5926957968930637E-01
  9.5926957969463922E-01
  9.5926957969899673E-01
  9.5926957970447779E-01
  9.5926957970812177E-01
  9.5926957965841897E-01
  9.5926957965908333E-01
  9.5926957966093962E-01
  9.5926957966105031E-01
  9.5926957966194870E-01
  9.5926957966340110E-01
  9.5926957966448412E-01
  9.5926957966504212E-01
  9.5926957966626236E-01
  9.5926957966608917E-01
  9.5926957966790538E-01
  9.5926957966826287E-01
  9.5926957966992887E-01
  9.5926957967034154E-01
  9.5926957967239113E-01
  9.5926957967312698E-01
  9.5926957967464144E-01
  9.5926957967548443E-01
  9.5926957967608750E-01
  9.5926957967707016E-01
  9.5926957967859083E-01
  9.5926957968034043E-01
  9.5926957968122484E-01
  9.5926957968205573E-01
  9.5926957968359139E-01
  9.5926957968515469E-01
  9.5926957968649429E-01
  9.5926957968815518E-01
  9.5926957968890980E-01
  9.5926957969028281E-01
  9.5926957969218696E-01
  9.5926957969307902E-01
  9.5926957969477133E-01
  9.5926957966452975E-01
  9.5926957963033721E-01
  9.5926955424408944E-01
  9.5926957960764780E-01
  9.5926957960133252E-01
  9.5926957959468839E-01
  9.5926957959028858E-01
  9.5926957958648462E-01
  9.5926957958221915E-01
  9.5926957957941150E-01
  9.5926957957701020E-01
  9.5926957957437320E-01
  9.5926957957224157E-01
  9.5926957956975067E-01
  9.5926957956846293E-01
  9.5926957956663572E-01
  9.5926957963617598E-01
  9.5926957963584492E-01
  9.5926957963562631E-01
  9.5926957963546189E-01
  9.5926957963514514E-01
  9.5926957963529991E-01
  9.5926957963505188E-01
  9.5926957963482573E-01
  9.5926957963448589E-01
  9.5926957963453408E-01
  9.5926957963483384E-01
  9.5926957963469062E-01
  9.5926957963464354E-01
  9.5926957963452253E-01
  9.5926957963462922E-01
  9.5926957963453530E-01
  9.5926957963468384E-01
  9.5926957963502790E-01
  9.5926957963526027E-01
  9.5926957963526072E-01
  9.5926957963547455E-01
  9.5926957963604909E-01
  9.5926957963626858E-01
  9.5926957963659620E-01
  9.5926957958259940E-01
  9.5926957958694792E-01
  9.5926957959224768E-01
  9.5926957959873738E-01
  9.5926957960694159E-01
  9.5926957961764703E-01
  9.5926957963191939E-01
  9.6093750000000000E-01
  9.6875000000000000E-01
  9.7656250000000000E-01
  9.8437500000000000E-01
  9.9218750000000000E-01
  1.0000000000000000E+00
  0.0000000000000000E+00
  0.0000000000000000E+00
  0.0000000000000000E+00
  0.0000000000000000E+00
  0.0000000000000000E+00
  0.0000000000000000E+00
  0.0000000000000000E+00
  0.0000000000000000E+00
  0.0000000000000000E+00
  0.0000000000000000E+00
  0.0000000000000000E+00
  0.0000000000000000E+00
  0.0000000000000000E+00
  0.0000000000000000E+00
  0.0000000000000000E+00
  0.0000000000000000E+00
  0.0000000000000000E+00
  0.0000000000000000E+00
  0.0000000000000000E+00
  0.0000000000000000E+00
  0.0000000000000000E+00
  0.0000000000000000E+00
  0.0000000000000000E+00
  0.0000000000000000E+00
  0.0000000000000000E+00
  0.0000000000000000E+00
  0.0000000000000000E+00
  0.0000000000000000E+00
  0.0000000000000000E+00
  9.5928154548026168E-01
  9.5928154549334710E-01
  9.5928154552273215E-01
  9.5928154547715694E-01
  9.5928154548174971E-01
  9.5928154548637046E-01
  9.5928154549094058E-01
  9.5928154549683986E-01
  9.5928154550036304E-01
  9.5928154550641476E-01
  9.5928154550980604E-01
  9.5928154551572520E-01
  9.5928154552037914E-01
  9.5928154552454648E-01
  9.5928154547497035E-01
  9.5928154547511801E-01
  9.5928154547608169E-01
  9.5928154547762179E-01
  9.5928154547878486E-01
  9.5928154547897893E-01
  9.5928154547961431E-01
  9.5928154548170452E-01
  9.5928154548164957E-01
  9.5928154548266886E-01
  9.5928154548439948E-01
  9.5928154548499300E-01
  9.5928154548619249E-01
  9.5928154548670619E-01
  9.5928154548771916E-01
  9.5928154548962774E-01
  9.5928154549118183E-01
  9.5928154549143774E-01
  9.5928154549332867E-01
  9.5928154549342082E-01
  9.5928154549478173E-01
  9.5928154549666877E-01
  9.5928154549731381E-01
  9.5928154549839240E-01
  9.5928154550064793E-01
  9.5928154550117029E-01
  9.5928154550315059E-01
  9.5928154550374323E-01
  9.5928154550525557E-01
  9.5928154550686695E-01
  9.5928154550850520E-01
  9.5928154550975719E-01
  9.5928154551133216E-01
  9.5928154551280087E-01
  9.5928154544710964E-01
  9.5928151998336031E-01
  9.5928154542435840E-01
  9.5928154541716815E-01
  9.5928154541090593E-01
  9.5928154540689137E-01
  9.5928154540218169E-01
  9.5928154539871313E-01
  9.5928154539543675E-01
  9.5928154539294586E-01
  9.5928154539028043E-01
  9.5928154538777111E-01
  9.5928154538633370E-01
  9.5928154538434307E-01
  9.5928154545230349E-01
  9.5928154545230604E-01
  9.5928154545183530E-01
  9.5928154545214206E-01
  9.5928154545180944E-01
  9.5928154545163902E-01
  9.5928154545147903E-01
  9.5928154545094990E-01
  9.5928154545083733E-01
  9.5928154545112321E-01
  9.5928154545102928E-01
  9.5928154545090061E-01
  9.5928154545091093E-01
  9.5928154545075017E-01
  9.5928154545085786E-01
  9.5928154545088518E-01
  9.5928154545105848E-01
  9.5928154545128597E-01
  9.5928154545120736E-01
  9.5928154545136712E-01
  9.5928154545155686E-01
  9.5928154545194011E-01
  9.5928154545226940E-01
  9.5928154545260691E-01
  9.5928154545310107E-01
  9.5928154539864585E-01
  9.5928154540322108E-01
  9.5928154540847443E-01
  9.5928154541503885E-01
  9.5928154542313160E-01
  9.5928154543384792E-01
  9.5928154544816657E-01
  9.6093750000000000E-01
  9.6875000000000000E-01
  9.7656250000000000E-01
  9.8437500000000000E-01
  9.9218750000000000E-01
  1.0000000000000000E+00
  0.0000000000000000E+00
  0.0000000000000000E+00
  0.0000000000000000E+00
  0.0000000000000000E+00
  0.0000000000000000E+00
  0.0000000000000000E+00
  0.0000000000000000E+00
  0.0000000000000000E+00
  0.0000000000000000E+00
  0.0000000000000000E+00
  0.0000000000000000E+00
  0.0000000000000000E+00
  0.0000000000000000E+00
  0.0000000000000000E+00
  0.0000000000000000E+00
  0.0000000000000000E+00
  0.0000000000000000E+00
  0.0000000000000000E+00
  0.0000000000000000E+00
  0.0000000000000000E+00
  0.0000000000000000E+00
  0.0000000000000000E+00
  0.0000000000000000E+00
  0.0000000000000000E+00
  0.0000000000000000E+00
  0.0000000000000000E+00
  0.0000000000000000E+00
  0.0000000000000000E+00
  0.0000000000000000E+00
  9.5929349804474295E-01
  9.5929349790830309E-01
  9.5929349793540464E-01
  9.5929349789064355E-01
  9.5929349789558294E-01
  9.5929349790089902E-01
  9.5929349790530827E-01
  9.5929349790986684E-01
  9.5929349791468110E-01
  9.5929349791944607E-01
  9.5929349792387208E-01
  9.5929349792906660E-01
  9.5929349793505847E-01
  9.5929349793889174E-01
  9.5929349788892182E-01
  9.5929349788919971E-01
  9.5929349789111040E-01
  9.5929349789123786E-01
  9.5929349789139262E-01
  9.5929349789380725E-01
  9.5929349789384533E-01
  9.5929349789569274E-01
  9.5929349789626395E-01
  9.5929349789637330E-01
  9.5929349789805596E-01
  9.5929349789916396E-01
  9.5929349789968654E-01
  9.5929349790154950E-01
  9.5929349790153273E-01
  9.5929349790298124E-01
  9.5929349790461294E-01
  9.5929349790546392E-01
  9.5929349790731533E-01
  9.5929349790787066E-01
  9.5929349790888263E-01
  9.5929349790984819E-01
  9.5929349791114704E-01
  9.5929349791230345E-01
  9.5929349791408303E-01
  9.5929349791480445E-01
  9.5929349791626106E-01
  9.5929349791817042E-01
  9.5929349791911322E-01
  9.5929349792098295E-01
  9.5929349792238305E-01
  9.5929349792385499E-01
  9.5929349792533436E-01
  9.5929349792732699E-01
  9.5929349786077911E-01
  9.5929347232013240E-01
  9.5929349783786755E-01
  9.5929349783117990E-01
  9.5929349782486073E-01
  9.5929349782000772E-01
  9.5929349781562723E-01
  9.5929349781227924E-01
  9.5929349780927731E-01
  9.5929349780630213E-01
  9.5929349780345941E-01
  9.5929349780181383E-01
  9.5929349779999618E-01
  9.5929349779835404E-01
  9.5929349786630025E-01
  9.5929349786610807E-01
  9.5929349786565843E-01
  9.5929349786564910E-01
  9.5929349786518914E-01
  9.5929349786526752E-01
  9.5929349786482199E-01
  9.5929349786482132E-01
  9.5929349786479368E-01
  9.5929349786491036E-01
  9.5929349786470353E-01
  9.5929349786463669E-01
  9.5929349786442941E-01
  9.5929349786462492E-01
  9.5929349786448825E-01
  9.5929349786451634E-01
  9.5929349786493145E-01
  9.5929349786488327E-01
  9.5929349786482876E-01
  9.5929349786524609E-01
  9.5929349786529450E-01
  9.5929349786546447E-01
  9.5929349786595342E-01
  9.5929349786641060E-01
  9.5929349786671536E-01
  9.5929349781230944E-01
  9.5929349781669870E-01
  9.5929349782201956E-01
  9.5929349782841566E-01
  9.5929349783667495E-01
  9.5929349784735962E-01
  9.5929349786185791E-01
  9.6093750000000000E-01
  9.6875000000000000E-01
  9.7656250000000000E-01
  9.8437500000000000E-01
  9.9218750000000000E-01
  1.0000000000000000E+00
  0.0000000000000000E+00
  0.0000000000000000E+00
  0.0000000000000000E+00
  0.0000000000000000E+00
  0.0000000000000000E+00
  0.0000000000000000E+00
  0.0000000000000000E+00
  0.0000000000000000E+00
  0.0000000000000000E+00
  0.0000000000000000E+00
  0.0000000000000000E+00
  0.0000000000000000E+00
  0.0000000000000000E+00
  0.0000000000000000E+00
  0.0000000000000000E+00
  0.0000000000000000E+00
  0.0000000000000000E+00
  0.0000000000000000E+00
  0.0000000000000000E+00
  0.0000000000000000E+00
  0.0000000000000000E+00
  0.0000000000000000E+00
  0.0000000000000000E+00
  0.0000000000000000E+00
  0.0000000000000000E+00
  0.0000000000000000E+00
  0.0000000000000000E+00
  0.0000000000000000E+00
  0.0000000000000000E+00
  9.5930543703412507E-01
  9.5930543693704351E-01
  9.5930543696453974E-01
  9.5930543692000414E-01
  9.5930543692557213E-01
  9.5930543692943560E-01
  9.5930543693454362E-01
  9.5930543693898573E-01
  9.5930543694442461E-01
  9.5930543694867187E-01
  9.5930543695331660E-01
  9.5930543695924075E-01
  9.5930543696426684E-01
  9.5930543696835935E-01
  9.5930543691805581E-01
  9.5930543691875658E-01
  9.5930543691960402E-01
  9.5930543691995818E-01
  9.5930543692126313E-01
  9.5930543692256232E-01
  9.5930543692353554E-01
  9.5930543692361236E-01
  9.5930543692601489E-01
  9.5930543692558301E-01
  9.5930543692706571E-01
  9.5930543692854175E-01
  9.5930543692997261E-01
  9.5930543693009940E-01
  9.5930543693205494E-01
  9.5930543693311643E-01
  9.5930543693350900E-01
  9.5930543693504811E-01
  9.5930543693538839E-01
  9.5930543693784232E-01
  9.5930543693859338E-01
  9.5930543693958981E-01
  9.5930543694055959E-01
  9.5930543694207049E-01
  9.5930543694326054E-01
  9.5930543694527948E-01
  9.5930543694627901E-01
  9.5930543694722281E-01
  9.5930543694902437E-01
  9.5930543694991388E-01
  9.5930543695211323E-01
  9.5930543695294412E-01
  9.5930543695425086E-01
  9.5930543695577408E-01
  9.5930543689100589E-01
  9.5930541127084901E-01
  9.5930543686777070E-01
  9.5930543686007963E-01
  9.5930543685451342E-01
  9.5930543684941272E-01
  9.5930543684472314E-01
  9.5930543684101532E-01
  9.5930543683846026E-01
  9.5930543683561154E-01
  9.5930543683288938E-01
  9.5930543683065062E-01
  9.5930543682859237E-01
  9.5930543682677927E-01
  9.5930543689543191E-01
  9.5930543689532521E-01
  9.5930543689491510E-01
  9.5930543689460990E-01
  9.5930543689465031E-01
  9.5930543689455738E-01
  9.5930543689426584E-01
  9.5930543689408088E-01
  9.5930543689385217E-01
  9.5930543689381798E-01
  9.5930543689397674E-01
  9.5930543689363346E-01
  9.5930543689367409E-01
  9.5930543689389935E-01
  9.5930543689397263E-01
  9.5930543689405878E-01
  9.5930543689396064E-01
  9.5930543689408110E-01
  9.5930543689411285E-01
  9.5930543689451631E-01
  9.5930543689444037E-01
  9.5930543689481762E-01
  9.5930543689514280E-01
  9.5930543689543590E-01
  9.5930543689596637E-01
  9.5930543684126601E-01
  9.5930543684561953E-01
  9.5930543685095471E-01
  9.5930543685750469E-01
  9.5930543686592218E-01
  9.5930543687663428E-01
  9.5930543689107139E-01
  9.6093750000000000E-01
  9.6875000000000000E-01
  9.7656250000000000E-01
  9.8437500000000000E-01
  9.9218750000000000E-01
  1.0000000000000000E+00
  0.0000000000000000E+00
  0.0000000000000000E+00
  0.0000000000000000E+00
  0.0000000000000000E+00
  0.0000000000000000E+00
  0.0000000000000000E+00
  0.0000000000000000E+00
  0.0000000000000000E+00
  0.0000000000000000E+00
  0.0000000000000000E+00
  0.0000000000000000E+00
  0.0000000000000000E+00
  0.0000000000000000E+00
  0.0000000000000000E+00
  0.0000000000000000E+00
  0.0000000000000000E+00
  0.0000000000000000E+00
  0.0000000000000000E+00
  0.0000000000000000E+00
  0.0000000000000000E+00
  0.0000000000000000E+00
  0.0000000000000000E+00
  0.0000000000000000E+00
  0.0000000000000000E+00
  0.0000000000000000E+00
  0.0000000000000000E+00
  0.0000000000000000E+00
  0.0000000000000000E+00
  0.0000000000000000E+00
  9.5931736265676470E-01
  9.5931736259965461E-01
  9.5931736262763379E-01
  9.5931736258328537E-01
  9.5931736258841338E-01
  9.5931736259201050E-01
  9.5931736259702471E-01
  9.5931736260172928E-01
  9.5931736260777056E-01
  9.5931736261185585E-01
  9.5931736261669220E-01
  9.5931736262162992E-01
  9.5931736262623224E-01
  9.5931736263140499E-01
  9.5931736258078204E-01
  9.5931736258086053E-01
  9.5931736258269174E-01
  9.5931736258286215E-01
  9.5931736258404232E-01
  9.5931736258599276E-01
  9.5931736258625711E-01
  9.5931736258653044E-01
  9.5931736258784406E-01
  9.5931736258996425E-01
  9.5931736258958711E-01
  9.5931736259160660E-01
  9.5931736259263145E-01
  9.5931736259291067E-01
  9.5931736259388001E-01
  9.5931736259593292E-01
  9.5931736259664946E-01
  9.5931736259765577E-01
  9.5931736259933420E-01
  9.5931736260073541E-01
  9.5931736260138400E-01
  9.5931736260278022E-01
  9.5931736260356304E-01
  9.5931736260518341E-01
  9.5931736260612221E-01
  9.5931736260836897E-01
  9.5931736260906886E-01
  9.5931736261018097E-01
  9.5931736261164224E-01
  9.5931736261301570E-01
  9.5931736261501810E-01
  9.5931736261628575E-01
  9.5931736261754064E-01
  9.5931736261962774E-01
  9.5931736255407396E-01
  9.5931733685592413E-01
  9.5931736253052202E-01
  9.5931736252333144E-01
  9.5931736251733279E-01
  9.5931736251194688E-01
  9.5931736250820421E-01
  9.5931736250452426E-01
  9.5931736250076183E-01
  9.5931736249822952E-01
  9.5931736249571187E-01
  9.5931736249334953E-01
  9.5931736249148936E-01
  9.5931736248965349E-01
  9.5931736255847500E-01
  9.5931736255806632E-01
  9.5931736255782007E-01
  9.5931736255789590E-01
  9.5931736255713929E-01
  9.5931736255754463E-01
  9.5931736255715583E-01
  9.5931736255684541E-01
  9.5931736255699940E-01
  9.5931736255692024E-01
  9.5931736255673516E-01
  9.5931736255662392E-01
  9.5931736255661570E-01
  9.5931736255657707E-01
  9.5931736255662947E-01
  9.5931736255688083E-01
  9.5931736255680000E-01
  9.5931736255680589E-01
  9.5931736255697397E-01
  9.5931736255739397E-01
  9.5931736255735667E-01
  9.5931736255771238E-01
  9.5931736255794253E-01
  9.5931736255852396E-01
  9.5931736255879674E-01
  9.5931736250385213E-01
  9.5931736250835487E-01
  9.5931736251372846E-01
  9.5931736252027311E-01
  9.5931736252868249E-01
  9.5931736253938016E-01
  9.5931736255386990E-01
  9.6093750000000000E-01
  9.6875000000000000E-01
  9.7656250000000000E-01
  9.8437500000000000E-01
  9.9218750000000000E-01
  1.0000000000000000E+00
