8.982803954643240739e-05
6.050533790516725730e-05
6.050524883704801036e-05
6.050509816550743826e-05
6.050488400759676094e-05
6.050457071015234300e-05
6.050425741270797249e-05
6.050380511075851810e-05
6.050335280880909082e-05
6.050267447397354340e-05
6.050199613913799599e-05
6.050131780430243502e-05
6.050063946946688761e-05
6.049962772819150047e-05
6.049861598691611334e-05
6.049760424564071265e-05
6.049659250436532551e-05
6.049530436154377654e-05
6.049401621872226145e-05
6.049252839259003410e-05
6.049104056645782031e-05
6.048934055691501465e-05
6.048764054737220221e-05
6.048571503840201774e-05
6.048378952943183327e-05
6.048162432962354845e-05
6.047945912981526363e-05
6.047703910802706235e-05
6.047461908623882719e-05
6.047192810196191232e-05
6.046923711768497712e-05
6.046625794562187310e-05
6.046327877355876909e-05
6.045999302188500169e-05
6.045670727021124107e-05
6.045309529193119134e-05
6.044948331365116871e-05
6.044552411040277735e-05
6.044156490715438598e-05
6.043723602474966215e-05
6.043290714234493153e-05
6.042818455725913534e-05
6.042346197217331882e-05
6.041831996811597081e-05
6.041317796405863634e-05
6.040758899766703142e-05
6.040200003127543327e-05
6.039593458587165124e-05
6.038986914046788954e-05
6.038329556670794362e-05
6.037672199294799092e-05
6.036960633506694384e-05
6.036249067718589675e-05
6.035479648340529707e-05
6.034710228962468384e-05
6.033879040513213683e-05
6.033047852063957626e-05
6.032150686138156828e-05
6.031253520212355353e-05
6.030285850745921412e-05
6.029318181279485437e-05
6.028294618430033325e-05
6.027232093689829484e-05
6.026129271913359121e-05
6.024984767150123448e-05
6.023797140473263940e-05
6.022564897705543825e-05
6.021286487037386402e-05
6.019960296531476004e-05
6.018584651508049278e-05
6.017157811804833047e-05
6.015677968905058489e-05
6.014143242926845150e-05
6.012551679466691338e-05
6.010901246289619693e-05
6.009189829857980604e-05
6.007415231690535978e-05
6.005575164543079929e-05
6.003667248401304809e-05
6.001689006276177758e-05
5.999637859791614634e-05
5.997511124553691247e-05
5.995306005290087104e-05
5.993019590747918746e-05
5.990648848337530976e-05
5.988190618509176580e-05
5.985641608848965616e-05
5.982998387879759919e-05
5.980257378552044745e-05
5.977414851409205683e-05
5.974466917410894973e-05
5.971409520397474711e-05
5.968238429178005422e-05
5.964949229223304498e-05
5.961537313945207357e-05
5.957997875542394396e-05
5.954325895392513881e-05
5.950516133969913546e-05
5.946563120267687823e-05
5.942461140702371585e-05
5.938204227479385603e-05
5.933786146397086866e-05
5.929200384067317557e-05
5.924440134530597194e-05
5.919498285244505648e-05
5.914367402424554202e-05
5.909039715718094726e-05
5.903507102193192660e-05
5.897761069626639857e-05
5.891792739077957280e-05
5.885592826739608722e-05
5.879151625058186818e-05
5.872458983126540867e-05
5.865504286353603056e-05
5.858276435426692142e-05
5.850763824591097723e-05
5.842954319283396680e-05
5.834835233169629351e-05
5.826393304656421994e-05
5.817614672963813748e-05
5.808484853873146847e-05
5.798988715292538454e-05
5.789110452817314360e-05
5.778833565503892938e-05
5.768140832124770263e-05
5.757014288230066952e-05
5.745435204409643227e-05
5.733384066231436628e-05
0.000000000000000000e+00
8.982802270463131455e-05
6.050532106381536975e-05
6.050523199702050964e-05
6.050508132771312974e-05
6.050486717297784341e-05
6.050455388019656546e-05
6.050424058741532817e-05
6.050378829223675023e-05
6.050333599705822650e-05
6.050265767249272996e-05
6.050197934792722664e-05
6.050130102336175042e-05
6.050062269879626065e-05
6.049961097306872569e-05
6.049859924734119073e-05
6.049758752161368288e-05
6.049657579588614792e-05
6.049528767309866965e-05
6.049399955031114394e-05
6.049251174751032393e-05
6.049102394470952425e-05
6.048932396205846290e-05
6.048762397940743543e-05
6.048569850116143311e-05
6.048377302291547145e-05
6.048160785797172681e-05
6.047944269302794830e-05
6.047702271056323804e-05
6.047460272809850745e-05
6.047191178796542613e-05
6.046922084783235837e-05
6.046624172510769025e-05
6.046326260238300859e-05
6.045997690566774069e-05
6.045669120895243891e-05
6.045307929169171435e-05
6.044946737443099657e-05
6.044550823876509402e-05
6.044154910309923890e-05
6.043722029536109956e-05
6.043289148762293311e-05
6.042816898488286112e-05
6.042344648214280947e-05
6.041830456872783950e-05
6.041316265531290340e-05
6.040757378856769096e-05
6.040198492182251918e-05
6.039591958580385367e-05
6.038985424978524238e-05
6.038328079599290381e-05
6.037670734220057202e-05
6.036959181574711537e-05
6.036247628929362484e-05
6.035478223941090570e-05
6.034708818952817301e-05
6.033877646245587931e-05
6.033046473538357883e-05
6.032149324828303195e-05
6.031252176118250539e-05
6.030284525467948111e-05
6.029316874817649749e-05
6.028293332075611229e-05
6.027230828352263313e-05
6.026128028544457089e-05
6.024983546741719800e-05
6.023795944063911194e-05
6.022563726377905941e-05
6.021285341925709615e-05
6.019959178818693325e-05
6.018583562434099034e-05
6.017156752663463198e-05
6.015676941053105361e-05
6.014142247780688780e-05
6.012550718512627891e-05
6.010900321079919715e-05
6.009188942022502861e-05
6.007414382932347273e-05
6.005574356651466892e-05
6.003666483246898367e-05
6.001688285825569543e-05
5.999637186101912248e-05
5.997510499788962906e-05
5.995305431715281967e-05
5.993019070747380349e-05
5.990648384408205383e-05
5.988190213281521898e-05
5.985641265079323279e-05
5.982998108473991649e-05
5.980257166556988361e-05
5.977414710039446089e-05
5.974466850039145246e-05
5.971409530584977137e-05
5.968238520663685402e-05
5.964949405958358634e-05
5.961537580080841125e-05
5.957998235469264740e-05
5.954326353726837202e-05
5.950516695594265578e-05
5.946563790332306035e-05
5.942461924646280858e-05
5.938205131049069548e-05
5.933787175666531335e-05
5.929201545459546283e-05
5.924441434840812734e-05
5.919499731664984020e-05
5.914369002571431453e-05
5.909041477660212133e-05
5.903509034483171995e-05
5.897763181334385915e-05
5.891795039826797721e-05
5.885595326745311122e-05
5.879154335171098221e-05
5.872461914877121560e-05
5.865507452001685946e-05
5.858279848014778064e-05
5.850767498002082433e-05
5.842958268303106279e-05
5.834839473554656781e-05
5.826397853207693548e-05
5.817619547606509673e-05
5.808490073743507992e-05
5.798994300832252172e-05
5.789116425876209454e-05
5.778839949451743948e-05
5.768147651973099449e-05
5.757021570764936694e-05
5.745442978336521027e-05
5.733392362333323959e-05
0.000000000000000000e+00
8.982800586283018105e-05
6.050530422246347542e-05
6.050521515699304280e-05
6.050506448991883478e-05
6.050485033835893266e-05
6.050453705024081503e-05
6.050422376212269063e-05
6.050377147371502980e-05
6.050331918530736896e-05
6.050264087101193006e-05
6.050196255671649116e-05
6.050128424242106582e-05
6.050060592812562692e-05
6.049959421794597801e-05
6.049858250776630201e-05
6.049757079758665311e-05
6.049655908740699065e-05
6.049527098465351532e-05
6.049398288190003322e-05
6.049249510243064087e-05
6.049100732296120109e-05
6.048930736720195859e-05
6.048760741144268221e-05
6.048568196392088914e-05
6.048375651639911640e-05
6.048159138631988485e-05
6.047942625624069395e-05
6.047700631309942050e-05
6.047458636995816739e-05
6.047189547396893318e-05
6.046920457797975995e-05
6.046622550459349385e-05
6.046324643120726841e-05
6.045996078945045258e-05
6.045667514769365708e-05
6.045306329145223059e-05
6.044945143521080410e-05
6.044549236712743780e-05
6.044153329904409182e-05
6.043720456597250987e-05
6.043287583290093468e-05
6.042815341250659368e-05
6.042343099211223913e-05
6.041828916933969463e-05
6.041314734656718402e-05
6.040755857946837083e-05
6.040196981236959153e-05
6.039590458573607643e-05
6.038983935910258844e-05
6.038326602527787756e-05
6.037669269145318023e-05
6.036957729642725303e-05
6.036246190140134616e-05
6.035476799541650077e-05
6.034707408943169605e-05
6.033876251977961502e-05
6.033045095012756786e-05
6.032147963518452271e-05
6.031250832024143691e-05
6.030283200189979554e-05
6.029315568355812029e-05
6.028292045721193198e-05
6.027229563014693077e-05
6.026126785175558445e-05
6.024982326333316152e-05
6.023794747654555738e-05
6.022562555050268735e-05
6.021284196814032829e-05
6.019958061105910646e-05
6.018582473360145402e-05
6.017155693522089282e-05
6.015675913201149524e-05
6.014141252634531732e-05
6.012549757558561733e-05
6.010899395870219060e-05
6.009188054187023761e-05
6.007413534174159246e-05
6.005573548759851821e-05
6.003665718092491248e-05
6.001687565374960650e-05
5.999636512412212573e-05
5.997509875024238630e-05
5.995304858140472763e-05
5.993018550746839242e-05
5.990647920478881145e-05
5.988189808053869927e-05
5.985640921309676198e-05
5.982997829068226767e-05
5.980256954561929944e-05
5.977414568669686494e-05
5.974466782667390099e-05
5.971409540772479562e-05
5.968238612149364704e-05
5.964949582693412770e-05
5.961537846216476925e-05
5.957998595396134407e-05
5.954326812061159845e-05
5.950517257218618965e-05
5.946564460396924924e-05
5.942462708590188776e-05
5.938206034618751460e-05
5.933788204935975125e-05
5.929202706851771621e-05
5.924442735151026919e-05
5.919501178085461037e-05
5.914370602718310737e-05
5.909043239602330895e-05
5.903510966773149976e-05
5.897765293042128585e-05
5.891797340575634774e-05
5.885597826751014878e-05
5.879157045284011656e-05
5.872464846627704964e-05
5.865510617649768836e-05
5.858283260602864664e-05
5.850771171413066466e-05
5.842962217322819943e-05
5.834843713939680824e-05
5.826402401758966457e-05
5.817624422249204920e-05
5.808495293613869138e-05
5.798999886371966568e-05
5.789122398935104549e-05
5.778846333399594959e-05
5.768154471821429989e-05
5.757028853299808469e-05
5.745450752263397471e-05
5.733400658435208578e-05
0.000000000000000000e+00
8.982798902102907465e-05
6.050528738111156753e-05
6.050519831696552853e-05
6.050504765212453304e-05
6.050483350374003547e-05
6.050452022028505105e-05
6.050420693683003276e-05
6.050375465519326870e-05
6.050330237355653853e-05
6.050262406953115050e-05
6.050194576550574891e-05
6.050126746148038121e-05
6.050058915745500673e-05
6.049957746282319645e-05
6.049856576819141328e-05
6.049755407355961656e-05
6.049654237892781983e-05
6.049525429620838810e-05
6.049396621348893604e-05
6.049247845735092392e-05
6.049099070121291858e-05
6.048929077234540007e-05
6.048759084347792221e-05
6.048566542668031129e-05
6.048374000988274103e-05
6.048157491466806999e-05
6.047940981945336506e-05
6.047698991563562330e-05
6.047457001181786120e-05
6.047187915997246732e-05
6.046918830812712087e-05
6.046620928407930423e-05
6.046323026003149435e-05
6.045994467323316448e-05
6.045665908643482782e-05
6.045304729121271973e-05
6.044943549599063196e-05
6.044547649548976802e-05
6.044151749498893119e-05
6.043718883658392017e-05
6.043286017817892948e-05
6.042813784013031269e-05
6.042341550208170945e-05
6.041827376995155655e-05
6.041313203782143753e-05
6.040754337036905748e-05
6.040195470291665711e-05
6.039588958566829920e-05
6.038982446841993450e-05
6.038325125456286486e-05
6.037667804070578166e-05
6.036956277710741779e-05
6.036244751350904714e-05
6.035475375142212973e-05
6.034705998933517844e-05
6.033874857710337783e-05
6.033043716487156366e-05
6.032146602208597282e-05
6.031249487930040909e-05
6.030281874912006253e-05
6.029314261893974986e-05
6.028290759366770424e-05
6.027228297677127584e-05
6.026125541806658445e-05
6.024981105924913859e-05
6.023793551245200959e-05
6.022561383722634917e-05
6.021283051702355365e-05
6.019956943393126611e-05
6.018581384286196513e-05
6.017154634380720787e-05
6.015674885349195719e-05
6.014140257488374006e-05
6.012548796604496931e-05
6.010898470660519082e-05
6.009187166351546695e-05
6.007412685415969186e-05
6.005572740868238784e-05
6.003664952938086161e-05
6.001686844924351757e-05
5.999635838722510188e-05
5.997509250259507578e-05
5.995304284565666948e-05
5.993018030746297456e-05
5.990647456549556230e-05
5.988189402826214568e-05
5.985640577540034539e-05
5.982997549662458496e-05
5.980256742566873561e-05
5.977414427299926222e-05
5.974466715295641050e-05
5.971409550959981988e-05
5.968238703635046039e-05
5.964949759428466906e-05
5.961538112352112725e-05
5.957998955323004075e-05
5.954327270395482489e-05
5.950517818842970997e-05
5.946565130461543136e-05
5.942463492534098726e-05
5.938206938188434728e-05
5.933789234205418916e-05
5.929203868244001024e-05
5.924444035461241104e-05
5.919502624505938731e-05
5.914372202865185956e-05
5.909045001544446947e-05
5.903512899063127956e-05
5.897767404749871254e-05
5.891799641324475893e-05
5.885600326756719312e-05
5.879159755396924414e-05
5.872467778378285657e-05
5.865513783297851048e-05
5.858286673190951941e-05
5.850774844824049143e-05
5.842966166342528864e-05
5.834847954324706221e-05
5.826406950310238011e-05
5.817629296891903555e-05
5.808500513484232317e-05
5.799005471911678931e-05
5.789128371994000998e-05
5.778852717347444614e-05
5.768161291669758497e-05
5.757036135834678889e-05
5.745458526190275271e-05
5.733408954537094553e-05
0.000000000000000000e+00
8.982797217922796826e-05
6.050527053975966643e-05
6.050518147693802781e-05
6.050503081433022452e-05
6.050481666912112472e-05
6.050450339032928707e-05
6.050419011153742232e-05
6.050373783667154149e-05
6.050328556180566066e-05
6.050260726805034383e-05
6.050192897429502699e-05
6.050125068053968983e-05
6.050057238678434589e-05
6.049956070770046911e-05
6.049854902861652456e-05
6.049753734953258679e-05
6.049652567044867612e-05
6.049523760776326088e-05
6.049394954507784564e-05
6.049246181227122731e-05
6.049097407946458187e-05
6.048927417748887542e-05
6.048757427551316220e-05
6.048564888943979442e-05
6.048372350336640632e-05
6.048155844301627545e-05
6.047939338266610393e-05
6.047697351817181254e-05
6.047455365367750759e-05
6.047186284597601502e-05
6.046917203827450213e-05
6.046619306356513493e-05
6.046321408885573385e-05
6.045992855701591025e-05
6.045664302517605277e-05
6.045303129097326307e-05
6.044941955677043949e-05
6.044546062385210502e-05
6.044150169093377733e-05
6.043717310719537114e-05
6.043284452345691751e-05
6.042812226775405202e-05
6.042340001205115943e-05
6.041825837056341846e-05
6.041311672907569781e-05
6.040752816126973058e-05
6.040193959346374980e-05
6.039587458560051518e-05
6.038980957773726701e-05
6.038323648384780472e-05
6.037666338995838309e-05
6.036954825778755544e-05
6.036243312561677523e-05
6.035473950742772481e-05
6.034704588923871504e-05
6.033873463442712031e-05
6.033042337961555269e-05
6.032145240898745682e-05
6.031248143835934061e-05
6.030280549634035663e-05
6.029312955432137265e-05
6.028289473012347650e-05
6.027227032339561413e-05
6.026124298437755735e-05
6.024979885516509534e-05
6.023792354835848212e-05
6.022560212394997034e-05
6.021281906590677900e-05
6.019955825680341899e-05
6.018580295212243558e-05
6.017153575239350260e-05
6.015673857497240559e-05
6.014139262342217636e-05
6.012547835650432129e-05
6.010897545450817749e-05
6.009186278516070307e-05
6.007411836657779804e-05
6.005571932976624391e-05
6.003664187783680397e-05
6.001686124473742864e-05
5.999635165032809835e-05
5.997508625494778558e-05
5.995303710990857745e-05
5.993017510745757704e-05
5.990646992620231992e-05
5.988188997598557854e-05
5.985640233770390847e-05
5.982997270256688193e-05
5.980256530571816500e-05
5.977414285930165950e-05
5.974466647923889291e-05
5.971409561147484414e-05
5.968238795120725342e-05
5.964949936163521719e-05
5.961538378487747170e-05
5.957999315249874419e-05
5.954327728729803777e-05
5.950518380467323030e-05
5.946565800526160670e-05
5.942464276478008677e-05
5.938207841758119351e-05
5.933790263474862707e-05
5.929205029636227040e-05
5.924445335771454612e-05
5.919504070926417781e-05
5.914373803012064562e-05
5.909046763486565032e-05
5.903514831353106615e-05
5.897769516457615279e-05
5.891801942073314301e-05
5.885602826762424423e-05
5.879162465509837172e-05
5.872470710128868383e-05
5.865516948945933260e-05
5.858290085779037864e-05
5.850778518235031142e-05
5.842970115362241173e-05
5.834852194709731619e-05
5.826411498861508887e-05
5.817634171534600835e-05
5.808505733354593463e-05
5.799011057451393327e-05
5.789134345052896093e-05
5.778859101295296302e-05
5.768168111518088360e-05
5.757043418369549309e-05
5.745466300117151715e-05
5.733417250638979851e-05
0.000000000000000000e+00
8.982795533742683476e-05
6.050525369840779243e-05
6.050516463691054064e-05
6.050501397653592955e-05
6.050479983450221397e-05
6.050448656037347566e-05
6.050417328624477123e-05
6.050372101814982106e-05
6.050326875005483023e-05
6.050259046656954393e-05
6.050191218308427797e-05
6.050123389959899167e-05
6.050055561611371216e-05
6.049954395257767399e-05
6.049853228904160195e-05
6.049752062550555024e-05
6.049650896196949175e-05
6.049522091931812688e-05
6.049393287666674846e-05
6.049244516719151036e-05
6.049095745771631969e-05
6.048925758263236433e-05
6.048755770754838187e-05
6.048563235219921657e-05
6.048370699685001739e-05
6.048154197136441993e-05
6.047937694587879537e-05
6.047695712070800178e-05
6.047453729553718785e-05
6.047184653197954239e-05
6.046915576842187660e-05
6.046617684305093853e-05
6.046319791767998012e-05
6.045991244079861537e-05
6.045662696391725061e-05
6.045301529073375898e-05
6.044940361755025380e-05
6.044544475221443525e-05
6.044148588687861670e-05
6.043715737780678822e-05
6.043282886873493941e-05
6.042810669537778458e-05
6.042338452202060265e-05
6.041824297117528037e-05
6.041310142032997165e-05
6.040751295217039690e-05
6.040192448401083571e-05
6.039585958553272439e-05
6.038979468705461308e-05
6.038322171313279880e-05
6.037664873921099129e-05
6.036953373846773376e-05
6.036241873772447622e-05
6.035472526343334699e-05
6.034703178914218387e-05
6.033872069175086957e-05
6.033040959435956882e-05
6.032143879588890693e-05
6.031246799741829924e-05
6.030279224356066428e-05
6.029311648970300900e-05
6.028288186657929619e-05
6.027225767001994565e-05
6.026123055068853703e-05
6.024978665108105208e-05
6.023791158426494789e-05
6.022559041067359150e-05
6.021280761479001791e-05
6.019954707967560575e-05
6.018579206138291281e-05
6.017152516097977021e-05
6.015672829645287432e-05
6.014138267196060588e-05
6.012546874696367326e-05
6.010896620241118450e-05
6.009185390680592563e-05
6.007410987899591777e-05
6.005571125085010676e-05
6.003663422629272600e-05
6.001685404023133970e-05
5.999634491343109482e-05
5.997508000730052249e-05
5.995303137416051930e-05
5.993016990745219985e-05
5.990646528690907077e-05
5.988188592370903850e-05
5.985639890000746477e-05
5.982996990850922634e-05
5.980256318576759438e-05
5.977414144560405001e-05
5.974466580552137532e-05
5.971409571334984807e-05
5.968238886606405999e-05
5.964950112898577211e-05
5.961538644623381615e-05
5.957999675176746797e-05
5.954328187064126420e-05
5.950518942091676417e-05
5.946566470590780237e-05
5.942465060421916594e-05
5.938208745327802618e-05
5.933791292744307176e-05
5.929206191028456443e-05
5.924446636081671507e-05
5.919505517346895475e-05
5.914375403158943846e-05
5.909048525428682439e-05
5.903516763643085273e-05
5.897771628165359304e-05
5.891804242822156097e-05
5.885605326768126146e-05
5.879165175622749252e-05
5.872473641879449077e-05
5.865520114594016150e-05
5.858293498367123786e-05
5.850782191646015852e-05
5.842974064381952805e-05
5.834856435094757694e-05
5.826416047412781796e-05
5.817639046177298115e-05
5.808510953224955286e-05
5.799016642991107722e-05
5.789140318111791865e-05
5.778865485243146635e-05
5.768174931366420256e-05
5.757050700904423117e-05
5.745474074044028837e-05
5.733425546740868536e-05
0.000000000000000000e+00
8.982793849562572836e-05
6.050523685705589132e-05
6.050514779688307381e-05
6.050499713874157360e-05
6.050478299988331000e-05
6.050446973041771846e-05
6.050415646095214724e-05
6.050370419962803963e-05
6.050325193830396591e-05
6.050257366508872371e-05
6.050189539187352216e-05
6.050121711865832062e-05
6.050053884544311230e-05
6.049952719745489921e-05
6.049851554946672678e-05
6.049750390147852724e-05
6.049649225349034126e-05
6.049520423087300644e-05
6.049391620825564451e-05
6.049242852211181374e-05
6.049094083596796942e-05
6.048924098777581259e-05
6.048754113958364220e-05
6.048561581495868615e-05
6.048369049033368945e-05
6.048152549971259830e-05
6.047936050909152747e-05
6.047694072324416391e-05
6.047452093739682746e-05
6.047183021798304266e-05
6.046913949856928496e-05
6.046616062253674890e-05
6.046318174650421284e-05
6.045989632458134759e-05
6.045661090265844168e-05
6.045299929049425489e-05
6.044938767833008165e-05
6.044542888057677902e-05
6.044147008282348317e-05
6.043714164841819853e-05
6.043281321401294099e-05
6.042809112300151036e-05
6.042336903199007296e-05
6.041822757178715584e-05
6.041308611158423194e-05
6.040749774307108355e-05
6.040190937455790129e-05
6.039584458546494715e-05
6.038977979637194559e-05
6.038320694241777254e-05
6.037663408846356562e-05
6.036951921914789852e-05
6.036240434983218398e-05
6.035471101943896239e-05
6.034701768904570014e-05
6.033870674907462561e-05
6.033039580910356462e-05
6.032142518279040447e-05
6.031245455647723754e-05
6.030277899078095161e-05
6.029310342508465212e-05
6.028286900303508878e-05
6.027224501664425006e-05
6.026121811699953703e-05
6.024977444699702238e-05
6.023789962017142043e-05
6.022557869739721944e-05
6.021279616367322972e-05
6.019953590254778573e-05
6.018578117064339681e-05
6.017151456956607849e-05
6.015671801793333627e-05
6.014137272049902862e-05
6.012545913742301169e-05
6.010895695031419827e-05
6.009184502845114141e-05
6.007410139141401717e-05
6.005570317193396961e-05
6.003662657474867514e-05
6.001684683572526432e-05
5.999633817653408452e-05
5.997507375965324585e-05
5.995302563841243404e-05
5.993016470744678200e-05
5.990646064761582840e-05
5.988188187143250523e-05
5.985639546231102785e-05
5.982996711445155041e-05
5.980256106581702377e-05
5.977414003190646761e-05
5.974466513180384417e-05
5.971409581522489944e-05
5.968238978092084624e-05
5.964950289633632024e-05
5.961538910759016060e-05
5.958000035103617819e-05
5.954328645398449064e-05
5.950519503716029804e-05
5.946567140655398449e-05
5.942465844365827222e-05
5.938209648897485208e-05
5.933792322013750289e-05
5.929207352420681781e-05
5.924447936391883659e-05
5.919506963767372492e-05
5.914377003305821098e-05
5.909050287370801879e-05
5.903518695933062575e-05
5.897773739873104007e-05
5.891806543570993828e-05
5.885607826773831257e-05
5.879167885735658622e-05
5.872476573630031803e-05
5.865523280242100396e-05
5.858296910955209031e-05
5.850785865056999885e-05
5.842978013401663081e-05
5.834860675479781736e-05
5.826420595964053350e-05
5.817643920819994040e-05
5.808516173095315077e-05
5.799022228530822118e-05
5.789146291170686281e-05
5.778871869190997646e-05
5.768181751214749442e-05
5.757057983439292182e-05
5.745481847970905959e-05
5.733433842842751801e-05
0.000000000000000000e+00
8.982792165382463552e-05
6.050522001570396988e-05
6.050513095685555953e-05
6.050498030094727864e-05
6.050476616526440603e-05
6.050445290046196803e-05
6.050413963565948259e-05
6.050368738110630565e-05
6.050323512655309482e-05
6.050255686360795092e-05
6.050187860066279347e-05
6.050120033771765635e-05
6.050052207477247179e-05
6.049951044233213798e-05
6.049849880989185838e-05
6.049748717745148392e-05
6.049647554501119077e-05
6.049518754242785889e-05
6.049389953984454733e-05
6.049241187703211712e-05
6.049092421421968014e-05
6.048922439291928795e-05
6.048752457161888897e-05
6.048559927771812185e-05
6.048367398381732085e-05
6.048150902806074278e-05
6.047934407230423924e-05
6.047692432578034638e-05
6.047450457925650094e-05
6.047181390398657680e-05
6.046912322871665266e-05
6.046614440202255250e-05
6.046316557532847266e-05
6.045988020836405948e-05
6.045659484139965985e-05
6.045298329025475758e-05
6.044937173910986885e-05
6.044541300893911602e-05
6.044145427876832931e-05
6.043712591902963594e-05
6.043279755929093579e-05
6.042807555062522259e-05
6.042335354195952973e-05
6.041821217239902453e-05
6.041307080283849900e-05
6.040748253397173632e-05
6.040189426510500075e-05
6.039582958539714959e-05
6.038976490568929843e-05
6.038319217170275306e-05
6.037661943771616705e-05
6.036950469982804295e-05
6.036238996193990530e-05
6.035469677544456424e-05
6.034700358894918930e-05
6.033869280639838164e-05
6.033038202384756043e-05
6.032141156969187491e-05
6.031244111553618940e-05
6.030276573800123893e-05
6.029309036046626136e-05
6.028285613949087459e-05
6.027223236326862224e-05
6.026120568331051671e-05
6.024976224291298590e-05
6.023788765607785908e-05
6.022556698412085416e-05
6.021278471255646863e-05
6.019952472541994538e-05
6.018577027990388759e-05
6.017150397815236644e-05
6.015670773941377112e-05
6.014136276903746492e-05
6.012544952788237721e-05
6.010894769821719850e-05
6.009183615009637075e-05
6.007409290383213012e-05
6.005569509301782568e-05
6.003661892320461072e-05
6.001683963121918217e-05
5.999633143963707422e-05
5.997506751200596244e-05
5.995301990266438267e-05
5.993015950744135059e-05
5.990645600832256569e-05
5.988187781915596520e-05
5.985639202461459770e-05
5.982996432039386771e-05
5.980255894586645316e-05
5.977413861820885812e-05
5.974466445808634013e-05
5.971409591709991692e-05
5.968239069577767315e-05
5.964950466368687515e-05
5.961539176894651182e-05
5.958000395030486809e-05
5.954329103732771029e-05
5.950520065340380481e-05
5.946567810720018694e-05
5.942466628309734462e-05
5.938210552467167798e-05
5.933793351283195435e-05
5.929208513812911184e-05
5.924449236702097844e-05
5.919508410187850864e-05
5.914378603452699027e-05
5.909052049312918609e-05
5.903520628223042589e-05
5.897775851580845999e-05
5.891808844319832913e-05
5.885610326779535013e-05
5.879170595848572735e-05
5.872479505380612496e-05
5.865526445890181930e-05
5.858300323543296309e-05
5.850789538467983917e-05
5.842981962421374035e-05
5.834864915864808489e-05
5.826425144515324226e-05
5.817648795462691997e-05
5.808521392965677578e-05
5.799027814070536514e-05
5.789152264229583409e-05
5.778878253138847979e-05
5.768188571063079983e-05
5.757065265974165312e-05
5.745489621897784436e-05
5.733442138944639809e-05
0.000000000000000000e+00
8.982790481202350202e-05
6.050520317435208910e-05
6.050511411682808592e-05
6.050496346315300400e-05
6.050474933064547495e-05
6.050443607050617017e-05
6.050412281036685183e-05
6.050367056258457166e-05
6.050321831480226438e-05
6.050254006212717135e-05
6.050186180945204444e-05
6.050118355677695141e-05
6.050050530410185161e-05
6.049949368720938353e-05
6.049848207031692900e-05
6.049747045342447448e-05
6.049645883653200640e-05
6.049517085398273166e-05
6.049388287143343660e-05
6.049239523195240695e-05
6.049090759247137731e-05
6.048920779806276330e-05
6.048750800365412897e-05
6.048558274047757111e-05
6.048365747730097936e-05
6.048149255640895502e-05
6.047932763551694423e-05
6.047690792831656272e-05
6.047448822111616088e-05
6.047179758999009740e-05
6.046910695886404069e-05
6.046612818150836287e-05
6.046314940415271216e-05
6.045986409214677815e-05
6.045657878014084414e-05
6.045296729001527382e-05
6.044935579988971704e-05
6.044539713730143947e-05
6.044143847471318901e-05
6.043711018964105302e-05
6.043278190456893736e-05
6.042805997824896193e-05
6.042333805192900005e-05
6.041819677301088644e-05
6.041305549409276606e-05
6.040746732487242975e-05
6.040187915565206633e-05
6.039581458532935202e-05
6.038975001500664449e-05
6.038317740098772003e-05
6.037660478696875492e-05
6.036949018050820771e-05
6.036237557404761306e-05
6.035468253145014576e-05
6.034698948885269880e-05
6.033867886372211057e-05
6.033036823859156978e-05
6.032139795659334535e-05
6.031242767459512769e-05
6.030275248522151948e-05
6.029307729584791126e-05
6.028284327594668750e-05
6.027221970989291310e-05
6.026119324962151671e-05
6.024975003882894264e-05
6.023787569198432485e-05
6.022555527084448888e-05
6.021277326143971431e-05
6.019951354829211181e-05
6.018575938916437160e-05
6.017149338673863406e-05
6.015669746089423307e-05
6.014135281757592154e-05
6.012543991834172241e-05
6.010893844612018517e-05
6.009182727174157299e-05
6.007408441625024307e-05
6.005568701410170208e-05
6.003661127166054631e-05
6.001683242671307969e-05
5.999632470274005714e-05
5.997506126435869257e-05
5.995301416691629741e-05
5.993015430743597340e-05
5.990645136902931654e-05
5.988187376687940483e-05
5.985638858691815401e-05
5.982996152633621888e-05
5.980255682591588255e-05
5.977413720451123507e-05
5.974466378436882254e-05
5.971409601897493440e-05
5.968239161063445262e-05
5.964950643103741651e-05
5.961539443030285627e-05
5.958000754957358509e-05
5.954329562067095028e-05
5.950520626964733191e-05
5.946568480784634195e-05
5.942467412253643058e-05
5.938211456036853099e-05
5.933794380552637871e-05
5.929209675205136522e-05
5.924450537012312707e-05
5.919509856608328558e-05
5.914380203599575600e-05
5.909053811255036694e-05
5.903522560513020569e-05
5.897777963288590702e-05
5.891811145068674710e-05
5.885612826785239447e-05
5.879173305961484815e-05
5.872482437131193190e-05
5.865529611538264143e-05
5.858303736131383586e-05
5.850793211878967272e-05
5.842985911441086344e-05
5.834869156249830499e-05
5.826429693066597135e-05
5.817653670105389277e-05
5.808526612836038724e-05
5.799033399610248877e-05
5.789158237288477825e-05
5.778884637086698312e-05
5.768195390911409168e-05
5.757072548509036409e-05
5.745497395824660203e-05
5.733450435046523073e-05
0.000000000000000000e+00
8.982788797022239562e-05
6.050518633300018122e-05
6.050509727680055132e-05
6.050494662535869548e-05
6.050473249602658453e-05
6.050441924055039941e-05
6.050410598507419396e-05
6.050365374406280379e-05
6.050320150305140684e-05
6.050252326064636468e-05
6.050184501824128186e-05
6.050116677583627358e-05
6.050048853343120432e-05
6.049947693208663585e-05
6.049846533074201317e-05
6.049745372939744470e-05
6.049644212805283558e-05
6.049515416553759767e-05
6.049386620302231910e-05
6.049237858687271711e-05
6.049089097072306092e-05
6.048919120320621156e-05
6.048749143568934864e-05
6.048556620323698648e-05
6.048364097078460399e-05
6.048147608475714694e-05
6.047931119872962212e-05
6.047689153085274519e-05
6.047447186297585470e-05
6.047178127599361799e-05
6.046909068901140162e-05
6.046611196099418680e-05
6.046313323297697876e-05
6.045984797592951715e-05
6.045656271888206909e-05
6.045295128977581039e-05
6.044933986066952457e-05
6.044538126566377647e-05
6.044142267065800804e-05
6.043709446025247688e-05
6.043276624984692539e-05
6.042804440587268771e-05
6.042332256189844326e-05
6.041818137362272803e-05
6.041304018534703990e-05
6.040745211577309607e-05
6.040186404619915224e-05
6.039579958526157478e-05
6.038973512432400410e-05
6.038316263027267345e-05
6.037659013622137668e-05
6.036947566118835214e-05
6.036236118615536148e-05
6.035466828745576794e-05
6.034697538875619474e-05
6.033866492104587338e-05
6.033035445333555881e-05
6.032138434349482257e-05
6.031241423365409310e-05
6.030273923244181358e-05
6.029306423122955438e-05
6.028283041240246654e-05
6.027220705651726494e-05
6.026118081593249639e-05
6.024973783474491294e-05
6.023786372789079061e-05
6.022554355756813037e-05
6.021276181032293289e-05
6.019950237116427824e-05
6.018574849842487593e-05
6.017148279532494911e-05
6.015668718237470179e-05
6.014134286611434429e-05
6.012543030880109472e-05
6.010892919402318539e-05
6.009181839338681588e-05
6.007407592866834248e-05
6.005567893518556493e-05
6.003660362011649544e-05
6.001682522220699753e-05
5.999631796584306039e-05
5.997505501671142948e-05
5.995300843116824603e-05
5.993014910743055555e-05
5.990644672973608772e-05
5.988186971460287156e-05
5.985638514922171708e-05
5.982995873227853618e-05
5.980255470596532549e-05
5.977413579081365268e-05
5.974466311065132528e-05
5.971409612084997221e-05
5.968239252549125242e-05
5.964950819838794432e-05
5.961539709165920750e-05
5.958001114884228176e-05
5.954330020401417671e-05
5.950521188589087256e-05
5.946569150849255117e-05
5.942468196197553686e-05
5.938212359606534333e-05
5.933795409822084372e-05
5.929210836597365248e-05
5.924451837322528247e-05
5.919511303028804897e-05
5.914381803746453529e-05
5.909055573197152746e-05
5.903524492802998550e-05
5.897780074996334727e-05
5.891813445817511763e-05
5.885615326790943203e-05
5.879176016074397573e-05
5.872485368881776594e-05
5.865532777186346355e-05
5.858307148719471541e-05
5.850796885289951305e-05
5.842989860460795943e-05
5.834873396634858607e-05
5.826434241617868689e-05
5.817658544748089268e-05
5.808531832706400548e-05
5.799038985149963273e-05
5.789164210347374275e-05
5.778891021034548645e-05
5.768202210759738354e-05
5.757079831043906829e-05
5.745505169751538002e-05
5.733458731148409726e-05
0.000000000000000000e+00
8.982787112842128923e-05
6.050516949164828689e-05
6.050508043677309126e-05
6.050492978756435308e-05
6.050471566140766701e-05
6.050440241059463543e-05
6.050408915978155641e-05
6.050363692554104269e-05
6.050318469130054253e-05
6.050250645916553768e-05
6.050182822703055317e-05
6.050114999489556865e-05
6.050047176276060446e-05
6.049946017696384751e-05
6.049844859116711767e-05
6.049743700537041493e-05
6.049642541957368509e-05
6.049513747709249077e-05
6.049384953461122870e-05
6.049236194179302727e-05
6.049087434897475809e-05
6.048917460834968691e-05
6.048747486772460897e-05
6.048554966599645606e-05
6.048362446426824895e-05
6.048145961310531852e-05
6.047929476194234067e-05
6.047687513338892087e-05
6.047445550483551463e-05
6.047176496199715214e-05
6.046907441915876932e-05
6.046609574047999717e-05
6.046311706180120470e-05
6.045983185971224260e-05
6.045654665762325338e-05
6.045293528953629952e-05
6.044932392144935243e-05
6.044536539402609314e-05
6.044140686660288807e-05
6.043707873086389396e-05
6.043275059512494052e-05
6.042802883349640672e-05
6.042330707186792713e-05
6.041816597423460349e-05
6.041302487660129341e-05
6.040743690667377594e-05
6.040184893674624493e-05
6.039578458519379077e-05
6.038972023364133662e-05
6.038314785955765397e-05
6.037657548547397811e-05
6.036946114186853045e-05
6.036234679826306247e-05
6.035465404346136302e-05
6.034696128865969745e-05
6.033865097836962264e-05
6.033034066807955461e-05
6.032137073039629300e-05
6.031240079271303140e-05
6.030272597966208057e-05
6.029305116661117040e-05
6.028281754885825912e-05
6.027219440314158291e-05
6.026116838224348962e-05
6.024972563066088323e-05
6.023785176379722927e-05
6.022553184429176509e-05
6.021275035920616503e-05
6.019949119403643112e-05
6.018573760768535316e-05
6.017147220391122351e-05
6.015667690385515019e-05
6.014133291465276703e-05
6.012542069926042637e-05
6.010891994192619239e-05
6.009180951503203844e-05
6.007406744108646898e-05
6.005567085626941422e-05
6.003659596857243780e-05
6.001681801770088827e-05
5.999631122894604331e-05
5.997504876906415962e-05
5.995300269542014722e-05
5.993014390742515125e-05
5.990644209044284534e-05
5.988186566232632475e-05
5.985638171152528016e-05
5.982995593822085348e-05
5.980255258601475487e-05
5.977413437711603640e-05
5.974466243693381446e-05
5.971409622272498292e-05
5.968239344034804544e-05
5.964950996573848568e-05
5.961539975301555872e-05
5.958001474811099198e-05
5.954330478735739637e-05
5.950521750213439966e-05
5.946569820913872651e-05
5.942468980141461603e-05
5.938213263176218278e-05
5.933796439091528163e-05
5.929211997989592618e-05
5.924453137632741076e-05
5.919512749449283269e-05
5.914383403893330780e-05
5.909057335139271508e-05
5.903526425092977208e-05
5.897782186704078074e-05
5.891815746566351526e-05
5.885617826796646959e-05
5.879178726187309653e-05
5.872488300632357287e-05
5.865535942834429245e-05
5.858310561307556108e-05
5.850800558700935337e-05
5.842993809480507574e-05
5.834877637019883327e-05
5.826438790169141598e-05
5.817663419390784515e-05
5.808537052576762371e-05
5.799044570689676313e-05
5.789170183406269369e-05
5.778897404982399655e-05
5.768209030608069572e-05
5.757087113578776571e-05
5.745512943678417157e-05
5.733467027250294346e-05
0.000000000000000000e+00
8.982785428662018283e-05
6.050515265029639934e-05
6.050506359674562442e-05
6.050491294977004456e-05
6.050469882678875626e-05
6.050438558063885112e-05
6.050407233448894598e-05
6.050362010701932904e-05
6.050316787954970532e-05
6.050248965768475134e-05
6.050181143581983802e-05
6.050113321395489082e-05
6.050045499208997750e-05
6.049944342184109306e-05
6.049843185159224927e-05
6.049742028134337838e-05
6.049640871109452782e-05
6.049512078864732967e-05
6.049383286620013830e-05
6.049234529671331033e-05
6.049085772722645525e-05
6.048915801349318260e-05
6.048745829975986929e-05
6.048553312875589176e-05
6.048360795775192101e-05
6.048144314145349011e-05
6.047927832515507954e-05
6.047685873592511689e-05
6.047443914669514746e-05
6.047174864800067273e-05
6.046905814930615735e-05
6.046607951996580077e-05
6.046310089062544420e-05
6.045981574349495449e-05
6.045653059636446478e-05
6.045291928929680221e-05
6.044930798222916674e-05
6.044534952238843014e-05
6.044139106254772743e-05
6.043706300147533137e-05
6.043273494040294209e-05
6.042801326112015283e-05
6.042329158183738389e-05
6.041815057484647218e-05
6.041300956785556047e-05
6.040742169757445582e-05
6.040183382729333083e-05
6.039576958512597965e-05
6.038970534295868268e-05
6.038313308884262772e-05
6.037656083472656599e-05
6.036944662254867489e-05
6.036233241037076345e-05
6.035463979946697165e-05
6.034694718856318662e-05
6.033863703569336513e-05
6.033032688282355719e-05
6.032135711729776344e-05
6.031238735177197648e-05
6.030271272688239500e-05
6.029303810199279997e-05
6.028280468531407881e-05
6.027218174976590087e-05
6.026115594855448963e-05
6.024971342657683997e-05
6.023783979970370180e-05
6.022552013101539303e-05
6.021273890808938361e-05
6.019948001690859755e-05
6.018572671694583039e-05
6.017146161249752501e-05
6.015666662533562570e-05
6.014132296319121010e-05
6.012541108971978512e-05
6.010891068982919262e-05
6.009180063667728133e-05
6.007405895350457516e-05
6.005566277735329062e-05
6.003658831702835306e-05
6.001681081319480612e-05
5.999630449204903300e-05
5.997504252141686943e-05
5.995299695967208230e-05
5.993013870741975373e-05
5.990643745114960296e-05
5.988186161004976438e-05
5.985637827382883646e-05
5.982995314416318433e-05
5.980255046606418426e-05
5.977413296341844724e-05
5.974466176321628332e-05
5.971409632460001395e-05
5.968239435520486557e-05
5.964951173308905415e-05
5.961540241437190317e-05
5.958001834737969543e-05
5.954330937070061603e-05
5.950522311837793353e-05
5.946570490978490863e-05
5.942469764085372909e-05
5.938214166745900868e-05
5.933797468360970599e-05
5.929213159381817956e-05
5.924454437942956617e-05
5.919514195869760964e-05
5.914385004040208709e-05
5.909059097081388237e-05
5.903528357382952478e-05
5.897784298411821422e-05
5.891818047315191967e-05
5.885620326802350715e-05
5.879181436300223089e-05
5.872491232382940013e-05
5.865539108482513490e-05
5.858313973895642708e-05
5.850804232111920047e-05
5.842997758500218528e-05
5.834881877404909402e-05
5.826443338720411797e-05
5.817668294033481117e-05
5.808542272447122839e-05
5.799050156229392064e-05
5.789176156465162431e-05
5.778903788930253376e-05
5.768215850456398080e-05
5.757094396113649702e-05
5.745520717605291568e-05
5.733475323352185064e-05
0.000000000000000000e+00
8.982783744481906288e-05
6.050513580894451178e-05
6.050504675671810337e-05
6.050489611197576993e-05
6.050468199216986584e-05
6.050436875068306003e-05
6.050405550919631521e-05
6.050360328849754761e-05
6.050315106779884778e-05
6.050247285620395145e-05
6.050179464460909577e-05
6.050111643301419944e-05
6.050043822141930989e-05
6.049942666671834538e-05
6.049841511201734022e-05
6.049740355731636216e-05
6.049639200261537056e-05
6.049510410020220245e-05
6.049381619778905467e-05
6.049232865163359338e-05
6.049084110547813887e-05
6.048914141863662408e-05
6.048744173179512284e-05
6.048551659151533424e-05
6.048359145123554563e-05
6.048142666980167525e-05
6.047926188836777776e-05
6.047684233846131968e-05
6.047442278855484128e-05
6.047173233400420688e-05
6.046904187945355215e-05
6.046606329945164503e-05
6.046308471944969047e-05
6.045979962727765961e-05
6.045651453510566940e-05
6.045290328905731844e-05
6.044929204300897427e-05
6.044533365075077392e-05
6.044137525849256002e-05
6.043704727208675523e-05
6.043271928568090979e-05
6.042799768874387861e-05
6.042327609180681355e-05
6.041813517545832732e-05
6.041299425910983431e-05
6.040740648847511536e-05
6.040181871784040997e-05
6.039575458505819564e-05
6.038969045227602197e-05
6.038311831812758791e-05
6.037654618397916742e-05
6.036943210322883287e-05
6.036231802247849832e-05
6.035462555547258028e-05
6.034693308846667578e-05
6.033862309301713471e-05
6.033031309756755299e-05
6.032134350419922711e-05
6.031237391083091477e-05
6.030269947410268232e-05
6.029302503737444310e-05
6.028279182176985107e-05
6.027216909639023239e-05
6.026114351486545575e-05
6.024970122249281027e-05
6.023782783561013369e-05
6.022550841773903452e-05
6.021272745697262252e-05
6.019946883978075043e-05
6.018571582620631439e-05
6.017145102108381296e-05
6.015665634681606054e-05
6.014131301172962607e-05
6.012540148017913032e-05
6.010890143773217251e-05
6.009179175832247678e-05
6.007405046592267456e-05
6.005565469843714669e-05
6.003658066548429542e-05
6.001680360868873751e-05
5.999629775515202270e-05
5.997503627376957923e-05
5.995299122392401737e-05
5.993013350741435621e-05
5.990643281185636736e-05
5.988185755777321757e-05
5.985637483613241310e-05
5.982995035010549485e-05
5.980254834611360010e-05
5.977413154972084452e-05
5.974466108949878605e-05
5.971409642647504499e-05
5.968239527006166537e-05
5.964951350043957518e-05
5.961540507572825440e-05
5.958002194664839887e-05
5.954331395404384246e-05
5.950522873462145385e-05
5.946571161043109752e-05
5.942470548029280149e-05
5.938215070315585491e-05
5.933798497630415745e-05
5.929214320774045326e-05
5.924455738253171479e-05
5.919515642290240013e-05
5.914386604187085283e-05
5.909060859023504967e-05
5.903530289672933847e-05
5.897786410119565447e-05
5.891820348064031731e-05
5.885622826808054470e-05
5.879184146413132458e-05
5.872494164133522062e-05
5.865542274130595702e-05
5.858317386483729308e-05
5.850807905522902047e-05
5.843001707519929482e-05
5.834886117789932767e-05
5.826447887271683350e-05
5.817673168676178397e-05
5.808547492317486696e-05
5.799055741769105105e-05
5.789182129524059558e-05
5.778910172878100999e-05
5.768222670304727943e-05
5.757101678648519444e-05
5.745528491532171401e-05
5.733483619454066973e-05
0.000000000000000000e+00
8.982782060301795649e-05
6.050511896759260390e-05
6.050502991669061620e-05
6.050487927418146141e-05
6.050466515755097542e-05
6.050435192072732316e-05
6.050403868390363024e-05
6.050358646997582040e-05
6.050313425604796991e-05
6.050245605472315833e-05
6.050177785339830609e-05
6.050109965207350806e-05
6.050042145074868970e-05
6.049940991159557060e-05
6.049839837244243794e-05
6.049738683328933239e-05
6.049637529413620651e-05
6.049508741175703457e-05
6.049379952937793717e-05
6.049231200655388321e-05
6.049082448372984958e-05
6.048912482378009266e-05
6.048742516383037639e-05
6.048550005427477672e-05
6.048357494471920414e-05
6.048141019814983328e-05
6.047924545158050308e-05
6.047682594099749537e-05
6.047440643041450121e-05
6.047171602000772070e-05
6.046902560960093340e-05
6.046604707893743507e-05
6.046306854827393674e-05
6.045978351106037828e-05
6.045649847384685369e-05
6.045288728881782113e-05
6.044927610378878180e-05
6.044531777911309737e-05
6.044135945443741972e-05
6.043703154269817232e-05
6.043270363095892491e-05
6.042798211636758406e-05
6.042326060177627710e-05
6.041811977607019601e-05
6.041297895036409459e-05
6.040739127937579524e-05
6.040180360838748232e-05
6.039573958499041162e-05
6.038967556159337480e-05
6.038310354741255488e-05
6.037653153323176207e-05
6.036941758390897730e-05
6.036230363458621964e-05
6.035461131147821601e-05
6.034691898837018527e-05
6.033860915034085687e-05
6.033029931231154879e-05
6.032132989110069077e-05
6.031236046988987340e-05
6.030268622132297642e-05
6.029301197275605911e-05
6.028277895822563011e-05
6.027215644301457068e-05
6.026113108117645575e-05
6.024968901840877379e-05
6.023781587151662655e-05
6.022549670446266247e-05
6.021271600585584787e-05
6.019945766265294396e-05
6.018570493546681195e-05
6.017144042967010768e-05
6.015664606829652250e-05
6.014130306026806914e-05
6.012539187063848907e-05
6.010889218563516596e-05
6.009178287996772645e-05
6.007404197834080107e-05
6.005564661952100954e-05
6.003657301394023100e-05
6.001679640418264858e-05
5.999629101825501917e-05
5.997503002612231615e-05
5.995298548817593889e-05
5.993012830740895191e-05
5.990642817256311143e-05
5.988185350549667075e-05
5.985637139843596262e-05
5.982994755604784603e-05
5.980254622616302949e-05
5.977413013602324179e-05
5.974466041578125491e-05
5.971409652835006247e-05
5.968239618491846517e-05
5.964951526779013009e-05
5.961540773708459207e-05
5.958002554591712265e-05
5.954331853738706890e-05
5.950523435086496740e-05
5.946571831107728642e-05
5.942471331973191455e-05
5.938215973885268081e-05
5.933799526899858858e-05
5.929215482166274052e-05
5.924457038563384986e-05
5.919517088710715675e-05
5.914388204333963212e-05
5.909062620965624407e-05
5.903532221962911149e-05
5.897788521827308794e-05
5.891822648812871494e-05
5.885625326813759582e-05
5.879186856526043861e-05
5.872497095884102755e-05
5.865545439778679270e-05
5.858320799071816586e-05
5.850811578933885402e-05
5.843005656539641113e-05
5.834890358174960197e-05
5.826452435822955582e-05
5.817678043318877032e-05
5.808552712187847164e-05
5.799061327308819501e-05
5.789188102582955330e-05
5.778916556825950654e-05
5.768229490153056451e-05
5.757108961183389186e-05
5.745536265459048523e-05
5.733491915555953626e-05
0.000000000000000000e+00
8.982780376121683654e-05
6.050510212624070279e-05
6.050501307666312226e-05
6.050486243638711901e-05
6.050464832293203757e-05
6.050433509077152530e-05
6.050402185861101302e-05
6.050356965145406608e-05
6.050311744429711915e-05
6.050243925324234488e-05
6.050176106218759094e-05
6.050108287113283023e-05
6.050040468007806274e-05
6.049939315647281615e-05
6.049838163286752889e-05
6.049737010926228907e-05
6.049635858565704925e-05
6.049507072331195478e-05
6.049378286096686709e-05
6.049229536147418659e-05
6.049080786198152642e-05
6.048910822892354769e-05
6.048740859586560962e-05
6.048548351703421919e-05
6.048355843820283555e-05
6.048139372649801842e-05
6.047922901479321485e-05
6.047680954353366428e-05
6.047439007227418148e-05
6.047169970601123451e-05
6.046900933974830788e-05
6.046603085842324545e-05
6.046305237709816946e-05
6.045976739484311727e-05
6.045648241258805831e-05
6.045287128857833059e-05
6.044926016456861643e-05
6.044530190747542759e-05
6.044134365038225231e-05
6.043701581330958940e-05
6.043268797623689939e-05
6.042796654399133018e-05
6.042324511174574064e-05
6.041810437668204437e-05
6.041296364161836843e-05
6.040737607027645478e-05
6.040178849893455468e-05
6.039572458492266827e-05
6.038966067091071409e-05
6.038308877669754218e-05
6.037651688248435672e-05
6.036940306458914884e-05
6.036228924669391385e-05
6.035459706748379753e-05
6.034690488827368121e-05
6.033859520766461968e-05
6.033028552705555137e-05
6.032131627800219509e-05
6.031234702894881170e-05
6.030267296854327052e-05
6.029299890813768868e-05
6.028276609468144302e-05
6.027214378963889542e-05
6.026111864748746254e-05
6.024967681432473731e-05
6.023780390742307199e-05
6.022548499118629718e-05
6.021270455473909356e-05
6.019944648552510362e-05
6.018569404472728240e-05
6.017142983825639563e-05
6.015663578977698445e-05
6.014129310880650544e-05
6.012538226109784783e-05
6.010888293353817296e-05
6.009177400161294224e-05
6.007403349075892080e-05
6.005563854060487917e-05
6.003656536239616658e-05
6.001678919967654610e-05
5.999628428135799532e-05
5.997502377847505306e-05
5.995297975242784008e-05
5.993012310740355439e-05
5.990642353326985551e-05
5.988184945322012393e-05
5.985636796073953925e-05
5.982994476199015655e-05
5.980254410621245887e-05
5.977412872232567296e-05
5.974465974206375765e-05
5.971409663022508673e-05
5.968239709977525142e-05
5.964951703514068500e-05
5.961541039844093652e-05
5.958002914518582610e-05
5.954332312073031566e-05
5.950523996710850805e-05
5.946572501172344821e-05
5.942472115917099372e-05
5.938216877454950671e-05
5.933800556169301971e-05
5.929216643558501423e-05
5.924458338873599171e-05
5.919518535131194724e-05
5.914389804480841141e-05
5.909064382907741137e-05
5.903534154252887097e-05
5.897790633535052819e-05
5.891824949561709225e-05
5.885627826819461982e-05
5.879189566638956619e-05
5.872500027634684126e-05
5.865548605426762838e-05
5.858324211659902508e-05
5.850815252344870112e-05
5.843009605559351389e-05
5.834894598559983562e-05
5.826456984374227813e-05
5.817682917961573635e-05
5.808557932058208310e-05
5.799066912848533219e-05
5.789194075641849747e-05
5.778922940773803020e-05
5.768236310001387669e-05
5.757116243718262316e-05
5.745544039385926322e-05
5.733500211657838923e-05
0.000000000000000000e+00
8.982778691941571659e-05
6.050508528488879491e-05
6.050499623663562832e-05
6.050484559859284437e-05
6.050463148831315393e-05
6.050431826081579520e-05
6.050400503331836871e-05
6.050355283293233210e-05
6.050310063254628193e-05
6.050242245176157887e-05
6.050174427097684192e-05
6.050106609019213885e-05
6.050038790940743578e-05
6.049937640135006169e-05
6.049836489329264694e-05
6.049735338523525252e-05
6.049634187717786488e-05
6.049505403486680046e-05
6.049376619255572926e-05
6.049227871639448320e-05
6.049079124023323036e-05
6.048909163406702305e-05
6.048739202790084284e-05
6.048546697979364812e-05
6.048354193168648728e-05
6.048137725484620356e-05
6.047921257800589274e-05
6.047679314606986030e-05
6.047437371413383464e-05
6.047168339201476866e-05
6.046899306989569591e-05
6.046601463790904905e-05
6.046303620592240896e-05
6.045975127862584272e-05
6.045646635132926971e-05
6.045285528833884006e-05
6.044924422534841041e-05
6.044528603583773749e-05
6.044132784632711878e-05
6.043700008392101326e-05
6.043267232151494162e-05
6.042795097161506273e-05
6.042322962171518385e-05
6.041808897729390628e-05
6.041294833287261517e-05
6.040736086117713465e-05
6.040177338948165414e-05
6.039570958485484360e-05
6.038964578022805338e-05
6.038307400598251593e-05
6.037650223173696493e-05
6.036938854526929327e-05
6.036227485880160806e-05
6.035458282348942649e-05
6.034689078817719071e-05
6.033858126498836216e-05
6.033027174179955395e-05
6.032130266490365875e-05
6.031233358800776356e-05
6.030265971576355785e-05
6.029298584351933181e-05
6.028275323113723561e-05
6.027213113626322694e-05
6.026110621379844221e-05
6.024966461024070083e-05
6.023779194332953097e-05
6.022547327790993868e-05
6.021269310362232569e-05
6.019943530839726327e-05
6.018568315398777996e-05
6.017141924684268358e-05
6.015662551125743962e-05
6.014128315734492141e-05
6.012537265155718625e-05
6.010887368144116641e-05
6.009176512325816480e-05
6.007402500317702697e-05
6.005563046168873524e-05
6.003655771085210894e-05
6.001678199517047072e-05
5.999627754446098502e-05
5.997501753082776286e-05
5.995297401667978870e-05
5.993011790739814331e-05
5.990641889397660635e-05
5.988184540094360422e-05
5.985636452304309555e-05
5.982994196793248062e-05
5.980254198626188826e-05
5.977412730862804991e-05
5.974465906834624005e-05
5.971409673210011099e-05
5.968239801463208510e-05
5.964951880249121959e-05
5.961541305979730130e-05
5.958003274445452954e-05
5.954332770407352177e-05
5.950524558335202160e-05
5.946573171236965743e-05
5.942472899861006612e-05
5.938217781024633939e-05
5.933801585438745762e-05
5.929217804950730149e-05
5.924459639183815389e-05
5.919519981551671741e-05
5.914391404627719747e-05
5.909066144849859899e-05
5.903536086542867788e-05
5.897792745242796844e-05
5.891827250310549666e-05
5.885630326825167094e-05
5.879192276751867344e-05
5.872502959385264820e-05
5.865551771074844372e-05
5.858327624247989786e-05
5.850818925755854144e-05
5.843013554579062343e-05
5.834898838945009637e-05
5.826461532925499367e-05
5.817687792604269559e-05
5.808563151928569456e-05
5.799072498388246937e-05
5.789200048700746874e-05
5.778929324721654030e-05
5.768243129849716854e-05
5.757123526253134091e-05
5.745551813312802089e-05
5.733508507759726253e-05
0.000000000000000000e+00
8.982777007761461019e-05
6.050506844353690058e-05
6.050497939660810727e-05
6.050482876079850875e-05
6.050461465369426351e-05
6.050430143085998378e-05
6.050398820802573116e-05
6.050353601441057778e-05
6.050308382079541084e-05
6.050240565028075187e-05
6.050172747976610645e-05
6.050104930925144747e-05
6.050037113873682238e-05
6.049935964622728691e-05
6.049834815371777177e-05
6.049733666120822275e-05
6.049632516869872116e-05
6.049503734642167323e-05
6.049374952414463886e-05
6.049226207131480013e-05
6.049077461848494108e-05
6.048907503921051873e-05
6.048737545993608961e-05
6.048545044255309737e-05
6.048352542517011190e-05
6.048136078319436837e-05
6.047919614121861806e-05
6.047677674860608342e-05
6.047435735599348780e-05
6.047166707801827570e-05
6.046897680004307716e-05
6.046599841739484587e-05
6.046302003474666201e-05
6.045973516240855461e-05
6.045645029007044044e-05
6.045283928809936985e-05
6.044922828612823149e-05
6.044527016420008804e-05
6.044131204227196492e-05
6.043698435453242357e-05
6.043265666679291609e-05
6.042793539923878852e-05
6.042321413168466094e-05
6.041807357790576142e-05
6.041293302412690256e-05
6.040734565207780775e-05
6.040175828002872650e-05
6.039569458478707991e-05
6.038963088954541299e-05
6.038305923526746935e-05
6.037648758098956636e-05
6.036937402594945125e-05
6.036226047090934293e-05
6.035456857949501479e-05
6.034687668808067309e-05
6.033856732231212498e-05
6.033025795654356331e-05
6.032128905180512242e-05
6.031232014706670185e-05
6.030264646298382484e-05
6.029297277890096138e-05
6.028274036759302820e-05
6.027211848288757201e-05
6.026109378010941511e-05
6.024965240615665757e-05
6.023777997923598996e-05
6.022546156463357339e-05
6.021268165250553750e-05
6.019942413126945003e-05
6.018567226324827074e-05
6.017140865542897153e-05
6.015661523273790158e-05
6.014127320588335093e-05
6.012536304201655178e-05
6.010886442934417341e-05
6.009175624490338736e-05
6.007401651559512637e-05
6.005562238277259809e-05
6.003655005930805808e-05
6.001677479066438179e-05
5.999627080756398149e-05
5.997501128318047945e-05
5.995296828093171700e-05
5.993011270739273224e-05
5.990641425468337075e-05
5.988184134866703030e-05
5.985636108534664508e-05
5.982993917387481825e-05
5.980253986631131087e-05
5.977412589493045396e-05
5.974465839462872924e-05
5.971409683397513524e-05
5.968239892948886457e-05
5.964952056984176095e-05
5.961541572115363897e-05
5.958003634372323977e-05
5.954333228741674820e-05
5.950525119959556225e-05
5.946573841301584632e-05
5.942473683804916563e-05
5.938218684594318562e-05
5.933802614708190908e-05
5.929218966342956164e-05
5.924460939494030252e-05
5.919521427972148080e-05
5.914393004774596321e-05
5.909067906791977306e-05
5.903538018832846446e-05
5.897794856950539514e-05
5.891829551059389429e-05
5.885632826830870850e-05
5.879194986864780102e-05
5.872505891135848224e-05
5.865554936722925907e-05
5.858331036836074353e-05
5.850822599166836144e-05
5.843017503598773297e-05
5.834903079330036390e-05
5.826466081476770243e-05
5.817692667246968872e-05
5.808568371798931279e-05
5.799078083927961333e-05
5.789206021759641968e-05
5.778935708669505719e-05
5.768249949698047395e-05
5.757130808788004511e-05
5.745559587239680566e-05
5.733516803861610196e-05
0.000000000000000000e+00
8.982775323581350380e-05
6.050505160218501302e-05
6.050496255658063366e-05
6.050481192300424766e-05
6.050459781907532565e-05
6.050428460090419947e-05
6.050397138273310040e-05
6.050351919588885057e-05
6.050306700904456008e-05
6.050238884879997230e-05
6.050171068855537775e-05
6.050103252831076964e-05
6.050035436806616154e-05
6.049934289110448502e-05
6.049833141414286272e-05
6.049731993718119298e-05
6.049630846021955712e-05
6.049502065797655279e-05
6.049373285573352813e-05
6.049224542623508319e-05
6.049075799673662469e-05
6.048905844435397376e-05
6.048735889197132961e-05
6.048543390531253307e-05
6.048350891865377041e-05
6.048134431154255351e-05
6.047917970443134338e-05
6.047676035114225233e-05
6.047434099785318839e-05
6.047165076402183018e-05
6.046896053019045842e-05
6.046598219688069012e-05
6.046300386357090828e-05
6.045971904619129361e-05
6.045643422881168572e-05
6.045282328785986576e-05
6.044921234690804580e-05
6.044525429256242504e-05
6.044129623821681106e-05
6.043696862514384742e-05
6.043264101207091767e-05
6.042791982686250075e-05
6.042319864165410416e-05
6.041805817851761656e-05
6.041291771538116284e-05
6.040733044297846730e-05
6.040174317057581918e-05
6.039567958471925524e-05
6.038961599886275906e-05
6.038304446455245665e-05
6.037647293024215423e-05
6.036935950662962279e-05
6.036224608301707779e-05
6.035455433550063019e-05
6.034686258798418936e-05
6.033855337963585391e-05
6.033024417128754556e-05
6.032127543870657930e-05
6.031230670612567404e-05
6.030263321020412572e-05
6.029295971428260450e-05
6.028272750404883434e-05
6.027210582951188320e-05
6.026108134642040157e-05
6.024964020207262787e-05
6.023776801514243539e-05
6.022544985135720134e-05
6.021267020138876963e-05
6.019941295414160291e-05
6.018566137250873442e-05
6.017139806401526625e-05
6.015660495421835675e-05
6.014126325442180077e-05
6.012535343247586987e-05
6.010885517724718041e-05
6.009174736654860315e-05
6.007400802801323255e-05
6.005561430385648127e-05
6.003654240776401399e-05
6.001676758615829286e-05
5.999626407066697796e-05
5.997500503553320958e-05
5.995296254518364530e-05
5.993010750738732116e-05
5.990640961539011483e-05
5.988183729639049026e-05
5.985635764765021493e-05
5.982993637981712199e-05
5.980253774636075381e-05
5.977412448123284447e-05
5.974465772091121842e-05
5.971409693585014595e-05
5.968239984434567114e-05
5.964952233719230908e-05
5.961541838250999697e-05
5.958003994299192289e-05
5.954333687075998141e-05
5.950525681583908934e-05
5.946574511366204199e-05
5.942474467748825836e-05
5.938219588164001152e-05
5.933803643977631989e-05
5.929220127735184890e-05
5.924462239804242404e-05
5.919522874392628485e-05
5.914394604921474250e-05
5.909069668734094036e-05
5.903539951122823071e-05
5.897796968658282861e-05
5.891831851808229870e-05
5.885635326836575283e-05
5.879197696977694893e-05
5.872508822886429595e-05
5.865558102371008119e-05
5.858334449424161631e-05
5.850826272577821531e-05
5.843021452618484929e-05
5.834907319715061110e-05
5.826470630028043153e-05
5.817697541889664119e-05
5.808573591669293780e-05
5.799083669467675051e-05
5.789211994818537063e-05
5.778942092617355374e-05
5.768256769546377936e-05
5.757138091322875609e-05
5.745567361166557010e-05
5.733525099963496171e-05
0.000000000000000000e+00
8.982773639401239740e-05
6.050503476083309159e-05
6.050494571655314649e-05
6.050479508520989171e-05
6.050458098445642846e-05
6.050426777094842872e-05
6.050395455744048319e-05
6.050350237736706237e-05
6.050305019729369576e-05
6.050237204731915885e-05
6.050169389734462872e-05
6.050101574737008504e-05
6.050033759739556168e-05
6.049932613598174412e-05
6.049831467456796721e-05
6.049730321315416321e-05
6.049629175174035920e-05
6.049500396953138491e-05
6.049371618732247161e-05
6.049222878115537979e-05
6.049074137498833541e-05
6.048904184949742202e-05
6.048734232400658316e-05
6.048541736807198910e-05
6.048349241213741537e-05
6.048132783989072509e-05
6.047916326764404160e-05
6.047674395367843479e-05
6.047432463971284155e-05
6.047163445002533722e-05
6.046894426033785322e-05
6.046596597636648017e-05
6.046298769239514777e-05
6.045970292997399873e-05
6.045641816755286323e-05
6.045280728762038200e-05
6.044919640768786688e-05
6.044523842092476204e-05
6.044128043416167754e-05
6.043695289575529161e-05
6.043262535734890569e-05
6.042790425448623331e-05
6.042318315162356770e-05
6.041804277912949202e-05
6.041290240663540958e-05
6.040731523387916750e-05
6.040172806112289832e-05
6.039566458465150511e-05
6.038960110818009834e-05
6.038302969383743717e-05
6.037645827949476244e-05
6.036934498730978077e-05
6.036223169512477878e-05
6.035454009150623204e-05
6.034684848788768530e-05
6.033853943695960994e-05
6.033023038603154136e-05
6.032126182560807007e-05
6.031229326518461911e-05
6.030261995742441981e-05
6.029294664966421374e-05
6.028271464050460659e-05
6.027209317613622149e-05
6.026106891273139479e-05
6.024962799798859816e-05
6.023775605104890793e-05
6.022543813808083605e-05
6.021265875027198821e-05
6.019940177701376934e-05
6.018565048176921842e-05
6.017138747260154742e-05
6.015659467569881870e-05
6.014125330296022352e-05
6.012534382293524218e-05
6.010884592515017386e-05
6.009173848819383248e-05
6.007399954043135228e-05
6.005560622494032378e-05
6.003653475621991570e-05
6.001676038165221070e-05
5.999625733376996088e-05
5.997499878788596005e-05
5.995295680943558037e-05
5.993010230738191686e-05
5.990640497609687923e-05
5.988183324411395023e-05
5.985635420995377801e-05
5.982993358575945284e-05
5.980253562641017642e-05
5.977412306753525530e-05
5.974465704719368728e-05
5.971409703772519054e-05
5.968240075920245062e-05
5.964952410454285722e-05
5.961542104386634142e-05
5.958004354226063311e-05
5.954334145410320107e-05
5.950526243208261644e-05
5.946575181430820378e-05
5.942475251692736464e-05
5.938220491733683742e-05
5.933804673247078490e-05
5.929221289127410905e-05
5.924463540114457944e-05
5.919524320813105502e-05
5.914396205068350824e-05
5.909071430676212798e-05
5.903541883412801730e-05
5.897799080366028241e-05
5.891834152557069633e-05
5.885637826842279717e-05
5.879200407090605618e-05
5.872511754637010966e-05
5.865561268019093720e-05
5.858337862012247553e-05
5.850829945988805564e-05
5.843025401638195205e-05
5.834911560100085830e-05
5.826475178579314029e-05
5.817702416532362077e-05
5.808578811539654249e-05
5.799089255007390124e-05
5.789217967877431480e-05
5.778948476565206384e-05
5.768263589394706444e-05
5.757145373857746706e-05
5.745575135093433455e-05
5.733533396065382146e-05
0.000000000000000000e+00
8.982771955221126390e-05
6.050501791948118371e-05
6.050492887652565932e-05
6.050477824741561707e-05
6.050456414983751093e-05
6.050425094099267151e-05
6.050393773214781854e-05
6.050348555884531483e-05
6.050303338554285855e-05
6.050235524583837929e-05
6.050167710613388647e-05
6.050099896642940721e-05
6.050032082672490084e-05
6.049930938085898967e-05
6.049829793499306494e-05
6.049728648912714021e-05
6.049627504326121548e-05
6.049498728108627802e-05
6.049369951891136088e-05
6.049221213607568318e-05
6.049072475323997837e-05
6.048902525464091093e-05
6.048732575604180283e-05
6.048540083083140447e-05
6.048347590562107388e-05
6.048131136823888313e-05
6.047914683085676692e-05
6.047672755621461048e-05
6.047430828157250148e-05
6.047161813602887137e-05
6.046892799048522092e-05
6.046594975585229054e-05
6.046297152121939405e-05
6.045968681375669029e-05
6.045640210629408141e-05
6.045279128738087113e-05
6.044918046846768119e-05
6.044522254928709227e-05
6.044126463010650335e-05
6.043693716636671547e-05
6.043260970262689371e-05
6.042788868210995231e-05
6.042316766159301091e-05
6.041802737974134039e-05
6.041288709788968341e-05
6.040730002477981349e-05
6.040171295166996390e-05
6.039564958458368721e-05
6.038958621749743085e-05
6.038301492312241091e-05
6.037644362874735709e-05
6.036933046798993876e-05
6.036221730723250010e-05
6.035452584751185422e-05
6.034683438779118802e-05
6.033852549428337275e-05
6.033021660077554394e-05
6.032124821250956084e-05
6.031227982424356419e-05
6.030260670464471391e-05
6.029293358504585009e-05
6.028270177696041273e-05
6.027208052276056656e-05
6.026105647904236769e-05
6.024961579390455491e-05
6.023774408695538047e-05
6.022542642480447755e-05
6.021264729915524067e-05
6.019939059988593577e-05
6.018563959102972953e-05
6.017137688118783537e-05
6.015658439717927388e-05
6.014124335149865981e-05
6.012533421339458738e-05
6.010883667305318086e-05
6.009172960983905505e-05
6.007399105284946523e-05
6.005559814602419341e-05
6.003652710467587838e-05
6.001675317714612855e-05
5.999625059687295058e-05
5.997499254023867663e-05
5.995295107368748156e-05
5.993009710737652612e-05
5.990640033680361652e-05
5.988182919183741696e-05
5.985635077225733431e-05
5.982993079170179047e-05
5.980253350645960581e-05
5.977412165383765258e-05
5.974465637347618324e-05
5.971409713960020802e-05
5.968240167405925719e-05
5.964952587189341213e-05
5.961542370522268587e-05
5.958004714152934333e-05
5.954334603744642750e-05
5.950526804832613676e-05
5.946575851495439268e-05
5.942476035636643026e-05
5.938221395303367009e-05
5.933805702516523636e-05
5.929222450519638275e-05
5.924464840424673484e-05
5.919525767233583874e-05
5.914397805215229430e-05
5.909073192618329528e-05
5.903543815702781065e-05
5.897801192073769556e-05
5.891836453305906686e-05
5.885640326847981440e-05
5.879203117203517698e-05
5.872514686387593014e-05
5.865564433667174577e-05
5.858341274600333475e-05
5.850833619399788919e-05
5.843029350657908191e-05
5.834915800485111905e-05
5.826479727130586938e-05
5.817707291175058679e-05
5.808584031410016072e-05
5.799094840547102487e-05
5.789223940936325896e-05
5.778954860513058073e-05
5.768270409243038340e-05
5.757152656392617126e-05
5.745582909020311932e-05
5.733541692167270153e-05
0.000000000000000000e+00
8.982770271041017106e-05
6.050500107812933003e-05
6.050491203649813827e-05
6.050476140962130856e-05
6.050454731521859341e-05
6.050423411103689398e-05
6.050392090685520133e-05
6.050346874032359439e-05
6.050301657379199424e-05
6.050233844435755907e-05
6.050166031492313067e-05
6.050098218548873616e-05
6.050030405605430099e-05
6.049929262573623521e-05
6.049828119541817621e-05
6.049726976510011721e-05
6.049625833478206499e-05
6.049497059264115757e-05
6.049368285050024338e-05
6.049219549099595945e-05
6.049070813149169586e-05
6.048900865978436596e-05
6.048730918807704960e-05
6.048538429359086728e-05
6.048345939910468495e-05
6.048129489658707504e-05
6.047913039406945836e-05
6.047671115875082683e-05
6.047429192343216819e-05
6.047160182203237163e-05
6.046891172063260895e-05
6.046593353533810769e-05
6.046295535004362677e-05
6.045967069753945640e-05
6.045638604503527247e-05
6.045277528714138059e-05
6.044916452924750904e-05
6.044520667764942927e-05
6.044124882605136304e-05
6.043692143697816644e-05
6.043259404790490206e-05
6.042787310973371198e-05
6.042315217156248800e-05
6.041801198035321585e-05
6.041287178914395725e-05
6.040728481568050014e-05
6.040169784221704981e-05
6.039563458451593030e-05
6.038957132681479047e-05
6.038300015240737111e-05
6.037642897799996530e-05
6.036931594867007641e-05
6.036220291934020786e-05
6.035451160351744252e-05
6.034682028769467718e-05
6.033851155160711524e-05
6.033020281551952619e-05
6.032123459941103805e-05
6.031226638330249571e-05
6.030259345186501479e-05
6.029292052042748643e-05
6.028268891341621210e-05
6.027206786938488453e-05
6.026104404535338125e-05
6.024960358982052520e-05
6.023773212286181235e-05
6.022541471152809193e-05
6.021263584803846603e-05
6.019937942275811575e-05
6.018562870029020676e-05
6.017136628977414365e-05
6.015657411865972228e-05
6.014123340003707578e-05
6.012532460385394613e-05
6.010882742095616753e-05
6.009172073148428438e-05
6.007398256526757819e-05
6.005559006710805626e-05
6.003651945313180719e-05
6.001674597264002606e-05
5.999624385997594705e-05
5.997498629259138644e-05
5.995294533793943696e-05
5.993009190737112182e-05
5.990639569751039447e-05
5.988182513956087015e-05
5.985634733456089739e-05
5.982992799764412132e-05
5.980253138650903520e-05
5.977412024014004986e-05
5.974465569975867920e-05
5.971409724147523228e-05
5.968240258891606377e-05
5.964952763924393994e-05
5.961542636657903710e-05
5.958005074079804678e-05
5.954335062078965394e-05
5.950527366456965031e-05
5.946576521560056802e-05
5.942476819580552977e-05
5.938222298873050277e-05
5.933806731785966072e-05
5.929223611911864968e-05
5.924466140734886314e-05
5.919527213654061568e-05
5.914399405362106681e-05
5.909074954560446935e-05
5.903545747992758368e-05
5.897803303781515614e-05
5.891838754054747127e-05
5.885642826853685196e-05
5.879205827316429778e-05
5.872517618138173708e-05
5.865567599315257467e-05
5.858344687188420753e-05
5.850837292810770918e-05
5.843033299677617790e-05
5.834920040870136625e-05
5.826484275681858492e-05
5.817712165817757314e-05
5.808589251280376541e-05
5.799100426086818238e-05
5.789229913995224379e-05
5.778961244460907728e-05
5.768277229091366170e-05
5.757159938927490256e-05
5.745590682947189731e-05
5.733549988269155451e-05
0.000000000000000000e+00
8.982768586860906466e-05
6.050498423677743570e-05
6.050489519647067144e-05
6.050474457182700681e-05
6.050453048059968266e-05
6.050421728108112322e-05
6.050390408156255023e-05
6.050345192180186718e-05
6.050299976204115025e-05
6.050232164287675917e-05
6.050164352371238165e-05
6.050096540454805833e-05
6.050028728538366725e-05
6.049927587061345365e-05
6.049826445584328071e-05
6.049725304107308744e-05
6.049624162630289417e-05
6.049495390419601680e-05
6.049366618208912587e-05
6.049217884591626961e-05
6.049069150974339980e-05
6.048899206492784131e-05
6.048729262011228282e-05
6.048536775635030975e-05
6.048344289258834346e-05
6.048127842493525340e-05
6.047911395728217690e-05
6.047669476128702284e-05
6.047427556529184168e-05
6.047158550803589900e-05
6.046889545077998343e-05
6.046591731482393162e-05
6.046293917886787981e-05
6.045965458132219539e-05
6.045636998377645676e-05
6.045275928690186295e-05
6.044914859002730302e-05
6.044519080601177304e-05
6.044123302199620241e-05
6.043690570758955641e-05
6.043257839318291719e-05
6.042785753735741743e-05
6.042313668153192444e-05
6.041799658096508454e-05
6.041285648039821754e-05
6.040726960658117324e-05
6.040168273276414249e-05
6.039561958444811918e-05
6.038955643613212298e-05
6.038298538169235163e-05
6.037641432725254640e-05
6.036930142935022762e-05
6.036218853144792917e-05
6.035449735952306470e-05
6.034680618759817990e-05
6.033849760893086450e-05
6.033018903026354232e-05
6.032122098631248139e-05
6.031225294236146112e-05
6.030258019908526823e-05
6.029290745580911600e-05
6.028267604987199791e-05
6.027205521600920249e-05
6.026103161166436093e-05
6.024959138573648872e-05
6.023772015876828489e-05
6.022540299825173343e-05
6.021262439692169816e-05
6.019936824563027541e-05
6.018561780955071109e-05
6.017135569836043159e-05
6.015656384014018423e-05
6.014122344857551208e-05
6.012531499431328456e-05
6.010881816885917453e-05
6.009171185312950017e-05
6.007397407768569114e-05
6.005558198819191233e-05
6.003651180158773600e-05
6.001673876813393713e-05
5.999623712307892997e-05
5.997498004494411657e-05
5.995293960219136525e-05
5.993008670736571075e-05
5.990639105821712499e-05
5.988182108728431656e-05
5.985634389686447402e-05
5.982992520358643184e-05
5.980252926655846459e-05
5.977411882644246747e-05
5.974465502604116838e-05
5.971409734335024976e-05
5.968240350377285001e-05
5.964952940659450163e-05
5.961542902793538832e-05
5.958005434006677056e-05
5.954335520413287359e-05
5.950527928081317741e-05
5.946577191624677046e-05
5.942477603524462927e-05
5.938223202442733544e-05
5.933807761055411218e-05
5.929224773304095727e-05
5.924467441045099821e-05
5.919528660074537907e-05
5.914401005508985288e-05
5.909076716502565697e-05
5.903547680282735671e-05
5.897805415489257606e-05
5.891841054803587568e-05
5.885645326859388952e-05
5.879208537429343214e-05
5.872520549888756434e-05
5.865570764963340357e-05
5.858348099776507353e-05
5.850840966221754951e-05
5.843037248697330777e-05
5.834924281255161345e-05
5.826488824233131401e-05
5.817717040460453239e-05
5.808594471150739042e-05
5.799106011626531279e-05
5.789235887054119473e-05
5.778967628408758738e-05
5.768284048939697388e-05
5.757167221462360676e-05
5.745598456874066175e-05
5.733558284371041426e-05
0.000000000000000000e+00
8.982766902680794471e-05
6.050496739542557525e-05
6.050487835644316394e-05
6.050472773403271862e-05
6.050451364598081935e-05
6.050420045112536602e-05
6.050388725626989914e-05
6.050343510328009254e-05
6.050298295029027238e-05
6.050230484139595250e-05
6.050162673250165295e-05
6.050094862360734662e-05
6.050027051471301996e-05
6.049925911549071275e-05
6.049824771626837843e-05
6.049723631704605767e-05
6.049622491782373013e-05
6.049493721575090313e-05
6.049364951367803547e-05
6.049216220083658655e-05
6.049067488799508342e-05
6.048897547007130312e-05
6.048727605214750927e-05
6.048535121910977256e-05
6.048342638607198842e-05
6.048126195328343177e-05
6.047909752049486834e-05
6.047667836382318498e-05
6.047425920715151517e-05
6.047156919403943992e-05
6.046887918092738501e-05
6.046590109430974199e-05
6.046292300769213286e-05
6.045963846510488696e-05
6.045635392251768849e-05
6.045274328666241307e-05
6.044913265080712410e-05
6.044517493437409649e-05
6.044121721794104178e-05
6.043688997820097350e-05
6.043256273846089166e-05
6.042784196498114999e-05
6.042312119150138798e-05
6.041798118157692613e-05
6.041284117165249138e-05
6.040725439748185311e-05
6.040166762331120807e-05
6.039560458438034195e-05
6.038954154544946227e-05
6.038297061097731860e-05
6.037639967650514783e-05
6.036928691003039238e-05
6.036217414355564371e-05
6.035448311552865978e-05
6.034679208750168939e-05
6.033848366625461376e-05
6.033017524500754490e-05
6.032120737321397893e-05
6.031223950142038586e-05
6.030256694630557588e-05
6.029289439119075235e-05
6.028266318632777694e-05
6.027204256263354756e-05
6.026101917797534061e-05
6.024957918165245902e-05
6.023770819467473710e-05
6.022539128497536815e-05
6.021261294580490997e-05
6.019935706850243506e-05
6.018560691881116799e-05
6.017134510694670599e-05
6.015655356162063263e-05
6.014121349711394837e-05
6.012530538477261620e-05
6.010880891676215443e-05
6.009170297477472273e-05
6.007396559010379054e-05
6.005557390927576840e-05
6.003650415004368514e-05
6.001673156362785497e-05
5.999623038618191967e-05
5.997497379729684671e-05
5.995293386644328000e-05
5.993008150736030645e-05
5.990638641892388262e-05
5.988181703500776296e-05
5.985634045916803710e-05
5.982992240952875591e-05
5.980252714660789397e-05
5.977411741274483764e-05
5.974465435232365079e-05
5.971409744522527402e-05
5.968240441862965659e-05
5.964953117394504299e-05
5.961543168929172600e-05
5.958005793933546723e-05
5.954335978747610681e-05
5.950528489705671128e-05
5.946577861689292548e-05
5.942478387468368812e-05
5.938224106012417490e-05
5.933808790324853654e-05
5.929225934696319032e-05
5.924468741355316039e-05
5.919530106495016957e-05
5.914402605655863894e-05
5.909078478444683105e-05
5.903549612572717040e-05
5.897807527197002986e-05
5.891843355552426654e-05
5.885647826865092708e-05
5.879211247542253261e-05
5.872523481639337805e-05
5.865573930611421214e-05
5.858351512364593275e-05
5.850844639632738983e-05
5.843041197717040375e-05
5.834928521640186743e-05
5.826493372784402955e-05
5.817721915103150519e-05
5.808599691021101543e-05
5.799111597166244319e-05
5.789241860113014567e-05
5.778974012356608394e-05
5.768290868788025896e-05
5.757174503997230418e-05
5.745606230800943297e-05
5.733566580472924690e-05
0.000000000000000000e+00
8.982765218500682477e-05
6.050495055407361994e-05
6.050486151641567000e-05
6.050471089623837622e-05
6.050449681136186794e-05
6.050418362116957493e-05
6.050387043097726837e-05
6.050341828475836532e-05
6.050296613853945550e-05
6.050228803991518649e-05
6.050160994129091747e-05
6.050093184266666202e-05
6.050025374404239978e-05
6.049924236036795830e-05
6.049823097669348293e-05
6.049721959301902112e-05
6.049620820934455931e-05
6.049492052730573525e-05
6.049363284526692474e-05
6.049214555575684927e-05
6.049065826624677381e-05
6.048895887521477170e-05
6.048725948418278992e-05
6.048533468186920148e-05
6.048340987955564692e-05
6.048124548163160335e-05
6.047908108370759366e-05
6.047666196635937422e-05
6.047424284901117510e-05
6.047155288004293341e-05
6.046886291107473916e-05
6.046588487379553204e-05
6.046290683651634525e-05
6.045962234888759885e-05
6.045633786125889311e-05
6.045272728642292254e-05
6.044911671158695196e-05
6.044515906273643349e-05
6.044120141388590825e-05
6.043687424881240413e-05
6.043254708373890002e-05
6.042782639260489610e-05
6.042310570147085152e-05
6.041796578218881515e-05
6.041282586290675166e-05
6.040723918838252621e-05
6.040165251385829398e-05
6.039558958431255116e-05
6.038952665476681511e-05
6.038295584026227879e-05
6.037638502575775603e-05
6.036927239071057069e-05
6.036215975566334470e-05
6.035446887153426840e-05
6.034677798740518533e-05
6.033846972357836302e-05
6.033016145975154070e-05
6.032119376011544937e-05
6.031222606047936482e-05
6.030255369352586321e-05
6.029288132657238192e-05
6.028265032278357630e-05
6.027202990925786553e-05
6.026100674428633383e-05
6.024956697756842254e-05
6.023769623058120287e-05
6.022537957169899609e-05
6.021260149468816243e-05
6.019934589137459471e-05
6.018559602807165200e-05
6.017133451553298716e-05
6.015654328310108103e-05
6.014120354565237789e-05
6.012529577523198173e-05
6.010879966466516143e-05
6.009169409641995885e-05
6.007395710252190350e-05
6.005556583035965158e-05
6.003649649849960717e-05
6.001672435912176604e-05
5.999622364928490937e-05
5.997496754964957684e-05
5.995292813069520152e-05
5.993007630735490892e-05
5.990638177963062669e-05
5.988181298273122292e-05
5.985633702147158663e-05
5.982991961547107999e-05
5.980252502665733691e-05
5.977411599904723492e-05
5.974465367860611964e-05
5.971409754710028472e-05
5.968240533348646994e-05
5.964953294129557757e-05
5.961543435064807722e-05
5.958006153860417745e-05
5.954336437081934002e-05
5.950529051330024515e-05
5.946578531753913470e-05
5.942479171412280118e-05
5.938225009582099402e-05
5.933809819594298122e-05
5.929227096088547758e-05
5.924470041665529546e-05
5.919531552915493973e-05
5.914404205802738435e-05
5.909080240386800512e-05
5.903551544862693665e-05
5.897809638904745656e-05
5.891845656301265062e-05
5.885650326870796463e-05
5.879213957655166696e-05
5.872526413389919176e-05
5.865577096259505459e-05
5.858354924952680553e-05
5.850848313043722338e-05
5.843045146736751329e-05
5.834932762025213496e-05
5.826497921335673831e-05
5.817726789745849154e-05
5.808604910891462011e-05
5.799117182705960070e-05
5.789247833171910339e-05
5.778980396304460760e-05
5.768297688636355759e-05
5.757181786532102193e-05
5.745614004727820419e-05
5.733574876574813376e-05
0.000000000000000000e+00
8.982763534320573192e-05
6.050493371272174593e-05
6.050484467638819638e-05
6.050469405844408803e-05
6.050447997674299785e-05
6.050416679121379740e-05
6.050385360568463083e-05
6.050340146623658390e-05
6.050294932678859118e-05
6.050227123843437982e-05
6.050159315008018878e-05
6.050091506172598419e-05
6.050023697337177960e-05
6.049922560524518351e-05
6.049821423711859421e-05
6.049720286899201846e-05
6.049619150086540882e-05
6.049490383886063513e-05
6.049361617685584789e-05
6.049212891067718654e-05
6.049064164449848452e-05
6.048894228035826061e-05
6.048724291621802992e-05
6.048531814462865751e-05
6.048339337303927833e-05
6.048122900997977494e-05
6.047906464692031221e-05
6.047664556889558379e-05
6.047422649087084182e-05
6.047153656604649467e-05
6.046884664122212719e-05
6.046586865328136952e-05
6.046289066534061863e-05
6.045960623267035140e-05
6.045632180000009095e-05
6.045271128618344555e-05
6.044910077236676627e-05
6.044514319109877049e-05
6.044118560983076117e-05
6.043685851942384154e-05
6.043253142901692192e-05
6.042781082022859478e-05
6.042309021144031506e-05
6.041795038280067028e-05
6.041281055416103228e-05
6.040722397928320608e-05
6.040163740440536634e-05
6.039557458424477392e-05
6.038951176408416795e-05
6.038294106954724576e-05
6.037637037501035069e-05
6.036925787139068802e-05
6.036214536777107957e-05
6.035445462753985670e-05
6.034676388730868805e-05
6.033845578090210550e-05
6.033014767449553650e-05
6.032118014701693336e-05
6.031221261953828279e-05
6.030254044074616408e-05
6.029286826195402504e-05
6.028263745923936211e-05
6.027201725588220382e-05
6.026099431059732706e-05
6.024955477348438606e-05
6.023768426648766863e-05
6.022536785842261725e-05
6.021259004357138779e-05
6.019933471424677470e-05
6.018558513733214278e-05
6.017132392411928866e-05
6.015653300458155653e-05
6.014119359419081419e-05
6.012528616569133371e-05
6.010879041256815487e-05
6.009168521806516785e-05
6.007394861494002323e-05
6.005555775144349410e-05
6.003648884695555630e-05
6.001671715461569066e-05
5.999621691238789906e-05
5.997496130200228665e-05
5.995292239494714337e-05
5.993007110734949785e-05
5.990637714033737076e-05
5.988180893045467611e-05
5.985633358377516326e-05
5.982991682141342439e-05
5.980252290670675275e-05
5.977411458534964575e-05
5.974465300488862238e-05
5.971409764897531576e-05
5.968240624834325619e-05
5.964953470864613926e-05
5.961543701200442845e-05
5.958006513787287412e-05
5.954336895416254612e-05
5.950529612954375870e-05
5.946579201818531004e-05
5.942479955356188713e-05
5.938225913151784025e-05
5.933810848863740558e-05
5.929228257480775806e-05
5.924471341975743054e-05
5.919532999335972345e-05
5.914405805949619075e-05
5.909082002328918596e-05
5.903553477152671645e-05
5.897811750612489681e-05
5.891847957050104826e-05
5.885652826876501575e-05
5.879216667768079454e-05
5.872529345140500547e-05
5.865580261907587671e-05
5.858358337540766475e-05
5.850851986454705015e-05
5.843049095756462283e-05
5.834937002410238893e-05
5.826502469886945385e-05
5.817731664388545756e-05
5.808610130761823835e-05
5.799122768245672433e-05
5.789253806230806111e-05
5.778986780252311093e-05
5.768304508484687655e-05
5.757189069066973291e-05
5.745621778654697541e-05
5.733583172676698673e-05
0.000000000000000000e+00
8.982761850140458487e-05
6.050491687136983805e-05
6.050482783636067534e-05
6.050467722064977274e-05
6.050446314212408033e-05
6.050414996125803342e-05
6.050383678039197296e-05
6.050338464771484314e-05
6.050293251503773364e-05
6.050225443695355959e-05
6.050157635886941942e-05
6.050089828078530636e-05
6.050022020270115941e-05
6.049920885012238163e-05
6.049819749754369193e-05
6.049718614496498191e-05
6.049617479238623123e-05
6.049488715041547403e-05
6.049359950844471683e-05
6.049211226559745604e-05
6.049062502275016814e-05
6.048892568550170209e-05
6.048722634825326314e-05
6.048530160738809321e-05
6.048337686652290973e-05
6.048121253832795330e-05
6.047904821013303753e-05
6.047662917143173915e-05
6.047421013273050175e-05
6.047152025204998815e-05
6.046883037136950166e-05
6.046585243276716634e-05
6.046287449416484457e-05
6.045959011645307007e-05
6.045630573874127524e-05
6.045269528594392113e-05
6.044908483314658735e-05
6.044512731946108039e-05
6.044116980577558020e-05
6.043684279003525863e-05
6.043251577429490317e-05
6.042779524785232056e-05
6.042307472140976505e-05
6.041793498341251187e-05
6.041279524541528579e-05
6.040720877018387240e-05
6.040162229495246580e-05
6.039555958417697635e-05
6.038949687340149368e-05
6.038292629883222629e-05
6.037635572426294534e-05
6.036924335207087311e-05
6.036213097987878733e-05
6.035444038354547211e-05
6.034674978721218399e-05
6.033844183822584798e-05
6.033013388923953230e-05
6.032116653391838347e-05
6.031219917859724142e-05
6.030252718796643108e-05
6.029285519733566139e-05
6.028262459569517503e-05
6.027200460250650824e-05
6.026098187690832029e-05
6.024954256940034280e-05
6.023767230239411406e-05
6.022535614514626552e-05
6.021257859245459959e-05
6.019932353711892757e-05
6.018557424659262678e-05
6.017131333270557661e-05
6.015652272606199815e-05
6.014118364272925049e-05
6.012527655615068569e-05
6.010878116047115510e-05
6.009167633971039719e-05
6.007394012735812263e-05
6.005554967252735695e-05
6.003648119541148511e-05
6.001670995010960173e-05
5.999621017549090231e-05
5.997495505435502356e-05
5.995291665919904456e-05
5.993006590734411388e-05
5.990637250104414194e-05
5.988180487817812929e-05
5.985633014607869923e-05
5.982991402735574846e-05
5.980252078675619569e-05
5.977411317165206336e-05
5.974465233117112512e-05
5.971409775085036035e-05
5.968240716320006277e-05
5.964953647599665352e-05
5.961543967336077967e-05
5.958006873714157757e-05
5.954337353750577256e-05
5.950530174578728580e-05
5.946579871883149893e-05
5.942480739300097986e-05
5.938226816721465937e-05
5.933811878133186382e-05
5.929229418873004532e-05
5.924472642285956561e-05
5.919534445756449362e-05
5.914407406096494971e-05
5.909083764271035326e-05
5.903555409442648948e-05
5.897813862320233028e-05
5.891850257798945945e-05
5.885655326882204653e-05
5.879219377880991535e-05
5.872532276891084628e-05
5.865583427555669883e-05
5.858361750128851720e-05
5.850855659865688370e-05
5.843053044776172559e-05
5.834941242795263613e-05
5.826507018438216939e-05
5.817736539031242358e-05
5.808615350632184980e-05
5.799128353785386152e-05
5.789259779289699173e-05
5.778993164200161426e-05
5.768311328333015485e-05
5.757196351601844388e-05
5.745629552581573985e-05
5.733591468778584648e-05
0.000000000000000000e+00
8.982760165960349203e-05
6.050490003001791662e-05
6.050481099633319494e-05
6.050466038285542356e-05
6.050444630750516280e-05
6.050413313130223556e-05
6.050381995509933542e-05
6.050336782919310915e-05
6.050291570328688288e-05
6.050223763547275970e-05
6.050155956765867717e-05
6.050088149984462175e-05
6.050020343203050535e-05
6.049919209499966105e-05
6.049818075796880321e-05
6.049716942093793858e-05
6.049615808390707396e-05
6.049487046197037391e-05
6.049358284003364676e-05
6.049209562051777297e-05
6.049060840100184498e-05
6.048890909064519100e-05
6.048720978028848281e-05
6.048528507014754924e-05
6.048336036000656146e-05
6.048119606667614522e-05
6.047903177334569509e-05
6.047661277396792839e-05
6.047419377459017524e-05
6.047150393805354263e-05
6.046881410151690324e-05
6.046583621225299704e-05
6.046285832298909084e-05
6.045957400023580229e-05
6.045628967748249341e-05
6.045267928570445770e-05
6.044906889392639488e-05
6.044511144782343094e-05
6.044115400172045345e-05
6.043682706064668249e-05
6.043250011957292507e-05
6.042777967547608700e-05
6.042305923137921504e-05
6.041791958402437378e-05
6.041277993666954607e-05
6.040719356108454550e-05
6.040160718549954493e-05
6.039554458410921944e-05
6.038948198271883974e-05
6.038291152811720003e-05
6.037634107351555354e-05
6.036922883275101754e-05
6.036211659198649509e-05
6.035442613955108751e-05
6.034673568711569348e-05
6.033842789554961079e-05
6.033012010398355521e-05
6.032115292081986747e-05
6.031218573765618650e-05
6.030251393518673195e-05
6.029284213271728419e-05
6.028261173215097439e-05
6.027199194913084653e-05
6.026096944321931352e-05
6.024953036531630632e-05
6.023766033830057982e-05
6.022534443186989346e-05
6.021256714133783850e-05
6.019931235999109400e-05
6.018556335585309723e-05
6.017130274129186456e-05
6.015651244754247366e-05
6.014117369126765968e-05
6.012526694661003089e-05
6.010877190837418243e-05
6.009166746135564008e-05
6.007393163977622880e-05
6.005554159361123335e-05
6.003647354386743425e-05
6.001670274560351280e-05
5.999620343859389201e-05
5.997494880670773337e-05
5.995291092345099318e-05
5.993006070733867570e-05
5.990636786175088601e-05
5.988180082590159603e-05
5.985632670838227586e-05
5.982991123329805221e-05
5.980251866680561830e-05
5.977411175795444709e-05
5.974465165745361430e-05
5.971409785272537105e-05
5.968240807805684901e-05
5.964953824334720843e-05
5.961544233471713768e-05
5.958007233641026746e-05
5.954337812084901254e-05
5.950530736203081967e-05
5.946580541947769460e-05
5.942481523244006581e-05
5.938227720291150560e-05
5.933812907402628140e-05
5.929230580265230547e-05
5.924473942596171424e-05
5.919535892176926379e-05
5.914409006243374933e-05
5.909085526213152733e-05
5.903557341732629639e-05
5.897815974027977053e-05
5.891852558547785030e-05
5.885657826887909087e-05
5.879222087993903615e-05
5.872535208641663966e-05
5.865586593203753451e-05
5.858365162716939675e-05
5.850859333276671725e-05
5.843056993795883513e-05
5.834945483180288333e-05
5.826511566989489848e-05
5.817741413673940316e-05
5.808620570502546126e-05
5.799133939325102580e-05
5.789265752348595623e-05
5.778999548148014469e-05
5.768318148181346026e-05
5.757203634136715486e-05
5.745637326508451785e-05
5.733599764880471301e-05
0.000000000000000000e+00
8.982758481780238563e-05
6.050488318866602228e-05
6.050479415630570100e-05
6.050464354506116248e-05
6.050442947288627238e-05
6.050411630134649191e-05
6.050380312980669110e-05
6.050335101067134128e-05
6.050289889153601856e-05
6.050222083399200046e-05
6.050154277644794170e-05
6.050086471890390327e-05
6.050018666135987839e-05
6.049917533987689305e-05
6.049816401839386027e-05
6.049715269691089526e-05
6.049614137542792347e-05
6.049485377352522636e-05
6.049356617162253603e-05
6.049207897543804248e-05
6.049059177925357602e-05
6.048889249578867991e-05
6.048719321232372959e-05
6.048526853290697817e-05
6.048334385349019964e-05
6.048117959502429647e-05
6.047901533655843396e-05
6.047659637650411085e-05
6.047417741644984195e-05
6.047148762405703612e-05
6.046879783166427772e-05
6.046581999173880064e-05
6.046284215181334389e-05
6.045955788401850741e-05
6.045627361622367771e-05
6.045266328546495361e-05
6.044905295470620919e-05
6.044509557618574761e-05
6.044113819766529282e-05
6.043681133125807924e-05
6.043248446485089277e-05
6.042776410309978568e-05
6.042304374134867858e-05
6.041790418463625602e-05
6.041276462792381991e-05
6.040717835198521860e-05
6.040159207604661729e-05
6.039552958404141510e-05
6.038946709203619936e-05
6.038289675740215345e-05
6.037632642276812109e-05
6.036921431343119585e-05
6.036210220409421641e-05
6.035441189555670291e-05
6.034672158701919620e-05
6.033841395287335328e-05
6.033010631872753746e-05
6.032113930772133790e-05
6.031217229671513157e-05
6.030250068240702605e-05
6.029282906809892731e-05
6.028259886860676698e-05
6.027197929575517805e-05
6.026095700953029320e-05
6.024951816123227662e-05
6.023764837420704559e-05
6.022533271859352140e-05
6.021255569022107741e-05
6.019930118286326721e-05
6.018555246511359479e-05
6.017129214987816606e-05
6.015650216902293561e-05
6.014116373980611630e-05
6.012525733706938286e-05
6.010876265627716232e-05
6.009165858300085587e-05
6.007392315219435531e-05
6.005553351469508264e-05
6.003646589232336305e-05
6.001669554109742387e-05
5.999619670169687493e-05
5.997494255906045673e-05
5.995290518770290115e-05
5.993005550733328495e-05
5.990636322245764363e-05
5.988179677362504921e-05
5.985632327068584572e-05
5.982990843924038983e-05
5.980251654685504769e-05
5.977411034425684437e-05
5.974465098373608993e-05
5.971409795460040209e-05
5.968240899291366237e-05
5.964954001069774979e-05
5.961544499607347535e-05
5.958007593567897768e-05
5.954338270419223220e-05
5.950531297827433322e-05
5.946581212012386994e-05
5.942482307187917209e-05
5.938228623860833150e-05
5.933813936672073286e-05
5.929231741657457240e-05
5.924475242906386964e-05
5.919537338597404751e-05
5.914410606390252184e-05
5.909087288155272173e-05
5.903559274022606942e-05
5.897818085735721756e-05
5.891854859296623439e-05
5.885660326893611487e-05
5.879224798106815017e-05
5.872538140392245337e-05
5.865589758851834308e-05
5.858368575305026275e-05
5.850863006687655757e-05
5.843060942815595822e-05
5.834949723565314409e-05
5.826516115540762757e-05
5.817746288316638274e-05
5.808625790372908627e-05
5.799139524864815621e-05
5.789271725407490717e-05
5.779005932095862091e-05
5.768324968029675889e-05
5.757210916671589294e-05
5.745645100435329585e-05
5.733608060982355921e-05
0.000000000000000000e+00
8.982756797600126568e-05
6.050486634731414828e-05
6.050477731627824094e-05
6.050462670726686751e-05
6.050441263826735486e-05
6.050409947139072793e-05
6.050378630451406711e-05
6.050333419214962762e-05
6.050288207978515425e-05
6.050220403251121412e-05
6.050152598523719945e-05
6.050084793796323222e-05
6.050016989068924465e-05
6.049915858475412504e-05
6.049814727881899188e-05
6.049713597288386549e-05
6.049612466694873232e-05
6.049483708508011947e-05
6.049354950321143886e-05
6.049206233035834586e-05
6.049057515750525964e-05
6.048887590093214171e-05
6.048717664435898314e-05
6.048525199566642742e-05
6.048332734697387848e-05
6.048116312337248161e-05
6.047899889977114573e-05
6.047657997904034075e-05
6.047416105830949511e-05
6.047147131006057027e-05
6.046878156181166575e-05
6.046580377122461102e-05
6.046282598063756984e-05
6.045954176780124641e-05
6.045625755496487555e-05
6.045264728522544952e-05
6.044903701548601672e-05
6.044507970454809817e-05
6.044112239361015929e-05
6.043679560186951665e-05
6.043246881012889434e-05
6.042774853072350468e-05
6.042302825131814890e-05
6.041788878524811116e-05
6.041274931917808020e-05
6.040716314288590525e-05
6.040157696659371675e-05
6.039551458397361076e-05
6.038945220135353865e-05
6.038288198668714752e-05
6.037631177202075640e-05
6.036919979411134706e-05
6.036208781620193095e-05
6.035439765156231154e-05
6.034670748692267181e-05
6.033840001019708898e-05
6.033009253347154004e-05
6.032112569462279479e-05
6.031215885577408342e-05
6.030248742962731337e-05
6.029281600348054333e-05
6.028258600506254601e-05
6.027196664237950956e-05
6.026094457584127287e-05
6.024950595714824013e-05
6.023763641011350457e-05
6.022532100531716290e-05
6.021254423910430277e-05
6.019929000573543364e-05
6.018554157437408557e-05
6.017128155846444723e-05
6.015649189050336368e-05
6.014115378834453227e-05
6.012524772752873484e-05
6.010875340418015577e-05
6.009164970464608521e-05
6.007391466461245471e-05
6.005552543577895227e-05
6.003645824077930541e-05
6.001668833659134171e-05
5.999618996479987140e-05
5.997493631141318009e-05
5.995289945195484300e-05
5.993005030732788743e-05
5.990635858316440126e-05
5.988179272134850240e-05
5.985631983298939524e-05
5.982990564518271391e-05
5.980251442690447708e-05
5.977410893055924165e-05
5.974465031001856556e-05
5.971409805647542635e-05
5.968240990777046894e-05
5.964954177804829115e-05
5.961544765742981980e-05
5.958007953494770146e-05
5.954338728753545186e-05
5.950531859451786709e-05
5.946581882077004529e-05
5.942483091131824449e-05
5.938229527430518450e-05
5.933814965941517754e-05
5.929232903049685288e-05
5.924476543216599793e-05
5.919538785017881767e-05
5.914412206537126725e-05
5.909089050097388225e-05
5.903561206312586278e-05
5.897820197443463748e-05
5.891857160045462524e-05
5.885662826899317276e-05
5.879227508219727098e-05
5.872541072142828741e-05
5.865592924499917198e-05
5.858371987893110842e-05
5.850866680098640467e-05
5.843064891835306776e-05
5.834953963950339806e-05
5.826520664092032278e-05
5.817751162959334876e-05
5.808631010243269773e-05
5.799145110404530694e-05
5.789277698466386489e-05
5.779012316043715135e-05
5.768331787878004397e-05
5.757218199206457681e-05
5.745652874362206706e-05
5.733616357084242573e-05
0.000000000000000000e+00
8.982755113420014573e-05
6.050484950596225395e-05
6.050476047625072667e-05
6.050460986947255900e-05
6.050439580364843056e-05
6.050408264143493684e-05
6.050376947922141602e-05
6.050331737362787330e-05
6.050286526803430349e-05
6.050218723103039390e-05
6.050150919402645042e-05
6.050083115702254084e-05
6.050015312001861769e-05
6.049914182963135703e-05
6.049813053924408960e-05
6.049711924885684927e-05
6.049610795846958183e-05
6.049482039663496514e-05
6.049353283480034846e-05
6.049204568527863569e-05
6.049055853575692970e-05
6.048885930607558997e-05
6.048716007639423669e-05
6.048523545842585634e-05
6.048331084045750988e-05
6.048114665172068030e-05
6.047898246298384395e-05
6.047656358157651644e-05
6.047414470016916860e-05
6.047145499606410441e-05
6.046876529195902667e-05
6.046578755071043494e-05
6.046280980946183644e-05
6.045952565158394475e-05
6.045624149370608017e-05
6.045263128498595898e-05
6.044902107626585813e-05
6.044506383291041484e-05
6.044110658955501898e-05
6.043677987248094729e-05
6.043245315540690270e-05
6.042773295834725079e-05
6.042301276128758534e-05
6.041787338585997307e-05
6.041273401043233371e-05
6.040714793378656479e-05
6.040156185714076200e-05
6.039549958390583352e-05
6.038943731067087793e-05
6.038286721597210772e-05
6.037629712127335106e-05
6.036918527479148472e-05
6.036207342830964548e-05
6.035438340756789984e-05
6.034669338682618130e-05
6.033838606752084502e-05
6.033007874821554262e-05
6.032111208152428556e-05
6.031214541483303528e-05
6.030247417684759392e-05
6.029280293886217290e-05
6.028257314151835215e-05
6.027195398900383431e-05
6.026093214215228643e-05
6.024949375306420365e-05
6.023762444601997711e-05
6.022530929204079761e-05
6.021253278798754168e-05
6.019927882860759329e-05
6.018553068363456280e-05
6.017127096705074195e-05
6.015648161198383919e-05
6.014114383688298212e-05
6.012523811798809359e-05
6.010874415208314922e-05
6.009164082629132132e-05
6.007390617703054734e-05
6.005551735686282189e-05
6.003645058923524100e-05
6.001668113208525278e-05
5.999618322790284755e-05
5.997493006376590345e-05
5.995289371620675774e-05
5.993004510732248313e-05
5.990635394387115210e-05
5.988178866907196236e-05
5.985631639529295832e-05
5.982990285112502443e-05
5.980251230695391324e-05
5.977410751686164570e-05
5.974464963630104119e-05
5.971409815835044383e-05
5.968241082262724841e-05
5.964954354539886639e-05
5.961545031878616425e-05
5.958008313421641846e-05
5.954339187087869184e-05
5.950532421076139419e-05
5.946582552141624096e-05
5.942483875075734400e-05
5.938230431000199685e-05
5.933815995210962901e-05
5.929234064441914014e-05
5.924477843526817367e-05
5.919540231438358784e-05
5.914413806684005331e-05
5.909090812039506310e-05
5.903563138602562903e-05
5.897822309151207773e-05
5.891859460794303643e-05
5.885665326905021032e-05
5.879230218332641888e-05
5.872544003893408757e-05
5.865596090148001443e-05
5.858375400481197442e-05
5.850870353509625855e-05
5.843068840855017052e-05
5.834958204335365204e-05
5.826525212643303154e-05
5.817756037602032156e-05
5.808636230113631597e-05
5.799150695944243057e-05
5.789283671525282938e-05
5.779018699991565468e-05
5.768338607726336293e-05
5.757225481741329456e-05
5.745660648289083828e-05
5.733624653186128548e-05
0.000000000000000000e+00
8.982753429239905289e-05
6.050483266461033929e-05
6.050474363622325305e-05
6.050459303167824370e-05
6.050437896902953336e-05
6.050406581147915931e-05
6.050375265392881236e-05
6.050330055510611221e-05
6.050284845628345950e-05
6.050217042954957367e-05
6.050149240281573528e-05
6.050081437608184268e-05
6.050013634934799751e-05
6.049912507450858903e-05
6.049811379966920087e-05
6.049710252482980594e-05
6.049609124999041779e-05
6.049480370818982437e-05
6.049351616638925128e-05
6.049202904019893907e-05
6.049054191400862686e-05
6.048884271121905855e-05
6.048714350842949024e-05
6.048521892118530560e-05
6.048329433394112773e-05
6.048113018006884511e-05
6.047896602619657605e-05
6.047654718411269890e-05
6.047412834202883531e-05
6.047143868206760468e-05
6.046874902210641470e-05
6.046577133019623854e-05
6.046279363828607593e-05
6.045950953536667697e-05
6.045622543244729156e-05
6.045261528474646845e-05
6.044900513704567243e-05
6.044504796127275184e-05
6.044109078549985835e-05
6.043676414309237792e-05
6.043243750068488394e-05
6.042771738597098335e-05
6.042299727125706921e-05
6.041785798647184176e-05
6.041271870168660077e-05
6.040713272468723789e-05
6.040154674768786824e-05
6.039548458383806306e-05
6.038942241998822400e-05
6.038285244525708146e-05
6.037628247052593893e-05
6.036917075547165625e-05
6.036205904041736002e-05
6.035436916357352880e-05
6.034667928672968402e-05
6.033837212484460783e-05
6.033006496295954520e-05
6.032109846842574922e-05
6.031213197389198713e-05
6.030246092406788802e-05
6.029278987424380247e-05
6.028256027797415152e-05
6.027194133562816582e-05
6.026091970846326611e-05
6.024948154898017395e-05
6.023761248192641577e-05
6.022529757876443911e-05
6.021252133687076026e-05
6.019926765147977328e-05
6.018551979289506036e-05
6.017126037563704346e-05
6.015647133346429436e-05
6.014113388542140486e-05
6.012522850844745234e-05
6.010873489998614944e-05
6.009163194793655066e-05
6.007389768944868062e-05
6.005550927794667119e-05
6.003644293769116980e-05
6.001667392757915708e-05
5.999617649100584402e-05
5.997492381611862003e-05
5.995288798045870636e-05
5.993003990731707884e-05
5.990634930457790973e-05
5.988178461679540877e-05
5.985631295759652817e-05
5.982990005706736883e-05
5.980251018700333585e-05
5.977410610316402265e-05
5.974464896258354393e-05
5.971409826022545453e-05
5.968241173748405499e-05
5.964954531274940775e-05
5.961545298014252225e-05
5.958008673348510158e-05
5.954339645422191828e-05
5.950532982700494161e-05
5.946583222206241630e-05
5.942484659019645028e-05
5.938231334569882275e-05
5.933817024480404659e-05
5.929235225834141384e-05
5.924479143837030196e-05
5.919541677858837156e-05
5.914415406830883938e-05
5.909092573981623717e-05
5.903565070892541561e-05
5.897824420858951121e-05
5.891861761543144762e-05
5.885667826910725466e-05
5.879232928445553969e-05
5.872546935643992161e-05
5.865599255796084333e-05
5.858378813069284042e-05
5.850874026920607854e-05
5.843072789874730717e-05
5.834962444720389924e-05
5.826529761194576063e-05
5.817760912244729436e-05
5.808641449983991388e-05
5.799156281483957453e-05
5.789289644584178033e-05
5.779025083939415801e-05
5.768345427574665478e-05
5.757232764276201231e-05
5.745668422215961628e-05
5.733632949288013168e-05
0.000000000000000000e+00
8.982751745059793294e-05
6.050481582325845174e-05
6.050472679619573201e-05
6.050457619388391485e-05
6.050436213441063617e-05
6.050404898152339533e-05
6.050373582863614771e-05
6.050328373658439855e-05
6.050283164453260196e-05
6.050215362806881444e-05
6.050147561160497270e-05
6.050079759514115807e-05
6.050011957867737733e-05
6.049910831938582780e-05
6.049809706009431215e-05
6.049708580080277617e-05
6.049607454151124020e-05
6.049478701974469037e-05
6.049349949797812700e-05
6.049201239511924245e-05
6.049052529226035113e-05
6.048882611636253391e-05
6.048712694046470991e-05
6.048520238394474807e-05
6.048327782742479302e-05
6.048111370841700315e-05
6.047894958940928782e-05
6.047653078664888814e-05
6.047411198388849524e-05
6.047142236807116593e-05
6.046873275225380273e-05
6.046575510968205569e-05
6.046277746711030865e-05
6.045949341914939564e-05
6.045620937118849618e-05
6.045259928450699146e-05
6.044898919782548674e-05
6.044503208963508206e-05
6.044107498144469094e-05
6.043674841370379501e-05
6.043242184596289229e-05
6.042770181359470236e-05
6.042298178122650564e-05
6.041784258708369690e-05
6.041270339294086783e-05
6.040711751558791099e-05
6.040153163823494737e-05
6.039546958377025872e-05
6.038940752930556328e-05
6.038283767454206199e-05
6.037626781977854714e-05
6.036915623615180746e-05
6.036204465252506779e-05
6.035435491957911710e-05
6.034666518663317996e-05
6.033835818216835031e-05
6.033005117770352745e-05
6.032108485532721966e-05
6.031211853295093220e-05
6.030244767128817534e-05
6.029277680962544559e-05
6.028254741442992377e-05
6.027192868225250412e-05
6.026090727477423901e-05
6.024946934489613069e-05
6.023760051783287476e-05
6.022528586548805350e-05
6.021250988575399239e-05
6.019925647435194648e-05
6.018550890215555114e-05
6.017124978422331785e-05
6.015646105494473598e-05
6.014112393395984794e-05
6.012521889890677044e-05
6.010872564788914967e-05
6.009162306958176644e-05
6.007388920186677324e-05
6.005550119903054759e-05
6.003643528614711216e-05
6.001666672307306814e-05
5.999616975410883372e-05
5.997491756847137049e-05
5.995288224471062788e-05
5.993003470731166776e-05
5.990634466528464702e-05
5.988178056451886195e-05
5.985630951990008448e-05
5.982989726300970646e-05
5.980250806705277202e-05
5.977410468946644026e-05
5.974464828886602634e-05
5.971409836210049235e-05
5.968241265234088189e-05
5.964954708009994911e-05
5.961545564149885992e-05
5.958009033275381180e-05
5.954340103756513794e-05
5.950533544324845516e-05
5.946583892270861874e-05
5.942485442963552268e-05
5.938232238139566898e-05
5.933818053749849805e-05
5.929236387226367400e-05
5.924480444147243704e-05
5.919543124279315528e-05
5.914417006977762544e-05
5.909094335923739769e-05
5.903567003182518864e-05
5.897826532566694468e-05
5.891864062291981137e-05
5.885670326916427866e-05
5.879235638558466049e-05
5.872549867394572177e-05
5.865602421444165868e-05
5.858382225657369287e-05
5.850877700331589854e-05
5.843076738894440315e-05
5.834966685105415321e-05
5.826534309745848295e-05
5.817765786887425360e-05
5.808646669854354566e-05
5.799161867023671849e-05
5.789295617643074482e-05
5.779031467887266811e-05
5.768352247422994664e-05
5.757240046811071651e-05
5.745676196142839427e-05
5.733641245389899821e-05
0.000000000000000000e+00
8.982750060879682655e-05
6.050479898190653708e-05
6.050470995616829227e-05
6.050455935608961989e-05
6.050434529979171187e-05
6.050403215156761779e-05
6.050371900334352372e-05
6.050326691806262391e-05
6.050281483278175797e-05
6.050213682658799421e-05
6.050145882039424401e-05
6.050078081420048702e-05
6.050010280800673681e-05
6.049909156426308012e-05
6.049808032051939632e-05
6.049706907677575318e-05
6.049605783303208971e-05
6.049477033129958348e-05
6.049348282956704337e-05
6.049199575003954584e-05
6.049050867051200086e-05
6.048880952150600249e-05
6.048711037249997023e-05
6.048518584670417700e-05
6.048326132090842442e-05
6.048109723676520184e-05
6.047893315262197926e-05
6.047651438918508416e-05
6.047409562574816873e-05
6.047140605407467975e-05
6.046871648240117721e-05
6.046573888916786607e-05
6.046276129593454137e-05
6.045947730293213464e-05
6.045619330992968725e-05
6.045258328426750093e-05
6.044897325860531460e-05
6.044501621799743262e-05
6.044105917738955741e-05
6.043673268431522564e-05
6.043240619124088032e-05
6.042768624121843492e-05
6.042296629119595563e-05
6.041782718769556559e-05
6.041268808419515522e-05
6.040710230648859764e-05
6.040151652878204006e-05
6.039545458370248148e-05
6.038939263862290935e-05
6.038282290382702218e-05
6.037625316903114857e-05
6.036914171683196545e-05
6.036203026463278910e-05
6.035434067558473928e-05
6.034665108653667590e-05
6.033834423949209957e-05
6.033003739244751647e-05
6.032107124222869010e-05
6.031210509200989761e-05
6.030243441850847622e-05
6.029276374500706838e-05
6.028253455088572314e-05
6.027191602887682886e-05
6.026089484108523901e-05
6.024945714081210099e-05
6.023758855373934052e-05
6.022527415221169499e-05
6.021249843463721097e-05
6.019924529722409936e-05
6.018549801141602159e-05
6.017123919280961935e-05
6.015645077642521149e-05
6.014111398249825713e-05
6.012520928936614274e-05
6.010871639579214989e-05
6.009161419122698901e-05
6.007388071428489297e-05
6.005549312011441044e-05
6.003642763460304097e-05
6.001665951856699277e-05
5.999616301721182342e-05
5.997491132082408030e-05
5.995287650896254940e-05
5.993002950730624313e-05
5.990634002599142498e-05
5.988177651224232191e-05
5.985630608220365433e-05
5.982989446895200342e-05
5.980250594710219463e-05
5.977410327576886465e-05
5.974464761514851552e-05
5.971409846397553016e-05
5.968241356719767492e-05
5.964954884745049047e-05
5.961545830285521792e-05
5.958009393202250170e-05
5.954340562090835759e-05
5.950534105949198903e-05
5.946584562335480086e-05
5.942486226907463574e-05
5.938233141709247455e-05
5.933819083019294951e-05
5.929237548618595448e-05
5.924481744457457211e-05
5.919544570699794577e-05
5.914418607124639795e-05
5.909096097865858531e-05
5.903568935472496167e-05
5.897828644274439171e-05
5.891866363040822933e-05
5.885672826922130267e-05
5.879238348671377452e-05
5.872552799145154903e-05
5.865605587092250791e-05
5.858385638245458598e-05
5.850881373742573886e-05
5.843080687914151269e-05
5.834970925490440041e-05
5.826538858297119171e-05
5.817770661530123318e-05
5.808651889724716390e-05
5.799167452563384889e-05
5.789301590701969577e-05
5.779037851835116467e-05
5.768359067271324527e-05
5.757247329345944103e-05
5.745683970069717227e-05
5.733649541491787151e-05
0.000000000000000000e+00
8.982748377273109543e-05
6.050478214624521338e-05
6.050469312178655075e-05
6.050454252389628624e-05
6.050432847072896456e-05
6.050401532712320582e-05
6.050370218351739965e-05
6.050325010496263262e-05
6.050279802640779104e-05
6.050212003043930060e-05
6.050144203447080339e-05
6.050076403850231972e-05
6.050008604253380218e-05
6.049907481429319300e-05
6.049806358605259738e-05
6.049705235781198821e-05
6.049604112957138581e-05
6.049475364782809142e-05
6.049346616608477671e-05
6.049197910984386152e-05
6.049049205360294634e-05
6.048879293144389439e-05
6.048709380928481535e-05
6.048516931416844704e-05
6.048324481905207874e-05
6.048108076972856458e-05
6.047891672040506397e-05
6.047649799624682813e-05
6.047407927208859908e-05
6.047138974451416610e-05
6.046870021693970601e-05
6.046572267300003289e-05
6.046274512906033943e-05
6.045946119097158012e-05
6.045617725288281402e-05
6.045256728819510078e-05
6.044895732350741464e-05
6.044500035043725748e-05
6.044104337736711386e-05
6.043671695891453483e-05
6.043239054046195579e-05
6.042767067274043671e-05
6.042295080501889731e-05
6.041781179211607388e-05
6.041267277921325045e-05
6.040708710110829425e-05
6.040150142300334483e-05
6.039543958726410489e-05
6.038937775152488529e-05
6.038280813665180760e-05
6.037623852177872313e-05
6.036912720096232579e-05
6.036201588014588780e-05
6.035432643495093418e-05
6.034663698975596024e-05
6.033833030008681225e-05
6.033002361041768459e-05
6.032105763231154175e-05
6.031209165420535825e-05
6.030242116882050156e-05
6.029275068343561099e-05
6.028252169034363766e-05
6.027190337845846410e-05
6.026088241030875164e-05
6.024944493959575893e-05
6.023757659246866216e-05
6.022526244171340126e-05
6.021248698625372356e-05
6.019923412278472126e-05
6.018548712332016319e-05
6.017122860399473991e-05
6.015644050045970139e-05
6.014110403354593027e-05
6.012519968228993369e-05
6.010870714611477766e-05
6.009160531524700735e-05
6.007387222903301738e-05
6.005548504348345976e-05
6.003641998529938548e-05
6.001665231625646067e-05
5.999615628246558562e-05
5.997490507528277829e-05
5.995287077527564090e-05
5.993002430931721093e-05
5.990633538866971616e-05
5.988177246189251078e-05
5.985630264638913488e-05
5.982989167673146065e-05
5.980250382894393218e-05
5.977410186381875188e-05
5.974464694313369001e-05
5.971409856750844861e-05
5.968241448366754393e-05
5.964955061636931672e-05
5.961546096573501550e-05
5.958009753276988072e-05
5.954341020568543462e-05
5.950534667712455530e-05
5.946585232534519716e-05
5.942487010981313122e-05
5.938234045404393243e-05
5.933820112409718764e-05
5.929238710127319664e-05
5.924483044879692519e-05
5.919546017227810220e-05
5.914420207374575884e-05
5.909097859906552278e-05
5.903570867856572054e-05
5.897830756071797926e-05
5.891868663874796284e-05
5.885675327008489178e-05
5.879241058860462866e-05
5.872555730967429143e-05
5.865608752807544051e-05
5.858389050896275780e-05
5.850885047211810069e-05
5.843084636987633230e-05
5.834975165924754625e-05
5.826543406893198768e-05
5.817775536213148175e-05
5.808657109630923970e-05
5.799173038134463899e-05
5.789307563787746786e-05
5.779044235805373193e-05
5.768365887137576930e-05
5.757254611894256597e-05
5.745691744005554602e-05
5.733657837598153591e-05
0.000000000000000000e+00
8.982746693666537787e-05
6.050476531058389645e-05
6.050467628740480923e-05
6.050452569170291194e-05
6.050431164166622403e-05
6.050399850267878030e-05
6.050368536369132979e-05
6.050323329186260067e-05
6.050278122003388510e-05
6.050210323429064087e-05
6.050142524854737632e-05
6.050074726280412531e-05
6.050006927706086076e-05
6.049905806432331266e-05
6.049804685158579844e-05
6.049703563884823679e-05
6.049602442611068869e-05
6.049473696435661292e-05
6.049344950260254392e-05
6.049196246964821786e-05
6.049047543669388503e-05
6.048877634138177952e-05
6.048707724606967401e-05
6.048515278163268998e-05
6.048322831719572627e-05
6.048106430269194086e-05
6.047890028818818934e-05
6.047648160330860599e-05
6.047406291842903620e-05
6.047137343495364567e-05
6.046868395147826192e-05
6.046570645683217938e-05
6.046272896218611039e-05
6.045944507901103237e-05
6.045616119583594757e-05
6.045255129212274129e-05
6.044894138840953502e-05
6.044498448287710944e-05
6.044102757734463643e-05
6.043670123351384401e-05
6.043237488968304481e-05
6.042765510426241141e-05
6.042293531884180511e-05
6.041779639653660250e-05
6.041265747423137279e-05
6.040707189572801797e-05
6.040148631722465637e-05
6.039542459082576219e-05
6.038936286442684768e-05
6.038279336947658624e-05
6.037622387452635869e-05
6.036911268509267937e-05
6.036200149565897294e-05
6.035431219431710876e-05
6.034662289297521747e-05
6.033831636068150459e-05
6.033000982838783915e-05
6.032104402239436630e-05
6.031207821640086633e-05
6.030240791913252013e-05
6.029273762186417393e-05
6.028250882980156573e-05
6.027189072804011968e-05
6.026086997953223039e-05
6.024943273837941686e-05
6.023756463119803802e-05
6.022525073121512109e-05
6.021247553787023615e-05
6.019922294834535671e-05
6.018547623522431834e-05
6.017121801517988757e-05
6.015643022449421840e-05
6.014109408459359664e-05
6.012519007521372464e-05
6.010869789643737154e-05
6.009159643926705957e-05
6.007386374378111468e-05
6.005547696685250908e-05
6.003641233599570288e-05
6.001664511394598278e-05
5.999614954771934105e-05
5.997489882974144239e-05
5.995286504158871206e-05
5.993001911132813807e-05
5.990633075134799379e-05
5.988176841154267932e-05
5.985629921057462221e-05
5.982988888451089076e-05
5.980250171078568328e-05
5.977410045186864589e-05
5.974464627111887805e-05
5.971409867104133319e-05
5.968241540013740617e-05
5.964955238528812942e-05
5.961546362861483341e-05
5.958010113351722587e-05
5.954341479046250488e-05
5.950535229475712156e-05
5.946585902733563412e-05
5.942487795055164025e-05
5.938234949099538353e-05
5.933821141800141899e-05
5.929239871636050657e-05
5.924484345301927150e-05
5.919547463755826539e-05
5.914421807624510618e-05
5.909099621947248735e-05
5.903572800240646586e-05
5.897832867869157359e-05
5.891870964708770313e-05
5.885677827094845378e-05
5.879243769049548958e-05
5.872558662789702705e-05
5.865611918522838666e-05
5.858392463547092962e-05
5.850888720681041508e-05
5.843088586061113835e-05
5.834979406359068531e-05
5.826547955489278364e-05
5.817780410896172355e-05
5.808662329537130873e-05
5.799178623705545619e-05
5.789313536873528062e-05
5.779050619775627208e-05
5.768372707003832043e-05
5.757261894442569769e-05
5.745699517941394688e-05
5.733666133704519354e-05
0.000000000000000000e+00
8.982745010059963321e-05
6.050474847492259308e-05
6.050465945302308803e-05
6.050450885950958506e-05
6.050429481260349027e-05
6.050398167823436155e-05
6.050366854386520572e-05
6.050321647876259583e-05
6.050276441365995883e-05
6.050208643814196081e-05
6.050140846262392892e-05
6.050073048710595801e-05
6.050005251158793290e-05
6.049904131435346620e-05
6.049803011711895885e-05
6.049701891988447860e-05
6.049600772264999835e-05
6.049472028088512086e-05
6.049343283912027725e-05
6.049194582945254710e-05
6.049045881978479662e-05
6.048875975131967142e-05
6.048706068285456656e-05
6.048513624909697357e-05
6.048321181533936026e-05
6.048104783565531715e-05
6.047888385597128083e-05
6.047646521037037030e-05
6.047404656476949365e-05
6.047135712539310491e-05
6.046866768601677716e-05
6.046569024066432587e-05
6.046271279531188812e-05
6.045942896705048462e-05
6.045614513878905401e-05
6.045253529605035470e-05
6.044892545331166216e-05
6.044496861531692753e-05
6.044101177732219289e-05
6.043668550811315320e-05
6.043235923890412028e-05
6.042763953578442676e-05
6.042291983266473323e-05
6.041778100095711079e-05
6.041264216924948835e-05
6.040705669034772136e-05
6.040147121144596792e-05
6.039540959438739916e-05
6.038934797732880329e-05
6.038277860230138521e-05
6.037620922727394003e-05
6.036909816922300583e-05
6.036198711117209196e-05
6.035429795368329689e-05
6.034660879619449503e-05
6.033830242127623760e-05
6.032999604635798694e-05
6.032103041247717729e-05
6.031206477859634053e-05
6.030239466944455225e-05
6.029272456029271653e-05
6.028249596925943960e-05
6.027187807762176170e-05
6.026085754875570914e-05
6.024942053716307480e-05
6.023755266992737999e-05
6.022523902071682058e-05
6.021246408948673518e-05
6.019921177390599216e-05
6.018546534712843283e-05
6.017120742636504200e-05
6.015641994852869475e-05
6.014108413564126979e-05
6.012518046813745460e-05
6.010868864675999253e-05
6.009158756328707114e-05
6.007385525852923909e-05
6.005546889022155162e-05
6.003640468669202705e-05
6.001663791163546423e-05
5.999614281297310325e-05
5.997489258420014716e-05
5.995285930790181033e-05
5.993001391333909909e-05
5.990632611402631208e-05
5.988176436119287496e-05
5.985629577476012309e-05
5.982988609229032088e-05
5.980249959262740728e-05
5.977409903991854668e-05
5.974464559910407286e-05
5.971409877457425165e-05
5.968241631660730229e-05
5.964955415420693534e-05
5.961546629149463777e-05
5.958010473426459812e-05
5.954341937523956836e-05
5.950535791238967427e-05
5.946586572932603042e-05
5.942488579129016961e-05
5.938235852794681430e-05
5.933822171190567744e-05
5.929241033144776906e-05
5.924485645724158393e-05
5.919548910283842859e-05
5.914423407874444674e-05
5.909101383987943159e-05
5.903574732624721795e-05
5.897834979666516115e-05
5.891873265542745696e-05
5.885680327181204966e-05
5.879246479238633017e-05
5.872561594611976267e-05
5.865615084238133282e-05
5.858395876197908112e-05
5.850892394150275657e-05
5.843092535134591730e-05
5.834983646793383115e-05
5.826552504085356606e-05
5.817785285579196535e-05
5.808667549443338453e-05
5.799184209276623273e-05
5.789319509959309337e-05
5.779057003745881224e-05
5.768379526870083768e-05
5.757269176990883618e-05
5.745707291877232741e-05
5.733674429810886472e-05
0.000000000000000000e+00
8.982743326453392920e-05
6.050473163926128292e-05
6.050464261864138717e-05
6.050449202731625142e-05
6.050427798354071586e-05
6.050396485378991570e-05
6.050365172403914942e-05
6.050319966566259099e-05
6.050274760728602578e-05
6.050206964199327398e-05
6.050139167670053574e-05
6.050071371140775683e-05
6.050003574611499826e-05
6.049902456438356553e-05
6.049801338265214636e-05
6.049700220092074074e-05
6.049599101918930123e-05
6.049470359741368979e-05
6.049341617563802414e-05
6.049192918925690344e-05
6.049044220287572176e-05
6.048874316125758366e-05
6.048704411963942522e-05
6.048511971656120973e-05
6.048319531348300779e-05
6.048103136861870022e-05
6.047886742375438587e-05
6.047644881743216171e-05
6.047403021110991044e-05
6.047134081583262514e-05
6.046865142055534662e-05
6.046567402449653334e-05
6.046269662843769296e-05
6.045941285508995720e-05
6.045612908174220111e-05
6.045251929997802232e-05
6.044890951821378254e-05
6.044495274775675916e-05
6.044099597729972223e-05
6.043666978271246238e-05
6.043234358812520253e-05
6.042762396730643533e-05
6.042290434648766136e-05
6.041776560537763941e-05
6.041262686426760391e-05
6.040704148496743830e-05
6.040145610566727947e-05
6.039539459794902935e-05
6.038933309023077246e-05
6.038276383512615030e-05
6.037619458002152137e-05
6.036908365335337973e-05
6.036197272668519066e-05
6.035428371304947146e-05
6.034659469941377937e-05
6.033828848187097060e-05
6.032998226432814150e-05
6.032101680255997473e-05
6.031205134079182151e-05
6.030238141975655049e-05
6.029271149872128625e-05
6.028248310871738800e-05
6.027186542720336984e-05
6.026084511797921500e-05
6.024940833594673274e-05
6.023754070865671519e-05
6.022522731021855396e-05
6.021245264110322744e-05
6.019920059946662084e-05
6.018545445903258797e-05
6.017119683755016256e-05
6.015640967256317788e-05
6.014107418668892261e-05
6.012517086106124555e-05
6.010867939708259997e-05
6.009157868730710981e-05
6.007384677327733640e-05
6.005546081359062127e-05
6.003639703738833768e-05
6.001663070932496602e-05
5.999613607822685190e-05
5.997488633865882482e-05
5.995285357421488827e-05
5.993000871535004656e-05
5.990632147670458971e-05
5.988176031084306382e-05
5.985629233894558331e-05
5.982988330006977810e-05
5.980249747446915161e-05
5.977409762796844070e-05
5.974464492708923379e-05
5.971409887810715656e-05
5.968241723307719164e-05
5.964955592312574126e-05
5.961546895437446923e-05
5.958010833501195004e-05
5.954342396001664539e-05
5.950536353002223376e-05
5.946587243131645382e-05
5.942489363202865154e-05
5.938236756489829928e-05
5.933823200580992912e-05
5.929242194653504511e-05
5.924486946146392347e-05
5.919550356811859179e-05
5.914425008124380763e-05
5.909103146028636227e-05
5.903576665008795649e-05
5.897837091463874870e-05
5.891875566376719047e-05
5.885682827267559812e-05
5.879249189427717076e-05
5.872564526434249829e-05
5.865618249953427897e-05
5.858399288848725972e-05
5.850896067619509129e-05
5.843096484208071658e-05
5.834987887227695665e-05
5.826557052681439591e-05
5.817790160262219359e-05
5.808672769349546711e-05
5.799189794847702960e-05
5.789325483045089935e-05
5.779063387716134562e-05
5.768386346736337526e-05
5.757276459539197467e-05
5.745715065813071471e-05
5.733682725917252235e-05
0.000000000000000000e+00
8.982741642846819809e-05
6.050471480359995245e-05
6.050462578425965242e-05
6.050447519512292454e-05
6.050426115447800243e-05
6.050394802934549017e-05
6.050363490421303212e-05
6.050318285256254549e-05
6.050273080091209951e-05
6.050205284584458037e-05
6.050137489077707479e-05
6.050069693570957598e-05
6.050001898064207039e-05
6.049900781441368519e-05
6.049799664818533387e-05
6.049698548195695544e-05
6.049597431572859056e-05
6.049468691394217063e-05
6.049339951215576425e-05
6.049191254906121913e-05
6.049042558596667401e-05
6.048872657119546878e-05
6.048702755642427711e-05
6.048510318402544589e-05
6.048317881162664856e-05
6.048101490158203585e-05
6.047885099153745025e-05
6.047643242449389213e-05
6.047401385745035434e-05
6.047132450627210471e-05
6.046863515509384832e-05
6.046565780832865951e-05
6.046268046156347070e-05
6.045939674312938913e-05
6.045611302469534821e-05
6.045250330390562895e-05
6.044889358311591646e-05
6.044493688019659757e-05
6.044098017727727868e-05
6.043665405731177157e-05
6.043232793734629155e-05
6.042760839882843713e-05
6.042288886031058271e-05
6.041775020979814770e-05
6.041261155928571948e-05
6.040702627958716202e-05
6.040144099988859779e-05
6.039537960151067310e-05
6.038931820313272808e-05
6.038274906795092217e-05
6.037617993276913659e-05
6.036906913748372653e-05
6.036195834219830291e-05
6.035426947241567314e-05
6.034658060263303661e-05
6.033827454246566972e-05
6.032996848229830962e-05
6.032100319264281283e-05
6.031203790298730926e-05
6.030236817006857583e-05
6.029269843714984240e-05
6.028247024817529574e-05
6.027185277678503896e-05
6.026083268720270052e-05
6.024939613473039067e-05
6.023752874738606393e-05
6.022521559972025346e-05
6.021244119271974002e-05
6.019918942502726307e-05
6.018544357093671602e-05
6.017118624873529667e-05
6.015639939659768811e-05
6.014106423773658220e-05
6.012516125398502295e-05
6.010867014740521418e-05
6.009156981132713493e-05
6.007383828802548113e-05
6.005545273695967736e-05
6.003638938808466185e-05
6.001662350701442037e-05
5.999612934348064121e-05
5.997488009311750248e-05
5.995284784052797299e-05
5.993000351736097370e-05
5.990631683938289444e-05
5.988175626049324591e-05
5.985628890313108419e-05
5.982988050784922854e-05
5.980249535631088916e-05
5.977409621601834148e-05
5.974464425507441506e-05
5.971409898164006824e-05
5.968241814954704710e-05
5.964955769204456751e-05
5.961547161725426003e-05
5.958011193575933585e-05
5.954342854479372242e-05
5.950536914765481357e-05
5.946587913330687723e-05
5.942490147276720123e-05
5.938237660184972328e-05
5.933824229971418080e-05
5.929243356162232115e-05
5.924488246568626978e-05
5.919551803339876176e-05
5.914426608374316174e-05
5.909104908069331329e-05
5.903578597392869503e-05
5.897839203261234304e-05
5.891877867210693076e-05
5.885685327353920078e-05
5.879251899616802491e-05
5.872567458256525424e-05
5.865621415668719125e-05
5.858402701499544510e-05
5.850899741088742601e-05
5.843100433281553618e-05
5.834992127662009571e-05
5.826561601277518510e-05
5.817795034945242861e-05
5.808677989255754291e-05
5.799195380418781969e-05
5.789331456130868500e-05
5.779069771686389933e-05
5.768393166602588573e-05
5.757283742087509961e-05
5.745722839748911557e-05
5.733691022023617998e-05
0.000000000000000000e+00
8.982739959240248053e-05
6.050469796793863552e-05
6.050460894987793800e-05
6.050445836292955702e-05
6.050424432541520769e-05
6.050393120490108498e-05
6.050361808438690806e-05
6.050316603946254742e-05
6.050271399453818001e-05
6.050203604969591387e-05
6.050135810485363417e-05
6.050068016001138157e-05
6.050000221516913575e-05
6.049899106444381840e-05
6.049797991371851460e-05
6.049696876299319725e-05
6.049595761226787989e-05
6.049467023047071923e-05
6.049338284867352469e-05
6.049189590886556870e-05
6.049040896905759238e-05
6.048870998113334713e-05
6.048701099320912222e-05
6.048508665148972949e-05
6.048316230977030965e-05
6.048099843454543924e-05
6.047883455932056207e-05
6.047641603155568354e-05
6.047399750379079146e-05
6.047130819671161139e-05
6.046861888963241778e-05
6.046564159216083310e-05
6.046266429468926198e-05
6.045938063116886848e-05
6.045609696764845466e-05
6.045248730783324236e-05
6.044887764801801651e-05
6.044492101263642243e-05
6.044096437725482158e-05
6.043663833191108075e-05
6.043231228656736702e-05
6.042759283035043215e-05
6.042287337413347696e-05
6.041773481421866277e-05
6.041259625430382148e-05
6.040701107420687896e-05
6.040142589410992966e-05
6.039536460507229651e-05
6.038930331603468369e-05
6.038273430077572114e-05
6.037616528551675182e-05
6.036905462161407332e-05
6.036194395771141515e-05
6.035425523178184772e-05
6.034656650585230739e-05
6.033826060306037562e-05
6.032995470026845063e-05
6.032098958272563737e-05
6.031202446518280378e-05
6.030235492038060117e-05
6.029268537557840534e-05
6.028245738763319671e-05
6.027184012636664710e-05
6.026082025642619960e-05
6.024938393351404861e-05
6.023751678611541268e-05
6.022520388922196651e-05
6.021242974433622551e-05
6.019917825058787142e-05
6.018543268284088472e-05
6.017117565992045111e-05
6.015638912063217802e-05
6.014105428878424180e-05
6.012515164690880034e-05
6.010866089772783517e-05
6.009156093534718038e-05
6.007382980277357166e-05
6.005544466032873346e-05
6.003638173878099958e-05
6.001661630470393570e-05
5.999612260873438986e-05
5.997487384757620724e-05
5.995284210684105771e-05
5.992999831937192794e-05
5.990631220206117208e-05
5.988175221014342122e-05
5.985628546731656474e-05
5.982987771562865866e-05
5.980249323815263349e-05
5.977409480406824227e-05
5.974464358305960987e-05
5.971409908517296637e-05
5.968241906601693645e-05
5.964955946096337343e-05
5.961547428013407794e-05
5.958011553650666066e-05
5.954343312957079945e-05
5.950537476528737984e-05
5.946588583529729385e-05
5.942490931350570348e-05
5.938238563880118793e-05
5.933825259361841893e-05
5.929244517670960397e-05
5.924489546990862286e-05
5.919553249867891818e-05
5.914428208624251585e-05
5.909106670110025753e-05
5.903580529776944035e-05
5.897841315058594415e-05
5.891880168044667104e-05
5.885687827440276956e-05
5.879254609805889938e-05
5.872570390078798308e-05
5.865624581384015773e-05
5.858406114150362370e-05
5.850903414557977428e-05
5.843104382355032191e-05
5.834996368096323477e-05
5.826566149873597429e-05
5.817799909628268396e-05
5.808683209161963904e-05
5.799200965989862334e-05
5.789337429216649775e-05
5.779076155656645303e-05
5.768399986468842331e-05
5.757291024635823810e-05
5.745730613684750965e-05
5.733699318129987149e-05
0.000000000000000000e+00
8.982738275633674941e-05
6.050468113227732537e-05
6.050459211549620326e-05
6.050444153073623692e-05
6.050422749635246715e-05
6.050391438045665945e-05
6.050360126456082464e-05
6.050314922636252225e-05
6.050269718816424019e-05
6.050201925354723381e-05
6.050134131893020710e-05
6.050066338431320749e-05
6.049998544969620789e-05
6.049897431447395839e-05
6.049796317925168856e-05
6.049695204402943905e-05
6.049594090880718278e-05
6.049465354699922717e-05
6.049336618519128513e-05
6.049187926866989116e-05
6.049039235214853107e-05
6.048869339107125937e-05
6.048699442999398766e-05
6.048507011895397242e-05
6.048314580791395041e-05
6.048098196750880198e-05
6.047881812710366711e-05
6.047639963861746140e-05
6.047398115013124213e-05
6.047129188715107741e-05
6.046860262417093980e-05
6.046562537599299315e-05
6.046264812781506004e-05
6.045936451920830041e-05
6.045608091060160176e-05
6.045247131176086254e-05
6.044886171292017754e-05
6.044490514507626084e-05
6.044094857723237126e-05
6.043662260651039671e-05
6.043229663578842894e-05
6.042757726187241362e-05
6.042285788795641864e-05
6.041771941863921172e-05
6.041258094932193705e-05
6.040699586882658913e-05
6.040141078833123443e-05
6.039534960863396059e-05
6.038928842893665286e-05
6.038271953360050656e-05
6.037615063826433994e-05
6.036904010574442012e-05
6.036192957322448674e-05
6.035424099114804940e-05
6.034655240907159173e-05
6.033824666365510863e-05
6.032994091823859842e-05
6.032097597280845514e-05
6.031201102737828476e-05
6.030234167069261974e-05
6.029267231400696150e-05
6.028244452709111123e-05
6.027182747594830945e-05
6.026080782564967157e-05
6.024937173229771332e-05
6.023750482484474788e-05
6.022519217872368633e-05
6.021241829595273809e-05
6.019916707614852042e-05
6.018542179474501276e-05
6.017116507110557166e-05
6.015637884466668148e-05
6.014104433983190817e-05
6.012514203983257774e-05
6.010865164805045616e-05
6.009155205936720550e-05
6.007382131752166219e-05
6.005543658369778278e-05
6.003637408947733054e-05
6.001660910239341716e-05
5.999611587398813852e-05
5.997486760203489168e-05
5.995283637315412887e-05
5.992999312138287541e-05
5.990630756473947004e-05
5.988174815979362364e-05
5.985628203150205885e-05
5.982987492340810910e-05
5.980249111999436426e-05
5.977409339211814306e-05
5.974464291104475725e-05
5.971409918870587805e-05
5.968241998248682579e-05
5.964956122988221323e-05
5.961547694301387552e-05
5.958011913725403969e-05
5.954343771434787648e-05
5.950538038291995288e-05
5.946589253728770371e-05
5.942491715424422607e-05
5.938239467575262548e-05
5.933826288752266383e-05
5.929245679179687324e-05
5.924490847413094885e-05
5.919554696395906105e-05
5.914429808874187674e-05
5.909108432150722210e-05
5.903582462161020600e-05
5.897843426855952492e-05
5.891882468878641133e-05
5.885690327526637222e-05
5.879257319994973997e-05
5.872573321901071870e-05
5.865627747099308356e-05
5.858409526801180230e-05
5.850907088027210222e-05
5.843108331428513474e-05
5.835000608530638061e-05
5.826570698469677703e-05
5.817804784311290543e-05
5.808688429068169451e-05
5.799206551560938633e-05
5.789343402302431050e-05
5.779082539626899319e-05
5.768406806335095411e-05
5.757298307184136981e-05
5.745738387620589696e-05
5.733707614236351557e-05
0.000000000000000000e+00
8.982736592027103185e-05
6.050466429661598811e-05
6.050457528111450239e-05
6.050442469854288294e-05
6.050421066728972662e-05
6.050389755601224070e-05
6.050358444473473446e-05
6.050313241326251063e-05
6.050268038179032747e-05
6.050200245739856053e-05
6.050132453300679358e-05
6.050064660861504019e-05
6.049996868422327325e-05
6.049895756450406449e-05
6.049794644478488284e-05
6.049693532506570119e-05
6.049592420534649243e-05
6.049463686352774867e-05
6.049334952170904556e-05
6.049186262847422717e-05
6.049037573523944266e-05
6.048867680100915127e-05
6.048697786677885310e-05
6.048505358641822214e-05
6.048312930605762505e-05
6.048096550047216472e-05
6.047880169488677215e-05
6.047638324567921215e-05
6.047396479647165892e-05
6.047127557759058409e-05
6.046858635870946860e-05
6.046560915982514641e-05
6.046263196094081745e-05
6.045934840724777299e-05
6.045606485355470820e-05
6.045245531568853016e-05
6.044884577782231146e-05
6.044488927751609926e-05
6.044093277720990738e-05
6.043660688110971267e-05
6.043228098500951796e-05
6.042756169339442898e-05
6.042284240177933999e-05
6.041770402305969291e-05
6.041256564434005938e-05
6.040698066344629929e-05
6.040139568255253243e-05
6.039533461219557723e-05
6.038927354183861525e-05
6.038270476642527843e-05
6.037613599101194161e-05
6.036902558987476691e-05
6.036191518873761932e-05
6.035422675051422398e-05
6.034653831229086252e-05
6.033823272424980097e-05
6.032992713620874620e-05
6.032096236289125936e-05
6.031199758957379284e-05
6.030232842100464508e-05
6.029265925243552444e-05
6.028243166654901898e-05
6.027181482552994470e-05
6.026079539487316387e-05
6.024935953108137126e-05
6.023749286357409663e-05
6.022518046822539261e-05
6.021240684756923035e-05
6.019915590170912199e-05
6.018541090664914080e-05
6.017115448229071932e-05
6.015636856870117816e-05
6.014103439087958131e-05
6.012513243275636191e-05
6.010864239837307037e-05
6.009154318338723739e-05
6.007381283226980015e-05
6.005542850706684565e-05
6.003636644017364116e-05
6.001660190008291216e-05
5.999610913924192105e-05
5.997486135649358289e-05
5.995283063946721359e-05
5.992998792339380255e-05
5.990630292741775444e-05
5.988174410944379218e-05
5.985627859568755295e-05
5.982987213118754600e-05
5.980248900183610859e-05
5.977409198016804385e-05
5.974464223902995207e-05
5.971409929223878973e-05
5.968242089895668803e-05
5.964956299880101238e-05
5.961547960589370698e-05
5.958012273800140517e-05
5.954344229912494674e-05
5.950538600055250559e-05
5.946589923927811356e-05
5.942492499498274188e-05
5.938240371270407658e-05
5.933827318142690873e-05
5.929246840688413573e-05
5.924492147835327483e-05
5.919556142923923780e-05
5.914431409124121730e-05
5.909110194191416634e-05
5.903584394545093776e-05
5.897845538653311248e-05
5.891884769712615839e-05
5.885692827612993422e-05
5.879260030184058734e-05
5.872576253723346787e-05
5.865630912814603649e-05
5.858412939451996057e-05
5.850910761496445049e-05
5.843112280501994756e-05
5.835004848964951967e-05
5.826575247065757300e-05
5.817809658994316078e-05
5.808693648974376354e-05
5.799212137132021030e-05
5.789349375388206905e-05
5.779088923597154012e-05
5.768413626201345781e-05
5.757305589732450153e-05
5.745746161556427749e-05
5.733715910342721385e-05
0.000000000000000000e+00
8.982734908420531429e-05
6.050464746095469829e-05
6.050455844673278120e-05
6.050440786634954252e-05
6.050419383822696576e-05
6.050388073156778807e-05
6.050356762490863749e-05
6.050311560016251257e-05
6.050266357541638087e-05
6.050198566124986692e-05
6.050130774708335974e-05
6.050062983291684579e-05
6.049995191875034539e-05
6.049894081453419093e-05
6.049792971031805680e-05
6.049691860610191589e-05
6.049590750188580887e-05
6.049462018005628372e-05
6.049333285822675857e-05
6.049184598827857674e-05
6.049035911833036780e-05
6.048866021094705673e-05
6.048696130356369822e-05
6.048503705388247863e-05
6.048311280420123870e-05
6.048094903343552745e-05
6.047878526266987041e-05
6.047636685274098323e-05
6.047394844281210960e-05
6.047125926803007044e-05
6.046857009324800418e-05
6.046559294365730646e-05
6.046261579406660196e-05
6.045933229528723202e-05
6.045604879650783497e-05
6.045243931961613002e-05
6.044882984272443183e-05
6.044487340995593089e-05
6.044091697718744351e-05
6.043659115570900831e-05
6.043226533423059344e-05
6.042754612491642400e-05
6.042282691560224101e-05
6.041768862748021475e-05
6.041255033935818172e-05
6.040696545806601624e-05
6.040138057677387108e-05
6.039531961575722097e-05
6.038925865474057764e-05
6.038268999925006385e-05
6.037612134375952973e-05
6.036901107400512048e-05
6.036190080425070446e-05
6.035421250988041211e-05
6.034652421551010620e-05
6.033821878484450010e-05
6.032991335417892787e-05
6.032094875297408390e-05
6.031198415176924671e-05
6.030231517131667720e-05
6.029264619086408737e-05
6.028241880600691995e-05
6.027180217511156639e-05
6.026078296409666973e-05
6.024934732986502242e-05
6.023748090230344538e-05
6.022516875772709888e-05
6.021239539918573616e-05
6.019914472726977100e-05
6.018540001855329595e-05
6.017114389347585343e-05
6.015635829273569517e-05
6.014102444192725446e-05
6.012512282568011898e-05
6.010863314869567780e-05
6.009153430740726251e-05
6.007380434701791100e-05
6.005542043043590175e-05
6.003635879086995856e-05
6.001659469777239362e-05
5.999610240449565615e-05
5.997485511095225377e-05
5.995282490578031863e-05
5.992998272540476357e-05
5.990629829009604563e-05
5.988174005909400815e-05
5.985627515987303350e-05
5.982986933896699644e-05
5.980248688367784614e-05
5.977409056821795819e-05
5.974464156701513333e-05
5.971409939577170141e-05
5.968242181542656382e-05
5.964956476771983185e-05
5.961548226877349101e-05
5.958012633874877742e-05
5.954344688390201021e-05
5.950539161818507863e-05
5.946590594126853019e-05
5.942493283572124413e-05
5.938241274965553446e-05
5.933828347533117397e-05
5.929248002197141178e-05
5.924493448257561436e-05
5.919557589451940099e-05
5.914433009374057818e-05
5.909111956232111058e-05
5.903586326929168308e-05
5.897847650450671359e-05
5.891887070546589190e-05
5.885695327699350977e-05
5.879262740373143470e-05
5.872579185545620349e-05
5.865634078529897587e-05
5.858416352102813239e-05
5.850914434965676488e-05
5.843116229575475362e-05
5.835009089399266551e-05
5.826579795661837575e-05
5.817814533677340935e-05
5.808698868880585289e-05
5.799217722703100717e-05
5.789355348473988858e-05
5.779095307567409383e-05
5.768420446067602249e-05
5.757312872280764680e-05
5.745753935492266479e-05
5.733724206449086470e-05
0.000000000000000000e+00
8.982733224813959673e-05
6.050463062529335426e-05
6.050454161235107356e-05
6.050439103415616144e-05
6.050417700916421845e-05
6.050386390712336933e-05
6.050355080508256086e-05
6.050309878706248740e-05
6.050264676904244782e-05
6.050196886510115298e-05
6.050129096115993267e-05
6.050061305721864461e-05
6.049993515327738364e-05
6.049892406456431736e-05
6.049791297585124431e-05
6.049690188713817803e-05
6.049589079842509820e-05
6.049460349658480521e-05
6.049331619474452578e-05
6.049182934808289242e-05
6.049034250142131327e-05
6.048864362088494185e-05
6.048694474034858399e-05
6.048502052134672156e-05
6.048309630234490657e-05
6.048093256639891052e-05
6.047876883045296190e-05
6.047635045980273398e-05
6.047393208915257382e-05
6.047124295846954324e-05
6.046855382778656686e-05
6.046557672748947328e-05
6.046259962719239325e-05
6.045931618332668427e-05
6.045603273946094819e-05
6.045242332354375698e-05
6.044881390762654543e-05
6.044485754239576931e-05
6.044090117716497963e-05
6.043657543030832427e-05
6.043224968345165535e-05
6.042753055643841224e-05
6.042281142942518269e-05
6.041767323190072982e-05
6.041253503437629051e-05
6.040695025268571963e-05
6.040136547099518940e-05
6.039530461931885116e-05
6.038924376764253325e-05
6.038267523207483571e-05
6.037610669650715850e-05
6.036899655813549438e-05
6.036188641976380993e-05
6.035419826924659346e-05
6.034651011872941087e-05
6.033820484543923987e-05
6.032989957214906888e-05
6.032093514305692878e-05
6.031197071396475479e-05
6.030230192162868899e-05
6.029263312929265031e-05
6.028240594546484802e-05
6.027178952469322874e-05
6.026077053332014170e-05
6.024933512864868713e-05
6.023746894103279413e-05
6.022515704722881870e-05
6.021238395080224197e-05
6.019913355283040645e-05
6.018538913045744433e-05
6.017113330466099431e-05
6.015634801677017152e-05
6.014101449297490050e-05
6.012511321860390315e-05
6.010862389901828524e-05
6.009152543142732151e-05
6.007379586176601508e-05
6.005541235380497140e-05
6.003635114156628274e-05
6.001658749546189540e-05
5.999609566974941835e-05
5.997484886541095854e-05
5.995281917209337625e-05
5.992997752741569749e-05
5.990629365277433681e-05
5.988173600874419701e-05
5.985627172405852083e-05
5.982986654674643333e-05
5.980248476551959047e-05
5.977408915626785220e-05
5.974464089500030781e-05
5.971409949930461309e-05
5.968242273189643284e-05
5.964956653663865132e-05
5.961548493165331569e-05
5.958012993949613612e-05
5.954345146867908725e-05
5.950539723581764489e-05
5.946591264325896037e-05
5.942494067645976672e-05
5.938242178660695845e-05
5.933829376923541887e-05
5.929249163705868782e-05
5.924494748679796067e-05
5.919559035979956419e-05
5.914434609623991874e-05
5.909113718272805481e-05
5.903588259313242840e-05
5.897849762248029437e-05
5.891889371380563896e-05
5.885697827785708533e-05
5.879265450562229562e-05
5.872582117367894589e-05
5.865637244245191525e-05
5.858419764753629744e-05
5.850918108434911992e-05
5.843120178648953934e-05
5.835013329833578424e-05
5.826584344257915138e-05
5.817819408360364438e-05
5.808704088786792870e-05
5.799223308274178371e-05
5.789361321559769456e-05
5.779101691537664076e-05
5.768427265933853974e-05
5.757320154829078529e-05
5.745761709428106565e-05
5.733732502555452911e-05
0.000000000000000000e+00
8.982731541207385206e-05
6.050461378963205766e-05
6.050452477796934559e-05
6.050437420196283457e-05
6.050416018010148470e-05
6.050384708267896413e-05
6.050353398525643001e-05
6.050308197396248256e-05
6.050262996266853510e-05
6.050195206895252713e-05
6.050127417523648528e-05
6.050059628152046375e-05
6.049991838780446933e-05
6.049890731459446413e-05
6.049789624138442504e-05
6.049688516817441984e-05
6.049587409496440108e-05
6.049458681311334704e-05
6.049329953126226589e-05
6.049181270788724877e-05
6.049032588451223164e-05
6.048862703082282698e-05
6.048692817713344265e-05
6.048500398881097805e-05
6.048307980048854055e-05
6.048091609936228003e-05
6.047875239823603984e-05
6.047633406686451861e-05
6.047391573549299062e-05
6.047122664890903636e-05
6.046853756232509566e-05
6.046556051132161977e-05
6.046258346031818453e-05
6.045930007136613652e-05
6.045601668241409529e-05
6.045240732747137038e-05
6.044879797252867258e-05
6.044484167483558739e-05
6.044088537714251575e-05
6.043655970490765378e-05
6.043223403267275115e-05
6.042751498796042759e-05
6.042279594324812436e-05
6.041765783632124489e-05
6.041251972939441284e-05
6.040693504730543657e-05
6.040135036521650095e-05
6.039528962288050846e-05
6.038922888054450242e-05
6.038266046489963469e-05
6.037609204925475340e-05
6.036898204226582085e-05
6.036187203527690863e-05
6.035418402861278837e-05
6.034649602194868165e-05
6.033819090603393900e-05
6.032988579011922344e-05
6.032092153313973299e-05
6.031195727616024932e-05
6.030228867194072111e-05
6.029262006772120647e-05
6.028239308492275576e-05
6.027177687427485721e-05
6.026075810254363400e-05
6.024932292743234507e-05
6.023745697976211577e-05
6.022514533673053175e-05
6.021237250241873423e-05
6.019912237839102157e-05
6.018537824236157237e-05
6.017112271584612842e-05
6.015633774080466142e-05
6.014100454402256687e-05
6.012510361152768732e-05
6.010861464934091301e-05
6.009151655544733985e-05
6.007378737651411916e-05
6.005540427717400716e-05
6.003634349226261369e-05
6.001658029315139041e-05
5.999608893500318733e-05
5.997484261986963619e-05
5.995281343840648129e-05
5.992997232942663818e-05
5.990628901545263477e-05
5.988173195839435877e-05
5.985626828824401494e-05
5.982986375452586345e-05
5.980248264736132125e-05
5.977408774431775977e-05
5.974464022298548908e-05
5.971409960283751122e-05
5.968242364836632218e-05
5.964956830555745047e-05
5.961548759453312682e-05
5.958013354024348126e-05
5.954345605345617105e-05
5.950540285345019083e-05
5.946591934524939733e-05
5.942494851719826897e-05
5.938243082355841633e-05
5.933830406313965022e-05
5.929250325214597742e-05
5.924496049102027988e-05
5.919560482507971383e-05
5.914436209873927285e-05
5.909115480313500583e-05
5.903590191697316017e-05
5.897851874045389548e-05
5.891891672214537924e-05
5.885700327872069477e-05
5.879268160751314977e-05
5.872585049190169506e-05
5.865640409960485462e-05
5.858423177404447604e-05
5.850921781904144109e-05
5.843124127722434540e-05
5.835017570267891652e-05
5.826588892853996090e-05
5.817824283043387940e-05
5.808709308692999772e-05
5.799228893845260091e-05
5.789367294645550731e-05
5.779108075507918092e-05
5.768434085800107055e-05
5.757327437377391700e-05
5.745769483363944618e-05
5.733740798661820707e-05
0.000000000000000000e+00
8.982729857600813450e-05
6.050459695397071363e-05
6.050450794358763794e-05
6.050435736976952802e-05
6.050414335103871028e-05
6.050383025823453183e-05
6.050351716543034660e-05
6.050306516086247771e-05
6.050261315629459528e-05
6.050193527280383352e-05
6.050125738931306498e-05
6.050057950582227612e-05
6.049990162233151436e-05
6.049889056462457023e-05
6.049787950691762610e-05
6.049686844921066165e-05
6.049585739150369719e-05
6.049457012964184143e-05
6.049328286778002633e-05
6.049179606769158478e-05
6.049030926760315678e-05
6.048861044076071211e-05
6.048691161391829454e-05
6.048498745627522776e-05
6.048306329863218809e-05
6.048089963232567665e-05
6.047873596601914488e-05
6.047631767392631002e-05
6.047389938183342774e-05
6.047121033934851593e-05
6.046852129686361768e-05
6.046554429515380692e-05
6.046256729344396226e-05
6.045928395940559555e-05
6.045600062536722206e-05
6.045239133139899734e-05
6.044878203743080650e-05
6.044482580727544613e-05
6.044086957712008576e-05
6.043654397950696297e-05
6.043221838189381985e-05
6.042749941948243617e-05
6.042278045707101861e-05
6.041764244074178028e-05
6.041250442441252840e-05
6.040691984192515351e-05
6.040133525943781250e-05
6.039527462644213865e-05
6.038921399344646481e-05
6.038264569772439978e-05
6.037607740200234829e-05
6.036896752639617442e-05
6.036185765079000732e-05
6.035416978797896972e-05
6.034648192516793889e-05
6.033817696662865167e-05
6.032987200808937123e-05
6.032090792322254398e-05
6.031194383835573707e-05
6.030227542225273968e-05
6.029260700614976263e-05
6.028238022438064996e-05
6.027176422385649245e-05
6.026074567176713985e-05
6.024931072621600301e-05
6.023744501849147807e-05
6.022513362623222447e-05
6.021236105403522649e-05
6.019911120395166380e-05
6.018536735426570041e-05
6.017111212703127608e-05
6.015632746483916488e-05
6.014099459507023324e-05
6.012509400445144439e-05
6.010860539966352722e-05
6.009150767946736497e-05
6.007377889126224357e-05
6.005539620054306326e-05
6.003633584295895820e-05
6.001657309084085831e-05
5.999608220025694276e-05
5.997483637432833418e-05
5.995280770471955246e-05
5.992996713143759242e-05
5.990628437813091240e-05
5.988172790804456119e-05
5.985626485242950226e-05
5.982986096230531389e-05
5.980248052920305880e-05
5.977408633236767411e-05
5.974463955097067711e-05
5.971409970637045001e-05
5.968242456483619120e-05
5.964957007447628350e-05
5.961549025741293118e-05
5.958013714099086029e-05
5.954346063823322098e-05
5.950540847108275709e-05
5.946592604723980040e-05
5.942495635793679156e-05
5.938243986050987421e-05
5.933831435704390868e-05
5.929251486723326024e-05
5.924497349524263974e-05
5.919561929035988381e-05
5.914437810123863374e-05
5.909117242354196362e-05
5.903592124081392581e-05
5.897853985842749659e-05
5.891893973048512631e-05
5.885702827958424999e-05
5.879270870940400391e-05
5.872587981012442391e-05
5.865643575675779400e-05
5.858426590055265464e-05
5.850925455373378258e-05
5.843128076795915823e-05
5.835021810702208268e-05
5.826593441450075010e-05
5.817829157726413475e-05
5.808714528599208030e-05
5.799234479416337745e-05
5.789373267731329296e-05
5.779114459478173463e-05
5.768440905666360813e-05
5.757334719925704194e-05
5.745777257299782671e-05
5.733749094768187147e-05
0.000000000000000000e+00
8.982728173994241694e-05
6.050458011830941703e-05
6.050449110920589642e-05
6.050434053757617405e-05
6.050412652197599008e-05
6.050381343379011986e-05
6.050350034560423608e-05
6.050304834776246610e-05
6.050259634992068256e-05
6.050191847665513991e-05
6.050124060338962436e-05
6.050056273012412915e-05
6.049988485685859328e-05
6.049887381465470345e-05
6.049786277245078651e-05
6.049685173024687635e-05
6.049584068804300684e-05
6.049455344617038325e-05
6.049326620429775289e-05
6.049177942749592757e-05
6.049029265069410225e-05
6.048859385069862434e-05
6.048689505070315998e-05
6.048497092373947748e-05
6.048304679677584918e-05
6.048088316528902583e-05
6.047871953380224314e-05
6.047630128098805400e-05
6.047388302817387163e-05
6.047119402978802939e-05
6.046850503140216681e-05
6.046552807898594663e-05
6.046255112656973322e-05
6.045926784744504103e-05
6.045598456832034206e-05
6.045237533532663786e-05
6.044876610233292010e-05
6.044480993971527099e-05
6.044085377709760833e-05
6.043652825410625182e-05
6.043220273111490887e-05
6.042748385100439731e-05
6.042276497089396029e-05
6.041762704516228858e-05
6.041248911943063041e-05
6.040690463654487723e-05
6.040132015365913082e-05
6.039525963000376207e-05
6.038919910634841365e-05
6.038263093054917842e-05
6.037606275474994319e-05
6.036895301052652799e-05
6.036184326630312635e-05
6.035415554734517140e-05
6.034646782838720968e-05
6.033816302722335079e-05
6.032985822605953935e-05
6.032089431330537531e-05
6.031193040055120449e-05
6.030226217256477180e-05
6.029259394457831201e-05
6.028236736383855093e-05
6.027175157343814125e-05
6.026073324099062538e-05
6.024929852499966772e-05
6.023743305722082682e-05
6.022512191573394430e-05
6.021234960565174585e-05
6.019910002951228570e-05
6.018535646616986234e-05
6.017110153821640341e-05
6.015631718887366156e-05
6.014098464611789284e-05
6.012508439737522856e-05
6.010859614998614143e-05
6.009149880348741042e-05
6.007377040601034765e-05
6.005538812391211936e-05
6.003632819365526882e-05
6.001656588853037364e-05
5.999607546551071174e-05
5.997483012878701184e-05
5.995280197103263717e-05
5.992996193344853989e-05
5.990627974080921713e-05
5.988172385769474328e-05
5.985626141661496926e-05
5.982985817008475756e-05
5.980247841104478957e-05
5.977408492041754779e-05
5.974463887895585160e-05
5.971409980990334136e-05
5.968242548130608054e-05
5.964957184339509619e-05
5.961549292029275586e-05
5.958014074173819188e-05
5.954346522301031156e-05
5.950541408871531658e-05
5.946593274923020348e-05
5.942496419867530059e-05
5.938244889746131176e-05
5.933832465094816035e-05
5.929252648232050240e-05
5.924498649946497927e-05
5.919563375564005378e-05
5.914439410373800818e-05
5.909119004394890109e-05
5.903594056465467113e-05
5.897856097640107736e-05
5.891896273882486659e-05
5.885705328044781877e-05
5.879273581129485128e-05
5.872590912834715275e-05
5.865646741391074016e-05
5.858430002706082647e-05
5.850929128842612408e-05
5.843132025869396428e-05
5.835026051136521497e-05
5.826597990046155284e-05
5.817834032409436977e-05
5.808719748505416965e-05
5.799240064987417432e-05
5.789379240817109216e-05
5.779120843448428834e-05
5.768447725532613215e-05
5.757342002474018043e-05
5.745785031235622079e-05
5.733757390874552232e-05
0.000000000000000000e+00
8.982726490387669938e-05
6.050456328264809333e-05
6.050447427482416168e-05
6.050432370538282685e-05
6.050410969291324955e-05
6.050379660934569433e-05
6.050348352577816622e-05
6.050303153466244093e-05
6.050257954354674273e-05
6.050190168050647340e-05
6.050122381746617697e-05
6.050054595442592119e-05
6.049986809138566541e-05
6.049885706468479600e-05
6.049784603798397402e-05
6.049683501128313848e-05
6.049582398458229617e-05
6.049453676269889797e-05
6.049324954081552010e-05
6.049176278730026359e-05
6.049027603378500707e-05
6.048857726063650269e-05
6.048687848748803220e-05
6.048495439120374074e-05
6.048303029491948317e-05
6.048086669825239535e-05
6.047870310158535496e-05
6.047628488804981153e-05
6.047386667451429520e-05
6.047117772022751574e-05
6.046848876594072272e-05
6.046551186281812023e-05
6.046253495969553128e-05
6.045925173548448651e-05
6.045596851127346206e-05
6.045235933925427159e-05
6.044875016723504725e-05
6.044479407215510263e-05
6.044083797707517833e-05
6.043651252870556778e-05
6.043218708033597757e-05
6.042746828252641944e-05
6.042274948471688842e-05
6.041761164958280364e-05
6.041247381444874598e-05
6.040688943116458739e-05
6.040130504788044236e-05
6.039524463356539904e-05
6.038918421925038959e-05
6.038261616337397739e-05
6.037604810749755841e-05
6.036893849465688834e-05
6.036182888181622504e-05
6.035414130671134598e-05
6.034645373160650079e-05
6.033814908781808380e-05
6.032984444402966681e-05
6.032088070338819307e-05
6.031191696274671934e-05
6.030224892287677682e-05
6.029258088300685462e-05
6.028235450329649933e-05
6.027173892301977649e-05
6.026072081021411768e-05
6.024928632378331888e-05
6.023742109595018235e-05
6.022511020523564379e-05
6.021233815726823133e-05
6.019908885507292115e-05
6.018534557807401748e-05
6.017109094940153752e-05
6.015630691290815146e-05
6.014097469716556598e-05
6.012507479029898563e-05
6.010858690030876242e-05
6.009148992750742876e-05
6.007376192075845851e-05
6.005538004728116190e-05
6.003632054435158622e-05
6.001655868621985510e-05
5.999606873076446717e-05
5.997482388324570983e-05
5.995279623734572867e-05
5.992995673545947381e-05
5.990627510348752187e-05
5.988171980734492537e-05
5.985625798080047014e-05
5.982985537786419445e-05
5.980247629288652713e-05
5.977408350846744858e-05
5.974463820694103286e-05
5.971409991343625304e-05
5.968242639777596311e-05
5.964957361231392244e-05
5.961549558317257377e-05
5.958014434248557769e-05
5.954346980778739537e-05
5.950541970634788962e-05
5.946593945122064044e-05
5.942497203941382995e-05
5.938245793441276286e-05
5.933833494485238493e-05
5.929253809740780555e-05
5.924499950368729848e-05
5.919564822092021698e-05
5.914441010623734197e-05
5.909120766435583855e-05
5.903595988849540290e-05
5.897858209437467170e-05
5.891898574716459332e-05
5.885707828131140110e-05
5.879276291318570542e-05
5.872593844656991548e-05
5.865649907106369309e-05
5.858433415356897119e-05
5.850932802311845879e-05
5.843135974942877033e-05
5.835030291570835403e-05
5.826602538642233525e-05
5.817838907092461834e-05
5.808724968411623190e-05
5.799245650558497797e-05
5.789385213902891169e-05
5.779127227418682172e-05
5.768454545398866295e-05
5.757349285022331215e-05
5.745792805171460809e-05
5.733765686980920028e-05
0.000000000000000000e+00
8.982724806781096827e-05
6.050454644698678995e-05
6.050445744044245403e-05
6.050430687318949998e-05
6.050409286385048191e-05
6.050377978490127558e-05
6.050346670595202860e-05
6.050301472156242931e-05
6.050256273717283001e-05
6.050188488435780012e-05
6.050120703154277023e-05
6.050052917872773356e-05
6.049985132591273077e-05
6.049884031471494954e-05
6.049782930351715475e-05
6.049681829231937352e-05
6.049580728112159906e-05
6.049452007922743980e-05
6.049323287733327376e-05
6.049174614710458605e-05
6.049025941687593221e-05
6.048856067057440815e-05
6.048686192427287731e-05
6.048493785866798368e-05
6.048301379306310360e-05
6.048085023121579874e-05
6.047868666936846000e-05
6.047626849511158938e-05
6.047385032085474588e-05
6.047116141066700209e-05
6.046847250047925830e-05
6.046549564665028705e-05
6.046251879282130902e-05
6.045923562352395909e-05
6.045595245422660916e-05
6.045234334318189855e-05
6.044873423213717440e-05
6.044477820459494104e-05
6.044082217705270090e-05
6.043649680330487697e-05
6.043217142955705981e-05
6.042745271404842801e-05
6.042273399853980299e-05
6.041759625400334582e-05
6.041245850946685476e-05
6.040687422578430434e-05
6.040128994210176069e-05
6.039522963712705634e-05
6.038916933215235876e-05
6.038260139619874926e-05
6.037603346024514653e-05
6.036892397878722836e-05
6.036181449732932374e-05
6.035412706607753410e-05
6.034643963482573770e-05
6.033813514841280325e-05
6.032983066199984847e-05
6.032086709347101762e-05
6.031190352494217321e-05
6.030223567318882926e-05
6.029256782143544466e-05
6.028234164275440707e-05
6.027172627260139818e-05
6.026070837943761676e-05
6.024927412256698360e-05
6.023740913467952432e-05
6.022509849473735007e-05
6.021232670888473714e-05
6.019907768063353627e-05
6.018533468997811842e-05
6.017108036058667163e-05
6.015629663694266170e-05
6.014096474821323913e-05
6.012506518322279013e-05
6.010857765063136308e-05
6.009148105152747421e-05
6.007375343550659647e-05
6.005537197065023155e-05
6.003631289504789007e-05
6.001655148390935010e-05
5.999606199601822937e-05
5.997481763770438071e-05
5.995279050365879983e-05
5.992995153747042127e-05
5.990627046616581305e-05
5.988171575699512779e-05
5.985625454498596425e-05
5.982985258564362457e-05
5.980247417472827823e-05
5.977408209651736292e-05
5.974463753492622090e-05
5.971410001696914440e-05
5.968242731424583213e-05
5.964957538123271481e-05
5.961549824605235780e-05
5.958014794323290928e-05
5.954347439256445207e-05
5.950542532398046266e-05
5.946594615321104351e-05
5.942497988015233221e-05
5.938246697136420041e-05
5.933834523875665694e-05
5.929254971249507482e-05
5.924501250790965157e-05
5.919566268620037340e-05
5.914442610873670963e-05
5.909122528476278279e-05
5.903597921233614821e-05
5.897860321234825248e-05
5.891900875550434716e-05
5.885710328217498344e-05
5.879279001507655957e-05
5.872596776479265110e-05
5.865653072821659859e-05
5.858436828007716334e-05
5.850936475781079351e-05
5.843139924016356283e-05
5.835034532005147276e-05
5.826607087238315155e-05
5.817843781775485336e-05
5.808730188317832126e-05
5.799251236129576806e-05
5.789391186988669734e-05
5.779133611388938220e-05
5.768461365265118698e-05
5.757356567570644386e-05
5.745800579107298862e-05
5.733773983087286469e-05
0.000000000000000000e+00
8.982723123174523715e-05
6.050452961132547303e-05
6.050444060606075317e-05
6.050429004099614600e-05
6.050407603478773460e-05
6.050376296045683651e-05
6.050344988612595874e-05
6.050299790846241769e-05
6.050254593079889019e-05
6.050186808820910651e-05
6.050119024561933639e-05
6.050051240302955271e-05
6.049983456043980969e-05
6.049882356474506920e-05
6.049781256905036937e-05
6.049680157335562210e-05
6.049579057766090194e-05
6.049450339575596129e-05
6.049321621385100710e-05
6.049172950690894917e-05
6.049024279996687091e-05
6.048854408051231361e-05
6.048684536105774275e-05
6.048492132613225372e-05
6.048299729120678502e-05
6.048083376417916825e-05
6.047867023715152438e-05
6.047625210217335369e-05
6.047383396719515589e-05
6.047114510110647488e-05
6.046845623501777354e-05
6.046547943048242676e-05
6.046250262594708675e-05
6.045921951156341134e-05
6.045593639717971560e-05
6.045232734710951196e-05
6.044871829703929477e-05
6.044476233703477267e-05
6.044080637703025058e-05
6.043648107790417938e-05
6.043215577877813528e-05
6.042743714557041626e-05
6.042271851236271756e-05
6.041758085842384055e-05
6.041244320448497032e-05
6.040685902040401450e-05
6.040127483632307901e-05
6.039521464068870008e-05
6.038915444505430082e-05
6.038258662902352112e-05
6.037601881299274143e-05
6.036890946291758193e-05
6.036180011284242243e-05
6.035411282544371546e-05
6.034642553804500848e-05
6.033812120900748882e-05
6.032981687996998948e-05
6.032085348355381506e-05
6.031189008713768129e-05
6.030222242350082073e-05
6.029255475986396693e-05
6.028232878221230804e-05
6.027171362218304698e-05
6.026069594866108195e-05
6.024926192135062798e-05
6.023739717340886629e-05
6.022508678423909022e-05
6.021231526050124973e-05
6.019906650619417850e-05
6.018532380188228035e-05
6.017106977177181929e-05
6.015628636097715838e-05
6.014095479926087840e-05
6.012505557614655397e-05
6.010856840095400440e-05
6.009147217554752644e-05
6.007374495025469377e-05
6.005536389401928764e-05
6.003630524574423457e-05
6.001654428159883156e-05
5.999605526127198480e-05
5.997481139216308548e-05
5.995278476997187100e-05
5.992994633948136874e-05
5.990626582884411101e-05
5.988171170664529632e-05
5.985625110917143125e-05
5.982984979342309534e-05
5.980247205657002256e-05
5.977408068456725694e-05
5.974463686291138861e-05
5.971410012050206963e-05
5.968242823071570792e-05
5.964957715015154106e-05
5.961550090893218248e-05
5.958015154398029509e-05
5.954347897734152233e-05
5.950543094161302892e-05
5.946595285520146014e-05
5.942498772089086157e-05
5.938247600831566506e-05
5.933835553266088829e-05
5.929256132758235764e-05
5.924502551213198432e-05
5.919567715148054337e-05
5.914444211123605019e-05
5.909124290516973380e-05
5.903599853617689353e-05
5.897862433032184681e-05
5.891903176384408745e-05
5.885712828303857932e-05
5.879281711696744082e-05
5.872599708301537316e-05
5.865656238536955152e-05
5.858440240658532161e-05
5.850940149250312145e-05
5.843143873089836889e-05
5.835038772439462537e-05
5.826611635834392719e-05
5.817848656458508838e-05
5.808735408224039028e-05
5.799256821700655816e-05
5.789397160074449654e-05
5.779139995359190203e-05
5.768468185131371101e-05
5.757363850118958236e-05
5.745808353043139625e-05
5.733782279193652231e-05
0.000000000000000000e+00
8.982721439567950604e-05
6.050451277566418321e-05
6.050442377167903197e-05
6.050427320880281913e-05
6.050405920572498052e-05
6.050374613601241098e-05
6.050343306629984145e-05
6.050298109536244673e-05
6.050252912442497069e-05
6.050185129206042645e-05
6.050117345969588899e-05
6.050049562733139896e-05
6.049981779496684794e-05
6.049880681477518886e-05
6.049779583458353655e-05
6.049678485439185035e-05
6.049577387420020482e-05
6.049448671228447601e-05
6.049319955036875398e-05
6.049171286671327840e-05
6.049022618305779605e-05
6.048852749045019196e-05
6.048682879784260819e-05
6.048490479359648988e-05
6.048298078935041900e-05
6.048081729714250388e-05
6.047865380493463620e-05
6.047623570923511122e-05
6.047381761353561334e-05
6.047112879154596801e-05
6.046843996955632267e-05
6.046546321431458003e-05
6.046248645907288481e-05
6.045920339960287037e-05
6.045592034013284915e-05
6.045231135103715247e-05
6.044870236194141514e-05
6.044474646947460431e-05
6.044079057700779348e-05
6.043646535250350889e-05
6.043214012799921075e-05
6.042742157709242483e-05
6.042270302618562536e-05
6.041756546284436240e-05
6.041242789950308588e-05
6.040684381502373144e-05
6.040125973054438378e-05
6.039519964425032350e-05
6.038913955795628354e-05
6.038257186184829977e-05
6.037600416574034310e-05
6.036889494704793550e-05
6.036178572835552113e-05
6.035409858480990359e-05
6.034641144126430637e-05
6.033810726960220827e-05
6.032980309794017115e-05
6.032083987363666671e-05
6.031187664933316227e-05
6.030220917381283252e-05
6.029254169829251632e-05
6.028231592167020901e-05
6.027170097176469578e-05
6.026068351788456748e-05
6.024924972013428592e-05
6.023738521213820827e-05
6.022507507374079649e-05
6.021230381211774198e-05
6.019905533175480718e-05
6.018531291378642194e-05
6.017105918295694662e-05
6.015627608501166184e-05
6.014094485030855154e-05
6.012504596907031781e-05
6.010855915127661183e-05
6.009146329956753123e-05
6.007373646500281140e-05
6.005535581738836407e-05
6.003629759644056553e-05
6.001653707928834012e-05
5.999604852652575378e-05
5.997480514662176314e-05
5.995277903628496927e-05
5.992994114149232299e-05
5.990626119152239542e-05
5.988170765629549197e-05
5.985624767335692535e-05
5.982984700120252546e-05
5.980246993841175333e-05
5.977407927261716450e-05
5.974463619089656987e-05
5.971410022403497454e-05
5.968242914718559049e-05
5.964957891907036054e-05
5.961550357181200039e-05
5.958015514472763346e-05
5.954348356211858580e-05
5.950543655924560196e-05
5.946595955719186999e-05
5.942499556162937738e-05
5.938248504526710261e-05
5.933836582656513997e-05
5.929257294266960658e-05
5.924503851635433063e-05
5.919569161676069979e-05
5.914445811373540430e-05
5.909126052557667127e-05
5.903601786001763885e-05
5.897864544829543436e-05
5.891905477218385484e-05
5.885715328390214132e-05
5.879284421885827463e-05
5.872602640123814266e-05
5.865659404252251122e-05
5.858443653309352054e-05
5.850943822719546295e-05
5.843147822163318172e-05
5.835043012873775766e-05
5.826616184430472993e-05
5.817853531141532340e-05
5.808740628130246609e-05
5.799262407271735503e-05
5.789403133160230252e-05
5.779146379329446251e-05
5.768475004997624181e-05
5.757371132667272085e-05
5.745816126978977001e-05
5.733790575300020705e-05
0.000000000000000000e+00
8.982719755961378848e-05
6.050449594000280529e-05
6.050440693729731078e-05
6.050425637660943127e-05
6.050404237666222643e-05
6.050372931156798546e-05
6.050341624647377837e-05
6.050296428226238768e-05
6.050251231805103087e-05
6.050183449591174640e-05
6.050115667377246870e-05
6.050047885163319778e-05
6.049980102949393363e-05
6.049879006480531529e-05
6.049777910011670373e-05
6.049676813542811249e-05
6.049575717073950093e-05
6.049447002881300429e-05
6.049318288688651442e-05
6.049169622651762119e-05
6.049020956614869409e-05
6.048851090038807708e-05
6.048681223462746686e-05
6.048488826106074637e-05
6.048296428749405299e-05
6.048080083010589373e-05
6.047863737271772091e-05
6.047621931629689585e-05
6.047380125987607079e-05
6.047111248198546113e-05
6.046842370409485147e-05
6.046544699814677395e-05
6.046247029219866255e-05
6.045918728764232262e-05
6.045590428308598947e-05
6.045229535496476588e-05
6.044868642684356940e-05
6.044473060191444950e-05
6.044077477698534993e-05
6.043644962710281808e-05
6.043212447722029300e-05
6.042740600861441986e-05
6.042268754000855349e-05
6.041755006726488424e-05
6.041241259452120144e-05
6.040682860964346194e-05
6.040124462476568855e-05
6.039518464781197402e-05
6.038912467085823916e-05
6.038255709467310552e-05
6.037598951848794477e-05
6.036888043117828230e-05
6.036177134386860627e-05
6.035408434417609172e-05
6.034639734448357038e-05
6.033809333019692095e-05
6.032978931591029183e-05
6.032082626371947770e-05
6.031186321152865679e-05
6.030219592412486464e-05
6.029252863672109958e-05
6.028230306112811676e-05
6.027168832134634457e-05
6.026067108710805978e-05
6.024923751891795063e-05
6.023737325086755024e-05
6.022506336324250277e-05
6.021229236373424102e-05
6.019904415731543585e-05
6.018530202569055676e-05
6.017104859414208073e-05
6.015626580904615852e-05
6.014093490135622469e-05
6.012503636199410199e-05
6.010854990159921927e-05
6.009145442358757667e-05
6.007372797975089516e-05
6.005534774075739984e-05
6.003628994713689648e-05
6.001652987697781480e-05
5.999604179177950921e-05
5.997479890108043402e-05
5.995277330259804721e-05
5.992993594350322302e-05
5.990625655420069338e-05
5.988170360594567406e-05
5.985624423754241268e-05
5.982984420898196235e-05
5.980246782025349088e-05
5.977407786066705174e-05
5.974463551888175791e-05
5.971410032756789977e-05
5.968243006365545950e-05
5.964958068798916646e-05
5.961550623469181152e-05
5.958015874547499215e-05
5.954348814689566284e-05
5.950544217687816145e-05
5.946596625918230017e-05
5.942500340236787963e-05
5.938249408221856726e-05
5.933837612046939842e-05
5.929258455775688941e-05
5.924505152057665661e-05
5.919570608204086299e-05
5.914447411623474486e-05
5.909127814598362906e-05
5.903603718385837739e-05
5.897866656626902870e-05
5.891907778052358157e-05
5.885717828476570333e-05
5.879287132074913555e-05
5.872605571946085796e-05
5.865662569967545060e-05
5.858447065960167204e-05
5.850947496188780444e-05
5.843151771236796744e-05
5.835047253308089672e-05
5.826620733026552590e-05
5.817858405824557875e-05
5.808745848036456899e-05
5.799267992842813157e-05
5.789409106246009494e-05
5.779152763299699589e-05
5.768481824863877261e-05
5.757378415215585256e-05
5.745823900914815053e-05
5.733798871406385112e-05
0.000000000000000000e+00
8.982718072354807092e-05
6.050447910434152902e-05
6.050439010291557603e-05
6.050423954441612473e-05
6.050402554759949945e-05
6.050371248712358704e-05
6.050339942664765430e-05
6.050294746916238284e-05
6.050249551167708427e-05
6.050181769976307989e-05
6.050113988784902808e-05
6.050046207593500337e-05
6.049978426402098544e-05
6.049877331483542140e-05
6.049776236564987091e-05
6.049675141646434075e-05
6.049574046727881058e-05
6.049445334534153933e-05
6.049316622340425453e-05
6.049167958632195721e-05
6.049019294923964633e-05
6.048849431032597576e-05
6.048679567141232552e-05
6.048487172852500964e-05
6.048294778563770730e-05
6.048078436306926324e-05
6.047862094050083273e-05
6.047620292335867371e-05
6.047378490621650791e-05
6.047109617242494071e-05
6.046840743863339383e-05
6.046543078197892722e-05
6.046245412532445383e-05
6.045917117568178843e-05
6.045588822603912302e-05
6.045227935889239962e-05
6.044867049174568977e-05
6.044471473435428113e-05
6.044075897696287250e-05
6.043643390170210693e-05
6.043210882644135492e-05
6.042739044013641488e-05
6.042267205383147484e-05
6.041753467168538576e-05
6.041239728953931701e-05
6.040681340426317210e-05
6.040122951898701365e-05
6.039516965137360421e-05
6.038910978376019477e-05
6.038254232749787738e-05
6.037597487123555322e-05
6.036886591530862909e-05
6.036175695938171174e-05
6.035407010354229340e-05
6.034638324770283440e-05
6.033807939079164717e-05
6.032977553388045995e-05
6.032081265380230225e-05
6.031184977372414455e-05
6.030218267443686965e-05
6.029251557514963541e-05
6.028229020058603805e-05
6.027167567092795949e-05
6.026065865633157241e-05
6.024922531770161534e-05
6.023736128959689899e-05
6.022505165274422259e-05
6.021228091535074683e-05
6.019903298287605775e-05
6.018529113759470513e-05
6.017103800532724194e-05
6.015625553308064842e-05
6.014092495240387751e-05
6.012502675491787261e-05
6.010854065192184703e-05
6.009144554760762890e-05
6.007371949449901279e-05
6.005533966412646948e-05
6.003628229783320033e-05
6.001652267466732336e-05
5.999603505703327819e-05
5.997479265553913878e-05
5.995276756891113192e-05
5.992993074551420437e-05
5.990625191687897779e-05
5.988169955559586970e-05
5.985624080172790001e-05
5.982984141676141280e-05
5.980246570209521488e-05
5.977407644871695253e-05
5.974463484686691884e-05
5.971410043110080468e-05
5.968243098012534207e-05
5.964958245690797915e-05
5.961550889757162266e-05
5.958016234622234408e-05
5.954349273167275342e-05
5.950544779451070738e-05
5.946597296117271003e-05
5.942501124310639544e-05
5.938250311917001159e-05
5.933838641437362977e-05
5.929259617284417223e-05
5.924506452479899615e-05
5.919572054732101941e-05
5.914449011873411930e-05
5.909129576639055975e-05
5.903605650769912271e-05
5.897868768424263658e-05
5.891910078886332863e-05
5.885720328562929243e-05
5.879289842263998969e-05
5.872608503768361391e-05
5.865665735682839676e-05
5.858450478610985064e-05
5.850951169658014594e-05
5.843155720310276672e-05
5.835051493742403578e-05
5.826625281622632187e-05
5.817863280507581378e-05
5.808751067942663124e-05
5.799273578413892844e-05
5.789415079331789414e-05
5.779159147269954282e-05
5.768488644730128986e-05
5.757385697763899105e-05
5.745831674850653784e-05
5.733807167512753586e-05
0.000000000000000000e+00
8.982716388748233981e-05
6.050446226868020532e-05
6.050437326853386839e-05
6.050422271222279108e-05
6.050400871853676570e-05
6.050369566267915474e-05
6.050338260682157089e-05
6.050293065606238477e-05
6.050247870530315122e-05
6.050180090361440661e-05
6.050112310192560101e-05
6.050044530023682929e-05
6.049976749854805758e-05
6.049875656486556138e-05
6.049774563118310585e-05
6.049673469750060966e-05
6.049572376381809314e-05
6.049443666187006761e-05
6.049314955992200819e-05
6.049166294612628645e-05
6.049017633233058503e-05
6.048847772026390832e-05
6.048677910819717741e-05
6.048485519598927968e-05
6.048293128378134806e-05
6.048076789603263953e-05
6.047860450828391066e-05
6.047618653042042446e-05
6.047376855255692471e-05
6.047107986286444061e-05
6.046839117317192940e-05
6.046541456581109404e-05
6.046243795845025190e-05
6.045915506372122713e-05
6.045587216899222946e-05
6.045226336282002658e-05
6.044865455664781692e-05
6.044469886679412632e-05
6.044074317694042217e-05
6.043641817630142967e-05
6.043209317566244394e-05
6.042737487165839635e-05
6.042265656765440974e-05
6.041751927610589405e-05
6.041238198455742579e-05
6.040679819888286872e-05
6.040121441320831842e-05
6.039515465493523440e-05
6.038909489666215716e-05
6.038252756032267635e-05
6.037596022398314811e-05
6.036885139943898944e-05
6.036174257489485109e-05
6.035405586290845442e-05
6.034636915092209841e-05
6.033806545138634630e-05
6.032976175185060774e-05
6.032079904388511324e-05
6.031183633591961197e-05
6.030216942474891532e-05
6.029250251357821190e-05
6.028227734004395257e-05
6.027166302050960829e-05
6.026064622555505793e-05
6.024921311648526650e-05
6.023734932832622741e-05
6.022503994224592886e-05
6.021226946696724586e-05
6.019902180843669321e-05
6.018528024949885351e-05
6.017102741651236928e-05
6.015624525711513832e-05
6.014091500345154388e-05
6.012501714784164323e-05
6.010853140224444769e-05
6.009143667162764724e-05
6.007371100924713720e-05
6.005533158749552558e-05
6.003627464852952450e-05
6.001651547235679803e-05
5.999602832228703362e-05
5.997478640999783677e-05
5.995276183522420987e-05
5.992992554752515861e-05
5.990624727955726897e-05
5.988169550524605179e-05
5.985623736591338056e-05
5.982983862454084969e-05
5.980246358393696599e-05
5.977407503676683299e-05
5.974463417485211366e-05
5.971410053463371636e-05
5.968243189659521786e-05
5.964958422582679185e-05
5.961551156045143379e-05
5.958016594696971633e-05
5.954349731644981690e-05
5.950545341214327365e-05
5.946597966316314021e-05
5.942501908384488415e-05
5.938251215612145591e-05
5.933839670827788145e-05
5.929260778793144827e-05
5.924507752902130858e-05
5.919573501260119616e-05
5.914450612123348019e-05
5.909131338679753109e-05
5.903607583153987480e-05
5.897870880221621736e-05
5.891912379720305536e-05
5.885722828649286121e-05
5.879292552453083029e-05
5.872611435590635630e-05
5.865668901398134969e-05
5.858453891261803601e-05
5.850954843127248065e-05
5.843159669383757277e-05
5.835055734176716806e-05
5.826629830218712461e-05
5.817868155190606913e-05
5.808756287848870027e-05
5.799279163984973886e-05
5.789421052417570689e-05
5.779165531240209653e-05
5.768495464596383422e-05
5.757392980312212954e-05
5.745839448786494547e-05
5.733815463619119349e-05
0.000000000000000000e+00
8.982714705141662224e-05
6.050444543301888839e-05
6.050435643415214042e-05
6.050420588002944388e-05
6.050399188947395740e-05
6.050367883823472921e-05
6.050336578699546714e-05
6.050291384296237315e-05
6.050246189892923850e-05
6.050178410746571300e-05
6.050110631600219427e-05
6.050042852453864166e-05
6.049975073307512294e-05
6.049873981489569460e-05
6.049772889671627981e-05
6.049671797853683114e-05
6.049570706035740957e-05
6.049441997839860265e-05
6.049313289643974153e-05
6.049164630593064279e-05
6.049015971542150339e-05
6.048846113020177312e-05
6.048676254498204285e-05
6.048483866345351584e-05
6.048291478192499560e-05
6.048075142899600226e-05
6.047858807606703603e-05
6.047617013748218877e-05
6.047375219889738893e-05
6.047106355330392018e-05
6.046837490771047176e-05
6.046539834964324731e-05
6.046242179157600930e-05
6.045913895176068616e-05
6.045585611194536979e-05
6.045224736674764676e-05
6.044863862154993729e-05
6.044468299923393763e-05
6.044072737691796507e-05
6.043640245090074563e-05
6.043207752488349908e-05
6.042735930318043203e-05
6.042264108147732431e-05
6.041750388052642267e-05
6.041236667957556168e-05
6.040678299350258566e-05
6.040119930742965029e-05
6.039513965849686459e-05
6.038908000956410600e-05
6.038251279314744144e-05
6.037594557673075656e-05
6.036883688356933623e-05
6.036172819040792268e-05
6.035404162227466288e-05
6.034635505414136919e-05
6.033805151198107930e-05
6.032974796982076908e-05
6.032078543396793779e-05
6.031182289811514038e-05
6.030215617506092711e-05
6.029248945200675451e-05
6.028226447950183999e-05
6.027165037009125708e-05
6.026063379477853668e-05
6.024920091526892444e-05
6.023733736705560326e-05
6.022502823174763514e-05
6.021225801858375167e-05
6.019901063399732188e-05
6.018526936140296800e-05
6.017101682769752371e-05
6.015623498114962145e-05
6.014090505449921025e-05
6.012500754076542740e-05
6.010852215256706868e-05
6.009142779564768591e-05
6.007370252399524128e-05
6.005532351086456812e-05
6.003626699922586223e-05
6.001650827004628626e-05
5.999602158754078904e-05
5.997478016445651443e-05
5.995275610153729458e-05
5.992992034953609253e-05
5.990624264223555338e-05
5.988169145489623387e-05
5.985623393009887466e-05
5.982983583232030691e-05
5.980246146577870354e-05
5.977407362481674733e-05
5.974463350283730847e-05
5.971410063816659416e-05
5.968243281306508010e-05
5.964958599474561810e-05
5.961551422333121781e-05
5.958016954771708858e-05
5.954350190122688038e-05
5.950545902977588057e-05
5.946598636515352973e-05
5.942502692458345417e-05
5.938252119307290024e-05
5.933840700218214668e-05
5.929261940301871754e-05
5.924509053324366844e-05
5.919574947788134580e-05
5.914452212373284108e-05
5.909133100720445500e-05
5.903609515538062012e-05
5.897872992018978459e-05
5.891914680554281598e-05
5.885725328735644355e-05
5.879295262642169121e-05
5.872614367412907837e-05
5.865672067113428229e-05
5.858457303912621461e-05
5.850958516596482892e-05
5.843163618457237205e-05
5.835059974611031390e-05
5.826634378814789347e-05
5.817873029873629059e-05
5.808761507755076930e-05
5.799284749556050863e-05
5.789427025503351965e-05
5.779171915210465024e-05
5.768502284462635147e-05
5.757400262860525448e-05
5.745847222722332600e-05
5.733823759725487144e-05
0.000000000000000000e+00
8.982713021535087758e-05
6.050442859735755791e-05
6.050433959977043956e-05
6.050418904783608990e-05
6.050397506041123042e-05
6.050366201379028336e-05
6.050334896716938373e-05
6.050289702986232765e-05
6.050244509255532578e-05
6.050176731131703972e-05
6.050108953007874688e-05
6.050041174884044726e-05
6.049973396760216797e-05
6.049872306492582781e-05
6.049771216224944021e-05
6.049670125957307295e-05
6.049569035689670568e-05
6.049440329492709705e-05
6.049311623295752907e-05
6.049162966573497880e-05
6.049014309851243531e-05
6.048844454013965147e-05
6.048674598176692185e-05
6.048482213091778588e-05
6.048289828006863636e-05
6.048073496195938533e-05
6.047857164385009364e-05
6.047615374454396662e-05
6.047373584523781250e-05
6.047104724374342686e-05
6.046835864224900733e-05
6.046538213347540735e-05
6.046240562470178704e-05
6.045912283980014518e-05
6.045584005489848978e-05
6.045223137067528727e-05
6.044862268645206444e-05
6.044466713167378959e-05
6.044071157689550797e-05
6.043638672550007514e-05
6.043206187410458811e-05
6.042734373470240672e-05
6.042262559530023889e-05
6.041748848494694451e-05
6.041235137459367047e-05
6.040676778812229582e-05
6.040118420165096184e-05
6.039512466205852189e-05
6.038906512246608872e-05
6.038249802597222686e-05
6.037593092947836501e-05
6.036882236769969658e-05
6.036171380592101460e-05
6.035402738164083068e-05
6.034634095736065353e-05
6.033803757257579197e-05
6.032973418779091009e-05
6.032077182405075555e-05
6.031180946031061457e-05
6.030214292537297956e-05
6.029247639043530389e-05
6.028225161895976806e-05
6.027163771967289910e-05
6.026062136400203576e-05
6.024918871405258238e-05
6.023732540578491813e-05
6.022501652124934141e-05
6.021224657020023038e-05
6.019899945955795733e-05
6.018525847330712992e-05
6.017100623888265104e-05
6.015622470518412491e-05
6.014089510554686307e-05
6.012499793368920479e-05
6.010851290288968967e-05
6.009141891966771103e-05
6.007369403874335213e-05
6.005531543423364455e-05
6.003625934992217963e-05
6.001650106773578127e-05
5.999601485279455802e-05
5.997477391891520564e-05
5.995275036785039285e-05
5.992991515154701289e-05
5.990623800491386489e-05
5.988168740454642952e-05
5.985623049428435521e-05
5.982983304009973025e-05
5.980245934762044109e-05
5.977407221286666844e-05
5.974463283082247618e-05
5.971410074169953295e-05
5.968243372953498300e-05
5.964958776366444435e-05
5.961551688621102895e-05
5.958017314846445405e-05
5.954350648600396418e-05
5.950546464740844683e-05
5.946599306714394636e-05
5.942503476532195642e-05
5.938253023002435812e-05
5.933841729608638481e-05
5.929263101810599358e-05
5.924510353746600120e-05
5.919576394316152255e-05
5.914453812623217486e-05
5.909134862761141279e-05
5.903611447922135866e-05
5.897875103816340602e-05
5.891916981388254949e-05
5.885727828822001233e-05
5.879297972831253857e-05
5.872617299235183432e-05
5.865675232828721489e-05
5.858460716563435256e-05
5.850962190065715687e-05
5.843167567530717810e-05
5.835064215045345296e-05
5.826638927410870977e-05
5.817877904556655272e-05
5.808766727661285865e-05
5.799290335127131227e-05
5.789432998589129852e-05
5.779178299180719717e-05
5.768509104328889582e-05
5.757407545408838620e-05
5.745854996658169975e-05
5.733832055831853585e-05
0.000000000000000000e+00
8.982711337928517357e-05
6.050441176169624776e-05
6.050432276538871836e-05
6.050417221564274948e-05
6.050395823134847634e-05
6.050364518934588494e-05
6.050333214734330032e-05
6.050288021676232959e-05
6.050242828618138596e-05
6.050175051516836644e-05
6.050107274415531303e-05
6.050039497314229351e-05
6.049971720212924688e-05
6.049870631495592714e-05
6.049769542778263450e-05
6.049668454060931475e-05
6.049567365343600178e-05
6.049438661145565242e-05
6.049309956947525563e-05
6.049161302553930126e-05
6.049012648160336045e-05
6.048842795007757048e-05
6.048672941855174663e-05
6.048480559838201526e-05
6.048288177821228390e-05
6.048071849492273451e-05
6.047855521163322579e-05
6.047613735160572415e-05
6.047371949157824962e-05
6.047103093418289288e-05
6.046834237678753613e-05
6.046536591730757417e-05
6.046238945782759187e-05
6.045910672783960421e-05
6.045582399785160300e-05
6.045221537460290746e-05
6.044860675135419836e-05
6.044465126411361445e-05
6.044069577687305765e-05
6.043637100009936400e-05
6.043204622332566358e-05
6.042732816622442885e-05
6.042261010912317379e-05
6.041747308936745958e-05
6.041233606961175892e-05
6.040675258274202632e-05
6.040116909587225983e-05
6.039510966562016564e-05
6.038905023536804434e-05
6.038248325879697840e-05
6.037591628222593957e-05
6.036880785183005015e-05
6.036169942143412007e-05
6.035401314100701881e-05
6.034632686057991754e-05
6.033802363317049110e-05
6.032972040576108498e-05
6.032075821413358688e-05
6.031179602250609555e-05
6.030212967568497780e-05
6.029246332886388038e-05
6.028223875841770291e-05
6.027162506925452757e-05
6.026060893322552806e-05
6.024917651283625387e-05
6.023731344451428721e-05
6.022500481075106123e-05
6.021223512181675652e-05
6.019898828511857923e-05
6.018524758521124441e-05
6.017099565006778515e-05
6.015621442921862159e-05
6.014088515659452266e-05
6.012498832661298897e-05
6.010850365321229711e-05
6.009141004368776326e-05
6.007368555349146976e-05
6.005530735760267354e-05
6.003625170061848348e-05
6.001649386542526272e-05
5.999600811804830668e-05
5.997476767337389008e-05
5.995274463416345046e-05
5.992990995355794681e-05
5.990623336759214252e-05
5.988168335419660483e-05
5.985622705846984932e-05
5.982983024787918069e-05
5.980245722946217864e-05
5.977407080091656923e-05
5.974463215880765067e-05
5.971410084523243785e-05
5.968243464600485202e-05
5.964958953258325705e-05
5.961551954909086041e-05
5.958017674921181275e-05
5.954351107078103444e-05
5.950547026504098599e-05
5.946599976913437654e-05
5.942504260606045190e-05
5.938253926697580244e-05
5.933842758999062294e-05
5.929264263319325608e-05
5.924511654168833396e-05
5.919577840844167220e-05
5.914455412873152897e-05
5.909136624801834348e-05
5.903613380306209720e-05
5.897877215613699358e-05
5.891919282222228299e-05
5.885730328908360143e-05
5.879300683020338594e-05
5.872620231057456994e-05
5.865678398544018138e-05
5.858464129214255149e-05
5.850965863534950514e-05
5.843171516604198415e-05
5.835068455479660557e-05
5.826643476006951252e-05
5.817882779239677419e-05
5.808771947567492768e-05
5.799295920698212947e-05
5.789438971674909772e-05
5.779184683150973055e-05
5.768515924195141307e-05
5.757414827957153147e-05
5.745862770594008706e-05
5.733840351938221380e-05
0.000000000000000000e+00
8.982709654321945601e-05
6.050439492603493761e-05
6.050430593100697684e-05
6.050415538344938873e-05
6.050394140228572225e-05
6.050362836490145942e-05
6.050331532751716948e-05
6.050286340366232475e-05
6.050241147980745969e-05
6.050173371901967960e-05
6.050105595823187919e-05
6.050037819744408555e-05
6.049970043665632579e-05
6.049868956498606035e-05
6.049767869331580845e-05
6.049666782164556334e-05
6.049565694997531822e-05
6.049436992798415359e-05
6.049308290599300251e-05
6.049159638534366438e-05
6.049010986469425849e-05
6.048841136001546239e-05
6.048671285533661885e-05
6.048478906584628530e-05
6.048286527635593143e-05
6.048070202788615146e-05
6.047853877941629695e-05
6.047612095866750201e-05
6.047370313791869352e-05
6.047101462462239278e-05
6.046832611132607849e-05
6.046534970113974099e-05
6.046237329095336961e-05
6.045909061587906324e-05
6.045580794080474332e-05
6.045219937853053442e-05
6.044859081625631874e-05
6.044463539655345964e-05
6.044067997685060732e-05
6.043635527469867319e-05
6.043203057254675938e-05
6.042731259774641709e-05
6.042259462294607481e-05
6.041745769378799498e-05
6.041232076462989481e-05
6.040673737736173648e-05
6.040115399009357816e-05
6.039509466918180938e-05
6.038903534827001350e-05
6.038246849162176382e-05
6.037590163497356835e-05
6.036879333596039017e-05
6.036168503694723232e-05
6.035399890037320694e-05
6.034631276379918833e-05
6.033800969376520377e-05
6.032970662373121921e-05
6.032074460421643175e-05
6.031178258470156975e-05
6.030211642599700314e-05
6.029245026729243654e-05
6.028222589787561743e-05
6.027161241883616282e-05
6.026059650244902714e-05
6.024916431161990503e-05
6.023730148324361563e-05
6.022499310025276751e-05
6.021222367343325555e-05
6.019897711067919436e-05
6.018523669711540634e-05
6.017098506125291926e-05
6.015620415325313182e-05
6.014087520764220936e-05
6.012497871953676636e-05
6.010849440353491810e-05
6.009140116770779515e-05
6.007367706823957384e-05
6.005529928097174996e-05
6.003624405131482121e-05
6.001648666311476451e-05
5.999600138330207566e-05
5.997476142783256096e-05
5.995273890047654196e-05
5.992990475556890783e-05
5.990622873027043370e-05
5.988167930384680047e-05
5.985622362265532309e-05
5.982982745565865147e-05
5.980245511130392297e-05
5.977406938896646325e-05
5.974463148679283193e-05
5.971410094876534276e-05
5.968243556247474814e-05
5.964959130150206297e-05
5.961552221197067154e-05
5.958018034995916467e-05
5.954351565555809792e-05
5.950547588267356581e-05
5.946600647112479317e-05
5.942505044679896771e-05
5.938254830392723999e-05
5.933843788389487462e-05
5.929265424828053890e-05
5.924512954591069382e-05
5.919579287372184217e-05
5.914457013123088308e-05
5.909138386842528772e-05
5.903615312690284252e-05
5.897879327411057436e-05
5.891921583056203006e-05
5.885732828994717699e-05
5.879303393209425364e-05
5.872623162879731911e-05
5.865681564259310720e-05
5.858467541865073686e-05
5.850969537004182630e-05
5.843175465677679698e-05
5.835072695913973108e-05
5.826648024603029493e-05
5.817887653922703631e-05
5.808777167473702381e-05
5.799301506269289246e-05
5.789444944760690370e-05
5.779191067121227748e-05
5.768522744061395065e-05
5.757422110505466996e-05
5.745870544529848114e-05
5.733848648044586466e-05
0.000000000000000000e+00
8.982707970715372490e-05
6.050437809037360036e-05
6.050428909662524887e-05
6.050413855125608218e-05
6.050392457322298172e-05
6.050361154045702712e-05
6.050329850769105896e-05
6.050284659056231313e-05
6.050239467343354019e-05
6.050171692287097922e-05
6.050103917230843857e-05
6.050036142174590470e-05
6.049968367118337083e-05
6.049867281501618678e-05
6.049766195884898241e-05
6.049665110268177804e-05
6.049564024651461432e-05
6.049435324451269541e-05
6.049306624251075617e-05
6.049157974514798007e-05
6.049009324778521752e-05
6.048839476995337462e-05
6.048669629212148429e-05
6.048477253331053502e-05
6.048284877449960608e-05
6.048068556084950064e-05
6.047852234719941554e-05
6.047610456572926631e-05
6.047368678425911709e-05
6.047099831506188590e-05
6.046830984586462084e-05
6.046533348497188748e-05
6.046235712407916089e-05
6.045907450391850872e-05
6.045579188375787687e-05
6.045218338245815460e-05
6.044857488115843233e-05
6.044461952899329128e-05
6.044066417682813667e-05
6.043633954929798915e-05
6.043201492176783485e-05
6.042729702926841212e-05
6.042257913676902327e-05
6.041744229820850327e-05
6.041230545964799682e-05
6.040672217198143987e-05
6.040113888431487615e-05
6.039507967274343957e-05
6.038902046117196912e-05
6.038245372444656957e-05
6.037588698772114291e-05
6.036877882009075052e-05
6.036167065246033779e-05
6.035398465973938829e-05
6.034629866701845234e-05
6.033799575435993000e-05
6.032969284170140088e-05
6.032073099429923597e-05
6.031176914689706427e-05
6.030210317630902171e-05
6.029243720572099270e-05
6.028221303733351840e-05
6.027159976841781161e-05
6.026058407167249234e-05
6.024915211040355619e-05
6.023728952197297115e-05
6.022498138975447378e-05
6.021221222504976136e-05
6.019896593623984336e-05
6.018522580901956149e-05
6.017097447243806692e-05
6.015619387728762850e-05
6.014086525868986218e-05
6.012496911246054376e-05
6.010848515385752553e-05
6.009139229172782027e-05
6.007366858298771181e-05
6.005529120434079251e-05
6.003623640201114539e-05
6.001647946080426629e-05
5.999599464855583786e-05
5.997475518229125217e-05
5.995273316678960635e-05
5.992989955757984174e-05
5.990622409294872489e-05
5.988167525349697578e-05
5.985622018684081720e-05
5.982982466343805448e-05
5.980245299314566052e-05
5.977406797701635726e-05
5.974463081477800642e-05
5.971410105229827477e-05
5.968243647894461715e-05
5.964959307042088922e-05
5.961552487485046912e-05
5.958018395070653693e-05
5.954352024033517495e-05
5.950548150030611174e-05
5.946601317311520980e-05
5.942505828753746997e-05
5.938255734087869787e-05
5.933844817779912630e-05
5.929266586336780817e-05
5.924514255013299270e-05
5.919580733900200537e-05
5.914458613373023719e-05
5.909140148883223874e-05
5.903617245074358784e-05
5.897881439208416869e-05
5.891923883890177712e-05
5.885735329081076610e-05
5.879306103398509423e-05
5.872626094702004796e-05
5.865684729974605336e-05
5.858470954515888158e-05
5.850973210473415424e-05
5.843179414751160304e-05
5.835076936348287014e-05
5.826652573199109090e-05
5.817892528605727134e-05
5.808782387379908606e-05
5.799307091840368933e-05
5.789450917846470290e-05
5.779197451091481764e-05
5.768529563927648145e-05
5.757429393053778812e-05
5.745878318465687522e-05
5.733856944150952229e-05
0.000000000000000000e+00
8.982706287108799378e-05
6.050436125471228343e-05
6.050427226224353445e-05
6.050412171906270110e-05
6.050390774416024796e-05
6.050359471601262870e-05
6.050328168786498232e-05
6.050282977746229473e-05
6.050237786705960714e-05
6.050170012672230593e-05
6.050102238638501828e-05
6.050034464604772384e-05
6.049966690571047007e-05
6.049865606504629289e-05
6.049764522438217670e-05
6.049663438371804018e-05
6.049562354305391721e-05
6.049433656104121013e-05
6.049304957902849628e-05
6.049156310495234319e-05
6.049007663087614266e-05
6.048837817989126652e-05
6.048667972890632940e-05
6.048475600077479151e-05
6.048283227264322651e-05
6.048066909381287016e-05
6.047850591498250703e-05
6.047608817279104417e-05
6.047367043059956098e-05
6.047098200550136548e-05
6.046829358040316319e-05
6.046531726880405430e-05
6.046234095720494540e-05
6.045905839195797452e-05
6.045577582671100364e-05
6.045216738638579512e-05
6.044855894606055271e-05
6.044460366143312969e-05
6.044064837680565924e-05
6.043632382389729833e-05
6.043199927098891032e-05
6.042728146079040714e-05
6.042256365059192429e-05
6.041742690262901834e-05
6.041229015466613271e-05
6.040670696660114326e-05
6.040112377853623513e-05
6.039506467630506977e-05
6.038900557407393828e-05
6.038243895727135499e-05
6.037587234046876491e-05
6.036876430422109731e-05
6.036165626797343649e-05
6.035397041910558997e-05
6.034628457023773668e-05
6.033798181495462912e-05
6.032967905967152156e-05
6.032071738438204018e-05
6.031175570909255202e-05
6.030208992662104705e-05
6.029242414414954208e-05
6.028220017679142615e-05
6.027158711799944008e-05
6.026057164089599819e-05
6.024913990918722090e-05
6.023727756070231313e-05
6.022496967925619361e-05
6.021220077666624684e-05
6.019895476180047881e-05
6.018521492092368275e-05
6.017096388362318070e-05
6.015618360132212518e-05
6.014085530973752855e-05
6.012495950538430760e-05
6.010847590418011942e-05
6.009138341574784539e-05
6.007366009773580911e-05
6.005528312770984183e-05
6.003622875270744923e-05
6.001647225849376807e-05
5.999598791380960684e-05
5.997474893674992983e-05
5.995272743310271817e-05
5.992989435959078921e-05
5.990621945562702962e-05
5.988167120314716465e-05
5.985621675102629775e-05
5.982982187121748459e-05
5.980245087498739807e-05
5.977406656506625805e-05
5.974463014276319445e-05
5.971410115583117290e-05
5.968243739541449972e-05
5.964959483933970192e-05
5.961552753773028703e-05
5.958018755145386174e-05
5.954352482511225198e-05
5.950548711793868478e-05
5.946601987510563320e-05
5.942506612827601288e-05
5.938256637783013541e-05
5.933845847170339153e-05
5.929267747845507744e-05
5.924515555435534578e-05
5.919582180428216179e-05
5.914460213622961163e-05
5.909141910923917620e-05
5.903619177458435349e-05
5.897883551005776302e-05
5.891926184724151740e-05
5.885737829167433488e-05
5.879308813587594837e-05
5.872629026524279035e-05
5.865687895689899274e-05
5.858474367166706696e-05
5.850976883942648896e-05
5.843183363824639554e-05
5.835081176782600242e-05
5.826657121795188687e-05
5.817897403288751313e-05
5.808787607286115508e-05
5.799312677411450653e-05
5.789456890932251565e-05
5.779203835061737812e-05
5.768536383793899870e-05
5.757436675602092661e-05
5.745886092401526930e-05
5.733865240257319347e-05
0.000000000000000000e+00
8.982704603502227622e-05
6.050434441905100716e-05
6.050425542786182681e-05
6.050410488686939456e-05
6.050389091509747355e-05
6.050357789156818284e-05
6.050326486803888536e-05
6.050281296436228312e-05
6.050236106068567410e-05
6.050168333057365976e-05
6.050100560046159121e-05
6.050032787034956332e-05
6.049965014023752188e-05
6.049863931507643288e-05
6.049762848991536421e-05
6.049661766475428876e-05
6.049560683959321331e-05
6.049431987756973841e-05
6.049303291554624317e-05
6.049154646475666565e-05
6.049006001396707458e-05
6.048836158982913810e-05
6.048666316569119484e-05
6.048473946823903444e-05
6.048281577078686049e-05
6.048065262677623289e-05
6.047848948276561207e-05
6.047607177985280847e-05
6.047365407693999811e-05
6.047096569594084505e-05
6.046827731494170555e-05
6.046530105263620757e-05
6.046232479033072314e-05
6.045904227999744033e-05
6.045575976966412364e-05
6.045215139031342208e-05
6.044854301096270696e-05
6.044458779387296133e-05
6.044063257678321569e-05
6.043630809849659396e-05
6.043198362020997901e-05
6.042726589231240894e-05
6.042254816441483886e-05
6.041741150704954696e-05
6.041227484968424150e-05
6.040669176122089409e-05
6.040110867275752635e-05
6.039504967986670674e-05
6.038899068697590067e-05
6.038242419009611330e-05
6.037585769321635981e-05
6.036874978835145766e-05
6.036164188348654196e-05
6.035395617847176455e-05
6.034627047345700746e-05
6.033796787554934857e-05
6.032966527764169646e-05
6.032070377446485117e-05
6.031174227128805333e-05
6.030207667693305884e-05
6.029241108257811857e-05
6.028218731624932034e-05
6.027157446758106855e-05
6.026055921011948371e-05
6.024912770797087884e-05
6.023726559943166187e-05
6.022495796875791343e-05
6.021218932828274588e-05
6.019894358736110071e-05
6.018520403282782435e-05
6.017095329480834191e-05
6.015617332535662864e-05
6.014084536078519492e-05
6.012494989830808500e-05
6.010846665450276073e-05
6.009137453976787051e-05
6.007365161248391996e-05
6.005527505107889792e-05
6.003622110340380052e-05
6.001646505618324953e-05
5.999598117906334872e-05
5.997474269120862782e-05
5.995272169941580289e-05
5.992988916160172990e-05
5.990621481830532758e-05
5.988166715279734674e-05
5.985621331521179185e-05
5.982981907899694181e-05
5.980244875682912885e-05
5.977406515311617239e-05
5.974462947074837572e-05
5.971410125936407103e-05
5.968243831188436196e-05
5.964959660825849429e-05
5.961553020061009816e-05
5.958019115220124077e-05
5.954352940988933579e-05
5.950549273557123749e-05
5.946602657709604983e-05
5.942507396901448803e-05
5.938257541478158652e-05
5.933846876560761610e-05
5.929268909354235348e-05
5.924516855857767854e-05
5.919583626956231143e-05
5.914461813872895897e-05
5.909143672964614077e-05
5.903621109842508525e-05
5.897885662803134380e-05
5.891928485558125769e-05
5.885740329253791721e-05
5.879311523776680252e-05
5.872631958346553275e-05
5.865691061405193212e-05
5.858477779817523878e-05
5.850980557411883723e-05
5.843187312898120837e-05
5.835085417216915503e-05
5.826661670391268283e-05
5.817902277971774815e-05
5.808792827192323766e-05
5.799318262982527630e-05
5.789462864018030808e-05
5.779210219031991150e-05
5.768543203660152951e-05
5.757443958150405833e-05
5.745893866337364983e-05
5.733873536363686465e-05
0.000000000000000000e+00
8.982702919895654511e-05
6.050432758338969023e-05
6.050423859348010562e-05
6.050408805467606769e-05
6.050387408603473302e-05
6.050356106712375732e-05
6.050324804821278840e-05
6.050279615126227150e-05
6.050234425431176138e-05
6.050166653442495937e-05
6.050098881453815737e-05
6.050031109465136891e-05
6.049963337476458046e-05
6.049862256510657964e-05
6.049761175544855172e-05
6.049660094579054412e-05
6.049559013613250942e-05
6.049430319409825990e-05
6.049301625206399005e-05
6.049152982456100166e-05
6.049004339705799294e-05
6.048834499976703000e-05
6.048664660247603995e-05
6.048472293570329093e-05
6.048279926893052836e-05
6.048063615973960918e-05
6.047847305054870356e-05
6.047605538691456600e-05
6.047363772328042167e-05
6.047094938638033817e-05
6.046826104948023435e-05
6.046528483646836083e-05
6.046230862345650765e-05
6.045902616803687903e-05
6.045574371261725041e-05
6.045213539424102871e-05
6.044852707586481378e-05
6.044457192631279974e-05
6.044061677676077214e-05
6.043629237309593025e-05
6.043196796943105448e-05
6.042725032383440396e-05
6.042253267823777377e-05
6.041739611147004847e-05
6.041225954470235028e-05
6.040667655584060425e-05
6.040109356697883789e-05
6.039503468342835726e-05
6.038897579987785629e-05
6.038240942292089194e-05
6.037584304596395470e-05
6.036873527248179768e-05
6.036162749899964065e-05
6.035394193783795945e-05
6.034625637667628503e-05
6.033795393614406125e-05
6.032965149561185102e-05
6.032069016454770283e-05
6.031172883348353430e-05
6.030206342724510452e-05
6.029239802100666118e-05
6.028217445570723486e-05
6.027156181716271057e-05
6.026054677934298957e-05
6.024911550675453678e-05
6.023725363816100385e-05
6.022494625825961970e-05
6.021217787989925169e-05
6.019893241292173617e-05
6.018519314473197272e-05
6.017094270599346247e-05
6.015616304939111177e-05
6.014083541183284774e-05
6.012494029123186239e-05
6.010845740482536817e-05
6.009136566378788885e-05
6.007364312723203082e-05
6.005526697444798113e-05
6.003621345410011114e-05
6.001645785387273098e-05
5.999597444431711092e-05
5.997473644566731903e-05
5.995271596572887405e-05
5.992988396361267060e-05
5.990621018098362554e-05
5.988166310244754238e-05
5.985620987939726563e-05
5.982981628677639903e-05
5.980244663867087995e-05
5.977406374116606640e-05
5.974462879873355020e-05
5.971410136289699626e-05
5.968243922835425130e-05
5.964959837717731376e-05
5.961553286348991607e-05
5.958019475294859947e-05
5.954353399466639249e-05
5.950549835320381731e-05
5.946603327908646646e-05
5.942508180975303094e-05
5.938258445173304439e-05
5.933847905951188134e-05
5.929270070862964308e-05
5.924518156280001807e-05
5.919585073484248818e-05
5.914463414122831308e-05
5.909145435005307823e-05
5.903623042226583735e-05
5.897887774600495169e-05
5.891930786392099797e-05
5.885742829340148599e-05
5.879314233965766344e-05
5.872634890168828192e-05
5.865694227120486472e-05
5.858481192468341738e-05
5.850984230881117873e-05
5.843191261971598732e-05
5.835089657651228054e-05
5.826666218987347880e-05
5.817907152654799673e-05
5.808798047098532702e-05
5.799323848553607994e-05
5.789468837103811406e-05
5.779216603002246521e-05
5.768550023526404676e-05
5.757451240698720359e-05
5.745901640273203714e-05
5.733881832470053583e-05
0.000000000000000000e+00
8.982701236289084110e-05
6.050431074772833265e-05
6.050422175909840475e-05
6.050407122248270693e-05
6.050385725697199249e-05
6.050354424267931824e-05
6.050323122838668465e-05
6.050277933816224633e-05
6.050232744793783510e-05
6.050164973827626576e-05
6.050097202861473030e-05
6.050029431895318128e-05
6.049961660929163904e-05
6.049860581513668575e-05
6.049759502098171890e-05
6.049658422682676560e-05
6.049557343267181230e-05
6.049428651062677462e-05
6.049299958858175049e-05
6.049151318436534445e-05
6.049002678014892486e-05
6.048832840970492868e-05
6.048663003926091217e-05
6.048470640316754065e-05
6.048278276707415557e-05
6.048061969270297869e-05
6.047845661833180860e-05
6.047603899397632353e-05
6.047362136962085879e-05
6.047093307681983130e-05
6.046824478401877670e-05
6.046526862030053443e-05
6.046229245658230571e-05
6.045901005607634483e-05
6.045572765557037718e-05
6.045211939816866244e-05
6.044851114076694093e-05
6.044455605875262460e-05
6.044060097673831504e-05
6.043627664769525299e-05
6.043195231865213673e-05
6.042723475535643286e-05
6.042251719206068156e-05
6.041738071589057709e-05
6.041224423972045229e-05
6.040666135046030764e-05
6.040107846120016299e-05
6.039501968698999423e-05
6.038896091277983901e-05
6.038239465574568414e-05
6.037582839871158348e-05
6.036872075661214447e-05
6.036161311451272580e-05
6.035392769720414758e-05
6.034624227989555581e-05
6.033793999673875359e-05
6.032963771358200558e-05
6.032067655463052737e-05
6.031171539567903561e-05
6.030205017755711631e-05
6.029238495943519701e-05
6.028216159516516293e-05
6.027154916674437292e-05
6.026053434856646832e-05
6.024910330553819471e-05
6.023724167689035937e-05
6.022493454776133275e-05
6.021216643151575072e-05
6.019892123848236484e-05
6.018518225663611432e-05
6.017093211717862368e-05
6.015615277342561523e-05
6.014082546288050733e-05
6.012493068415563979e-05
6.010844815514796206e-05
6.009135678780795463e-05
6.007363464198014845e-05
6.005525889781701689e-05
6.003620580479640821e-05
6.001645065156221921e-05
5.999596770957088668e-05
5.997473020012600346e-05
5.995271023204195877e-05
5.992987876562361129e-05
5.990620554366190995e-05
5.988165905209772447e-05
5.985620644358277329e-05
5.982981349455583593e-05
5.980244452051261073e-05
5.977406232921598074e-05
5.974462812671873146e-05
5.971410146642991472e-05
5.968244014482412710e-05
5.964960014609614679e-05
5.961553552636972720e-05
5.958019835369597172e-05
5.954353857944345597e-05
5.950550397083638357e-05
5.946603998107684921e-05
5.942508965049154675e-05
5.938259348868449549e-05
5.933848935341611269e-05
5.929271232371689879e-05
5.924519456702235083e-05
5.919586520012265138e-05
5.914465014372764686e-05
5.909147197046003602e-05
5.903624974610656234e-05
5.897889886397853247e-05
5.891933087226073826e-05
5.885745329426507510e-05
5.879316944154849048e-05
5.872637821991101754e-05
5.865697392835781765e-05
5.858484605119158921e-05
5.850987904350352022e-05
5.843195211045082047e-05
5.835093898085542637e-05
5.826670767583426799e-05
5.817912027337823852e-05
5.808803267004739604e-05
5.799329434124688359e-05
5.789474810189590648e-05
5.779222986972502570e-05
5.768556843392659789e-05
5.757458523247033531e-05
5.745909414209042444e-05
5.733890128576419346e-05
0.000000000000000000e+00
8.982699552682510999e-05
6.050429391206702250e-05
6.050420492471667001e-05
6.050405439028933941e-05
6.050384042790923162e-05
6.050352741823491305e-05
6.050321440856059447e-05
6.050276252506225504e-05
6.050231064156388850e-05
6.050163294212758570e-05
6.050095524269130323e-05
6.050027754325500043e-05
6.049959984381871796e-05
6.049858906516681896e-05
6.049757828651490641e-05
6.049656750786300741e-05
6.049555672921112196e-05
6.049426982715531645e-05
6.049298292509951093e-05
6.049149654416966014e-05
6.049001016323984323e-05
6.048831181964281381e-05
6.048661347604579117e-05
6.048468987063179036e-05
6.048276626521781666e-05
6.048060322566635498e-05
6.047844018611490008e-05
6.047602260103810139e-05
6.047360501596133657e-05
6.047091676725929054e-05
6.046822851855729195e-05
6.046525240413268770e-05
6.046227628970807667e-05
6.045899394411580386e-05
6.045571159852352428e-05
6.045210340209628263e-05
6.044849520566906130e-05
6.044454019119246301e-05
6.044058517671587150e-05
6.043626092229454862e-05
6.043193666787321220e-05
6.042721918687840078e-05
6.042250170588361647e-05
6.041736532031108538e-05
6.041222893473858818e-05
6.040664614508001103e-05
6.040106335542146776e-05
6.039500469055162442e-05
6.038894602568179462e-05
6.038237988857048311e-05
6.037581375145915127e-05
6.036870624074250482e-05
6.036159873002586515e-05
6.035391345657032216e-05
6.034622818311481982e-05
6.033792605733347982e-05
6.032962393155213982e-05
6.032066294471333836e-05
6.031170195787450980e-05
6.030203692786914843e-05
6.029237189786376672e-05
6.028214873462306390e-05
6.027153651632599461e-05
6.026052191778997417e-05
6.024909110432185943e-05
6.023722971561969457e-05
6.022492283726302547e-05
6.021215498313226331e-05
6.019891006404300707e-05
6.018517136854024236e-05
6.017092152836374424e-05
6.015614249746011191e-05
6.014081551392818725e-05
6.012492107707941718e-05
6.010843890547060337e-05
6.009134791182797975e-05
6.007362615672826609e-05
6.005525082118606621e-05
6.003619815549275272e-05
6.001644344925170067e-05
5.999596097482463533e-05
5.997472395458468790e-05
5.995270449835501638e-05
5.992987356763457231e-05
5.990620090634020791e-05
5.988165500174793366e-05
5.985620300776824028e-05
5.982981070233527282e-05
5.980244240235435505e-05
5.977406091726586798e-05
5.974462745470389917e-05
5.971410156996281285e-05
5.968244106129400966e-05
5.964960191501497304e-05
5.961553818924953156e-05
5.958020195444332364e-05
5.954354316422054655e-05
5.950550958846894306e-05
5.946604668306728616e-05
5.942509749123008289e-05
5.938260252563594660e-05
5.933849964732036437e-05
5.929272393880417484e-05
5.924520757124469714e-05
5.919587966540281458e-05
5.914466614622701453e-05
5.909148959086698026e-05
5.903626906994732798e-05
5.897891998195212680e-05
5.891935388060047854e-05
5.885747829512863710e-05
5.879319654343935140e-05
5.872640753813375316e-05
5.865700558551075025e-05
5.858488017769976781e-05
5.850991577819584816e-05
5.843199160118561975e-05
5.835098138519856543e-05
5.826675316179505718e-05
5.817916902020847355e-05
5.808808486910947184e-05
5.799335019695766013e-05
5.789480783275371246e-05
5.779229370942757263e-05
5.768563663258912869e-05
5.757465805795347380e-05
5.745917188144881175e-05
5.733898424682787141e-05
0.000000000000000000e+00
8.982697869075937887e-05
6.050427707640570557e-05
6.050418809033493526e-05
6.050403755809601253e-05
6.050382359884647754e-05
6.050351059379050107e-05
6.050319758873449073e-05
6.050274571196222309e-05
6.050229383518996901e-05
6.050161614597892597e-05
6.050093845676785583e-05
6.050026076755679925e-05
6.049958307834576977e-05
6.049857231519691151e-05
6.049756155204809391e-05
6.049655078889926277e-05
6.049554002575043162e-05
6.049425314368381761e-05
6.049296626161723071e-05
6.049147990397400971e-05
6.048999354633078870e-05
6.048829522958069216e-05
6.048659691283064305e-05
6.048467333809604007e-05
6.048274976336145742e-05
6.048058675862972449e-05
6.047842375389801868e-05
6.047600620809987925e-05
6.047358866230173304e-05
6.047090045769879722e-05
6.046821225309586141e-05
6.046523618796483419e-05
6.046226012283384762e-05
6.045897783215525612e-05
6.045569554147664428e-05
6.045208740602391636e-05
6.044847927057119523e-05
6.044452432363228787e-05
6.044056937669338051e-05
6.043624519689384426e-05
6.043192101709429445e-05
6.042720361840040936e-05
6.042248621970651749e-05
6.041734992473161400e-05
6.041221362975669019e-05
6.040663093969973475e-05
6.040104824964277253e-05
6.039498969411326816e-05
6.038893113858375024e-05
6.038236512139523465e-05
6.037579910420672584e-05
6.036869172487285839e-05
6.036158434553895029e-05
6.035389921593650351e-05
6.034621408633407706e-05
6.033791211792820605e-05
6.032961014952232148e-05
6.032064933479614258e-05
6.031168852006998400e-05
6.030202367818113989e-05
6.029235883629232288e-05
6.028213587408097165e-05
6.027152386590762308e-05
6.026050948701345292e-05
6.024907890310551059e-05
6.023721775434905009e-05
6.022491112676475207e-05
6.021214353474876912e-05
6.019889888960361542e-05
6.018516048044437718e-05
6.017091093954887157e-05
6.015613222149459504e-05
6.014080556497584685e-05
6.012491147000318780e-05
6.010842965579321081e-05
6.009133903584801842e-05
6.007361767147636339e-05
6.005524274455514264e-05
6.003619050618908367e-05
6.001643624694121600e-05
5.999595424007840431e-05
5.997471770904335878e-05
5.995269876466813498e-05
5.992986836964549945e-05
5.990619626901849231e-05
5.988165095139808187e-05
5.985619957195374794e-05
5.982980791011470293e-05
5.980244028419608583e-05
5.977405950531574844e-05
5.974462678268908044e-05
5.971410167349571775e-05
5.968244197776388546e-05
5.964960368393377218e-05
5.961554085212934269e-05
5.958020555519067557e-05
5.954354774899761003e-05
5.950551520610150932e-05
5.946605338505770279e-05
5.942510533196857837e-05
5.938261156258738414e-05
5.933850994122462282e-05
5.929273555389147121e-05
5.924522057546702990e-05
5.919589413068297777e-05
5.914468214872635509e-05
5.909150721127393805e-05
5.903628839378805975e-05
5.897894109992571436e-05
5.891937688894021883e-05
5.885750329599221265e-05
5.879322364533021232e-05
5.872643685635649556e-05
5.865703724266371674e-05
5.858491430420793963e-05
5.850995251288818966e-05
5.843203109192040548e-05
5.835102378954171805e-05
5.826679864775586670e-05
5.817921776703872890e-05
5.808813706817154765e-05
5.799340605266845700e-05
5.789486756361150488e-05
5.779235754913010601e-05
5.768570483125165272e-05
5.757473088343660552e-05
5.745924962080721938e-05
5.733906720789152904e-05
0.000000000000000000e+00
8.982696185469364776e-05
6.050426024074440220e-05
6.050417125595324117e-05
6.050402072590267889e-05
6.050380676978375056e-05
6.050349376934606200e-05
6.050318076890840054e-05
6.050272889886221147e-05
6.050227702881603596e-05
6.050159934983023914e-05
6.050092167084443554e-05
6.050024399185863195e-05
6.049956631287284868e-05
6.049855556522705827e-05
6.049754481758129498e-05
6.049653406993550457e-05
6.049552332228972772e-05
6.049423646021235944e-05
6.049294959813499793e-05
6.049146326377834572e-05
6.048997692942171384e-05
6.048827863951860439e-05
6.048658034961551527e-05
6.048465680556031011e-05
6.048273326150511173e-05
6.048057029159311434e-05
6.047840732168110339e-05
6.047598981516164355e-05
6.047357230864218371e-05
6.047088414813830390e-05
6.046819598763438343e-05
6.046521997179702133e-05
6.046224395595964569e-05
6.045896172019470837e-05
6.045567948442977105e-05
6.045207140995152300e-05
6.044846333547330882e-05
6.044450845607213983e-05
6.044055357667093697e-05
6.043622947149316022e-05
6.043190536631537669e-05
6.042718804992240438e-05
6.042247073352945239e-05
6.041733452915212907e-05
6.041219832477479220e-05
6.040661573431943814e-05
6.040103314386409763e-05
6.039497469767491191e-05
6.038891625148570585e-05
6.038235035422003362e-05
6.037578445695435461e-05
6.036867720900321196e-05
6.036156996105203543e-05
6.035388497530269164e-05
6.034619998955335462e-05
6.033789817852291195e-05
6.032959636749246250e-05
6.032063572487897390e-05
6.031167508226547175e-05
6.030201042849317878e-05
6.029234577472086549e-05
6.028212301353889295e-05
6.027151121548927865e-05
6.026049705623694522e-05
6.024906670188916852e-05
6.023720579307837851e-05
6.022489941626647868e-05
6.021213208636526137e-05
6.019888771516425087e-05
6.018514959234853233e-05
6.017090035073401923e-05
6.015612194552909849e-05
6.014079561602350644e-05
6.012490186292696520e-05
6.010842040611583857e-05
6.009133015986805709e-05
6.007360918622448780e-05
6.005523466792417840e-05
6.003618285688540107e-05
6.001642904463067713e-05
5.999594750533215296e-05
5.997471146350207032e-05
5.995269303098120614e-05
5.992986317165646047e-05
5.990619163169679027e-05
5.988164690104827751e-05
5.985619613613923527e-05
5.982980511789414660e-05
5.980243816603782338e-05
5.977405809336566278e-05
5.974462611067428203e-05
5.971410177702861588e-05
5.968244289423375447e-05
5.964960545285259166e-05
5.961554351500914027e-05
5.958020915593805459e-05
5.954355233377468706e-05
5.950552082373406203e-05
5.946606008704811942e-05
5.942511317270708063e-05
5.938262059953882169e-05
5.933852023512885417e-05
5.929274716897873370e-05
5.924523357968935588e-05
5.919590859596314775e-05
5.914469815122573630e-05
5.909152483168085519e-05
5.903630771762880507e-05
5.897896221789930191e-05
5.891939989727995911e-05
5.885752829685580176e-05
5.879325074722105968e-05
5.872646617457923118e-05
5.865706889981664256e-05
5.858494843071610468e-05
5.850998924758051760e-05
5.843207058265521153e-05
5.835106619388484355e-05
5.826684413371666267e-05
5.817926651386895714e-05
5.808818926723363022e-05
5.799346190837927420e-05
5.789492729446931086e-05
5.779242138883264616e-05
5.768577302991419030e-05
5.757480370891974401e-05
5.745932736016558636e-05
5.733915016895521378e-05
0.000000000000000000e+00
8.982694502436012064e-05
6.050424341085942984e-05
6.050415442739074474e-05
6.050400389956943765e-05
6.050378994662194976e-05
6.050347695083893086e-05
6.050316395505589840e-05
6.050271209177216967e-05
6.050226022848840027e-05
6.050158255975303704e-05
6.050090489101766703e-05
6.050022722228228346e-05
6.049954955354694733e-05
6.049853882142940538e-05
6.049752808931187020e-05
6.049651735719433501e-05
6.049550662507680661e-05
6.049421978299970225e-05
6.049293294092265209e-05
6.049144662986370886e-05
6.048996031880468432e-05
6.048826205574776236e-05
6.048656379269079297e-05
6.048464027931417926e-05
6.048271676593757910e-05
6.048055383083027393e-05
6.047839089572296198e-05
6.047597342846717231e-05
6.047355596121139619e-05
6.047086784477449355e-05
6.046817972833764513e-05
6.046520376176184899e-05
6.046222779518610707e-05
6.045894561428240955e-05
6.045566343337873912e-05
6.045205541982260396e-05
6.044844740626645525e-05
6.044449259432605305e-05
6.044053778238565086e-05
6.043621375175269592e-05
6.043188972111976132e-05
6.042717248692127378e-05
6.042245525272276591e-05
6.041731913883658799e-05
6.041218302495041684e-05
6.040660053395452525e-05
6.040101804295864045e-05
6.039495970596764801e-05
6.038890136897666236e-05
6.038233559144842136e-05
6.037576981392020069e-05
6.036866269716645880e-05
6.036155558041268304e-05
6.035387073827845985e-05
6.034618589614426377e-05
6.033788424225132127e-05
6.032958258835837876e-05
6.032062211755540655e-05
6.031166164675244112e-05
6.030199718079455926e-05
6.029233271483664351e-05
6.028211015432492125e-05
6.027149856603993314e-05
6.026048462602685184e-05
6.024905450083662908e-05
6.023719383152061020e-05
6.022488770503011432e-05
6.021212063673904110e-05
6.019887653897748446e-05
6.018513870194076864e-05
6.017088975904276497e-05
6.015611166605604529e-05
6.014078566293244786e-05
6.012489225100635788e-05
6.010841115088844219e-05
6.009132127754919934e-05
6.007360069384484351e-05
6.005522658328339957e-05
6.003617519868979698e-05
6.001642183244159957e-05
5.999594075972067118e-05
5.997470520599140672e-05
5.995268728422081166e-05
5.992985795935760622e-05
5.990618697882895723e-05
5.988164283376698249e-05
5.985619268200782485e-05
5.982980230580297660e-05
5.980243602645516357e-05
5.977405665824682722e-05
5.974462541374636084e-05
5.971410185368795719e-05
5.968244378186956487e-05
5.964960719073117727e-05
5.961554614464257618e-05
5.958021272095298282e-05
5.954355688033335291e-05
5.950552640042803518e-05
5.946606674520911435e-05
5.942512096654274618e-05
5.938262958631850555e-05
5.933853047538294021e-05
5.929275872671284646e-05
5.924524652261460442e-05
5.919592299574357450e-05
5.914471408374482751e-05
5.909154237732827170e-05
5.903632696160930545e-05
5.897898325056587031e-05
5.891942281449304890e-05
5.885755320037107331e-05
5.879327774510812636e-05
5.872649538167416469e-05
5.865710043821136823e-05
5.858498243028783094e-05
5.851002584656512986e-05
5.843210992826837773e-05
5.835110844299543922e-05
5.826688945357743509e-05
5.817931508290965316e-05
5.808824127592261168e-05
5.799351756016019407e-05
5.789498680678005325e-05
5.779248499421420763e-05
5.768584097721884019e-05
5.757487626462773383e-05
5.745940480982118906e-05
5.733923281873400579e-05
0.000000000000000000e+00
8.982692819402662062e-05
6.050422658097445071e-05
6.050413759882830253e-05
6.050398707323616254e-05
6.050377312346014218e-05
6.050346013233177939e-05
6.050314714120347081e-05
6.050269528468210753e-05
6.050224342816077814e-05
6.050156576967584849e-05
6.050088811119093239e-05
6.050021045270597564e-05
6.049953279422107987e-05
6.049852207763176603e-05
6.049751136104247930e-05
6.049650064445317901e-05
6.049548992786390583e-05
6.049420310578711282e-05
6.049291628371036047e-05
6.049142999594903813e-05
6.048994370818767513e-05
6.048824547197690000e-05
6.048654723576612488e-05
6.048462375306808906e-05
6.048270027037003970e-05
6.048053737006746063e-05
6.047837446976484768e-05
6.047595704177272140e-05
6.047353961378058835e-05
6.047085154141073064e-05
6.046816346904089327e-05
6.046518755172674442e-05
6.046221163441256846e-05
6.045892950837014460e-05
6.045564738232769365e-05
6.045203942969365105e-05
6.044843147705959490e-05
6.044447673257997983e-05
6.044052198810033764e-05
6.043619803201224518e-05
6.043187407592413239e-05
6.042715692392011608e-05
6.042243977191610654e-05
6.041730374852105368e-05
6.041216772512601437e-05
6.040658533358961237e-05
6.040100294205321037e-05
6.039494471426039090e-05
6.038888648646759854e-05
6.038232082867683620e-05
6.037575517088607387e-05
6.036864818532969209e-05
6.036154119977332386e-05
6.035385650125426194e-05
6.034617180273521358e-05
6.033787030597974414e-05
6.032956880922428825e-05
6.032060851023185954e-05
6.031164821123942405e-05
6.030198393309589908e-05
6.029231965495239444e-05
6.028209729511093600e-05
6.027148591659060118e-05
6.026047219581675846e-05
6.024904229978410319e-05
6.023718186996283511e-05
6.022487599379376352e-05
6.021210918711281405e-05
6.019886536279070449e-05
6.018512781153305917e-05
6.017087916735153782e-05
6.015610138658299209e-05
6.014077570984136895e-05
6.012488263908578445e-05
6.010840189566105937e-05
6.009131239523038225e-05
6.007359220146521277e-05
6.005521849864260041e-05
6.003616754049417257e-05
6.001641462025250167e-05
5.999593401410920296e-05
5.997469894848071601e-05
5.995268153746042395e-05
5.992985274705875197e-05
5.990618232596115806e-05
5.988163876648567392e-05
5.985618922787644153e-05
5.982979949371176594e-05
5.980243388687251732e-05
5.977405522312799165e-05
5.974462471681845998e-05
5.971410193034727817e-05
5.968244466950538881e-05
5.964960892860975611e-05
5.961554877427597144e-05
5.958021628596795171e-05
5.954356142689199843e-05
5.950553197712196767e-05
5.946607340337007540e-05
5.942512876037840496e-05
5.938263857309818941e-05
5.933854071563699915e-05
5.929277028444694566e-05
5.924525946553980553e-05
5.919593739552400126e-05
5.914473001626391194e-05
5.909155992297566789e-05
5.903634620558979228e-05
5.897900428323244549e-05
5.891944573170615224e-05
5.885757810388634486e-05
5.879330474299518627e-05
5.872652458876909142e-05
5.865713197660607357e-05
5.858501642985957075e-05
5.851006244554975567e-05
5.843214927388154392e-05
5.835115069210602810e-05
5.826693477343819396e-05
5.817936365195031529e-05
5.808829328461158635e-05
5.799357321194112749e-05
5.789504631909074144e-05
5.779254859959574199e-05
5.768590892452350364e-05
5.757494882033573042e-05
5.745948225947675788e-05
5.733931546851282491e-05
0.000000000000000000e+00
8.982691136369307995e-05
6.050420975108953934e-05
6.050412077026581965e-05
6.050397024690293485e-05
6.050375630029834815e-05
6.050344331382468213e-05
6.050313032735097545e-05
6.050267847759208605e-05
6.050222662783315600e-05
6.050154897959864639e-05
6.050087133136414355e-05
6.050019368312965426e-05
6.049951603489517852e-05
6.049850533383410636e-05
6.049749463277306807e-05
6.049648393171205011e-05
6.049547323065099149e-05
6.049418642857452339e-05
6.049289962649801464e-05
6.049141336203437417e-05
6.048992709757068626e-05
6.048822888820606475e-05
6.048653067884142290e-05
6.048460722682197854e-05
6.048268377480253417e-05
6.048052090930461345e-05
6.047835804380674016e-05
6.047594065507825016e-05
6.047352326634976017e-05
6.047083523804695418e-05
6.046814720974415496e-05
6.046517134169156530e-05
6.046219547363899596e-05
6.045891340245784578e-05
6.045563133127666172e-05
6.045202343956470491e-05
6.044841554785273456e-05
6.044446087083387949e-05
6.044050619381505153e-05
6.043618231227178766e-05
6.043185843072853734e-05
6.042714136091897870e-05
6.042242429110941329e-05
6.041728835820553293e-05
6.041215242530161868e-05
6.040657013322469948e-05
6.040098784114773963e-05
6.039492972255315411e-05
6.038887160395854149e-05
6.038230606590522394e-05
6.037574052785191995e-05
6.036863367349293893e-05
6.036152681913395114e-05
6.035384226423004371e-05
6.034615770932611595e-05
6.033785636970816023e-05
6.032955503009020451e-05
6.032059490290829897e-05
6.031163477572639342e-05
6.030197068539726600e-05
6.029230659506816569e-05
6.028208443589695752e-05
6.027147326714126923e-05
6.026045976560667186e-05
6.024903009873157730e-05
6.023716990840503969e-05
6.022486428255741949e-05
6.021209773748655312e-05
6.019885418660393808e-05
6.018511692112527516e-05
6.017086857566031067e-05
6.015609110710991856e-05
6.014076575675031037e-05
6.012487302716518390e-05
6.010839264043369009e-05
6.009130351291152450e-05
6.007358370908555493e-05
6.005521041400182158e-05
6.003615988229855493e-05
6.001640740806338345e-05
5.999592726849772118e-05
5.997469269097005241e-05
5.995267579070002946e-05
5.992984753475991128e-05
5.990617767309331146e-05
5.988163469920436535e-05
5.985618577374505822e-05
5.982979668162057561e-05
5.980243174728985751e-05
5.977405378800915609e-05
5.974462401989056589e-05
5.971410200700663304e-05
5.968244555714119243e-05
5.964961066648834172e-05
5.961555140390939380e-05
5.958021985098292060e-05
5.954356597345065750e-05
5.950553755381594759e-05
5.946608006153105677e-05
5.942513655421410439e-05
5.938264755987785295e-05
5.933855095589105809e-05
5.929278184218104487e-05
5.924527240846503374e-05
5.919595179530442802e-05
5.914474594878300315e-05
5.909157746862307085e-05
5.903636544957026555e-05
5.897902531589901390e-05
5.891946864891924203e-05
5.885760300740162319e-05
5.879333174088222585e-05
5.872655379586402493e-05
5.865716351500079923e-05
5.858505042943129701e-05
5.851009904453438826e-05
5.843218861949470334e-05
5.835119294121664409e-05
5.826698009329896638e-05
5.817941222099099776e-05
5.808834529330055425e-05
5.799362886372206092e-05
5.789510583140147705e-05
5.779261220497731023e-05
5.768597687182816031e-05
5.757502137604372702e-05
5.745955970913236058e-05
5.733939811829163725e-05
0.000000000000000000e+00
8.982689453335953927e-05
6.050419292120455344e-05
6.050410394170334356e-05
6.050395342056972073e-05
6.050373947713652025e-05
6.050342649531751711e-05
6.050311351349850719e-05
6.050266167050203747e-05
6.050220982750554064e-05
6.050153218952148494e-05
6.050085455153740214e-05
6.050017691355334643e-05
6.049949927556929073e-05
6.049848859003647379e-05
6.049747790450367039e-05
6.049646721897086700e-05
6.049545653343807715e-05
6.049416975136186620e-05
6.049288296928568236e-05
6.049139672811968988e-05
6.048991048695368384e-05
6.048821230443519561e-05
6.048651412191673448e-05
6.048459070057587479e-05
6.048266727923498121e-05
6.048050444854181370e-05
6.047834161784863941e-05
6.047592426838380603e-05
6.047350691891898621e-05
6.047081893468318449e-05
6.046813095044739633e-05
6.046515513165642006e-05
6.046217931286549123e-05
6.045889729654554018e-05
6.045561528022565690e-05
6.045200744943574523e-05
6.044839961864586066e-05
6.044444500908779949e-05
6.044049039952977898e-05
6.043616659253133692e-05
6.043184278553291518e-05
6.042712579791782777e-05
6.042240881030273359e-05
6.041727296788997151e-05
6.041213712547722977e-05
6.040655493285977982e-05
6.040097274024231632e-05
6.039491473084589022e-05
6.038885672144947089e-05
6.038229130313362523e-05
6.037572588481778636e-05
6.036861916165619932e-05
6.036151243849458519e-05
6.035382802720579837e-05
6.034614361591702510e-05
6.033784243343656955e-05
6.032954125095612755e-05
6.032058129558474517e-05
6.031162134021336279e-05
6.030195743769864648e-05
6.029229353518392339e-05
6.028207157668298582e-05
6.027146061769193727e-05
6.026044733539658526e-05
6.024901789767903785e-05
6.023715794684726460e-05
6.022485257132107546e-05
6.021208628786033285e-05
6.019884301041717844e-05
6.018510603071753858e-05
6.017085798396906319e-05
6.015608082763687213e-05
6.014075580365922468e-05
6.012486341524461047e-05
6.010838338520632082e-05
6.009129463059267352e-05
6.007357521670593097e-05
6.005520232936102919e-05
6.003615222410295084e-05
6.001640019587430589e-05
5.999592052288623941e-05
5.997468643345940236e-05
5.995267004393963498e-05
5.992984232246105703e-05
5.990617302022550552e-05
5.988163063192305678e-05
5.985618231961367490e-05
5.982979386952937850e-05
5.980242960770719093e-05
5.977405235289032052e-05
5.974462332296265826e-05
5.971410208366598112e-05
5.968244644477700960e-05
5.964961240436691378e-05
5.961555403354280261e-05
5.958022341599786238e-05
5.954357052000933690e-05
5.950554313050988685e-05
5.946608671969203137e-05
5.942514434804973606e-05
5.938265654665751648e-05
5.933856119614515091e-05
5.929279339991515763e-05
5.924528535139026873e-05
5.919596619508486833e-05
5.914476188130210791e-05
5.909159501427046026e-05
5.903638469355077271e-05
5.897904634856558230e-05
5.891949156613235215e-05
5.885762791091689474e-05
5.879335873876929253e-05
5.872658300295895844e-05
5.865719505339549102e-05
5.858508442900304359e-05
5.851013564351900730e-05
5.843222796510785599e-05
5.835123519032722620e-05
5.826702541315973880e-05
5.817946079003168022e-05
5.808839730198953570e-05
5.799368451550300112e-05
5.789516534371220589e-05
5.779267581035884459e-05
5.768604481913281021e-05
5.757509393175173717e-05
5.745963715878795651e-05
5.733948076807044282e-05
0.000000000000000000e+00
8.982687770302601215e-05
6.050417609131962174e-05
6.050408711314084713e-05
6.050393659423647949e-05
6.050372265397471267e-05
6.050340967681039952e-05
6.050309669964602538e-05
6.050264486341197533e-05
6.050219302717791173e-05
6.050151539944428284e-05
6.050083777171064040e-05
6.050016014397701150e-05
6.049948251624340294e-05
6.049847184623884122e-05
6.049746117623426594e-05
6.049645050622971777e-05
6.049543983622516282e-05
6.049415307414927000e-05
6.049286631207335686e-05
6.049138009420503269e-05
6.048989387633667465e-05
6.048819572066437391e-05
6.048649756499203251e-05
6.048457417432975749e-05
6.048265078366744181e-05
6.048048798777899362e-05
6.047832519189052510e-05
6.047590788168934157e-05
6.047349057148817159e-05
6.047080263131939448e-05
6.046811469115065803e-05
6.046513892162129516e-05
6.046216315209192551e-05
6.045888119063328202e-05
6.045559922917462497e-05
6.045199145930682619e-05
6.044838368943900709e-05
6.044442914734173304e-05
6.044047460524446577e-05
6.043615087279087940e-05
6.043182714033729303e-05
6.042711023491669040e-05
6.042239332949606744e-05
6.041725757757446431e-05
6.041212182565283408e-05
6.040653973249487371e-05
6.040095763933685914e-05
6.039489973913864665e-05
6.038884183894042062e-05
6.038227654036203330e-05
6.037571124178365954e-05
6.036860464981942583e-05
6.036149805785522601e-05
6.035381379018158691e-05
6.034612952250796136e-05
6.033782849716499920e-05
6.032952747182203704e-05
6.032056768826119138e-05
6.031160790470033894e-05
6.030194419000001340e-05
6.029228047529968786e-05
6.028205871746901412e-05
6.027144796824262564e-05
6.026043490518648510e-05
6.024900569662650519e-05
6.023714598528948951e-05
6.022484086008471788e-05
6.021207483823411935e-05
6.019883183423040525e-05
6.018509514030980200e-05
6.017084739227782249e-05
6.015607054816380538e-05
6.014074585056817287e-05
6.012485380332401670e-05
6.010837412997893121e-05
6.009128574827385643e-05
6.007356672432629345e-05
6.005519424472024358e-05
6.003614456590733998e-05
6.001639298368520800e-05
5.999591377727475763e-05
5.997468017594871843e-05
5.995266429717924727e-05
5.992983711016220956e-05
5.990616836735767925e-05
5.988162656464175498e-05
5.985617886548228481e-05
5.982979105743817461e-05
5.980242746812453112e-05
5.977405091777146463e-05
5.974462262603477095e-05
5.971410216032529533e-05
5.968244733241280644e-05
5.964961414224550617e-05
5.961555666317621820e-05
5.958022698101282449e-05
5.954357506656798242e-05
5.950554870720385322e-05
5.946609337785301952e-05
5.942515214188540839e-05
5.938266553343719356e-05
5.933857143639921663e-05
5.929280495764924328e-05
5.924529829431547662e-05
5.919598059486528153e-05
5.914477781382119912e-05
5.909161255991786323e-05
5.903640393753125276e-05
5.897906738123215070e-05
5.891951448334544871e-05
5.885765281443217306e-05
5.879338573665635921e-05
5.872661221005389195e-05
5.865722659179021668e-05
5.858511842857476307e-05
5.851017224250361956e-05
5.843226731072102218e-05
5.835127743943782186e-05
5.826707073302050445e-05
5.817950935907237624e-05
5.808844931067850360e-05
5.799374016728392776e-05
5.789522485602292118e-05
5.779273941574039928e-05
5.768611276643748721e-05
5.757516648745972021e-05
5.745971460844354566e-05
5.733956341784925516e-05
0.000000000000000000e+00
8.982686087269248503e-05
6.050415926143466971e-05
6.050407028457839814e-05
6.050391976790322470e-05
6.050370583081294575e-05
6.050339285830326160e-05
6.050307988579358424e-05
6.050262805632191998e-05
6.050217622685028282e-05
6.050149860936708751e-05
6.050082099188389221e-05
6.050014337440070368e-05
6.049946575691750837e-05
6.049845510244118154e-05
6.049744444796488859e-05
6.049643379348856176e-05
6.049542313901224171e-05
6.049413639693663992e-05
6.049284965486104491e-05
6.049136346029036873e-05
6.048987726571966546e-05
6.048817913689349799e-05
6.048648100806735086e-05
6.048455764808363341e-05
6.048263428809989563e-05
6.048047152701615321e-05
6.047830876593241758e-05
6.047589149499489066e-05
6.047347422405737052e-05
6.047078632795562479e-05
6.046809843185388584e-05
6.046512271158614314e-05
6.046214699131838012e-05
6.045886508472097642e-05
6.045558317812357949e-05
6.045197546917786650e-05
6.044836776023214674e-05
6.044441328559565981e-05
6.044045881095915933e-05
6.043613515305042188e-05
6.043181149514168443e-05
6.042709467191554625e-05
6.042237784868937419e-05
6.041724218725890968e-05
6.041210652582847227e-05
6.040652453212991339e-05
6.040094253843141550e-05
6.039488474743138276e-05
6.038882695643138390e-05
6.038226177759044137e-05
6.037569659874951239e-05
6.036859013798268623e-05
6.036148367721586684e-05
6.035379955315736867e-05
6.034611542909886373e-05
6.033781456089341529e-05
6.032951369268795330e-05
6.032055408093763758e-05
6.031159446918730831e-05
6.030193094230137355e-05
6.029226741541544556e-05
6.028204585825506953e-05
6.027143531879326657e-05
6.026042247497639850e-05
6.024899349557398607e-05
6.023713402373170764e-05
6.022482914884836708e-05
6.021206338860787875e-05
6.019882065804362529e-05
6.018508424990205865e-05
6.017083680058656823e-05
6.015606026869076573e-05
6.014073589747710074e-05
6.012484419140344327e-05
6.010836487475153484e-05
6.009127686595501901e-05
6.007355823194664916e-05
6.005518616007945120e-05
6.003613690771170879e-05
6.001638577149610333e-05
5.999590703166328263e-05
5.997467391843803449e-05
5.995265855041885278e-05
5.992983189786333498e-05
5.990616371448986654e-05
5.988162249736043964e-05
5.985617541135089472e-05
5.982978824534698428e-05
5.980242532854188487e-05
5.977404948265263585e-05
5.974462192910685653e-05
5.971410223698463664e-05
5.968244822004863039e-05
5.964961588012408501e-05
5.961555929280961346e-05
5.958023054602775949e-05
5.954357961312664826e-05
5.950555428389780603e-05
5.946610003601398735e-05
5.942515993572107394e-05
5.938267452021686387e-05
5.933858167665326879e-05
5.929281651538333570e-05
5.924531123724071838e-05
5.919599499464571506e-05
5.914479374634029033e-05
5.909163010556523908e-05
5.903642318151172604e-05
5.897908841389871233e-05
5.891953740055853173e-05
5.885767771794743784e-05
5.879341273454341912e-05
5.872664141714881869e-05
5.865725813018492202e-05
5.858515242814648933e-05
5.851020884148823182e-05
5.843230665633418838e-05
5.835131968854841752e-05
5.826711605288126332e-05
5.817955792811303837e-05
5.808850131936748505e-05
5.799379581906486796e-05
5.789528436833363647e-05
5.779280302112194042e-05
5.768618071374215066e-05
5.757523904316772358e-05
5.745979205809912803e-05
5.733964606762807428e-05
0.000000000000000000e+00
8.982684404235897146e-05
6.050414243154968381e-05
6.050405345601591526e-05
6.050390294156995637e-05
6.050368900765112462e-05
6.050337603979613046e-05
6.050306307194109565e-05
6.050261124923185784e-05
6.050215942652265391e-05
6.050148181928987864e-05
6.050080421205714402e-05
6.050012660482437552e-05
6.049944899759162736e-05
6.049843835864354897e-05
6.049742771969547059e-05
6.049641708074741253e-05
6.049540644179935447e-05
6.049411971972403694e-05
6.049283299764873296e-05
6.049134682637571155e-05
6.048986065510265626e-05
6.048816255312266274e-05
6.048646445114263533e-05
6.048454112183750255e-05
6.048261779253239010e-05
6.048045506625333314e-05
6.047829233997428295e-05
6.047587510830040587e-05
6.047345787662654235e-05
6.047077002459184833e-05
6.046808217255714076e-05
6.046510650155099791e-05
6.046213083054483473e-05
6.045884897880869792e-05
6.045556712707253401e-05
6.045195947904891359e-05
6.044835183102527962e-05
6.044439742384957303e-05
6.044044301667386644e-05
6.043611943330997791e-05
6.043179584994607583e-05
6.042707910891439532e-05
6.042236236788269449e-05
6.041722679694338214e-05
6.041209122600405625e-05
6.040650933176500728e-05
6.040092743752596509e-05
6.039486975572414597e-05
6.038881207392231330e-05
6.038224701481883589e-05
6.037568195571536524e-05
6.036857562614593984e-05
6.036146929657649411e-05
6.035378531613313688e-05
6.034610133568977966e-05
6.033780062462183139e-05
6.032949991355387635e-05
6.032054047361409057e-05
6.031158103367428446e-05
6.030191769460275402e-05
6.029225435553122359e-05
6.028203299904109105e-05
6.027142266934394139e-05
6.026041004476631190e-05
6.024898129452144663e-05
6.023712206217393932e-05
6.022481743761201627e-05
6.021205193898167203e-05
6.019880948185687243e-05
6.018507335949432207e-05
6.017082620889534786e-05
6.015604998921769220e-05
6.014072594438602182e-05
6.012483457948285628e-05
6.010835561952417234e-05
6.009126798363619514e-05
6.007354973956703198e-05
6.005517807543867914e-05
6.003612924951609115e-05
6.001637855930700544e-05
5.999590028605180086e-05
5.997466766092737767e-05
5.995265280365845152e-05
5.992982668556450784e-05
5.990615906162203349e-05
5.988161843007913106e-05
5.985617195721950462e-05
5.982978543325580072e-05
5.980242318895922506e-05
5.977404804753378673e-05
5.974462123217895567e-05
5.971410231364397117e-05
5.968244910768444078e-05
5.964961761800269095e-05
5.961556192244302904e-05
5.958023411104274193e-05
5.954358415968530056e-05
5.950555986059176563e-05
5.946610669417497550e-05
5.942516772955673950e-05
5.938268350699654096e-05
5.933859191690733450e-05
5.929282807311744846e-05
5.924532418016592627e-05
5.919600939442614860e-05
5.914480967885938831e-05
5.909164765121266915e-05
5.903644242549220609e-05
5.897910944656526040e-05
5.891956031777162829e-05
5.885770262146272294e-05
5.879343973243047225e-05
5.872667062424375220e-05
5.865728966857966124e-05
5.858518642771823592e-05
5.851024544047286441e-05
5.843234600194735458e-05
5.835136193765901318e-05
5.826716137274203574e-05
5.817960649715372761e-05
5.808855332805646651e-05
5.799385147084580138e-05
5.789534388064435853e-05
5.779286662650350188e-05
5.768624866104680733e-05
5.757531159887572695e-05
5.745986950775472396e-05
5.733972871740686630e-05
0.000000000000000000e+00
8.982682721202544433e-05
6.050412560166475889e-05
6.050403662745343239e-05
6.050388611523672191e-05
6.050367218448933059e-05
6.050335922128898577e-05
6.050304625808864095e-05
6.050259444214184991e-05
6.050214262619504533e-05
6.050146502921270364e-05
6.050078743223038228e-05
6.050010983524806770e-05
6.049943223826572601e-05
6.049842161484591640e-05
6.049741099142609324e-05
6.049640036800625652e-05
6.049538974458642659e-05
6.049410304251139330e-05
6.049281634043638035e-05
6.049133019246105437e-05
6.048984404448564029e-05
6.048814596935181393e-05
6.048644789421793336e-05
6.048452459559139880e-05
6.048260129696485747e-05
6.048043860549051984e-05
6.047827591401618897e-05
6.047585872160595496e-05
6.047344152919573450e-05
6.047075372122809219e-05
6.046806591326040246e-05
6.046509029151587300e-05
6.046211466977129611e-05
6.045883287289640588e-05
6.045555107602150209e-05
6.045194348891997423e-05
6.044833590181841927e-05
6.044438156210350658e-05
6.044042722238856678e-05
6.043610371356950006e-05
6.043178020475046722e-05
6.042706354591324439e-05
6.042234688707603512e-05
6.041721140662786139e-05
6.041207592617967411e-05
6.040649413140008084e-05
6.040091233662052146e-05
6.039485476401690241e-05
6.038879719141325626e-05
6.038223225204723718e-05
6.037566731268123165e-05
6.036856111430919346e-05
6.036145491593714171e-05
6.035377107910890510e-05
6.034608724228070236e-05
6.033778668835024749e-05
6.032948613441977906e-05
6.032052686629053677e-05
6.031156759816123350e-05
6.030190444690410739e-05
6.029224129564697451e-05
6.028202013982709903e-05
6.027141001989460266e-05
6.026039761455621852e-05
6.024896909346891396e-05
6.023711010061613713e-05
6.022480572637567225e-05
6.021204048935542466e-05
6.019879830567009246e-05
6.018506246908657194e-05
6.017081561720410716e-05
6.015603970974463222e-05
6.014071599129496324e-05
6.012482496756224896e-05
6.010834636429678951e-05
6.009125910131733739e-05
6.007354124718737413e-05
6.005516999079788676e-05
6.003612159132048706e-05
6.001637134711791433e-05
5.999589354044032586e-05
5.997466140341670051e-05
5.995264705689807736e-05
5.992982147326564681e-05
5.990615440875421400e-05
5.988161436279782927e-05
5.985616850308812808e-05
5.982978262116461039e-05
5.980242104937655848e-05
5.977404661241496472e-05
5.974462053525106159e-05
5.971410239030329893e-05
5.968244999532025118e-05
5.964961935588126301e-05
5.961556455207645141e-05
5.958023767605767694e-05
5.954358870624395285e-05
5.950556543728572522e-05
5.946611335233597720e-05
5.942517552339239150e-05
5.938269249377619094e-05
5.933860215716141377e-05
5.929283963085156122e-05
5.924533712309117481e-05
5.919602379420657535e-05
5.914482561137848629e-05
5.909166519686006534e-05
5.903646166947270648e-05
5.897913047923182881e-05
5.891958323498472486e-05
5.885772752497801482e-05
5.879346673031753215e-05
5.872669983133867893e-05
5.865732120697435303e-05
5.858522042728997573e-05
5.851028203945748344e-05
5.843238534756050722e-05
5.835140418676962239e-05
5.826720669260280816e-05
5.817965506619441685e-05
5.808860533674544796e-05
5.799390712262674836e-05
5.789540339295508737e-05
5.779293023188504980e-05
5.768631660835147078e-05
5.757538415458372355e-05
5.745994695741031311e-05
5.733981136718569219e-05
0.000000000000000000e+00
8.982681038169190366e-05
6.050410877177978653e-05
6.050401979889096307e-05
6.050386928890347390e-05
6.050365536132754334e-05
6.050334240278184108e-05
6.050302944423615914e-05
6.050257763505178100e-05
6.050212582586739609e-05
6.050144823913551509e-05
6.050077065240361376e-05
6.050009306567173277e-05
6.049941547893984499e-05
6.049840487104827705e-05
6.049739426315666168e-05
6.049638365526509374e-05
6.049537304737351903e-05
6.049408636529879710e-05
6.049279968322406840e-05
6.049131355854636330e-05
6.048982743386865820e-05
6.048812938558097868e-05
6.048643133729325849e-05
6.048450806934527473e-05
6.048258480139730452e-05
6.048042214472769298e-05
6.047825948805806790e-05
6.047584233491151083e-05
6.047342518176495376e-05
6.047073741786430218e-05
6.046804965396366415e-05
6.046507408148070744e-05
6.046209850899773717e-05
6.045881676698410705e-05
6.045553502497048371e-05
6.045192749879101454e-05
6.044831997261153859e-05
6.044436570035740625e-05
6.044041142810326712e-05
6.043608799382907642e-05
6.043176455955483152e-05
6.042704798291210702e-05
6.042233140626934864e-05
6.041719601631232031e-05
6.041206062635527164e-05
6.040647893103517473e-05
6.040089723571507105e-05
6.039483977230964529e-05
6.038878230890420599e-05
6.038221748927564525e-05
6.037565266964707095e-05
6.036854660247244030e-05
6.036144053529776899e-05
6.035375684208468686e-05
6.034607314887161829e-05
6.033777275207866358e-05
6.032947235528571565e-05
6.032051325896696265e-05
6.031155416264822320e-05
6.030189119920548109e-05
6.029222823576273221e-05
6.028200728061314766e-05
6.027139737044528425e-05
6.026038518434613192e-05
6.024895689241638807e-05
6.023709813905836204e-05
6.022479401513932144e-05
6.021202903972919083e-05
6.019878712948332605e-05
6.018505157867880826e-05
6.017080502551288001e-05
6.015602943027157902e-05
6.014070603820387078e-05
6.012481535564166875e-05
6.010833710906940668e-05
6.009125021899849319e-05
6.007353275480773662e-05
6.005516190615708760e-05
6.003611393312486942e-05
6.001636413492879611e-05
5.999588679482884408e-05
5.997465514590605046e-05
5.995264131013768288e-05
5.992981626096679934e-05
5.990614975588640128e-05
5.988161029551652070e-05
5.985616504895673799e-05
5.982977980907342683e-05
5.980241890979390545e-05
5.977404517729612238e-05
5.974461983832316073e-05
5.971410246696264701e-05
5.968245088295604802e-05
5.964962109375982830e-05
5.961556718170986699e-05
5.958024124107263227e-05
5.954359325280261870e-05
5.950557101397966448e-05
5.946612001049693825e-05
5.942518331722805705e-05
5.938270148055586802e-05
5.933861239741547948e-05
5.929285118858566720e-05
5.924535006601637591e-05
5.919603819398698856e-05
5.914484154389757750e-05
5.909168274250746830e-05
5.903648091345317975e-05
5.897915151189841076e-05
5.891960615219780787e-05
5.885775242849328637e-05
5.879349372820458528e-05
5.872672903843361922e-05
5.865735274536907869e-05
5.858525442686170876e-05
5.851031863844209570e-05
5.843242469317366664e-05
5.835144643588020450e-05
5.826725201246359413e-05
5.817970363523508576e-05
5.808865734543442263e-05
5.799396277440767501e-05
5.789546290526580266e-05
5.779299383726660449e-05
5.768638455565612067e-05
5.757545671029172014e-05
5.746002440706588871e-05
5.733989401696451131e-05
0.000000000000000000e+00
8.982679355135837654e-05
6.050409194189483450e-05
6.050400297032852763e-05
6.050385246257022589e-05
6.050363853816572899e-05
6.050332558427470316e-05
6.050301263038371799e-05
6.050256082796171209e-05
6.050210902553976718e-05
6.050143144905830621e-05
6.050075387257687913e-05
6.050007629609543172e-05
6.049939871961395043e-05
6.049838812725060383e-05
6.049737753488727756e-05
6.049636694252393096e-05
6.049535635016061147e-05
6.049406968808618734e-05
6.049278302601174967e-05
6.049129692463170612e-05
6.048981082325164223e-05
6.048811280181008243e-05
6.048641478036855651e-05
6.048449154309915743e-05
6.048256830582978544e-05
6.048040568396485935e-05
6.047824306209995359e-05
6.047582594821705314e-05
6.047340883433413914e-05
6.047072111450051216e-05
6.046803339466690552e-05
6.046505787144555542e-05
6.046208234822421211e-05
6.045880066107182178e-05
6.045551897391945179e-05
6.045191150866206840e-05
6.044830404340468502e-05
6.044434983861133979e-05
6.044039563381796746e-05
6.043607227408861213e-05
6.043174891435922291e-05
6.042703241991095609e-05
6.042231592546266894e-05
6.041718062599677922e-05
6.041204532653088950e-05
6.040646373067023474e-05
6.040088213480963419e-05
6.039482478060238818e-05
6.038876742639514894e-05
6.038220272650404654e-05
6.037563802661294413e-05
6.036853209063567358e-05
6.036142615465840304e-05
6.035374260506048895e-05
6.034605905546252744e-05
6.033775881580709323e-05
6.032945857615160481e-05
6.032049965164338853e-05
6.031154072713519935e-05
6.030187795150685479e-05
6.029221517587849668e-05
6.028199442139916240e-05
6.027138472099596584e-05
6.026037275413604531e-05
6.024894469136385540e-05
6.023708617750056662e-05
6.022478230390296386e-05
6.021201759010295701e-05
6.019877595329656641e-05
6.018504068827107168e-05
6.017079443382163253e-05
6.015601915079852582e-05
6.014069608511281220e-05
6.012480574372107498e-05
6.010832785384203741e-05
6.009124133667966255e-05
6.007352426242811266e-05
6.005515382151631554e-05
6.003610627492924500e-05
6.001635692273971177e-05
5.999588004921736908e-05
5.997464888839536653e-05
5.995263556337730195e-05
5.992981104866794509e-05
5.990614510301856823e-05
5.988160622823521890e-05
5.985616159482534112e-05
5.982977699698222972e-05
5.980241677021125242e-05
5.977404374217728004e-05
5.974461914139526665e-05
5.971410254362198155e-05
5.968245177059187197e-05
5.964962283163842747e-05
5.961556981134327580e-05
5.958024480608759438e-05
5.954359779936127100e-05
5.950557659067363763e-05
5.946612666865791963e-05
5.942519111106373615e-05
5.938271046733555188e-05
5.933862263766953842e-05
5.929286274631977995e-05
5.924536300894159735e-05
5.919605259376743564e-05
5.914485747641665516e-05
5.909170028815486449e-05
5.903650015743368691e-05
5.897917254456495884e-05
5.891962906941091121e-05
5.885777733200855114e-05
5.879352072609165874e-05
5.872675824552854595e-05
5.865738428376379758e-05
5.858528842643342146e-05
5.851035523742672152e-05
5.843246403878682606e-05
5.835148868499081371e-05
5.826729733232436655e-05
5.817975220427578178e-05
5.808870935412339731e-05
5.799401842618860843e-05
5.789552241757653150e-05
5.779305744264815240e-05
5.768645250296079090e-05
5.757552926599971674e-05
5.746010185672147786e-05
5.733997666674331011e-05
0.000000000000000000e+00
8.982677672102486297e-05
6.050407511200988925e-05
6.050398614176601765e-05
6.050383563623699820e-05
6.050362171500394174e-05
6.050330876576759235e-05
6.050299581653120908e-05
6.050254402087169061e-05
6.050209222521215182e-05
6.050141465898111766e-05
6.050073709275008351e-05
6.050005952651909001e-05
6.049938196028806263e-05
6.049837138345296448e-05
6.049736080661787988e-05
6.049635022978279528e-05
6.049533965294768358e-05
6.049405301087355726e-05
6.049276636879943094e-05
6.049128029071703538e-05
6.048979421263462626e-05
6.048809621803924718e-05
6.048639822344387487e-05
6.048447501685306723e-05
6.048255181026224604e-05
6.048038922320205960e-05
6.047822663614184607e-05
6.047580956152256835e-05
6.047339248690334484e-05
6.047070481113675603e-05
6.046801713537018077e-05
6.046504166141041019e-05
6.046206618745067349e-05
6.045878455515952974e-05
6.045550292286841308e-05
6.045189551853311549e-05
6.044828811419783145e-05
6.044433397686523268e-05
6.044037983953265425e-05
6.043605655434812750e-05
6.043173326916360754e-05
6.042701685690979839e-05
6.042230044465599602e-05
6.041716523568123814e-05
6.041203002670649381e-05
6.040644853030531508e-05
6.040086703390416345e-05
6.039480978889511073e-05
6.038875254388608512e-05
6.038218796373243428e-05
6.037562338357881054e-05
6.036851757879891365e-05
6.036141177401904386e-05
6.035372836803625039e-05
6.034604496205345692e-05
6.033774487953548900e-05
6.032944479701753463e-05
6.032048604431984151e-05
6.031152729162216194e-05
6.030186470380820816e-05
6.029220211599425438e-05
6.028198156218517715e-05
6.027137207154662711e-05
6.026036032392594516e-05
6.024893249031132274e-05
6.023707421594281185e-05
6.022477059266661306e-05
6.021200614047674351e-05
6.019876477710979322e-05
6.018502979786330800e-05
6.017078384213039860e-05
6.015600887132545907e-05
6.014068613202175361e-05
6.012479613180048122e-05
6.010831859861464103e-05
6.009123245436080480e-05
6.007351577004846159e-05
6.005514573687550960e-05
6.003609861673362736e-05
6.001634971055060710e-05
5.999587330360587375e-05
5.997464263088470292e-05
5.995262981661689391e-05
5.992980583636910440e-05
5.990614045015074874e-05
5.988160216095389000e-05
5.985615814069396458e-05
5.982977418489101906e-05
5.980241463062858584e-05
5.977404230705845803e-05
5.974461844446737934e-05
5.971410262028130253e-05
5.968245265822768236e-05
5.964962456951699953e-05
5.961557244097669139e-05
5.958024837110256327e-05
5.954360234591994362e-05
5.950558216736757689e-05
5.946613332681890100e-05
5.942519890489938815e-05
5.938271945411521542e-05
5.933863287792361769e-05
5.929287430405387916e-05
5.924537595186681879e-05
5.919606699354785563e-05
5.914487340893577347e-05
5.909171783380226745e-05
5.903651940141418729e-05
5.897919357723154079e-05
5.891965198662401455e-05
5.885780223552381592e-05
5.879354772397871187e-05
5.872678745262346591e-05
5.865741582215850970e-05
5.858532242600516805e-05
5.851039183641133378e-05
5.843250338439999226e-05
5.835153093410140260e-05
5.826734265218511864e-05
5.817980077331645747e-05
5.808876136281236521e-05
5.799407407796954185e-05
5.789558192988727390e-05
5.779312104802972064e-05
5.768652045026544757e-05
5.757560182170771333e-05
5.746017930637708734e-05
5.734005931652212245e-05
0.000000000000000000e+00
8.982675989069133584e-05
6.050405828212493723e-05
6.050396931320354833e-05
6.050381880990375697e-05
6.050360489184217482e-05
6.050329194726044766e-05
6.050297900267874083e-05
6.050252721378164203e-05
6.050207542488452968e-05
6.050139786890394944e-05
6.050072031292334210e-05
6.050004275694276863e-05
6.049936520096218839e-05
6.049835463965531158e-05
6.049734407834846865e-05
6.049633351704164605e-05
6.049532295573475569e-05
6.049403633366093395e-05
6.049274971158707833e-05
6.049126365680237142e-05
6.048977760201763740e-05
6.048807963426840515e-05
6.048638166651917290e-05
6.048445849060695670e-05
6.048253531469472696e-05
6.048037276243923953e-05
6.047821021018373177e-05
6.047579317482814455e-05
6.047337613947253022e-05
6.047068850777295246e-05
6.046800087607340181e-05
6.046502545137525818e-05
6.046205002667711455e-05
6.045876844924725124e-05
6.045548687181738116e-05
6.045187952840416935e-05
6.044827218499097110e-05
6.044431811511917979e-05
6.044036404524736814e-05
6.043604083460769031e-05
6.043171762396799894e-05
6.042700129390864746e-05
6.042228496384932309e-05
6.041714984536569028e-05
6.041201472688209812e-05
6.040643332994040897e-05
6.040085193299870626e-05
6.039479479718788750e-05
6.038873766137704162e-05
6.038217320096083557e-05
6.037560874054465662e-05
6.036850306696216049e-05
6.036139739337969146e-05
6.035371413101202538e-05
6.034603086864437962e-05
6.033773094326390509e-05
6.032943101788345089e-05
6.032047243699628771e-05
6.031151385610914487e-05
6.030185145610958186e-05
6.029218905611003919e-05
6.028196870297121901e-05
6.027135942209728837e-05
6.026034789371585178e-05
6.024892028925879007e-05
6.023706225438501643e-05
6.022475888143027581e-05
6.021199469085050969e-05
6.019875360092302003e-05
6.018501890745557142e-05
6.017077325043916467e-05
6.015599859185239231e-05
6.014067617893067470e-05
6.012478651987989423e-05
6.010830934338726498e-05
6.009122357204197415e-05
6.007350727766881730e-05
6.005513765223471722e-05
6.003609095853803005e-05
6.001634249836150243e-05
5.999586655799440553e-05
5.997463637337403254e-05
5.995262406985650620e-05
5.992980062407025693e-05
5.990613579728292247e-05
5.988159809367260176e-05
5.985615468656256771e-05
5.982977137279982195e-05
5.980241249104593281e-05
5.977404087193960891e-05
5.974461774753945815e-05
5.971410269694065739e-05
5.968245354586348598e-05
5.964962630739559192e-05
5.961557507061010020e-05
5.958025193611751183e-05
5.954360689247859592e-05
5.950558774406152293e-05
5.946613998497988915e-05
5.942520669873504693e-05
5.938272844089488573e-05
5.933864311817768340e-05
5.929288586178797159e-05
5.924538889479204700e-05
5.919608139332828916e-05
5.914488934145486468e-05
5.909173537944967719e-05
5.903653864539464702e-05
5.897921460989809564e-05
5.891967490383708401e-05
5.885782713903910780e-05
5.879357472186576500e-05
5.872681665971840620e-05
5.865744736055321503e-05
5.858535642557690108e-05
5.851042843539595281e-05
5.843254273001315845e-05
5.835157318321199826e-05
5.826738797204589107e-05
5.817984934235713993e-05
5.808881337150135344e-05
5.799412972975048883e-05
5.789564144219797563e-05
5.779318465341126178e-05
5.768658839757011779e-05
5.757567437741570315e-05
5.746025675603267649e-05
5.734014196630093479e-05
0.000000000000000000e+00
8.982674306035779517e-05
6.050404145223996487e-05
6.050395248464107901e-05
6.050380198357053606e-05
6.050358806868035369e-05
6.050327512875330297e-05
6.050296218882627935e-05
6.050251040669158667e-05
6.050205862455690755e-05
6.050138107882673379e-05
6.050070353309659391e-05
6.050002598736644048e-05
6.049934844163628705e-05
6.049833789585767901e-05
6.049732735007905742e-05
6.049631680430046294e-05
6.049530625852186168e-05
6.049401965644831742e-05
6.049273305437477316e-05
6.049124702288770746e-05
6.048976099140062821e-05
6.048806305049756312e-05
6.048636510959447092e-05
6.048444196436083940e-05
6.048251881912720111e-05
6.048035630167641267e-05
6.047819378422559714e-05
6.047577678813365976e-05
6.047335979204172915e-05
6.047067220440919633e-05
6.046798461677666350e-05
6.046500924134012649e-05
6.046203386590358949e-05
6.045875234333497952e-05
6.045547082076635601e-05
6.045186353827522322e-05
6.044825625578410398e-05
6.044430225337307945e-05
6.044034825096206848e-05
6.043602511486722602e-05
6.043170197877239033e-05
6.042698573090751686e-05
6.042226948304263662e-05
6.041713445505016953e-05
6.041199942705769566e-05
6.040641812957546898e-05
6.040083683209327618e-05
6.039477980548061005e-05
6.038872277886797780e-05
6.038215843818925041e-05
6.037559409751051625e-05
6.036848855512539377e-05
6.036138301274033907e-05
6.035369989398780714e-05
6.034601677523531587e-05
6.033771700699232796e-05
6.032941723874936716e-05
6.032045882967274070e-05
6.031150042059610068e-05
6.030183820841094879e-05
6.029217599622578333e-05
6.028195584375725408e-05
6.027134677264795641e-05
6.026033546350577195e-05
6.024890808820625740e-05
6.023705029282724812e-05
6.022474717019392500e-05
6.021198324122426908e-05
6.019874242473624684e-05
6.018500801704782129e-05
6.017076265874792397e-05
6.015598831237935266e-05
6.014066622583961612e-05
6.012477690795931402e-05
6.010830008815990248e-05
6.009121468972316384e-05
6.007349878528917979e-05
6.005512956759394516e-05
6.003608330034240564e-05
6.001633528617241809e-05
5.999585981238293053e-05
5.997463011586335539e-05
5.995261832309611849e-05
5.992979541177139590e-05
5.990613114441510297e-05
5.988159402639129996e-05
5.985615123243119117e-05
5.982976856070864517e-05
5.980241035146327978e-05
5.977403943682077335e-05
5.974461705061155729e-05
5.971410277359998515e-05
5.968245443349930315e-05
5.964962804527416398e-05
5.961557770024352934e-05
5.958025550113244683e-05
5.954361143903725499e-05
5.950559332075547575e-05
5.946614664314085698e-05
5.942521449257069215e-05
5.938273742767455603e-05
5.933865335843174234e-05
5.929289741952207079e-05
5.924540183771727521e-05
5.919609579310872269e-05
5.914490527397396266e-05
5.909175292509706660e-05
5.903655788937514740e-05
5.897923564256467082e-05
5.891969782105020768e-05
5.885785204255438612e-05
5.879360171975283168e-05
5.872684586681334648e-05
5.865747889894794070e-05
5.858539042514864089e-05
5.851046503438057185e-05
5.843258207562631110e-05
5.835161543232260069e-05
5.826743329190667026e-05
5.817989791139781562e-05
5.808886538019033489e-05
5.799418538153142903e-05
5.789570095450870447e-05
5.779324825879280969e-05
5.768665634487476769e-05
5.757574693312372008e-05
5.746033420568825886e-05
5.734022461607975391e-05
0.000000000000000000e+00
8.982672623002426805e-05
6.050402462235499252e-05
6.050393565607862324e-05
6.050378515723725417e-05
6.050357124551854611e-05
6.050325831024615827e-05
6.050294537497381787e-05
6.050249359960153809e-05
6.050204182422928541e-05
6.050136428874956557e-05
6.050068675326984572e-05
6.050000921779011233e-05
6.049933168231039248e-05
6.049832115206001934e-05
6.049731062180967330e-05
6.049630009155930693e-05
6.049528956130893379e-05
6.049400297923571444e-05
6.049271639716242733e-05
6.049123038897302995e-05
6.048974438078361224e-05
6.048804646672671431e-05
6.048634855266977572e-05
6.048442543811471532e-05
6.048250232355967525e-05
6.048033984091357904e-05
6.047817735826750994e-05
6.047576040143920207e-05
6.047334344461091453e-05
6.047065590104542664e-05
6.046796835747991164e-05
6.046499303130499481e-05
6.046201770513003054e-05
6.045873623742266037e-05
6.045545476971532408e-05
6.045184754814628386e-05
6.044824032657723008e-05
6.044428639162700623e-05
6.044033245667678237e-05
6.043600939512676850e-05
6.043168633357678851e-05
6.042697016790635916e-05
6.042225400223595014e-05
6.041711906473462167e-05
6.041198412723329997e-05
6.040640292921056287e-05
6.040082173118782577e-05
6.039476481377336649e-05
6.038870789635892076e-05
6.038214367541763138e-05
6.037557945447636232e-05
6.036847404328866094e-05
6.036136863210095279e-05
6.035368565696357535e-05
6.034600268182619792e-05
6.033770307072073050e-05
6.032940345961526309e-05
6.032044522234915980e-05
6.031148698508308361e-05
6.030182496071230216e-05
6.029216293634154781e-05
6.028194298454327561e-05
6.027133412319862446e-05
6.026032303329567858e-05
6.024889588715372473e-05
6.023703833126946625e-05
6.022473545895757420e-05
6.021197179159804881e-05
6.019873124854949398e-05
6.018499712664007793e-05
6.017075206705666972e-05
6.015597803290628591e-05
6.014065627274852366e-05
6.012476729603871348e-05
6.010829083293251288e-05
6.009120580740429931e-05
6.007349029290956260e-05
6.005512148295313922e-05
6.003607564214679477e-05
6.001632807398332020e-05
5.999585306677143520e-05
5.997462385835267823e-05
5.995261257633573756e-05
5.992979019947253488e-05
5.990612649154729026e-05
5.988158995910998462e-05
5.985614777829980108e-05
5.982976574861743451e-05
5.980240821188061319e-05
5.977403800170193101e-05
5.974461635368366320e-05
5.971410285025932646e-05
5.968245532113510677e-05
5.964962978315274282e-05
5.961558032987694493e-05
5.958025906614739539e-05
5.954361598559591406e-05
5.950559889744944211e-05
5.946615330130182480e-05
5.942522228640637804e-05
5.938274641445421957e-05
5.933866359868581483e-05
5.929290897725617677e-05
5.924541478064248987e-05
5.919611019288913590e-05
5.914492120649305387e-05
5.909177047074447634e-05
5.903657713335562745e-05
5.897925667523121890e-05
5.891972073826329069e-05
5.885787694606964412e-05
5.879362871763989159e-05
5.872687507390825966e-05
5.865751043734263926e-05
5.858542442472036715e-05
5.851050163336519089e-05
5.843262142123947052e-05
5.835165768143320991e-05
5.826747861176742913e-05
5.817994648043851164e-05
5.808891738887932312e-05
5.799424103331236245e-05
5.789576046681941298e-05
5.779331186417434405e-05
5.768672429217943114e-05
5.757581948883170312e-05
5.746041165534385479e-05
5.734030726585853915e-05
0.000000000000000000e+00
8.982670939969074092e-05
6.050400779247005405e-05
6.050391882751614037e-05
6.050376833090403327e-05
6.050355442235674531e-05
6.050324149173906101e-05
6.050292856112132251e-05
6.050247679251152339e-05
6.050202502390167005e-05
6.050134749867235669e-05
6.050066997344307721e-05
6.049999244821379095e-05
6.049931492298452502e-05
6.049830440826238677e-05
6.049729389354028240e-05
6.049628337881815093e-05
6.049527286409604656e-05
6.049398630202307080e-05
6.049269973995012893e-05
6.049121375505835243e-05
6.048972777016661660e-05
6.048802988295584517e-05
6.048633199574509408e-05
6.048440891186859125e-05
6.048248582799212907e-05
6.048032338015075897e-05
6.047816093230938886e-05
6.047574401474473083e-05
6.047332709718012702e-05
6.047063959768162985e-05
6.046795209818317334e-05
6.046497682126981569e-05
6.046200154435648515e-05
6.045872013151039543e-05
6.045543871866428538e-05
6.045183155801733772e-05
6.044822439737036296e-05
6.044427052988091944e-05
6.044031666239148271e-05
6.043599367538633131e-05
6.043167068838114603e-05
6.042695460490520146e-05
6.042223852142928399e-05
6.041710367441910769e-05
6.041196882740891783e-05
6.040638772884564321e-05
6.040080663028240247e-05
6.039474982206611615e-05
6.038869301384984338e-05
6.038212891264604622e-05
6.037556481144223551e-05
6.036845953145192134e-05
6.036135425146159361e-05
6.035367141993934356e-05
6.034598858841714095e-05
6.033768913444916015e-05
6.032938968048121324e-05
6.032043161502563311e-05
6.031147354957003943e-05
6.030181171301367586e-05
6.029214987645729873e-05
6.028193012532931746e-05
6.027132147374929927e-05
6.026031060308559197e-05
6.024888368610119207e-05
6.023702636971167083e-05
6.022472374772124373e-05
6.021196034197183532e-05
6.019872007236270724e-05
6.018498623623233458e-05
6.017074147536542901e-05
6.015596775343323948e-05
6.014064631965746507e-05
6.012475768411812649e-05
6.010828157770513683e-05
6.009119692508547544e-05
6.007348180052991154e-05
6.005511339831235361e-05
6.003606798395117036e-05
6.001632086179421553e-05
5.999584632115996020e-05
5.997461760084202141e-05
5.995260682957532274e-05
5.992978498717370096e-05
5.990612183867947076e-05
5.988158589182868282e-05
5.985614432416839744e-05
5.982976293652626451e-05
5.980240607229796016e-05
5.977403656658310222e-05
5.974461565675575557e-05
5.971410292691866099e-05
5.968245620877092394e-05
5.964963152103133521e-05
5.961558295951035374e-05
5.958026263116237106e-05
5.954362053215457313e-05
5.950560447414339493e-05
5.946615995946281973e-05
5.942523008024203004e-05
5.938275540123391020e-05
5.933867383893988732e-05
5.929292053499027597e-05
5.924542772356772486e-05
5.919612459266956943e-05
5.914493713901216541e-05
5.909178801639186575e-05
5.903659637733612106e-05
5.897927770789779408e-05
5.891974365547638048e-05
5.885790184958492922e-05
5.879365571552695150e-05
5.872690428100321350e-05
5.865754197573735815e-05
5.858545842429210018e-05
5.851053823234983025e-05
5.843266076685265026e-05
5.835169993054379201e-05
5.826752393162820833e-05
5.817999504947918732e-05
5.808896939756828424e-05
5.799429668509331620e-05
5.789581997913014182e-05
5.779337546955591229e-05
5.768679223948409458e-05
5.757589204453972005e-05
5.746048910499943716e-05
5.734038991563737860e-05
0.000000000000000000e+00
8.982669256935721380e-05
6.050399096258511557e-05
6.050390199895368460e-05
6.050375150457077848e-05
6.050353759919495128e-05
6.050322467323188922e-05
6.050291174726888136e-05
6.050245998542145448e-05
6.050200822357402759e-05
6.050133070859518169e-05
6.050065319361633579e-05
6.049997567863746957e-05
6.049929816365860334e-05
6.049828766446473387e-05
6.049727716527086440e-05
6.049626666607698814e-05
6.049525616688313222e-05
6.049396962481046105e-05
6.049268308273778987e-05
6.049119712114370880e-05
6.048971115954962095e-05
6.048801329918497604e-05
6.048631543882039888e-05
6.048439238562249427e-05
6.048246933242458967e-05
6.048030691938795244e-05
6.047814450635130166e-05
6.047572762805027992e-05
6.047331074974929206e-05
6.047062329431785339e-05
6.046793583888641471e-05
6.046496061123467723e-05
6.046198538358294654e-05
6.045870402559810338e-05
6.045542266761323990e-05
6.045181556788837803e-05
6.044820846816350939e-05
6.044425466813482589e-05
6.044030086810618305e-05
6.043597795564586701e-05
6.043165504318552387e-05
6.042693904190406408e-05
6.042222304062261107e-05
6.041708828410358016e-05
6.041195352758452891e-05
6.040637252848073710e-05
6.040079152937693851e-05
6.039473483035886581e-05
6.038867813134079989e-05
6.038211414987445429e-05
6.037555016840809514e-05
6.036844501961517495e-05
6.036133987082222089e-05
6.035365718291513210e-05
6.034597449500805010e-05
6.033767519817757625e-05
6.032937590134711595e-05
6.032041800770205221e-05
6.031146011405701557e-05
6.030179846531504955e-05
6.029213681657306321e-05
6.028191726611533899e-05
6.027130882429995376e-05
6.026029817287549182e-05
6.024887148504865940e-05
6.023701440815390251e-05
6.022471203648487259e-05
6.021194889234559471e-05
6.019870889617594760e-05
6.018497534582459800e-05
6.017073088367420864e-05
6.015595747396017951e-05
6.014063636656640649e-05
6.012474807219753950e-05
6.010827232247774722e-05
6.009118804276662447e-05
6.007347330815028080e-05
6.005510531367158156e-05
6.003606032575554594e-05
6.001631364960510409e-05
5.999583957554847842e-05
5.997461134333135780e-05
5.995260108281494181e-05
5.992977977487483994e-05
5.990611718581166482e-05
5.988158182454736070e-05
5.985614087003702767e-05
5.982976012443506740e-05
5.980240393271531391e-05
5.977403513146428021e-05
5.974461495982786826e-05
5.971410300357800908e-05
5.968245709640673433e-05
5.964963325890992082e-05
5.961558558914376255e-05
5.958026619617733317e-05
5.954362507871323220e-05
5.950561005083735452e-05
5.946616661762380788e-05
5.942523787407770236e-05
5.938276438801356696e-05
5.933868407919395981e-05
5.929293209272439551e-05
5.924544066649293952e-05
5.919613899244998941e-05
5.914495307153124984e-05
5.909180556203926193e-05
5.903661562131661466e-05
5.897929874056436926e-05
5.891976657268947027e-05
5.885792675310020077e-05
5.879368271341401818e-05
5.872693348809814024e-05
5.865757351413207027e-05
5.858549242386381967e-05
5.851057483133441541e-05
5.843270011246580291e-05
5.835174217965438768e-05
5.826756925148897397e-05
5.818004361851986301e-05
5.808902140625725214e-05
5.799435233687422252e-05
5.789587949144086389e-05
5.779343907493745343e-05
5.768686018678874448e-05
5.757596460024770309e-05
5.746056655465503309e-05
5.734047256541617061e-05
0.000000000000000000e+00
8.982667573902370023e-05
6.050397413270012966e-05
6.050388517039116784e-05
6.050373467823752369e-05
6.050352077603314370e-05
6.050320785472478518e-05
6.050289493341639955e-05
6.050244317833141267e-05
6.050199142324641223e-05
6.050131391851798637e-05
6.050063641378956050e-05
6.049995890906114141e-05
6.049928140433274943e-05
6.049827092066710808e-05
6.049726043700147350e-05
6.049624995333581859e-05
6.049523946967020433e-05
6.049395294759785129e-05
6.049266642552547115e-05
6.049118048722903129e-05
6.048969454893258466e-05
6.048799671541416789e-05
6.048629888189571046e-05
6.048437585937638375e-05
6.048245283685705704e-05
6.048029045862510526e-05
6.047812808039314670e-05
6.047571124135584934e-05
6.047329440231848422e-05
6.047060699095407692e-05
6.046791957958966285e-05
6.046494440119953878e-05
6.046196922280940115e-05
6.045868791968582489e-05
6.045540661656222152e-05
6.045179957775944545e-05
6.044819253895663549e-05
6.044423880638875266e-05
6.044028507382086983e-05
6.043596223590539594e-05
6.043163939798992205e-05
6.042692347890290638e-05
6.042220755981592459e-05
6.041707289378801874e-05
6.041193822776013322e-05
6.040635732811581066e-05
6.040077642847148132e-05
6.039471983865162224e-05
6.038866324883174284e-05
6.038209938710285558e-05
6.037553552537394799e-05
6.036843050777840824e-05
6.036132549018284138e-05
6.035364294589091387e-05
6.034596040159896603e-05
6.033766126190598557e-05
6.032936212221302544e-05
6.032040440037849841e-05
6.031144667854399850e-05
6.030178521761641648e-05
6.029212375668883446e-05
6.028190440690136051e-05
6.027129617485061503e-05
6.026028574266542554e-05
6.024885928399613351e-05
6.023700244659612065e-05
6.022470032524851501e-05
6.021193744271936089e-05
6.019869771998918797e-05
6.018496445541682077e-05
6.017072029198294761e-05
6.015594719448712631e-05
6.014062641347532758e-05
6.012473846027695929e-05
6.010826306725035762e-05
6.009117916044778027e-05
6.007346481577063651e-05
6.005509722903079595e-05
6.003605266755992830e-05
6.001630643741602653e-05
5.999583282993701020e-05
5.997460508582067387e-05
5.995259533605454733e-05
5.992977456257599246e-05
5.990611253294382500e-05
5.988157775726606568e-05
5.985613741590563080e-05
5.982975731234384996e-05
5.980240179313264733e-05
5.977403369634542432e-05
5.974461426289994707e-05
5.971410308023731650e-05
5.968245798404253795e-05
5.964963499678849966e-05
5.961558821877716458e-05
5.958026976119226140e-05
5.954362962527188450e-05
5.950561562753130734e-05
5.946617327578478926e-05
5.942524566791336792e-05
5.938277337479323727e-05
5.933869431944804586e-05
5.929294365045850149e-05
5.924545360941817451e-05
5.919615339223040262e-05
5.914496900405034104e-05
5.909182310768666490e-05
5.903663486529708794e-05
5.897931977323092411e-05
5.891978948990258039e-05
5.885795165661546555e-05
5.879370971130107808e-05
5.872696269519305342e-05
5.865760505252679593e-05
5.858552642343555270e-05
5.851061143031905477e-05
5.843273945807895555e-05
5.835178442876498334e-05
5.826761457134975317e-05
5.818009218756055225e-05
5.808907341494623359e-05
5.799440798865516949e-05
5.789593900375159273e-05
5.779350268031902167e-05
5.768692813409340793e-05
5.757603715595569968e-05
5.746064400431062901e-05
5.734055521519499651e-05
0.000000000000000000e+00
8.982665890869015956e-05
6.050395730281518441e-05
6.050386834182871885e-05
6.050371785190427568e-05
6.050350395287136323e-05
6.050319103621763371e-05
6.050287811956394485e-05
6.050242637124135731e-05
6.050197462291878332e-05
6.050129712844079782e-05
6.050061963396281231e-05
6.049994213948481326e-05
6.049926464500682776e-05
6.049825417686944162e-05
6.049724370873207582e-05
6.049623324059469646e-05
6.049522277245731033e-05
6.049393627038521443e-05
6.049264976831314564e-05
6.049116385331438088e-05
6.048967793831559579e-05
6.048798013164329197e-05
6.048628232497102204e-05
6.048435933313026645e-05
6.048243634128954474e-05
6.048027399786225808e-05
6.047811165443503918e-05
6.047569485466136455e-05
6.047327805488770348e-05
6.047059068759031401e-05
6.046790332029291099e-05
6.046492819116438676e-05
6.046195306203586253e-05
6.045867181377353284e-05
6.045539056551119637e-05
6.045178358763050609e-05
6.044817660974976837e-05
6.044422294464270654e-05
6.044026927953559050e-05
6.043594651616495875e-05
6.043162375279429989e-05
6.042690791590176900e-05
6.042219207900923812e-05
6.041705750347249121e-05
6.041192292793573753e-05
6.040634212775090455e-05
6.040076132756603769e-05
6.039470484694435835e-05
6.038864836632267902e-05
6.038208462433125687e-05
6.037552088233982117e-05
6.036841599594164830e-05
6.036131110954349576e-05
6.035362870886668208e-05
6.034594630818989551e-05
6.033764732563440166e-05
6.032934834307893492e-05
6.032039079305495140e-05
6.031143324303096109e-05
6.030177196991778340e-05
6.029211069680459216e-05
6.028189154768740914e-05
6.027128352540130340e-05
6.026027331245531861e-05
6.024884708294359406e-05
6.023699048503834556e-05
6.022468861401217099e-05
6.021192599309313384e-05
6.019868654380241478e-05
6.018495356500909774e-05
6.017070970029172723e-05
6.015593691501405278e-05
6.014061646038426900e-05
6.012472884835635875e-05
6.010825381202298157e-05
6.009117027812894285e-05
6.007345632339100577e-05
6.005508914439000356e-05
6.003604500936432422e-05
6.001629922522692186e-05
5.999582608432553520e-05
5.997459882831001027e-05
5.995258958929416639e-05
5.992976935027714499e-05
5.990610788007600551e-05
5.988157368998474355e-05
5.985613396177424749e-05
5.982975450025267318e-05
5.980239965354998752e-05
5.977403226122658875e-05
5.974461356597206654e-05
5.971410315689666459e-05
5.968245887167835512e-05
5.964963673466707850e-05
5.961559084841058694e-05
5.958027332620723706e-05
5.954363417183054357e-05
5.950562120422524660e-05
5.946617993394577063e-05
5.942525346174901314e-05
5.938278236157291435e-05
5.933870455970209124e-05
5.929295520819260747e-05
5.924546655234338240e-05
5.919616779201085648e-05
5.914498493656942548e-05
5.909184065333408141e-05
5.903665410927758154e-05
5.897934080589750606e-05
5.891981240711564985e-05
5.885797656013075065e-05
5.879373670918813799e-05
5.872699190228798693e-05
5.865763659092150805e-05
5.858556042300727896e-05
5.851064802930366026e-05
5.843277880369212852e-05
5.835182667787558577e-05
5.826765989121051204e-05
5.818014075660122794e-05
5.808912542363521504e-05
5.799446364043611647e-05
5.789599851606231479e-05
5.779356628570056281e-05
5.768699608139808493e-05
5.757610971166370306e-05
5.746072145396619783e-05
5.734063786497380208e-05
0.000000000000000000e+00
8.982664207835664599e-05
6.050394047293023239e-05
6.050385151326624275e-05
6.050370102557104123e-05
6.050348712970953532e-05
6.050317421771052968e-05
6.050286130571143594e-05
6.050240956415131550e-05
6.050195782259115441e-05
6.050128033836358894e-05
6.050060285413605735e-05
6.049992536990851899e-05
6.049924788568096707e-05
6.049823743307182261e-05
6.049722698046266459e-05
6.049621652785354046e-05
6.049520607524438921e-05
6.049391959317260468e-05
6.049263311110082014e-05
6.049114721939971015e-05
6.048966132769857982e-05
6.048796354787246349e-05
6.048626576804629973e-05
6.048434280688417625e-05
6.048241984572200533e-05
6.048025753709945833e-05
6.047809522847691810e-05
6.047567846796689331e-05
6.047326170745688208e-05
6.047057438422652400e-05
6.046788706099615914e-05
6.046491198112924830e-05
6.046193690126232392e-05
6.045865570786123402e-05
6.045537451446016445e-05
6.045176759750155317e-05
6.044816068054290124e-05
6.044420708289659943e-05
6.044025348525029084e-05
6.043593079642448768e-05
6.043160810759869807e-05
6.042689235290062485e-05
6.042217659820256519e-05
6.041704211315695691e-05
6.041190762811133507e-05
6.040632692738597134e-05
6.040074622666059405e-05
6.039468985523709446e-05
6.038863348381362197e-05
6.038206986155964461e-05
6.037550623930567403e-05
6.036840148410490192e-05
6.036129672890412981e-05
6.035361447184248417e-05
6.034593221478080466e-05
6.033763338936283809e-05
6.032933456394485119e-05
6.032037718573141115e-05
6.031141980751793046e-05
6.030175872221915710e-05
6.029209763692035663e-05
6.028187868847342389e-05
6.027127087595195789e-05
6.026026088224523879e-05
6.024883488189106817e-05
6.023697852348055691e-05
6.022467690277581341e-05
6.021191454346690679e-05
6.019867536761565514e-05
6.018494267460133406e-05
6.017069910860048653e-05
6.015592663554098602e-05
6.014060650729320364e-05
6.012471923643578531e-05
6.010824455679557841e-05
6.009116139581010543e-05
6.007344783101137503e-05
6.005508105974921796e-05
6.003603735116870658e-05
6.001629201303781042e-05
5.999581933871404665e-05
5.997459257079933989e-05
5.995258384253377191e-05
5.992976413797828397e-05
5.990610322720817924e-05
5.988156962270342821e-05
5.985613050764285062e-05
5.982975168816147607e-05
5.980239751396732771e-05
5.977403082610775997e-05
5.974461286904415890e-05
5.971410323355599912e-05
5.968245975931417907e-05
5.964963847254567766e-05
5.961559347804397543e-05
5.958027689122217884e-05
5.954363871838921619e-05
5.950562678091919942e-05
5.946618659210673846e-05
5.942526125558470580e-05
5.938279134835259144e-05
5.933871479995617729e-05
5.929296676592670667e-05
5.924547949526861061e-05
5.919618219179126968e-05
5.914500086908853024e-05
5.909185819898147082e-05
5.903667335325806837e-05
5.897936183856406091e-05
5.891983532432876674e-05
5.885800146364601542e-05
5.879376370707519790e-05
5.872702110938292044e-05
5.865766812931621338e-05
5.858559442257903910e-05
5.851068462828828607e-05
5.843281814930529472e-05
5.835186892698618821e-05
5.826770521107128446e-05
5.818018932564191040e-05
5.808917743232418972e-05
5.799451929221703634e-05
5.789605802837303008e-05
5.779362989108212427e-05
5.768706402870274160e-05
5.757618226737169965e-05
5.746079890362180054e-05
5.734072051475260764e-05
0.000000000000000000e+00
8.982662524802310531e-05
6.050392364304527359e-05
6.050383468470377343e-05
6.050368419923782032e-05
6.050347030654774807e-05
6.050315739920337143e-05
6.050284449185898124e-05
6.050239275706124659e-05
6.050194102226354582e-05
6.050126354828641394e-05
6.050058607430930239e-05
6.049990860033217728e-05
6.049923112635507250e-05
6.049822068927419004e-05
6.049721025219328047e-05
6.049619981511237090e-05
6.049518937803148165e-05
6.049390291595998137e-05
6.049261645388848786e-05
6.049113058548503941e-05
6.048964471708157063e-05
6.048794696410158758e-05
6.048624921112161809e-05
6.048432628063805217e-05
6.048240335015447948e-05
6.048024107633663147e-05
6.047807880251881735e-05
6.047566208127245596e-05
6.047324536002610134e-05
6.047055808086275431e-05
6.046787080169941406e-05
6.046489577109408952e-05
6.046192074048876498e-05
6.045863960194896908e-05
6.045535846340911897e-05
6.045175160737258671e-05
6.044814475133606800e-05
6.044419122115051942e-05
6.044023769096500473e-05
6.043591507668403693e-05
6.043159246240308269e-05
6.042687678989949426e-05
6.042216111739589905e-05
6.041702672284141582e-05
6.041189232828695293e-05
6.040631172702103134e-05
6.040073112575514364e-05
6.039467486352984412e-05
6.038861860130456492e-05
6.038205509878805268e-05
6.037549159627153366e-05
6.036838697226814198e-05
6.036128234826476386e-05
6.035360023481824561e-05
6.034591812137174091e-05
6.033761945309124741e-05
6.032932078481076745e-05
6.032036357840783026e-05
6.031140637200491339e-05
6.030174547452050369e-05
6.029208457703612788e-05
6.028186582925944541e-05
6.027125822650263948e-05
6.026024845203515218e-05
6.024882268083854228e-05
6.023696656192278182e-05
6.022466519153947615e-05
6.021190309384070007e-05
6.019866419142887518e-05
6.018493178419359070e-05
6.017068851690923905e-05
6.015591635606793960e-05
6.014059655420213150e-05
6.012470962451519832e-05
6.010823530156820914e-05
6.009115251349124768e-05
6.007343933863172397e-05
6.005507297510842557e-05
6.003602969297308216e-05
6.001628480084873285e-05
5.999581259310256487e-05
5.997458631328867628e-05
5.995257809577338420e-05
5.992975892567943650e-05
5.990609857434035297e-05
5.988156555542213319e-05
5.985612705351147408e-05
5.982974887607029252e-05
5.980239537438466791e-05
5.977402939098891763e-05
5.974461217211625126e-05
5.971410331021536076e-05
5.968246064694996913e-05
5.964964021042424972e-05
5.961559610767740456e-05
5.958028045623714773e-05
5.954364326494786849e-05
5.950563235761316579e-05
5.946619325026770628e-05
5.942526904942033747e-05
5.938280033513225497e-05
5.933872504021022945e-05
5.929297832366079910e-05
5.924549243819382527e-05
5.919619659157169644e-05
5.914501680160762144e-05
5.909187574462887378e-05
5.903669259723857553e-05
5.897938287123063609e-05
5.891985824154186331e-05
5.885802636716129375e-05
5.879379070496224425e-05
5.872705031647785395e-05
5.865769966771092550e-05
5.858562842215075858e-05
5.851072122727290511e-05
5.843285749491846092e-05
5.835191117609678387e-05
5.826775053093205688e-05
5.818023789468260642e-05
5.808922944101316439e-05
5.799457494399799009e-05
5.789611754068375892e-05
5.779369349646365186e-05
5.768713197600740505e-05
5.757625482307969625e-05
5.746087635327737613e-05
5.734080316453141999e-05
0.000000000000000000e+00
8.982660841768957819e-05
6.050390681316032834e-05
6.050381785614131089e-05
6.050366737290458586e-05
6.050345348338595405e-05
6.050314058069623352e-05
6.050282767800651976e-05
6.050237594997120478e-05
6.050192422193591014e-05
6.050124675820920506e-05
6.050056929448252709e-05
6.049989183075585590e-05
6.049921436702917793e-05
6.049820394547651681e-05
6.049719352392386246e-05
6.049618310237122167e-05
6.049517268081856732e-05
6.049388623874737161e-05
6.049259979667618946e-05
6.049111395157038222e-05
6.048962810646457499e-05
6.048793038033076588e-05
6.048623265419691611e-05
6.048430975439192132e-05
6.048238685458694007e-05
6.048022461557380462e-05
6.047806237656068950e-05
6.047564569457800505e-05
6.047322901259528672e-05
6.047054177749899140e-05
6.046785454240267575e-05
6.046487956105895106e-05
6.046190457971523314e-05
6.045862349603667025e-05
6.045534241235810059e-05
6.045173561724364735e-05
6.044812882212918732e-05
6.044417535940442587e-05
6.044022189667968474e-05
6.043589935694357941e-05
6.043157681720746053e-05
6.042686122689834333e-05
6.042214563658921935e-05
6.041701133252588152e-05
6.041187702846255724e-05
6.040629652665612523e-05
6.040071602484970001e-05
6.039465987182260733e-05
6.038860371879552821e-05
6.038204033601645397e-05
6.037547695323739329e-05
6.036837246043138882e-05
6.036126796762539113e-05
6.035358599779402737e-05
6.034590402796265684e-05
6.033760551681966350e-05
6.032930700567668372e-05
6.032034997108427646e-05
6.031139293649186921e-05
6.030173222682187739e-05
6.029207151715190591e-05
6.028185297004548049e-05
6.027124557705330074e-05
6.026023602182505203e-05
6.024881047978600284e-05
6.023695460036499318e-05
6.022465348030313213e-05
6.021189164421444592e-05
6.019865301524211554e-05
6.018492089378585413e-05
6.017067792521800512e-05
6.015590607659488640e-05
6.014058660111105259e-05
6.012470001259459778e-05
6.010822604634083309e-05
6.009114363117243736e-05
6.007343084625209323e-05
6.005506489046762641e-05
6.003602203477747130e-05
6.001627758865961463e-05
5.999580584749108310e-05
5.997458005577799913e-05
5.995257234901299649e-05
5.992975371338057547e-05
5.990609392147252670e-05
5.988156148814083817e-05
5.985612359938009076e-05
5.982974606397909541e-05
5.980239323480202165e-05
5.977402795587006851e-05
5.974461147518835040e-05
5.971410338687465464e-05
5.968246153458579308e-05
5.964964194830282856e-05
5.961559873731083370e-05
5.958028402125208951e-05
5.954364781150653434e-05
5.950563793430712538e-05
5.946619990842870121e-05
5.942527684325601658e-05
5.938280932191192528e-05
5.933873528046430194e-05
5.929298988139491863e-05
5.924550538111903315e-05
5.919621099135212997e-05
5.914503273412671943e-05
5.909189329027625642e-05
5.903671184121904881e-05
5.897940390389719094e-05
5.891988115875494632e-05
5.885805127067658563e-05
5.879381770284929738e-05
5.872707952357278746e-05
5.865773120610563761e-05
5.858566242172249161e-05
5.851075782625752414e-05
5.843289684053160678e-05
5.835195342520736598e-05
5.826779585079282253e-05
5.818028646372326855e-05
5.808928144970213907e-05
5.799463059577892351e-05
5.789617705299448099e-05
5.779375710184522010e-05
5.768719992331205494e-05
5.757632737878769284e-05
5.746095380293297206e-05
5.734088581431023911e-05
0.000000000000000000e+00
8.982659158735605107e-05
6.050388998327536276e-05
6.050380102757882801e-05
6.050365054657129719e-05
6.050343666022414647e-05
6.050312376218910238e-05
6.050281086415405828e-05
6.050235914288116298e-05
6.050190742160827445e-05
6.050122996813201651e-05
6.050055251465577213e-05
6.049987506117952097e-05
6.049919760770329014e-05
6.049818720167886391e-05
6.049717679565445123e-05
6.049616638963005888e-05
6.049515598360566653e-05
6.049386956153476186e-05
6.049258313946385041e-05
6.049109731765569116e-05
6.048961149584757257e-05
6.048791379655988997e-05
6.048621609727222091e-05
6.048429322814581757e-05
6.048237035901940067e-05
6.048020815481100487e-05
6.047804595060259552e-05
6.047562930788354059e-05
6.047321266516446532e-05
6.047052547413520138e-05
6.046783828310593745e-05
6.046486335102381260e-05
6.046188841894168775e-05
6.045860739012437143e-05
6.045532636130705512e-05
6.045171962711469443e-05
6.044811289292232698e-05
6.044415949765835942e-05
6.044020610239439863e-05
6.043588363720312189e-05
6.043156117201185193e-05
6.042684566389719918e-05
6.042213015578254642e-05
6.041699594221035399e-05
6.041186172863816832e-05
6.040628132629119880e-05
6.040070092394424282e-05
6.039464488011535699e-05
6.038858883628645761e-05
6.038202557324484849e-05
6.037546231020324614e-05
6.036835794859462888e-05
6.036125358698602518e-05
6.035357176076977526e-05
6.034588993455358632e-05
6.033759158054807960e-05
6.032929322654259998e-05
6.032033636376072944e-05
6.031137950097883858e-05
6.030171897912324432e-05
6.029205845726765006e-05
6.028184011083151557e-05
6.027123292760396879e-05
6.026022359161496543e-05
6.024879827873347695e-05
6.023694263880720453e-05
6.022464176906678132e-05
6.021188019458821209e-05
6.019864183905534235e-05
6.018491000337809044e-05
6.017066733352675764e-05
6.015589579712180609e-05
6.014057664801998723e-05
6.012469040067399724e-05
6.010821679111345704e-05
6.009113474885359316e-05
6.007342235387245572e-05
6.005505680582686791e-05
6.003601437658186721e-05
6.001627037647052352e-05
5.999579910187960132e-05
5.997457379826734230e-05
5.995256660225260878e-05
5.992974850108174833e-05
5.990608926860471398e-05
5.988155742085952960e-05
5.985612014524870067e-05
5.982974325188789830e-05
5.980239109521936862e-05
5.977402652075124650e-05
5.974461077826044277e-05
5.971410346353401628e-05
5.968246242222160347e-05
5.964964368618140740e-05
5.961560136694422896e-05
5.958028758626705840e-05
5.954365235806519341e-05
5.950564351100109175e-05
5.946620656658969614e-05
5.942528463709170246e-05
5.938281830869158881e-05
5.933874552071838121e-05
5.929300143912899073e-05
5.924551832404428847e-05
5.919622539113256351e-05
5.914504866664582419e-05
5.909191083592367293e-05
5.903673108519954919e-05
5.897942493656374579e-05
5.891990407596804289e-05
5.885807617419184362e-05
5.879384470073636406e-05
5.872710873066771419e-05
5.865776274450037005e-05
5.858569642129423820e-05
5.851079442524214995e-05
5.843293618614477298e-05
5.835199567431798874e-05
5.826784117065360172e-05
5.818033503276397135e-05
5.808933345839111374e-05
5.799468624755985016e-05
5.789623656530520305e-05
5.779382070722677479e-05
5.768726787061671162e-05
5.757639993449570299e-05
5.746103125258856799e-05
5.734096846408905145e-05
0.000000000000000000e+00
8.982657475702253750e-05
6.050387315339042428e-05
6.050378419901633836e-05
6.050363372023806951e-05
6.050341983706233212e-05
6.050310694368197124e-05
6.050279405030156970e-05
6.050234233579109407e-05
6.050189062128065909e-05
6.050121317805482119e-05
6.050053573482902394e-05
6.049985829160321992e-05
6.049918084837738202e-05
6.049817045788122457e-05
6.049716006738507389e-05
6.049614967688890965e-05
6.049513928639275220e-05
6.049385288432213177e-05
6.049256648225153846e-05
6.049108068374105430e-05
6.048959488523054305e-05
6.048789721278905471e-05
6.048619954034752572e-05
6.048427670189969349e-05
6.048235386345186804e-05
6.048019169404817124e-05
6.047802952464448800e-05
6.047561292118906257e-05
6.047319631773367103e-05
6.047050917077143847e-05
6.046782202380919237e-05
6.046484714098867414e-05
6.046187225816813558e-05
6.045859128421209971e-05
6.045531031025602997e-05
6.045170363698574152e-05
6.044809696371545985e-05
6.044414363591227941e-05
6.044019030810909220e-05
6.043586791746267115e-05
6.043154552681624333e-05
6.042683010089603470e-05
6.042211467497585317e-05
6.041698055189482645e-05
6.041184642881375908e-05
6.040626612592627236e-05
6.040068582303879241e-05
6.039462988840811343e-05
6.038857395377740734e-05
6.038201081047325655e-05
6.037544766716909899e-05
6.036834343675787572e-05
6.036123920634668634e-05
6.035355752374557735e-05
6.034587584114448869e-05
6.033757764427648892e-05
6.032927944740852302e-05
6.032032275643715532e-05
6.031136606546580117e-05
6.030170573142460446e-05
6.029204539738340098e-05
6.028182725161753709e-05
6.027122027815462327e-05
6.026021116140487205e-05
6.024878607768094428e-05
6.023693067724944977e-05
6.022463005783042374e-05
6.021186874496199860e-05
6.019863066286858271e-05
6.018489911297036064e-05
6.017065674183553049e-05
6.015588551764877322e-05
6.014056669492892187e-05
6.012468078875340347e-05
6.010820753588608098e-05
6.009112586653474897e-05
6.007341386149281143e-05
6.005504872118605519e-05
6.003600671838624957e-05
6.001626316428141207e-05
5.999579235626813310e-05
5.997456754075664482e-05
5.995256085549222785e-05
5.992974328878288053e-05
5.990608461573690126e-05
5.988155335357821425e-05
5.985611669111730380e-05
5.982974043979672152e-05
5.980238895563669526e-05
5.977402508563240416e-05
5.974461008133256224e-05
5.971410354019333726e-05
5.968246330985740709e-05
5.964964542405999979e-05
5.961560399657765810e-05
5.958029115128202051e-05
5.954365690462383893e-05
5.950564908769503779e-05
5.946621322475066396e-05
5.942529243092734090e-05
5.938282729547125912e-05
5.933875576097246047e-05
5.929301299686311026e-05
5.924553126696952346e-05
5.919623979091299026e-05
5.914506459916492217e-05
5.909192838157106234e-05
5.903675032918002924e-05
5.897944596923032775e-05
5.891992699318113267e-05
5.885810107770711517e-05
5.879387169862342397e-05
5.872713793776264770e-05
5.865779428289509572e-05
5.858573042086593735e-05
5.851083102422677577e-05
5.843297553175793918e-05
5.835203792342857763e-05
5.826788649051436737e-05
5.818038360180466059e-05
5.808938546708009520e-05
5.799474189934080391e-05
5.789629607761592511e-05
5.779388431260831593e-05
5.768733581792138184e-05
5.757647249020369281e-05
5.746110870224416391e-05
5.734105111386786379e-05
0.000000000000000000e+00
8.982655792668899682e-05
6.050385632350544515e-05
6.050376737045387582e-05
6.050361689390482828e-05
6.050340301390055164e-05
6.050309012517483332e-05
6.050277723644910144e-05
6.050232552870105904e-05
6.050187382095303018e-05
6.050119638797766652e-05
6.050051895500225543e-05
6.049984152202686466e-05
6.049916408905152133e-05
6.049815371408357844e-05
6.049714333911565588e-05
6.049613296414772654e-05
6.049512258917982431e-05
6.049383620710952880e-05
6.049254982503919262e-05
6.049106404982638357e-05
6.048957827461355418e-05
6.048788062901819235e-05
6.048618298342283052e-05
6.048426017565358296e-05
6.048233736788436252e-05
6.048017523328536472e-05
6.047801309868634659e-05
6.047559653449461166e-05
6.047317997030285641e-05
6.047049286740765523e-05
6.046780576451243373e-05
6.046483093095352213e-05
6.046185609739459696e-05
6.045857517829980767e-05
6.045529425920499126e-05
6.045168764685681571e-05
6.044808103450859273e-05
6.044412777416621296e-05
6.044017451382379253e-05
6.043585219772220686e-05
6.043152988162061440e-05
6.042681453789489055e-05
6.042209919416918025e-05
6.041696516157927182e-05
6.041183112898937017e-05
6.040625092556134592e-05
6.040067072213334878e-05
6.039461489670084276e-05
6.038855907126835707e-05
6.038199604770165785e-05
6.037543302413496540e-05
6.036832892492113612e-05
6.036122482570730006e-05
6.035354328672135234e-05
6.034586174773539784e-05
6.033756370800491179e-05
6.032926566827443929e-05
6.032030914911358797e-05
6.031135262995279087e-05
6.030169248372597816e-05
6.029203233749915868e-05
6.028181439240355184e-05
6.027120762870530487e-05
6.026019873119477189e-05
6.024877387662841161e-05
6.023691871569165435e-05
6.022461834659407972e-05
6.021185729533577155e-05
6.019861948668179597e-05
6.018488822256261051e-05
6.017064615014427624e-05
6.015587523817571324e-05
6.014055674183784296e-05
6.012467117683283004e-05
6.010819828065869816e-05
6.009111698421589799e-05
6.007340536911318747e-05
6.005504063654525603e-05
6.003599906019063193e-05
6.001625595209232774e-05
5.999578561065664454e-05
5.997456128324600154e-05
5.995255510873181303e-05
5.992973807648403983e-05
5.990607996286907499e-05
5.988154928629689890e-05
5.985611323698592726e-05
5.982973762770551763e-05
5.980238681605404223e-05
5.977402365051356182e-05
5.974460938440465460e-05
5.971410361685267857e-05
5.968246419749321748e-05
5.964964716193858540e-05
5.961560662621105336e-05
5.958029471629696906e-05
5.954366145118249800e-05
5.950565466438899738e-05
5.946621988291163856e-05
5.942530022476302679e-05
5.938283628225092265e-05
5.933876600122649908e-05
5.929302455459720947e-05
5.924554420989471779e-05
5.919625419069341702e-05
5.914508053168399983e-05
5.909194592721847208e-05
5.903676957316050930e-05
5.897946700189688938e-05
5.891994991039422924e-05
5.885812598122240705e-05
5.879389869651049743e-05
5.872716714485757444e-05
5.865782582128980106e-05
5.858576442043768393e-05
5.851086762321140158e-05
5.843301487737110537e-05
5.835208017253918006e-05
5.826793181037513301e-05
5.818043217084532950e-05
5.808943747576907665e-05
5.799479755112172378e-05
5.789635558992662685e-05
5.779394791798985029e-05
5.768740376522603174e-05
5.757654504591168263e-05
5.746118615189973951e-05
5.734113376364667614e-05
0.000000000000000000e+00
8.982654109635546970e-05
6.050383949362047958e-05
6.050375054189139972e-05
6.050360006757160060e-05
6.050338619073873729e-05
6.050307330666769540e-05
6.050276042259662641e-05
6.050230872161099690e-05
6.050185702062539449e-05
6.050117959790046442e-05
6.050050217517549369e-05
6.049982475245056361e-05
6.049914732972560644e-05
6.049813697028593232e-05
6.049712661084625820e-05
6.049611625140659087e-05
6.049510589196692353e-05
6.049381952989689193e-05
6.049253316782687390e-05
6.049104741591169928e-05
6.048956166399653821e-05
6.048786404524732999e-05
6.048616642649812854e-05
6.048424364940748599e-05
6.048232087231680956e-05
6.048015877252253109e-05
6.047799667272823907e-05
6.047558014780017431e-05
6.047316362287206211e-05
6.047047656404386522e-05
6.046778950521566832e-05
6.046481472091836334e-05
6.046183993662107190e-05
6.045855907238750884e-05
6.045527820815399322e-05
6.045167165672784925e-05
6.044806510530173238e-05
6.044411191242011263e-05
6.044015871953851320e-05
6.043583647798174256e-05
6.043151423642499902e-05
6.042679897489373962e-05
6.042208371336250055e-05
6.041694977126375106e-05
6.041181582916499480e-05
6.040623572519645336e-05
6.040065562122791192e-05
6.039459990499359919e-05
6.038854418875930002e-05
6.038198128493008624e-05
6.037541838110080470e-05
6.036831441308438973e-05
6.036121044506793411e-05
6.035352904969713410e-05
6.034584765432632732e-05
6.033754977173333466e-05
6.032925188914034200e-05
6.032029554179003418e-05
6.031133919443976024e-05
6.030167923602733831e-05
6.029201927761492316e-05
6.028180153318958692e-05
6.027119497925597969e-05
6.026018630098469884e-05
6.024876167557587217e-05
6.023690675413386571e-05
6.022460663535771536e-05
6.021184584570953772e-05
6.019860831049502956e-05
6.018487733215486038e-05
6.017063555845304231e-05
6.015586495870263971e-05
6.014054678874678438e-05
6.012466156491222950e-05
6.010818902543130855e-05
6.009110810189706057e-05
6.007339687673352962e-05
6.005503255190447042e-05
6.003599140199502107e-05
6.001624873990322984e-05
5.999577886504516277e-05
5.997455502573532438e-05
5.995254936197143210e-05
5.992973286418519236e-05
5.990607531000125550e-05
5.988154521901559711e-05
5.985610978285453039e-05
5.982973481561432052e-05
5.980238467647138243e-05
5.977402221539471948e-05
5.974460868747675374e-05
5.971410369351199955e-05
5.968246508512902110e-05
5.964964889981716424e-05
5.961560925584447572e-05
5.958029828131190407e-05
5.954366599774117062e-05
5.950566024108295020e-05
5.946622654107261994e-05
5.942530801859866523e-05
5.938284526903059974e-05
5.933877624148057157e-05
5.929303611233132222e-05
5.924555715281994600e-05
5.919626859047383700e-05
5.914509646420309104e-05
5.909196347286586149e-05
5.903678881714100290e-05
5.897948803456345100e-05
5.891997282760733258e-05
5.885815088473767860e-05
5.879392569439754378e-05
5.872719635195250117e-05
5.865785735968449962e-05
5.858579842000942374e-05
5.851090422219600029e-05
5.843305422298425802e-05
5.835212242164976895e-05
5.826797713023589866e-05
5.818048073988600519e-05
5.808948948445805132e-05
5.799485320290265043e-05
5.789641510223737602e-05
5.779401152337142531e-05
5.768747171253070874e-05
5.757661760161969278e-05
5.746126360155533544e-05
5.734121641342546815e-05
0.000000000000000000e+00
8.982652426602194258e-05
6.050382266373552077e-05
6.050373371332893040e-05
6.050358324123831870e-05
6.050336936757695681e-05
6.050305648816055071e-05
6.050274360874416494e-05
6.050229191452096865e-05
6.050184022029777913e-05
6.050116280782327587e-05
6.050048539534875905e-05
6.049980798287423546e-05
6.049913057039973220e-05
6.049812022648830653e-05
6.049710988257685375e-05
6.049609953866544164e-05
6.049508919475399564e-05
6.049380285268428896e-05
6.049251651061454839e-05
6.049103078199703532e-05
6.048954505337953580e-05
6.048784746147649474e-05
6.048614986957343335e-05
6.048422712316137547e-05
6.048230437674929048e-05
6.048014231175970423e-05
6.047798024677013154e-05
6.047556376110570307e-05
6.047314727544126782e-05
6.047046026068009553e-05
6.046777324591895712e-05
6.046479851088323165e-05
6.046182377584752651e-05
6.045854296647523035e-05
6.045526215710294774e-05
6.045165566659888278e-05
6.044804917609487204e-05
6.044409605067403940e-05
6.044014292525319999e-05
6.043582075824129859e-05
6.043149859122939042e-05
6.042678341189259547e-05
6.042206823255580729e-05
6.041693438094819643e-05
6.041180052934059234e-05
6.040622052483151337e-05
6.040064052032244118e-05
6.039458491328634885e-05
6.038852930625024975e-05
6.038196652215845365e-05
6.037540373806667788e-05
6.036829990124763657e-05
6.036119606442858849e-05
6.035351481267289554e-05
6.034583356091722969e-05
6.033753583546173043e-05
6.032923811000625826e-05
6.032028193446648716e-05
6.031132575892672284e-05
6.030166598832869846e-05
6.029200621773070118e-05
6.028178867397560167e-05
6.027118232980663417e-05
6.026017387077460546e-05
6.024874947452334628e-05
6.023689479257609062e-05
6.022459492412137811e-05
6.021183439608330390e-05
6.019859713430826314e-05
6.018486644174711025e-05
6.017062496676180838e-05
6.015585467922957973e-05
6.014053683565571224e-05
6.012465195299164928e-05
6.010817977020393928e-05
6.009109921957825025e-05
6.007338838435390566e-05
6.005502446726369159e-05
6.003598374379939665e-05
6.001624152771411840e-05
5.999577211943368099e-05
5.997454876822465401e-05
5.995254361521105117e-05
5.992972765188635844e-05
5.990607065713343600e-05
5.988154115173429531e-05
5.985610632872314030e-05
5.982973200352313019e-05
5.980238253688872940e-05
5.977402078027587037e-05
5.974460799054885288e-05
5.971410377017134086e-05
5.968246597276483827e-05
5.964965063769574308e-05
5.961561188547788453e-05
5.958030184632686618e-05
5.954367054429982292e-05
5.950566581777690301e-05
5.946623319923358776e-05
5.942531581243435112e-05
5.938285425581029038e-05
5.933878648173464406e-05
5.929304767006541465e-05
5.924557009574518099e-05
5.919628299025427731e-05
5.914511239672218224e-05
5.909198101851325090e-05
5.903680806112148296e-05
5.897950906723001941e-05
5.891999574482042237e-05
5.885817578825294338e-05
5.879395269228461046e-05
5.872722555904744146e-05
5.865788889807923206e-05
5.858583241958115678e-05
5.851094082118061932e-05
5.843309356859742421e-05
5.835216467076037139e-05
5.826802245009667786e-05
5.818052930892667410e-05
5.808954149314703955e-05
5.799490885468360418e-05
5.789647461454808453e-05
5.779407512875296644e-05
5.768753965983536541e-05
5.757669015732768937e-05
5.746134105121093136e-05
5.734129906320429405e-05
0.000000000000000000e+00
8.982650743568842901e-05
6.050380583385056197e-05
6.050371688476648141e-05
6.050356641490509102e-05
6.050335254441516957e-05
6.050303966965341957e-05
6.050272679489168990e-05
6.050227510743092006e-05
6.050182341997017055e-05
6.050114601774605344e-05
6.050046861552198376e-05
6.049979121329792086e-05
6.049911381107385118e-05
6.049810348269065363e-05
6.049709315430746285e-05
6.049608282592427208e-05
6.049507249754108808e-05
6.049378617547165209e-05
6.049249985340223644e-05
6.049101414808238491e-05
6.048952844276254693e-05
6.048783087770563915e-05
6.048613331264873815e-05
6.048421059691525139e-05
6.048228788118175108e-05
6.048012585099687738e-05
6.047796382081202401e-05
6.047554737441121828e-05
6.047313092801045320e-05
6.047044395731632585e-05
6.046775698662217139e-05
6.046478230084807964e-05
6.046180761507395402e-05
6.045852686056292475e-05
6.045524610605192259e-05
6.045163967646996375e-05
6.044803324688801169e-05
6.044408018892794584e-05
6.044012713096792066e-05
6.043580503850084107e-05
6.043148294603377504e-05
6.042676784889145809e-05
6.042205275174914115e-05
6.041691899063265534e-05
6.041178522951621698e-05
6.040620532446660726e-05
6.040062541941699755e-05
6.039456992157909851e-05
6.038851442374119270e-05
6.038195175938686172e-05
6.037538909503254429e-05
6.036828538941087664e-05
6.036118168378921576e-05
6.035350057564866375e-05
6.034581946750815240e-05
6.033752189919018040e-05
6.032922433087217453e-05
6.032026832714295370e-05
6.031131232341370576e-05
6.030165274063006538e-05
6.029199315784645888e-05
6.028177581476166385e-05
6.027116968035730899e-05
6.026016144056451208e-05
6.024873727347081361e-05
6.023688283101830875e-05
6.022458321288502730e-05
6.021182294645708363e-05
6.019858595812150351e-05
6.018485555133936690e-05
6.017061437507056768e-05
6.015584439975651298e-05
6.014052688256463333e-05
6.012464234107105552e-05
6.010817051497655645e-05
6.009109033725937895e-05
6.007337989197428170e-05
6.005501638262290598e-05
6.003597608560377901e-05
6.001623431552502051e-05
5.999576537382220599e-05
5.997454251071399718e-05
5.995253786845066346e-05
5.992972243958747709e-05
5.990606600426560973e-05
5.988153708445297996e-05
5.985610287459175021e-05
5.982972919143193308e-05
5.980238039730607636e-05
5.977401934515704158e-05
5.974460729362095879e-05
5.971410384683069572e-05
5.968246686040064867e-05
5.964965237557433547e-05
5.961561451511132045e-05
5.958030541134181474e-05
5.954367509085848199e-05
5.950567139447086260e-05
5.946623985739457591e-05
5.942532360627000312e-05
5.938286324258994036e-05
5.933879672198870300e-05
5.929305922779953418e-05
5.924558303867038210e-05
5.919629739003469729e-05
5.914512832924129378e-05
5.909199856416067419e-05
5.903682730510197656e-05
5.897953009989658781e-05
5.892001866203352571e-05
5.885820069176822170e-05
5.879397969017166359e-05
5.872725476614237497e-05
5.865792043647393740e-05
5.858586641915288304e-05
5.851097742016524514e-05
5.843313291421058363e-05
5.835220691987095349e-05
5.826806776995743672e-05
5.818057787796736334e-05
5.808959350183602100e-05
5.799496450646451727e-05
5.789653412685881337e-05
5.779413873413451436e-05
5.768760760714001530e-05
5.757676271303567919e-05
5.746141850086652051e-05
5.734138171298308606e-05
0.000000000000000000e+00
8.982649060535490189e-05
6.050378900396560994e-05
6.050370005620399853e-05
6.050354958857188367e-05
6.050333572125334166e-05
6.050302285114628843e-05
6.050270998103923520e-05
6.050225830034087826e-05
6.050180661964253486e-05
6.050112922766888522e-05
6.050045183569525590e-05
6.049977444372158593e-05
6.049909705174794984e-05
6.049808673889301428e-05
6.049707642603807195e-05
6.049606611318312285e-05
6.049505580032816696e-05
6.049376949825905589e-05
6.049248319618988383e-05
6.049099751416772095e-05
6.048951183214551741e-05
6.048781429393479034e-05
6.048611675572403617e-05
6.048419407066914086e-05
6.048227138561423200e-05
6.048010939023405053e-05
6.047794739485390971e-05
6.047553098771676737e-05
6.047311458057963180e-05
6.047042765395254938e-05
6.046774072732543308e-05
6.046476609081294796e-05
6.046179145430044251e-05
6.045851075465065981e-05
6.045523005500088389e-05
6.045162368634101084e-05
6.044801731768115134e-05
6.044406432718187262e-05
6.044011133668260744e-05
6.043578931876040388e-05
6.043146730083815966e-05
6.042675228589032072e-05
6.042203727094246145e-05
6.041690360031714814e-05
6.041176992969180773e-05
6.040619012410168082e-05
6.040061031851154036e-05
6.039455492987184817e-05
6.038849954123213566e-05
6.038193699661525624e-05
6.037537445199838359e-05
6.036827087757412348e-05
6.036116730314984303e-05
6.035348633862447262e-05
6.034580537409906155e-05
6.033750796291857617e-05
6.032921055173810434e-05
6.032025471981938635e-05
6.031129888790066158e-05
6.030163949293144586e-05
6.029198009796220980e-05
6.028176295554768538e-05
6.027115703090797703e-05
6.026014901035442548e-05
6.024872507241828772e-05
6.023687086946052688e-05
6.022457150164869005e-05
6.021181149683084302e-05
6.019857478193473032e-05
6.018484466093161676e-05
6.017060378337933375e-05
6.015583412028347333e-05
6.014051692947356797e-05
6.012463272915046853e-05
6.010816125974916685e-05
6.009108145494055508e-05
6.007337139959461708e-05
6.005500829798210004e-05
6.003596842740815460e-05
6.001622710333592262e-05
5.999575862821073099e-05
5.997453625320330647e-05
5.995253212169026220e-05
5.992971722728864317e-05
5.990606135139778346e-05
5.988153301717167817e-05
5.985609942046036689e-05
5.982972637934074953e-05
5.980237825772342333e-05
5.977401791003819924e-05
5.974460659669303761e-05
5.971410392349002348e-05
5.968246774803647261e-05
5.964965411345291431e-05
5.961561714474471570e-05
5.958030897635677685e-05
5.954367963741714106e-05
5.950567697116480864e-05
5.946624651555555729e-05
5.942533140010564834e-05
5.938287222936961744e-05
5.933880696224278905e-05
5.929307078553362661e-05
5.924559598159560354e-05
5.919631178981513760e-05
5.914514426176038499e-05
5.909201610980805683e-05
5.903684654908244984e-05
5.897955113256314944e-05
5.892004157924661550e-05
5.885822559528347970e-05
5.879400668805873705e-05
5.872728397323730170e-05
5.865795197486866307e-05
5.858590041872461607e-05
5.851101401914986417e-05
5.843317225982373628e-05
5.835224916898156271e-05
5.826811308981820915e-05
5.818062644700804580e-05
5.808964551052499568e-05
5.799502015824547103e-05
5.789659363916954221e-05
5.779420233951606904e-05
5.768767555444468553e-05
5.757683526874366901e-05
5.746149595052210289e-05
5.734146436276190518e-05
0.000000000000000000e+00
8.982647377502136121e-05
6.050377217408065792e-05
6.050368322764150888e-05
6.050353276223862888e-05
6.050331889809158151e-05
6.050300603263916407e-05
6.050269316718673984e-05
6.050224149325083645e-05
6.050178981931490595e-05
6.050111243759170344e-05
6.050043505586847383e-05
6.049975767414529165e-05
6.049908029242206204e-05
6.049806999509536138e-05
6.049705969776867428e-05
6.049604940044197362e-05
6.049503910311526618e-05
6.049375282104642581e-05
6.049246653897757866e-05
6.049098088025306377e-05
6.048949522152850821e-05
6.048779771016394154e-05
6.048610019879936808e-05
6.048417754442302356e-05
6.048225489004669259e-05
6.048009292947121690e-05
6.047793096889578863e-05
6.047551460102231646e-05
6.047309823314883073e-05
6.047041135058874581e-05
6.046772446802868800e-05
6.046474988077779595e-05
6.046177529352687679e-05
6.045849464873836098e-05
6.045521400394983841e-05
6.045160769621205792e-05
6.044800138847427067e-05
6.044404846543580616e-05
6.044009554239731456e-05
6.043577359901991926e-05
6.043145165564254429e-05
6.042673672288916302e-05
6.042202179013578175e-05
6.041688821000161384e-05
6.041175462986741204e-05
6.040617492373677471e-05
6.040059521760610350e-05
6.039453993816459783e-05
6.038848465872307184e-05
6.038192223384366430e-05
6.037535980896426355e-05
6.036825636573737032e-05
6.036115292251049741e-05
6.035347210160023405e-05
6.034579128068999102e-05
6.033749402664699904e-05
6.032919677260400028e-05
6.032024111249581900e-05
6.031128545238764450e-05
6.030162624523279245e-05
6.029196703807797428e-05
6.028175009633371368e-05
6.027114438145864507e-05
6.026013658014434566e-05
6.024871287136574150e-05
6.023685890790275179e-05
6.022455979041232570e-05
6.021180004720462275e-05
6.019856360574795713e-05
6.018483377052386663e-05
6.017059319168808628e-05
6.015582384081040657e-05
6.014050697638250939e-05
6.012462311722987477e-05
6.010815200452179757e-05
6.009107257262171089e-05
6.007336290721498634e-05
6.005500021334132121e-05
6.003596076921255051e-05
6.001621989114684505e-05
5.999575188259924244e-05
5.997452999569262931e-05
5.995252637492986771e-05
5.992971201498977537e-05
5.990605669852997075e-05
5.988152894989036282e-05
5.985609596632898358e-05
5.982972356724953209e-05
5.980237611814076353e-05
5.977401647491937045e-05
5.974460589976517063e-05
5.971410400014935801e-05
5.968246863567227623e-05
5.964965585133148637e-05
5.961561977437813129e-05
5.958031254137171863e-05
5.954368418397580013e-05
5.950568254785876146e-05
5.946625317371654544e-05
5.942533919394132067e-05
5.938288121614928775e-05
5.933881720249684798e-05
5.929308234326773259e-05
5.924560892452083175e-05
5.919632618959555758e-05
5.914516019427946264e-05
5.909203365545547334e-05
5.903686579306294344e-05
5.897957216522972462e-05
5.892006449645971884e-05
5.885825049879877158e-05
5.879403368594577663e-05
5.872731318033223521e-05
5.865798351326338873e-05
5.858593441829635588e-05
5.851105061813448321e-05
5.843321160543690247e-05
5.835229141809217870e-05
5.826815840967898834e-05
5.818067501604872827e-05
5.808969751921395680e-05
5.799507581002641123e-05
5.789665315148027105e-05
5.779426594489763051e-05
5.768774350174934220e-05
5.757690782445167916e-05
5.746157340017769881e-05
5.734154701254072430e-05
0.000000000000000000e+00
8.982645694468783409e-05
6.050375534419570589e-05
6.050366639907904634e-05
6.050351593590537410e-05
6.050330207492976038e-05
6.050298921413203293e-05
6.050267635333429192e-05
6.050222468616077431e-05
6.050177301898726349e-05
6.050109564751449457e-05
6.050041827604171887e-05
6.049974090456894317e-05
6.049906353309616747e-05
6.049805325129772204e-05
6.049704296949928338e-05
6.049603268770081761e-05
6.049502240590235862e-05
6.049373614383380928e-05
6.049244988176524638e-05
6.049096424633837948e-05
6.048947861091152613e-05
6.048778112639307918e-05
6.048608364187465255e-05
6.048416101817689948e-05
6.048223839447915319e-05
6.048007646870841715e-05
6.047791454293767433e-05
6.047549821432785200e-05
6.047308188571803644e-05
6.047039504722499646e-05
6.046770820873194970e-05
6.046473367074265071e-05
6.046175913275332462e-05
6.045847854282608249e-05
6.045519795289879970e-05
6.045159170608311179e-05
6.044798545926739677e-05
6.044403260368973294e-05
6.044007974811200812e-05
6.043575787927948207e-05
6.043143601044692891e-05
6.042672115988800531e-05
6.042200630932908849e-05
6.041687281968605242e-05
6.041173933004302990e-05
6.040615972337184828e-05
6.040058011670065309e-05
6.039452494645736105e-05
6.038846977621401479e-05
6.038190747107207237e-05
6.037534516593010285e-05
6.036824185390062393e-05
6.036113854187111113e-05
6.035345786457600904e-05
6.034577718728090695e-05
6.033748009037542191e-05
6.032918299346991654e-05
6.032022750517226521e-05
6.031127201687460710e-05
6.030161299753417293e-05
6.029195397819375231e-05
6.028173723711974198e-05
6.027113173200931989e-05
6.026012414993423872e-05
6.024870067031321561e-05
6.023684694634497670e-05
6.022454807917597489e-05
6.021178859757840248e-05
6.019855242956119749e-05
6.018482288011613683e-05
6.017058259999685235e-05
6.015581356133736692e-05
6.014049702329142370e-05
6.012461350530930133e-05
6.010814274929441475e-05
6.009106369030287346e-05
6.007335441483535561e-05
6.005499212870053560e-05
6.003595311101693287e-05
6.001621267895774039e-05
5.999574513698776744e-05
5.997452373818197249e-05
5.995252062816947323e-05
5.992970680269092790e-05
5.990605204566212415e-05
5.988152488260906780e-05
5.985609251219759349e-05
5.982972075515834853e-05
5.980237397855809694e-05
5.977401503980054166e-05
5.974460520283726299e-05
5.971410407680869932e-05
5.968246952330807307e-05
5.964965758921008553e-05
5.961562240401154688e-05
5.958031610638668752e-05
5.954368873053445920e-05
5.950568812455272105e-05
5.946625983187752004e-05
5.942534698777698622e-05
5.938289020292895806e-05
5.933882744275091370e-05
5.929309390100183179e-05
5.924562186744607352e-05
5.919634058937599789e-05
5.914517612679858096e-05
5.909205120110285598e-05
5.903688503704342350e-05
5.897959319789629302e-05
5.892008741367279508e-05
5.885827540231404313e-05
5.879406068383284331e-05
5.872734238742717550e-05
5.865801505165808729e-05
5.858596841786808891e-05
5.851108721711910225e-05
5.843325095105007545e-05
5.835233366720275403e-05
5.826820372953974721e-05
5.818072358508940395e-05
5.808974952790293825e-05
5.799513146180735142e-05
5.789671266379096601e-05
5.779432955027917842e-05
5.768781144905401243e-05
5.757698038015967575e-05
5.746165084983328119e-05
5.734162966231955020e-05
0.000000000000000000e+00
8.982644011435432052e-05
6.050373851431076064e-05
6.050364957051657702e-05
6.050349910957213964e-05
6.050328525176797313e-05
6.050297239562490179e-05
6.050265953948178978e-05
6.050220787907072573e-05
6.050175621865965490e-05
6.050107885743729246e-05
6.050040149621497068e-05
6.049972413499263535e-05
6.049904677377027291e-05
6.049803650750008269e-05
6.049702624122986537e-05
6.049601597495964805e-05
6.049500570868945784e-05
6.049371946662119274e-05
6.049243322455292088e-05
6.049094761242371552e-05
6.048946200029451016e-05
6.048776454262224392e-05
6.048606708494996413e-05
6.048414449193080251e-05
6.048222189891161378e-05
6.048006000794557674e-05
6.047789811697954648e-05
6.047548182763338076e-05
6.047306553828722182e-05
6.047037874386119966e-05
6.046769194943519784e-05
6.046471746070747837e-05
6.046174297197977923e-05
6.045846243691377011e-05
6.045518190184778811e-05
6.045157571595416565e-05
6.044796953006054320e-05
6.044401674194362583e-05
6.044006395382672879e-05
6.043574215953901100e-05
6.043142036525132708e-05
6.042670559688686794e-05
6.042199082852243590e-05
6.041685742937052489e-05
6.041172403021864777e-05
6.040614452300691506e-05
6.040056501579522301e-05
6.039450995475007682e-05
6.038845489370497807e-05
6.038189270830046689e-05
6.037533052289596926e-05
6.036822734206387077e-05
6.036112416123176551e-05
6.035344362755179081e-05
6.034576309387182965e-05
6.033746615410383123e-05
6.032916921433583958e-05
6.032021389784871819e-05
6.031125858136159002e-05
6.030159974983555340e-05
6.029194091830950323e-05
6.028172437790576350e-05
6.027111908255997438e-05
6.026011171972415212e-05
6.024868846926069649e-05
6.023683498478719483e-05
6.022453636793963087e-05
6.021177714795216865e-05
6.019854125337441753e-05
6.018481198970838670e-05
6.017057200830561165e-05
6.015580328186431372e-05
6.014048707020037190e-05
6.012460389338870756e-05
6.010813349406704547e-05
6.009105480798403604e-05
6.007334592245572487e-05
6.005498404405973644e-05
6.003594545282130846e-05
6.001620546676862217e-05
5.999573839137628566e-05
5.997451748067131566e-05
5.995251488140908552e-05
5.992970159039208043e-05
5.990604739279431821e-05
5.988152081532774568e-05
5.985608905806620339e-05
5.982971794306716498e-05
5.980237183897544391e-05
5.977401360468171288e-05
5.974460450590934858e-05
5.971410415346803385e-05
5.968247041094389024e-05
5.964965932708867792e-05
5.961562503364496246e-05
5.958031967140164963e-05
5.954369327709311828e-05
5.950569370124668064e-05
5.946626649003849464e-05
5.942535478161266533e-05
5.938289918970864192e-05
5.933883768300499974e-05
5.929310545873591067e-05
5.924563481037130173e-05
5.919635498915641110e-05
5.914519205931767894e-05
5.909206874675025216e-05
5.903690428102392388e-05
5.897961423056284109e-05
5.892011033088590520e-05
5.885830030582931468e-05
5.879408768171990999e-05
5.872737159452209545e-05
5.865804659005280619e-05
5.858600241743980839e-05
5.851112381610373484e-05
5.843329029666322809e-05
5.835237591631334969e-05
5.826824904940052641e-05
5.818077215413009319e-05
5.808980153659191293e-05
5.799518711358827129e-05
5.789677217610168807e-05
5.779439315566071956e-05
5.768787939635867587e-05
5.757705293586768590e-05
5.746172829948885678e-05
5.734171231209833543e-05
0.000000000000000000e+00
8.982642328402077984e-05
6.050372168442578151e-05
6.050363274195410770e-05
6.050348228323887807e-05
6.050326842860615200e-05
6.050295557711774354e-05
6.050264272562934863e-05
6.050219107198069748e-05
6.050173941833202599e-05
6.050106206736013102e-05
6.050038471638821572e-05
6.049970736541630042e-05
6.049903001444439867e-05
6.049801976370242302e-05
6.049700951296046092e-05
6.049599926221849882e-05
6.049498901147653672e-05
6.049370278940855588e-05
6.049241656734060215e-05
6.049093097850904478e-05
6.048944538967748741e-05
6.048774795885137478e-05
6.048605052802528249e-05
6.048412796568469198e-05
6.048220540334409471e-05
6.048004354718276344e-05
6.047788169102145251e-05
6.047546544093893663e-05
6.047304919085642752e-05
6.047036244049743675e-05
6.046767569013845954e-05
6.046470125067234669e-05
6.046172681120626772e-05
6.045844633100149162e-05
6.045516585079674263e-05
6.045155972582522629e-05
6.044795360085368963e-05
6.044400088019757293e-05
6.044004815954141558e-05
6.043572643979857380e-05
6.043140472005568460e-05
6.042669003388572379e-05
6.042197534771574265e-05
6.041684203905499059e-05
6.041170873039425208e-05
6.040612932264200218e-05
6.040054991488975905e-05
6.039449496304284681e-05
6.038844001119591425e-05
6.038187794552886140e-05
6.037531587986182211e-05
6.036821283022710406e-05
6.036110978059239956e-05
6.035342939052757257e-05
6.034574900046274558e-05
6.033745221783226088e-05
6.032915543520174230e-05
6.032020029052515084e-05
6.031124514584855939e-05
6.030158650213690677e-05
6.029192785842526093e-05
6.028171151869179180e-05
6.027110643311064242e-05
6.026009928951405197e-05
6.024867626820815027e-05
6.023682302322939941e-05
6.022452465670327329e-05
6.021176569832592805e-05
6.019853007718765111e-05
6.018480109930062980e-05
6.017056141661438450e-05
6.015579300239124697e-05
6.014047711710928621e-05
6.012459428146811380e-05
6.010812423883964232e-05
6.009104592566521217e-05
6.007333743007608735e-05
6.005497595941895083e-05
6.003593779462571115e-05
6.001619825457953105e-05
5.999573164576480389e-05
5.997451122316061817e-05
5.995250913464869103e-05
5.992969637809321940e-05
5.990604273992648516e-05
5.988151674804644388e-05
5.985608560393482008e-05
5.982971513097596787e-05
5.980236969939277733e-05
5.977401216956285698e-05
5.974460380898145449e-05
5.971410423012736161e-05
5.968247129857968708e-05
5.964966106496722966e-05
5.961562766327837127e-05
5.958032323641659141e-05
5.954369782365179090e-05
5.950569927794063346e-05
5.946627314819949634e-05
5.942536257544832410e-05
5.938290817648829868e-05
5.933884792325906546e-05
5.929311701647004375e-05
5.924564775329650961e-05
5.919636938893685818e-05
5.914520799183675659e-05
5.909208629239766190e-05
5.903692352500439715e-05
5.897963526322940950e-05
5.892013324809899498e-05
5.885832520934458623e-05
5.879411467960696990e-05
5.872740080161702896e-05
5.865807812844750475e-05
5.858603641701155498e-05
5.851116041508834032e-05
5.843332964227639429e-05
5.835241816542393180e-05
5.826829436926128528e-05
5.818082072317077566e-05
5.808985354528089438e-05
5.799524276536922505e-05
5.789683168841243724e-05
5.779445676104226747e-05
5.768794734366331899e-05
5.757712549157567572e-05
5.746180574914445271e-05
5.734179496187716811e-05
0.000000000000000000e+00
8.982640645941624476e-05
6.050370486022507786e-05
6.050361591903111598e-05
6.050346546250037077e-05
6.050325161099434146e-05
6.050293876411583189e-05
6.050262591723730877e-05
6.050217427030632684e-05
6.050172262337535168e-05
6.050104528260911952e-05
6.050036794184288736e-05
6.049969060107665520e-05
6.049901326031038916e-05
6.049800302505191151e-05
6.049699278979344064e-05
6.049598255453497654e-05
6.049497231927649212e-05
6.049368611716407219e-05
6.049239991505162516e-05
6.049091434947299244e-05
6.048942878389435972e-05
6.048773137986962316e-05
6.048603397584490014e-05
6.048411144413815064e-05
6.048218891243138082e-05
6.048002709103000488e-05
6.047786526962864250e-05
6.047544905876500569e-05
6.047303284790139598e-05
6.047034614156466582e-05
6.046765943522796954e-05
6.046468504497869932e-05
6.046171065472945620e-05
6.045843022934121010e-05
6.045514980395295045e-05
6.045154373985875591e-05
6.044793767576454104e-05
6.044398502252442713e-05
6.044003236928432001e-05
6.043571072404154961e-05
6.043138907879875887e-05
6.042667447477850529e-05
6.042195987075823138e-05
6.041682665254387427e-05
6.041169343432951038e-05
6.040611412599199284e-05
6.040053481765444819e-05
6.039447997496097203e-05
6.038842513226746876e-05
6.038186318629312381e-05
6.037530124031879241e-05
6.036819832183670434e-05
6.036109540335463661e-05
6.035341515686017301e-05
6.034573491036573651e-05
6.033743828482797443e-05
6.032914165929023268e-05
6.032018668637939362e-05
6.031123171346855456e-05
6.030157325752656937e-05
6.029191480158456386e-05
6.028169866247658779e-05
6.027109378661533448e-05
6.026008686221322538e-05
6.024866407002011363e-05
6.023681106449136989e-05
6.022451294824191084e-05
6.021175425142992536e-05
6.019851890368633829e-05
6.018479021153361669e-05
6.017055082751910326e-05
6.015578272546938247e-05
6.014046716652465910e-05
6.012458467200919429e-05
6.010811498602919008e-05
6.009103704571852101e-05
6.007332894002383888e-05
6.005496787706082415e-05
6.003593013866797488e-05
6.001619104458355054e-05
5.999572490230170937e-05
5.997450496775358461e-05
5.995250338994717615e-05
5.992969116780849431e-05
5.990603808902801727e-05
5.988151268268970936e-05
5.985608215168326037e-05
5.982971232071983714e-05
5.980236756160043347e-05
5.977401073618958014e-05
5.974460311375434836e-05
5.971410430844274042e-05
5.968247218782679809e-05
5.964966280441234511e-05
5.961563029443354593e-05
5.958032680290855536e-05
5.954370237164268104e-05
5.950570485602207368e-05
5.946627980770318757e-05
5.942537037058196261e-05
5.938291716452119828e-05
5.933885816472159647e-05
5.929312857536785103e-05
5.924566069734066835e-05
5.919638378979147179e-05
5.914522392538529099e-05
5.909210383902972373e-05
5.903694276992481273e-05
5.897965629679112910e-05
5.892015616616247197e-05
5.885835011366550808e-05
5.879414167825490934e-05
5.872743000942809156e-05
5.865810966751358873e-05
5.858607041720989588e-05
5.851119701465481678e-05
5.843336898842664036e-05
5.835246041502688399e-05
5.826833968956963668e-05
5.818086929261427311e-05
5.808990555432792682e-05
5.799529841746345224e-05
5.789689120099170263e-05
5.779452036664762182e-05
5.768801529114701810e-05
5.757719804741795076e-05
5.746188319888956308e-05
5.734187761170072412e-05
0.000000000000000000e+00
8.982638963481173679e-05
6.050368803602434710e-05
6.050359909610813781e-05
6.050344864176185669e-05
6.050323479338247672e-05
6.050292195111389314e-05
6.050260910884531633e-05
6.050215746863199008e-05
6.050170582841865027e-05
6.050102849785809448e-05
6.050035116729753190e-05
6.049967383673699644e-05
6.049899650617642031e-05
6.049798628640142711e-05
6.049697606662643391e-05
6.049596584685144749e-05
6.049495562707646107e-05
6.049366944491956139e-05
6.049238326276266172e-05
6.049089772043689944e-05
6.048941217811117105e-05
6.048771480088787153e-05
6.048601742366454490e-05
6.048409492259158897e-05
6.048217242151864660e-05
6.048001063487722600e-05
6.047784884823581894e-05
6.047543267659109508e-05
6.047301650494637799e-05
6.047032984263190844e-05
6.046764318031747955e-05
6.046466883928507905e-05
6.046169449825266500e-05
6.045841412768092181e-05
6.045513375710913795e-05
6.045152775389225843e-05
6.044792175067538567e-05
6.044396916485130845e-05
6.044001657902723122e-05
6.043569500828452541e-05
6.043137343754186703e-05
6.042665891567130712e-05
6.042194439380072689e-05
6.041681126603276473e-05
6.041167813826476868e-05
6.040609892934194962e-05
6.040051972041913733e-05
6.039446498687911079e-05
6.038841025333904360e-05
6.038184842705739298e-05
6.037528660077575593e-05
6.036818381344631141e-05
6.036108102611686688e-05
6.035340092319279378e-05
6.034572082026874100e-05
6.033742435182372186e-05
6.032912788337870951e-05
6.032017308223362284e-05
6.031121828108858361e-05
6.030156001291622520e-05
6.029190174474384647e-05
6.028168580626139733e-05
6.027108114011999943e-05
6.026007443491239202e-05
6.024865187183209053e-05
6.023679910575334038e-05
6.022450123978053484e-05
6.021174280453392267e-05
6.019850773018505934e-05
6.018477932376656970e-05
6.017054023842379493e-05
6.015577244854753152e-05
6.014045721594003877e-05
6.012457506255028833e-05
6.010810573321874462e-05
6.009102816577185018e-05
6.007332044997161074e-05
6.005495979470267036e-05
6.003592248271024539e-05
6.001618383458760391e-05
5.999571815883859453e-05
5.997449871234653072e-05
5.995249764524564770e-05
5.992968595752373533e-05
5.990603343812953582e-05
5.988150861733300195e-05
5.985607869943170744e-05
5.982970951046372675e-05
5.980236542380808960e-05
5.977400930281630330e-05
5.974460241852724900e-05
5.971410438675810569e-05
5.968247307707387521e-05
5.964966454385745378e-05
5.961563292558872058e-05
5.958033036940051254e-05
5.954370691963359829e-05
5.950571043410352067e-05
5.946628646720688557e-05
5.942537816571558757e-05
5.938292615255408432e-05
5.933886840618412070e-05
5.929314013426564476e-05
5.924567364138484064e-05
5.919639819064607185e-05
5.914523985893380505e-05
5.909212138566181266e-05
5.903696201484521475e-05
5.897967733035286225e-05
5.892017908422599639e-05
5.885837501798642994e-05
5.879416867690285555e-05
5.872745921723914061e-05
5.865814120657967948e-05
5.858610441740823679e-05
5.851123361422128647e-05
5.843340833457690676e-05
5.835250266462981586e-05
5.826838500987799487e-05
5.818091786205776379e-05
5.808995756337495927e-05
5.799535406955769976e-05
5.789695071357096125e-05
5.779458397225294906e-05
5.768808323863071043e-05
5.757727060326021902e-05
5.746196064863465990e-05
5.734196026152428691e-05
0.000000000000000000e+00
8.982637281020720171e-05
6.050367121182365023e-05
6.050358227318511221e-05
6.050343182102334261e-05
6.050321797577065262e-05
6.050290513811196793e-05
6.050259230045327647e-05
6.050214066695763299e-05
6.050168903346197596e-05
6.050101171310706943e-05
6.050033439275221032e-05
6.049965707239731734e-05
6.049897975204243791e-05
6.049796954775093594e-05
6.049695934345944751e-05
6.049594913916793876e-05
6.049493893487640291e-05
6.049365277267507092e-05
6.049236661047371184e-05
6.049088109140086066e-05
6.048939557232800270e-05
6.048769822190608602e-05
6.048600087148417611e-05
6.048407840104504086e-05
6.048215593060594626e-05
6.047999417872447421e-05
6.047783242684298184e-05
6.047541629441718447e-05
6.047300016199133967e-05
6.047031354369917816e-05
6.046762692540698277e-05
6.046465263359145878e-05
6.046167834177586703e-05
6.045839802602059963e-05
6.045511771026535256e-05
6.045151176792580160e-05
6.044790582558625064e-05
6.044395330717817620e-05
6.044000078877014243e-05
6.043567929252752831e-05
6.043135779628490742e-05
6.042664335656408185e-05
6.042192891684322918e-05
6.041679587952163486e-05
6.041166284220002698e-05
6.040608373269193350e-05
6.040050462318385358e-05
6.039444999879722245e-05
6.038839537441059811e-05
6.038183366782166216e-05
6.037527196123273300e-05
6.036816930505589814e-05
6.036106664887907005e-05
6.035338668952541455e-05
6.034570673017173193e-05
6.033741041881946930e-05
6.032911410746717956e-05
6.032015947808789949e-05
6.031120484870859910e-05
6.030154676830588102e-05
6.029188868790314262e-05
6.028167295004619331e-05
6.027106849362469149e-05
6.026006200761157221e-05
6.024863967364406066e-05
6.023678714701529731e-05
6.022448953131918594e-05
6.021173135763792676e-05
6.019849655668373296e-05
6.018476843599952948e-05
6.017052964932852725e-05
6.015576217162566701e-05
6.014044726535539812e-05
6.012456545309138915e-05
6.010809648040827882e-05
6.009101928582516580e-05
6.007331195991936227e-05
6.005495171234453012e-05
6.003591482675252946e-05
6.001617662459163017e-05
5.999571141537550002e-05
5.997449245693947006e-05
5.995249190054408538e-05
5.992968074723898991e-05
5.990602878723105438e-05
5.988150455197628098e-05
5.985607524718013418e-05
5.982970670020758248e-05
5.980236328601574574e-05
5.977400786944301291e-05
5.974460172330013608e-05
5.971410446507347095e-05
5.968247396632095911e-05
5.964966628330257601e-05
5.961563555674390878e-05
5.958033393589248327e-05
5.954371146762450198e-05
5.950571601218496766e-05
5.946629312671061746e-05
5.942538596084923964e-05
5.938293514058697037e-05
5.933887864764665848e-05
5.929315169316345203e-05
5.924568658542900615e-05
5.919641259150069224e-05
5.914525579248233267e-05
5.909213893229388125e-05
5.903698125976561677e-05
5.897969836391458184e-05
5.892020200228946660e-05
5.885839992230733824e-05
5.879419567555078821e-05
5.872748842505019643e-05
5.865817274564576346e-05
5.858613841760657769e-05
5.851127021378776293e-05
5.843344768072714605e-05
5.835254491423275450e-05
5.826843033018631239e-05
5.818096643150128834e-05
5.809000957242201204e-05
5.799540972165194051e-05
5.789701022615024019e-05
5.779464757785828985e-05
5.768815118611440276e-05
5.757734315910248050e-05
5.746203809837976349e-05
5.734204291134786325e-05
0.000000000000000000e+00
8.982635598560266663e-05
6.050365438762292624e-05
6.050356545026216114e-05
6.050341500028482854e-05
6.050320115815882176e-05
6.050288832511007661e-05
6.050257549206126370e-05
6.050212386528325557e-05
6.050167223850528133e-05
6.050099492835608504e-05
6.050031761820684809e-05
6.049964030805765180e-05
6.049896299790844196e-05
6.049795280910042443e-05
6.049694262029243401e-05
6.049593243148438260e-05
6.049492224267639896e-05
6.049363610043056013e-05
6.049234995818472807e-05
6.049086446236480154e-05
6.048937896654485468e-05
6.048768164292432761e-05
6.048598431930379376e-05
6.048406187949851307e-05
6.048213943969320527e-05
6.047997772257170210e-05
6.047781600545017183e-05
6.047539991224326031e-05
6.047298381903633524e-05
6.047029724476642756e-05
6.046761067049651988e-05
6.046463642789778431e-05
6.046166218529908261e-05
6.045838192436031811e-05
6.045510166342155361e-05
6.045149578195932444e-05
6.044788990049708850e-05
6.044393744950507107e-05
6.043998499851306719e-05
6.043566357677051767e-05
6.043134215502798847e-05
6.042662779745687013e-05
6.042191343988572469e-05
6.041678049301050499e-05
6.041164754613530561e-05
6.040606853604192416e-05
6.040048952594853594e-05
6.039443501071536122e-05
6.038838049548217972e-05
6.038181890858595845e-05
6.037525732168969652e-05
6.036815479666551198e-05
6.036105227164130710e-05
6.035337245585802176e-05
6.034569264007472964e-05
6.033739648581518963e-05
6.032910033155566994e-05
6.032014587394214227e-05
6.031119141632861459e-05
6.030153352369553007e-05
6.029187563106243878e-05
6.028166009383099607e-05
6.027105584712938354e-05
6.026004958031073885e-05
6.024862747545601724e-05
6.023677518827725424e-05
6.022447782285780994e-05
6.021171991074192407e-05
6.019848538318245401e-05
6.018475754823248249e-05
6.017051906023323246e-05
6.015575189470378218e-05
6.014043731477077779e-05
6.012455584363246965e-05
6.010808722759781303e-05
6.009101040587849497e-05
6.007330346986714090e-05
6.005494362998638989e-05
6.003590717079479997e-05
6.001616941459564966e-05
5.999570467191238517e-05
5.997448620153239584e-05
5.995248615584257049e-05
5.992967553695423093e-05
5.990602413633259326e-05
5.988150048661955324e-05
5.985607179492857447e-05
5.982970388995145853e-05
5.980236114822340187e-05
5.977400643606972929e-05
5.974460102807303672e-05
5.971410454338885654e-05
5.968247485556807690e-05
5.964966802274765758e-05
5.961563818789906988e-05
5.958033750238446078e-05
5.954371601561540567e-05
5.950572159026640788e-05
5.946629978621434257e-05
5.942539375598287815e-05
5.938294412861986319e-05
5.933888888910918271e-05
5.929316325206127286e-05
5.924569952947317844e-05
5.919642699235530585e-05
5.914527172603083996e-05
5.909215647892596341e-05
5.903700050468603235e-05
5.897971939747630822e-05
5.892022492035295714e-05
5.885842482662826010e-05
5.879422267419872087e-05
5.872751763286126580e-05
5.865820428471183389e-05
5.858617241780491859e-05
5.851130681335422584e-05
5.843348702687740568e-05
5.835258716383568637e-05
5.826847565049468413e-05
5.818101500094478580e-05
5.809006158146905126e-05
5.799546537374618803e-05
5.789706973872950558e-05
5.779471118346362387e-05
5.768821913359810187e-05
5.757741571494476231e-05
5.746211554812487386e-05
5.734212556117142603e-05
0.000000000000000000e+00
8.982633916099814510e-05
6.050363756342220904e-05
6.050354862733914232e-05
6.050339817954628735e-05
6.050318434054700444e-05
6.050287151210813108e-05
6.050255868366923061e-05
6.050210706360889849e-05
6.050165544354860024e-05
6.050097814360505321e-05
6.050030084366151296e-05
6.049962354371799981e-05
6.049894624377447311e-05
6.049793607044994681e-05
6.049692589712540695e-05
6.049591572380088065e-05
6.049490555047635435e-05
6.049361942818606288e-05
6.049233330589577818e-05
6.049084783332872887e-05
6.048936236076169311e-05
6.048766506394255565e-05
6.048596776712341819e-05
6.048404535795197173e-05
6.048212294878047105e-05
6.047996126641892321e-05
6.047779958405736860e-05
6.047538353006932937e-05
6.047296747608129692e-05
6.047028094583367696e-05
6.046759441558602989e-05
6.046462022220415726e-05
6.046164602882228464e-05
6.045836582270001626e-05
6.045508561657775466e-05
6.045147979599286084e-05
6.044787397540796024e-05
6.044392159183194560e-05
6.043996920825595807e-05
6.043564786101350024e-05
6.043132651377104919e-05
6.042661223834963808e-05
6.042189796292821342e-05
6.041676510649938867e-05
6.041163225007055714e-05
6.040605333939188094e-05
6.040047442871322508e-05
6.039442002263348643e-05
6.038836561655374101e-05
6.038180414935020052e-05
6.037524268214664649e-05
6.036814028827511226e-05
6.036103789440355093e-05
6.035335822219062898e-05
6.034567854997773413e-05
6.033738255281093028e-05
6.032908655564411967e-05
6.032013226979638504e-05
6.031117798394863686e-05
6.030152027908517912e-05
6.029186257422174171e-05
6.028164723761581239e-05
6.027104320063404849e-05
6.026003715300989872e-05
6.024861527726798737e-05
6.023676322953921118e-05
6.022446611439644072e-05
6.021170846384591460e-05
6.019847420968114796e-05
6.018474666046544905e-05
6.017050847113795123e-05
6.015574161778192445e-05
6.014042736418613713e-05
6.012454623417357047e-05
6.010807797478736079e-05
6.009100152593182414e-05
6.007329497981492631e-05
6.005493554762822932e-05
6.003589951483707726e-05
6.001616220459970303e-05
5.999569792844927033e-05
5.997447994612537583e-05
5.995248041114102850e-05
5.992967032666949228e-05
5.990601948543411860e-05
5.988149642126284583e-05
5.985606834267701476e-05
5.982970107969534814e-05
5.980235901043105123e-05
5.977400500269643889e-05
5.974460033284595092e-05
5.971410462170423535e-05
5.968247574481515402e-05
5.964966976219276626e-05
5.961564081905427841e-05
5.958034106887639763e-05
5.954372056360632292e-05
5.950572716834785488e-05
5.946630644571805413e-05
5.942540155111650989e-05
5.938295311665274246e-05
5.933889913057171372e-05
5.929317481095908014e-05
5.924571247351735073e-05
5.919644139320991947e-05
5.914528765957940146e-05
5.909217402555801845e-05
5.903701974960643437e-05
5.897974043103802782e-05
5.892024783841644090e-05
5.885844973094916840e-05
5.879424967284666031e-05
5.872754684067230807e-05
5.865823582377792465e-05
5.858620641800326627e-05
5.851134341292068875e-05
5.843352637302766530e-05
5.835262941343861146e-05
5.826852097080303553e-05
5.818106357038829002e-05
5.809011359051609048e-05
5.799552102584042200e-05
5.789712925130875742e-05
5.779477478906896467e-05
5.768828708108178065e-05
5.757748827078703734e-05
5.746219299786998422e-05
5.734220821099498882e-05
0.000000000000000000e+00
8.982632233639362357e-05
6.050362073922149861e-05
6.050353180441617092e-05
6.050338135880775972e-05
6.050316752293516002e-05
6.050285469910620588e-05
6.050254187527724496e-05
6.050209026193454818e-05
6.050163864859190561e-05
6.050096135885403494e-05
6.050028406911619816e-05
6.049960677937834782e-05
6.049892948964047038e-05
6.049791933179946241e-05
6.049690917395840023e-05
6.049589901611735838e-05
6.049488885827630297e-05
6.049360275594157241e-05
6.049231665360679442e-05
6.049083120429268331e-05
6.048934575497850444e-05
6.048764848496080402e-05
6.048595121494304940e-05
6.048402883640543039e-05
6.048210645786777749e-05
6.047994481026615788e-05
6.047778316266454505e-05
6.047536714789540521e-05
6.047295113312627215e-05
6.047026464690091280e-05
6.046757816067556022e-05
6.046460401651053700e-05
6.046162987234548667e-05
6.045834972103973474e-05
6.045506956973396249e-05
6.045146381002638368e-05
6.044785805031879810e-05
6.044390573415882691e-05
6.043995341799884895e-05
6.043563214525648960e-05
6.043131087251412347e-05
6.042659667924241959e-05
6.042188248597070893e-05
6.041674971998826557e-05
6.041161695400581544e-05
6.040603814274186483e-05
6.040045933147790744e-05
6.039440503455162520e-05
6.038835073762531584e-05
6.038178939011445615e-05
6.037522804260363034e-05
6.036812577988469222e-05
6.036102351716577443e-05
6.035334398852323619e-05
6.034566445988073183e-05
6.033736861980665061e-05
6.032907277973262360e-05
6.032011866565063459e-05
6.031116455156865913e-05
6.030150703447483495e-05
6.029184951738103787e-05
6.028163438140059482e-05
6.027103055413873377e-05
6.026002472570904503e-05
6.024860307907995750e-05
6.023675127080118166e-05
6.022445440593507149e-05
6.021169701694992546e-05
6.019846303617984868e-05
6.018473577269840884e-05
6.017049788204263612e-05
6.015573134086005995e-05
6.014041741360148970e-05
6.012453662471466451e-05
6.010806872197690855e-05
6.009099264598514653e-05
6.007328648976268461e-05
6.005492746527010941e-05
6.003589185887935455e-05
6.001615499460372929e-05
5.999569118498617582e-05
5.997447369071830838e-05
5.995247466643950006e-05
5.992966511638473330e-05
5.990601483453562360e-05
5.988149235590611809e-05
5.985606489042544828e-05
5.982969826943923775e-05
5.980235687263870737e-05
5.977400356932315527e-05
5.974459963761883800e-05
5.971410470001960061e-05
5.968247663406224470e-05
5.964967150163786816e-05
5.961564345020942596e-05
5.958034463536836158e-05
5.954372511159722662e-05
5.950573274642931542e-05
5.946631310522176568e-05
5.942540934625014840e-05
5.938296210468565562e-05
5.933890937203423796e-05
5.929318636985688064e-05
5.924572541756151624e-05
5.919645579406453308e-05
5.914530359312792230e-05
5.909219157219008705e-05
5.903703899452682284e-05
5.897976146459974064e-05
5.892027075647995177e-05
5.885847463527009703e-05
5.879427667149459975e-05
5.872757604848336389e-05
5.865826736284398152e-05
5.858624041820160717e-05
5.851138001248715843e-05
5.843356571917791815e-05
5.835267166304155010e-05
5.826856629111138694e-05
5.818111213983179425e-05
5.809016559956313647e-05
5.799557667793465597e-05
5.789718876388803636e-05
5.779483839467429191e-05
5.768835502856548654e-05
5.757756082662929883e-05
5.746227044761508782e-05
5.734229086081855839e-05
0.000000000000000000e+00
8.982630551178907494e-05
6.050360391502079496e-05
6.050351498149315888e-05
6.050336453806925919e-05
6.050315070532334948e-05
6.050283788610427390e-05
6.050252506688521187e-05
6.050207346026021819e-05
6.050162185363519742e-05
6.050094457410303022e-05
6.050026729457085625e-05
6.049959001503868228e-05
6.049891273550650830e-05
6.049790259314895090e-05
6.049689245079139350e-05
6.049588230843382932e-05
6.049487216607626514e-05
6.049358608369705484e-05
6.049230000131783775e-05
6.049081457525659031e-05
6.048932914919534964e-05
6.048763190597904562e-05
6.048593466276269416e-05
6.048401231485887549e-05
6.048208996695504327e-05
6.047992835411338577e-05
6.047776674127172149e-05
6.047535076572148783e-05
6.047293479017126094e-05
6.047024834796814187e-05
6.046756190576506345e-05
6.046458781081686930e-05
6.046161371586869547e-05
6.045833361937941257e-05
6.045505352289014999e-05
6.045144782405989975e-05
6.044784212522966307e-05
6.044388987648570145e-05
6.043993762774174661e-05
6.043561642949948573e-05
6.043129523125719774e-05
6.042658112013519432e-05
6.042186700901319767e-05
6.041673433347713570e-05
6.041160165794108052e-05
6.040602294609184194e-05
6.040044423424259658e-05
6.039439004646973686e-05
6.038833585869687035e-05
6.038177463087873210e-05
6.037521340306060063e-05
6.036811127149430606e-05
6.036100913992799115e-05
6.035332975485585696e-05
6.034565036978372277e-05
6.033735468680239805e-05
6.032905900382109365e-05
6.032010506150487736e-05
6.031115111918867463e-05
6.030149378986449755e-05
6.029183646054030692e-05
6.028162152518539080e-05
6.027101790764341905e-05
6.026001229840822522e-05
6.024859088089192763e-05
6.023673931206314537e-05
6.022444269747372260e-05
6.021168557005392277e-05
6.019845186267854941e-05
6.018472488493138218e-05
6.017048729294738877e-05
6.015572106393820222e-05
6.014040746301687614e-05
6.012452701525575855e-05
6.010805946916644276e-05
6.009098376603848248e-05
6.007327799971044969e-05
6.005491938291196918e-05
6.003588420292162506e-05
6.001614778460778943e-05
5.999568444152306775e-05
5.997446743531125449e-05
5.995246892173797839e-05
5.992965990609998788e-05
5.990601018363716926e-05
5.988148829054939034e-05
5.985606143817390212e-05
5.982969545918311380e-05
5.980235473484637028e-05
5.977400213594988521e-05
5.974459894239172509e-05
5.971410477833499297e-05
5.968247752330934215e-05
5.964967324108298361e-05
5.961564608136462771e-05
5.958034820186033231e-05
5.954372965958813709e-05
5.950573832451074209e-05
5.946631976472548401e-05
5.942541714138378014e-05
5.938297109271852134e-05
5.933891961349676896e-05
5.929319792875468792e-05
5.924573836160568853e-05
5.919647019491913991e-05
5.914531952667643637e-05
5.909220911882216921e-05
5.903705823944721808e-05
5.897978249816146701e-05
5.892029367454343553e-05
5.885849953959101211e-05
5.879430367014254596e-05
5.872760525629443327e-05
5.865829890191007906e-05
5.858627441839994130e-05
5.851141661205363489e-05
5.843360506532817099e-05
5.835271391264448197e-05
5.826861161141971802e-05
5.818116070927529848e-05
5.809021760861016892e-05
5.799563233002888994e-05
5.789724827646730853e-05
5.779490200027964625e-05
5.768842297604917209e-05
5.757763338247156708e-05
5.746234789736017785e-05
5.734237351064212795e-05
0.000000000000000000e+00
8.982628868718455341e-05
6.050358709082007098e-05
6.050349815857020104e-05
6.050334771733075867e-05
6.050313388771150506e-05
6.050282107310234192e-05
6.050250825849320588e-05
6.050205665858586788e-05
6.050160505867852311e-05
6.050092778935203228e-05
6.050025052002550756e-05
6.049957325069901673e-05
6.049889598137253268e-05
6.049788585449843940e-05
6.049687572762437322e-05
6.049586560075030704e-05
6.049485547387624764e-05
6.049356941145255759e-05
6.049228334902886076e-05
6.049079794622053797e-05
6.048931254341217452e-05
6.048761532699726688e-05
6.048591811058232537e-05
6.048399579331234093e-05
6.048207347604234293e-05
6.047991189796061366e-05
6.047775031987891826e-05
6.047533438354757044e-05
6.047291844721620907e-05
6.047023204903539126e-05
6.046754565085458023e-05
6.046457160512324226e-05
6.046159755939189073e-05
6.045831751771913782e-05
6.045503747604636459e-05
6.045143183809343615e-05
6.044782620014051448e-05
6.044387401881258276e-05
6.043992183748466459e-05
6.043560071374245475e-05
6.043127959000028557e-05
6.042656556102796227e-05
6.042185153205569318e-05
6.041671894696603294e-05
6.041158636187633882e-05
6.040600774944181227e-05
6.040042913700729928e-05
6.039437505838788240e-05
6.038832097976844519e-05
6.038175987164300806e-05
6.037519876351757093e-05
6.036809676310388601e-05
6.036099476269023498e-05
6.035331552118846418e-05
6.034563627968672048e-05
6.033734075379814548e-05
6.032904522790956371e-05
6.032009145735912691e-05
6.031113768680869012e-05
6.030148054525413982e-05
6.029182340369960307e-05
6.028160866897019356e-05
6.027100526114811111e-05
6.025999987110741219e-05
6.024857868270389098e-05
6.023672735332510230e-05
6.022443098901234659e-05
6.021167412315791331e-05
6.019844068917725691e-05
6.018471399716434874e-05
6.017047670385208721e-05
6.015571078701633772e-05
6.014039751243223549e-05
6.012451740579682549e-05
6.010805021635596342e-05
6.009097488609178454e-05
6.007326950965822155e-05
6.005491130055383572e-05
6.003587654696389557e-05
6.001614057461179537e-05
5.999567769805996646e-05
5.997446117990421415e-05
5.995246317703644318e-05
5.992965469581524246e-05
5.990600553273866749e-05
5.988148422519266260e-05
5.985605798592232886e-05
5.982969264892698308e-05
5.980235259705401964e-05
5.977400070257659481e-05
5.974459824716461896e-05
5.971410485665035823e-05
5.968247841255642605e-05
5.964967498052810584e-05
5.961564871251978203e-05
5.958035176835229627e-05
5.954373420757905433e-05
5.950574390259220263e-05
5.946632642422918879e-05
5.942542493651743898e-05
5.938298008075142094e-05
5.933892985495928642e-05
5.929320948765248842e-05
5.924575130564984726e-05
5.919648459577376708e-05
5.914533546022496399e-05
5.909222666545422425e-05
5.903707748436762010e-05
5.897980353172318661e-05
5.892031659260691252e-05
5.885852444391191364e-05
5.879433066879049218e-05
5.872763446410547553e-05
5.865833044097616981e-05
5.858630841859828220e-05
5.851145321162010458e-05
5.843364441147843739e-05
5.835275616224742061e-05
5.826865693172806265e-05
5.818120927871878916e-05
5.809026961765720814e-05
5.799568798212313746e-05
5.789730778904657392e-05
5.779496560588498027e-05
5.768849092353287120e-05
5.757770593831384212e-05
5.746242534710528822e-05
5.734245616046571107e-05
0.000000000000000000e+00
8.982627186258001833e-05
6.050357026661935377e-05
6.050348133564717543e-05
6.050333089659221748e-05
6.050311707009968097e-05
6.050280426010042349e-05
6.050249145010116601e-05
6.050203985691148369e-05
6.050158826372182847e-05
6.050091100460100045e-05
6.050023374548017243e-05
6.049955648635934441e-05
6.049887922723852317e-05
6.049786911584795500e-05
6.049685900445736649e-05
6.049584889306678476e-05
6.049483878167618948e-05
6.049355273920806712e-05
6.049226669673989055e-05
6.049078131718445853e-05
6.048929593762902650e-05
6.048759874801548815e-05
6.048590155840196335e-05
6.048397927176579959e-05
6.048205698512961549e-05
6.047989544180786188e-05
6.047773389848606760e-05
6.047531800137364628e-05
6.047290210426120463e-05
6.047021575010263388e-05
6.046752939594408346e-05
6.046455539942960166e-05
6.046158140291510631e-05
6.045830141605882920e-05
6.045502142920257242e-05
6.045141585212695899e-05
6.044781027505135234e-05
6.044385816113945052e-05
6.043990604722756225e-05
6.043558499798545766e-05
6.043126394874334629e-05
6.042655000192077765e-05
6.042183605509818191e-05
6.041670356045487596e-05
6.041157106581160390e-05
6.040599255279178260e-05
6.040041403977199519e-05
6.039436007030600084e-05
6.038830610084001325e-05
6.038174511240726369e-05
6.037518412397452090e-05
6.036808225471349307e-05
6.036098038545246525e-05
6.035330128752107139e-05
6.034562218958971141e-05
6.033732682079385903e-05
6.032903145199804731e-05
6.032007785321336291e-05
6.031112425442872594e-05
6.030146730064379565e-05
6.029181034685890601e-05
6.028159581275500310e-05
6.027099261465278962e-05
6.025998744380654495e-05
6.024856648451585434e-05
6.023671539458706601e-05
6.022441928055098415e-05
6.021166267626191062e-05
6.019842951567594408e-05
6.018470310939730175e-05
6.017046611475679243e-05
6.015570051009447999e-05
6.014038756184761516e-05
6.012450779633792631e-05
6.010804096354551118e-05
6.009096600614512049e-05
6.007326101960598662e-05
6.005490321819570226e-05
6.003586889100617286e-05
6.001613336461583518e-05
5.999567095459687195e-05
5.997445492449716026e-05
5.995245743233490796e-05
5.992964948553049025e-05
5.990600088184019960e-05
5.988148015983592808e-05
5.985605453367078270e-05
5.982968983867084558e-05
5.980235045926167578e-05
5.977399926920330442e-05
5.974459755193751282e-05
5.971410493496572350e-05
5.968247930180352350e-05
5.964967671997319418e-05
5.961565134367497701e-05
5.958035533484425344e-05
5.954373875556995803e-05
5.950574948067364963e-05
5.946633308373290035e-05
5.942543273165107749e-05
5.938298906878430021e-05
5.933894009642182421e-05
5.929322104655028892e-05
5.924576424969403310e-05
5.919649899662838069e-05
5.914535139377349838e-05
5.909224421208629963e-05
5.903709672928802212e-05
5.897982456528490621e-05
5.892033951067043694e-05
5.885854934823282872e-05
5.879435766743843839e-05
5.872766367191653136e-05
5.865836198004224702e-05
5.858634241879662988e-05
5.851148981118659459e-05
5.843368375762869024e-05
5.835279841185035926e-05
5.826870225203641406e-05
5.818125784816229339e-05
5.809032162670424735e-05
5.799574363421739176e-05
5.789736730162585286e-05
5.779502921149032107e-05
5.768855887101654998e-05
5.757777849415611038e-05
5.746250279685039859e-05
5.734253881028927386e-05
0.000000000000000000e+00
8.982625503797548325e-05
6.050355344241862979e-05
6.050346451272418371e-05
6.050331407585370341e-05
6.050310025248785011e-05
6.050278744709851862e-05
6.050247464170917358e-05
6.050202305523715371e-05
6.050157146876514739e-05
6.050089421984998218e-05
6.050021697093483053e-05
6.049953972201968565e-05
6.049886247310454077e-05
6.049785237719745704e-05
6.049684228129035977e-05
6.049583218538325571e-05
6.049482208947615166e-05
6.049353606696354277e-05
6.049225004445092711e-05
6.049076468814840619e-05
6.048927933184587849e-05
6.048758216903373652e-05
6.048588500622158778e-05
6.048396275021924469e-05
6.048204049421690160e-05
6.047987898565508299e-05
6.047771747709326437e-05
6.047530161919971534e-05
6.047288576130616631e-05
6.047019945116989683e-05
6.046751314103362057e-05
6.046453919373594751e-05
6.046156524643831511e-05
6.045828531439852735e-05
6.045500538235875992e-05
6.045139986616050894e-05
6.044779434996221730e-05
6.044384230346635893e-05
6.043989025697046668e-05
6.043556928222844024e-05
6.043124830748642057e-05
6.042653444281355916e-05
6.042182057814066387e-05
6.041668817394375965e-05
6.041155576974687575e-05
6.040597735614178682e-05
6.040039894253667078e-05
6.039434508222415315e-05
6.038829122191157454e-05
6.038173035317154642e-05
6.037516948443149797e-05
6.036806774632308658e-05
6.036096600821468875e-05
6.035328705385369894e-05
6.034560809949271590e-05
6.033731288778962002e-05
6.032901767608651059e-05
6.032006424906762601e-05
6.031111082204874144e-05
6.030145405603345825e-05
6.029179729001820216e-05
6.028158295653981264e-05
6.027097996815748167e-05
6.025997501650573191e-05
6.024855428632782447e-05
6.023670343584900939e-05
6.022440757208960815e-05
6.021165122936590115e-05
6.019841834217463803e-05
6.018469222163027509e-05
6.017045552566151797e-05
6.015569023317260194e-05
6.014037761126297450e-05
6.012449818687900681e-05
6.010803171073505894e-05
6.009095712619842255e-05
6.007325252955377203e-05
6.005489513583754847e-05
6.003586123504845015e-05
6.001612615461987500e-05
5.999566421113376388e-05
5.997444866909009960e-05
5.995245168763337274e-05
5.992964427524573128e-05
5.990599623094171138e-05
5.988147609447920711e-05
5.985605108141920267e-05
5.982968702841472841e-05
5.980234832146932514e-05
5.977399783583001402e-05
5.974459685671039313e-05
5.971410501328110231e-05
5.968248019105061418e-05
5.964967845941830963e-05
5.961565397483014489e-05
5.958035890133621740e-05
5.954374330356086172e-05
5.950575505875509662e-05
5.946633974323661191e-05
5.942544052678470922e-05
5.938299805681719981e-05
5.933895033788434844e-05
5.929323260544808264e-05
5.924577719373819184e-05
5.919651339748300785e-05
5.914536732732201922e-05
5.909226175871836145e-05
5.903711597420842414e-05
5.897984559884663258e-05
5.892036242873392070e-05
5.885857425255375735e-05
5.879438466608637783e-05
5.872769287972758718e-05
5.865839351910831745e-05
5.858637641899497756e-05
5.851152641075305750e-05
5.843372310377893631e-05
5.835284066145327757e-05
5.826874757234477224e-05
5.818130641760577729e-05
5.809037363575127980e-05
5.799579928631161895e-05
5.789742681420511147e-05
5.779509281709564831e-05
5.768862681850024231e-05
5.757785104999837186e-05
5.746258024659550218e-05
5.734262146011283664e-05
0.000000000000000000e+00
8.982623821337097528e-05
6.050353661821792614e-05
6.050344768980120554e-05
6.050329725511518255e-05
6.050308343487601924e-05
6.050277063409658664e-05
6.050245783331712694e-05
6.050200625356277629e-05
6.050155467380845275e-05
6.050087743509895713e-05
6.050020019638949540e-05
6.049952295768004043e-05
6.049884571897054482e-05
6.049783563854696587e-05
6.049682555812333949e-05
6.049581547769974021e-05
6.049480539727612060e-05
6.049351939471903875e-05
6.049223339216198400e-05
6.049074805911233352e-05
6.048926272606268981e-05
6.048756559005195101e-05
6.048586845404121899e-05
6.048394622867268980e-05
6.048202400330418771e-05
6.047986252950231088e-05
6.047770105570046114e-05
6.047528523702580473e-05
6.047286941835115510e-05
6.047018315223713945e-05
6.046749688612312380e-05
6.046452298804232725e-05
6.046154908996151037e-05
6.045826921273824583e-05
6.045498933551494741e-05
6.045138388019401823e-05
6.044777842487306194e-05
6.044382644579323347e-05
6.043987446671335756e-05
6.043555356647142281e-05
6.043123266622950162e-05
6.042651888370633389e-05
6.042180510118316615e-05
6.041667278743267043e-05
6.041154047368213405e-05
6.040596215949174360e-05
6.040038384530137347e-05
6.039433009414225126e-05
6.038827634298315615e-05
6.038171559393580205e-05
6.037515484488846149e-05
6.036805323793267332e-05
6.036095163097690547e-05
6.035327282018631293e-05
6.034559400939569328e-05
6.033729895478534712e-05
6.032900390017499419e-05
6.032005064492186879e-05
6.031109738966873660e-05
6.030144081142311407e-05
6.029178423317747799e-05
6.028157010032460862e-05
6.027096732166215340e-05
6.025996258920491211e-05
6.024854208813979460e-05
6.023669147711097988e-05
6.022439586362824570e-05
6.021163978246989846e-05
6.019840716867335908e-05
6.018468133386323487e-05
6.017044493656622319e-05
6.015567995625073743e-05
6.014036766067834739e-05
6.012448857742010763e-05
6.010802245792459992e-05
6.009094824625175850e-05
6.007324403950152356e-05
6.005488705347940146e-05
6.003585357909071388e-05
6.001611894462388771e-05
5.999565746767065582e-05
5.997444241368303215e-05
5.995244594293184430e-05
5.992963906496097908e-05
5.990599158004324349e-05
5.988147202912251325e-05
5.985604762916767006e-05
5.982968421815861802e-05
5.980234618367697450e-05
5.977399640245675073e-05
5.974459616148332765e-05
5.971410509159647435e-05
5.968248108029770485e-05
5.964968019886340476e-05
5.961565660598534664e-05
5.958036246782818813e-05
5.954374785155176541e-05
5.950576063683653684e-05
5.946634640274033702e-05
5.942544832191835451e-05
5.938300704485010618e-05
5.933896057934687945e-05
5.929324416434591702e-05
5.924579013778236413e-05
5.919652779833760791e-05
5.914538326087054006e-05
5.909227930535045038e-05
5.903713521912881939e-05
5.897986663240834541e-05
5.892038534679740447e-05
5.885859915687467243e-05
5.879441166473432404e-05
5.872772208753864977e-05
5.865842505817440143e-05
5.858641041919331846e-05
5.851156301031952041e-05
5.843376244992920271e-05
5.835288291105620944e-05
5.826879289265313720e-05
5.818135498704928829e-05
5.809042564479831902e-05
5.799585493840588002e-05
5.789748632678439041e-05
5.779515642270101621e-05
5.768869476598394820e-05
5.757792360584066045e-05
5.746265769634060578e-05
5.734270410993641976e-05
0.000000000000000000e+00
8.982622138876644020e-05
6.050351979401720216e-05
6.050343086687822738e-05
6.050328043437668203e-05
6.050306661726418837e-05
6.050275382109466144e-05
6.050244102492510062e-05
6.050198945188845986e-05
6.050153787885176489e-05
6.050086065034797274e-05
6.050018342184417382e-05
6.049950619334036812e-05
6.049882896483658274e-05
6.049781889989644759e-05
6.049680883495632598e-05
6.049579877001620438e-05
6.049478870507608955e-05
6.049350272247454828e-05
6.049221673987300023e-05
6.049073143007625407e-05
6.048924612027954179e-05
6.048754901107019261e-05
6.048585190186086375e-05
6.048392970712615523e-05
6.048200751239144672e-05
6.047984607334955232e-05
6.047768463430764436e-05
6.047526885485188735e-05
6.047285307539612356e-05
6.047016685330437529e-05
6.046748063121265413e-05
6.046450678234869343e-05
6.046153293348472595e-05
6.045825311107795076e-05
6.045497328867116879e-05
6.045136789422754107e-05
6.044776249978390658e-05
6.044381058812010123e-05
6.043985867645626877e-05
6.043553785071441894e-05
6.043121702497256234e-05
6.042650332459912217e-05
6.042178962422566844e-05
6.041665740092152701e-05
6.041152517761739235e-05
6.040594696284172071e-05
6.040036874806608294e-05
6.039431510606039680e-05
6.038826146405471744e-05
6.038170083470007122e-05
6.037514020534542501e-05
6.036803872954229393e-05
6.036093725373914930e-05
6.035325858651891337e-05
6.034557991929869776e-05
6.033728502178106745e-05
6.032899012426347780e-05
6.032003704077611156e-05
6.031108395728875210e-05
6.030142756681276990e-05
6.029177117633676737e-05
6.028155724410939783e-05
6.027095467516683190e-05
6.025995016190407197e-05
6.024852988995176473e-05
6.023667951837295036e-05
6.022438415516689003e-05
6.021162833557390254e-05
6.019839599517204625e-05
6.018467044609619466e-05
6.017043434747094873e-05
6.015566967932888648e-05
6.014035771009369996e-05
6.012447896796120845e-05
6.010801320511414768e-05
6.009093936630508767e-05
6.007323554944930219e-05
6.005487897112127477e-05
6.003584592313299117e-05
6.001611173462793430e-05
5.999565072420755453e-05
5.997443615827599859e-05
5.995244019823030908e-05
5.992963385467624720e-05
5.990598692914477560e-05
5.988146796376577873e-05
5.985604417691609003e-05
5.982968140790248052e-05
5.980234404588463063e-05
5.977399496908346712e-05
5.974459546625620119e-05
5.971410516991185316e-05
5.968248196954479553e-05
5.964968193830852021e-05
5.961565923714051452e-05
5.958036603432015208e-05
5.954375239954268944e-05
5.950576621491797706e-05
5.946635306224403502e-05
5.942545611705198625e-05
5.938301603288297868e-05
5.933897082080942401e-05
5.929325572324371075e-05
5.924580308182653642e-05
5.919654219919222830e-05
5.914539919441907446e-05
5.909229685198251898e-05
5.903715446404922819e-05
5.897988766597008533e-05
5.892040826486091533e-05
5.885862406119558073e-05
5.879443866338225671e-05
5.872775129534969204e-05
5.865845659724047185e-05
5.858644441939165937e-05
5.851159960988599009e-05
5.843380179607945556e-05
5.835292516065914808e-05
5.826883821296145472e-05
5.818140355649279252e-05
5.809047765384536501e-05
5.799591059050011399e-05
5.789754583936364903e-05
5.779522002830633667e-05
5.768876271346763375e-05
5.757799616168291515e-05
5.746273514608572292e-05
5.734278675975997577e-05
0.000000000000000000e+00
8.982620456416190511e-05
6.050350296981651206e-05
6.050341404395522210e-05
6.050326361363815439e-05
6.050304979965233040e-05
6.050273700809271591e-05
6.050242421653308109e-05
6.050197265021408245e-05
6.050152108389506348e-05
6.050084386559696802e-05
6.050016664729883191e-05
6.049948942900072290e-05
6.049881221070256646e-05
6.049780216124594963e-05
6.049679211178932603e-05
6.049578206233268888e-05
6.049477201287604494e-05
6.049348605023004426e-05
6.049220008758403680e-05
6.049071480104020851e-05
6.048922951449635989e-05
6.048753243208842743e-05
6.048583534968046785e-05
6.048391318557961389e-05
6.048199102147873961e-05
6.047982961719678021e-05
6.047766821291481403e-05
6.047525247267796996e-05
6.047283673244108524e-05
6.047015055437164502e-05
6.046746437630214381e-05
6.046449057665503928e-05
6.046151677700792798e-05
6.045823700941764891e-05
6.045495724182736985e-05
6.045135190826107747e-05
6.044774657469477154e-05
6.044379473044697576e-05
6.043984288619918676e-05
6.043552213495740152e-05
6.043120138371562306e-05
6.042648776549188334e-05
6.042177414726815718e-05
6.041664201441040392e-05
6.041150988155265743e-05
6.040593176619170459e-05
6.040035365083075853e-05
6.039430011797850169e-05
6.038824658512628550e-05
6.038168607546434718e-05
6.037512556580240208e-05
6.036802422115189422e-05
6.036092287650137280e-05
6.035324435285152736e-05
6.034556582920170225e-05
6.033727108877682844e-05
6.032897634835195463e-05
6.032002343663037466e-05
6.031107052490878792e-05
6.030141432220241895e-05
6.029175811949606353e-05
6.028154438789422092e-05
6.027094202867153074e-05
6.025993773460323183e-05
6.024851769176372808e-05
6.023666755963490730e-05
6.022437244670551402e-05
6.021161688867789308e-05
6.019838482167074698e-05
6.018465955832917477e-05
6.017042375837565395e-05
6.015565940240702198e-05
6.014034775950907285e-05
6.012446935850229571e-05
6.010800395230368189e-05
6.009093048635842361e-05
6.007322705939706727e-05
6.005487088876314131e-05
6.003583826717527524e-05
6.001610452463196734e-05
5.999564398074444646e-05
5.997442990286893792e-05
5.995243445352877387e-05
5.992962864439148823e-05
5.990598227824627382e-05
5.988146389840905777e-05
5.985604072466454387e-05
5.982967859764637013e-05
5.980234190809229354e-05
5.977399353571017672e-05
5.974459477102909505e-05
5.971410524822723197e-05
5.968248285879188621e-05
5.964968367775361533e-05
5.961566186829567562e-05
5.958036960081212281e-05
5.954375694753358635e-05
5.950577179299943760e-05
5.946635972174775335e-05
5.942546391218562476e-05
5.938302502091585795e-05
5.933898106227194146e-05
5.929326728214152480e-05
5.924581602587068838e-05
5.919655660004684191e-05
5.914541512796759530e-05
5.909231439861459435e-05
5.903717370896961666e-05
5.897990869953179815e-05
5.892043118292439910e-05
5.885864896551648904e-05
5.879446566203019614e-05
5.872778050316076819e-05
5.865848813630656939e-05
5.858647841959001382e-05
5.851163620945247333e-05
5.843384114222971518e-05
5.835296741026207995e-05
5.826888353326982646e-05
5.818145212593629675e-05
5.809052966289239746e-05
5.799596624259433441e-05
5.789760535194291442e-05
5.779528363391168424e-05
5.768883066095133286e-05
5.757806871752520374e-05
5.746281259583081974e-05
5.734286940958354534e-05
0.000000000000000000e+00
8.982618773955739714e-05
6.050348614561578808e-05
6.050339722103225071e-05
6.050324679289962676e-05
6.050303298204052664e-05
6.050272019509079748e-05
6.050240740814110221e-05
6.050195584853972536e-05
6.050150428893838239e-05
6.050082708084593620e-05
6.050014987275350355e-05
6.049947266466105736e-05
6.049879545656859761e-05
6.049778542259546523e-05
6.049677538862230575e-05
6.049576535464915982e-05
6.049475532067602744e-05
6.049346937798551991e-05
6.049218343529506658e-05
6.049069817200414262e-05
6.048921290871321865e-05
6.048751585310666224e-05
6.048581879750011261e-05
6.048389666403305900e-05
6.048197453056601216e-05
6.047981316104401487e-05
6.047765179152201080e-05
6.047523609050401192e-05
6.047282038948607403e-05
6.047013425543887408e-05
6.046744812139169447e-05
6.046447437096139191e-05
6.046150062053113000e-05
6.045822090775735384e-05
6.045494119498357767e-05
6.045133592229460709e-05
6.044773064960563651e-05
6.044377887277385707e-05
6.043982709594209797e-05
6.043550641920039765e-05
6.043118574245869056e-05
6.042647220638466485e-05
6.042175867031064591e-05
6.041662662789926727e-05
6.041149458548792929e-05
6.040591656954169526e-05
6.040033855359546122e-05
6.039428512989665401e-05
6.038823170619785356e-05
6.038167131622862991e-05
6.037511092625935883e-05
6.036800971276148095e-05
6.036090849926358952e-05
6.035323011918415490e-05
6.034555173910468640e-05
6.033725715577256232e-05
6.032896257244041790e-05
6.032000983248462421e-05
6.031105709252880341e-05
6.030140107759208832e-05
6.029174506265535968e-05
6.028153153167900336e-05
6.027092938217620924e-05
6.025992530730239847e-05
6.024850549357570499e-05
6.023665560089684390e-05
6.022436073824415158e-05
6.021160544178188361e-05
6.019837364816944770e-05
6.018464867056212101e-05
6.017041316928035239e-05
6.015564912548516425e-05
6.014033780892444575e-05
6.012445974904338298e-05
6.010799469949322288e-05
6.009092160641173246e-05
6.007321856934483235e-05
6.005486280640500108e-05
6.003583061121754575e-05
6.001609731463600038e-05
5.999563723728133839e-05
5.997442364746189759e-05
5.995242870882725220e-05
5.992962343410673603e-05
5.990597762734781948e-05
5.988145983305234358e-05
5.985603727241298416e-05
5.982967578739025973e-05
5.980233977029993613e-05
5.977399210233691343e-05
5.974459407580198891e-05
5.971410532654260401e-05
5.968248374803897688e-05
5.964968541719871723e-05
5.961566449945087060e-05
5.958037316730406644e-05
5.954376149552449005e-05
5.950577737108089815e-05
5.946636638125148524e-05
5.942547170731926327e-05
5.938303400894875077e-05
5.933899130373446570e-05
5.929327884103932530e-05
5.924582896991488100e-05
5.919657100090145553e-05
5.914543106151610936e-05
5.909233194524667651e-05
5.903719295389001868e-05
5.897992973309353130e-05
5.892045410098788964e-05
5.885867386983741089e-05
5.879449266067814236e-05
5.872780971097181046e-05
5.865851967537264659e-05
5.858651241978833440e-05
5.851167280901892946e-05
5.843388048837996126e-05
5.835300965986499826e-05
5.826892885357815076e-05
5.818150069537980098e-05
5.809058167193944345e-05
5.799602189468859548e-05
5.789766486452217981e-05
5.779534723951701826e-05
5.768889860843501164e-05
5.757814127336747200e-05
5.746289004557591655e-05
5.734295205940710813e-05
0.000000000000000000e+00
8.982617091495286206e-05
6.050346932141509120e-05
6.050338039810925221e-05
6.050322997216111946e-05
6.050301616442868899e-05
6.050270338208888583e-05
6.050239059974907589e-05
6.050193904686538860e-05
6.050148749398168776e-05
6.050081029609492470e-05
6.050013309820816842e-05
6.049945590032139859e-05
6.049877870243462199e-05
6.049776868394497406e-05
6.049675866545529902e-05
6.049574864696562399e-05
6.049473862847595573e-05
6.049345270574103622e-05
6.049216678300610314e-05
6.049068154296805640e-05
6.048919630293004353e-05
6.048749927412487673e-05
6.048580224531976415e-05
6.048388014248651766e-05
6.048195803965329828e-05
6.047979670489123598e-05
6.047763537012917369e-05
6.047521970833012164e-05
6.047280404653106281e-05
6.047011795650611670e-05
6.046743186648119770e-05
6.046445816526776487e-05
6.046148446405434559e-05
6.045820480609706554e-05
6.045492514813976517e-05
6.045131993632813671e-05
6.044771472451648114e-05
6.044376301510071805e-05
6.043981130568498207e-05
6.043549070344336668e-05
6.043117010120178516e-05
6.042645664727745990e-05
6.042174319335315497e-05
6.041661124138815095e-05
6.041147928942318759e-05
6.040590137289167236e-05
6.040032345636014359e-05
6.039427014181478600e-05
6.038821682726942840e-05
6.038165655699288554e-05
6.037509628671634945e-05
6.036799520437108123e-05
6.036089412202584012e-05
6.035321588551674857e-05
6.034553764900770444e-05
6.033724322276828942e-05
6.032894879652889473e-05
6.031999622833886699e-05
6.031104366014882569e-05
6.030138783298173737e-05
6.029173200581464906e-05
6.028151867546381289e-05
6.027091673568090130e-05
6.025991288000157866e-05
6.024849329538766157e-05
6.023664364215881438e-05
6.022434902978278913e-05
6.021159399488588092e-05
6.019836247466815520e-05
6.018463778279507402e-05
6.017040258018509149e-05
6.015563884856328620e-05
6.014032785833981187e-05
6.012445013958447025e-05
6.010798544668277742e-05
6.009091272646507518e-05
6.007321007929259066e-05
6.005485472404684729e-05
6.003582295525982304e-05
6.001609010464004020e-05
5.999563049381823710e-05
5.997441739205483014e-05
5.995242296412571698e-05
5.992961822382197705e-05
5.990597297644932449e-05
5.988145576769559551e-05
5.985603382016141768e-05
5.982967297713412223e-05
5.980233763250759904e-05
5.977399066896360949e-05
5.974459338057488955e-05
5.971410540485795572e-05
5.968248463728607434e-05
5.964968715664381913e-05
5.961566713060605202e-05
5.958037673379603039e-05
5.954376604351542085e-05
5.950578294916234514e-05
5.946637304075519002e-05
5.942547950245291534e-05
5.938304299698163682e-05
5.933900154519701026e-05
5.929329039993712580e-05
5.924584191395903296e-05
5.919658540175607591e-05
5.914544699506463698e-05
5.909234949187874511e-05
5.903721219881042070e-05
5.897995076665524413e-05
5.892047701905137340e-05
5.885869877415833275e-05
5.879451965932608180e-05
5.872783891878286628e-05
5.865855121443873057e-05
5.858654641998670240e-05
5.851170940858539915e-05
5.843391983453021410e-05
5.835305190946794368e-05
5.826897417388652250e-05
5.818154926482331198e-05
5.809063368098649622e-05
5.799607754678282268e-05
5.789772437710146553e-05
5.779541084512235905e-05
5.768896655591870397e-05
5.757821382920974703e-05
5.746296749532104047e-05
5.734303470923069802e-05
0.000000000000000000e+00
8.982615409034832698e-05
6.050345249721434689e-05
6.050336357518627404e-05
6.050321315142259183e-05
6.050299934681685813e-05
6.050268656908695385e-05
6.050237379135706991e-05
6.050192224519102474e-05
6.050147069902501345e-05
6.050079351134392676e-05
6.050011632366282652e-05
6.049943913598174660e-05
6.049876194830063959e-05
6.049775194529446933e-05
6.049674194228829230e-05
6.049573193928208816e-05
6.049472193627592468e-05
6.049343603349653897e-05
6.049215013071713971e-05
6.049066491393198373e-05
6.048917969714688874e-05
6.048748269514312510e-05
6.048578569313939535e-05
6.048386362093998987e-05
6.048194154874057761e-05
6.047978024873846387e-05
6.047761894873635014e-05
6.047520332615619070e-05
6.047278770357600417e-05
6.047010165757335255e-05
6.046741561157072126e-05
6.046444195957411072e-05
6.046146830757754762e-05
6.045818870443676370e-05
6.045490910129597300e-05
6.045130395036165955e-05
6.044769879942733256e-05
6.044374715742760614e-05
6.043979551542790683e-05
6.043547498768637636e-05
6.043115445994483911e-05
6.042644108817024818e-05
6.042172771639564371e-05
6.041659585487702786e-05
6.041146399335845267e-05
6.040588617624163592e-05
6.040030835912483273e-05
6.039425515373290443e-05
6.038820194834098969e-05
6.038164179775714117e-05
6.037508164717329942e-05
6.036798069598068830e-05
6.036087974478805684e-05
6.035320165184936256e-05
6.034552355891066827e-05
6.033722928976403008e-05
6.032893502061737834e-05
6.031998262419310298e-05
6.031103022776880052e-05
6.030137458837137965e-05
6.029171894897394522e-05
6.028150581924858855e-05
6.027090408918558658e-05
6.025990045270072497e-05
6.024848109719963170e-05
6.023663168342079165e-05
6.022433732132141313e-05
6.021158254798988501e-05
6.019835130116683560e-05
6.018462689502804736e-05
6.017039199108979670e-05
6.015562857164142847e-05
6.014031790775519154e-05
6.012444053012557107e-05
6.010797619387229129e-05
6.009090384651838402e-05
6.007320158924037606e-05
6.005484664168870028e-05
6.003581529930209355e-05
6.001608289464406646e-05
5.999562375035513581e-05
5.997441113664778303e-05
5.995241721942418854e-05
5.992961301353725195e-05
5.990596832555086337e-05
5.988145170233888132e-05
5.985603036790986475e-05
5.982967016687799151e-05
5.980233549471525517e-05
5.977398923559034620e-05
5.974459268534778342e-05
5.971410548317336841e-05
5.968248552653315824e-05
5.964968889608894136e-05
5.961566976176121990e-05
5.958038030028799434e-05
5.954377059150631776e-05
5.950578852724378536e-05
5.946637970025889480e-05
5.942548729758654030e-05
5.938305198501454319e-05
5.933901178665952771e-05
5.929330195883494663e-05
5.924585485800321880e-05
5.919659980261068953e-05
5.914546292861316460e-05
5.909236703851081371e-05
5.903723144373083627e-05
5.897997180021697050e-05
5.892049993711487749e-05
5.885872367847924783e-05
5.879454665797402124e-05
5.872786812659393566e-05
5.865858275350480100e-05
5.858658042018503653e-05
5.851174600815186883e-05
5.843395918068046695e-05
5.835309415907087555e-05
5.826901949419486035e-05
5.818159783426681621e-05
5.809068569003351511e-05
5.799613319887707020e-05
5.789778388968073769e-05
5.779547445072769307e-05
5.768903450340240308e-05
5.757828638505200174e-05
5.746304494506614406e-05
5.734311735905424048e-05
0.000000000000000000e+00
8.982613726574380545e-05
6.050343567301362969e-05
6.050334675226326199e-05
6.050319633068408453e-05
6.050298252920500693e-05
6.050266975608503542e-05
6.050235698296500971e-05
6.050190544351667442e-05
6.050145390406832559e-05
6.050077672659291526e-05
6.050009954911750494e-05
6.049942237164208106e-05
6.049874519416665718e-05
6.049773520664396460e-05
6.049672521912129235e-05
6.049571523159857266e-05
6.049470524407588685e-05
6.049341936125202140e-05
6.049213347842816949e-05
6.049064828489594494e-05
6.048916309136372717e-05
6.048746611616136670e-05
6.048576914095902656e-05
6.048384709939344175e-05
6.048192505782787727e-05
6.047976379258568499e-05
6.047760252734353336e-05
6.047518694398226654e-05
6.047277136062097940e-05
6.047008535864060872e-05
6.046739935666023804e-05
6.046442575388049723e-05
6.046145215110074964e-05
6.045817260277646185e-05
6.045489305445216727e-05
6.045128796439519595e-05
6.044768287433819752e-05
6.044373129975449423e-05
6.043977972517079094e-05
6.043545927192935894e-05
6.043113881868793371e-05
6.042642552906302969e-05
6.042171223943813244e-05
6.041658046836593187e-05
6.041144869729372452e-05
6.040587097959161981e-05
6.040029326188952864e-05
6.039424016565103642e-05
6.038818706941256453e-05
6.038162703852140357e-05
6.037506700763026294e-05
6.036796618759028180e-05
6.036086536755027357e-05
6.035318741818199688e-05
6.034550946881367953e-05
6.033721535675977751e-05
6.032892124470587550e-05
6.031996902004735931e-05
6.031101679538884312e-05
6.030136134376104902e-05
6.029170589213324137e-05
6.028149296303341842e-05
6.027089144269024475e-05
6.025988802539991872e-05
6.024846889901160183e-05
6.023661972468275535e-05
6.022432561286005068e-05
6.021157110109388232e-05
6.019834012766554310e-05
6.018461600726102069e-05
6.017038140199450869e-05
6.015561829471956397e-05
6.014030795717055088e-05
6.012443092066664478e-05
6.010796694106183228e-05
6.009089496657171319e-05
6.007319309918814114e-05
6.005483855933058037e-05
6.003580764334437084e-05
6.001607568464809950e-05
5.999561700689202097e-05
5.997440488124072236e-05
5.995241147472264655e-05
5.992960780325249975e-05
5.990596367465237515e-05
5.988144763698217390e-05
5.985602691565829826e-05
5.982966735662187434e-05
5.980233335692291131e-05
5.977398780221704225e-05
5.974459199012069083e-05
5.971410556148872012e-05
5.968248641578026247e-05
5.964969063553405003e-05
5.961567239291640810e-05
5.958038386677995830e-05
5.954377513949722146e-05
5.950579410532522558e-05
5.946638635976261313e-05
5.942549509272019914e-05
5.938306097304741569e-05
5.933902202812205872e-05
5.929331351773273358e-05
5.924586780204737753e-05
5.919661420346532347e-05
5.914547886216169899e-05
5.909238458514289586e-05
5.903725068865123829e-05
5.897999283377866977e-05
5.892052285517838158e-05
5.885874858280015613e-05
5.879457365662196745e-05
5.872789733440497793e-05
5.865861429257089853e-05
5.858661442038337743e-05
5.851178260771835885e-05
5.843399852683073335e-05
5.835313640867380742e-05
5.826906481450319820e-05
5.818164640371030689e-05
5.809073769908056789e-05
5.799618885097131095e-05
5.789784340225999631e-05
5.779553805633304064e-05
5.768910245088608186e-05
5.757835894089428355e-05
5.746312239481124766e-05
5.734320000887782359e-05
0.000000000000000000e+00
8.982612044113925682e-05
6.050341884881290570e-05
6.050332992934027705e-05
6.050317950994555690e-05
6.050296571159320317e-05
6.050265294308308312e-05
6.050234017457302405e-05
6.050188864184231056e-05
6.050143710911163095e-05
6.050075994184189021e-05
6.050008277457214948e-05
6.049940560730241552e-05
6.049872844003268156e-05
6.049771846799349375e-05
6.049670849595423819e-05
6.049569852391506393e-05
6.049468855187584225e-05
6.049340268900752415e-05
6.049211682613919928e-05
6.049063165585987227e-05
6.048914648558054527e-05
6.048744953717959474e-05
6.048575258877865777e-05
6.048383057784690041e-05
6.048190856691513628e-05
6.047974733643293320e-05
6.047758610595074368e-05
6.047517056180834916e-05
6.047275501766598852e-05
6.047006905970785811e-05
6.046738310174975482e-05
6.046440954818686341e-05
6.046143599462394490e-05
6.045815650111617355e-05
6.045487700760836833e-05
6.045127197842871879e-05
6.044766694924904893e-05
6.044371544208137554e-05
6.043976393491371570e-05
6.043544355617234829e-05
6.043112317743098766e-05
6.042640996995581797e-05
6.042169676248063473e-05
6.041656508185479522e-05
6.041143340122897605e-05
6.040585578294158336e-05
6.040027816465422456e-05
6.039422517756916163e-05
6.038817219048413259e-05
6.038161227928565242e-05
6.037505236808724001e-05
6.036795167919986854e-05
6.036085099031251062e-05
6.035317318451459054e-05
6.034549537871667046e-05
6.033720142375549784e-05
6.032890746879434555e-05
6.031995541590160208e-05
6.031100336300885861e-05
6.030134809915070485e-05
6.029169283529253753e-05
6.028148010681821440e-05
6.027087879619494359e-05
6.025987559809907858e-05
6.024845670082355840e-05
6.023660776594470551e-05
6.022431390439868823e-05
6.021155965419787963e-05
6.019832895416423705e-05
6.018460511949398726e-05
6.017037081289922746e-05
6.015560801779769947e-05
6.014029800658591022e-05
6.012442131120773883e-05
6.010795768825138682e-05
6.009088608662504236e-05
6.007318460913591300e-05
6.005483047697243336e-05
6.003579998738663457e-05
6.001606847465214609e-05
5.999561026342891968e-05
5.997439862583368880e-05
5.995240573002111811e-05
5.992960259296775433e-05
5.990595902375389371e-05
5.988144357162543938e-05
5.985602346340674533e-05
5.982966454636573685e-05
5.980233121913056067e-05
5.977398636884376541e-05
5.974459129489357115e-05
5.971410563980409893e-05
5.968248730502733281e-05
5.964969237497915871e-05
5.961567502407159630e-05
5.958038743327192225e-05
5.954377968748813870e-05
5.950579968340665902e-05
5.946639301926632469e-05
5.942550288785384443e-05
5.938306996108030851e-05
5.933903226958459651e-05
5.929332507663054763e-05
5.924588074609153627e-05
5.919662860431993030e-05
5.914549479571021306e-05
5.909240213177495090e-05
5.903726993357162676e-05
5.898001386734040292e-05
5.892054577324187212e-05
5.885877348712107121e-05
5.879460065526992044e-05
5.872792654221603375e-05
5.865864583163696218e-05
5.858664842058171156e-05
5.851181920728482175e-05
5.843403787298098620e-05
5.835317865827673928e-05
5.826911013481154961e-05
5.818169497315381789e-05
5.809078970812760033e-05
5.799624450306555169e-05
5.789790291483926847e-05
5.779560166193837466e-05
5.768917039836978097e-05
5.757843149673655181e-05
5.746319984455635125e-05
5.734328265870138638e-05
0.000000000000000000e+00
8.982610361653474884e-05
6.050340202461221560e-05
6.050331310641730566e-05
6.050316268920704959e-05
6.050294889398133842e-05
6.050263613008116469e-05
6.050232336618097063e-05
6.050187184016794670e-05
6.050142031415495664e-05
6.050074315709087194e-05
6.050006600002681435e-05
6.049938884296275675e-05
6.049871168589867883e-05
6.049770172934296192e-05
6.049669177278725856e-05
6.049568181623152810e-05
6.049467185967581119e-05
6.049338601676301335e-05
6.049210017385025617e-05
6.049061502682382671e-05
6.048912987979739047e-05
6.048743295819783634e-05
6.048573603659829575e-05
6.048381405630033197e-05
6.048189207600241561e-05
6.047973088028016787e-05
6.047756968455793368e-05
6.047515417963443855e-05
6.047273867471095020e-05
6.047005276077511429e-05
6.046736684683925805e-05
6.046439334249318216e-05
6.046141983814714693e-05
6.045814039945586493e-05
6.045486096076458971e-05
6.045125599246225519e-05
6.044765102415990035e-05
6.044369958440826363e-05
6.043974814465661336e-05
6.043542784041533087e-05
6.043110753617406871e-05
6.042639441084859947e-05
6.042168128552311668e-05
6.041654969534367213e-05
6.041141810516423435e-05
6.040584058629157403e-05
6.040026306741890015e-05
6.039421018948730040e-05
6.038815731155569387e-05
6.038159752004995548e-05
6.037503772854420353e-05
6.036793717080947560e-05
6.036083661307474089e-05
6.035315895084722486e-05
6.034548128861967495e-05
6.033718749075124528e-05
6.032889369288282915e-05
6.031994181175583808e-05
6.031098993062888766e-05
6.030133485454035390e-05
6.029167977845182013e-05
6.028146725060300361e-05
6.027086614969960854e-05
6.025986317079823167e-05
6.024844450263553531e-05
6.023659580720667600e-05
6.022430219593731901e-05
6.021154820730187693e-05
6.019831778066295132e-05
6.018459423172695382e-05
6.017036022380394623e-05
6.015559774087583496e-05
6.014028805600130345e-05
6.012441170174883965e-05
6.010794843544092780e-05
6.009087720667835797e-05
6.007317611908367130e-05
6.005482239461429312e-05
6.003579233142890509e-05
6.001606126465617235e-05
5.999560351996580484e-05
5.997439237042661458e-05
5.995239998531958967e-05
5.992959738268298857e-05
5.990595437285540549e-05
5.988143950626872519e-05
5.985602001115519240e-05
5.982966173610963323e-05
5.980232908133823036e-05
5.977398493547047501e-05
5.974459059966647856e-05
5.971410571811946419e-05
5.968248819427443704e-05
5.964969411442425383e-05
5.961567765522675063e-05
5.958039099976387943e-05
5.954378423547904240e-05
5.950580526148810601e-05
5.946639967877003624e-05
5.942551068298745584e-05
5.938307894911319456e-05
5.933904251104712074e-05
5.929333663552834813e-05
5.924589369013569500e-05
5.919664300517454391e-05
5.914551072925873390e-05
5.909241967840701950e-05
5.903728917849204234e-05
5.898003490090214285e-05
5.892056869130537621e-05
5.885879839144198629e-05
5.879462765391784633e-05
5.872795575002708957e-05
5.865867737070306649e-05
5.858668242078005246e-05
5.851185580685128466e-05
5.843407721913123905e-05
5.835322090787968470e-05
5.826915545511989424e-05
5.818174354259730857e-05
5.809084171717464632e-05
5.799630015515977888e-05
5.789796242741853386e-05
5.779566526754371545e-05
5.768923834585348008e-05
5.757850405257882007e-05
5.746327729430145484e-05
5.734336530852496950e-05
0.000000000000000000e+00
8.982608679193021376e-05
6.050338520041148485e-05
6.050329628349432749e-05
6.050314586846854229e-05
6.050293207636952110e-05
6.050261931707923271e-05
6.050230655778897820e-05
6.050185503849360994e-05
6.050140351919825523e-05
6.050072637233988078e-05
6.050004922548148599e-05
6.049937207862309121e-05
6.049869493176470998e-05
6.049768499069247074e-05
6.049667504962024506e-05
6.049566510854801260e-05
6.049465516747579369e-05
6.049336934451851611e-05
6.049208352156126563e-05
6.049059839778774049e-05
6.048911327401422213e-05
6.048741637921607115e-05
6.048571948441789308e-05
6.048379753475381095e-05
6.048187558508969495e-05
6.047971442412740253e-05
6.047755326316506946e-05
6.047513779746050761e-05
6.047272233175591866e-05
6.047003646184235691e-05
6.046735059192877483e-05
6.046437713679958900e-05
6.046140368167036928e-05
6.045812429779556986e-05
6.045484491392079076e-05
6.045124000649577803e-05
6.044763509907076531e-05
6.044368372673514494e-05
6.043973235439951779e-05
6.043541212465832022e-05
6.043109189491714298e-05
6.042637885174136742e-05
6.042166580856560542e-05
6.041653430883254903e-05
6.041140280909950620e-05
6.040582538964154436e-05
6.040024797018359607e-05
6.039419520140542561e-05
6.038814243262726871e-05
6.038158276081419755e-05
6.037502308900116028e-05
6.036792266241906233e-05
6.036082223583697117e-05
6.035314471717981852e-05
6.034546719852264555e-05
6.033717355774698593e-05
6.032887991697128565e-05
6.031992820761008085e-05
6.031097649824890316e-05
6.030132160993000972e-05
6.029166672161112984e-05
6.028145439438780637e-05
6.027085350320430737e-05
6.025985074349740508e-05
6.024843230444749866e-05
6.023658384846861938e-05
6.022429048747596333e-05
6.021153676040587424e-05
6.019830660716162494e-05
6.018458334395989328e-05
6.017034963470866500e-05
6.015558746395398401e-05
6.014027810541664924e-05
6.012440209228992014e-05
6.010793918263046879e-05
6.009086832673168714e-05
6.007316762903144316e-05
6.005481431225614611e-05
6.003578467547118915e-05
6.001605405466020539e-05
5.999559677650270355e-05
5.997438611501956746e-05
5.995239424061805445e-05
5.992959217239825670e-05
5.990594972195692404e-05
5.988143544091201100e-05
5.985601655890362591e-05
5.982965892585351606e-05
5.980232694354587294e-05
5.977398350209719139e-05
5.974458990443936565e-05
5.971410579643484978e-05
5.968248908352151417e-05
5.964969585386935573e-05
5.961568028638193883e-05
5.958039456625584338e-05
5.954378878346994609e-05
5.950581083956955978e-05
5.946640633827376813e-05
5.942551847812109435e-05
5.938308793714609416e-05
5.933905275250963819e-05
5.929334819442616219e-05
5.924590663417986729e-05
5.919665740602916430e-05
5.914552666280725474e-05
5.909243722503908133e-05
5.903730842341244436e-05
5.898005593446384889e-05
5.892059160936885320e-05
5.885882329576289459e-05
5.879465465256578576e-05
5.872798495783814539e-05
5.865870890976914370e-05
5.858671642097840014e-05
5.851189240641775435e-05
5.843411656528149867e-05
5.835326315748260979e-05
5.826920077542824565e-05
5.818179211204080602e-05
5.809089372622169232e-05
5.799635580725403996e-05
5.789802193999780603e-05
5.779572887314904947e-05
5.768930629333715885e-05
5.757857660842109510e-05
5.746335474404656521e-05
5.734344795834851873e-05
0.000000000000000000e+00
8.982606996732567868e-05
6.050336837621078797e-05
6.050327946057130866e-05
6.050312904773002144e-05
6.050291525875769024e-05
6.050260250407732106e-05
6.050228974939695866e-05
6.050183823681925285e-05
6.050138672424157415e-05
6.050070958758887606e-05
6.050003245093614409e-05
6.049935531428344600e-05
6.049867817763071403e-05
6.049766825204199312e-05
6.049665832645323833e-05
6.049564840086449032e-05
6.049463847527574231e-05
6.049335267227400531e-05
6.049206686927230896e-05
6.049058176875168137e-05
6.048909666823105378e-05
6.048739980023430597e-05
6.048570293223754461e-05
6.048378101320724928e-05
6.048185909417698106e-05
6.047969796797461687e-05
6.047753684177227301e-05
6.047512141528658345e-05
6.047270598880089389e-05
6.047002016290959275e-05
6.046733433701831194e-05
6.046436093110592130e-05
6.046138752519356454e-05
6.045810819613527478e-05
6.045482886707699181e-05
6.045122402052930088e-05
6.044761917398160995e-05
6.044366786906200592e-05
6.043971656414242222e-05
6.043539640890130280e-05
6.043107625366020370e-05
6.042636329263415570e-05
6.042165033160812126e-05
6.041651892232143272e-05
6.041138751303476450e-05
6.040581019299153502e-05
6.040023287294829198e-05
6.039418021332355083e-05
6.038812755369883678e-05
6.038156800157849384e-05
6.037500844945813057e-05
6.036790815402866939e-05
6.036080785859920822e-05
6.035313048351242574e-05
6.034545310842565682e-05
6.033715962474271981e-05
6.032886614105976926e-05
6.031991460346434395e-05
6.031096306586889832e-05
6.030130836531967232e-05
6.029165366477041922e-05
6.028144153817262268e-05
6.027084085670897910e-05
6.025983831619657850e-05
6.024842010625946879e-05
6.023657188973060341e-05
6.022427877901458056e-05
6.021152531350988511e-05
6.019829543366034600e-05
6.018457245619288017e-05
6.017033904561336344e-05
6.015557718703211951e-05
6.014026815483202891e-05
6.012439248283103451e-05
6.010792992982000977e-05
6.009085944678500954e-05
6.007315913897920824e-05
6.005480622989799909e-05
6.003577701951346644e-05
6.001604684466423166e-05
5.999559003303960226e-05
5.997437985961252713e-05
5.995238849591651923e-05
5.992958696211350450e-05
5.990594507105845615e-05
5.988143137555527649e-05
5.985601310665206621e-05
5.982965611559737178e-05
5.980232480575352908e-05
5.977398206872390100e-05
5.974458920921227984e-05
5.971410587475022859e-05
5.968248997276862517e-05
5.964969759331447118e-05
5.961568291753711348e-05
5.958039813274780734e-05
5.954379333146085656e-05
5.950581641765101355e-05
5.946641299777747969e-05
5.942552627325475319e-05
5.938309692517898021e-05
5.933906299397219631e-05
5.929335975332395591e-05
5.924591957822404636e-05
5.919667180688376436e-05
5.914554259635578236e-05
5.909245477167115670e-05
5.903732766833284638e-05
5.898007696802556849e-05
5.892061452743236407e-05
5.885884820008379612e-05
5.879468165121375231e-05
5.872801416564920121e-05
5.865874044883522090e-05
5.858675042117673427e-05
5.851192900598423081e-05
5.843415591143174474e-05
5.835330540708553489e-05
5.826924609573659028e-05
5.818184068148431702e-05
5.809094573526871799e-05
5.799641145934828070e-05
5.789808145257705786e-05
5.779579247875440382e-05
5.768937424082085796e-05
5.757864916426336336e-05
5.746343219379166202e-05
5.734353060817210863e-05
0.000000000000000000e+00
8.982605314272117071e-05
6.050335155201005721e-05
6.050326263764831694e-05
6.050311222699147347e-05
6.050289844114585937e-05
6.050258569107539586e-05
6.050227294100493235e-05
6.050182143514489576e-05
6.050136992928487951e-05
6.050069280283783745e-05
6.050001567639078863e-05
6.049933854994377368e-05
6.049866142349673840e-05
6.049765151339149517e-05
6.049664160328622483e-05
6.049563169318096804e-05
6.049462178307569771e-05
6.049333600002952839e-05
6.049205021698333197e-05
6.049056513971561548e-05
6.048908006244789221e-05
6.048738322125252724e-05
6.048568638005718260e-05
6.048376449166070117e-05
6.048184260326426039e-05
6.047968151182185154e-05
6.047752042037946978e-05
6.047510503311264574e-05
6.047268964584586235e-05
6.047000386397684892e-05
6.046731808210781516e-05
6.046434472541229425e-05
6.046137136871678012e-05
6.045809209447500004e-05
6.045481282023318608e-05
6.045120803456283050e-05
6.044760324889246136e-05
6.044365201138889401e-05
6.043970077388531310e-05
6.043538069314430570e-05
6.043106061240329830e-05
6.042634773352692365e-05
6.042163485465058966e-05
6.041650353581030285e-05
6.041137221697002281e-05
6.040579499634150535e-05
6.040021777571299468e-05
6.039416522524168959e-05
6.038811267477039806e-05
6.038155324234274269e-05
6.037499380991511442e-05
6.036789364563826290e-05
6.036079348136143849e-05
6.035311624984503296e-05
6.034543901832864775e-05
6.033714569173844014e-05
6.032885236514824609e-05
6.031990099931859350e-05
6.031094963348891381e-05
6.030129512070931460e-05
6.029164060792971538e-05
6.028142868195740512e-05
6.027082821021366438e-05
6.025982588889573836e-05
6.024840790807143892e-05
6.023655993099254679e-05
6.022426707055322488e-05
6.021151386661386886e-05
6.019828426015903317e-05
6.018456156842583318e-05
6.017032845651808221e-05
6.015556691011024823e-05
6.014025820424738825e-05
6.012438287337208790e-05
6.010792067700955753e-05
6.009085056683833193e-05
6.007315064892697332e-05
6.005479814753986563e-05
6.003576936355575050e-05
6.001603963466826470e-05
5.999558328957649419e-05
5.997437360420546646e-05
5.995238275121499757e-05
5.992958175182874552e-05
5.990594042015998826e-05
5.988142731019856230e-05
5.985600965440050650e-05
5.982965330534124784e-05
5.980232266796118521e-05
5.977398063535061060e-05
5.974458851398517371e-05
5.971410595306559385e-05
5.968249086201571585e-05
5.964969933275956630e-05
5.961568554869230846e-05
5.958040169923976452e-05
5.954379787945177381e-05
5.950582199573246054e-05
5.946641965728117769e-05
5.942553406838839848e-05
5.938310591321186626e-05
5.933907323543472054e-05
5.929337131222177674e-05
5.924593252226820509e-05
5.919668620773839830e-05
5.914555852990430320e-05
5.909247231830324563e-05
5.903734691325323485e-05
5.898009800158728809e-05
5.892063744549584105e-05
5.885887310440472475e-05
5.879470864986167819e-05
5.872804337346025703e-05
5.865877198790129811e-05
5.858678442137508195e-05
5.851196560555069372e-05
5.843419525758200436e-05
5.835334765668845998e-05
5.826929141604494846e-05
5.818188925092780770e-05
5.809099774431576398e-05
5.799646711144250790e-05
5.789814096515635036e-05
5.779585608435972428e-05
5.768944218830456385e-05
5.757872172010564517e-05
5.746350964353677239e-05
5.734361325799567142e-05
0.000000000000000000e+00
8.982603631811663563e-05
6.050333472780934678e-05
6.050324581472534555e-05
6.050309540625296617e-05
6.050288162353404205e-05
6.050256887807347066e-05
6.050225613261291281e-05
6.050180463347054545e-05
6.050135313432819165e-05
6.050067601808680563e-05
6.049999890184546027e-05
6.049932178560412846e-05
6.049864466936274922e-05
6.049763477474099044e-05
6.049662488011920455e-05
6.049561498549743221e-05
6.049460509087566665e-05
6.049331932778503115e-05
6.049203356469436176e-05
6.049054851067955636e-05
6.048906345666474419e-05
6.048736664227076883e-05
6.048566982787680025e-05
6.048374797011414627e-05
6.048182611235153973e-05
6.047966505566907942e-05
6.047750399898665300e-05
6.047508865093872158e-05
6.047267330289085791e-05
6.046998756504407799e-05
6.046730182719732517e-05
6.046432851971866043e-05
6.046135521223998215e-05
6.045807599281469142e-05
6.045479677338938714e-05
6.045119204859636690e-05
6.044758732380332633e-05
6.044363615371578210e-05
6.043968498362822431e-05
6.043536497738728150e-05
6.043104497114633870e-05
6.042633217441970516e-05
6.042161937769307840e-05
6.041648814929918653e-05
6.041135692090529466e-05
6.040577979969147569e-05
6.040020267847768382e-05
6.039415023715983513e-05
6.038809779584197968e-05
6.038153848310701187e-05
6.037497917037208472e-05
6.036787913724786319e-05
6.036077910412365521e-05
6.035310201617765372e-05
6.034542492823165223e-05
6.033713175873418080e-05
6.032883858923673647e-05
6.031988739517282950e-05
6.031093620110894286e-05
6.030128187609898397e-05
6.029162755108900476e-05
6.028141582574221465e-05
6.027081556371835644e-05
6.025981346159489823e-05
6.024839570988340905e-05
6.023654797225451050e-05
6.022425536209185566e-05
6.021150241971787295e-05
6.019827308665775422e-05
6.018455068065879974e-05
6.017031786742279420e-05
6.015555663318837017e-05
6.014024825366276114e-05
6.012437326391318194e-05
6.010791142419909852e-05
6.009084168689166110e-05
6.007314215887475195e-05
6.005479006518172540e-05
6.003576170759803457e-05
6.001603242467229096e-05
5.999557654611338613e-05
5.997436734879841935e-05
5.995237700651346235e-05
5.992957654154399332e-05
5.990593576926150682e-05
5.988142324484184811e-05
5.985600620214894679e-05
5.982965049508515100e-05
5.980232053016884812e-05
5.977397920197734731e-05
5.974458781875806079e-05
5.971410603138097944e-05
5.968249175126279975e-05
5.964970107220466820e-05
5.961568817984747633e-05
5.958040526573171492e-05
5.954380242744268428e-05
5.950582757381389399e-05
5.946642631678490280e-05
5.942554186352202344e-05
5.938311490124473875e-05
5.933908347689725155e-05
5.929338287111959079e-05
5.924594546631239771e-05
5.919670060859301192e-05
5.914557446345284437e-05
5.909248986493530745e-05
5.903736615817364365e-05
5.898011903514900769e-05
5.892066036355931804e-05
5.885889800872563983e-05
5.879473564850962441e-05
5.872807258127132641e-05
5.865880352696738209e-05
5.858681842157342963e-05
5.851200220511717018e-05
5.843423460373225044e-05
5.835338990629140540e-05
5.826933673635329309e-05
5.818193782037132548e-05
5.809104975336280320e-05
5.799652276353674864e-05
5.789820047773560897e-05
5.779591968996507185e-05
5.768951013578823585e-05
5.757879427594789987e-05
5.746358709328186921e-05
5.734369590781923420e-05
0.000000000000000000e+00
8.982601949351210055e-05
6.050331790360864313e-05
6.050322899180234028e-05
6.050307858551445887e-05
6.050286480592220441e-05
6.050255206507155223e-05
6.050223932422090682e-05
6.050178783179622225e-05
6.050133633937149023e-05
6.050065923333581446e-05
6.049998212730013869e-05
6.049930502126444937e-05
6.049862791522878037e-05
6.049761803609049249e-05
6.049660815695219105e-05
6.049559827781391671e-05
6.049458839867561527e-05
6.049330265554050680e-05
6.049201691240539832e-05
6.049053188164347014e-05
6.048904685088154874e-05
6.048735006328901043e-05
6.048565327569643824e-05
6.048373144856761848e-05
6.048180962143883261e-05
6.047964859951632087e-05
6.047748757759382267e-05
6.047507226876482452e-05
6.047265695993581959e-05
6.046997126611133416e-05
6.046728557228684873e-05
6.046431231402499951e-05
6.046133905576317740e-05
6.045805989115438279e-05
6.045478072654558819e-05
6.045117606262988296e-05
6.044757139871417096e-05
6.044362029604266341e-05
6.043966919337112197e-05
6.043534926163027763e-05
6.043102932988942652e-05
6.042631661531250699e-05
6.042160390073557391e-05
6.041647276278804988e-05
6.041134162484054619e-05
6.040576460304145279e-05
6.040018758124235940e-05
6.039413524907794002e-05
6.038808291691353418e-05
6.038152372387128782e-05
6.037496453082903468e-05
6.036786462885745670e-05
6.036076472688589226e-05
6.035308778251025416e-05
6.034541083813464994e-05
6.033711782572992823e-05
6.032882481332520652e-05
6.031987379102708583e-05
6.031092276872896513e-05
6.030126863148862625e-05
6.029161449424829414e-05
6.028140296952703774e-05
6.027080291722303494e-05
6.025980103429409197e-05
6.024838351169537241e-05
6.023653601351646066e-05
6.022424365363049999e-05
6.021149097282187703e-05
6.019826191315644139e-05
6.018453979289177308e-05
6.017030727832751297e-05
6.015554635626651245e-05
6.014023830307811371e-05
6.012436365445428954e-05
6.010790217138863950e-05
6.009083280694498349e-05
6.007313366882250348e-05
6.005478198282357839e-05
6.003575405164028475e-05
6.001602521467633755e-05
5.999556980265027806e-05
5.997436109339135868e-05
5.995237126181192713e-05
5.992957133125924790e-05
5.990593111836303215e-05
5.988141917948512036e-05
5.985600274989738031e-05
5.982964768482901350e-05
5.980231839237649071e-05
5.977397776860405692e-05
5.974458712353095466e-05
5.971410610969634470e-05
5.968249264050989720e-05
5.964970281164979721e-05
5.961569081100265099e-05
5.958040883222368565e-05
5.954380697543359475e-05
5.950583315189534776e-05
5.946643297628860758e-05
5.942554965865567550e-05
5.938312388927763157e-05
5.933909371835976223e-05
5.929339443001739130e-05
5.924595841035653612e-05
5.919671500944762553e-05
5.914559039700137199e-05
5.909250741156738283e-05
5.903738540309405244e-05
5.898014006871072729e-05
5.892068328162282891e-05
5.885892291304656168e-05
5.879476264715756384e-05
5.872810178908236868e-05
5.865883506603347284e-05
5.858685242177176375e-05
5.851203880468366019e-05
5.843427394988251006e-05
5.835343215589433726e-05
5.826938205666164450e-05
5.818198638981482293e-05
5.809110176240984242e-05
5.799657841563100294e-05
5.789825999031486759e-05
5.779598329557041265e-05
5.768957808327194851e-05
5.757886683179018846e-05
5.746366454302696602e-05
5.734377855764279699e-05
0.000000000000000000e+00
8.982600266890757902e-05
6.050330107940790560e-05
6.050321216887935533e-05
6.050306176477593124e-05
6.050284798831037354e-05
6.050253525206961347e-05
6.050222251582886696e-05
6.050177103012184483e-05
6.050131954441482948e-05
6.050064244858479619e-05
6.049996535275479678e-05
6.049928825692482448e-05
6.049861116109479797e-05
6.049760129743998776e-05
6.049659143378519787e-05
6.049558157013038766e-05
6.049457170647559099e-05
6.049328598329600277e-05
6.049200026011644166e-05
6.049051525260743813e-05
6.048903024509840072e-05
6.048733348430723169e-05
6.048563672351606944e-05
6.048371492702108392e-05
6.048179313052609840e-05
6.047963214336356908e-05
6.047747115620100589e-05
6.047505588659089358e-05
6.047264061698079483e-05
6.046995496717857000e-05
6.046726931737635196e-05
6.046429610833135214e-05
6.046132289928639298e-05
6.045804378949410805e-05
6.045476467970178924e-05
6.045116007666340581e-05
6.044755547362501560e-05
6.044360443836952439e-05
6.043965340311403318e-05
6.043533354587326699e-05
6.043101368863250757e-05
6.042630105620527494e-05
6.042158842377806942e-05
6.041645737627694034e-05
6.041132632877581126e-05
6.040574940639145023e-05
6.040017248400704854e-05
6.039412026099608556e-05
6.038806803798510902e-05
6.038150896463555700e-05
6.037494989128599821e-05
6.036785012046705698e-05
6.036075034964812931e-05
6.035307354884288171e-05
6.034539674803764088e-05
6.033710389272567567e-05
6.032881103741367658e-05
6.031986018688133538e-05
6.031090933634898740e-05
6.030125538687828885e-05
6.029160143740759030e-05
6.028139011331180662e-05
6.027079027072773377e-05
6.025978860699323150e-05
6.024837131350734254e-05
6.023652405477843792e-05
6.022423194516912399e-05
6.021147952592586757e-05
6.019825073965514889e-05
6.018452890512473286e-05
6.017029668923223174e-05
6.015553607934466150e-05
6.014022835249348660e-05
6.012435404499536325e-05
6.010789291857818048e-05
6.009082392699829911e-05
6.007312517877026856e-05
6.005477390046543137e-05
6.003574639568255527e-05
6.001601800468038414e-05
5.999556305918718355e-05
5.997435483798429801e-05
5.995236551711039869e-05
5.992956612097450247e-05
5.990592646746455071e-05
5.988141511412839940e-05
5.985599929764581382e-05
5.982964487457288955e-05
5.980231625458414007e-05
5.977397633523078685e-05
5.974458642830386207e-05
5.971410618801171674e-05
5.968249352975699465e-05
5.964970455109489911e-05
5.961569344215783241e-05
5.958041239871565638e-05
5.954381152342449167e-05
5.950583872997678797e-05
5.946643963579233269e-05
5.942555745378929369e-05
5.938313287731054473e-05
5.933910395982230001e-05
5.929340598891519180e-05
5.924597135440070841e-05
5.919672941030223914e-05
5.914560633054988606e-05
5.909252495819945143e-05
5.903740464801444091e-05
5.898016110227246721e-05
5.892070619968630589e-05
5.885894781736747676e-05
5.879478964580550328e-05
5.872813099689343127e-05
5.865886660509955682e-05
5.858688642197010466e-05
5.851207540425012310e-05
5.843431329603276968e-05
5.835347440549728946e-05
5.826942737696999590e-05
5.818203495925833394e-05
5.809115377145688164e-05
5.799663406772523691e-05
5.789831950289416008e-05
5.779604690117575344e-05
5.768964603075563407e-05
5.757893938763246350e-05
5.746374199277208317e-05
5.734386120746638688e-05
0.000000000000000000e+00
8.982598584430305749e-05
6.050328425520718162e-05
6.050319534595638394e-05
6.050304494403739683e-05
6.050283117069854268e-05
6.050251843906769505e-05
6.050220570743688808e-05
6.050175422844747419e-05
6.050130274945810096e-05
6.050062566383381180e-05
6.049994857820946843e-05
6.049927149258515894e-05
6.049859440696078847e-05
6.049758455878949658e-05
6.049657471061817082e-05
6.049556486244687215e-05
6.049455501427555994e-05
6.049326931105151230e-05
6.049198360782748500e-05
6.049049862357135191e-05
6.048901363931521882e-05
6.048731690532545296e-05
6.048562017133570065e-05
6.048369840547452903e-05
6.048177663961337095e-05
6.047961568721079020e-05
6.047745473480819589e-05
6.047503950441695587e-05
6.047262427402576328e-05
6.046993866824582617e-05
6.046725306246589584e-05
6.046427990263773187e-05
6.046130674280960179e-05
6.045802768783379265e-05
6.045474863285800384e-05
6.045114409069692187e-05
6.044753954853588056e-05
6.044358858069640570e-05
6.043963761285695794e-05
6.043531783011626312e-05
6.043099804737554119e-05
6.042628549709807000e-05
6.042157294682055815e-05
6.041644198976582402e-05
6.041131103271105601e-05
6.040573420974140701e-05
6.040015738677175801e-05
6.039410527291420400e-05
6.038805315905667709e-05
6.038149420539982618e-05
6.037493525174296173e-05
6.036783561207667760e-05
6.036073597241035281e-05
6.035305931517549570e-05
6.034538265794063859e-05
6.033708995972138922e-05
6.032879726150215341e-05
6.031984658273558493e-05
6.031089590396898934e-05
6.030124214226793790e-05
6.029158838056687968e-05
6.028137725709662971e-05
6.027077762423239872e-05
6.025977617969241847e-05
6.024835911531930589e-05
6.023651209604040840e-05
6.022422023670774121e-05
6.021146807902985133e-05
6.019823956615384284e-05
6.018451801735769942e-05
6.017028610013693018e-05
6.015552580242279022e-05
6.014021840190886628e-05
6.012434443553645730e-05
6.010788366576771469e-05
6.009081504705163506e-05
6.007311668871804719e-05
6.005476581810730469e-05
6.003573873972483255e-05
6.001601079468439685e-05
5.999555631572408226e-05
5.997434858257725767e-05
5.995235977240885670e-05
5.992956091068974350e-05
5.990592181656607604e-05
5.988141104877168521e-05
5.985599584539426767e-05
5.982964206431676561e-05
5.980231411679179620e-05
5.977397490185751001e-05
5.974458573307674916e-05
5.971410626632708878e-05
5.968249441900407178e-05
5.964970629054000778e-05
5.961569607331300706e-05
5.958041596520762033e-05
5.954381607141540891e-05
5.950584430805822141e-05
5.946644629529603747e-05
5.942556524892294575e-05
5.938314186534343755e-05
5.933911420128481747e-05
5.929341754781298552e-05
5.924598429844488070e-05
5.919674381115685275e-05
5.914562226409840690e-05
5.909254250483153358e-05
5.903742389293483616e-05
5.898018213583419359e-05
5.892072911774980999e-05
5.885897272168839184e-05
5.879481664445344272e-05
5.872816020470449387e-05
5.865889814416562725e-05
5.858692042216845234e-05
5.851211200381659279e-05
5.843435264218302931e-05
5.835351665510020100e-05
5.826947269727833376e-05
5.818208352870181784e-05
5.809120578050391408e-05
5.799668971981948443e-05
5.789837901547341192e-05
5.779611050678109424e-05
5.768971397823932640e-05
5.757901194347471143e-05
5.746381944251717998e-05
5.734394385728993612e-05
0.000000000000000000e+00
8.982596901969850886e-05
6.050326743100647119e-05
6.050317852303336511e-05
6.050302812329889631e-05
6.050281435308671181e-05
6.050250162606576985e-05
6.050218889904484143e-05
6.050173742677313743e-05
6.050128595450143343e-05
6.050060887908277998e-05
6.049993180366413330e-05
6.049925472824546629e-05
6.049857765282681284e-05
6.049756782013899863e-05
6.049655798745118442e-05
6.049554815476333632e-05
6.049453832207550178e-05
6.049325263880701506e-05
6.049196695553850801e-05
6.049048199453529279e-05
6.048899703353207081e-05
6.048730032634371488e-05
6.048560361915532508e-05
6.048368188392800124e-05
6.048176014870066384e-05
6.047959923105801131e-05
6.047743831341535878e-05
6.047502312224305881e-05
6.047260793107076562e-05
6.046992236931306202e-05
6.046723680755540585e-05
6.046426369694410483e-05
6.046129058633279704e-05
6.045801158617351113e-05
6.045473258601421845e-05
6.045112810473047182e-05
6.044752362344673198e-05
6.044357272302327346e-05
6.043962182259985560e-05
6.043530211435923214e-05
6.043098240611864257e-05
6.042626993799086506e-05
6.042155746986305366e-05
6.041642660325468738e-05
6.041129573664634142e-05
6.040571901309140445e-05
6.040014228953644715e-05
6.039409028483233599e-05
6.038803828012823837e-05
6.038147944616408181e-05
6.037492061219993880e-05
6.036782110368625755e-05
6.036072159517256953e-05
6.035304508150809614e-05
6.034536856784362274e-05
6.033707602671714343e-05
6.032878348559064379e-05
6.031983297858981415e-05
6.031088247158901839e-05
6.030122889765758695e-05
6.029157532372616228e-05
6.028136440088144603e-05
6.027076497773708400e-05
6.025976375239159189e-05
6.024834691713127602e-05
6.023650013730235856e-05
6.022420852824637876e-05
6.021145663213386219e-05
6.019822839265253679e-05
6.018450712959063888e-05
6.017027551104164895e-05
6.015551552550092571e-05
6.014020845132423917e-05
6.012433482607754457e-05
6.010787441295724890e-05
6.009080616710496422e-05
6.007310819866581905e-05
6.005475773574916445e-05
6.003573108376710984e-05
6.001600358468843667e-05
5.999554957226097419e-05
5.997434232717019701e-05
5.995235402770734859e-05
5.992955570040503195e-05
5.990591716566760137e-05
5.988140698341495069e-05
5.985599239314270796e-05
5.982963925406062811e-05
5.980231197899945911e-05
5.977397346848421962e-05
5.974458503784964303e-05
5.971410634464245404e-05
5.968249530825117601e-05
5.964970802998510968e-05
5.961569870446818849e-05
5.958041953169958429e-05
5.954382061940631261e-05
5.950584988613969551e-05
5.946645295479975580e-05
5.942557304405658426e-05
5.938315085337631682e-05
5.933912444274734170e-05
5.929342910671080635e-05
5.924599724248905298e-05
5.919675821201145959e-05
5.914563819764695485e-05
5.909256005146359541e-05
5.903744313785525173e-05
5.898020316939590641e-05
5.892075203581330730e-05
5.885899762600930015e-05
5.879484364310140249e-05
5.872818941251554292e-05
5.865892968323171801e-05
5.858695442236680002e-05
5.851214860338306247e-05
5.843439198833328215e-05
5.835355890470314642e-05
5.826951801758667839e-05
5.818213209814533562e-05
5.809125778955096008e-05
5.799674537191372518e-05
5.789843852805269086e-05
5.779617411238643503e-05
5.768978192572301195e-05
5.757908449931700001e-05
5.746389689226229035e-05
5.734402650711352601e-05
0.000000000000000000e+00
8.982595219509398733e-05
6.050325060680577431e-05
6.050316170011038017e-05
6.050301130256040256e-05
6.050279753547486061e-05
6.050248481306385819e-05
6.050217209065282867e-05
6.050172062509879390e-05
6.050126915954474557e-05
6.050059209433178203e-05
6.049991502911877784e-05
6.049923796390582108e-05
6.049856089869283044e-05
6.049755108148848712e-05
6.049654126428416414e-05
6.049553144707980727e-05
6.049452162987547751e-05
6.049323596656250426e-05
6.049195030324954457e-05
6.049046536549922013e-05
6.048898042774890924e-05
6.048728374736194293e-05
6.048558706697498339e-05
6.048366536238146667e-05
6.048174365778793640e-05
6.047958277490523920e-05
6.047742189202255555e-05
6.047500674006914143e-05
6.047259158811570698e-05
6.046990607038032497e-05
6.046722055264491585e-05
6.046424749125045746e-05
6.046127442985599907e-05
6.045799548451321606e-05
6.045471653917040594e-05
6.045111211876401500e-05
6.044750769835756984e-05
6.044355686535018187e-05
6.043960603234274648e-05
6.043528639860222827e-05
6.043096676486171007e-05
6.042625437888361946e-05
6.042154199290556272e-05
6.041641121674357106e-05
6.041128044058160650e-05
6.040570381644137478e-05
6.040012719230114307e-05
6.039407529675046120e-05
6.038802340119979966e-05
6.038146468692834421e-05
6.037490597265690909e-05
6.036780659529585106e-05
6.036070721793479981e-05
6.035303084784071691e-05
6.034535447774664078e-05
6.033706209371287731e-05
6.032876970967910029e-05
6.031981937444406370e-05
6.031086903920904066e-05
6.030121565304723600e-05
6.029156226688545166e-05
6.028135154466622168e-05
6.027075233124177606e-05
6.025975132509075853e-05
6.024833471894324615e-05
6.023648817856432227e-05
6.022419681978502987e-05
6.021144518523784594e-05
6.019821721915123751e-05
6.018449624182360544e-05
6.017026492194637449e-05
6.015550524857906121e-05
6.014019850073958496e-05
6.012432521661864539e-05
6.010786516014678989e-05
6.009079728715829339e-05
6.007309970861359090e-05
6.005474965339101744e-05
6.003572342780936003e-05
6.001599637469246293e-05
5.999554282879785935e-05
5.997433607176314312e-05
5.995234828300580659e-05
5.992955049012023910e-05
5.990591251476910637e-05
5.988140291805822972e-05
5.985598894089114825e-05
5.982963644380451094e-05
5.980230984120710847e-05
5.977397203511092245e-05
5.974458434262254367e-05
5.971410642295785318e-05
5.968249619749825313e-05
5.964970976943020480e-05
5.961570133562337669e-05
5.958042309819154824e-05
5.954382516739721630e-05
5.950585546422112895e-05
5.946645961430347413e-05
5.942558083919022277e-05
5.938315984140919609e-05
5.933913468420987949e-05
5.929344066560861363e-05
5.924601018653321850e-05
5.919677261286607998e-05
5.914565413119545536e-05
5.909257759809566401e-05
5.903746238277566053e-05
5.898022420295763278e-05
5.892077495387679784e-05
5.885902253033022200e-05
5.879487064174932160e-05
5.872821862032659874e-05
5.865896122229779521e-05
5.858698842256514092e-05
5.851218520294952538e-05
5.843443133448353500e-05
5.835360115430607828e-05
5.826956333789502980e-05
5.818218066758881952e-05
5.809130979859800607e-05
5.799680102400795915e-05
5.789849804063195625e-05
5.779623771799177582e-05
5.768984987320669751e-05
5.757915705515925472e-05
5.746397434200740750e-05
5.734410915693707525e-05
0.000000000000000000e+00
8.982593537048945225e-05
6.050323378260507066e-05
6.050314487718739523e-05
6.050299448182186815e-05
6.050278071786304330e-05
6.050246800006191944e-05
6.050215528226080236e-05
6.050170382342443003e-05
6.050125236458806448e-05
6.050057530958075698e-05
6.049989825457344948e-05
6.049922119956614876e-05
6.049854414455884804e-05
6.049753434283800272e-05
6.049652454111713708e-05
6.049551473939629177e-05
6.049450493767543290e-05
6.049321929431798669e-05
6.049193365096057435e-05
6.049044873646315423e-05
6.048896382196574767e-05
6.048726716838017097e-05
6.048557051479461460e-05
6.048364884083489823e-05
6.048172716687522929e-05
6.047956631875246031e-05
6.047740547062973199e-05
6.047499035789520371e-05
6.047257524516070932e-05
6.046988977144756081e-05
6.046720429773441908e-05
6.046423128555681009e-05
6.046125827337921465e-05
6.045797938285291421e-05
6.045470049232660700e-05
6.045109613279753784e-05
6.044749177326844158e-05
6.044354100767706318e-05
6.043959024208563058e-05
6.043527068284521763e-05
6.043095112360477757e-05
6.042623881977640774e-05
6.042152651594803113e-05
6.041639583023246152e-05
6.041126514451685802e-05
6.040568861979134512e-05
6.040011209506582543e-05
6.039406030866859996e-05
6.038800852227139482e-05
6.038144992769261339e-05
6.037489133311387939e-05
6.036779208690546490e-05
6.036069284069703686e-05
6.035301661417334445e-05
6.034534038764962494e-05
6.033704816070859764e-05
6.032875593376759745e-05
6.031980577029831325e-05
6.031085560682904938e-05
6.030120240843690537e-05
6.029154921004475459e-05
6.028133868845101767e-05
6.027073968474644779e-05
6.025973889778989129e-05
6.024832252075520950e-05
6.023647621982627920e-05
6.022418511132367419e-05
6.021143373834186358e-05
6.019820604564993146e-05
6.018448535405658556e-05
6.017025433285108648e-05
6.015549497165719671e-05
6.014018855015496463e-05
6.012431560715972588e-05
6.010785590733633765e-05
6.009078840721160223e-05
6.007309121856134243e-05
6.005474157103288398e-05
6.003571577185167120e-05
6.001598916469650275e-05
5.999553608533476483e-05
5.997432981635609600e-05
5.995234253830427138e-05
5.992954527983550722e-05
5.990590786387062493e-05
5.988139885270151553e-05
5.985598548863958177e-05
5.982963363354840055e-05
5.980230770341476461e-05
5.977397060173764560e-05
5.974458364739543075e-05
5.971410650127321844e-05
5.968249708674535058e-05
5.964971150887532025e-05
5.961570396677855134e-05
5.958042666468349186e-05
5.954382971538814032e-05
5.950586104230258950e-05
5.946646627380717214e-05
5.942558863432388162e-05
5.938316882944208214e-05
5.933914492567242405e-05
5.929345222450642090e-05
5.924602313057738401e-05
5.919678701372070714e-05
5.914567006474398298e-05
5.909259514472773938e-05
5.903748162769605577e-05
5.898024523651934560e-05
5.892079787194029515e-05
5.885904743465113031e-05
5.879489764039728136e-05
5.872824782813764778e-05
5.865899276136387242e-05
5.858702242276347504e-05
5.851222180251599507e-05
5.843447068063378785e-05
5.835364340390901015e-05
5.826960865820338798e-05
5.818222923703232375e-05
5.809136180764504529e-05
5.799685667610219989e-05
5.789855755321122164e-05
5.779630132359711662e-05
5.768991782069038984e-05
5.757922961100154331e-05
5.746405179175250431e-05
5.734419180676065837e-05
0.000000000000000000e+00
8.982591854588491717e-05
6.050321695840432635e-05
6.050312805426443739e-05
6.050297766108334052e-05
6.050276390025121243e-05
6.050245118705998068e-05
6.050213847386878960e-05
6.050168702175007295e-05
6.050123556963135630e-05
6.050055852482975227e-05
6.049988148002812791e-05
6.049920443522650355e-05
6.049852739042486564e-05
6.049751760418753865e-05
6.049650781795011680e-05
6.049549803171277627e-05
6.049448824547539507e-05
6.049320262207349622e-05
6.049191699867161092e-05
6.049043210742709512e-05
6.048894721618257932e-05
6.048725058939839901e-05
6.048555396261423226e-05
6.048363231928835689e-05
6.048171067596248151e-05
6.047954986259970175e-05
6.047738904923692877e-05
6.047497397572129311e-05
6.047255890220567777e-05
6.046987347251479665e-05
6.046718804282395619e-05
6.046421507986318304e-05
6.046124211690241668e-05
6.045796328119261914e-05
6.045468444548280805e-05
6.045108014683104713e-05
6.044747584817929299e-05
6.044352515000393772e-05
6.043957445182856890e-05
6.043525496708821376e-05
6.043093548234785184e-05
6.042622326066918246e-05
6.042151103899052664e-05
6.041638044372132487e-05
6.041124984845211633e-05
6.040567342314132223e-05
6.040009699783052135e-05
6.039404532058673873e-05
6.038799364334296289e-05
6.038143516845688257e-05
6.037487669357084291e-05
6.036777757851504486e-05
6.036067846345926713e-05
6.035300238050595167e-05
6.034532629755260909e-05
6.033703422770434507e-05
6.032874215785606072e-05
6.031979216615258313e-05
6.031084217444906487e-05
6.030118916382656120e-05
6.029153615320405752e-05
6.028132583223582721e-05
6.027072703825111952e-05
6.025972647048906470e-05
6.024831032256717286e-05
6.023646426108824291e-05
6.022417340286229142e-05
6.021142229144584734e-05
6.019819487214863219e-05
6.018447446628953857e-05
6.017024374375577815e-05
6.015548469473533898e-05
6.014017859957033075e-05
6.012430599770080637e-05
6.010784665452587863e-05
6.009077952726491785e-05
6.007308272850912106e-05
6.005473348867473697e-05
6.003570811589394848e-05
6.001598195470053579e-05
5.999552934187165677e-05
5.997432356094904889e-05
5.995233679360272938e-05
5.992954006955074147e-05
5.990590321297214349e-05
5.988139478734478101e-05
5.985598203638801528e-05
5.982963082329227660e-05
5.980230556562242752e-05
5.977396916836436876e-05
5.974458295216833817e-05
5.971410657958859048e-05
5.968249797599243448e-05
5.964971324832042893e-05
5.961570659793371922e-05
5.958043023117546260e-05
5.954383426337904402e-05
5.950586662038402294e-05
5.946647293331088369e-05
5.942559642945750658e-05
5.938317781747498852e-05
5.933915516713493473e-05
5.929346378340420785e-05
5.924603607462156985e-05
5.919680141457531398e-05
5.914568599829251059e-05
5.909261269135980120e-05
5.903750087261644424e-05
5.898026627008107198e-05
5.892082079000377892e-05
5.885907233897203861e-05
5.879492463904522758e-05
5.872827703594871038e-05
5.865902430042996317e-05
5.858705642296181595e-05
5.851225840208245797e-05
5.843451002678404747e-05
5.835368565351192846e-05
5.826965397851173261e-05
5.818227780647581442e-05
5.809141381669207096e-05
5.799691232819644742e-05
5.789861706579048703e-05
5.779636492920244386e-05
5.768998576817409573e-05
5.757930216684379801e-05
5.746412924149760790e-05
5.734427445658421438e-05
0.000000000000000000e+00
8.982590172128040919e-05
6.050320013420362947e-05
6.050311123134143211e-05
6.050296084034482644e-05
6.050274708263938834e-05
6.050243437405806226e-05
6.050212166547677006e-05
6.050167022007573619e-05
6.050121877467469554e-05
6.050054174007871366e-05
6.049986470548277245e-05
6.049918767088684478e-05
6.049851063629086968e-05
6.049750086553701360e-05
6.049649109478313040e-05
6.049548132402924043e-05
6.049447155327535724e-05
6.049318594982899220e-05
6.049190034638264070e-05
6.049041547839103600e-05
6.048893061039941097e-05
6.048723401041664738e-05
6.048553741043385669e-05
6.048361579774181554e-05
6.048169418504979473e-05
6.047953340644693642e-05
6.047737262784407133e-05
6.047495759354736217e-05
6.047254255925065301e-05
6.046985717358204605e-05
6.046717178791345942e-05
6.046419887416953567e-05
6.046122596042561871e-05
6.045794717953231729e-05
6.045466839863901587e-05
6.045106416086457675e-05
6.044745992309015118e-05
6.044350929233081903e-05
6.043955866157144622e-05
6.043523925133120311e-05
6.043091984109092612e-05
6.042620770156198430e-05
6.042149556203303570e-05
6.041636505721020178e-05
6.041123455238738818e-05
6.040565822649130611e-05
6.040008190059521727e-05
6.039403033250486394e-05
6.038797876441452417e-05
6.038142040922116530e-05
6.037486205402780643e-05
6.036776307012463837e-05
6.036066408622148385e-05
6.035298814683855888e-05
6.034531220745561358e-05
6.033702029470007895e-05
6.032872838194455788e-05
6.031977856200680557e-05
6.031082874206909392e-05
6.030117591921622380e-05
6.029152309636334690e-05
6.028131297602062319e-05
6.027071439175582513e-05
6.025971404318824489e-05
6.024829812437915654e-05
6.023645230235021340e-05
6.022416169440091542e-05
6.021141084454984465e-05
6.019818369864733969e-05
6.018446357852251868e-05
6.017023315466050369e-05
6.015547441781349481e-05
6.014016864898570364e-05
6.012429638824192752e-05
6.010783740171540606e-05
6.009077064731824702e-05
6.007307423845688614e-05
6.005472540631660351e-05
6.003570045993619867e-05
6.001597474470458238e-05
5.999552259840854870e-05
5.997431730554198822e-05
5.995233104890120772e-05
5.992953485926601637e-05
5.990589856207366882e-05
5.988139072198807360e-05
5.985597858413646235e-05
5.982962801303614588e-05
5.980230342783007011e-05
5.977396773499108514e-05
5.974458225694123881e-05
5.971410665790395574e-05
5.968249886523953194e-05
5.964971498776552405e-05
5.961570922908890742e-05
5.958043379766743333e-05
5.954383881136995449e-05
5.950587219846546994e-05
5.946647959281460880e-05
5.942560422459116542e-05
5.938318680550787456e-05
5.933916540859747251e-05
5.929347534230203546e-05
5.924604901866573536e-05
5.919681581542992759e-05
5.914570193184104499e-05
5.909263023799186980e-05
5.903752011753685982e-05
5.898028730364279158e-05
5.892084370806727623e-05
5.885909724329296724e-05
5.879495163769315346e-05
5.872830624375975265e-05
5.865905583949603360e-05
5.858709042316015007e-05
5.851229500164894121e-05
5.843454937293429354e-05
5.835372790311487388e-05
5.826969929882007046e-05
5.818232637591934576e-05
5.809146582573911696e-05
5.799696798029069494e-05
5.789867657836975242e-05
5.779642853480780498e-05
5.769005371565778128e-05
5.757937472268609338e-05
5.746420669124272505e-05
5.734435710640779072e-05
0.000000000000000000e+00
8.982588489667587411e-05
6.050318331000291905e-05
6.050309440841844717e-05
6.050294401960630558e-05
6.050273026502753714e-05
6.050241756105613706e-05
6.050210485708475052e-05
6.050165341840137232e-05
6.050120197971798057e-05
6.050052495532773605e-05
6.049984793093744409e-05
6.049917090654716569e-05
6.049849388215690083e-05
6.049748412688651564e-05
6.049647437161611690e-05
6.049546461634570460e-05
6.049445486107531264e-05
6.049316927758450173e-05
6.049188369409366371e-05
6.049039884935494978e-05
6.048891400461626973e-05
6.048721743143488220e-05
6.048552085825349467e-05
6.048359927619527420e-05
6.048167769413706051e-05
6.047951695029417786e-05
6.047735620645127488e-05
6.047494121137343801e-05
6.047252621629562147e-05
6.046984087464930222e-05
6.046715553300297620e-05
6.046418266847590185e-05
6.046120980394882751e-05
6.045793107787202899e-05
6.045465235179519660e-05
6.045104817489809959e-05
6.044744399800099582e-05
6.044349343465768679e-05
6.043954287131437098e-05
6.043522353557417891e-05
6.043090419983399361e-05
6.042619214245475903e-05
6.042148008507552444e-05
6.041634967069909224e-05
6.041121925632264648e-05
6.040564302984127644e-05
6.040006680335989963e-05
6.039401534442299593e-05
6.038796388548608546e-05
6.038140564998542093e-05
6.037484741448477673e-05
6.036774856173424543e-05
6.036064970898372768e-05
6.035297391317115932e-05
6.034529811735861129e-05
6.033700636169581283e-05
6.032871460603302116e-05
6.031976495786104834e-05
6.031081530968908908e-05
6.030116267460587285e-05
6.029151003952263628e-05
6.028130011980543273e-05
6.027070174526048330e-05
6.025970161588741153e-05
6.024828592619111312e-05
6.023644034361215678e-05
6.022414998593956652e-05
6.021139939765384196e-05
6.019817252514604041e-05
6.018445269075547847e-05
6.017022256556521569e-05
6.015546414089162353e-05
6.014015869840106976e-05
6.012428677878300123e-05
6.010782814890495382e-05
6.009076176737157619e-05
6.007306574840466477e-05
6.005471732395845650e-05
6.003569280397848273e-05
6.001596753470858831e-05
5.999551585494544741e-05
5.997431105013494110e-05
5.995232530419967928e-05
5.992952964898125062e-05
5.990589391117520093e-05
5.988138665663133230e-05
5.985597513188490264e-05
5.982962520278002194e-05
5.980230129003772624e-05
5.977396630161780153e-05
5.974458156171413267e-05
5.971410673621933455e-05
5.968249975448661584e-05
5.964971672721063273e-05
5.961571186024407530e-05
5.958043736415939050e-05
5.954384335936085818e-05
5.950587777654691693e-05
5.946648625231833391e-05
5.942561201972478360e-05
5.938319579354076061e-05
5.933917565005999674e-05
5.929348690119983596e-05
5.924606196270990088e-05
5.919683021628454120e-05
5.914571786538956583e-05
5.909264778462395873e-05
5.903753936245724829e-05
5.898030833720450440e-05
5.892086662613076677e-05
5.885912214761388232e-05
5.879497863634109968e-05
5.872833545157082202e-05
5.865908737856211758e-05
5.858712442335849775e-05
5.851233160121541090e-05
5.843458871908455994e-05
5.835377015271779898e-05
5.826974461912841509e-05
5.818237494536283643e-05
5.809151783478615618e-05
5.799702363238492891e-05
5.789873609094903814e-05
5.779649214041312545e-05
5.769012166314147361e-05
5.757944727852835486e-05
5.746428414098782186e-05
5.734443975623135351e-05
0.000000000000000000e+00
