 1.24270E+03
 1.24270E+03
 1.24270E+03
 1.24270E+03
 1.24270E+03
 1.24270E+03
 1.24270E+03
 1.24270E+03
 1.24270E+03
 1.24270E+03
 1.24270E+03
 1.24270E+03
 1.24270E+03
 1.24270E+03
 1.24270E+03
 1.24270E+03
 1.24270E+03
 1.24270E+03
 1.24270E+03
 1.24270E+03
 1.24270E+03
 1.24270E+03
 1.24270E+03
 1.24270E+03
 1.24270E+03
 1.24270E+03
 1.24270E+03
 1.24270E+03
 1.24270E+03
 1.24270E+03
 1.24270E+03
 1.24270E+03
 1.24270E+03
 1.24270E+03
 1.24270E+03
 1.24270E+03
 1.24270E+03
 1.24270E+03
 1.24270E+03
 1.24270E+03
 1.24270E+03
 1.24270E+03
 1.24270E+03
 1.24270E+03
 1.24270E+03
 1.24270E+03
 1.24269E+03
 1.40561E+03
 2.69834E+03
 2.86396E+03
 2.89670E+03
 2.90270E+03
 2.90374E+03
 2.90391E+03
 2.90394E+03
 2.90394E+03
 2.90394E+03
 2.90394E+03
 2.90394E+03
 2.90394E+03
 2.90394E+03
 2.90394E+03
 2.90394E+03
 2.90394E+03
 2.90394E+03
 2.90394E+03
 2.90394E+03
 2.90394E+03
 2.90394E+03
 2.90394E+03
 2.90394E+03
 2.90394E+03
 2.90394E+03
 2.90394E+03
 2.90394E+03
 2.90394E+03
 2.90394E+03
 2.90394E+03
 2.90394E+03
 2.90394E+03
 2.90394E+03
 2.90394E+03
 2.90393E+03
 2.90393E+03
 2.90393E+03
 2.90393E+03
 2.90393E+03
 2.90393E+03
 2.90393E+03
 2.90393E+03
 2.90393E+03
 2.90393E+03
 2.90393E+03
 2.90393E+03
 2.90393E+03
 2.90393E+03
 2.90393E+03
 2.90393E+03
 2.90393E+03
 2.90393E+03
 2.90393E+03
 2.90393E+03
 2.90393E+03
 2.90393E+03
 2.90393E+03
 2.90393E+03
 2.90393E+03
 2.90393E+03
 2.90393E+03
 2.90393E+03
 2.90393E+03
 2.90393E+03
 2.90393E+03
 2.90393E+03
 2.90393E+03
 2.90393E+03
 2.90393E+03
 2.90393E+03
 2.90393E+03
 2.90393E+03
 1.24270E+03
 1.24270E+03
 1.24270E+03
 1.24270E+03
 1.24270E+03
 1.24270E+03
 1.24270E+03
 1.24270E+03
 1.24270E+03
 1.24270E+03
 1.24270E+03
 1.24270E+03
 1.24270E+03
 1.24270E+03
 1.24270E+03
 1.24270E+03
 1.24270E+03
 1.24270E+03
 1.24270E+03
 1.24270E+03
 1.24270E+03
 1.24270E+03
 1.24270E+03
 1.24270E+03
 1.24270E+03
 1.24270E+03
 1.24270E+03
 1.24270E+03
 1.24270E+03
 1.24270E+03
 1.24270E+03
 1.24270E+03
 1.24270E+03
 1.24270E+03
 1.24270E+03
 1.24270E+03
 1.24270E+03
 1.24270E+03
 1.24270E+03
 1.24270E+03
 1.24270E+03
 1.24270E+03
 1.24270E+03
 1.24270E+03
 1.24270E+03
 1.24270E+03
 1.24269E+03
 1.47700E+03
 2.70975E+03
 2.86703E+03
 2.89732E+03
 2.90281E+03
 2.90376E+03
 2.90391E+03
 2.90394E+03
 2.90394E+03
 2.90394E+03
 2.90394E+03
 2.90394E+03
 2.90394E+03
 2.90394E+03
 2.90394E+03
 2.90394E+03
 2.90394E+03
 2.90394E+03
 2.90394E+03
 2.90394E+03
 2.90394E+03
 2.90394E+03
 2.90394E+03
 2.90394E+03
 2.90394E+03
 2.90394E+03
 2.90394E+03
 2.90394E+03
 2.90394E+03
 2.90394E+03
 2.90394E+03
 2.90394E+03
 2.90394E+03
 2.90394E+03
 2.90394E+03
 2.90393E+03
 2.90393E+03
 2.90393E+03
 2.90393E+03
 2.90393E+03
 2.90393E+03
 2.90393E+03
 2.90393E+03
 2.90393E+03
 2.90393E+03
 2.90393E+03
 2.90393E+03
 2.90393E+03
 2.90393E+03
 2.90393E+03
 2.90393E+03
 2.90393E+03
 2.90393E+03
 2.90393E+03
 2.90393E+03
 2.90393E+03
 2.90393E+03
 2.90393E+03
 2.90393E+03
 2.90393E+03
 2.90393E+03
 2.90393E+03
 2.90393E+03
 2.90393E+03
 2.90393E+03
 2.90393E+03
 2.90393E+03
 2.90393E+03
 2.90393E+03
 2.90393E+03
 2.90393E+03
 2.90393E+03
 2.90393E+03
 1.24270E+03
 1.24270E+03
 1.24270E+03
 1.24270E+03
 1.24270E+03
 1.24270E+03
 1.24270E+03
 1.24270E+03
 1.24270E+03
 1.24270E+03
 1.24270E+03
 1.24270E+03
 1.24270E+03
 1.24270E+03
 1.24270E+03
 1.24270E+03
 1.24270E+03
 1.24270E+03
 1.24270E+03
 1.24270E+03
 1.24270E+03
 1.24270E+03
 1.24270E+03
 1.24270E+03
 1.24270E+03
 1.24270E+03
 1.24270E+03
 1.24270E+03
 1.24270E+03
 1.24270E+03
 1.24270E+03
 1.24270E+03
 1.24270E+03
 1.24270E+03
 1.24270E+03
 1.24270E+03
 1.24270E+03
 1.24270E+03
 1.24270E+03
 1.24270E+03
 1.24270E+03
 1.24270E+03
 1.24270E+03
 1.24270E+03
 1.24270E+03
 1.24270E+03
 1.24269E+03
 1.56705E+03
 2.72381E+03
 2.87065E+03
 2.89804E+03
 2.90293E+03
 2.90378E+03
 2.90392E+03
 2.90394E+03
 2.90394E+03
 2.90394E+03
 2.90394E+03
 2.90394E+03
 2.90394E+03
 2.90394E+03
 2.90394E+03
 2.90394E+03
 2.90394E+03
 2.90394E+03
 2.90394E+03
 2.90394E+03
 2.90394E+03
 2.90394E+03
 2.90394E+03
 2.90394E+03
 2.90394E+03
 2.90394E+03
 2.90394E+03
 2.90394E+03
 2.90394E+03
 2.90394E+03
 2.90394E+03
 2.90394E+03
 2.90394E+03
 2.90394E+03
 2.90394E+03
 2.90393E+03
 2.90393E+03
 2.90393E+03
 2.90393E+03
 2.90393E+03
 2.90393E+03
 2.90393E+03
 2.90393E+03
 2.90393E+03
 2.90393E+03
 2.90393E+03
 2.90393E+03
 2.90393E+03
 2.90393E+03
 2.90393E+03
 2.90393E+03
 2.90393E+03
 2.90393E+03
 2.90393E+03
 2.90393E+03
 2.90393E+03
 2.90393E+03
 2.90393E+03
 2.90393E+03
 2.90393E+03
 2.90393E+03
 2.90393E+03
 2.90393E+03
 2.90393E+03
 2.90393E+03
 2.90393E+03
 2.90393E+03
 2.90393E+03
 2.90393E+03
 2.90393E+03
 2.90393E+03
 2.90393E+03
 2.90393E+03
 1.24270E+03
 1.24270E+03
 1.24270E+03
 1.24270E+03
 1.24270E+03
 1.24270E+03
 1.24270E+03
 1.24270E+03
 1.24270E+03
 1.24270E+03
 1.24270E+03
 1.24270E+03
 1.24270E+03
 1.24270E+03
 1.24270E+03
 1.24270E+03
 1.24270E+03
 1.24270E+03
 1.24270E+03
 1.24270E+03
 1.24270E+03
 1.24270E+03
 1.24270E+03
 1.24270E+03
 1.24270E+03
 1.24270E+03
 1.24270E+03
 1.24270E+03
 1.24270E+03
 1.24270E+03
 1.24270E+03
 1.24270E+03
 1.24270E+03
 1.24270E+03
 1.24270E+03
 1.24270E+03
 1.24270E+03
 1.24270E+03
 1.24270E+03
 1.24270E+03
 1.24270E+03
 1.24270E+03
 1.24270E+03
 1.24270E+03
 1.24270E+03
 1.24270E+03
 1.24269E+03
 1.67734E+03
 2.74148E+03
 2.87477E+03
 2.89882E+03
 2.90307E+03
 2.90380E+03
 2.90392E+03
 2.90394E+03
 2.90394E+03
 2.90394E+03
 2.90394E+03
 2.90394E+03
 2.90394E+03
 2.90394E+03
 2.90394E+03
 2.90394E+03
 2.90394E+03
 2.90394E+03
 2.90394E+03
 2.90394E+03
 2.90394E+03
 2.90394E+03
 2.90394E+03
 2.90394E+03
 2.90394E+03
 2.90394E+03
 2.90394E+03
 2.90394E+03
 2.90394E+03
 2.90394E+03
 2.90394E+03
 2.90394E+03
 2.90394E+03
 2.90394E+03
 2.90394E+03
 2.90393E+03
 2.90393E+03
 2.90393E+03
 2.90393E+03
 2.90393E+03
 2.90393E+03
 2.90393E+03
 2.90393E+03
 2.90393E+03
 2.90393E+03
 2.90393E+03
 2.90393E+03
 2.90393E+03
 2.90393E+03
 2.90393E+03
 2.90393E+03
 2.90393E+03
 2.90393E+03
 2.90393E+03
 2.90393E+03
 2.90393E+03
 2.90393E+03
 2.90393E+03
 2.90393E+03
 2.90393E+03
 2.90393E+03
 2.90393E+03
 2.90393E+03
 2.90393E+03
 2.90393E+03
 2.90393E+03
 2.90393E+03
 2.90393E+03
 2.90393E+03
 2.90393E+03
 2.90393E+03
 2.90393E+03
 2.90393E+03
 1.24270E+03
 1.24270E+03
 1.24270E+03
 1.24270E+03
 1.24270E+03
 1.24270E+03
 1.24270E+03
 1.24270E+03
 1.24270E+03
 1.24270E+03
 1.24270E+03
 1.24270E+03
 1.24270E+03
 1.24270E+03
 1.24270E+03
 1.24270E+03
 1.24270E+03
 1.24270E+03
 1.24270E+03
 1.24270E+03
 1.24270E+03
 1.24270E+03
 1.24270E+03
 1.24270E+03
 1.24270E+03
 1.24270E+03
 1.24270E+03
 1.24270E+03
 1.24270E+03
 1.24270E+03
 1.24270E+03
 1.24270E+03
 1.24270E+03
 1.24270E+03
 1.24270E+03
 1.24270E+03
 1.24270E+03
 1.24270E+03
 1.24270E+03
 1.24270E+03
 1.24270E+03
 1.24270E+03
 1.24270E+03
 1.24270E+03
 1.24270E+03
 1.24270E+03
 1.24269E+03
 1.80921E+03
 2.76208E+03
 2.87921E+03
 2.89964E+03
 2.90321E+03
 2.90382E+03
 2.90392E+03
 2.90394E+03
 2.90394E+03
 2.90394E+03
 2.90394E+03
 2.90394E+03
 2.90394E+03
 2.90394E+03
 2.90394E+03
 2.90394E+03
 2.90394E+03
 2.90394E+03
 2.90394E+03
 2.90394E+03
 2.90394E+03
 2.90394E+03
 2.90394E+03
 2.90394E+03
 2.90394E+03
 2.90394E+03
 2.90394E+03
 2.90394E+03
 2.90394E+03
 2.90394E+03
 2.90394E+03
 2.90394E+03
 2.90394E+03
 2.90394E+03
 2.90394E+03
 2.90393E+03
 2.90393E+03
 2.90393E+03
 2.90393E+03
 2.90393E+03
 2.90393E+03
 2.90393E+03
 2.90393E+03
 2.90393E+03
 2.90393E+03
 2.90393E+03
 2.90393E+03
 2.90393E+03
 2.90393E+03
 2.90393E+03
 2.90393E+03
 2.90393E+03
 2.90393E+03
 2.90393E+03
 2.90393E+03
 2.90393E+03
 2.90393E+03
 2.90393E+03
 2.90393E+03
 2.90393E+03
 2.90393E+03
 2.90393E+03
 2.90393E+03
 2.90393E+03
 2.90393E+03
 2.90393E+03
 2.90393E+03
 2.90393E+03
 2.90393E+03
 2.90393E+03
 2.90393E+03
 2.90393E+03
 2.90393E+03
 1.24270E+03
 1.24270E+03
 1.24270E+03
 1.24270E+03
 1.24270E+03
 1.24270E+03
 1.24270E+03
 1.24270E+03
 1.24270E+03
 1.24270E+03
 1.24270E+03
 1.24270E+03
 1.24270E+03
 1.24270E+03
 1.24270E+03
 1.24270E+03
 1.24270E+03
 1.24270E+03
 1.24270E+03
 1.24270E+03
 1.24270E+03
 1.24270E+03
 1.24270E+03
 1.24270E+03
 1.24270E+03
 1.24270E+03
 1.24270E+03
 1.24270E+03
 1.24270E+03
 1.24270E+03
 1.24270E+03
 1.24270E+03
 1.24270E+03
 1.24270E+03
 1.24270E+03
 1.24270E+03
 1.24270E+03
 1.24270E+03
 1.24270E+03
 1.24270E+03
 1.24270E+03
 1.24270E+03
 1.24270E+03
 1.24270E+03
 1.24270E+03
 1.24270E+03
 1.24269E+03
 1.96385E+03
 2.78511E+03
 2.88373E+03
 2.90044E+03
 2.90335E+03
 2.90385E+03
 2.90393E+03
 2.90394E+03
 2.90394E+03
 2.90394E+03
 2.90394E+03
 2.90394E+03
 2.90394E+03
 2.90394E+03
 2.90394E+03
 2.90394E+03
 2.90394E+03
 2.90394E+03
 2.90394E+03
 2.90394E+03
 2.90394E+03
 2.90394E+03
 2.90394E+03
 2.90394E+03
 2.90394E+03
 2.90394E+03
 2.90394E+03
 2.90394E+03
 2.90394E+03
 2.90394E+03
 2.90394E+03
 2.90394E+03
 2.90394E+03
 2.90394E+03
 2.90394E+03
 2.90393E+03
 2.90393E+03
 2.90393E+03
 2.90393E+03
 2.90393E+03
 2.90393E+03
 2.90393E+03
 2.90393E+03
 2.90393E+03
 2.90393E+03
 2.90393E+03
 2.90393E+03
 2.90393E+03
 2.90393E+03
 2.90393E+03
 2.90393E+03
 2.90393E+03
 2.90393E+03
 2.90393E+03
 2.90393E+03
 2.90393E+03
 2.90393E+03
 2.90393E+03
 2.90393E+03
 2.90393E+03
 2.90393E+03
 2.90393E+03
 2.90393E+03
 2.90393E+03
 2.90393E+03
 2.90393E+03
 2.90393E+03
 2.90393E+03
 2.90393E+03
 2.90393E+03
 2.90393E+03
 2.90393E+03
 2.90393E+03
 1.24270E+03
 1.24270E+03
 1.24270E+03
 1.24270E+03
 1.24270E+03
 1.24270E+03
 1.24270E+03
 1.24270E+03
 1.24270E+03
 1.24270E+03
 1.24270E+03
 1.24270E+03
 1.24270E+03
 1.24270E+03
 1.24270E+03
 1.24270E+03
 1.24270E+03
 1.24270E+03
 1.24270E+03
 1.24270E+03
 1.24270E+03
 1.24270E+03
 1.24270E+03
 1.24270E+03
 1.24270E+03
 1.24270E+03
 1.24270E+03
 1.24270E+03
 1.24270E+03
 1.24270E+03
 1.24270E+03
 1.24270E+03
 1.24270E+03
 1.24270E+03
 1.24270E+03
 1.24270E+03
 1.24270E+03
 1.24270E+03
 1.24270E+03
 1.24270E+03
 1.24270E+03
 1.24270E+03
 1.24270E+03
 1.24270E+03
 1.24270E+03
 1.24270E+03
 1.24269E+03
 2.14292E+03
 2.81012E+03
 2.88802E+03
 2.90118E+03
 2.90348E+03
 2.90387E+03
 2.90393E+03
 2.90394E+03
 2.90394E+03
 2.90394E+03
 2.90394E+03
 2.90394E+03
 2.90394E+03
 2.90394E+03
 2.90394E+03
 2.90394E+03
 2.90394E+03
 2.90394E+03
 2.90394E+03
 2.90394E+03
 2.90394E+03
 2.90394E+03
 2.90394E+03
 2.90394E+03
 2.90394E+03
 2.90394E+03
 2.90394E+03
 2.90394E+03
 2.90394E+03
 2.90394E+03
 2.90394E+03
 2.90394E+03
 2.90394E+03
 2.90394E+03
 2.90393E+03
 2.90393E+03
 2.90393E+03
 2.90393E+03
 2.90393E+03
 2.90393E+03
 2.90393E+03
 2.90393E+03
 2.90393E+03
 2.90393E+03
 2.90393E+03
 2.90393E+03
 2.90393E+03
 2.90393E+03
 2.90393E+03
 2.90393E+03
 2.90393E+03
 2.90393E+03
 2.90393E+03
 2.90393E+03
 2.90393E+03
 2.90393E+03
 2.90393E+03
 2.90393E+03
 2.90393E+03
 2.90393E+03
 2.90393E+03
 2.90393E+03
 2.90393E+03
 2.90393E+03
 2.90393E+03
 2.90393E+03
 2.90393E+03
 2.90393E+03
 2.90393E+03
 2.90393E+03
 2.90393E+03
 2.90393E+03
 2.90393E+03
 1.24270E+03
 1.24270E+03
 1.24270E+03
 1.24270E+03
 1.24270E+03
 1.24270E+03
 1.24270E+03
 1.24270E+03
 1.24270E+03
 1.24270E+03
 1.24270E+03
 1.24270E+03
 1.24270E+03
 1.24270E+03
 1.24270E+03
 1.24270E+03
 1.24270E+03
 1.24270E+03
 1.24270E+03
 1.24270E+03
 1.24270E+03
 1.24270E+03
 1.24270E+03
 1.24270E+03
 1.24270E+03
 1.24270E+03
 1.24270E+03
 1.24270E+03
 1.24270E+03
 1.24270E+03
 1.24270E+03
 1.24270E+03
 1.24270E+03
 1.24270E+03
 1.24270E+03
 1.24270E+03
 1.24270E+03
 1.24270E+03
 1.24270E+03
 1.24270E+03
 1.24270E+03
 1.24270E+03
 1.24270E+03
 1.24270E+03
 1.24270E+03
 1.24270E+03
 1.24272E+03
 2.35067E+03
 2.83410E+03
 2.89178E+03
 2.90184E+03
 2.90360E+03
 2.90389E+03
 2.90393E+03
 2.90394E+03
 2.90394E+03
 2.90394E+03
 2.90394E+03
 2.90394E+03
 2.90394E+03
 2.90394E+03
 2.90394E+03
 2.90394E+03
 2.90394E+03
 2.90394E+03
 2.90394E+03
 2.90394E+03
 2.90394E+03
 2.90394E+03
 2.90394E+03
 2.90394E+03
 2.90394E+03
 2.90394E+03
 2.90394E+03
 2.90394E+03
 2.90394E+03
 2.90394E+03
 2.90394E+03
 2.90394E+03
 2.90394E+03
 2.90394E+03
 2.90393E+03
 2.90393E+03
 2.90393E+03
 2.90393E+03
 2.90393E+03
 2.90393E+03
 2.90393E+03
 2.90393E+03
 2.90393E+03
 2.90393E+03
 2.90393E+03
 2.90393E+03
 2.90393E+03
 2.90393E+03
 2.90393E+03
 2.90393E+03
 2.90393E+03
 2.90393E+03
 2.90393E+03
 2.90393E+03
 2.90393E+03
 2.90393E+03
 2.90393E+03
 2.90393E+03
 2.90393E+03
 2.90393E+03
 2.90393E+03
 2.90393E+03
 2.90393E+03
 2.90393E+03
 2.90393E+03
 2.90393E+03
 2.90393E+03
 2.90393E+03
 2.90393E+03
 2.90393E+03
 2.90393E+03
 2.90393E+03
 2.90393E+03
 1.24270E+03
 1.24270E+03
 1.24270E+03
 1.24270E+03
 1.24270E+03
 1.24270E+03
 1.24270E+03
 1.24270E+03
 1.24270E+03
 1.24270E+03
 1.24270E+03
 1.24270E+03
 1.24270E+03
 1.24270E+03
 1.24270E+03
 1.24270E+03
 1.24270E+03
 1.24270E+03
 1.24270E+03
 1.24270E+03
 1.24270E+03
 1.24270E+03
 1.24270E+03
 1.24270E+03
 1.24270E+03
 1.24270E+03
 1.24270E+03
 1.24270E+03
 1.24270E+03
 1.24270E+03
 1.24270E+03
 1.24270E+03
 1.24270E+03
 1.24270E+03
 1.24270E+03
 1.24270E+03
 1.24270E+03
 1.24270E+03
 1.24270E+03
 1.24270E+03
 1.24270E+03
 1.24270E+03
 1.24270E+03
 1.24270E+03
 1.24270E+03
 1.24269E+03
 1.24478E+03
 2.59042E+03
 2.85380E+03
 2.89486E+03
 2.90239E+03
 2.90369E+03
 2.90390E+03
 2.90394E+03
 2.90394E+03
 2.90394E+03
 2.90394E+03
 2.90394E+03
 2.90394E+03
 2.90394E+03
 2.90394E+03
 2.90394E+03
 2.90394E+03
 2.90394E+03
 2.90394E+03
 2.90394E+03
 2.90394E+03
 2.90394E+03
 2.90394E+03
 2.90394E+03
 2.90394E+03
 2.90394E+03
 2.90394E+03
 2.90394E+03
 2.90394E+03
 2.90394E+03
 2.90394E+03
 2.90394E+03
 2.90394E+03
 2.90394E+03
 2.90393E+03
 2.90393E+03
 2.90393E+03
 2.90393E+03
 2.90393E+03
 2.90393E+03
 2.90393E+03
 2.90393E+03
 2.90393E+03
 2.90393E+03
 2.90393E+03
 2.90393E+03
 2.90393E+03
 2.90393E+03
 2.90393E+03
 2.90393E+03
 2.90393E+03
 2.90393E+03
 2.90393E+03
 2.90393E+03
 2.90393E+03
 2.90393E+03
 2.90393E+03
 2.90393E+03
 2.90393E+03
 2.90393E+03
 2.90393E+03
 2.90393E+03
 2.90393E+03
 2.90393E+03
 2.90393E+03
 2.90393E+03
 2.90393E+03
 2.90393E+03
 2.90393E+03
 2.90393E+03
 2.90393E+03
 2.90393E+03
 2.90393E+03
 2.90393E+03
 1.24270E+03
 1.24270E+03
 1.24270E+03
 1.24270E+03
 1.24270E+03
 1.24270E+03
 1.24270E+03
 1.24270E+03
 1.24270E+03
 1.24270E+03
 1.24270E+03
 1.24270E+03
 1.24270E+03
 1.24270E+03
 1.24270E+03
 1.24270E+03
 1.24270E+03
 1.24270E+03
 1.24270E+03
 1.24270E+03
 1.24270E+03
 1.24270E+03
 1.24270E+03
 1.24270E+03
 1.24270E+03
 1.24270E+03
 1.24270E+03
 1.24270E+03
 1.24270E+03
 1.24270E+03
 1.24270E+03
 1.24270E+03
 1.24270E+03
 1.24270E+03
 1.24270E+03
 1.24270E+03
 1.24270E+03
 1.24270E+03
 1.24270E+03
 1.24270E+03
 1.24270E+03
 1.24270E+03
 1.24270E+03
 1.24270E+03
 1.24270E+03
 1.24269E+03
 1.42547E+03
 2.70482E+03
 2.86635E+03
 2.89736E+03
 2.90285E+03
 2.90377E+03
 2.90392E+03
 2.90394E+03
 2.90394E+03
 2.90394E+03
 2.90394E+03
 2.90394E+03
 2.90394E+03
 2.90394E+03
 2.90394E+03
 2.90394E+03
 2.90394E+03
 2.90394E+03
 2.90394E+03
 2.90394E+03
 2.90394E+03
 2.90394E+03
 2.90394E+03
 2.90394E+03
 2.90394E+03
 2.90394E+03
 2.90394E+03
 2.90394E+03
 2.90394E+03
 2.90394E+03
 2.90394E+03
 2.90394E+03
 2.90394E+03
 2.90394E+03
 2.90393E+03
 2.90393E+03
 2.90393E+03
 2.90393E+03
 2.90393E+03
 2.90393E+03
 2.90393E+03
 2.90393E+03
 2.90393E+03
 2.90393E+03
 2.90393E+03
 2.90393E+03
 2.90393E+03
 2.90393E+03
 2.90393E+03
 2.90393E+03
 2.90393E+03
 2.90393E+03
 2.90393E+03
 2.90393E+03
 2.90393E+03
 2.90393E+03
 2.90393E+03
 2.90393E+03
 2.90393E+03
 2.90393E+03
 2.90393E+03
 2.90393E+03
 2.90393E+03
 2.90393E+03
 2.90393E+03
 2.90393E+03
 2.90393E+03
 2.90393E+03
 2.90393E+03
 2.90393E+03
 2.90393E+03
 2.90393E+03
 2.90393E+03
 2.90393E+03
 1.24270E+03
 1.24270E+03
 1.24270E+03
 1.24270E+03
 1.24270E+03
 1.24270E+03
 1.24270E+03
 1.24270E+03
 1.24270E+03
 1.24270E+03
 1.24270E+03
 1.24270E+03
 1.24270E+03
 1.24270E+03
 1.24270E+03
 1.24270E+03
 1.24270E+03
 1.24270E+03
 1.24270E+03
 1.24270E+03
 1.24270E+03
 1.24270E+03
 1.24270E+03
 1.24270E+03
 1.24270E+03
 1.24270E+03
 1.24270E+03
 1.24270E+03
 1.24270E+03
 1.24270E+03
 1.24270E+03
 1.24270E+03
 1.24270E+03
 1.24270E+03
 1.24270E+03
 1.24270E+03
 1.24270E+03
 1.24270E+03
 1.24270E+03
 1.24270E+03
 1.24270E+03
 1.24270E+03
 1.24270E+03
 1.24270E+03
 1.24270E+03
 1.24269E+03
 1.72051E+03
 2.74886E+03
 2.87704E+03
 2.89940E+03
 2.90320E+03
 2.90383E+03
 2.90392E+03
 2.90394E+03
 2.90394E+03
 2.90394E+03
 2.90394E+03
 2.90394E+03
 2.90394E+03
 2.90394E+03
 2.90394E+03
 2.90394E+03
 2.90394E+03
 2.90394E+03
 2.90394E+03
 2.90394E+03
 2.90394E+03
 2.90394E+03
 2.90394E+03
 2.90394E+03
 2.90394E+03
 2.90394E+03
 2.90394E+03
 2.90394E+03
 2.90394E+03
 2.90394E+03
 2.90394E+03
 2.90394E+03
 2.90394E+03
 2.90393E+03
 2.90393E+03
 2.90393E+03
 2.90393E+03
 2.90393E+03
 2.90393E+03
 2.90393E+03
 2.90393E+03
 2.90393E+03
 2.90393E+03
 2.90393E+03
 2.90393E+03
 2.90393E+03
 2.90393E+03
 2.90393E+03
 2.90393E+03
 2.90393E+03
 2.90393E+03
 2.90393E+03
 2.90393E+03
 2.90393E+03
 2.90393E+03
 2.90393E+03
 2.90393E+03
 2.90393E+03
 2.90393E+03
 2.90393E+03
 2.90393E+03
 2.90393E+03
 2.90393E+03
 2.90393E+03
 2.90393E+03
 2.90393E+03
 2.90393E+03
 2.90393E+03
 2.90393E+03
 2.90393E+03
 2.90393E+03
 2.90393E+03
 2.90393E+03
 2.90393E+03
 1.24270E+03
 1.24270E+03
 1.24270E+03
 1.24270E+03
 1.24270E+03
 1.24270E+03
 1.24270E+03
 1.24270E+03
 1.24270E+03
 1.24270E+03
 1.24270E+03
 1.24270E+03
 1.24270E+03
 1.24270E+03
 1.24270E+03
 1.24270E+03
 1.24270E+03
 1.24270E+03
 1.24270E+03
 1.24270E+03
 1.24270E+03
 1.24270E+03
 1.24270E+03
 1.24270E+03
 1.24270E+03
 1.24270E+03
 1.24270E+03
 1.24270E+03
 1.24270E+03
 1.24270E+03
 1.24270E+03
 1.24270E+03
 1.24270E+03
 1.24270E+03
 1.24270E+03
 1.24270E+03
 1.24270E+03
 1.24270E+03
 1.24270E+03
 1.24270E+03
 1.24270E+03
 1.24270E+03
 1.24270E+03
 1.24270E+03
 1.24270E+03
 1.24269E+03
 2.01266E+03
 2.79386E+03
 2.88595E+03
 2.90095E+03
 2.90346E+03
 2.90387E+03
 2.90393E+03
 2.90394E+03
 2.90394E+03
 2.90394E+03
 2.90394E+03
 2.90394E+03
 2.90394E+03
 2.90394E+03
 2.90394E+03
 2.90394E+03
 2.90394E+03
 2.90394E+03
 2.90394E+03
 2.90394E+03
 2.90394E+03
 2.90394E+03
 2.90394E+03
 2.90394E+03
 2.90394E+03
 2.90394E+03
 2.90394E+03
 2.90394E+03
 2.90394E+03
 2.90394E+03
 2.90394E+03
 2.90394E+03
 2.90393E+03
 2.90393E+03
 2.90393E+03
 2.90393E+03
 2.90393E+03
 2.90393E+03
 2.90393E+03
 2.90393E+03
 2.90393E+03
 2.90393E+03
 2.90393E+03
 2.90393E+03
 2.90393E+03
 2.90393E+03
 2.90393E+03
 2.90393E+03
 2.90393E+03
 2.90393E+03
 2.90393E+03
 2.90393E+03
 2.90393E+03
 2.90393E+03
 2.90393E+03
 2.90393E+03
 2.90393E+03
 2.90393E+03
 2.90393E+03
 2.90393E+03
 2.90393E+03
 2.90393E+03
 2.90393E+03
 2.90393E+03
 2.90393E+03
 2.90393E+03
 2.90393E+03
 2.90393E+03
 2.90393E+03
 2.90393E+03
 2.90393E+03
 2.90393E+03
 2.90393E+03
 2.90393E+03
 1.24270E+03
 1.24270E+03
 1.24270E+03
 1.24270E+03
 1.24270E+03
 1.24270E+03
 1.24270E+03
 1.24270E+03
 1.24270E+03
 1.24270E+03
 1.24270E+03
 1.24270E+03
 1.24270E+03
 1.24270E+03
 1.24270E+03
 1.24270E+03
 1.24270E+03
 1.24270E+03
 1.24270E+03
 1.24270E+03
 1.24270E+03
 1.24270E+03
 1.24270E+03
 1.24270E+03
 1.24270E+03
 1.24270E+03
 1.24270E+03
 1.24270E+03
 1.24270E+03
 1.24270E+03
 1.24270E+03
 1.24270E+03
 1.24270E+03
 1.24270E+03
 1.24270E+03
 1.24270E+03
 1.24270E+03
 1.24270E+03
 1.24270E+03
 1.24270E+03
 1.24270E+03
 1.24270E+03
 1.24270E+03
 1.24270E+03
 1.24270E+03
 1.24269E+03
 2.33314E+03
 2.83489E+03
 2.89250E+03
 2.90204E+03
 2.90364E+03
 2.90390E+03
 2.90393E+03
 2.90394E+03
 2.90394E+03
 2.90394E+03
 2.90394E+03
 2.90394E+03
 2.90394E+03
 2.90394E+03
 2.90394E+03
 2.90394E+03
 2.90394E+03
 2.90394E+03
 2.90394E+03
 2.90394E+03
 2.90394E+03
 2.90394E+03
 2.90394E+03
 2.90394E+03
 2.90394E+03
 2.90394E+03
 2.90394E+03
 2.90394E+03
 2.90394E+03
 2.90394E+03
 2.90394E+03
 2.90394E+03
 2.90393E+03
 2.90393E+03
 2.90393E+03
 2.90393E+03
 2.90393E+03
 2.90393E+03
 2.90393E+03
 2.90393E+03
 2.90393E+03
 2.90393E+03
 2.90393E+03
 2.90393E+03
 2.90393E+03
 2.90393E+03
 2.90393E+03
 2.90393E+03
 2.90393E+03
 2.90393E+03
 2.90393E+03
 2.90393E+03
 2.90393E+03
 2.90393E+03
 2.90393E+03
 2.90393E+03
 2.90393E+03
 2.90393E+03
 2.90393E+03
 2.90393E+03
 2.90393E+03
 2.90393E+03
 2.90393E+03
 2.90393E+03
 2.90393E+03
 2.90393E+03
 2.90393E+03
 2.90393E+03
 2.90393E+03
 2.90393E+03
 2.90393E+03
 2.90393E+03
 2.90393E+03
 2.90393E+03
 1.24270E+03
 1.24270E+03
 1.24270E+03
 1.24270E+03
 1.24270E+03
 1.24270E+03
 1.24270E+03
 1.24270E+03
 1.24270E+03
 1.24270E+03
 1.24270E+03
 1.24270E+03
 1.24270E+03
 1.24270E+03
 1.24270E+03
 1.24270E+03
 1.24270E+03
 1.24270E+03
 1.24270E+03
 1.24270E+03
 1.24270E+03
 1.24270E+03
 1.24270E+03
 1.24270E+03
 1.24270E+03
 1.24270E+03
 1.24270E+03
 1.24270E+03
 1.24270E+03
 1.24270E+03
 1.24270E+03
 1.24270E+03
 1.24270E+03
 1.24270E+03
 1.24270E+03
 1.24270E+03
 1.24270E+03
 1.24270E+03
 1.24270E+03
 1.24270E+03
 1.24270E+03
 1.24270E+03
 1.24270E+03
 1.24270E+03
 1.24269E+03
 1.25531E+03
 2.67956E+03
 2.86257E+03
 2.89677E+03
 2.90278E+03
 2.90376E+03
 2.90391E+03
 2.90394E+03
 2.90394E+03
 2.90394E+03
 2.90394E+03
 2.90394E+03
 2.90394E+03
 2.90394E+03
 2.90394E+03
 2.90394E+03
 2.90394E+03
 2.90394E+03
 2.90394E+03
 2.90394E+03
 2.90394E+03
 2.90394E+03
 2.90394E+03
 2.90394E+03
 2.90394E+03
 2.90394E+03
 2.90394E+03
 2.90394E+03
 2.90394E+03
 2.90394E+03
 2.90394E+03
 2.90394E+03
 2.90393E+03
 2.90393E+03
 2.90393E+03
 2.90393E+03
 2.90393E+03
 2.90393E+03
 2.90393E+03
 2.90393E+03
 2.90393E+03
 2.90393E+03
 2.90393E+03
 2.90393E+03
 2.90393E+03
 2.90393E+03
 2.90393E+03
 2.90393E+03
 2.90393E+03
 2.90393E+03
 2.90393E+03
 2.90393E+03
 2.90393E+03
 2.90393E+03
 2.90393E+03
 2.90393E+03
 2.90393E+03
 2.90393E+03
 2.90393E+03
 2.90393E+03
 2.90393E+03
 2.90393E+03
 2.90393E+03
 2.90393E+03
 2.90393E+03
 2.90393E+03
 2.90393E+03
 2.90393E+03
 2.90393E+03
 2.90393E+03
 2.90393E+03
 2.90393E+03
 2.90393E+03
 2.90393E+03
 2.90393E+03
 1.24270E+03
 1.24270E+03
 1.24270E+03
 1.24270E+03
 1.24270E+03
 1.24270E+03
 1.24270E+03
 1.24270E+03
 1.24270E+03
 1.24270E+03
 1.24270E+03
 1.24270E+03
 1.24270E+03
 1.24270E+03
 1.24270E+03
 1.24270E+03
 1.24270E+03
 1.24270E+03
 1.24270E+03
 1.24270E+03
 1.24270E+03
 1.24270E+03
 1.24270E+03
 1.24270E+03
 1.24270E+03
 1.24270E+03
 1.24270E+03
 1.24270E+03
 1.24270E+03
 1.24270E+03
 1.24270E+03
 1.24270E+03
 1.24270E+03
 1.24270E+03
 1.24270E+03
 1.24270E+03
 1.24270E+03
 1.24270E+03
 1.24270E+03
 1.24270E+03
 1.24270E+03
 1.24270E+03
 1.24270E+03
 1.24270E+03
 1.24269E+03
 1.72149E+03
 2.74939E+03
 2.87761E+03
 2.89963E+03
 2.90326E+03
 2.90384E+03
 2.90393E+03
 2.90394E+03
 2.90394E+03
 2.90394E+03
 2.90394E+03
 2.90394E+03
 2.90394E+03
 2.90394E+03
 2.90394E+03
 2.90394E+03
 2.90394E+03
 2.90394E+03
 2.90394E+03
 2.90394E+03
 2.90394E+03
 2.90394E+03
 2.90394E+03
 2.90394E+03
 2.90394E+03
 2.90394E+03
 2.90394E+03
 2.90394E+03
 2.90394E+03
 2.90394E+03
 2.90394E+03
 2.90393E+03
 2.90393E+03
 2.90393E+03
 2.90393E+03
 2.90393E+03
 2.90393E+03
 2.90393E+03
 2.90393E+03
 2.90393E+03
 2.90393E+03
 2.90393E+03
 2.90393E+03
 2.90393E+03
 2.90393E+03
 2.90393E+03
 2.90393E+03
 2.90393E+03
 2.90393E+03
 2.90393E+03
 2.90393E+03
 2.90393E+03
 2.90393E+03
 2.90393E+03
 2.90393E+03
 2.90393E+03
 2.90393E+03
 2.90393E+03
 2.90393E+03
 2.90393E+03
 2.90393E+03
 2.90393E+03
 2.90393E+03
 2.90393E+03
 2.90393E+03
 2.90393E+03
 2.90393E+03
 2.90393E+03
 2.90393E+03
 2.90393E+03
 2.90393E+03
 2.90393E+03
 2.90393E+03
 2.90393E+03
 2.90393E+03
 1.24270E+03
 1.24270E+03
 1.24270E+03
 1.24270E+03
 1.24270E+03
 1.24270E+03
 1.24270E+03
 1.24270E+03
 1.24270E+03
 1.24270E+03
 1.24270E+03
 1.24270E+03
 1.24270E+03
 1.24270E+03
 1.24270E+03
 1.24270E+03
 1.24270E+03
 1.24270E+03
 1.24270E+03
 1.24270E+03
 1.24270E+03
 1.24270E+03
 1.24270E+03
 1.24270E+03
 1.24270E+03
 1.24270E+03
 1.24270E+03
 1.24270E+03
 1.24270E+03
 1.24270E+03
 1.24270E+03
 1.24270E+03
 1.24270E+03
 1.24270E+03
 1.24270E+03
 1.24270E+03
 1.24270E+03
 1.24270E+03
 1.24270E+03
 1.24270E+03
 1.24270E+03
 1.24270E+03
 1.24270E+03
 1.24270E+03
 1.24269E+03
 2.09690E+03
 2.80711E+03
 2.88870E+03
 2.90150E+03
 2.90356E+03
 2.90388E+03
 2.90393E+03
 2.90394E+03
 2.90394E+03
 2.90394E+03
 2.90394E+03
 2.90394E+03
 2.90394E+03
 2.90394E+03
 2.90394E+03
 2.90394E+03
 2.90394E+03
 2.90394E+03
 2.90394E+03
 2.90394E+03
 2.90394E+03
 2.90394E+03
 2.90394E+03
 2.90394E+03
 2.90394E+03
 2.90394E+03
 2.90394E+03
 2.90394E+03
 2.90394E+03
 2.90394E+03
 2.90393E+03
 2.90393E+03
 2.90393E+03
 2.90393E+03
 2.90393E+03
 2.90393E+03
 2.90393E+03
 2.90393E+03
 2.90393E+03
 2.90393E+03
 2.90393E+03
 2.90393E+03
 2.90393E+03
 2.90393E+03
 2.90393E+03
 2.90393E+03
 2.90393E+03
 2.90393E+03
 2.90393E+03
 2.90393E+03
 2.90393E+03
 2.90393E+03
 2.90393E+03
 2.90393E+03
 2.90393E+03
 2.90393E+03
 2.90393E+03
 2.90393E+03
 2.90393E+03
 2.90393E+03
 2.90393E+03
 2.90393E+03
 2.90393E+03
 2.90393E+03
 2.90393E+03
 2.90393E+03
 2.90393E+03
 2.90393E+03
 2.90393E+03
 2.90393E+03
 2.90393E+03
 2.90393E+03
 2.90393E+03
 2.90393E+03
 2.90393E+03
 1.24270E+03
 1.24270E+03
 1.24270E+03
 1.24270E+03
 1.24270E+03
 1.24270E+03
 1.24270E+03
 1.24270E+03
 1.24270E+03
 1.24270E+03
 1.24270E+03
 1.24270E+03
 1.24270E+03
 1.24270E+03
 1.24270E+03
 1.24270E+03
 1.24270E+03
 1.24270E+03
 1.24270E+03
 1.24270E+03
 1.24270E+03
 1.24270E+03
 1.24270E+03
 1.24270E+03
 1.24270E+03
 1.24270E+03
 1.24270E+03
 1.24270E+03
 1.24270E+03
 1.24270E+03
 1.24270E+03
 1.24270E+03
 1.24270E+03
 1.24270E+03
 1.24270E+03
 1.24270E+03
 1.24270E+03
 1.24270E+03
 1.24270E+03
 1.24270E+03
 1.24270E+03
 1.24270E+03
 1.24270E+03
 1.24270E+03
 1.24286E+03
 2.50815E+03
 2.85332E+03
 2.89561E+03
 2.90261E+03
 2.90374E+03
 2.90391E+03
 2.90394E+03
 2.90394E+03
 2.90394E+03
 2.90394E+03
 2.90394E+03
 2.90394E+03
 2.90394E+03
 2.90394E+03
 2.90394E+03
 2.90394E+03
 2.90394E+03
 2.90394E+03
 2.90394E+03
 2.90394E+03
 2.90394E+03
 2.90394E+03
 2.90394E+03
 2.90394E+03
 2.90394E+03
 2.90394E+03
 2.90394E+03
 2.90394E+03
 2.90394E+03
 2.90393E+03
 2.90393E+03
 2.90393E+03
 2.90393E+03
 2.90393E+03
 2.90393E+03
 2.90393E+03
 2.90393E+03
 2.90393E+03
 2.90393E+03
 2.90393E+03
 2.90393E+03
 2.90393E+03
 2.90393E+03
 2.90393E+03
 2.90393E+03
 2.90393E+03
 2.90393E+03
 2.90393E+03
 2.90393E+03
 2.90393E+03
 2.90393E+03
 2.90393E+03
 2.90393E+03
 2.90393E+03
 2.90393E+03
 2.90393E+03
 2.90393E+03
 2.90393E+03
 2.90393E+03
 2.90393E+03
 2.90393E+03
 2.90393E+03
 2.90393E+03
 2.90393E+03
 2.90393E+03
 2.90393E+03
 2.90393E+03
 2.90393E+03
 2.90393E+03
 2.90393E+03
 2.90393E+03
 2.90393E+03
 2.90393E+03
 2.90393E+03
 2.90393E+03
 1.24270E+03
 1.24270E+03
 1.24270E+03
 1.24270E+03
 1.24270E+03
 1.24270E+03
 1.24270E+03
 1.24270E+03
 1.24270E+03
 1.24270E+03
 1.24270E+03
 1.24270E+03
 1.24270E+03
 1.24270E+03
 1.24270E+03
 1.24270E+03
 1.24270E+03
 1.24270E+03
 1.24270E+03
 1.24270E+03
 1.24270E+03
 1.24270E+03
 1.24270E+03
 1.24270E+03
 1.24270E+03
 1.24270E+03
 1.24270E+03
 1.24270E+03
 1.24270E+03
 1.24270E+03
 1.24270E+03
 1.24270E+03
 1.24270E+03
 1.24270E+03
 1.24270E+03
 1.24270E+03
 1.24270E+03
 1.24270E+03
 1.24270E+03
 1.24270E+03
 1.24270E+03
 1.24270E+03
 1.24270E+03
 1.24269E+03
 1.58589E+03
 2.73892E+03
 2.87596E+03
 2.89944E+03
 2.90325E+03
 2.90384E+03
 2.90392E+03
 2.90394E+03
 2.90394E+03
 2.90394E+03
 2.90394E+03
 2.90394E+03
 2.90394E+03
 2.90394E+03
 2.90394E+03
 2.90394E+03
 2.90394E+03
 2.90394E+03
 2.90394E+03
 2.90394E+03
 2.90394E+03
 2.90394E+03
 2.90394E+03
 2.90394E+03
 2.90394E+03
 2.90394E+03
 2.90394E+03
 2.90394E+03
 2.90394E+03
 2.90393E+03
 2.90393E+03
 2.90393E+03
 2.90393E+03
 2.90393E+03
 2.90393E+03
 2.90393E+03
 2.90393E+03
 2.90393E+03
 2.90393E+03
 2.90393E+03
 2.90393E+03
 2.90393E+03
 2.90393E+03
 2.90393E+03
 2.90393E+03
 2.90393E+03
 2.90393E+03
 2.90393E+03
 2.90393E+03
 2.90393E+03
 2.90393E+03
 2.90393E+03
 2.90393E+03
 2.90393E+03
 2.90393E+03
 2.90393E+03
 2.90393E+03
 2.90393E+03
 2.90393E+03
 2.90393E+03
 2.90393E+03
 2.90393E+03
 2.90393E+03
 2.90393E+03
 2.90393E+03
 2.90393E+03
 2.90393E+03
 2.90393E+03
 2.90393E+03
 2.90393E+03
 2.90393E+03
 2.90393E+03
 2.90393E+03
 2.90393E+03
 2.90393E+03
 2.90393E+03
 1.24270E+03
 1.24270E+03
 1.24270E+03
 1.24270E+03
 1.24270E+03
 1.24270E+03
 1.24270E+03
 1.24270E+03
 1.24270E+03
 1.24270E+03
 1.24270E+03
 1.24270E+03
 1.24270E+03
 1.24270E+03
 1.24270E+03
 1.24270E+03
 1.24270E+03
 1.24270E+03
 1.24270E+03
 1.24270E+03
 1.24270E+03
 1.24270E+03
 1.24270E+03
 1.24270E+03
 1.24270E+03
 1.24270E+03
 1.24270E+03
 1.24270E+03
 1.24270E+03
 1.24270E+03
 1.24270E+03
 1.24270E+03
 1.24270E+03
 1.24270E+03
 1.24270E+03
 1.24270E+03
 1.24270E+03
 1.24270E+03
 1.24270E+03
 1.24270E+03
 1.24270E+03
 1.24270E+03
 1.24270E+03
 1.24269E+03
 2.10155E+03
 2.80846E+03
 2.88930E+03
 2.90167E+03
 2.90360E+03
 2.90389E+03
 2.90393E+03
 2.90394E+03
 2.90394E+03
 2.90394E+03
 2.90394E+03
 2.90394E+03
 2.90394E+03
 2.90394E+03
 2.90394E+03
 2.90394E+03
 2.90394E+03
 2.90394E+03
 2.90394E+03
 2.90394E+03
 2.90394E+03
 2.90394E+03
 2.90394E+03
 2.90394E+03
 2.90394E+03
 2.90394E+03
 2.90394E+03
 2.90394E+03
 2.90393E+03
 2.90393E+03
 2.90393E+03
 2.90393E+03
 2.90393E+03
 2.90393E+03
 2.90393E+03
 2.90393E+03
 2.90393E+03
 2.90393E+03
 2.90393E+03
 2.90393E+03
 2.90393E+03
 2.90393E+03
 2.90393E+03
 2.90393E+03
 2.90393E+03
 2.90393E+03
 2.90393E+03
 2.90393E+03
 2.90393E+03
 2.90393E+03
 2.90393E+03
 2.90393E+03
 2.90393E+03
 2.90393E+03
 2.90393E+03
 2.90393E+03
 2.90393E+03
 2.90393E+03
 2.90393E+03
 2.90393E+03
 2.90393E+03
 2.90393E+03
 2.90393E+03
 2.90393E+03
 2.90393E+03
 2.90393E+03
 2.90393E+03
 2.90393E+03
 2.90393E+03
 2.90393E+03
 2.90393E+03
 2.90393E+03
 2.90393E+03
 2.90393E+03
 2.90393E+03
 2.90393E+03
 1.24270E+03
 1.24270E+03
 1.24270E+03
 1.24270E+03
 1.24270E+03
 1.24270E+03
 1.24270E+03
 1.24270E+03
 1.24270E+03
 1.24270E+03
 1.24270E+03
 1.24270E+03
 1.24270E+03
 1.24270E+03
 1.24270E+03
 1.24270E+03
 1.24270E+03
 1.24270E+03
 1.24270E+03
 1.24270E+03
 1.24270E+03
 1.24270E+03
 1.24270E+03
 1.24270E+03
 1.24270E+03
 1.24270E+03
 1.24270E+03
 1.24270E+03
 1.24270E+03
 1.24270E+03
 1.24270E+03
 1.24270E+03
 1.24270E+03
 1.24270E+03
 1.24270E+03
 1.24270E+03
 1.24270E+03
 1.24270E+03
 1.24270E+03
 1.24270E+03
 1.24270E+03
 1.24270E+03
 1.24270E+03
 1.24314E+03
 2.56686E+03
 2.85975E+03
 2.89685E+03
 2.90284E+03
 2.90378E+03
 2.90392E+03
 2.90393E+03
 2.90394E+03
 2.90394E+03
 2.90394E+03
 2.90394E+03
 2.90394E+03
 2.90394E+03
 2.90394E+03
 2.90394E+03
 2.90394E+03
 2.90394E+03
 2.90394E+03
 2.90394E+03
 2.90394E+03
 2.90394E+03
 2.90394E+03
 2.90394E+03
 2.90394E+03
 2.90394E+03
 2.90394E+03
 2.90393E+03
 2.90393E+03
 2.90393E+03
 2.90393E+03
 2.90393E+03
 2.90393E+03
 2.90393E+03
 2.90393E+03
 2.90393E+03
 2.90393E+03
 2.90393E+03
 2.90393E+03
 2.90393E+03
 2.90393E+03
 2.90393E+03
 2.90393E+03
 2.90393E+03
 2.90393E+03
 2.90393E+03
 2.90393E+03
 2.90393E+03
 2.90393E+03
 2.90393E+03
 2.90393E+03
 2.90393E+03
 2.90393E+03
 2.90393E+03
 2.90393E+03
 2.90393E+03
 2.90393E+03
 2.90393E+03
 2.90393E+03
 2.90393E+03
 2.90393E+03
 2.90393E+03
 2.90393E+03
 2.90393E+03
 2.90393E+03
 2.90393E+03
 2.90393E+03
 2.90393E+03
 2.90393E+03
 2.90393E+03
 2.90393E+03
 2.90393E+03
 2.90393E+03
 2.90393E+03
 2.90393E+03
 2.90393E+03
 2.90393E+03
 1.24270E+03
 1.24270E+03
 1.24270E+03
 1.24270E+03
 1.24270E+03
 1.24270E+03
 1.24270E+03
 1.24270E+03
 1.24270E+03
 1.24270E+03
 1.24270E+03
 1.24270E+03
 1.24270E+03
 1.24270E+03
 1.24270E+03
 1.24270E+03
 1.24270E+03
 1.24270E+03
 1.24270E+03
 1.24270E+03
 1.24270E+03
 1.24270E+03
 1.24270E+03
 1.24270E+03
 1.24270E+03
 1.24270E+03
 1.24270E+03
 1.24270E+03
 1.24270E+03
 1.24270E+03
 1.24270E+03
 1.24270E+03
 1.24270E+03
 1.24270E+03
 1.24270E+03
 1.24270E+03
 1.24270E+03
 1.24270E+03
 1.24270E+03
 1.24270E+03
 1.24270E+03
 1.24270E+03
 1.24268E+03
 1.76780E+03
 2.76647E+03
 2.88204E+03
 2.90056E+03
 2.90344E+03
 2.90387E+03
 2.90393E+03
 2.90394E+03
 2.90394E+03
 2.90394E+03
 2.90394E+03
 2.90394E+03
 2.90394E+03
 2.90394E+03
 2.90394E+03
 2.90394E+03
 2.90394E+03
 2.90394E+03
 2.90394E+03
 2.90394E+03
 2.90394E+03
 2.90394E+03
 2.90394E+03
 2.90394E+03
 2.90394E+03
 2.90394E+03
 2.90393E+03
 2.90393E+03
 2.90393E+03
 2.90393E+03
 2.90393E+03
 2.90393E+03
 2.90393E+03
 2.90393E+03
 2.90393E+03
 2.90393E+03
 2.90393E+03
 2.90393E+03
 2.90393E+03
 2.90393E+03
 2.90393E+03
 2.90393E+03
 2.90393E+03
 2.90393E+03
 2.90393E+03
 2.90393E+03
 2.90393E+03
 2.90393E+03
 2.90393E+03
 2.90393E+03
 2.90393E+03
 2.90393E+03
 2.90393E+03
 2.90393E+03
 2.90393E+03
 2.90393E+03
 2.90393E+03
 2.90393E+03
 2.90393E+03
 2.90393E+03
 2.90393E+03
 2.90393E+03
 2.90393E+03
 2.90393E+03
 2.90393E+03
 2.90393E+03
 2.90393E+03
 2.90393E+03
 2.90393E+03
 2.90393E+03
 2.90393E+03
 2.90393E+03
 2.90393E+03
 2.90393E+03
 2.90393E+03
 2.90393E+03
 2.90393E+03
 1.24270E+03
 1.24270E+03
 1.24270E+03
 1.24270E+03
 1.24270E+03
 1.24270E+03
 1.24270E+03
 1.24270E+03
 1.24270E+03
 1.24270E+03
 1.24270E+03
 1.24270E+03
 1.24270E+03
 1.24270E+03
 1.24270E+03
 1.24270E+03
 1.24270E+03
 1.24270E+03
 1.24270E+03
 1.24270E+03
 1.24270E+03
 1.24270E+03
 1.24270E+03
 1.24270E+03
 1.24270E+03
 1.24270E+03
 1.24270E+03
 1.24270E+03
 1.24270E+03
 1.24270E+03
 1.24270E+03
 1.24270E+03
 1.24270E+03
 1.24270E+03
 1.24270E+03
 1.24270E+03
 1.24270E+03
 1.24270E+03
 1.24270E+03
 1.24270E+03
 1.24270E+03
 1.24270E+03
 1.24268E+03
 2.31560E+03
 2.83719E+03
 2.89401E+03
 2.90244E+03
 2.90372E+03
 2.90391E+03
 2.90393E+03
 2.90394E+03
 2.90394E+03
 2.90394E+03
 2.90394E+03
 2.90394E+03
 2.90394E+03
 2.90394E+03
 2.90394E+03
 2.90394E+03
 2.90394E+03
 2.90394E+03
 2.90394E+03
 2.90394E+03
 2.90394E+03
 2.90394E+03
 2.90394E+03
 2.90394E+03
 2.90393E+03
 2.90393E+03
 2.90393E+03
 2.90393E+03
 2.90393E+03
 2.90393E+03
 2.90393E+03
 2.90393E+03
 2.90393E+03
 2.90393E+03
 2.90393E+03
 2.90393E+03
 2.90393E+03
 2.90393E+03
 2.90393E+03
 2.90393E+03
 2.90393E+03
 2.90393E+03
 2.90393E+03
 2.90393E+03
 2.90393E+03
 2.90393E+03
 2.90393E+03
 2.90393E+03
 2.90393E+03
 2.90393E+03
 2.90393E+03
 2.90393E+03
 2.90393E+03
 2.90393E+03
 2.90393E+03
 2.90393E+03
 2.90393E+03
 2.90393E+03
 2.90393E+03
 2.90393E+03
 2.90393E+03
 2.90393E+03
 2.90393E+03
 2.90393E+03
 2.90393E+03
 2.90393E+03
 2.90393E+03
 2.90393E+03
 2.90393E+03
 2.90393E+03
 2.90393E+03
 2.90393E+03
 2.90393E+03
 2.90393E+03
 2.90393E+03
 2.90393E+03
 2.90393E+03
 1.24270E+03
 1.24270E+03
 1.24270E+03
 1.24270E+03
 1.24270E+03
 1.24270E+03
 1.24270E+03
 1.24270E+03
 1.24270E+03
 1.24270E+03
 1.24270E+03
 1.24270E+03
 1.24270E+03
 1.24270E+03
 1.24270E+03
 1.24270E+03
 1.24270E+03
 1.24270E+03
 1.24270E+03
 1.24270E+03
 1.24270E+03
 1.24270E+03
 1.24270E+03
 1.24270E+03
 1.24270E+03
 1.24270E+03
 1.24270E+03
 1.24270E+03
 1.24270E+03
 1.24270E+03
 1.24270E+03
 1.24270E+03
 1.24270E+03
 1.24270E+03
 1.24270E+03
 1.24270E+03
 1.24270E+03
 1.24270E+03
 1.24270E+03
 1.24270E+03
 1.24270E+03
 1.24268E+03
 1.43625E+03
 2.73118E+03
 2.87592E+03
 2.89963E+03
 2.90330E+03
 2.90385E+03
 2.90392E+03
 2.90393E+03
 2.90394E+03
 2.90394E+03
 2.90394E+03
 2.90394E+03
 2.90394E+03
 2.90394E+03
 2.90394E+03
 2.90394E+03
 2.90394E+03
 2.90394E+03
 2.90394E+03
 2.90394E+03
 2.90394E+03
 2.90394E+03
 2.90394E+03
 2.90393E+03
 2.90393E+03
 2.90393E+03
 2.90393E+03
 2.90393E+03
 2.90393E+03
 2.90393E+03
 2.90393E+03
 2.90393E+03
 2.90393E+03
 2.90393E+03
 2.90393E+03
 2.90393E+03
 2.90393E+03
 2.90393E+03
 2.90393E+03
 2.90393E+03
 2.90393E+03
 2.90393E+03
 2.90393E+03
 2.90393E+03
 2.90393E+03
 2.90393E+03
 2.90393E+03
 2.90393E+03
 2.90393E+03
 2.90393E+03
 2.90393E+03
 2.90393E+03
 2.90393E+03
 2.90393E+03
 2.90393E+03
 2.90393E+03
 2.90393E+03
 2.90393E+03
 2.90393E+03
 2.90393E+03
 2.90393E+03
 2.90393E+03
 2.90393E+03
 2.90393E+03
 2.90393E+03
 2.90393E+03
 2.90393E+03
 2.90393E+03
 2.90393E+03
 2.90393E+03
 2.90393E+03
 2.90393E+03
 2.90393E+03
 2.90393E+03
 2.90393E+03
 2.90393E+03
 2.90393E+03
 2.90393E+03
 1.24270E+03
 1.24270E+03
 1.24270E+03
 1.24270E+03
 1.24270E+03
 1.24270E+03
 1.24270E+03
 1.24270E+03
 1.24270E+03
 1.24270E+03
 1.24270E+03
 1.24270E+03
 1.24270E+03
 1.24270E+03
 1.24270E+03
 1.24270E+03
 1.24270E+03
 1.24270E+03
 1.24270E+03
 1.24270E+03
 1.24270E+03
 1.24270E+03
 1.24270E+03
 1.24270E+03
 1.24270E+03
 1.24270E+03
 1.24270E+03
 1.24270E+03
 1.24270E+03
 1.24270E+03
 1.24270E+03
 1.24270E+03
 1.24270E+03
 1.24270E+03
 1.24270E+03
 1.24270E+03
 1.24270E+03
 1.24270E+03
 1.24270E+03
 1.24270E+03
 1.24270E+03
 1.24268E+03
 2.19596E+03
 2.82206E+03
 2.89195E+03
 2.90217E+03
 2.90368E+03
 2.90390E+03
 2.90393E+03
 2.90393E+03
 2.90394E+03
 2.90394E+03
 2.90394E+03
 2.90394E+03
 2.90394E+03
 2.90394E+03
 2.90394E+03
 2.90394E+03
 2.90394E+03
 2.90394E+03
 2.90394E+03
 2.90394E+03
 2.90393E+03
 2.90393E+03
 2.90393E+03
 2.90393E+03
 2.90393E+03
 2.90393E+03
 2.90393E+03
 2.90393E+03
 2.90393E+03
 2.90393E+03
 2.90393E+03
 2.90393E+03
 2.90393E+03
 2.90393E+03
 2.90393E+03
 2.90393E+03
 2.90393E+03
 2.90393E+03
 2.90393E+03
 2.90393E+03
 2.90393E+03
 2.90393E+03
 2.90393E+03
 2.90393E+03
 2.90393E+03
 2.90393E+03
 2.90393E+03
 2.90393E+03
 2.90393E+03
 2.90393E+03
 2.90393E+03
 2.90393E+03
 2.90393E+03
 2.90393E+03
 2.90393E+03
 2.90393E+03
 2.90393E+03
 2.90393E+03
 2.90393E+03
 2.90393E+03
 2.90393E+03
 2.90393E+03
 2.90393E+03
 2.90393E+03
 2.90393E+03
 2.90393E+03
 2.90393E+03
 2.90393E+03
 2.90393E+03
 2.90393E+03
 2.90393E+03
 2.90393E+03
 2.90393E+03
 2.90393E+03
 2.90393E+03
 2.90393E+03
 2.90393E+03
 2.90393E+03
 1.24270E+03
 1.24270E+03
 1.24270E+03
 1.24270E+03
 1.24270E+03
 1.24270E+03
 1.24270E+03
 1.24270E+03
 1.24270E+03
 1.24270E+03
 1.24270E+03
 1.24270E+03
 1.24270E+03
 1.24270E+03
 1.24270E+03
 1.24270E+03
 1.24270E+03
 1.24270E+03
 1.24270E+03
 1.24270E+03
 1.24270E+03
 1.24270E+03
 1.24270E+03
 1.24270E+03
 1.24270E+03
 1.24270E+03
 1.24270E+03
 1.24270E+03
 1.24270E+03
 1.24270E+03
 1.24270E+03
 1.24270E+03
 1.24270E+03
 1.24270E+03
 1.24270E+03
 1.24270E+03
 1.24270E+03
 1.24270E+03
 1.24270E+03
 1.24270E+03
 1.24268E+03
 1.26537E+03
 2.71322E+03
 2.87280E+03
 2.89920E+03
 2.90325E+03
 2.90384E+03
 2.90392E+03
 2.90393E+03
 2.90393E+03
 2.90393E+03
 2.90394E+03
 2.90394E+03
 2.90394E+03
 2.90394E+03
 2.90394E+03
 2.90394E+03
 2.90394E+03
 2.90393E+03
 2.90393E+03
 2.90393E+03
 2.90393E+03
 2.90393E+03
 2.90393E+03
 2.90393E+03
 2.90393E+03
 2.90393E+03
 2.90393E+03
 2.90393E+03
 2.90393E+03
 2.90393E+03
 2.90393E+03
 2.90393E+03
 2.90393E+03
 2.90393E+03
 2.90393E+03
 2.90393E+03
 2.90393E+03
 2.90393E+03
 2.90393E+03
 2.90393E+03
 2.90393E+03
 2.90393E+03
 2.90393E+03
 2.90393E+03
 2.90393E+03
 2.90393E+03
 2.90393E+03
 2.90393E+03
 2.90393E+03
 2.90393E+03
 2.90393E+03
 2.90393E+03
 2.90393E+03
 2.90393E+03
 2.90393E+03
 2.90393E+03
 2.90393E+03
 2.90393E+03
 2.90393E+03
 2.90393E+03
 2.90393E+03
 2.90393E+03
 2.90393E+03
 2.90393E+03
 2.90393E+03
 2.90393E+03
 2.90393E+03
 2.90393E+03
 2.90393E+03
 2.90393E+03
 2.90393E+03
 2.90393E+03
 2.90393E+03
 2.90393E+03
 2.90393E+03
 2.90393E+03
 2.90393E+03
 2.90393E+03
 2.90393E+03
 1.24270E+03
 1.24270E+03
 1.24270E+03
 1.24270E+03
 1.24270E+03
 1.24270E+03
 1.24270E+03
 1.24270E+03
 1.24270E+03
 1.24270E+03
 1.24270E+03
 1.24270E+03
 1.24270E+03
 1.24270E+03
 1.24270E+03
 1.24270E+03
 1.24270E+03
 1.24270E+03
 1.24270E+03
 1.24270E+03
 1.24270E+03
 1.24270E+03
 1.24270E+03
 1.24270E+03
 1.24270E+03
 1.24270E+03
 1.24270E+03
 1.24270E+03
 1.24270E+03
 1.24270E+03
 1.24270E+03
 1.24270E+03
 1.24270E+03
 1.24270E+03
 1.24270E+03
 1.24270E+03
 1.24270E+03
 1.24270E+03
 1.24270E+03
 1.24270E+03
 1.24268E+03
 2.18073E+03
 2.81925E+03
 2.89161E+03
 2.90214E+03
 2.90368E+03
 2.90390E+03
 2.90393E+03
 2.90393E+03
 2.90393E+03
 2.90393E+03
 2.90393E+03
 2.90393E+03
 2.90393E+03
 2.90393E+03
 2.90393E+03
 2.90393E+03
 2.90393E+03
 2.90393E+03
 2.90393E+03
 2.90393E+03
 2.90393E+03
 2.90393E+03
 2.90393E+03
 2.90393E+03
 2.90393E+03
 2.90393E+03
 2.90393E+03
 2.90393E+03
 2.90393E+03
 2.90393E+03
 2.90393E+03
 2.90393E+03
 2.90393E+03
 2.90393E+03
 2.90393E+03
 2.90393E+03
 2.90393E+03
 2.90393E+03
 2.90393E+03
 2.90393E+03
 2.90393E+03
 2.90393E+03
 2.90393E+03
 2.90393E+03
 2.90393E+03
 2.90393E+03
 2.90393E+03
 2.90393E+03
 2.90393E+03
 2.90393E+03
 2.90393E+03
 2.90393E+03
 2.90393E+03
 2.90393E+03
 2.90393E+03
 2.90393E+03
 2.90393E+03
 2.90393E+03
 2.90393E+03
 2.90393E+03
 2.90393E+03
 2.90393E+03
 2.90393E+03
 2.90393E+03
 2.90393E+03
 2.90393E+03
 2.90393E+03
 2.90393E+03
 2.90393E+03
 2.90393E+03
 2.90393E+03
 2.90393E+03
 2.90393E+03
 2.90393E+03
 2.90393E+03
 2.90392E+03
 2.90392E+03
 2.90392E+03
 2.90392E+03
 1.24270E+03
 1.24270E+03
 1.24270E+03
 1.24270E+03
 1.24270E+03
 1.24270E+03
 1.24270E+03
 1.24270E+03
 1.24270E+03
 1.24270E+03
 1.24270E+03
 1.24270E+03
 1.24270E+03
 1.24270E+03
 1.24270E+03
 1.24270E+03
 1.24270E+03
 1.24270E+03
 1.24270E+03
 1.24270E+03
 1.24270E+03
 1.24270E+03
 1.24270E+03
 1.24270E+03
 1.24270E+03
 1.24270E+03
 1.24270E+03
 1.24270E+03
 1.24270E+03
 1.24270E+03
 1.24270E+03
 1.24270E+03
 1.24270E+03
 1.24270E+03
 1.24270E+03
 1.24270E+03
 1.24270E+03
 1.24270E+03
 1.24270E+03
 1.24268E+03
 1.26453E+03
 2.71631E+03
 2.87399E+03
 2.89947E+03
 2.90329E+03
 2.90384E+03
 2.90392E+03
 2.90393E+03
 2.90393E+03
 2.90393E+03
 2.90393E+03
 2.90393E+03
 2.90393E+03
 2.90393E+03
 2.90393E+03
 2.90393E+03
 2.90393E+03
 2.90393E+03
 2.90393E+03
 2.90393E+03
 2.90393E+03
 2.90393E+03
 2.90393E+03
 2.90393E+03
 2.90393E+03
 2.90393E+03
 2.90393E+03
 2.90393E+03
 2.90393E+03
 2.90393E+03
 2.90393E+03
 2.90393E+03
 2.90393E+03
 2.90393E+03
 2.90393E+03
 2.90393E+03
 2.90393E+03
 2.90393E+03
 2.90393E+03
 2.90393E+03
 2.90393E+03
 2.90393E+03
 2.90393E+03
 2.90393E+03
 2.90393E+03
 2.90393E+03
 2.90393E+03
 2.90393E+03
 2.90393E+03
 2.90393E+03
 2.90393E+03
 2.90393E+03
 2.90393E+03
 2.90393E+03
 2.90393E+03
 2.90393E+03
 2.90393E+03
 2.90393E+03
 2.90393E+03
 2.90393E+03
 2.90393E+03
 2.90393E+03
 2.90393E+03
 2.90393E+03
 2.90393E+03
 2.90393E+03
 2.90393E+03
 2.90393E+03
 2.90393E+03
 2.90392E+03
 2.90392E+03
 2.90392E+03
 2.90392E+03
 2.90392E+03
 2.90392E+03
 2.90392E+03
 2.90392E+03
 2.90392E+03
 2.90392E+03
 2.90392E+03
 1.24270E+03
 1.24270E+03
 1.24270E+03
 1.24270E+03
 1.24270E+03
 1.24270E+03
 1.24270E+03
 1.24270E+03
 1.24270E+03
 1.24270E+03
 1.24270E+03
 1.24270E+03
 1.24270E+03
 1.24270E+03
 1.24270E+03
 1.24270E+03
 1.24270E+03
 1.24270E+03
 1.24270E+03
 1.24270E+03
 1.24270E+03
 1.24270E+03
 1.24270E+03
 1.24270E+03
 1.24270E+03
 1.24270E+03
 1.24270E+03
 1.24270E+03
 1.24270E+03
 1.24270E+03
 1.24270E+03
 1.24270E+03
 1.24270E+03
 1.24270E+03
 1.24270E+03
 1.24270E+03
 1.24270E+03
 1.24270E+03
 1.24270E+03
 1.24268E+03
 2.25409E+03
 2.82884E+03
 2.89316E+03
 2.90239E+03
 2.90372E+03
 2.90390E+03
 2.90393E+03
 2.90393E+03
 2.90393E+03
 2.90393E+03
 2.90393E+03
 2.90393E+03
 2.90393E+03
 2.90393E+03
 2.90393E+03
 2.90393E+03
 2.90393E+03
 2.90393E+03
 2.90393E+03
 2.90393E+03
 2.90393E+03
 2.90393E+03
 2.90393E+03
 2.90393E+03
 2.90393E+03
 2.90393E+03
 2.90393E+03
 2.90393E+03
 2.90393E+03
 2.90393E+03
 2.90393E+03
 2.90393E+03
 2.90393E+03
 2.90393E+03
 2.90393E+03
 2.90393E+03
 2.90393E+03
 2.90393E+03
 2.90393E+03
 2.90393E+03
 2.90393E+03
 2.90393E+03
 2.90393E+03
 2.90393E+03
 2.90393E+03
 2.90393E+03
 2.90393E+03
 2.90393E+03
 2.90393E+03
 2.90393E+03
 2.90393E+03
 2.90393E+03
 2.90393E+03
 2.90393E+03
 2.90393E+03
 2.90393E+03
 2.90393E+03
 2.90393E+03
 2.90393E+03
 2.90393E+03
 2.90393E+03
 2.90393E+03
 2.90393E+03
 2.90393E+03
 2.90393E+03
 2.90392E+03
 2.90392E+03
 2.90392E+03
 2.90392E+03
 2.90392E+03
 2.90392E+03
 2.90392E+03
 2.90392E+03
 2.90392E+03
 2.90392E+03
 2.90392E+03
 2.90392E+03
 2.90392E+03
 2.90392E+03
 2.90392E+03
 1.24270E+03
 1.24270E+03
 1.24270E+03
 1.24270E+03
 1.24270E+03
 1.24270E+03
 1.24270E+03
 1.24270E+03
 1.24270E+03
 1.24270E+03
 1.24270E+03
 1.24270E+03
 1.24270E+03
 1.24270E+03
 1.24270E+03
 1.24270E+03
 1.24270E+03
 1.24270E+03
 1.24270E+03
 1.24270E+03
 1.24270E+03
 1.24270E+03
 1.24270E+03
 1.24270E+03
 1.24270E+03
 1.24270E+03
 1.24270E+03
 1.24270E+03
 1.24270E+03
 1.24270E+03
 1.24270E+03
 1.24270E+03
 1.24270E+03
 1.24270E+03
 1.24270E+03
 1.24270E+03
 1.24270E+03
 1.24270E+03
 1.24268E+03
 1.42829E+03
 2.74120E+03
 2.87927E+03
 2.90034E+03
 2.90343E+03
 2.90386E+03
 2.90392E+03
 2.90393E+03
 2.90393E+03
 2.90393E+03
 2.90393E+03
 2.90393E+03
 2.90393E+03
 2.90393E+03
 2.90393E+03
 2.90393E+03
 2.90393E+03
 2.90393E+03
 2.90393E+03
 2.90393E+03
 2.90393E+03
 2.90393E+03
 2.90393E+03
 2.90393E+03
 2.90393E+03
 2.90393E+03
 2.90393E+03
 2.90393E+03
 2.90393E+03
 2.90393E+03
 2.90393E+03
 2.90393E+03
 2.90393E+03
 2.90393E+03
 2.90393E+03
 2.90393E+03
 2.90393E+03
 2.90393E+03
 2.90393E+03
 2.90393E+03
 2.90393E+03
 2.90393E+03
 2.90393E+03
 2.90393E+03
 2.90393E+03
 2.90393E+03
 2.90393E+03
 2.90393E+03
 2.90393E+03
 2.90393E+03
 2.90393E+03
 2.90393E+03
 2.90393E+03
 2.90393E+03
 2.90393E+03
 2.90393E+03
 2.90393E+03
 2.90393E+03
 2.90393E+03
 2.90393E+03
 2.90393E+03
 2.90393E+03
 2.90393E+03
 2.90392E+03
 2.90392E+03
 2.90392E+03
 2.90392E+03
 2.90392E+03
 2.90392E+03
 2.90392E+03
 2.90392E+03
 2.90392E+03
 2.90392E+03
 2.90392E+03
 2.90392E+03
 2.90392E+03
 2.90392E+03
 2.90392E+03
 2.90392E+03
 2.90392E+03
 2.90392E+03
 1.24270E+03
 1.24270E+03
 1.24270E+03
 1.24270E+03
 1.24270E+03
 1.24270E+03
 1.24270E+03
 1.24270E+03
 1.24270E+03
 1.24270E+03
 1.24270E+03
 1.24270E+03
 1.24270E+03
 1.24270E+03
 1.24270E+03
 1.24270E+03
 1.24270E+03
 1.24270E+03
 1.24270E+03
 1.24270E+03
 1.24270E+03
 1.24270E+03
 1.24270E+03
 1.24270E+03
 1.24270E+03
 1.24270E+03
 1.24270E+03
 1.24270E+03
 1.24270E+03
 1.24270E+03
 1.24270E+03
 1.24270E+03
 1.24270E+03
 1.24270E+03
 1.24270E+03
 1.24270E+03
 1.24270E+03
 1.24270E+03
 1.24268E+03
 2.40894E+03
 2.84781E+03
 2.89596E+03
 2.90280E+03
 2.90377E+03
 2.90391E+03
 2.90393E+03
 2.90393E+03
 2.90393E+03
 2.90393E+03
 2.90393E+03
 2.90393E+03
 2.90393E+03
 2.90393E+03
 2.90393E+03
 2.90393E+03
 2.90393E+03
 2.90393E+03
 2.90393E+03
 2.90393E+03
 2.90393E+03
 2.90393E+03
 2.90393E+03
 2.90393E+03
 2.90393E+03
 2.90393E+03
 2.90393E+03
 2.90393E+03
 2.90393E+03
 2.90393E+03
 2.90393E+03
 2.90393E+03
 2.90393E+03
 2.90393E+03
 2.90393E+03
 2.90393E+03
 2.90393E+03
 2.90393E+03
 2.90393E+03
 2.90393E+03
 2.90393E+03
 2.90393E+03
 2.90393E+03
 2.90393E+03
 2.90393E+03
 2.90393E+03
 2.90393E+03
 2.90393E+03
 2.90393E+03
 2.90393E+03
 2.90393E+03
 2.90393E+03
 2.90393E+03
 2.90393E+03
 2.90393E+03
 2.90393E+03
 2.90393E+03
 2.90393E+03
 2.90393E+03
 2.90392E+03
 2.90392E+03
 2.90392E+03
 2.90392E+03
 2.90392E+03
 2.90392E+03
 2.90392E+03
 2.90392E+03
 2.90392E+03
 2.90392E+03
 2.90392E+03
 2.90392E+03
 2.90392E+03
 2.90392E+03
 2.90392E+03
 2.90392E+03
 2.90392E+03
 2.90392E+03
 2.90392E+03
 2.90392E+03
 2.90392E+03
 2.90392E+03
 1.24270E+03
 1.24270E+03
 1.24270E+03
 1.24270E+03
 1.24270E+03
 1.24270E+03
 1.24270E+03
 1.24270E+03
 1.24270E+03
 1.24270E+03
 1.24270E+03
 1.24270E+03
 1.24270E+03
 1.24270E+03
 1.24270E+03
 1.24270E+03
 1.24270E+03
 1.24270E+03
 1.24270E+03
 1.24270E+03
 1.24270E+03
 1.24270E+03
 1.24270E+03
 1.24270E+03
 1.24270E+03
 1.24270E+03
 1.24270E+03
 1.24270E+03
 1.24270E+03
 1.24270E+03
 1.24270E+03
 1.24270E+03
 1.24270E+03
 1.24270E+03
 1.24270E+03
 1.24270E+03
 1.24270E+03
 1.24268E+03
 1.76130E+03
 2.78440E+03
 2.88690E+03
 2.90149E+03
 2.90359E+03
 2.90388E+03
 2.90392E+03
 2.90393E+03
 2.90393E+03
 2.90393E+03
 2.90393E+03
 2.90393E+03
 2.90393E+03
 2.90393E+03
 2.90393E+03
 2.90393E+03
 2.90393E+03
 2.90393E+03
 2.90393E+03
 2.90393E+03
 2.90393E+03
 2.90393E+03
 2.90393E+03
 2.90393E+03
 2.90393E+03
 2.90393E+03
 2.90393E+03
 2.90393E+03
 2.90393E+03
 2.90393E+03
 2.90393E+03
 2.90393E+03
 2.90393E+03
 2.90393E+03
 2.90393E+03
 2.90393E+03
 2.90393E+03
 2.90393E+03
 2.90393E+03
 2.90393E+03
 2.90393E+03
 2.90393E+03
 2.90393E+03
 2.90393E+03
 2.90393E+03
 2.90393E+03
 2.90393E+03
 2.90393E+03
 2.90393E+03
 2.90393E+03
 2.90393E+03
 2.90393E+03
 2.90393E+03
 2.90393E+03
 2.90393E+03
 2.90393E+03
 2.90393E+03
 2.90392E+03
 2.90392E+03
 2.90392E+03
 2.90392E+03
 2.90392E+03
 2.90392E+03
 2.90392E+03
 2.90392E+03
 2.90392E+03
 2.90392E+03
 2.90392E+03
 2.90392E+03
 2.90392E+03
 2.90392E+03
 2.90392E+03
 2.90392E+03
 2.90392E+03
 2.90392E+03
 2.90392E+03
 2.90392E+03
 2.90392E+03
 2.90392E+03
 2.90392E+03
 2.90392E+03
 2.90392E+03
 1.24270E+03
 1.24270E+03
 1.24270E+03
 1.24270E+03
 1.24270E+03
 1.24270E+03
 1.24270E+03
 1.24270E+03
 1.24270E+03
 1.24270E+03
 1.24270E+03
 1.24270E+03
 1.24270E+03
 1.24270E+03
 1.24270E+03
 1.24270E+03
 1.24270E+03
 1.24270E+03
 1.24270E+03
 1.24270E+03
 1.24270E+03
 1.24270E+03
 1.24270E+03
 1.24270E+03
 1.24270E+03
 1.24270E+03
 1.24270E+03
 1.24270E+03
 1.24270E+03
 1.24270E+03
 1.24270E+03
 1.24270E+03
 1.24270E+03
 1.24270E+03
 1.24270E+03
 1.24270E+03
 1.24268E+03
 1.24369E+03
 2.64088E+03
 2.86966E+03
 2.89893E+03
 2.90322E+03
 2.90383E+03
 2.90391E+03
 2.90393E+03
 2.90393E+03
 2.90393E+03
 2.90393E+03
 2.90393E+03
 2.90393E+03
 2.90393E+03
 2.90393E+03
 2.90393E+03
 2.90393E+03
 2.90393E+03
 2.90393E+03
 2.90393E+03
 2.90393E+03
 2.90393E+03
 2.90393E+03
 2.90393E+03
 2.90393E+03
 2.90393E+03
 2.90393E+03
 2.90393E+03
 2.90393E+03
 2.90393E+03
 2.90393E+03
 2.90393E+03
 2.90393E+03
 2.90393E+03
 2.90393E+03
 2.90393E+03
 2.90393E+03
 2.90393E+03
 2.90393E+03
 2.90393E+03
 2.90393E+03
 2.90393E+03
 2.90393E+03
 2.90393E+03
 2.90393E+03
 2.90393E+03
 2.90393E+03
 2.90393E+03
 2.90393E+03
 2.90393E+03
 2.90393E+03
 2.90393E+03
 2.90393E+03
 2.90393E+03
 2.90393E+03
 2.90392E+03
 2.90392E+03
 2.90392E+03
 2.90392E+03
 2.90392E+03
 2.90392E+03
 2.90392E+03
 2.90392E+03
 2.90392E+03
 2.90392E+03
 2.90392E+03
 2.90392E+03
 2.90392E+03
 2.90392E+03
 2.90392E+03
 2.90392E+03
 2.90392E+03
 2.90392E+03
 2.90392E+03
 2.90392E+03
 2.90392E+03
 2.90392E+03
 2.90392E+03
 2.90392E+03
 2.90392E+03
 2.90392E+03
 2.90392E+03
 2.90392E+03
 1.24270E+03
 1.24270E+03
 1.24270E+03
 1.24270E+03
 1.24270E+03
 1.24270E+03
 1.24270E+03
 1.24270E+03
 1.24270E+03
 1.24270E+03
 1.24270E+03
 1.24270E+03
 1.24270E+03
 1.24270E+03
 1.24270E+03
 1.24270E+03
 1.24270E+03
 1.24270E+03
 1.24270E+03
 1.24270E+03
 1.24270E+03
 1.24270E+03
 1.24270E+03
 1.24270E+03
 1.24270E+03
 1.24270E+03
 1.24270E+03
 1.24270E+03
 1.24270E+03
 1.24270E+03
 1.24270E+03
 1.24270E+03
 1.24270E+03
 1.24270E+03
 1.24270E+03
 1.24270E+03
 1.24268E+03
 2.26055E+03
 2.83546E+03
 2.89412E+03
 2.90253E+03
 2.90373E+03
 2.90390E+03
 2.90392E+03
 2.90393E+03
 2.90393E+03
 2.90393E+03
 2.90393E+03
 2.90393E+03
 2.90393E+03
 2.90393E+03
 2.90393E+03
 2.90393E+03
 2.90393E+03
 2.90393E+03
 2.90393E+03
 2.90393E+03
 2.90393E+03
 2.90393E+03
 2.90393E+03
 2.90393E+03
 2.90393E+03
 2.90393E+03
 2.90393E+03
 2.90393E+03
 2.90393E+03
 2.90393E+03
 2.90393E+03
 2.90393E+03
 2.90393E+03
 2.90393E+03
 2.90393E+03
 2.90393E+03
 2.90393E+03
 2.90393E+03
 2.90393E+03
 2.90393E+03
 2.90393E+03
 2.90393E+03
 2.90393E+03
 2.90393E+03
 2.90393E+03
 2.90393E+03
 2.90393E+03
 2.90393E+03
 2.90393E+03
 2.90393E+03
 2.90393E+03
 2.90393E+03
 2.90392E+03
 2.90392E+03
 2.90392E+03
 2.90392E+03
 2.90392E+03
 2.90392E+03
 2.90392E+03
 2.90392E+03
 2.90392E+03
 2.90392E+03
 2.90392E+03
 2.90392E+03
 2.90392E+03
 2.90392E+03
 2.90392E+03
 2.90392E+03
 2.90392E+03
 2.90392E+03
 2.90392E+03
 2.90392E+03
 2.90392E+03
 2.90392E+03
 2.90392E+03
 2.90392E+03
 2.90392E+03
 2.90392E+03
 2.90392E+03
 2.90392E+03
 2.90392E+03
 2.90392E+03
 2.90392E+03
 1.24270E+03
 1.24270E+03
 1.24270E+03
 1.24270E+03
 1.24270E+03
 1.24270E+03
 1.24270E+03
 1.24270E+03
 1.24270E+03
 1.24270E+03
 1.24270E+03
 1.24270E+03
 1.24270E+03
 1.24270E+03
 1.24270E+03
 1.24270E+03
 1.24270E+03
 1.24270E+03
 1.24270E+03
 1.24270E+03
 1.24270E+03
 1.24270E+03
 1.24270E+03
 1.24270E+03
 1.24270E+03
 1.24270E+03
 1.24270E+03
 1.24270E+03
 1.24270E+03
 1.24270E+03
 1.24270E+03
 1.24270E+03
 1.24270E+03
 1.24270E+03
 1.24270E+03
 1.24268E+03
 1.66493E+03
 2.77529E+03
 2.88547E+03
 2.90127E+03
 2.90355E+03
 2.90387E+03
 2.90392E+03
 2.90393E+03
 2.90393E+03
 2.90393E+03
 2.90393E+03
 2.90393E+03
 2.90393E+03
 2.90393E+03
 2.90393E+03
 2.90393E+03
 2.90393E+03
 2.90393E+03
 2.90393E+03
 2.90393E+03
 2.90393E+03
 2.90393E+03
 2.90393E+03
 2.90393E+03
 2.90393E+03
 2.90393E+03
 2.90393E+03
 2.90393E+03
 2.90393E+03
 2.90393E+03
 2.90393E+03
 2.90393E+03
 2.90393E+03
 2.90393E+03
 2.90393E+03
 2.90393E+03
 2.90393E+03
 2.90393E+03
 2.90393E+03
 2.90393E+03
 2.90393E+03
 2.90393E+03
 2.90393E+03
 2.90393E+03
 2.90393E+03
 2.90393E+03
 2.90393E+03
 2.90393E+03
 2.90393E+03
 2.90393E+03
 2.90392E+03
 2.90392E+03
 2.90392E+03
 2.90392E+03
 2.90392E+03
 2.90392E+03
 2.90392E+03
 2.90392E+03
 2.90392E+03
 2.90392E+03
 2.90392E+03
 2.90392E+03
 2.90392E+03
 2.90392E+03
 2.90392E+03
 2.90392E+03
 2.90392E+03
 2.90392E+03
 2.90392E+03
 2.90392E+03
 2.90392E+03
 2.90392E+03
 2.90392E+03
 2.90392E+03
 2.90392E+03
 2.90392E+03
 2.90392E+03
 2.90392E+03
 2.90392E+03
 2.90392E+03
 2.90392E+03
 2.90392E+03
 2.90392E+03
 2.90392E+03
 1.24270E+03
 1.24270E+03
 1.24270E+03
 1.24270E+03
 1.24270E+03
 1.24270E+03
 1.24270E+03
 1.24270E+03
 1.24270E+03
 1.24270E+03
 1.24270E+03
 1.24270E+03
 1.24270E+03
 1.24270E+03
 1.24270E+03
 1.24270E+03
 1.24270E+03
 1.24270E+03
 1.24270E+03
 1.24270E+03
 1.24270E+03
 1.24270E+03
 1.24270E+03
 1.24270E+03
 1.24270E+03
 1.24270E+03
 1.24270E+03
 1.24270E+03
 1.24270E+03
 1.24270E+03
 1.24270E+03
 1.24270E+03
 1.24270E+03
 1.24270E+03
 1.24268E+03
 1.24572E+03
 2.67392E+03
 2.87129E+03
 2.89913E+03
 2.90324E+03
 2.90383E+03
 2.90391E+03
 2.90392E+03
 2.90392E+03
 2.90393E+03
 2.90393E+03
 2.90393E+03
 2.90393E+03
 2.90393E+03
 2.90393E+03
 2.90393E+03
 2.90393E+03
 2.90393E+03
 2.90393E+03
 2.90393E+03
 2.90393E+03
 2.90393E+03
 2.90393E+03
 2.90393E+03
 2.90393E+03
 2.90393E+03
 2.90393E+03
 2.90393E+03
 2.90393E+03
 2.90393E+03
 2.90393E+03
 2.90393E+03
 2.90393E+03
 2.90393E+03
 2.90393E+03
 2.90393E+03
 2.90393E+03
 2.90393E+03
 2.90393E+03
 2.90393E+03
 2.90393E+03
 2.90393E+03
 2.90393E+03
 2.90393E+03
 2.90393E+03
 2.90393E+03
 2.90393E+03
 2.90392E+03
 2.90392E+03
 2.90392E+03
 2.90392E+03
 2.90392E+03
 2.90392E+03
 2.90392E+03
 2.90392E+03
 2.90392E+03
 2.90392E+03
 2.90392E+03
 2.90392E+03
 2.90392E+03
 2.90392E+03
 2.90392E+03
 2.90392E+03
 2.90392E+03
 2.90392E+03
 2.90392E+03
 2.90392E+03
 2.90392E+03
 2.90392E+03
 2.90392E+03
 2.90392E+03
 2.90392E+03
 2.90392E+03
 2.90392E+03
 2.90392E+03
 2.90392E+03
 2.90392E+03
 2.90392E+03
 2.90392E+03
 2.90392E+03
 2.90392E+03
 2.90392E+03
 2.90392E+03
 2.90392E+03
 2.90392E+03
 1.24270E+03
 1.24270E+03
 1.24270E+03
 1.24270E+03
 1.24270E+03
 1.24270E+03
 1.24270E+03
 1.24270E+03
 1.24270E+03
 1.24270E+03
 1.24270E+03
 1.24270E+03
 1.24270E+03
 1.24270E+03
 1.24270E+03
 1.24270E+03
 1.24270E+03
 1.24270E+03
 1.24270E+03
 1.24270E+03
 1.24270E+03
 1.24270E+03
 1.24270E+03
 1.24270E+03
 1.24270E+03
 1.24270E+03
 1.24270E+03
 1.24270E+03
 1.24270E+03
 1.24270E+03
 1.24270E+03
 1.24270E+03
 1.24270E+03
 1.24270E+03
 1.24268E+03
 2.42121E+03
 2.84831E+03
 2.89569E+03
 2.90273E+03
 2.90375E+03
 2.90390E+03
 2.90392E+03
 2.90392E+03
 2.90392E+03
 2.90392E+03
 2.90393E+03
 2.90393E+03
 2.90393E+03
 2.90393E+03
 2.90393E+03
 2.90393E+03
 2.90393E+03
 2.90393E+03
 2.90393E+03
 2.90393E+03
 2.90393E+03
 2.90393E+03
 2.90393E+03
 2.90393E+03
 2.90393E+03
 2.90393E+03
 2.90393E+03
 2.90393E+03
 2.90393E+03
 2.90393E+03
 2.90393E+03
 2.90393E+03
 2.90393E+03
 2.90393E+03
 2.90393E+03
 2.90393E+03
 2.90393E+03
 2.90393E+03
 2.90393E+03
 2.90393E+03
 2.90393E+03
 2.90393E+03
 2.90393E+03
 2.90392E+03
 2.90392E+03
 2.90392E+03
 2.90392E+03
 2.90392E+03
 2.90392E+03
 2.90392E+03
 2.90392E+03
 2.90392E+03
 2.90392E+03
 2.90392E+03
 2.90392E+03
 2.90392E+03
 2.90392E+03
 2.90392E+03
 2.90392E+03
 2.90392E+03
 2.90392E+03
 2.90392E+03
 2.90392E+03
 2.90392E+03
 2.90392E+03
 2.90392E+03
 2.90392E+03
 2.90392E+03
 2.90392E+03
 2.90392E+03
 2.90392E+03
 2.90392E+03
 2.90392E+03
 2.90392E+03
 2.90392E+03
 2.90392E+03
 2.90392E+03
 2.90392E+03
 2.90392E+03
 2.90392E+03
 2.90392E+03
 2.90392E+03
 2.90392E+03
 2.90392E+03
 2.90392E+03
 1.24270E+03
 1.24270E+03
 1.24270E+03
 1.24270E+03
 1.24270E+03
 1.24270E+03
 1.24270E+03
 1.24270E+03
 1.24270E+03
 1.24270E+03
 1.24270E+03
 1.24270E+03
 1.24270E+03
 1.24270E+03
 1.24270E+03
 1.24270E+03
 1.24270E+03
 1.24270E+03
 1.24270E+03
 1.24270E+03
 1.24270E+03
 1.24270E+03
 1.24270E+03
 1.24270E+03
 1.24270E+03
 1.24270E+03
 1.24270E+03
 1.24270E+03
 1.24270E+03
 1.24270E+03
 1.24270E+03
 1.24270E+03
 1.24270E+03
 1.24268E+03
 1.97745E+03
 2.81150E+03
 2.89045E+03
 2.90193E+03
 2.90364E+03
 2.90388E+03
 2.90392E+03
 2.90392E+03
 2.90392E+03
 2.90392E+03
 2.90392E+03
 2.90392E+03
 2.90392E+03
 2.90392E+03
 2.90393E+03
 2.90393E+03
 2.90393E+03
 2.90393E+03
 2.90393E+03
 2.90393E+03
 2.90393E+03
 2.90393E+03
 2.90393E+03
 2.90393E+03
 2.90393E+03
 2.90393E+03
 2.90393E+03
 2.90393E+03
 2.90393E+03
 2.90393E+03
 2.90393E+03
 2.90393E+03
 2.90393E+03
 2.90393E+03
 2.90393E+03
 2.90393E+03
 2.90393E+03
 2.90393E+03
 2.90393E+03
 2.90393E+03
 2.90392E+03
 2.90392E+03
 2.90392E+03
 2.90392E+03
 2.90392E+03
 2.90392E+03
 2.90392E+03
 2.90392E+03
 2.90392E+03
 2.90392E+03
 2.90392E+03
 2.90392E+03
 2.90392E+03
 2.90392E+03
 2.90392E+03
 2.90392E+03
 2.90392E+03
 2.90392E+03
 2.90392E+03
 2.90392E+03
 2.90392E+03
 2.90392E+03
 2.90392E+03
 2.90392E+03
 2.90392E+03
 2.90392E+03
 2.90392E+03
 2.90392E+03
 2.90392E+03
 2.90392E+03
 2.90392E+03
 2.90392E+03
 2.90392E+03
 2.90392E+03
 2.90392E+03
 2.90392E+03
 2.90392E+03
 2.90392E+03
 2.90392E+03
 2.90392E+03
 2.90392E+03
 2.90392E+03
 2.90392E+03
 2.90392E+03
 2.90392E+03
 2.90392E+03
 1.24270E+03
 1.24270E+03
 1.24270E+03
 1.24270E+03
 1.24270E+03
 1.24270E+03
 1.24270E+03
 1.24270E+03
 1.24270E+03
 1.24270E+03
 1.24270E+03
 1.24270E+03
 1.24270E+03
 1.24270E+03
 1.24270E+03
 1.24270E+03
 1.24270E+03
 1.24270E+03
 1.24270E+03
 1.24270E+03
 1.24270E+03
 1.24270E+03
 1.24270E+03
 1.24270E+03
 1.24270E+03
 1.24270E+03
 1.24270E+03
 1.24270E+03
 1.24270E+03
 1.24270E+03
 1.24270E+03
 1.24270E+03
 1.24268E+03
 1.61253E+03
 2.76157E+03
 2.88289E+03
 2.90077E+03
 2.90346E+03
 2.90385E+03
 2.90391E+03
 2.90392E+03
 2.90392E+03
 2.90392E+03
 2.90392E+03
 2.90392E+03
 2.90392E+03
 2.90392E+03
 2.90392E+03
 2.90392E+03
 2.90392E+03
 2.90392E+03
 2.90392E+03
 2.90392E+03
 2.90393E+03
 2.90393E+03
 2.90393E+03
 2.90393E+03
 2.90393E+03
 2.90393E+03
 2.90393E+03
 2.90393E+03
 2.90393E+03
 2.90393E+03
 2.90393E+03
 2.90393E+03
 2.90393E+03
 2.90393E+03
 2.90392E+03
 2.90392E+03
 2.90392E+03
 2.90392E+03
 2.90392E+03
 2.90392E+03
 2.90392E+03
 2.90392E+03
 2.90392E+03
 2.90392E+03
 2.90392E+03
 2.90392E+03
 2.90392E+03
 2.90392E+03
 2.90392E+03
 2.90392E+03
 2.90392E+03
 2.90392E+03
 2.90392E+03
 2.90392E+03
 2.90392E+03
 2.90392E+03
 2.90392E+03
 2.90392E+03
 2.90392E+03
 2.90392E+03
 2.90392E+03
 2.90392E+03
 2.90392E+03
 2.90392E+03
 2.90392E+03
 2.90392E+03
 2.90392E+03
 2.90392E+03
 2.90392E+03
 2.90392E+03
 2.90392E+03
 2.90392E+03
 2.90392E+03
 2.90392E+03
 2.90392E+03
 2.90392E+03
 2.90392E+03
 2.90392E+03
 2.90392E+03
 2.90392E+03
 2.90392E+03
 2.90392E+03
 2.90392E+03
 2.90392E+03
 2.90392E+03
 2.90392E+03
 2.90392E+03
 1.24270E+03
 1.24270E+03
 1.24270E+03
 1.24270E+03
 1.24270E+03
 1.24270E+03
 1.24270E+03
 1.24270E+03
 1.24270E+03
 1.24270E+03
 1.24270E+03
 1.24270E+03
 1.24270E+03
 1.24270E+03
 1.24270E+03
 1.24270E+03
 1.24270E+03
 1.24270E+03
 1.24270E+03
 1.24270E+03
 1.24270E+03
 1.24270E+03
 1.24270E+03
 1.24270E+03
 1.24270E+03
 1.24270E+03
 1.24270E+03
 1.24270E+03
 1.24270E+03
 1.24270E+03
 1.24270E+03
 1.24267E+03
 1.31437E+03
 2.71154E+03
 2.87298E+03
 2.89917E+03
 2.90321E+03
 2.90382E+03
 2.90390E+03
 2.90392E+03
 2.90392E+03
 2.90392E+03
 2.90392E+03
 2.90392E+03
 2.90392E+03
 2.90392E+03
 2.90392E+03
 2.90392E+03
 2.90392E+03
 2.90392E+03
 2.90392E+03
 2.90392E+03
 2.90392E+03
 2.90392E+03
 2.90392E+03
 2.90392E+03
 2.90392E+03
 2.90392E+03
 2.90392E+03
 2.90392E+03
 2.90392E+03
 2.90392E+03
 2.90392E+03
 2.90392E+03
 2.90392E+03
 2.90392E+03
 2.90392E+03
 2.90392E+03
 2.90392E+03
 2.90392E+03
 2.90392E+03
 2.90392E+03
 2.90392E+03
 2.90392E+03
 2.90392E+03
 2.90392E+03
 2.90392E+03
 2.90392E+03
 2.90392E+03
 2.90392E+03
 2.90392E+03
 2.90392E+03
 2.90392E+03
 2.90392E+03
 2.90392E+03
 2.90392E+03
 2.90392E+03
 2.90392E+03
 2.90392E+03
 2.90392E+03
 2.90392E+03
 2.90392E+03
 2.90392E+03
 2.90392E+03
 2.90392E+03
 2.90392E+03
 2.90392E+03
 2.90392E+03
 2.90392E+03
 2.90392E+03
 2.90392E+03
 2.90392E+03
 2.90392E+03
 2.90392E+03
 2.90392E+03
 2.90392E+03
 2.90392E+03
 2.90392E+03
 2.90392E+03
 2.90392E+03
 2.90392E+03
 2.90392E+03
 2.90392E+03
 2.90392E+03
 2.90392E+03
 2.90392E+03
 2.90392E+03
 2.90392E+03
 2.90392E+03
 2.90392E+03
 1.24270E+03
 1.24270E+03
 1.24270E+03
 1.24270E+03
 1.24270E+03
 1.24270E+03
 1.24270E+03
 1.24270E+03
 1.24270E+03
 1.24270E+03
 1.24270E+03
 1.24270E+03
 1.24270E+03
 1.24270E+03
 1.24270E+03
 1.24270E+03
 1.24270E+03
 1.24270E+03
 1.24270E+03
 1.24270E+03
 1.24270E+03
 1.24270E+03
 1.24270E+03
 1.24270E+03
 1.24270E+03
 1.24270E+03
 1.24270E+03
 1.24270E+03
 1.24270E+03
 1.24270E+03
 1.24267E+03
 1.24389E+03
 2.63870E+03
 2.86152E+03
 2.89715E+03
 2.90288E+03
 2.90376E+03
 2.90389E+03
 2.90391E+03
 2.90392E+03
 2.90392E+03
 2.90392E+03
 2.90392E+03
 2.90392E+03
 2.90392E+03
 2.90392E+03
 2.90392E+03
 2.90392E+03
 2.90392E+03
 2.90392E+03
 2.90392E+03
 2.90392E+03
 2.90392E+03
 2.90392E+03
 2.90392E+03
 2.90392E+03
 2.90392E+03
 2.90392E+03
 2.90392E+03
 2.90392E+03
 2.90392E+03
 2.90392E+03
 2.90392E+03
 2.90392E+03
 2.90392E+03
 2.90392E+03
 2.90392E+03
 2.90392E+03
 2.90392E+03
 2.90392E+03
 2.90392E+03
 2.90392E+03
 2.90392E+03
 2.90392E+03
 2.90392E+03
 2.90392E+03
 2.90392E+03
 2.90392E+03
 2.90392E+03
 2.90392E+03
 2.90392E+03
 2.90392E+03
 2.90392E+03
 2.90392E+03
 2.90392E+03
 2.90392E+03
 2.90392E+03
 2.90392E+03
 2.90392E+03
 2.90392E+03
 2.90392E+03
 2.90392E+03
 2.90392E+03
 2.90392E+03
 2.90392E+03
 2.90392E+03
 2.90392E+03
 2.90392E+03
 2.90392E+03
 2.90392E+03
 2.90392E+03
 2.90392E+03
 2.90392E+03
 2.90392E+03
 2.90392E+03
 2.90392E+03
 2.90392E+03
 2.90392E+03
 2.90392E+03
 2.90392E+03
 2.90392E+03
 2.90392E+03
 2.90392E+03
 2.90392E+03
 2.90392E+03
 2.90392E+03
 2.90392E+03
 2.90392E+03
 2.90392E+03
 2.90392E+03
 1.24270E+03
 1.24270E+03
 1.24270E+03
 1.24270E+03
 1.24270E+03
 1.24270E+03
 1.24270E+03
 1.24270E+03
 1.24270E+03
 1.24270E+03
 1.24270E+03
 1.24270E+03
 1.24270E+03
 1.24270E+03
 1.24270E+03
 1.24270E+03
 1.24270E+03
 1.24270E+03
 1.24270E+03
 1.24270E+03
 1.24270E+03
 1.24270E+03
 1.24270E+03
 1.24270E+03
 1.24270E+03
 1.24270E+03
 1.24270E+03
 1.24270E+03
 1.24270E+03
 1.24267E+03
 1.24276E+03
 2.47721E+03
 2.84912E+03
 2.89482E+03
 2.90247E+03
 2.90370E+03
 2.90388E+03
 2.90391E+03
 2.90392E+03
 2.90392E+03
 2.90392E+03
 2.90392E+03
 2.90392E+03
 2.90392E+03
 2.90392E+03
 2.90392E+03
 2.90392E+03
 2.90392E+03
 2.90392E+03
 2.90392E+03
 2.90392E+03
 2.90392E+03
 2.90392E+03
 2.90392E+03
 2.90392E+03
 2.90392E+03
 2.90392E+03
 2.90392E+03
 2.90392E+03
 2.90392E+03
 2.90392E+03
 2.90392E+03
 2.90392E+03
 2.90392E+03
 2.90392E+03
 2.90392E+03
 2.90392E+03
 2.90392E+03
 2.90392E+03
 2.90392E+03
 2.90392E+03
 2.90392E+03
 2.90392E+03
 2.90392E+03
 2.90392E+03
 2.90392E+03
 2.90392E+03
 2.90392E+03
 2.90392E+03
 2.90392E+03
 2.90392E+03
 2.90392E+03
 2.90392E+03
 2.90392E+03
 2.90392E+03
 2.90392E+03
 2.90392E+03
 2.90392E+03
 2.90392E+03
 2.90392E+03
 2.90392E+03
 2.90392E+03
 2.90392E+03
 2.90392E+03
 2.90392E+03
 2.90392E+03
 2.90392E+03
 2.90392E+03
 2.90392E+03
 2.90392E+03
 2.90392E+03
 2.90392E+03
 2.90392E+03
 2.90392E+03
 2.90392E+03
 2.90392E+03
 2.90392E+03
 2.90392E+03
 2.90392E+03
 2.90392E+03
 2.90392E+03
 2.90392E+03
 2.90392E+03
 2.90392E+03
 2.90392E+03
 2.90392E+03
 2.90392E+03
 2.90392E+03
 2.90392E+03
 2.90392E+03
 1.24270E+03
 1.24270E+03
 1.24270E+03
 1.24270E+03
 1.24270E+03
 1.24270E+03
 1.24270E+03
 1.24270E+03
 1.24270E+03
 1.24270E+03
 1.24270E+03
 1.24270E+03
 1.24270E+03
 1.24270E+03
 1.24270E+03
 1.24270E+03
 1.24270E+03
 1.24270E+03
 1.24270E+03
 1.24270E+03
 1.24270E+03
 1.24270E+03
 1.24270E+03
 1.24270E+03
 1.24270E+03
 1.24270E+03
 1.24270E+03
 1.24270E+03
 1.24267E+03
 1.24269E+03
 2.31143E+03
 2.83565E+03
 2.89238E+03
 2.90202E+03
 2.90362E+03
 2.90387E+03
 2.90391E+03
 2.90391E+03
 2.90392E+03
 2.90392E+03
 2.90392E+03
 2.90392E+03
 2.90392E+03
 2.90392E+03
 2.90392E+03
 2.90392E+03
 2.90392E+03
 2.90392E+03
 2.90392E+03
 2.90392E+03
 2.90392E+03
 2.90392E+03
 2.90392E+03
 2.90392E+03
 2.90392E+03
 2.90392E+03
 2.90392E+03
 2.90392E+03
 2.90392E+03
 2.90392E+03
 2.90392E+03
 2.90392E+03
 2.90392E+03
 2.90392E+03
 2.90392E+03
 2.90392E+03
 2.90392E+03
 2.90392E+03
 2.90392E+03
 2.90392E+03
 2.90392E+03
 2.90392E+03
 2.90392E+03
 2.90392E+03
 2.90392E+03
 2.90392E+03
 2.90392E+03
 2.90392E+03
 2.90392E+03
 2.90392E+03
 2.90392E+03
 2.90392E+03
 2.90392E+03
 2.90392E+03
 2.90392E+03
 2.90392E+03
 2.90392E+03
 2.90392E+03
 2.90392E+03
 2.90392E+03
 2.90392E+03
 2.90392E+03
 2.90392E+03
 2.90392E+03
 2.90392E+03
 2.90392E+03
 2.90392E+03
 2.90392E+03
 2.90392E+03
 2.90392E+03
 2.90392E+03
 2.90392E+03
 2.90392E+03
 2.90392E+03
 2.90392E+03
 2.90392E+03
 2.90392E+03
 2.90392E+03
 2.90392E+03
 2.90392E+03
 2.90392E+03
 2.90392E+03
 2.90392E+03
 2.90392E+03
 2.90392E+03
 2.90392E+03
 2.90392E+03
 2.90392E+03
 2.90392E+03
 2.90392E+03
 1.24270E+03
 1.24270E+03
 1.24270E+03
 1.24270E+03
 1.24270E+03
 1.24270E+03
 1.24270E+03
 1.24270E+03
 1.24270E+03
 1.24270E+03
 1.24270E+03
 1.24270E+03
 1.24270E+03
 1.24270E+03
 1.24270E+03
 1.24270E+03
 1.24270E+03
 1.24270E+03
 1.24270E+03
 1.24270E+03
 1.24270E+03
 1.24270E+03
 1.24270E+03
 1.24270E+03
 1.24270E+03
 1.24270E+03
 1.24270E+03
 1.24267E+03
 1.24268E+03
 2.21350E+03
 2.82251E+03
 2.89007E+03
 2.90155E+03
 2.90353E+03
 2.90385E+03
 2.90390E+03
 2.90391E+03
 2.90391E+03
 2.90391E+03
 2.90391E+03
 2.90392E+03
 2.90392E+03
 2.90392E+03
 2.90392E+03
 2.90392E+03
 2.90392E+03
 2.90392E+03
 2.90392E+03
 2.90392E+03
 2.90392E+03
 2.90392E+03
 2.90392E+03
 2.90392E+03
 2.90392E+03
 2.90392E+03
 2.90392E+03
 2.90392E+03
 2.90392E+03
 2.90392E+03
 2.90392E+03
 2.90392E+03
 2.90392E+03
 2.90392E+03
 2.90392E+03
 2.90392E+03
 2.90392E+03
 2.90392E+03
 2.90392E+03
 2.90392E+03
 2.90392E+03
 2.90392E+03
 2.90392E+03
 2.90392E+03
 2.90392E+03
 2.90392E+03
 2.90392E+03
 2.90392E+03
 2.90392E+03
 2.90392E+03
 2.90392E+03
 2.90392E+03
 2.90392E+03
 2.90392E+03
 2.90392E+03
 2.90392E+03
 2.90392E+03
 2.90392E+03
 2.90392E+03
 2.90392E+03
 2.90392E+03
 2.90392E+03
 2.90392E+03
 2.90392E+03
 2.90392E+03
 2.90392E+03
 2.90392E+03
 2.90392E+03
 2.90392E+03
 2.90392E+03
 2.90392E+03
 2.90392E+03
 2.90392E+03
 2.90392E+03
 2.90392E+03
 2.90392E+03
 2.90392E+03
 2.90392E+03
 2.90392E+03
 2.90392E+03
 2.90392E+03
 2.90392E+03
 2.90392E+03
 2.90392E+03
 2.90392E+03
 2.90392E+03
 2.90392E+03
 2.90392E+03
 2.90392E+03
 2.90392E+03
 2.90392E+03
 1.24270E+03
 1.24270E+03
 1.24270E+03
 1.24270E+03
 1.24270E+03
 1.24270E+03
 1.24270E+03
 1.24270E+03
 1.24270E+03
 1.24270E+03
 1.24270E+03
 1.24270E+03
 1.24270E+03
 1.24270E+03
 1.24270E+03
 1.24270E+03
 1.24270E+03
 1.24270E+03
 1.24270E+03
 1.24270E+03
 1.24270E+03
 1.24270E+03
 1.24270E+03
 1.24270E+03
 1.24270E+03
 1.24270E+03
 1.24267E+03
 1.24268E+03
 2.17722E+03
 2.81351E+03
 2.88816E+03
 2.90113E+03
 2.90344E+03
 2.90383E+03
 2.90390E+03
 2.90391E+03
 2.90391E+03
 2.90391E+03
 2.90391E+03
 2.90391E+03
 2.90391E+03
 2.90391E+03
 2.90392E+03
 2.90392E+03
 2.90392E+03
 2.90392E+03
 2.90392E+03
 2.90392E+03
 2.90392E+03
 2.90392E+03
 2.90392E+03
 2.90392E+03
 2.90392E+03
 2.90392E+03
 2.90392E+03
 2.90392E+03
 2.90392E+03
 2.90392E+03
 2.90392E+03
 2.90392E+03
 2.90392E+03
 2.90392E+03
 2.90392E+03
 2.90392E+03
 2.90392E+03
 2.90392E+03
 2.90392E+03
 2.90392E+03
 2.90392E+03
 2.90392E+03
 2.90392E+03
 2.90392E+03
 2.90392E+03
 2.90392E+03
 2.90392E+03
 2.90392E+03
 2.90392E+03
 2.90392E+03
 2.90392E+03
 2.90392E+03
 2.90392E+03
 2.90392E+03
 2.90392E+03
 2.90392E+03
 2.90392E+03
 2.90392E+03
 2.90392E+03
 2.90392E+03
 2.90392E+03
 2.90392E+03
 2.90392E+03
 2.90392E+03
 2.90392E+03
 2.90392E+03
 2.90392E+03
 2.90392E+03
 2.90392E+03
 2.90392E+03
 2.90392E+03
 2.90392E+03
 2.90392E+03
 2.90392E+03
 2.90392E+03
 2.90392E+03
 2.90392E+03
 2.90392E+03
 2.90392E+03
 2.90392E+03
 2.90392E+03
 2.90392E+03
 2.90392E+03
 2.90392E+03
 2.90392E+03
 2.90392E+03
 2.90392E+03
 2.90392E+03
 2.90392E+03
 2.90392E+03
 2.90392E+03
 2.90392E+03
 1.24270E+03
 1.24270E+03
 1.24270E+03
 1.24270E+03
 1.24270E+03
 1.24270E+03
 1.24270E+03
 1.24270E+03
 1.24270E+03
 1.24270E+03
 1.24270E+03
 1.24270E+03
 1.24270E+03
 1.24270E+03
 1.24270E+03
 1.24270E+03
 1.24270E+03
 1.24270E+03
 1.24270E+03
 1.24270E+03
 1.24270E+03
 1.24270E+03
 1.24270E+03
 1.24270E+03
 1.24270E+03
 1.24267E+03
 1.24270E+03
 2.20015E+03
 2.81073E+03
 2.88699E+03
 2.90080E+03
 2.90336E+03
 2.90382E+03
 2.90389E+03
 2.90391E+03
 2.90391E+03
 2.90391E+03
 2.90391E+03
 2.90391E+03
 2.90391E+03
 2.90391E+03
 2.90391E+03
 2.90391E+03
 2.90391E+03
 2.90392E+03
 2.90392E+03
 2.90392E+03
 2.90392E+03
 2.90392E+03
 2.90392E+03
 2.90392E+03
 2.90392E+03
 2.90392E+03
 2.90392E+03
 2.90392E+03
 2.90392E+03
 2.90392E+03
 2.90392E+03
 2.90392E+03
 2.90392E+03
 2.90392E+03
 2.90392E+03
 2.90392E+03
 2.90392E+03
 2.90392E+03
 2.90392E+03
 2.90392E+03
 2.90392E+03
 2.90392E+03
 2.90392E+03
 2.90392E+03
 2.90392E+03
 2.90392E+03
 2.90392E+03
 2.90392E+03
 2.90392E+03
 2.90392E+03
 2.90392E+03
 2.90392E+03
 2.90392E+03
 2.90392E+03
 2.90392E+03
 2.90392E+03
 2.90392E+03
 2.90392E+03
 2.90392E+03
 2.90392E+03
 2.90392E+03
 2.90392E+03
 2.90392E+03
 2.90392E+03
 2.90392E+03
 2.90392E+03
 2.90392E+03
 2.90392E+03
 2.90392E+03
 2.90392E+03
 2.90392E+03
 2.90392E+03
 2.90392E+03
 2.90392E+03
 2.90392E+03
 2.90392E+03
 2.90392E+03
 2.90392E+03
 2.90392E+03
 2.90392E+03
 2.90392E+03
 2.90392E+03
 2.90392E+03
 2.90392E+03
 2.90392E+03
 2.90392E+03
 2.90392E+03
 2.90392E+03
 2.90392E+03
 2.90392E+03
 2.90392E+03
 2.90392E+03
 2.90392E+03
 1.24270E+03
 1.24270E+03
 1.24270E+03
 1.24270E+03
 1.24270E+03
 1.24270E+03
 1.24270E+03
 1.24270E+03
 1.24270E+03
 1.24270E+03
 1.24270E+03
 1.24270E+03
 1.24270E+03
 1.24270E+03
 1.24270E+03
 1.24270E+03
 1.24270E+03
 1.24270E+03
 1.24270E+03
 1.24270E+03
 1.24270E+03
 1.24270E+03
 1.24270E+03
 1.24270E+03
 1.24267E+03
 1.24286E+03
 2.27954E+03
 2.81459E+03
 2.88678E+03
 2.90063E+03
 2.90331E+03
 2.90380E+03
 2.90389E+03
 2.90390E+03
 2.90391E+03
 2.90391E+03
 2.90391E+03
 2.90391E+03
 2.90391E+03
 2.90391E+03
 2.90391E+03
 2.90391E+03
 2.90391E+03
 2.90391E+03
 2.90391E+03
 2.90391E+03
 2.90392E+03
 2.90392E+03
 2.90392E+03
 2.90392E+03
 2.90392E+03
 2.90392E+03
 2.90392E+03
 2.90392E+03
 2.90392E+03
 2.90392E+03
 2.90392E+03
 2.90392E+03
 2.90392E+03
 2.90392E+03
 2.90392E+03
 2.90392E+03
 2.90392E+03
 2.90392E+03
 2.90392E+03
 2.90392E+03
 2.90392E+03
 2.90392E+03
 2.90392E+03
 2.90392E+03
 2.90392E+03
 2.90392E+03
 2.90392E+03
 2.90392E+03
 2.90392E+03
 2.90392E+03
 2.90392E+03
 2.90392E+03
 2.90392E+03
 2.90392E+03
 2.90392E+03
 2.90392E+03
 2.90392E+03
 2.90392E+03
 2.90392E+03
 2.90392E+03
 2.90392E+03
 2.90392E+03
 2.90392E+03
 2.90392E+03
 2.90392E+03
 2.90392E+03
 2.90392E+03
 2.90392E+03
 2.90392E+03
 2.90392E+03
 2.90392E+03
 2.90392E+03
 2.90392E+03
 2.90392E+03
 2.90392E+03
 2.90392E+03
 2.90392E+03
 2.90392E+03
 2.90392E+03
 2.90392E+03
 2.90392E+03
 2.90392E+03
 2.90392E+03
 2.90392E+03
 2.90392E+03
 2.90392E+03
 2.90392E+03
 2.90392E+03
 2.90392E+03
 2.90392E+03
 2.90392E+03
 2.90392E+03
 2.90392E+03
 2.90392E+03
 1.24270E+03
 1.24270E+03
 1.24270E+03
 1.24270E+03
 1.24270E+03
 1.24270E+03
 1.24270E+03
 1.24270E+03
 1.24270E+03
 1.24270E+03
 1.24270E+03
 1.24270E+03
 1.24270E+03
 1.24270E+03
 1.24270E+03
 1.24270E+03
 1.24270E+03
 1.24270E+03
 1.24270E+03
 1.24270E+03
 1.24270E+03
 1.24270E+03
 1.24270E+03
 1.24267E+03
 1.24576E+03
 2.41779E+03
 2.82421E+03
 2.88757E+03
 2.90063E+03
 2.90328E+03
 2.90379E+03
 2.90388E+03
 2.90390E+03
 2.90391E+03
 2.90391E+03
 2.90391E+03
 2.90391E+03
 2.90391E+03
 2.90391E+03
 2.90391E+03
 2.90391E+03
 2.90391E+03
 2.90391E+03
 2.90391E+03
 2.90391E+03
 2.90391E+03
 2.90391E+03
 2.90391E+03
 2.90391E+03
 2.90392E+03
 2.90392E+03
 2.90392E+03
 2.90392E+03
 2.90392E+03
 2.90392E+03
 2.90392E+03
 2.90392E+03
 2.90392E+03
 2.90392E+03
 2.90392E+03
 2.90392E+03
 2.90392E+03
 2.90392E+03
 2.90392E+03
 2.90392E+03
 2.90392E+03
 2.90392E+03
 2.90392E+03
 2.90392E+03
 2.90392E+03
 2.90392E+03
 2.90392E+03
 2.90392E+03
 2.90392E+03
 2.90392E+03
 2.90392E+03
 2.90392E+03
 2.90392E+03
 2.90392E+03
 2.90392E+03
 2.90392E+03
 2.90392E+03
 2.90392E+03
 2.90392E+03
 2.90392E+03
 2.90392E+03
 2.90392E+03
 2.90392E+03
 2.90392E+03
 2.90392E+03
 2.90392E+03
 2.90392E+03
 2.90392E+03
 2.90392E+03
 2.90392E+03
 2.90392E+03
 2.90392E+03
 2.90392E+03
 2.90392E+03
 2.90392E+03
 2.90392E+03
 2.90392E+03
 2.90392E+03
 2.90392E+03
 2.90392E+03
 2.90392E+03
 2.90392E+03
 2.90392E+03
 2.90392E+03
 2.90392E+03
 2.90392E+03
 2.90392E+03
 2.90392E+03
 2.90392E+03
 2.90392E+03
 2.90392E+03
 2.90392E+03
 2.90392E+03
 2.90392E+03
 2.90392E+03
 1.24270E+03
 1.24270E+03
 1.24270E+03
 1.24270E+03
 1.24270E+03
 1.24270E+03
 1.24270E+03
 1.24270E+03
 1.24270E+03
 1.24270E+03
 1.24270E+03
 1.24270E+03
 1.24270E+03
 1.24270E+03
 1.24270E+03
 1.24270E+03
 1.24270E+03
 1.24270E+03
 1.24270E+03
 1.24270E+03
 1.24270E+03
 1.24270E+03
 1.24267E+03
 1.36470E+03
 2.59323E+03
 2.83730E+03
 2.88919E+03
 2.90080E+03
 2.90328E+03
 2.90379E+03
 2.90388E+03
 2.90390E+03
 2.90390E+03
 2.90390E+03
 2.90391E+03
 2.90391E+03
 2.90391E+03
 2.90391E+03
 2.90391E+03
 2.90391E+03
 2.90391E+03
 2.90391E+03
 2.90391E+03
 2.90391E+03
 2.90391E+03
 2.90391E+03
 2.90391E+03
 2.90391E+03
 2.90391E+03
 2.90391E+03
 2.90391E+03
 2.90391E+03
 2.90391E+03
 2.90392E+03
 2.90392E+03
 2.90392E+03
 2.90392E+03
 2.90392E+03
 2.90392E+03
 2.90392E+03
 2.90392E+03
 2.90392E+03
 2.90392E+03
 2.90392E+03
 2.90392E+03
 2.90392E+03
 2.90392E+03
 2.90392E+03
 2.90392E+03
 2.90392E+03
 2.90392E+03
 2.90392E+03
 2.90392E+03
 2.90392E+03
 2.90392E+03
 2.90392E+03
 2.90392E+03
 2.90392E+03
 2.90392E+03
 2.90392E+03
 2.90392E+03
 2.90392E+03
 2.90392E+03
 2.90392E+03
 2.90392E+03
 2.90392E+03
 2.90392E+03
 2.90392E+03
 2.90392E+03
 2.90392E+03
 2.90392E+03
 2.90392E+03
 2.90392E+03
 2.90392E+03
 2.90392E+03
 2.90392E+03
 2.90392E+03
 2.90392E+03
 2.90392E+03
 2.90392E+03
 2.90392E+03
 2.90392E+03
 2.90392E+03
 2.90392E+03
 2.90392E+03
 2.90392E+03
 2.90392E+03
 2.90392E+03
 2.90392E+03
 2.90392E+03
 2.90392E+03
 2.90392E+03
 2.90392E+03
 2.90392E+03
 2.90392E+03
 2.90392E+03
 2.90392E+03
 2.90392E+03
 2.90392E+03
 2.90392E+03
 1.24270E+03
 1.24270E+03
 1.24270E+03
 1.24270E+03
 1.24270E+03
 1.24270E+03
 1.24270E+03
 1.24270E+03
 1.24270E+03
 1.24270E+03
 1.24270E+03
 1.24270E+03
 1.24270E+03
 1.24270E+03
 1.24270E+03
 1.24270E+03
 1.24270E+03
 1.24270E+03
 1.24270E+03
 1.24270E+03
 1.24266E+03
 1.24266E+03
 1.63483E+03
 2.69163E+03
 2.85071E+03
 2.89131E+03
 2.90111E+03
 2.90332E+03
 2.90379E+03
 2.90388E+03
 2.90390E+03
 2.90390E+03
 2.90390E+03
 2.90390E+03
 2.90390E+03
 2.90390E+03
 2.90391E+03
 2.90391E+03
 2.90391E+03
 2.90391E+03
 2.90391E+03
 2.90391E+03
 2.90391E+03
 2.90391E+03
 2.90391E+03
 2.90391E+03
 2.90391E+03
 2.90391E+03
 2.90391E+03
 2.90391E+03
 2.90391E+03
 2.90391E+03
 2.90391E+03
 2.90391E+03
 2.90391E+03
 2.90391E+03
 2.90391E+03
 2.90392E+03
 2.90392E+03
 2.90392E+03
 2.90392E+03
 2.90392E+03
 2.90392E+03
 2.90392E+03
 2.90392E+03
 2.90392E+03
 2.90392E+03
 2.90392E+03
 2.90392E+03
 2.90392E+03
 2.90392E+03
 2.90392E+03
 2.90392E+03
 2.90392E+03
 2.90392E+03
 2.90392E+03
 2.90392E+03
 2.90392E+03
 2.90392E+03
 2.90392E+03
 2.90392E+03
 2.90392E+03
 2.90392E+03
 2.90392E+03
 2.90392E+03
 2.90392E+03
 2.90392E+03
 2.90392E+03
 2.90392E+03
 2.90392E+03
 2.90392E+03
 2.90392E+03
 2.90392E+03
 2.90392E+03
 2.90392E+03
 2.90392E+03
 2.90392E+03
 2.90392E+03
 2.90392E+03
 2.90392E+03
 2.90392E+03
 2.90392E+03
 2.90392E+03
 2.90392E+03
 2.90392E+03
 2.90392E+03
 2.90392E+03
 2.90392E+03
 2.90392E+03
 2.90392E+03
 2.90392E+03
 2.90392E+03
 2.90392E+03
 2.90392E+03
 2.90392E+03
 2.90392E+03
 2.90392E+03
 2.90392E+03
 2.90392E+03
 2.90392E+03
 1.24270E+03
 1.24270E+03
 1.24270E+03
 1.24270E+03
 1.24270E+03
 1.24270E+03
 1.24270E+03
 1.24270E+03
 1.24270E+03
 1.24270E+03
 1.24270E+03
 1.24270E+03
 1.24270E+03
 1.24270E+03
 1.24270E+03
 1.24270E+03
 1.24270E+03
 1.24270E+03
 1.24270E+03
 1.24266E+03
 1.24271E+03
 1.95271E+03
 2.73446E+03
 2.86190E+03
 2.89365E+03
 2.90153E+03
 2.90338E+03
 2.90379E+03
 2.90388E+03
 2.90389E+03
 2.90390E+03
 2.90390E+03
 2.90390E+03
 2.90390E+03
 2.90390E+03
 2.90390E+03
 2.90390E+03
 2.90391E+03
 2.90391E+03
 2.90391E+03
 2.90391E+03
 2.90391E+03
 2.90391E+03
 2.90391E+03
 2.90391E+03
 2.90391E+03
 2.90391E+03
 2.90391E+03
 2.90391E+03
 2.90391E+03
 2.90391E+03
 2.90391E+03
 2.90391E+03
 2.90391E+03
 2.90391E+03
 2.90391E+03
 2.90391E+03
 2.90391E+03
 2.90391E+03
 2.90391E+03
 2.90391E+03
 2.90391E+03
 2.90391E+03
 2.90392E+03
 2.90392E+03
 2.90392E+03
 2.90392E+03
 2.90392E+03
 2.90392E+03
 2.90392E+03
 2.90392E+03
 2.90392E+03
 2.90392E+03
 2.90392E+03
 2.90392E+03
 2.90392E+03
 2.90392E+03
 2.90392E+03
 2.90392E+03
 2.90392E+03
 2.90392E+03
 2.90392E+03
 2.90392E+03
 2.90392E+03
 2.90392E+03
 2.90392E+03
 2.90392E+03
 2.90392E+03
 2.90392E+03
 2.90392E+03
 2.90392E+03
 2.90392E+03
 2.90392E+03
 2.90392E+03
 2.90392E+03
 2.90392E+03
 2.90392E+03
 2.90392E+03
 2.90392E+03
 2.90392E+03
 2.90392E+03
 2.90392E+03
 2.90392E+03
 2.90392E+03
 2.90392E+03
 2.90392E+03
 2.90392E+03
 2.90392E+03
 2.90392E+03
 2.90392E+03
 2.90392E+03
 2.90392E+03
 2.90392E+03
 2.90392E+03
 2.90392E+03
 2.90392E+03
 2.90392E+03
 2.90392E+03
 2.90392E+03
 2.90392E+03
 1.24270E+03
 1.24270E+03
 1.24270E+03
 1.24270E+03
 1.24270E+03
 1.24270E+03
 1.24270E+03
 1.24270E+03
 1.24270E+03
 1.24270E+03
 1.24270E+03
 1.24270E+03
 1.24270E+03
 1.24270E+03
 1.24270E+03
 1.24270E+03
 1.24270E+03
 1.24266E+03
 1.24266E+03
 1.28172E+03
 2.32104E+03
 2.78268E+03
 2.87271E+03
 2.89597E+03
 2.90198E+03
 2.90346E+03
 2.90380E+03
 2.90388E+03
 2.90389E+03
 2.90390E+03
 2.90390E+03
 2.90390E+03
 2.90390E+03
 2.90390E+03
 2.90390E+03
 2.90390E+03
 2.90390E+03
 2.90390E+03
 2.90390E+03
 2.90391E+03
 2.90391E+03
 2.90391E+03
 2.90391E+03
 2.90391E+03
 2.90391E+03
 2.90391E+03
 2.90391E+03
 2.90391E+03
 2.90391E+03
 2.90391E+03
 2.90391E+03
 2.90391E+03
 2.90391E+03
 2.90391E+03
 2.90391E+03
 2.90391E+03
 2.90391E+03
 2.90391E+03
 2.90391E+03
 2.90391E+03
 2.90391E+03
 2.90391E+03
 2.90391E+03
 2.90391E+03
 2.90391E+03
 2.90391E+03
 2.90391E+03
 2.90391E+03
 2.90391E+03
 2.90391E+03
 2.90391E+03
 2.90392E+03
 2.90392E+03
 2.90392E+03
 2.90392E+03
 2.90392E+03
 2.90392E+03
 2.90392E+03
 2.90392E+03
 2.90392E+03
 2.90392E+03
 2.90392E+03
 2.90392E+03
 2.90392E+03
 2.90392E+03
 2.90392E+03
 2.90392E+03
 2.90392E+03
 2.90392E+03
 2.90392E+03
 2.90392E+03
 2.90392E+03
 2.90392E+03
 2.90392E+03
 2.90392E+03
 2.90392E+03
 2.90392E+03
 2.90392E+03
 2.90392E+03
 2.90392E+03
 2.90392E+03
 2.90392E+03
 2.90392E+03
 2.90392E+03
 2.90392E+03
 2.90392E+03
 2.90392E+03
 2.90392E+03
 2.90392E+03
 2.90392E+03
 2.90392E+03
 2.90392E+03
 2.90392E+03
 2.90392E+03
 2.90392E+03
 2.90392E+03
 2.90392E+03
 2.90392E+03
 2.90392E+03
 2.90392E+03
 1.24270E+03
 1.24270E+03
 1.24270E+03
 1.24270E+03
 1.24270E+03
 1.24270E+03
 1.24270E+03
 1.24270E+03
 1.24270E+03
 1.24270E+03
 1.24270E+03
 1.24270E+03
 1.24270E+03
 1.24270E+03
 1.24270E+03
 1.24270E+03
 1.24266E+03
 1.24267E+03
 1.72456E+03
 2.67715E+03
 2.82816E+03
 2.88242E+03
 2.89811E+03
 2.90242E+03
 2.90354E+03
 2.90381E+03
 2.90388E+03
 2.90389E+03
 2.90389E+03
 2.90390E+03
 2.90390E+03
 2.90390E+03
 2.90390E+03
 2.90390E+03
 2.90390E+03
 2.90390E+03
 2.90390E+03
 2.90390E+03
 2.90390E+03
 2.90390E+03
 2.90390E+03
 2.90391E+03
 2.90391E+03
 2.90391E+03
 2.90391E+03
 2.90391E+03
 2.90391E+03
 2.90391E+03
 2.90391E+03
 2.90391E+03
 2.90391E+03
 2.90391E+03
 2.90391E+03
 2.90391E+03
 2.90391E+03
 2.90391E+03
 2.90391E+03
 2.90391E+03
 2.90391E+03
 2.90391E+03
 2.90391E+03
 2.90391E+03
 2.90391E+03
 2.90391E+03
 2.90391E+03
 2.90391E+03
 2.90391E+03
 2.90391E+03
 2.90391E+03
 2.90391E+03
 2.90391E+03
 2.90391E+03
 2.90391E+03
 2.90391E+03
 2.90391E+03
 2.90391E+03
 2.90391E+03
 2.90391E+03
 2.90391E+03
 2.90391E+03
 2.90391E+03
 2.90391E+03
 2.90391E+03
 2.90391E+03
 2.90391E+03
 2.90391E+03
 2.90391E+03
 2.90392E+03
 2.90392E+03
 2.90392E+03
 2.90392E+03
 2.90392E+03
 2.90392E+03
 2.90392E+03
 2.90392E+03
 2.90392E+03
 2.90392E+03
 2.90392E+03
 2.90392E+03
 2.90392E+03
 2.90392E+03
 2.90392E+03
 2.90392E+03
 2.90392E+03
 2.90392E+03
 2.90392E+03
 2.90392E+03
 2.90392E+03
 2.90392E+03
 2.90392E+03
 2.90392E+03
 2.90392E+03
 2.90392E+03
 2.90392E+03
 2.90392E+03
 2.90392E+03
 2.90392E+03
 2.90392E+03
 2.90392E+03
 2.90392E+03
 1.24270E+03
 1.24270E+03
 1.24270E+03
 1.24270E+03
 1.24270E+03
 1.24270E+03
 1.24270E+03
 1.24270E+03
 1.24270E+03
 1.24270E+03
 1.24270E+03
 1.24270E+03
 1.24270E+03
 1.24270E+03
 1.24266E+03
 1.24266E+03
 1.31387E+03
 2.21432E+03
 2.74727E+03
 2.85754E+03
 2.88988E+03
 2.89989E+03
 2.90282E+03
 2.90362E+03
 2.90383E+03
 2.90388E+03
 2.90389E+03
 2.90389E+03
 2.90389E+03
 2.90389E+03
 2.90390E+03
 2.90390E+03
 2.90390E+03
 2.90390E+03
 2.90390E+03
 2.90390E+03
 2.90390E+03
 2.90390E+03
 2.90390E+03
 2.90390E+03
 2.90390E+03
 2.90390E+03
 2.90390E+03
 2.90391E+03
 2.90391E+03
 2.90391E+03
 2.90391E+03
 2.90391E+03
 2.90391E+03
 2.90391E+03
 2.90391E+03
 2.90391E+03
 2.90391E+03
 2.90391E+03
 2.90391E+03
 2.90391E+03
 2.90391E+03
 2.90391E+03
 2.90391E+03
 2.90391E+03
 2.90391E+03
 2.90391E+03
 2.90391E+03
 2.90391E+03
 2.90391E+03
 2.90391E+03
 2.90391E+03
 2.90391E+03
 2.90391E+03
 2.90391E+03
 2.90391E+03
 2.90391E+03
 2.90391E+03
 2.90391E+03
 2.90391E+03
 2.90391E+03
 2.90391E+03
 2.90391E+03
 2.90391E+03
 2.90391E+03
 2.90391E+03
 2.90391E+03
 2.90391E+03
 2.90391E+03
 2.90391E+03
 2.90391E+03
 2.90391E+03
 2.90391E+03
 2.90391E+03
 2.90391E+03
 2.90391E+03
 2.90391E+03
 2.90391E+03
 2.90391E+03
 2.90391E+03
 2.90391E+03
 2.90391E+03
 2.90391E+03
 2.90391E+03
 2.90391E+03
 2.90391E+03
 2.90391E+03
 2.90391E+03
 2.90391E+03
 2.90391E+03
 2.90391E+03
 2.90391E+03
 2.90391E+03
 2.90391E+03
 2.90391E+03
 2.90391E+03
 2.90391E+03
 2.90391E+03
 2.90391E+03
 2.90391E+03
 2.90391E+03
 2.90391E+03
 2.90391E+03
 2.90391E+03
 2.90391E+03
 1.24270E+03
 1.24270E+03
 1.24270E+03
 1.24270E+03
 1.24270E+03
 1.24270E+03
 1.24270E+03
 1.24270E+03
 1.24270E+03
 1.24270E+03
 1.24270E+03
 1.24270E+03
 1.24266E+03
 1.24266E+03
 1.24372E+03
 1.87997E+03
 2.68059E+03
 2.81595E+03
 2.87519E+03
 2.89495E+03
 2.90123E+03
 2.90314E+03
 2.90369E+03
 2.90384E+03
 2.90388E+03
 2.90389E+03
 2.90389E+03
 2.90389E+03
 2.90389E+03
 2.90389E+03
 2.90389E+03
 2.90389E+03
 2.90390E+03
 2.90390E+03
 2.90390E+03
 2.90390E+03
 2.90390E+03
 2.90390E+03
 2.90390E+03
 2.90390E+03
 2.90390E+03
 2.90390E+03
 2.90390E+03
 2.90390E+03
 2.90390E+03
 2.90391E+03
 2.90391E+03
 2.90391E+03
 2.90391E+03
 2.90391E+03
 2.90391E+03
 2.90391E+03
 2.90391E+03
 2.90391E+03
 2.90391E+03
 2.90391E+03
 2.90391E+03
 2.90391E+03
 2.90391E+03
 2.90391E+03
 2.90391E+03
 2.90391E+03
 2.90391E+03
 2.90391E+03
 2.90391E+03
 2.90391E+03
 2.90391E+03
 2.90391E+03
 2.90391E+03
 2.90391E+03
 2.90391E+03
 2.90391E+03
 2.90391E+03
 2.90391E+03
 2.90391E+03
 2.90391E+03
 2.90391E+03
 2.90391E+03
 2.90391E+03
 2.90391E+03
 2.90391E+03
 2.90391E+03
 2.90391E+03
 2.90391E+03
 2.90391E+03
 2.90391E+03
 2.90391E+03
 2.90391E+03
 2.90391E+03
 2.90391E+03
 2.90391E+03
 2.90391E+03
 2.90391E+03
 2.90391E+03
 2.90391E+03
 2.90391E+03
 2.90391E+03
 2.90391E+03
 2.90391E+03
 2.90391E+03
 2.90391E+03
 2.90391E+03
 2.90391E+03
 2.90391E+03
 2.90391E+03
 2.90391E+03
 2.90391E+03
 2.90391E+03
 2.90391E+03
 2.90391E+03
 2.90391E+03
 2.90391E+03
 2.90391E+03
 2.90391E+03
 2.90391E+03
 2.90391E+03
 2.90391E+03
 2.90391E+03
 2.90391E+03
 2.90391E+03
 1.24270E+03
 1.24270E+03
 1.24270E+03
 1.24270E+03
 1.24270E+03
 1.24270E+03
 1.24270E+03
 1.24270E+03
 1.24270E+03
 1.24270E+03
 1.24266E+03
 1.24266E+03
 1.24304E+03
 1.72322E+03
 2.51027E+03
 2.76990E+03
 2.85817E+03
 2.88776E+03
 2.89849E+03
 2.90220E+03
 2.90339E+03
 2.90375E+03
 2.90385E+03
 2.90388E+03
 2.90388E+03
 2.90389E+03
 2.90389E+03
 2.90389E+03
 2.90389E+03
 2.90389E+03
 2.90389E+03
 2.90389E+03
 2.90389E+03
 2.90390E+03
 2.90390E+03
 2.90390E+03
 2.90390E+03
 2.90390E+03
 2.90390E+03
 2.90390E+03
 2.90390E+03
 2.90390E+03
 2.90390E+03
 2.90390E+03
 2.90390E+03
 2.90390E+03
 2.90390E+03
 2.90390E+03
 2.90391E+03
 2.90391E+03
 2.90391E+03
 2.90391E+03
 2.90391E+03
 2.90391E+03
 2.90391E+03
 2.90391E+03
 2.90391E+03
 2.90391E+03
 2.90391E+03
 2.90391E+03
 2.90391E+03
 2.90391E+03
 2.90391E+03
 2.90391E+03
 2.90391E+03
 2.90391E+03
 2.90391E+03
 2.90391E+03
 2.90391E+03
 2.90391E+03
 2.90391E+03
 2.90391E+03
 2.90391E+03
 2.90391E+03
 2.90391E+03
 2.90391E+03
 2.90391E+03
 2.90391E+03
 2.90391E+03
 2.90391E+03
 2.90391E+03
 2.90391E+03
 2.90391E+03
 2.90391E+03
 2.90391E+03
 2.90391E+03
 2.90391E+03
 2.90391E+03
 2.90391E+03
 2.90391E+03
 2.90391E+03
 2.90391E+03
 2.90391E+03
 2.90391E+03
 2.90391E+03
 2.90391E+03
 2.90391E+03
 2.90391E+03
 2.90391E+03
 2.90391E+03
 2.90391E+03
 2.90391E+03
 2.90391E+03
 2.90391E+03
 2.90391E+03
 2.90391E+03
 2.90391E+03
 2.90391E+03
 2.90391E+03
 2.90391E+03
 2.90391E+03
 2.90391E+03
 2.90391E+03
 2.90391E+03
 2.90391E+03
 2.90391E+03
 2.90391E+03
 2.90391E+03
 2.90391E+03
 2.90391E+03
 1.24270E+03
 1.24270E+03
 1.24270E+03
 1.24270E+03
 1.24270E+03
 1.24270E+03
 1.24270E+03
 1.24265E+03
 1.24265E+03
 1.24265E+03
 1.24509E+03
 1.74482E+03
 2.43712E+03
 2.74484E+03
 2.84335E+03
 2.87948E+03
 2.89498E+03
 2.90079E+03
 2.90286E+03
 2.90357E+03
 2.90379E+03
 2.90386E+03
 2.90388E+03
 2.90388E+03
 2.90388E+03
 2.90389E+03
 2.90389E+03
 2.90389E+03
 2.90389E+03
 2.90389E+03
 2.90389E+03
 2.90389E+03
 2.90389E+03
 2.90389E+03
 2.90389E+03
 2.90390E+03
 2.90390E+03
 2.90390E+03
 2.90390E+03
 2.90390E+03
 2.90390E+03
 2.90390E+03
 2.90390E+03
 2.90390E+03
 2.90390E+03
 2.90390E+03
 2.90390E+03
 2.90390E+03
 2.90390E+03
 2.90390E+03
 2.90391E+03
 2.90391E+03
 2.90391E+03
 2.90391E+03
 2.90391E+03
 2.90391E+03
 2.90391E+03
 2.90391E+03
 2.90391E+03
 2.90391E+03
 2.90391E+03
 2.90391E+03
 2.90391E+03
 2.90391E+03
 2.90391E+03
 2.90391E+03
 2.90391E+03
 2.90391E+03
 2.90391E+03
 2.90391E+03
 2.90391E+03
 2.90391E+03
 2.90391E+03
 2.90391E+03
 2.90391E+03
 2.90391E+03
 2.90391E+03
 2.90391E+03
 2.90391E+03
 2.90391E+03
 2.90391E+03
 2.90391E+03
 2.90391E+03
 2.90391E+03
 2.90391E+03
 2.90391E+03
 2.90391E+03
 2.90391E+03
 2.90391E+03
 2.90391E+03
 2.90391E+03
 2.90391E+03
 2.90391E+03
 2.90391E+03
 2.90391E+03
 2.90391E+03
 2.90391E+03
 2.90391E+03
 2.90391E+03
 2.90391E+03
 2.90391E+03
 2.90391E+03
 2.90391E+03
 2.90391E+03
 2.90391E+03
 2.90391E+03
 2.90391E+03
 2.90391E+03
 2.90391E+03
 2.90391E+03
 2.90391E+03
 2.90391E+03
 2.90391E+03
 2.90391E+03
 2.90391E+03
 2.90391E+03
 2.90391E+03
 2.90391E+03
 2.90391E+03
 2.90391E+03
 1.24270E+03
 1.24265E+03
 1.24265E+03
 1.24265E+03
 1.24265E+03
 1.24265E+03
 1.24265E+03
 1.24291E+03
 1.42781E+03
 1.95002E+03
 2.56178E+03
 2.74762E+03
 2.83712E+03
 2.87408E+03
 2.89195E+03
 2.89922E+03
 2.90217E+03
 2.90329E+03
 2.90369E+03
 2.90382E+03
 2.90386E+03
 2.90388E+03
 2.90388E+03
 2.90388E+03
 2.90388E+03
 2.90388E+03
 2.90389E+03
 2.90389E+03
 2.90389E+03
 2.90389E+03
 2.90389E+03
 2.90389E+03
 2.90389E+03
 2.90389E+03
 2.90389E+03
 2.90389E+03
 2.90389E+03
 2.90390E+03
 2.90390E+03
 2.90390E+03
 2.90390E+03
 2.90390E+03
 2.90390E+03
 2.90390E+03
 2.90390E+03
 2.90390E+03
 2.90390E+03
 2.90390E+03
 2.90390E+03
 2.90390E+03
 2.90390E+03
 2.90390E+03
 2.90390E+03
 2.90391E+03
 2.90391E+03
 2.90391E+03
 2.90391E+03
 2.90391E+03
 2.90391E+03
 2.90391E+03
 2.90391E+03
 2.90391E+03
 2.90391E+03
 2.90391E+03
 2.90391E+03
 2.90391E+03
 2.90391E+03
 2.90391E+03
 2.90391E+03
 2.90391E+03
 2.90391E+03
 2.90391E+03
 2.90391E+03
 2.90391E+03
 2.90391E+03
 2.90391E+03
 2.90391E+03
 2.90391E+03
 2.90391E+03
 2.90391E+03
 2.90391E+03
 2.90391E+03
 2.90391E+03
 2.90391E+03
 2.90391E+03
 2.90391E+03
 2.90391E+03
 2.90391E+03
 2.90391E+03
 2.90391E+03
 2.90391E+03
 2.90391E+03
 2.90391E+03
 2.90391E+03
 2.90391E+03
 2.90391E+03
 2.90391E+03
 2.90391E+03
 2.90391E+03
 2.90391E+03
 2.90391E+03
 2.90391E+03
 2.90391E+03
 2.90391E+03
 2.90391E+03
 2.90391E+03
 2.90391E+03
 2.90391E+03
 2.90391E+03
 2.90391E+03
 2.90391E+03
 2.90391E+03
 2.90391E+03
 2.90391E+03
 2.90391E+03
 2.90391E+03
 2.90391E+03
 2.90391E+03
 2.90391E+03
 2.90391E+03
 1.24265E+03
 1.24265E+03
 1.24266E+03
 1.24296E+03
 1.25863E+03
 1.55576E+03
 1.92582E+03
 2.37384E+03
 2.69576E+03
 2.77821E+03
 2.84596E+03
 2.87446E+03
 2.89076E+03
 2.89814E+03
 2.90154E+03
 2.90298E+03
 2.90355E+03
 2.90376E+03
 2.90384E+03
 2.90387E+03
 2.90387E+03
 2.90388E+03
 2.90388E+03
 2.90388E+03
 2.90388E+03
 2.90388E+03
 2.90388E+03
 2.90388E+03
 2.90389E+03
 2.90389E+03
 2.90389E+03
 2.90389E+03
 2.90389E+03
 2.90389E+03
 2.90389E+03
 2.90389E+03
 2.90389E+03
 2.90389E+03
 2.90389E+03
 2.90390E+03
 2.90390E+03
 2.90390E+03
 2.90390E+03
 2.90390E+03
 2.90390E+03
 2.90390E+03
 2.90390E+03
 2.90390E+03
 2.90390E+03
 2.90390E+03
 2.90390E+03
 2.90390E+03
 2.90390E+03
 2.90390E+03
 2.90390E+03
 2.90391E+03
 2.90391E+03
 2.90391E+03
 2.90391E+03
 2.90391E+03
 2.90391E+03
 2.90391E+03
 2.90391E+03
 2.90391E+03
 2.90391E+03
 2.90391E+03
 2.90391E+03
 2.90391E+03
 2.90391E+03
 2.90391E+03
 2.90391E+03
 2.90391E+03
 2.90391E+03
 2.90391E+03
 2.90391E+03
 2.90391E+03
 2.90391E+03
 2.90391E+03
 2.90391E+03
 2.90391E+03
 2.90391E+03
 2.90391E+03
 2.90391E+03
 2.90391E+03
 2.90391E+03
 2.90391E+03
 2.90391E+03
 2.90391E+03
 2.90391E+03
 2.90391E+03
 2.90391E+03
 2.90391E+03
 2.90391E+03
 2.90391E+03
 2.90391E+03
 2.90391E+03
 2.90391E+03
 2.90391E+03
 2.90391E+03
 2.90391E+03
 2.90391E+03
 2.90391E+03
 2.90391E+03
 2.90391E+03
 2.90391E+03
 2.90391E+03
 2.90391E+03
 2.90391E+03
 2.90391E+03
 2.90391E+03
 2.90391E+03
 2.90391E+03
 2.90391E+03
 2.90391E+03
 2.90391E+03
 2.90391E+03
 2.90391E+03
 2.90391E+03
 2.90391E+03
 2.90391E+03
 1.76285E+03
 1.95055E+03
 2.15474E+03
 2.39632E+03
 2.66078E+03
 2.71546E+03
 2.77375E+03
 2.83031E+03
 2.86131E+03
 2.88056E+03
 2.89214E+03
 2.89816E+03
 2.90128E+03
 2.90276E+03
 2.90342E+03
 2.90370E+03
 2.90381E+03
 2.90385E+03
 2.90387E+03
 2.90387E+03
 2.90387E+03
 2.90388E+03
 2.90388E+03
 2.90388E+03
 2.90388E+03
 2.90388E+03
 2.90388E+03
 2.90388E+03
 2.90388E+03
 2.90389E+03
 2.90389E+03
 2.90389E+03
 2.90389E+03
 2.90389E+03
 2.90389E+03
 2.90389E+03
 2.90389E+03
 2.90389E+03
 2.90389E+03
 2.90389E+03
 2.90390E+03
 2.90390E+03
 2.90390E+03
 2.90390E+03
 2.90390E+03
 2.90390E+03
 2.90390E+03
 2.90390E+03
 2.90390E+03
 2.90390E+03
 2.90390E+03
 2.90390E+03
 2.90390E+03
 2.90390E+03
 2.90390E+03
 2.90390E+03
 2.90390E+03
 2.90390E+03
 2.90391E+03
 2.90391E+03
 2.90391E+03
 2.90391E+03
 2.90391E+03
 2.90391E+03
 2.90391E+03
 2.90391E+03
 2.90391E+03
 2.90391E+03
 2.90391E+03
 2.90391E+03
 2.90391E+03
 2.90391E+03
 2.90391E+03
 2.90391E+03
 2.90391E+03
 2.90391E+03
 2.90391E+03
 2.90391E+03
 2.90391E+03
 2.90391E+03
 2.90391E+03
 2.90391E+03
 2.90391E+03
 2.90391E+03
 2.90391E+03
 2.90391E+03
 2.90391E+03
 2.90391E+03
 2.90391E+03
 2.90391E+03
 2.90391E+03
 2.90391E+03
 2.90391E+03
 2.90391E+03
 2.90391E+03
 2.90391E+03
 2.90391E+03
 2.90391E+03
 2.90391E+03
 2.90391E+03
 2.90391E+03
 2.90391E+03
 2.90391E+03
 2.90391E+03
 2.90391E+03
 2.90391E+03
 2.90391E+03
 2.90391E+03
 2.90391E+03
 2.90391E+03
 2.90391E+03
 2.90391E+03
 2.90391E+03
 2.90391E+03
 2.90391E+03
 2.90391E+03
 2.90391E+03
 2.90391E+03
 2.90391E+03
 2.90391E+03
 2.74724E+03
 2.77637E+03
 2.80489E+03
 2.83156E+03
 2.85177E+03
 2.86626E+03
 2.87944E+03
 2.88930E+03
 2.89537E+03
 2.89928E+03
 2.90153E+03
 2.90275E+03
 2.90336E+03
 2.90365E+03
 2.90378E+03
 2.90384E+03
 2.90386E+03
 2.90387E+03
 2.90387E+03
 2.90387E+03
 2.90387E+03
 2.90387E+03
 2.90388E+03
 2.90388E+03
 2.90388E+03
 2.90388E+03
 2.90388E+03
 2.90388E+03
 2.90388E+03
 2.90388E+03
 2.90388E+03
 2.90389E+03
 2.90389E+03
 2.90389E+03
 2.90389E+03
 2.90389E+03
 2.90389E+03
 2.90389E+03
 2.90389E+03
 2.90389E+03
 2.90389E+03
 2.90389E+03
 2.90390E+03
 2.90390E+03
 2.90390E+03
 2.90390E+03
 2.90390E+03
 2.90390E+03
 2.90390E+03
 2.90390E+03
 2.90390E+03
 2.90390E+03
 2.90390E+03
 2.90390E+03
 2.90390E+03
 2.90390E+03
 2.90390E+03
 2.90390E+03
 2.90390E+03
 2.90390E+03
 2.90390E+03
 2.90391E+03
 2.90391E+03
 2.90391E+03
 2.90391E+03
 2.90391E+03
 2.90391E+03
 2.90391E+03
 2.90391E+03
 2.90391E+03
 2.90391E+03
 2.90391E+03
 2.90391E+03
 2.90391E+03
 2.90391E+03
 2.90391E+03
 2.90391E+03
 2.90391E+03
 2.90391E+03
 2.90391E+03
 2.90391E+03
 2.90391E+03
 2.90391E+03
 2.90391E+03
 2.90391E+03
 2.90391E+03
 2.90391E+03
 2.90391E+03
 2.90391E+03
 2.90391E+03
 2.90391E+03
 2.90391E+03
 2.90391E+03
 2.90391E+03
 2.90391E+03
 2.90391E+03
 2.90391E+03
 2.90391E+03
 2.90391E+03
 2.90391E+03
 2.90391E+03
 2.90391E+03
 2.90391E+03
 2.90391E+03
 2.90391E+03
 2.90391E+03
 2.90391E+03
 2.90391E+03
 2.90391E+03
 2.90391E+03
 2.90391E+03
 2.90391E+03
 2.90391E+03
 2.90391E+03
 2.90391E+03
 2.90391E+03
 2.90391E+03
 2.90391E+03
 2.90391E+03
 2.90391E+03
 2.87365E+03
 2.87970E+03
 2.88487E+03
 2.88931E+03
 2.89310E+03
 2.89636E+03
 2.89901E+03
 2.90092E+03
 2.90218E+03
 2.90295E+03
 2.90340E+03
 2.90365E+03
 2.90377E+03
 2.90382E+03
 2.90385E+03
 2.90386E+03
 2.90387E+03
 2.90387E+03
 2.90387E+03
 2.90387E+03
 2.90387E+03
 2.90387E+03
 2.90387E+03
 2.90388E+03
 2.90388E+03
 2.90388E+03
 2.90388E+03
 2.90388E+03
 2.90388E+03
 2.90388E+03
 2.90388E+03
 2.90388E+03
 2.90388E+03
 2.90389E+03
 2.90389E+03
 2.90389E+03
 2.90389E+03
 2.90389E+03
 2.90389E+03
 2.90389E+03
 2.90389E+03
 2.90389E+03
 2.90389E+03
 2.90389E+03
 2.90390E+03
 2.90390E+03
 2.90390E+03
 2.90390E+03
 2.90390E+03
 2.90390E+03
 2.90390E+03
 2.90390E+03
 2.90390E+03
 2.90390E+03
 2.90390E+03
 2.90390E+03
 2.90390E+03
 2.90390E+03
 2.90390E+03
 2.90390E+03
 2.90390E+03
 2.90390E+03
 2.90390E+03
 2.90391E+03
 2.90391E+03
 2.90391E+03
 2.90391E+03
 2.90391E+03
 2.90391E+03
 2.90391E+03
 2.90391E+03
 2.90391E+03
 2.90391E+03
 2.90391E+03
 2.90391E+03
 2.90391E+03
 2.90391E+03
 2.90391E+03
 2.90391E+03
 2.90391E+03
 2.90391E+03
 2.90391E+03
 2.90391E+03
 2.90391E+03
 2.90391E+03
 2.90391E+03
 2.90391E+03
 2.90391E+03
 2.90391E+03
 2.90391E+03
 2.90391E+03
 2.90391E+03
 2.90391E+03
 2.90391E+03
 2.90391E+03
 2.90391E+03
 2.90391E+03
 2.90391E+03
 2.90391E+03
 2.90391E+03
 2.90391E+03
 2.90391E+03
 2.90391E+03
 2.90391E+03
 2.90391E+03
 2.90391E+03
 2.90391E+03
 2.90391E+03
 2.90391E+03
 2.90391E+03
 2.90391E+03
 2.90391E+03
 2.90391E+03
 2.90391E+03
 2.90391E+03
 2.90391E+03
 2.90391E+03
 2.90391E+03
 2.90391E+03
 2.90391E+03
 2.89785E+03
 2.89901E+03
 2.90000E+03
 2.90089E+03
 2.90168E+03
 2.90236E+03
 2.90289E+03
 2.90327E+03
 2.90353E+03
 2.90368E+03
 2.90377E+03
 2.90382E+03
 2.90384E+03
 2.90385E+03
 2.90386E+03
 2.90386E+03
 2.90387E+03
 2.90387E+03
 2.90387E+03
 2.90387E+03
 2.90387E+03
 2.90387E+03
 2.90387E+03
 2.90387E+03
 2.90387E+03
 2.90388E+03
 2.90388E+03
 2.90388E+03
 2.90388E+03
 2.90388E+03
 2.90388E+03
 2.90388E+03
 2.90388E+03
 2.90388E+03
 2.90389E+03
 2.90389E+03
 2.90389E+03
 2.90389E+03
 2.90389E+03
 2.90389E+03
 2.90389E+03
 2.90389E+03
 2.90389E+03
 2.90389E+03
 2.90389E+03
 2.90389E+03
 2.90390E+03
 2.90390E+03
 2.90390E+03
 2.90390E+03
 2.90390E+03
 2.90390E+03
 2.90390E+03
 2.90390E+03
 2.90390E+03
 2.90390E+03
 2.90390E+03
 2.90390E+03
 2.90390E+03
 2.90390E+03
 2.90390E+03
 2.90390E+03
 2.90390E+03
 2.90390E+03
 2.90390E+03
 2.90390E+03
 2.90391E+03
 2.90391E+03
 2.90391E+03
 2.90391E+03
 2.90391E+03
 2.90391E+03
 2.90391E+03
 2.90391E+03
 2.90391E+03
 2.90391E+03
 2.90391E+03
 2.90391E+03
 2.90391E+03
 2.90391E+03
 2.90391E+03
 2.90391E+03
 2.90391E+03
 2.90391E+03
 2.90391E+03
 2.90391E+03
 2.90391E+03
 2.90391E+03
 2.90391E+03
 2.90391E+03
 2.90391E+03
 2.90391E+03
 2.90391E+03
 2.90391E+03
 2.90391E+03
 2.90391E+03
 2.90391E+03
 2.90391E+03
 2.90391E+03
 2.90391E+03
 2.90391E+03
 2.90391E+03
 2.90391E+03
 2.90391E+03
 2.90391E+03
 2.90391E+03
 2.90391E+03
 2.90391E+03
 2.90391E+03
 2.90391E+03
 2.90391E+03
 2.90391E+03
 2.90391E+03
 2.90391E+03
 2.90391E+03
 2.90391E+03
 2.90391E+03
 2.90391E+03
 2.90391E+03
 2.90391E+03
 2.90265E+03
 2.90288E+03
 2.90307E+03
 2.90326E+03
 2.90342E+03
 2.90356E+03
 2.90366E+03
 2.90374E+03
 2.90379E+03
 2.90382E+03
 2.90384E+03
 2.90385E+03
 2.90386E+03
 2.90386E+03
 2.90386E+03
 2.90386E+03
 2.90386E+03
 2.90386E+03
 2.90387E+03
 2.90387E+03
 2.90387E+03
 2.90387E+03
 2.90387E+03
 2.90387E+03
 2.90387E+03
 2.90387E+03
 2.90387E+03
 2.90388E+03
 2.90388E+03
 2.90388E+03
 2.90388E+03
 2.90388E+03
 2.90388E+03
 2.90388E+03
 2.90388E+03
 2.90388E+03
 2.90389E+03
 2.90389E+03
 2.90389E+03
 2.90389E+03
 2.90389E+03
 2.90389E+03
 2.90389E+03
 2.90389E+03
 2.90389E+03
 2.90389E+03
 2.90389E+03
 2.90389E+03
 2.90390E+03
 2.90390E+03
 2.90390E+03
 2.90390E+03
 2.90390E+03
 2.90390E+03
 2.90390E+03
 2.90390E+03
 2.90390E+03
 2.90390E+03
 2.90390E+03
 2.90390E+03
 2.90390E+03
 2.90390E+03
 2.90390E+03
 2.90390E+03
 2.90390E+03
 2.90390E+03
 2.90390E+03
 2.90390E+03
 2.90390E+03
 2.90391E+03
 2.90391E+03
 2.90391E+03
 2.90391E+03
 2.90391E+03
 2.90391E+03
 2.90391E+03
 2.90391E+03
 2.90391E+03
 2.90391E+03
 2.90391E+03
 2.90391E+03
 2.90391E+03
 2.90391E+03
 2.90391E+03
 2.90391E+03
 2.90391E+03
 2.90391E+03
 2.90391E+03
 2.90391E+03
 2.90391E+03
 2.90391E+03
 2.90391E+03
 2.90391E+03
 2.90391E+03
 2.90391E+03
 2.90391E+03
 2.90391E+03
 2.90391E+03
 2.90391E+03
 2.90391E+03
 2.90391E+03
 2.90391E+03
 2.90391E+03
 2.90391E+03
 2.90391E+03
 2.90391E+03
 2.90391E+03
 2.90391E+03
 2.90391E+03
 2.90391E+03
 2.90391E+03
 2.90391E+03
 2.90391E+03
 2.90391E+03
 2.90391E+03
 2.90391E+03
 2.90391E+03
 2.90391E+03
 2.90391E+03
 2.90391E+03
 2.90361E+03
 2.90366E+03
 2.90370E+03
 2.90373E+03
 2.90377E+03
 2.90379E+03
 2.90382E+03
 2.90383E+03
 2.90384E+03
 2.90385E+03
 2.90385E+03
 2.90386E+03
 2.90386E+03
 2.90386E+03
 2.90386E+03
 2.90386E+03
 2.90386E+03
 2.90386E+03
 2.90386E+03
 2.90386E+03
 2.90387E+03
 2.90387E+03
 2.90387E+03
 2.90387E+03
 2.90387E+03
 2.90387E+03
 2.90387E+03
 2.90387E+03
 2.90388E+03
 2.90388E+03
 2.90388E+03
 2.90388E+03
 2.90388E+03
 2.90388E+03
 2.90388E+03
 2.90388E+03
 2.90388E+03
 2.90388E+03
 2.90389E+03
 2.90389E+03
 2.90389E+03
 2.90389E+03
 2.90389E+03
 2.90389E+03
 2.90389E+03
 2.90389E+03
 2.90389E+03
 2.90389E+03
 2.90389E+03
 2.90389E+03
 2.90390E+03
 2.90390E+03
 2.90390E+03
 2.90390E+03
 2.90390E+03
 2.90390E+03
 2.90390E+03
 2.90390E+03
 2.90390E+03
 2.90390E+03
 2.90390E+03
 2.90390E+03
 2.90390E+03
 2.90390E+03
 2.90390E+03
 2.90390E+03
 2.90390E+03
 2.90390E+03
 2.90390E+03
 2.90390E+03
 2.90390E+03
 2.90390E+03
 2.90391E+03
 2.90391E+03
 2.90391E+03
 2.90391E+03
 2.90391E+03
 2.90391E+03
 2.90391E+03
 2.90391E+03
 2.90391E+03
 2.90391E+03
 2.90391E+03
 2.90391E+03
 2.90391E+03
 2.90391E+03
 2.90391E+03
 2.90391E+03
 2.90391E+03
 2.90391E+03
 2.90391E+03
 2.90391E+03
 2.90391E+03
 2.90391E+03
 2.90391E+03
 2.90391E+03
 2.90391E+03
 2.90391E+03
 2.90391E+03
 2.90391E+03
 2.90391E+03
 2.90391E+03
 2.90391E+03
 2.90391E+03
 2.90391E+03
 2.90391E+03
 2.90391E+03
 2.90391E+03
 2.90391E+03
 2.90391E+03
 2.90391E+03
 2.90391E+03
 2.90391E+03
 2.90391E+03
 2.90391E+03
 2.90391E+03
 2.90391E+03
 2.90391E+03
 2.90391E+03
 2.90391E+03
 2.90380E+03
 2.90381E+03
 2.90382E+03
 2.90383E+03
 2.90383E+03
 2.90384E+03
 2.90384E+03
 2.90385E+03
 2.90385E+03
 2.90385E+03
 2.90385E+03
 2.90385E+03
 2.90386E+03
 2.90386E+03
 2.90386E+03
 2.90386E+03
 2.90386E+03
 2.90386E+03
 2.90386E+03
 2.90386E+03
 2.90386E+03
 2.90387E+03
 2.90387E+03
 2.90387E+03
 2.90387E+03
 2.90387E+03
 2.90387E+03
 2.90387E+03
 2.90387E+03
 2.90387E+03
 2.90388E+03
 2.90388E+03
 2.90388E+03
 2.90388E+03
 2.90388E+03
 2.90388E+03
 2.90388E+03
 2.90388E+03
 2.90388E+03
 2.90389E+03
 2.90389E+03
 2.90389E+03
 2.90389E+03
 2.90389E+03
 2.90389E+03
 2.90389E+03
 2.90389E+03
 2.90389E+03
 2.90389E+03
 2.90389E+03
 2.90389E+03
 2.90389E+03
 2.90390E+03
 2.90390E+03
 2.90390E+03
 2.90390E+03
 2.90390E+03
 2.90390E+03
 2.90390E+03
 2.90390E+03
 2.90390E+03
 2.90390E+03
 2.90390E+03
 2.90390E+03
 2.90390E+03
 2.90390E+03
 2.90390E+03
 2.90390E+03
 2.90390E+03
 2.90390E+03
 2.90390E+03
 2.90390E+03
 2.90390E+03
 2.90390E+03
 2.90390E+03
 2.90391E+03
 2.90391E+03
 2.90391E+03
 2.90391E+03
 2.90391E+03
 2.90391E+03
 2.90391E+03
 2.90391E+03
 2.90391E+03
 2.90391E+03
 2.90391E+03
 2.90391E+03
 2.90391E+03
 2.90391E+03
 2.90391E+03
 2.90391E+03
 2.90391E+03
 2.90391E+03
 2.90391E+03
 2.90391E+03
 2.90391E+03
 2.90391E+03
 2.90391E+03
 2.90391E+03
 2.90391E+03
 2.90391E+03
 2.90391E+03
 2.90391E+03
 2.90391E+03
 2.90391E+03
 2.90391E+03
 2.90391E+03
 2.90391E+03
 2.90391E+03
 2.90391E+03
 2.90391E+03
 2.90391E+03
 2.90391E+03
 2.90391E+03
 2.90391E+03
 2.90391E+03
 2.90391E+03
 2.90391E+03
 2.90391E+03
 2.90391E+03
 2.90384E+03
 2.90384E+03
 2.90384E+03
 2.90384E+03
 2.90384E+03
 2.90385E+03
 2.90385E+03
 2.90385E+03
 2.90385E+03
 2.90385E+03
 2.90385E+03
 2.90385E+03
 2.90385E+03
 2.90385E+03
 2.90386E+03
 2.90386E+03
 2.90386E+03
 2.90386E+03
 2.90386E+03
 2.90386E+03
 2.90386E+03
 2.90386E+03
 2.90386E+03
 2.90387E+03
 2.90387E+03
 2.90387E+03
 2.90387E+03
 2.90387E+03
 2.90387E+03
 2.90387E+03
 2.90387E+03
 2.90388E+03
 2.90388E+03
 2.90388E+03
 2.90388E+03
 2.90388E+03
 2.90388E+03
 2.90388E+03
 2.90388E+03
 2.90388E+03
 2.90388E+03
 2.90389E+03
 2.90389E+03
 2.90389E+03
 2.90389E+03
 2.90389E+03
 2.90389E+03
 2.90389E+03
 2.90389E+03
 2.90389E+03
 2.90389E+03
 2.90389E+03
 2.90389E+03
 2.90390E+03
 2.90390E+03
 2.90390E+03
 2.90390E+03
 2.90390E+03
 2.90390E+03
 2.90390E+03
 2.90390E+03
 2.90390E+03
 2.90390E+03
 2.90390E+03
 2.90390E+03
 2.90390E+03
 2.90390E+03
 2.90390E+03
 2.90390E+03
 2.90390E+03
 2.90390E+03
 2.90390E+03
 2.90390E+03
 2.90390E+03
 2.90390E+03
 2.90390E+03
 2.90390E+03
 2.90390E+03
 2.90391E+03
 2.90391E+03
 2.90391E+03
 2.90391E+03
 2.90391E+03
 2.90391E+03
 2.90391E+03
 2.90391E+03
 2.90391E+03
 2.90391E+03
 2.90391E+03
 2.90391E+03
 2.90391E+03
 2.90391E+03
 2.90391E+03
 2.90391E+03
 2.90391E+03
 2.90391E+03
 2.90391E+03
 2.90391E+03
 2.90391E+03
 2.90391E+03
 2.90391E+03
 2.90391E+03
 2.90391E+03
 2.90391E+03
 2.90391E+03
 2.90391E+03
 2.90391E+03
 2.90391E+03
 2.90391E+03
 2.90391E+03
 2.90391E+03
 2.90391E+03
 2.90391E+03
 2.90391E+03
 2.90391E+03
 2.90391E+03
 2.90391E+03
 2.90391E+03
 2.90391E+03
 2.90391E+03
 2.90384E+03
 2.90384E+03
 2.90384E+03
 2.90384E+03
 2.90384E+03
 2.90385E+03
 2.90385E+03
 2.90385E+03
 2.90385E+03
 2.90385E+03
 2.90385E+03
 2.90385E+03
 2.90385E+03
 2.90385E+03
 2.90385E+03
 2.90385E+03
 2.90386E+03
 2.90386E+03
 2.90386E+03
 2.90386E+03
 2.90386E+03
 2.90386E+03
 2.90386E+03
 2.90386E+03
 2.90386E+03
 2.90387E+03
 2.90387E+03
 2.90387E+03
 2.90387E+03
 2.90387E+03
 2.90387E+03
 2.90387E+03
 2.90387E+03
 2.90388E+03
 2.90388E+03
 2.90388E+03
 2.90388E+03
 2.90388E+03
 2.90388E+03
 2.90388E+03
 2.90388E+03
 2.90388E+03
 2.90389E+03
 2.90389E+03
 2.90389E+03
 2.90389E+03
 2.90389E+03
 2.90389E+03
 2.90389E+03
 2.90389E+03
 2.90389E+03
 2.90389E+03
 2.90389E+03
 2.90389E+03
 2.90389E+03
 2.90390E+03
 2.90390E+03
 2.90390E+03
 2.90390E+03
 2.90390E+03
 2.90390E+03
 2.90390E+03
 2.90390E+03
 2.90390E+03
 2.90390E+03
 2.90390E+03
 2.90390E+03
 2.90390E+03
 2.90390E+03
 2.90390E+03
 2.90390E+03
 2.90390E+03
 2.90390E+03
 2.90390E+03
 2.90390E+03
 2.90390E+03
 2.90390E+03
 2.90390E+03
 2.90390E+03
 2.90390E+03
 2.90390E+03
 2.90391E+03
 2.90391E+03
 2.90391E+03
 2.90391E+03
 2.90391E+03
 2.90391E+03
 2.90391E+03
 2.90391E+03
 2.90391E+03
 2.90391E+03
 2.90391E+03
 2.90391E+03
 2.90391E+03
 2.90391E+03
 2.90391E+03
 2.90391E+03
 2.90391E+03
 2.90391E+03
 2.90391E+03
 2.90391E+03
 2.90391E+03
 2.90391E+03
 2.90391E+03
 2.90391E+03
 2.90391E+03
 2.90391E+03
 2.90391E+03
 2.90391E+03
 2.90391E+03
 2.90391E+03
 2.90391E+03
 2.90391E+03
 2.90391E+03
 2.90391E+03
 2.90391E+03
 2.90391E+03
 2.90391E+03
 2.90391E+03
 2.90391E+03
 2.90384E+03
 2.90384E+03
 2.90384E+03
 2.90384E+03
 2.90384E+03
 2.90384E+03
 2.90384E+03
 2.90384E+03
 2.90385E+03
 2.90385E+03
 2.90385E+03
 2.90385E+03
 2.90385E+03
 2.90385E+03
 2.90385E+03
 2.90385E+03
 2.90385E+03
 2.90385E+03
 2.90386E+03
 2.90386E+03
 2.90386E+03
 2.90386E+03
 2.90386E+03
 2.90386E+03
 2.90386E+03
 2.90386E+03
 2.90387E+03
 2.90387E+03
 2.90387E+03
 2.90387E+03
 2.90387E+03
 2.90387E+03
 2.90387E+03
 2.90387E+03
 2.90388E+03
 2.90388E+03
 2.90388E+03
 2.90388E+03
 2.90388E+03
 2.90388E+03
 2.90388E+03
 2.90388E+03
 2.90388E+03
 2.90388E+03
 2.90389E+03
 2.90389E+03
 2.90389E+03
 2.90389E+03
 2.90389E+03
 2.90389E+03
 2.90389E+03
 2.90389E+03
 2.90389E+03
 2.90389E+03
 2.90389E+03
 2.90389E+03
 2.90389E+03
 2.90390E+03
 2.90390E+03
 2.90390E+03
 2.90390E+03
 2.90390E+03
 2.90390E+03
 2.90390E+03
 2.90390E+03
 2.90390E+03
 2.90390E+03
 2.90390E+03
 2.90390E+03
 2.90390E+03
 2.90390E+03
 2.90390E+03
 2.90390E+03
 2.90390E+03
 2.90390E+03
 2.90390E+03
 2.90390E+03
 2.90390E+03
 2.90390E+03
 2.90390E+03
 2.90390E+03
 2.90390E+03
 2.90390E+03
 2.90391E+03
 2.90391E+03
 2.90391E+03
 2.90391E+03
 2.90391E+03
 2.90391E+03
 2.90391E+03
 2.90391E+03
 2.90391E+03
 2.90391E+03
 2.90391E+03
 2.90391E+03
 2.90391E+03
 2.90391E+03
 2.90391E+03
 2.90391E+03
 2.90391E+03
 2.90391E+03
 2.90391E+03
 2.90391E+03
 2.90391E+03
 2.90391E+03
 2.90391E+03
 2.90391E+03
 2.90391E+03
 2.90391E+03
 2.90391E+03
 2.90391E+03
 2.90391E+03
 2.90391E+03
 2.90391E+03
 2.90391E+03
 2.90391E+03
 2.90391E+03
 2.90391E+03
 2.90391E+03
 2.90391E+03
 2.90384E+03
 2.90384E+03
 2.90384E+03
 2.90384E+03
 2.90384E+03
 2.90384E+03
 2.90384E+03
 2.90384E+03
 2.90384E+03
 2.90384E+03
 2.90384E+03
 2.90385E+03
 2.90385E+03
 2.90385E+03
 2.90385E+03
 2.90385E+03
 2.90385E+03
 2.90385E+03
 2.90385E+03
 2.90385E+03
 2.90386E+03
 2.90386E+03
 2.90386E+03
 2.90386E+03
 2.90386E+03
 2.90386E+03
 2.90386E+03
 2.90386E+03
 2.90387E+03
 2.90387E+03
 2.90387E+03
 2.90387E+03
 2.90387E+03
 2.90387E+03
 2.90387E+03
 2.90387E+03
 2.90388E+03
 2.90388E+03
 2.90388E+03
 2.90388E+03
 2.90388E+03
 2.90388E+03
 2.90388E+03
 2.90388E+03
 2.90388E+03
 2.90389E+03
 2.90389E+03
 2.90389E+03
 2.90389E+03
 2.90389E+03
 2.90389E+03
 2.90389E+03
 2.90389E+03
 2.90389E+03
 2.90389E+03
 2.90389E+03
 2.90389E+03
 2.90389E+03
 2.90389E+03
 2.90390E+03
 2.90390E+03
 2.90390E+03
 2.90390E+03
 2.90390E+03
 2.90390E+03
 2.90390E+03
 2.90390E+03
 2.90390E+03
 2.90390E+03
 2.90390E+03
 2.90390E+03
 2.90390E+03
 2.90390E+03
 2.90390E+03
 2.90390E+03
 2.90390E+03
 2.90390E+03
 2.90390E+03
 2.90390E+03
 2.90390E+03
 2.90390E+03
 2.90390E+03
 2.90390E+03
 2.90390E+03
 2.90390E+03
 2.90390E+03
 2.90391E+03
 2.90391E+03
 2.90391E+03
 2.90391E+03
 2.90391E+03
 2.90391E+03
 2.90391E+03
 2.90391E+03
 2.90391E+03
 2.90391E+03
 2.90391E+03
 2.90391E+03
 2.90391E+03
 2.90391E+03
 2.90391E+03
 2.90391E+03
 2.90391E+03
 2.90391E+03
 2.90391E+03
 2.90391E+03
 2.90391E+03
 2.90391E+03
 2.90391E+03
 2.90391E+03
 2.90391E+03
 2.90391E+03
 2.90391E+03
 2.90391E+03
 2.90391E+03
 2.90391E+03
 2.90391E+03
 2.90391E+03
 2.90391E+03
 2.90391E+03
 2.90384E+03
 2.90384E+03
 2.90384E+03
 2.90384E+03
 2.90384E+03
 2.90384E+03
 2.90384E+03
 2.90384E+03
 2.90384E+03
 2.90384E+03
 2.90384E+03
 2.90384E+03
 2.90384E+03
 2.90384E+03
 2.90385E+03
 2.90385E+03
 2.90385E+03
 2.90385E+03
 2.90385E+03
 2.90385E+03
 2.90385E+03
 2.90385E+03
 2.90386E+03
 2.90386E+03
 2.90386E+03
 2.90386E+03
 2.90386E+03
 2.90386E+03
 2.90386E+03
 2.90387E+03
 2.90387E+03
 2.90387E+03
 2.90387E+03
 2.90387E+03
 2.90387E+03
 2.90387E+03
 2.90387E+03
 2.90388E+03
 2.90388E+03
 2.90388E+03
 2.90388E+03
 2.90388E+03
 2.90388E+03
 2.90388E+03
 2.90388E+03
 2.90388E+03
 2.90388E+03
 2.90389E+03
 2.90389E+03
 2.90389E+03
 2.90389E+03
 2.90389E+03
 2.90389E+03
 2.90389E+03
 2.90389E+03
 2.90389E+03
 2.90389E+03
 2.90389E+03
 2.90389E+03
 2.90389E+03
 2.90390E+03
 2.90390E+03
 2.90390E+03
 2.90390E+03
 2.90390E+03
 2.90390E+03
 2.90390E+03
 2.90390E+03
 2.90390E+03
 2.90390E+03
 2.90390E+03
 2.90390E+03
 2.90390E+03
 2.90390E+03
 2.90390E+03
 2.90390E+03
 2.90390E+03
 2.90390E+03
 2.90390E+03
 2.90390E+03
 2.90390E+03
 2.90390E+03
 2.90390E+03
 2.90390E+03
 2.90390E+03
 2.90390E+03
 2.90390E+03
 2.90390E+03
 2.90390E+03
 2.90391E+03
 2.90391E+03
 2.90391E+03
 2.90391E+03
 2.90391E+03
 2.90391E+03
 2.90391E+03
 2.90391E+03
 2.90391E+03
 2.90391E+03
 2.90391E+03
 2.90391E+03
 2.90391E+03
 2.90391E+03
 2.90391E+03
 2.90391E+03
 2.90391E+03
 2.90391E+03
 2.90391E+03
 2.90391E+03
 2.90391E+03
 2.90391E+03
 2.90391E+03
 2.90391E+03
 2.90391E+03
 2.90391E+03
 2.90391E+03
 2.90391E+03
 2.90391E+03
 2.90391E+03
 2.90391E+03
 2.90383E+03
 2.90383E+03
 2.90383E+03
 2.90383E+03
 2.90383E+03
 2.90384E+03
 2.90384E+03
 2.90384E+03
 2.90384E+03
 2.90384E+03
 2.90384E+03
 2.90384E+03
 2.90384E+03
 2.90384E+03
 2.90384E+03
 2.90384E+03
 2.90385E+03
 2.90385E+03
 2.90385E+03
 2.90385E+03
 2.90385E+03
 2.90385E+03
 2.90385E+03
 2.90386E+03
 2.90386E+03
 2.90386E+03
 2.90386E+03
 2.90386E+03
 2.90386E+03
 2.90386E+03
 2.90386E+03
 2.90387E+03
 2.90387E+03
 2.90387E+03
 2.90387E+03
 2.90387E+03
 2.90387E+03
 2.90387E+03
 2.90387E+03
 2.90388E+03
 2.90388E+03
 2.90388E+03
 2.90388E+03
 2.90388E+03
 2.90388E+03
 2.90388E+03
 2.90388E+03
 2.90388E+03
 2.90389E+03
 2.90389E+03
 2.90389E+03
 2.90389E+03
 2.90389E+03
 2.90389E+03
 2.90389E+03
 2.90389E+03
 2.90389E+03
 2.90389E+03
 2.90389E+03
 2.90389E+03
 2.90389E+03
 2.90389E+03
 2.90390E+03
 2.90390E+03
 2.90390E+03
 2.90390E+03
 2.90390E+03
 2.90390E+03
 2.90390E+03
 2.90390E+03
 2.90390E+03
 2.90390E+03
 2.90390E+03
 2.90390E+03
 2.90390E+03
 2.90390E+03
 2.90390E+03
 2.90390E+03
 2.90390E+03
 2.90390E+03
 2.90390E+03
 2.90390E+03
 2.90390E+03
 2.90390E+03
 2.90390E+03
 2.90390E+03
 2.90390E+03
 2.90390E+03
 2.90390E+03
 2.90390E+03
 2.90390E+03
 2.90390E+03
 2.90391E+03
 2.90391E+03
 2.90391E+03
 2.90391E+03
 2.90391E+03
 2.90391E+03
 2.90391E+03
 2.90391E+03
 2.90391E+03
 2.90391E+03
 2.90391E+03
 2.90391E+03
 2.90391E+03
 2.90391E+03
 2.90391E+03
 2.90391E+03
 2.90391E+03
 2.90391E+03
 2.90391E+03
 2.90391E+03
 2.90391E+03
 2.90391E+03
 2.90391E+03
 2.90391E+03
 2.90391E+03
 2.90391E+03
 2.90391E+03
 2.90391E+03
 2.90383E+03
 2.90383E+03
 2.90383E+03
 2.90383E+03
 2.90383E+03
 2.90383E+03
 2.90383E+03
 2.90383E+03
 2.90383E+03
 2.90384E+03
 2.90384E+03
 2.90384E+03
 2.90384E+03
 2.90384E+03
 2.90384E+03
 2.90384E+03
 2.90384E+03
 2.90384E+03
 2.90385E+03
 2.90385E+03
 2.90385E+03
 2.90385E+03
 2.90385E+03
 2.90385E+03
 2.90385E+03
 2.90386E+03
 2.90386E+03
 2.90386E+03
 2.90386E+03
 2.90386E+03
 2.90386E+03
 2.90386E+03
 2.90387E+03
 2.90387E+03
 2.90387E+03
 2.90387E+03
 2.90387E+03
 2.90387E+03
 2.90387E+03
 2.90387E+03
 2.90388E+03
 2.90388E+03
 2.90388E+03
 2.90388E+03
 2.90388E+03
 2.90388E+03
 2.90388E+03
 2.90388E+03
 2.90388E+03
 2.90388E+03
 2.90389E+03
 2.90389E+03
 2.90389E+03
 2.90389E+03
 2.90389E+03
 2.90389E+03
 2.90389E+03
 2.90389E+03
 2.90389E+03
 2.90389E+03
 2.90389E+03
 2.90389E+03
 2.90389E+03
 2.90389E+03
 2.90390E+03
 2.90390E+03
 2.90390E+03
 2.90390E+03
 2.90390E+03
 2.90390E+03
 2.90390E+03
 2.90390E+03
 2.90390E+03
 2.90390E+03
 2.90390E+03
 2.90390E+03
 2.90390E+03
 2.90390E+03
 2.90390E+03
 2.90390E+03
 2.90390E+03
 2.90390E+03
 2.90390E+03
 2.90390E+03
 2.90390E+03
 2.90390E+03
 2.90390E+03
 2.90390E+03
 2.90390E+03
 2.90390E+03
 2.90390E+03
 2.90390E+03
 2.90390E+03
 2.90390E+03
 2.90390E+03
 2.90390E+03
 2.90391E+03
 2.90391E+03
 2.90391E+03
 2.90391E+03
 2.90391E+03
 2.90391E+03
 2.90391E+03
 2.90391E+03
 2.90391E+03
 2.90391E+03
 2.90391E+03
 2.90391E+03
 2.90391E+03
 2.90391E+03
 2.90391E+03
 2.90391E+03
 2.90391E+03
 2.90391E+03
 2.90391E+03
 2.90391E+03
 2.90391E+03
 2.90391E+03
 2.90391E+03
 2.90391E+03
 2.90383E+03
 2.90383E+03
 2.90383E+03
 2.90383E+03
 2.90383E+03
 2.90383E+03
 2.90383E+03
 2.90383E+03
 2.90383E+03
 2.90383E+03
 2.90383E+03
 2.90383E+03
 2.90384E+03
 2.90384E+03
 2.90384E+03
 2.90384E+03
 2.90384E+03
 2.90384E+03
 2.90384E+03
 2.90384E+03
 2.90385E+03
 2.90385E+03
 2.90385E+03
 2.90385E+03
 2.90385E+03
 2.90385E+03
 2.90386E+03
 2.90386E+03
 2.90386E+03
 2.90386E+03
 2.90386E+03
 2.90386E+03
 2.90386E+03
 2.90387E+03
 2.90387E+03
 2.90387E+03
 2.90387E+03
 2.90387E+03
 2.90387E+03
 2.90387E+03
 2.90387E+03
 2.90388E+03
 2.90388E+03
 2.90388E+03
 2.90388E+03
 2.90388E+03
 2.90388E+03
 2.90388E+03
 2.90388E+03
 2.90388E+03
 2.90388E+03
 2.90389E+03
 2.90389E+03
 2.90389E+03
 2.90389E+03
 2.90389E+03
 2.90389E+03
 2.90389E+03
 2.90389E+03
 2.90389E+03
 2.90389E+03
 2.90389E+03
 2.90389E+03
 2.90389E+03
 2.90389E+03
 2.90390E+03
 2.90390E+03
 2.90390E+03
 2.90390E+03
 2.90390E+03
 2.90390E+03
 2.90390E+03
 2.90390E+03
 2.90390E+03
 2.90390E+03
 2.90390E+03
 2.90390E+03
 2.90390E+03
 2.90390E+03
 2.90390E+03
 2.90390E+03
 2.90390E+03
 2.90390E+03
 2.90390E+03
 2.90390E+03
 2.90390E+03
 2.90390E+03
 2.90390E+03
 2.90390E+03
 2.90390E+03
 2.90390E+03
 2.90390E+03
 2.90390E+03
 2.90390E+03
 2.90390E+03
 2.90390E+03
 2.90390E+03
 2.90390E+03
 2.90390E+03
 2.90391E+03
 2.90391E+03
 2.90391E+03
 2.90391E+03
 2.90391E+03
 2.90391E+03
 2.90391E+03
 2.90391E+03
 2.90391E+03
 2.90391E+03
 2.90391E+03
 2.90391E+03
 2.90391E+03
 2.90391E+03
 2.90391E+03
 2.90391E+03
 2.90391E+03
 2.90391E+03
 2.90391E+03
 2.90391E+03
 2.90391E+03
 2.90382E+03
 2.90383E+03
 2.90383E+03
 2.90383E+03
 2.90383E+03
 2.90383E+03
 2.90383E+03
 2.90383E+03
 2.90383E+03
 2.90383E+03
 2.90383E+03
 2.90383E+03
 2.90383E+03
 2.90383E+03
 2.90384E+03
 2.90384E+03
 2.90384E+03
 2.90384E+03
 2.90384E+03
 2.90384E+03
 2.90384E+03
 2.90385E+03
 2.90385E+03
 2.90385E+03
 2.90385E+03
 2.90385E+03
 2.90385E+03
 2.90385E+03
 2.90386E+03
 2.90386E+03
 2.90386E+03
 2.90386E+03
 2.90386E+03
 2.90386E+03
 2.90386E+03
 2.90387E+03
 2.90387E+03
 2.90387E+03
 2.90387E+03
 2.90387E+03
 2.90387E+03
 2.90387E+03
 2.90387E+03
 2.90388E+03
 2.90388E+03
 2.90388E+03
 2.90388E+03
 2.90388E+03
 2.90388E+03
 2.90388E+03
 2.90388E+03
 2.90388E+03
 2.90389E+03
 2.90389E+03
 2.90389E+03
 2.90389E+03
 2.90389E+03
 2.90389E+03
 2.90389E+03
 2.90389E+03
 2.90389E+03
 2.90389E+03
 2.90389E+03
 2.90389E+03
 2.90389E+03
 2.90389E+03
 2.90389E+03
 2.90390E+03
 2.90390E+03
 2.90390E+03
 2.90390E+03
 2.90390E+03
 2.90390E+03
 2.90390E+03
 2.90390E+03
 2.90390E+03
 2.90390E+03
 2.90390E+03
 2.90390E+03
 2.90390E+03
 2.90390E+03
 2.90390E+03
 2.90390E+03
 2.90390E+03
 2.90390E+03
 2.90390E+03
 2.90390E+03
 2.90390E+03
 2.90390E+03
 2.90390E+03
 2.90390E+03
 2.90390E+03
 2.90390E+03
 2.90390E+03
 2.90390E+03
 2.90390E+03
 2.90390E+03
 2.90390E+03
 2.90390E+03
 2.90390E+03
 2.90390E+03
 2.90390E+03
 2.90391E+03
 2.90391E+03
 2.90391E+03
 2.90391E+03
 2.90391E+03
 2.90391E+03
 2.90391E+03
 2.90391E+03
 2.90391E+03
 2.90391E+03
 2.90391E+03
 2.90391E+03
 2.90391E+03
 2.90391E+03
 2.90391E+03
 2.90391E+03
 2.90391E+03
 2.90391E+03
 2.90382E+03
 2.90382E+03
 2.90382E+03
 2.90382E+03
 2.90382E+03
 2.90382E+03
 2.90382E+03
 2.90382E+03
 2.90383E+03
 2.90383E+03
 2.90383E+03
 2.90383E+03
 2.90383E+03
 2.90383E+03
 2.90383E+03
 2.90383E+03
 2.90384E+03
 2.90384E+03
 2.90384E+03
 2.90384E+03
 2.90384E+03
 2.90384E+03
 2.90384E+03
 2.90385E+03
 2.90385E+03
 2.90385E+03
 2.90385E+03
 2.90385E+03
 2.90385E+03
 2.90386E+03
 2.90386E+03
 2.90386E+03
 2.90386E+03
 2.90386E+03
 2.90386E+03
 2.90386E+03
 2.90387E+03
 2.90387E+03
 2.90387E+03
 2.90387E+03
 2.90387E+03
 2.90387E+03
 2.90387E+03
 2.90387E+03
 2.90388E+03
 2.90388E+03
 2.90388E+03
 2.90388E+03
 2.90388E+03
 2.90388E+03
 2.90388E+03
 2.90388E+03
 2.90388E+03
 2.90388E+03
 2.90389E+03
 2.90389E+03
 2.90389E+03
 2.90389E+03
 2.90389E+03
 2.90389E+03
 2.90389E+03
 2.90389E+03
 2.90389E+03
 2.90389E+03
 2.90389E+03
 2.90389E+03
 2.90389E+03
 2.90389E+03
 2.90390E+03
 2.90390E+03
 2.90390E+03
 2.90390E+03
 2.90390E+03
 2.90390E+03
 2.90390E+03
 2.90390E+03
 2.90390E+03
 2.90390E+03
 2.90390E+03
 2.90390E+03
 2.90390E+03
 2.90390E+03
 2.90390E+03
 2.90390E+03
 2.90390E+03
 2.90390E+03
 2.90390E+03
 2.90390E+03
 2.90390E+03
 2.90390E+03
 2.90390E+03
 2.90390E+03
 2.90390E+03
 2.90390E+03
 2.90390E+03
 2.90390E+03
 2.90390E+03
 2.90390E+03
 2.90390E+03
 2.90390E+03
 2.90390E+03
 2.90390E+03
 2.90390E+03
 2.90390E+03
 2.90390E+03
 2.90390E+03
 2.90390E+03
 2.90391E+03
 2.90391E+03
 2.90391E+03
 2.90391E+03
 2.90391E+03
 2.90391E+03
 2.90391E+03
 2.90391E+03
 2.90391E+03
 2.90391E+03
 2.90391E+03
 2.90391E+03
 2.90391E+03
 2.90382E+03
 2.90382E+03
 2.90382E+03
 2.90382E+03
 2.90382E+03
 2.90382E+03
 2.90382E+03
 2.90382E+03
 2.90382E+03
 2.90382E+03
 2.90382E+03
 2.90383E+03
 2.90383E+03
 2.90383E+03
 2.90383E+03
 2.90383E+03
 2.90383E+03
 2.90383E+03
 2.90384E+03
 2.90384E+03
 2.90384E+03
 2.90384E+03
 2.90384E+03
 2.90384E+03
 2.90385E+03
 2.90385E+03
 2.90385E+03
 2.90385E+03
 2.90385E+03
 2.90385E+03
 2.90385E+03
 2.90386E+03
 2.90386E+03
 2.90386E+03
 2.90386E+03
 2.90386E+03
 2.90386E+03
 2.90387E+03
 2.90387E+03
 2.90387E+03
 2.90387E+03
 2.90387E+03
 2.90387E+03
 2.90387E+03
 2.90387E+03
 2.90388E+03
 2.90388E+03
 2.90388E+03
 2.90388E+03
 2.90388E+03
 2.90388E+03
 2.90388E+03
 2.90388E+03
 2.90388E+03
 2.90388E+03
 2.90389E+03
 2.90389E+03
 2.90389E+03
 2.90389E+03
 2.90389E+03
 2.90389E+03
 2.90389E+03
 2.90389E+03
 2.90389E+03
 2.90389E+03
 2.90389E+03
 2.90389E+03
 2.90389E+03
 2.90389E+03
 2.90389E+03
 2.90390E+03
 2.90390E+03
 2.90390E+03
 2.90390E+03
 2.90390E+03
 2.90390E+03
 2.90390E+03
 2.90390E+03
 2.90390E+03
 2.90390E+03
 2.90390E+03
 2.90390E+03
 2.90390E+03
 2.90390E+03
 2.90390E+03
 2.90390E+03
 2.90390E+03
 2.90390E+03
 2.90390E+03
 2.90390E+03
 2.90390E+03
 2.90390E+03
 2.90390E+03
 2.90390E+03
 2.90390E+03
 2.90390E+03
 2.90390E+03
 2.90390E+03
 2.90390E+03
 2.90390E+03
 2.90390E+03
 2.90390E+03
 2.90390E+03
 2.90390E+03
 2.90390E+03
 2.90390E+03
 2.90390E+03
 2.90390E+03
 2.90390E+03
 2.90390E+03
 2.90390E+03
 2.90390E+03
 2.90391E+03
 2.90391E+03
 2.90391E+03
 2.90391E+03
 2.90391E+03
 2.90391E+03
 2.90391E+03
 2.90391E+03
 2.90382E+03
 2.90382E+03
 2.90382E+03
 2.90382E+03
 2.90382E+03
 2.90382E+03
 2.90382E+03
 2.90382E+03
 2.90382E+03
 2.90382E+03
 2.90382E+03
 2.90382E+03
 2.90382E+03
 2.90383E+03
 2.90383E+03
 2.90383E+03
 2.90383E+03
 2.90383E+03
 2.90383E+03
 2.90383E+03
 2.90384E+03
 2.90384E+03
 2.90384E+03
 2.90384E+03
 2.90384E+03
 2.90384E+03
 2.90385E+03
 2.90385E+03
 2.90385E+03
 2.90385E+03
 2.90385E+03
 2.90385E+03
 2.90386E+03
 2.90386E+03
 2.90386E+03
 2.90386E+03
 2.90386E+03
 2.90386E+03
 2.90387E+03
 2.90387E+03
 2.90387E+03
 2.90387E+03
 2.90387E+03
 2.90387E+03
 2.90387E+03
 2.90387E+03
 2.90388E+03
 2.90388E+03
 2.90388E+03
 2.90388E+03
 2.90388E+03
 2.90388E+03
 2.90388E+03
 2.90388E+03
 2.90388E+03
 2.90388E+03
 2.90389E+03
 2.90389E+03
 2.90389E+03
 2.90389E+03
 2.90389E+03
 2.90389E+03
 2.90389E+03
 2.90389E+03
 2.90389E+03
 2.90389E+03
 2.90389E+03
 2.90389E+03
 2.90389E+03
 2.90389E+03
 2.90389E+03
 2.90390E+03
 2.90390E+03
 2.90390E+03
 2.90390E+03
 2.90390E+03
 2.90390E+03
 2.90390E+03
 2.90390E+03
 2.90390E+03
 2.90390E+03
 2.90390E+03
 2.90390E+03
 2.90390E+03
 2.90390E+03
 2.90390E+03
 2.90390E+03
 2.90390E+03
 2.90390E+03
 2.90390E+03
 2.90390E+03
 2.90390E+03
 2.90390E+03
 2.90390E+03
 2.90390E+03
 2.90390E+03
 2.90390E+03
 2.90390E+03
 2.90390E+03
 2.90390E+03
 2.90390E+03
 2.90390E+03
 2.90390E+03
 2.90390E+03
 2.90390E+03
 2.90390E+03
 2.90390E+03
 2.90390E+03
 2.90390E+03
 2.90390E+03
 2.90390E+03
 2.90390E+03
 2.90390E+03
 2.90390E+03
 2.90390E+03
 2.90390E+03
 2.90390E+03
 2.90390E+03
 2.90390E+03
 2.90390E+03
 2.90381E+03
 2.90381E+03
 2.90381E+03
 2.90381E+03
 2.90381E+03
 2.90381E+03
 2.90381E+03
 2.90382E+03
 2.90382E+03
 2.90382E+03
 2.90382E+03
 2.90382E+03
 2.90382E+03
 2.90382E+03
 2.90382E+03
 2.90383E+03
 2.90383E+03
 2.90383E+03
 2.90383E+03
 2.90383E+03
 2.90383E+03
 2.90384E+03
 2.90384E+03
 2.90384E+03
 2.90384E+03
 2.90384E+03
 2.90384E+03
 2.90385E+03
 2.90385E+03
 2.90385E+03
 2.90385E+03
 2.90385E+03
 2.90385E+03
 2.90386E+03
 2.90386E+03
 2.90386E+03
 2.90386E+03
 2.90386E+03
 2.90386E+03
 2.90386E+03
 2.90387E+03
 2.90387E+03
 2.90387E+03
 2.90387E+03
 2.90387E+03
 2.90387E+03
 2.90387E+03
 2.90388E+03
 2.90388E+03
 2.90388E+03
 2.90388E+03
 2.90388E+03
 2.90388E+03
 2.90388E+03
 2.90388E+03
 2.90388E+03
 2.90388E+03
 2.90389E+03
 2.90389E+03
 2.90389E+03
 2.90389E+03
 2.90389E+03
 2.90389E+03
 2.90389E+03
 2.90389E+03
 2.90389E+03
 2.90389E+03
 2.90389E+03
 2.90389E+03
 2.90389E+03
 2.90389E+03
 2.90389E+03
 2.90389E+03
 2.90390E+03
 2.90390E+03
 2.90390E+03
 2.90390E+03
 2.90390E+03
 2.90390E+03
 2.90390E+03
 2.90390E+03
 2.90390E+03
 2.90390E+03
 2.90390E+03
 2.90390E+03
 2.90390E+03
 2.90390E+03
 2.90390E+03
 2.90390E+03
 2.90390E+03
 2.90390E+03
 2.90390E+03
 2.90390E+03
 2.90390E+03
 2.90390E+03
 2.90390E+03
 2.90390E+03
 2.90390E+03
 2.90390E+03
 2.90390E+03
 2.90390E+03
 2.90390E+03
 2.90390E+03
 2.90390E+03
 2.90390E+03
 2.90390E+03
 2.90390E+03
 2.90390E+03
 2.90390E+03
 2.90390E+03
 2.90390E+03
 2.90390E+03
 2.90390E+03
 2.90390E+03
 2.90390E+03
 2.90390E+03
 2.90390E+03
 2.90390E+03
 2.90390E+03
 2.90390E+03
 2.90381E+03
 2.90381E+03
 2.90381E+03
 2.90381E+03
 2.90381E+03
 2.90381E+03
 2.90381E+03
 2.90381E+03
 2.90381E+03
 2.90381E+03
 2.90381E+03
 2.90382E+03
 2.90382E+03
 2.90382E+03
 2.90382E+03
 2.90382E+03
 2.90382E+03
 2.90383E+03
 2.90383E+03
 2.90383E+03
 2.90383E+03
 2.90383E+03
 2.90383E+03
 2.90384E+03
 2.90384E+03
 2.90384E+03
 2.90384E+03
 2.90384E+03
 2.90385E+03
 2.90385E+03
 2.90385E+03
 2.90385E+03
 2.90385E+03
 2.90385E+03
 2.90386E+03
 2.90386E+03
 2.90386E+03
 2.90386E+03
 2.90386E+03
 2.90386E+03
 2.90386E+03
 2.90387E+03
 2.90387E+03
 2.90387E+03
 2.90387E+03
 2.90387E+03
 2.90387E+03
 2.90387E+03
 2.90388E+03
 2.90388E+03
 2.90388E+03
 2.90388E+03
 2.90388E+03
 2.90388E+03
 2.90388E+03
 2.90388E+03
 2.90388E+03
 2.90388E+03
 2.90388E+03
 2.90389E+03
 2.90389E+03
 2.90389E+03
 2.90389E+03
 2.90389E+03
 2.90389E+03
 2.90389E+03
 2.90389E+03
 2.90389E+03
 2.90389E+03
 2.90389E+03
 2.90389E+03
 2.90389E+03
 2.90389E+03
 2.90389E+03
 2.90390E+03
 2.90390E+03
 2.90390E+03
 2.90390E+03
 2.90390E+03
 2.90390E+03
 2.90390E+03
 2.90390E+03
 2.90390E+03
 2.90390E+03
 2.90390E+03
 2.90390E+03
 2.90390E+03
 2.90390E+03
 2.90390E+03
 2.90390E+03
 2.90390E+03
 2.90390E+03
 2.90390E+03
 2.90390E+03
 2.90390E+03
 2.90390E+03
 2.90390E+03
 2.90390E+03
 2.90390E+03
 2.90390E+03
 2.90390E+03
 2.90390E+03
 2.90390E+03
 2.90390E+03
 2.90390E+03
 2.90390E+03
 2.90390E+03
 2.90390E+03
 2.90390E+03
 2.90390E+03
 2.90390E+03
 2.90390E+03
 2.90390E+03
 2.90390E+03
 2.90390E+03
 2.90390E+03
 2.90390E+03
 2.90390E+03
 2.90390E+03
 2.90390E+03
 2.90380E+03
 2.90380E+03
 2.90380E+03
 2.90381E+03
 2.90381E+03
 2.90381E+03
 2.90381E+03
 2.90381E+03
 2.90381E+03
 2.90381E+03
 2.90381E+03
 2.90381E+03
 2.90381E+03
 2.90382E+03
 2.90382E+03
 2.90382E+03
 2.90382E+03
 2.90382E+03
 2.90382E+03
 2.90383E+03
 2.90383E+03
 2.90383E+03
 2.90383E+03
 2.90383E+03
 2.90384E+03
 2.90384E+03
 2.90384E+03
 2.90384E+03
 2.90384E+03
 2.90384E+03
 2.90385E+03
 2.90385E+03
 2.90385E+03
 2.90385E+03
 2.90385E+03
 2.90386E+03
 2.90386E+03
 2.90386E+03
 2.90386E+03
 2.90386E+03
 2.90386E+03
 2.90386E+03
 2.90387E+03
 2.90387E+03
 2.90387E+03
 2.90387E+03
 2.90387E+03
 2.90387E+03
 2.90387E+03
 2.90388E+03
 2.90388E+03
 2.90388E+03
 2.90388E+03
 2.90388E+03
 2.90388E+03
 2.90388E+03
 2.90388E+03
 2.90388E+03
 2.90388E+03
 2.90388E+03
 2.90389E+03
 2.90389E+03
 2.90389E+03
 2.90389E+03
 2.90389E+03
 2.90389E+03
 2.90389E+03
 2.90389E+03
 2.90389E+03
 2.90389E+03
 2.90389E+03
 2.90389E+03
 2.90389E+03
 2.90389E+03
 2.90389E+03
 2.90389E+03
 2.90390E+03
 2.90390E+03
 2.90390E+03
 2.90390E+03
 2.90390E+03
 2.90390E+03
 2.90390E+03
 2.90390E+03
 2.90390E+03
 2.90390E+03
 2.90390E+03
 2.90390E+03
 2.90390E+03
 2.90390E+03
 2.90390E+03
 2.90390E+03
 2.90390E+03
 2.90390E+03
 2.90390E+03
 2.90390E+03
 2.90390E+03
 2.90390E+03
 2.90390E+03
 2.90390E+03
 2.90390E+03
 2.90390E+03
 2.90390E+03
 2.90390E+03
 2.90390E+03
 2.90390E+03
 2.90390E+03
 2.90390E+03
 2.90390E+03
 2.90390E+03
 2.90390E+03
 2.90390E+03
 2.90390E+03
 2.90390E+03
 2.90390E+03
 2.90390E+03
 2.90390E+03
 2.90390E+03
 2.90390E+03
 2.90390E+03
 2.90380E+03
 2.90380E+03
 2.90380E+03
 2.90380E+03
 2.90380E+03
 2.90380E+03
 2.90380E+03
 2.90380E+03
 2.90381E+03
 2.90381E+03
 2.90381E+03
 2.90381E+03
 2.90381E+03
 2.90381E+03
 2.90381E+03
 2.90382E+03
 2.90382E+03
 2.90382E+03
 2.90382E+03
 2.90382E+03
 2.90383E+03
 2.90383E+03
 2.90383E+03
 2.90383E+03
 2.90383E+03
 2.90384E+03
 2.90384E+03
 2.90384E+03
 2.90384E+03
 2.90384E+03
 2.90384E+03
 2.90385E+03
 2.90385E+03
 2.90385E+03
 2.90385E+03
 2.90385E+03
 2.90386E+03
 2.90386E+03
 2.90386E+03
 2.90386E+03
 2.90386E+03
 2.90386E+03
 2.90386E+03
 2.90387E+03
 2.90387E+03
 2.90387E+03
 2.90387E+03
 2.90387E+03
 2.90387E+03
 2.90387E+03
 2.90387E+03
 2.90388E+03
 2.90388E+03
 2.90388E+03
 2.90388E+03
 2.90388E+03
 2.90388E+03
 2.90388E+03
 2.90388E+03
 2.90388E+03
 2.90388E+03
 2.90389E+03
 2.90389E+03
 2.90389E+03
 2.90389E+03
 2.90389E+03
 2.90389E+03
 2.90389E+03
 2.90389E+03
 2.90389E+03
 2.90389E+03
 2.90389E+03
 2.90389E+03
 2.90389E+03
 2.90389E+03
 2.90389E+03
 2.90389E+03
 2.90390E+03
 2.90390E+03
 2.90390E+03
 2.90390E+03
 2.90390E+03
 2.90390E+03
 2.90390E+03
 2.90390E+03
 2.90390E+03
 2.90390E+03
 2.90390E+03
 2.90390E+03
 2.90390E+03
 2.90390E+03
 2.90390E+03
 2.90390E+03
 2.90390E+03
 2.90390E+03
 2.90390E+03
 2.90390E+03
 2.90390E+03
 2.90390E+03
 2.90390E+03
 2.90390E+03
 2.90390E+03
 2.90390E+03
 2.90390E+03
 2.90390E+03
 2.90390E+03
 2.90390E+03
 2.90390E+03
 2.90390E+03
 2.90390E+03
 2.90390E+03
 2.90390E+03
 2.90390E+03
 2.90390E+03
 2.90390E+03
 2.90390E+03
 2.90390E+03
 2.90390E+03
 2.90390E+03
 2.90390E+03
 2.90380E+03
 2.90380E+03
 2.90380E+03
 2.90380E+03
 2.90380E+03
 2.90380E+03
 2.90380E+03
 2.90380E+03
 2.90380E+03
 2.90380E+03
 2.90380E+03
 2.90381E+03
 2.90381E+03
 2.90381E+03
 2.90381E+03
 2.90381E+03
 2.90381E+03
 2.90382E+03
 2.90382E+03
 2.90382E+03
 2.90382E+03
 2.90382E+03
 2.90383E+03
 2.90383E+03
 2.90383E+03
 2.90383E+03
 2.90383E+03
 2.90384E+03
 2.90384E+03
 2.90384E+03
 2.90384E+03
 2.90384E+03
 2.90385E+03
 2.90385E+03
 2.90385E+03
 2.90385E+03
 2.90385E+03
 2.90386E+03
 2.90386E+03
 2.90386E+03
 2.90386E+03
 2.90386E+03
 2.90386E+03
 2.90386E+03
 2.90387E+03
 2.90387E+03
 2.90387E+03
 2.90387E+03
 2.90387E+03
 2.90387E+03
 2.90387E+03
 2.90387E+03
 2.90388E+03
 2.90388E+03
 2.90388E+03
 2.90388E+03
 2.90388E+03
 2.90388E+03
 2.90388E+03
 2.90388E+03
 2.90388E+03
 2.90388E+03
 2.90389E+03
 2.90389E+03
 2.90389E+03
 2.90389E+03
 2.90389E+03
 2.90389E+03
 2.90389E+03
 2.90389E+03
 2.90389E+03
 2.90389E+03
 2.90389E+03
 2.90389E+03
 2.90389E+03
 2.90389E+03
 2.90389E+03
 2.90389E+03
 2.90390E+03
 2.90390E+03
 2.90390E+03
 2.90390E+03
 2.90390E+03
 2.90390E+03
 2.90390E+03
 2.90390E+03
 2.90390E+03
 2.90390E+03
 2.90390E+03
 2.90390E+03
 2.90390E+03
 2.90390E+03
 2.90390E+03
 2.90390E+03
 2.90390E+03
 2.90390E+03
 2.90390E+03
 2.90390E+03
 2.90390E+03
 2.90390E+03
 2.90390E+03
 2.90390E+03
 2.90390E+03
 2.90390E+03
 2.90390E+03
 2.90390E+03
 2.90390E+03
 2.90390E+03
 2.90390E+03
 2.90390E+03
 2.90390E+03
 2.90390E+03
 2.90390E+03
 2.90390E+03
 2.90390E+03
 2.90390E+03
 2.90390E+03
 2.90390E+03
 2.90390E+03
 2.90390E+03
 2.90379E+03
 2.90379E+03
 2.90379E+03
 2.90379E+03
 2.90379E+03
 2.90379E+03
 2.90380E+03
 2.90380E+03
 2.90380E+03
 2.90380E+03
 2.90380E+03
 2.90380E+03
 2.90380E+03
 2.90381E+03
 2.90381E+03
 2.90381E+03
 2.90381E+03
 2.90381E+03
 2.90382E+03
 2.90382E+03
 2.90382E+03
 2.90382E+03
 2.90382E+03
 2.90383E+03
 2.90383E+03
 2.90383E+03
 2.90383E+03
 2.90383E+03
 2.90384E+03
 2.90384E+03
 2.90384E+03
 2.90384E+03
 2.90384E+03
 2.90385E+03
 2.90385E+03
 2.90385E+03
 2.90385E+03
 2.90385E+03
 2.90386E+03
 2.90386E+03
 2.90386E+03
 2.90386E+03
 2.90386E+03
 2.90386E+03
 2.90386E+03
 2.90387E+03
 2.90387E+03
 2.90387E+03
 2.90387E+03
 2.90387E+03
 2.90387E+03
 2.90387E+03
 2.90388E+03
 2.90388E+03
 2.90388E+03
 2.90388E+03
 2.90388E+03
 2.90388E+03
 2.90388E+03
 2.90388E+03
 2.90388E+03
 2.90388E+03
 2.90388E+03
 2.90389E+03
 2.90389E+03
 2.90389E+03
 2.90389E+03
 2.90389E+03
 2.90389E+03
 2.90389E+03
 2.90389E+03
 2.90389E+03
 2.90389E+03
 2.90389E+03
 2.90389E+03
 2.90389E+03
 2.90389E+03
 2.90389E+03
 2.90389E+03
 2.90390E+03
 2.90390E+03
 2.90390E+03
 2.90390E+03
 2.90390E+03
 2.90390E+03
 2.90390E+03
 2.90390E+03
 2.90390E+03
 2.90390E+03
 2.90390E+03
 2.90390E+03
 2.90390E+03
 2.90390E+03
 2.90390E+03
 2.90390E+03
 2.90390E+03
 2.90390E+03
 2.90390E+03
 2.90390E+03
 2.90390E+03
 2.90390E+03
 2.90390E+03
 2.90390E+03
 2.90390E+03
 2.90390E+03
 2.90390E+03
 2.90390E+03
 2.90390E+03
 2.90390E+03
 2.90390E+03
 2.90390E+03
 2.90390E+03
 2.90390E+03
 2.90390E+03
 2.90390E+03
 2.90390E+03
 2.90390E+03
 2.90390E+03
 2.90390E+03
 2.90390E+03
 2.90379E+03
 2.90379E+03
 2.90379E+03
 2.90379E+03
 2.90379E+03
 2.90379E+03
 2.90379E+03
 2.90379E+03
 2.90379E+03
 2.90380E+03
 2.90380E+03
 2.90380E+03
 2.90380E+03
 2.90380E+03
 2.90380E+03
 2.90381E+03
 2.90381E+03
 2.90381E+03
 2.90381E+03
 2.90381E+03
 2.90382E+03
 2.90382E+03
 2.90382E+03
 2.90382E+03
 2.90383E+03
 2.90383E+03
 2.90383E+03
 2.90383E+03
 2.90383E+03
 2.90384E+03
 2.90384E+03
 2.90384E+03
 2.90384E+03
 2.90384E+03
 2.90385E+03
 2.90385E+03
 2.90385E+03
 2.90385E+03
 2.90385E+03
 2.90386E+03
 2.90386E+03
 2.90386E+03
 2.90386E+03
 2.90386E+03
 2.90386E+03
 2.90386E+03
 2.90387E+03
 2.90387E+03
 2.90387E+03
 2.90387E+03
 2.90387E+03
 2.90387E+03
 2.90387E+03
 2.90388E+03
 2.90388E+03
 2.90388E+03
 2.90388E+03
 2.90388E+03
 2.90388E+03
 2.90388E+03
 2.90388E+03
 2.90388E+03
 2.90388E+03
 2.90388E+03
 2.90389E+03
 2.90389E+03
 2.90389E+03
 2.90389E+03
 2.90389E+03
 2.90389E+03
 2.90389E+03
 2.90389E+03
 2.90389E+03
 2.90389E+03
 2.90389E+03
 2.90389E+03
 2.90389E+03
 2.90389E+03
 2.90389E+03
 2.90389E+03
 2.90389E+03
 2.90390E+03
 2.90390E+03
 2.90390E+03
 2.90390E+03
 2.90390E+03
 2.90390E+03
 2.90390E+03
 2.90390E+03
 2.90390E+03
 2.90390E+03
 2.90390E+03
 2.90390E+03
 2.90390E+03
 2.90390E+03
 2.90390E+03
 2.90390E+03
 2.90390E+03
 2.90390E+03
 2.90390E+03
 2.90390E+03
 2.90390E+03
 2.90390E+03
 2.90390E+03
 2.90390E+03
 2.90390E+03
 2.90390E+03
 2.90390E+03
 2.90390E+03
 2.90390E+03
 2.90390E+03
 2.90390E+03
 2.90390E+03
 2.90390E+03
 2.90390E+03
 2.90390E+03
 2.90390E+03
 2.90390E+03
 2.90390E+03
 2.90390E+03
 2.90378E+03
 2.90378E+03
 2.90378E+03
 2.90378E+03
 2.90379E+03
 2.90379E+03
 2.90379E+03
 2.90379E+03
 2.90379E+03
 2.90379E+03
 2.90379E+03
 2.90379E+03
 2.90380E+03
 2.90380E+03
 2.90380E+03
 2.90380E+03
 2.90380E+03
 2.90381E+03
 2.90381E+03
 2.90381E+03
 2.90381E+03
 2.90382E+03
 2.90382E+03
 2.90382E+03
 2.90382E+03
 2.90383E+03
 2.90383E+03
 2.90383E+03
 2.90383E+03
 2.90383E+03
 2.90384E+03
 2.90384E+03
 2.90384E+03
 2.90384E+03
 2.90384E+03
 2.90385E+03
 2.90385E+03
 2.90385E+03
 2.90385E+03
 2.90385E+03
 2.90386E+03
 2.90386E+03
 2.90386E+03
 2.90386E+03
 2.90386E+03
 2.90386E+03
 2.90386E+03
 2.90387E+03
 2.90387E+03
 2.90387E+03
 2.90387E+03
 2.90387E+03
 2.90387E+03
 2.90387E+03
 2.90388E+03
 2.90388E+03
 2.90388E+03
 2.90388E+03
 2.90388E+03
 2.90388E+03
 2.90388E+03
 2.90388E+03
 2.90388E+03
 2.90388E+03
 2.90388E+03
 2.90389E+03
 2.90389E+03
 2.90389E+03
 2.90389E+03
 2.90389E+03
 2.90389E+03
 2.90389E+03
 2.90389E+03
 2.90389E+03
 2.90389E+03
 2.90389E+03
 2.90389E+03
 2.90389E+03
 2.90389E+03
 2.90389E+03
 2.90389E+03
 2.90389E+03
 2.90390E+03
 2.90390E+03
 2.90390E+03
 2.90390E+03
 2.90390E+03
 2.90390E+03
 2.90390E+03
 2.90390E+03
 2.90390E+03
 2.90390E+03
 2.90390E+03
 2.90390E+03
 2.90390E+03
 2.90390E+03
 2.90390E+03
 2.90390E+03
 2.90390E+03
 2.90390E+03
 2.90390E+03
 2.90390E+03
 2.90390E+03
 2.90390E+03
 2.90390E+03
 2.90390E+03
 2.90390E+03
 2.90390E+03
 2.90390E+03
 2.90390E+03
 2.90390E+03
 2.90390E+03
 2.90390E+03
 2.90390E+03
 2.90390E+03
 2.90390E+03
 2.90390E+03
 2.90390E+03
 2.90390E+03
 2.90390E+03
 2.90378E+03
 2.90378E+03
 2.90378E+03
 2.90378E+03
 2.90378E+03
 2.90378E+03
 2.90378E+03
 2.90378E+03
 2.90379E+03
 2.90379E+03
 2.90379E+03
 2.90379E+03
 2.90379E+03
 2.90379E+03
 2.90380E+03
 2.90380E+03
 2.90380E+03
 2.90380E+03
 2.90381E+03
 2.90381E+03
 2.90381E+03
 2.90381E+03
 2.90382E+03
 2.90382E+03
 2.90382E+03
 2.90382E+03
 2.90382E+03
 2.90383E+03
 2.90383E+03
 2.90383E+03
 2.90383E+03
 2.90384E+03
 2.90384E+03
 2.90384E+03
 2.90384E+03
 2.90384E+03
 2.90385E+03
 2.90385E+03
 2.90385E+03
 2.90385E+03
 2.90385E+03
 2.90386E+03
 2.90386E+03
 2.90386E+03
 2.90386E+03
 2.90386E+03
 2.90386E+03
 2.90387E+03
 2.90387E+03
 2.90387E+03
 2.90387E+03
 2.90387E+03
 2.90387E+03
 2.90387E+03
 2.90387E+03
 2.90388E+03
 2.90388E+03
 2.90388E+03
 2.90388E+03
 2.90388E+03
 2.90388E+03
 2.90388E+03
 2.90388E+03
 2.90388E+03
 2.90388E+03
 2.90388E+03
 2.90389E+03
 2.90389E+03
 2.90389E+03
 2.90389E+03
 2.90389E+03
 2.90389E+03
 2.90389E+03
 2.90389E+03
 2.90389E+03
 2.90389E+03
 2.90389E+03
 2.90389E+03
 2.90389E+03
 2.90389E+03
 2.90389E+03
 2.90389E+03
 2.90389E+03
 2.90390E+03
 2.90390E+03
 2.90390E+03
 2.90390E+03
 2.90390E+03
 2.90390E+03
 2.90390E+03
 2.90390E+03
 2.90390E+03
 2.90390E+03
 2.90390E+03
 2.90390E+03
 2.90390E+03
 2.90390E+03
 2.90390E+03
 2.90390E+03
 2.90390E+03
 2.90390E+03
 2.90390E+03
 2.90390E+03
 2.90390E+03
 2.90390E+03
 2.90390E+03
 2.90390E+03
 2.90390E+03
 2.90390E+03
 2.90390E+03
 2.90390E+03
 2.90390E+03
 2.90390E+03
 2.90390E+03
 2.90390E+03
 2.90390E+03
 2.90390E+03
 2.90390E+03
 2.90390E+03
 2.90390E+03
 2.90377E+03
 2.90377E+03
 2.90377E+03
 2.90378E+03
 2.90378E+03
 2.90378E+03
 2.90378E+03
 2.90378E+03
 2.90378E+03
 2.90378E+03
 2.90378E+03
 2.90379E+03
 2.90379E+03
 2.90379E+03
 2.90379E+03
 2.90380E+03
 2.90380E+03
 2.90380E+03
 2.90380E+03
 2.90380E+03
 2.90381E+03
 2.90381E+03
 2.90381E+03
 2.90381E+03
 2.90382E+03
 2.90382E+03
 2.90382E+03
 2.90382E+03
 2.90383E+03
 2.90383E+03
 2.90383E+03
 2.90383E+03
 2.90384E+03
 2.90384E+03
 2.90384E+03
 2.90384E+03
 2.90384E+03
 2.90385E+03
 2.90385E+03
 2.90385E+03
 2.90385E+03
 2.90385E+03
 2.90386E+03
 2.90386E+03
 2.90386E+03
 2.90386E+03
 2.90386E+03
 2.90386E+03
 2.90387E+03
 2.90387E+03
 2.90387E+03
 2.90387E+03
 2.90387E+03
 2.90387E+03
 2.90387E+03
 2.90387E+03
 2.90388E+03
 2.90388E+03
 2.90388E+03
 2.90388E+03
 2.90388E+03
 2.90388E+03
 2.90388E+03
 2.90388E+03
 2.90388E+03
 2.90388E+03
 2.90388E+03
 2.90389E+03
 2.90389E+03
 2.90389E+03
 2.90389E+03
 2.90389E+03
 2.90389E+03
 2.90389E+03
 2.90389E+03
 2.90389E+03
 2.90389E+03
 2.90389E+03
 2.90389E+03
 2.90389E+03
 2.90389E+03
 2.90389E+03
 2.90389E+03
 2.90389E+03
 2.90390E+03
 2.90390E+03
 2.90390E+03
 2.90390E+03
 2.90390E+03
 2.90390E+03
 2.90390E+03
 2.90390E+03
 2.90390E+03
 2.90390E+03
 2.90390E+03
 2.90390E+03
 2.90390E+03
 2.90390E+03
 2.90390E+03
 2.90390E+03
 2.90390E+03
 2.90390E+03
 2.90390E+03
 2.90390E+03
 2.90390E+03
 2.90390E+03
 2.90390E+03
 2.90390E+03
 2.90390E+03
 2.90390E+03
 2.90390E+03
 2.90390E+03
 2.90390E+03
 2.90390E+03
 2.90390E+03
 2.90390E+03
 2.90390E+03
 2.90390E+03
 2.90390E+03
 2.90390E+03
 2.90377E+03
 2.90377E+03
 2.90377E+03
 2.90377E+03
 2.90377E+03
 2.90377E+03
 2.90377E+03
 2.90377E+03
 2.90378E+03
 2.90378E+03
 2.90378E+03
 2.90378E+03
 2.90378E+03
 2.90379E+03
 2.90379E+03
 2.90379E+03
 2.90379E+03
 2.90380E+03
 2.90380E+03
 2.90380E+03
 2.90380E+03
 2.90381E+03
 2.90381E+03
 2.90381E+03
 2.90381E+03
 2.90382E+03
 2.90382E+03
 2.90382E+03
 2.90382E+03
 2.90383E+03
 2.90383E+03
 2.90383E+03
 2.90383E+03
 2.90384E+03
 2.90384E+03
 2.90384E+03
 2.90384E+03
 2.90385E+03
 2.90385E+03
 2.90385E+03
 2.90385E+03
 2.90385E+03
 2.90385E+03
 2.90386E+03
 2.90386E+03
 2.90386E+03
 2.90386E+03
 2.90386E+03
 2.90386E+03
 2.90387E+03
 2.90387E+03
 2.90387E+03
 2.90387E+03
 2.90387E+03
 2.90387E+03
 2.90387E+03
 2.90387E+03
 2.90388E+03
 2.90388E+03
 2.90388E+03
 2.90388E+03
 2.90388E+03
 2.90388E+03
 2.90388E+03
 2.90388E+03
 2.90388E+03
 2.90388E+03
 2.90388E+03
 2.90389E+03
 2.90389E+03
 2.90389E+03
 2.90389E+03
 2.90389E+03
 2.90389E+03
 2.90389E+03
 2.90389E+03
 2.90389E+03
 2.90389E+03
 2.90389E+03
 2.90389E+03
 2.90389E+03
 2.90389E+03
 2.90389E+03
 2.90389E+03
 2.90389E+03
 2.90390E+03
 2.90390E+03
 2.90390E+03
 2.90390E+03
 2.90390E+03
 2.90390E+03
 2.90390E+03
 2.90390E+03
 2.90390E+03
 2.90390E+03
 2.90390E+03
 2.90390E+03
 2.90390E+03
 2.90390E+03
 2.90390E+03
 2.90390E+03
 2.90390E+03
 2.90390E+03
 2.90390E+03
 2.90390E+03
 2.90390E+03
 2.90390E+03
 2.90390E+03
 2.90390E+03
 2.90390E+03
 2.90390E+03
 2.90390E+03
 2.90390E+03
 2.90390E+03
 2.90390E+03
 2.90390E+03
 2.90390E+03
 2.90390E+03
 2.90390E+03
 2.90390E+03
 2.90376E+03
 2.90376E+03
 2.90376E+03
 2.90376E+03
 2.90377E+03
 2.90377E+03
 2.90377E+03
 2.90377E+03
 2.90377E+03
 2.90377E+03
 2.90378E+03
 2.90378E+03
 2.90378E+03
 2.90378E+03
 2.90378E+03
 2.90379E+03
 2.90379E+03
 2.90379E+03
 2.90380E+03
 2.90380E+03
 2.90380E+03
 2.90380E+03
 2.90381E+03
 2.90381E+03
 2.90381E+03
 2.90381E+03
 2.90382E+03
 2.90382E+03
 2.90382E+03
 2.90382E+03
 2.90383E+03
 2.90383E+03
 2.90383E+03
 2.90383E+03
 2.90384E+03
 2.90384E+03
 2.90384E+03
 2.90384E+03
 2.90385E+03
 2.90385E+03
 2.90385E+03
 2.90385E+03
 2.90385E+03
 2.90386E+03
 2.90386E+03
 2.90386E+03
 2.90386E+03
 2.90386E+03
 2.90386E+03
 2.90386E+03
 2.90387E+03
 2.90387E+03
 2.90387E+03
 2.90387E+03
 2.90387E+03
 2.90387E+03
 2.90387E+03
 2.90387E+03
 2.90388E+03
 2.90388E+03
 2.90388E+03
 2.90388E+03
 2.90388E+03
 2.90388E+03
 2.90388E+03
 2.90388E+03
 2.90388E+03
 2.90388E+03
 2.90389E+03
 2.90389E+03
 2.90389E+03
 2.90389E+03
 2.90389E+03
 2.90389E+03
 2.90389E+03
 2.90389E+03
 2.90389E+03
 2.90389E+03
 2.90389E+03
 2.90389E+03
 2.90389E+03
 2.90389E+03
 2.90389E+03
 2.90389E+03
 2.90389E+03
 2.90389E+03
 2.90390E+03
 2.90390E+03
 2.90390E+03
 2.90390E+03
 2.90390E+03
 2.90390E+03
 2.90390E+03
 2.90390E+03
 2.90390E+03
 2.90390E+03
 2.90390E+03
 2.90390E+03
 2.90390E+03
 2.90390E+03
 2.90390E+03
 2.90390E+03
 2.90390E+03
 2.90390E+03
 2.90390E+03
 2.90390E+03
 2.90390E+03
 2.90390E+03
 2.90390E+03
 2.90390E+03
 2.90390E+03
 2.90390E+03
 2.90390E+03
 2.90390E+03
 2.90390E+03
 2.90390E+03
 2.90390E+03
 2.90390E+03
 2.90390E+03
 2.90390E+03
 2.90376E+03
 2.90376E+03
 2.90376E+03
 2.90376E+03
 2.90376E+03
 2.90376E+03
 2.90376E+03
 2.90376E+03
 2.90377E+03
 2.90377E+03
 2.90377E+03
 2.90377E+03
 2.90378E+03
 2.90378E+03
 2.90378E+03
 2.90378E+03
 2.90379E+03
 2.90379E+03
 2.90379E+03
 2.90379E+03
 2.90380E+03
 2.90380E+03
 2.90380E+03
 2.90381E+03
 2.90381E+03
 2.90381E+03
 2.90381E+03
 2.90382E+03
 2.90382E+03
 2.90382E+03
 2.90383E+03
 2.90383E+03
 2.90383E+03
 2.90383E+03
 2.90384E+03
 2.90384E+03
 2.90384E+03
 2.90384E+03
 2.90384E+03
 2.90385E+03
 2.90385E+03
 2.90385E+03
 2.90385E+03
 2.90385E+03
 2.90386E+03
 2.90386E+03
 2.90386E+03
 2.90386E+03
 2.90386E+03
 2.90386E+03
 2.90387E+03
 2.90387E+03
 2.90387E+03
 2.90387E+03
 2.90387E+03
 2.90387E+03
 2.90387E+03
 2.90387E+03
 2.90388E+03
 2.90388E+03
 2.90388E+03
 2.90388E+03
 2.90388E+03
 2.90388E+03
 2.90388E+03
 2.90388E+03
 2.90388E+03
 2.90388E+03
 2.90388E+03
 2.90389E+03
 2.90389E+03
 2.90389E+03
 2.90389E+03
 2.90389E+03
 2.90389E+03
 2.90389E+03
 2.90389E+03
 2.90389E+03
 2.90389E+03
 2.90389E+03
 2.90389E+03
 2.90389E+03
 2.90389E+03
 2.90389E+03
 2.90389E+03
 2.90389E+03
 2.90389E+03
 2.90390E+03
 2.90390E+03
 2.90390E+03
 2.90390E+03
 2.90390E+03
 2.90390E+03
 2.90390E+03
 2.90390E+03
 2.90390E+03
 2.90390E+03
 2.90390E+03
 2.90390E+03
 2.90390E+03
 2.90390E+03
 2.90390E+03
 2.90390E+03
 2.90390E+03
 2.90390E+03
 2.90390E+03
 2.90390E+03
 2.90390E+03
 2.90390E+03
 2.90390E+03
 2.90390E+03
 2.90390E+03
 2.90390E+03
 2.90390E+03
 2.90390E+03
 2.90390E+03
 2.90390E+03
 2.90390E+03
 2.90390E+03
 2.90390E+03
 2.90375E+03
 2.90375E+03
 2.90375E+03
 2.90375E+03
 2.90375E+03
 2.90376E+03
 2.90376E+03
 2.90376E+03
 2.90376E+03
 2.90376E+03
 2.90377E+03
 2.90377E+03
 2.90377E+03
 2.90377E+03
 2.90378E+03
 2.90378E+03
 2.90378E+03
 2.90379E+03
 2.90379E+03
 2.90379E+03
 2.90379E+03
 2.90380E+03
 2.90380E+03
 2.90380E+03
 2.90381E+03
 2.90381E+03
 2.90381E+03
 2.90381E+03
 2.90382E+03
 2.90382E+03
 2.90382E+03
 2.90383E+03
 2.90383E+03
 2.90383E+03
 2.90383E+03
 2.90384E+03
 2.90384E+03
 2.90384E+03
 2.90384E+03
 2.90384E+03
 2.90385E+03
 2.90385E+03
 2.90385E+03
 2.90385E+03
 2.90385E+03
 2.90386E+03
 2.90386E+03
 2.90386E+03
 2.90386E+03
 2.90386E+03
 2.90386E+03
 2.90387E+03
 2.90387E+03
 2.90387E+03
 2.90387E+03
 2.90387E+03
 2.90387E+03
 2.90387E+03
 2.90387E+03
 2.90388E+03
 2.90388E+03
 2.90388E+03
 2.90388E+03
 2.90388E+03
 2.90388E+03
 2.90388E+03
 2.90388E+03
 2.90388E+03
 2.90388E+03
 2.90388E+03
 2.90389E+03
 2.90389E+03
 2.90389E+03
 2.90389E+03
 2.90389E+03
 2.90389E+03
 2.90389E+03
 2.90389E+03
 2.90389E+03
 2.90389E+03
 2.90389E+03
 2.90389E+03
 2.90389E+03
 2.90389E+03
 2.90389E+03
 2.90389E+03
 2.90389E+03
 2.90389E+03
 2.90390E+03
 2.90390E+03
 2.90390E+03
 2.90390E+03
 2.90390E+03
 2.90390E+03
 2.90390E+03
 2.90390E+03
 2.90390E+03
 2.90390E+03
 2.90390E+03
 2.90390E+03
 2.90390E+03
 2.90390E+03
 2.90390E+03
 2.90390E+03
 2.90390E+03
 2.90390E+03
 2.90390E+03
 2.90390E+03
 2.90390E+03
 2.90390E+03
 2.90390E+03
 2.90390E+03
 2.90390E+03
 2.90390E+03
 2.90390E+03
 2.90390E+03
 2.90390E+03
 2.90390E+03
 2.90390E+03
 2.90390E+03
 2.90375E+03
 2.90375E+03
 2.90375E+03
 2.90375E+03
 2.90375E+03
 2.90375E+03
 2.90375E+03
 2.90375E+03
 2.90376E+03
 2.90376E+03
 2.90376E+03
 2.90376E+03
 2.90377E+03
 2.90377E+03
 2.90377E+03
 2.90378E+03
 2.90378E+03
 2.90378E+03
 2.90378E+03
 2.90379E+03
 2.90379E+03
 2.90379E+03
 2.90380E+03
 2.90380E+03
 2.90380E+03
 2.90381E+03
 2.90381E+03
 2.90381E+03
 2.90382E+03
 2.90382E+03
 2.90382E+03
 2.90382E+03
 2.90383E+03
 2.90383E+03
 2.90383E+03
 2.90383E+03
 2.90384E+03
 2.90384E+03
 2.90384E+03
 2.90384E+03
 2.90385E+03
 2.90385E+03
 2.90385E+03
 2.90385E+03
 2.90385E+03
 2.90385E+03
 2.90386E+03
 2.90386E+03
 2.90386E+03
 2.90386E+03
 2.90386E+03
 2.90386E+03
 2.90387E+03
 2.90387E+03
 2.90387E+03
 2.90387E+03
 2.90387E+03
 2.90387E+03
 2.90387E+03
 2.90387E+03
 2.90388E+03
 2.90388E+03
 2.90388E+03
 2.90388E+03
 2.90388E+03
 2.90388E+03
 2.90388E+03
 2.90388E+03
 2.90388E+03
 2.90388E+03
 2.90388E+03
 2.90389E+03
 2.90389E+03
 2.90389E+03
 2.90389E+03
 2.90389E+03
 2.90389E+03
 2.90389E+03
 2.90389E+03
 2.90389E+03
 2.90389E+03
 2.90389E+03
 2.90389E+03
 2.90389E+03
 2.90389E+03
 2.90389E+03
 2.90389E+03
 2.90389E+03
 2.90389E+03
 2.90390E+03
 2.90390E+03
 2.90390E+03
 2.90390E+03
 2.90390E+03
 2.90390E+03
 2.90390E+03
 2.90390E+03
 2.90390E+03
 2.90390E+03
 2.90390E+03
 2.90390E+03
 2.90390E+03
 2.90390E+03
 2.90390E+03
 2.90390E+03
 2.90390E+03
 2.90390E+03
 2.90390E+03
 2.90390E+03
 2.90390E+03
 2.90390E+03
 2.90390E+03
 2.90390E+03
 2.90390E+03
 2.90390E+03
 2.90390E+03
 2.90390E+03
 2.90390E+03
 2.90390E+03
 2.90390E+03
 2.90374E+03
 2.90374E+03
 2.90374E+03
 2.90374E+03
 2.90374E+03
 2.90374E+03
 2.90375E+03
 2.90375E+03
 2.90375E+03
 2.90375E+03
 2.90376E+03
 2.90376E+03
 2.90376E+03
 2.90376E+03
 2.90377E+03
 2.90377E+03
 2.90377E+03
 2.90378E+03
 2.90378E+03
 2.90378E+03
 2.90379E+03
 2.90379E+03
 2.90379E+03
 2.90380E+03
 2.90380E+03
 2.90380E+03
 2.90381E+03
 2.90381E+03
 2.90381E+03
 2.90382E+03
 2.90382E+03
 2.90382E+03
 2.90382E+03
 2.90383E+03
 2.90383E+03
 2.90383E+03
 2.90383E+03
 2.90384E+03
 2.90384E+03
 2.90384E+03
 2.90384E+03
 2.90385E+03
 2.90385E+03
 2.90385E+03
 2.90385E+03
 2.90385E+03
 2.90386E+03
 2.90386E+03
 2.90386E+03
 2.90386E+03
 2.90386E+03
 2.90386E+03
 2.90387E+03
 2.90387E+03
 2.90387E+03
 2.90387E+03
 2.90387E+03
 2.90387E+03
 2.90387E+03
 2.90387E+03
 2.90388E+03
 2.90388E+03
 2.90388E+03
 2.90388E+03
 2.90388E+03
 2.90388E+03
 2.90388E+03
 2.90388E+03
 2.90388E+03
 2.90388E+03
 2.90388E+03
 2.90389E+03
 2.90389E+03
 2.90389E+03
 2.90389E+03
 2.90389E+03
 2.90389E+03
 2.90389E+03
 2.90389E+03
 2.90389E+03
 2.90389E+03
 2.90389E+03
 2.90389E+03
 2.90389E+03
 2.90389E+03
 2.90389E+03
 2.90389E+03
 2.90389E+03
 2.90389E+03
 2.90389E+03
 2.90390E+03
 2.90390E+03
 2.90390E+03
 2.90390E+03
 2.90390E+03
 2.90390E+03
 2.90390E+03
 2.90390E+03
 2.90390E+03
 2.90390E+03
 2.90390E+03
 2.90390E+03
 2.90390E+03
 2.90390E+03
 2.90390E+03
 2.90390E+03
 2.90390E+03
 2.90390E+03
 2.90390E+03
 2.90390E+03
 2.90390E+03
 2.90390E+03
 2.90390E+03
 2.90390E+03
 2.90390E+03
 2.90390E+03
 2.90390E+03
 2.90390E+03
 2.90390E+03
 2.90390E+03
 2.90373E+03
 2.90373E+03
 2.90373E+03
 2.90374E+03
 2.90374E+03
 2.90374E+03
 2.90374E+03
 2.90374E+03
 2.90374E+03
 2.90375E+03
 2.90375E+03
 2.90375E+03
 2.90376E+03
 2.90376E+03
 2.90376E+03
 2.90377E+03
 2.90377E+03
 2.90377E+03
 2.90378E+03
 2.90378E+03
 2.90378E+03
 2.90379E+03
 2.90379E+03
 2.90379E+03
 2.90380E+03
 2.90380E+03
 2.90380E+03
 2.90381E+03
 2.90381E+03
 2.90381E+03
 2.90382E+03
 2.90382E+03
 2.90382E+03
 2.90383E+03
 2.90383E+03
 2.90383E+03
 2.90383E+03
 2.90384E+03
 2.90384E+03
 2.90384E+03
 2.90384E+03
 2.90384E+03
 2.90385E+03
 2.90385E+03
 2.90385E+03
 2.90385E+03
 2.90385E+03
 2.90386E+03
 2.90386E+03
 2.90386E+03
 2.90386E+03
 2.90386E+03
 2.90386E+03
 2.90387E+03
 2.90387E+03
 2.90387E+03
 2.90387E+03
 2.90387E+03
 2.90387E+03
 2.90387E+03
 2.90387E+03
 2.90388E+03
 2.90388E+03
 2.90388E+03
 2.90388E+03
 2.90388E+03
 2.90388E+03
 2.90388E+03
 2.90388E+03
 2.90388E+03
 2.90388E+03
 2.90388E+03
 2.90389E+03
 2.90389E+03
 2.90389E+03
 2.90389E+03
 2.90389E+03
 2.90389E+03
 2.90389E+03
 2.90389E+03
 2.90389E+03
 2.90389E+03
 2.90389E+03
 2.90389E+03
 2.90389E+03
 2.90389E+03
 2.90389E+03
 2.90389E+03
 2.90389E+03
 2.90389E+03
 2.90389E+03
 2.90390E+03
 2.90390E+03
 2.90390E+03
 2.90390E+03
 2.90390E+03
 2.90390E+03
 2.90390E+03
 2.90390E+03
 2.90390E+03
 2.90390E+03
 2.90390E+03
 2.90390E+03
 2.90390E+03
 2.90390E+03
 2.90390E+03
 2.90390E+03
 2.90390E+03
 2.90390E+03
 2.90390E+03
 2.90390E+03
 2.90390E+03
 2.90390E+03
 2.90390E+03
 2.90390E+03
 2.90390E+03
 2.90390E+03
 2.90390E+03
 2.90390E+03
 2.90390E+03
 2.90373E+03
 2.90373E+03
 2.90373E+03
 2.90373E+03
 2.90373E+03
 2.90373E+03
 2.90373E+03
 2.90374E+03
 2.90374E+03
 2.90374E+03
 2.90374E+03
 2.90375E+03
 2.90375E+03
 2.90375E+03
 2.90376E+03
 2.90376E+03
 2.90377E+03
 2.90377E+03
 2.90377E+03
 2.90378E+03
 2.90378E+03
 2.90378E+03
 2.90379E+03
 2.90379E+03
 2.90379E+03
 2.90380E+03
 2.90380E+03
 2.90380E+03
 2.90381E+03
 2.90381E+03
 2.90381E+03
 2.90382E+03
 2.90382E+03
 2.90382E+03
 2.90383E+03
 2.90383E+03
 2.90383E+03
 2.90383E+03
 2.90384E+03
 2.90384E+03
 2.90384E+03
 2.90384E+03
 2.90385E+03
 2.90385E+03
 2.90385E+03
 2.90385E+03
 2.90385E+03
 2.90386E+03
 2.90386E+03
 2.90386E+03
 2.90386E+03
 2.90386E+03
 2.90386E+03
 2.90386E+03
 2.90387E+03
 2.90387E+03
 2.90387E+03
 2.90387E+03
 2.90387E+03
 2.90387E+03
 2.90387E+03
 2.90387E+03
 2.90388E+03
 2.90388E+03
 2.90388E+03
 2.90388E+03
 2.90388E+03
 2.90388E+03
 2.90388E+03
 2.90388E+03
 2.90388E+03
 2.90388E+03
 2.90388E+03
 2.90389E+03
 2.90389E+03
 2.90389E+03
 2.90389E+03
 2.90389E+03
 2.90389E+03
 2.90389E+03
 2.90389E+03
 2.90389E+03
 2.90389E+03
 2.90389E+03
 2.90389E+03
 2.90389E+03
 2.90389E+03
 2.90389E+03
 2.90389E+03
 2.90389E+03
 2.90389E+03
 2.90389E+03
 2.90390E+03
 2.90390E+03
 2.90390E+03
 2.90390E+03
 2.90390E+03
 2.90390E+03
 2.90390E+03
 2.90390E+03
 2.90390E+03
 2.90390E+03
 2.90390E+03
 2.90390E+03
 2.90390E+03
 2.90390E+03
 2.90390E+03
 2.90390E+03
 2.90390E+03
 2.90390E+03
 2.90390E+03
 2.90390E+03
 2.90390E+03
 2.90390E+03
 2.90390E+03
 2.90390E+03
 2.90390E+03
 2.90390E+03
 2.90390E+03
 2.90390E+03
 2.90372E+03
 2.90372E+03
 2.90372E+03
 2.90372E+03
 2.90372E+03
 2.90372E+03
 2.90373E+03
 2.90373E+03
 2.90373E+03
 2.90374E+03
 2.90374E+03
 2.90374E+03
 2.90375E+03
 2.90375E+03
 2.90375E+03
 2.90376E+03
 2.90376E+03
 2.90376E+03
 2.90377E+03
 2.90377E+03
 2.90378E+03
 2.90378E+03
 2.90378E+03
 2.90379E+03
 2.90379E+03
 2.90380E+03
 2.90380E+03
 2.90380E+03
 2.90381E+03
 2.90381E+03
 2.90381E+03
 2.90382E+03
 2.90382E+03
 2.90382E+03
 2.90382E+03
 2.90383E+03
 2.90383E+03
 2.90383E+03
 2.90383E+03
 2.90384E+03
 2.90384E+03
 2.90384E+03
 2.90384E+03
 2.90385E+03
 2.90385E+03
 2.90385E+03
 2.90385E+03
 2.90385E+03
 2.90386E+03
 2.90386E+03
 2.90386E+03
 2.90386E+03
 2.90386E+03
 2.90386E+03
 2.90387E+03
 2.90387E+03
 2.90387E+03
 2.90387E+03
 2.90387E+03
 2.90387E+03
 2.90387E+03
 2.90387E+03
 2.90388E+03
 2.90388E+03
 2.90388E+03
 2.90388E+03
 2.90388E+03
 2.90388E+03
 2.90388E+03
 2.90388E+03
 2.90388E+03
 2.90388E+03
 2.90388E+03
 2.90389E+03
 2.90389E+03
 2.90389E+03
 2.90389E+03
 2.90389E+03
 2.90389E+03
 2.90389E+03
 2.90389E+03
 2.90389E+03
 2.90389E+03
 2.90389E+03
 2.90389E+03
 2.90389E+03
 2.90389E+03
 2.90389E+03
 2.90389E+03
 2.90389E+03
 2.90389E+03
 2.90389E+03
 2.90389E+03
 2.90390E+03
 2.90390E+03
 2.90390E+03
 2.90390E+03
 2.90390E+03
 2.90390E+03
 2.90390E+03
 2.90390E+03
 2.90390E+03
 2.90390E+03
 2.90390E+03
 2.90390E+03
 2.90390E+03
 2.90390E+03
 2.90390E+03
 2.90390E+03
 2.90390E+03
 2.90390E+03
 2.90390E+03
 2.90390E+03
 2.90390E+03
 2.90390E+03
 2.90390E+03
 2.90390E+03
 2.90390E+03
 2.90390E+03
 2.90390E+03
 2.90371E+03
 2.90371E+03
 2.90371E+03
 2.90371E+03
 2.90372E+03
 2.90372E+03
 2.90372E+03
 2.90372E+03
 2.90373E+03
 2.90373E+03
 2.90373E+03
 2.90374E+03
 2.90374E+03
 2.90374E+03
 2.90375E+03
 2.90375E+03
 2.90376E+03
 2.90376E+03
 2.90376E+03
 2.90377E+03
 2.90377E+03
 2.90378E+03
 2.90378E+03
 2.90379E+03
 2.90379E+03
 2.90379E+03
 2.90380E+03
 2.90380E+03
 2.90380E+03
 2.90381E+03
 2.90381E+03
 2.90381E+03
 2.90382E+03
 2.90382E+03
 2.90382E+03
 2.90383E+03
 2.90383E+03
 2.90383E+03
 2.90383E+03
 2.90384E+03
 2.90384E+03
 2.90384E+03
 2.90384E+03
 2.90385E+03
 2.90385E+03
 2.90385E+03
 2.90385E+03
 2.90385E+03
 2.90385E+03
 2.90386E+03
 2.90386E+03
 2.90386E+03
 2.90386E+03
 2.90386E+03
 2.90386E+03
 2.90387E+03
 2.90387E+03
 2.90387E+03
 2.90387E+03
 2.90387E+03
 2.90387E+03
 2.90387E+03
 2.90387E+03
 2.90388E+03
 2.90388E+03
 2.90388E+03
 2.90388E+03
 2.90388E+03
 2.90388E+03
 2.90388E+03
 2.90388E+03
 2.90388E+03
 2.90388E+03
 2.90388E+03
 2.90389E+03
 2.90389E+03
 2.90389E+03
 2.90389E+03
 2.90389E+03
 2.90389E+03
 2.90389E+03
 2.90389E+03
 2.90389E+03
 2.90389E+03
 2.90389E+03
 2.90389E+03
 2.90389E+03
 2.90389E+03
 2.90389E+03
 2.90389E+03
 2.90389E+03
 2.90389E+03
 2.90389E+03
 2.90390E+03
 2.90390E+03
 2.90390E+03
 2.90390E+03
 2.90390E+03
 2.90390E+03
 2.90390E+03
 2.90390E+03
 2.90390E+03
 2.90390E+03
 2.90390E+03
 2.90390E+03
 2.90390E+03
 2.90390E+03
 2.90390E+03
 2.90390E+03
 2.90390E+03
 2.90390E+03
 2.90390E+03
 2.90390E+03
 2.90390E+03
 2.90390E+03
 2.90390E+03
 2.90390E+03
 2.90390E+03
 2.90390E+03
 2.90390E+03
 2.90370E+03
 2.90370E+03
 2.90370E+03
 2.90371E+03
 2.90371E+03
 2.90371E+03
 2.90371E+03
 2.90372E+03
 2.90372E+03
 2.90372E+03
 2.90373E+03
 2.90373E+03
 2.90373E+03
 2.90374E+03
 2.90374E+03
 2.90375E+03
 2.90375E+03
 2.90376E+03
 2.90376E+03
 2.90377E+03
 2.90377E+03
 2.90377E+03
 2.90378E+03
 2.90378E+03
 2.90379E+03
 2.90379E+03
 2.90379E+03
 2.90380E+03
 2.90380E+03
 2.90380E+03
 2.90381E+03
 2.90381E+03
 2.90381E+03
 2.90382E+03
 2.90382E+03
 2.90382E+03
 2.90383E+03
 2.90383E+03
 2.90383E+03
 2.90383E+03
 2.90384E+03
 2.90384E+03
 2.90384E+03
 2.90384E+03
 2.90385E+03
 2.90385E+03
 2.90385E+03
 2.90385E+03
 2.90385E+03
 2.90386E+03
 2.90386E+03
 2.90386E+03
 2.90386E+03
 2.90386E+03
 2.90386E+03
 2.90387E+03
 2.90387E+03
 2.90387E+03
 2.90387E+03
 2.90387E+03
 2.90387E+03
 2.90387E+03
 2.90387E+03
 2.90388E+03
 2.90388E+03
 2.90388E+03
 2.90388E+03
 2.90388E+03
 2.90388E+03
 2.90388E+03
 2.90388E+03
 2.90388E+03
 2.90388E+03
 2.90388E+03
 2.90389E+03
 2.90389E+03
 2.90389E+03
 2.90389E+03
 2.90389E+03
 2.90389E+03
 2.90389E+03
 2.90389E+03
 2.90389E+03
 2.90389E+03
 2.90389E+03
 2.90389E+03
 2.90389E+03
 2.90389E+03
 2.90389E+03
 2.90389E+03
 2.90389E+03
 2.90389E+03
 2.90389E+03
 2.90389E+03
 2.90390E+03
 2.90390E+03
 2.90390E+03
 2.90390E+03
 2.90390E+03
 2.90390E+03
 2.90390E+03
 2.90390E+03
 2.90390E+03
 2.90390E+03
 2.90390E+03
 2.90390E+03
 2.90390E+03
 2.90390E+03
 2.90390E+03
 2.90390E+03
 2.90390E+03
 2.90390E+03
 2.90390E+03
 2.90390E+03
 2.90390E+03
 2.90390E+03
 2.90390E+03
 2.90390E+03
 2.90390E+03
 2.90390E+03
 2.90369E+03
 2.90369E+03
 2.90370E+03
 2.90370E+03
 2.90370E+03
 2.90370E+03
 2.90370E+03
 2.90371E+03
 2.90371E+03
 2.90372E+03
 2.90372E+03
 2.90372E+03
 2.90373E+03
 2.90373E+03
 2.90374E+03
 2.90374E+03
 2.90375E+03
 2.90375E+03
 2.90376E+03
 2.90376E+03
 2.90377E+03
 2.90377E+03
 2.90377E+03
 2.90378E+03
 2.90378E+03
 2.90379E+03
 2.90379E+03
 2.90380E+03
 2.90380E+03
 2.90380E+03
 2.90381E+03
 2.90381E+03
 2.90381E+03
 2.90382E+03
 2.90382E+03
 2.90382E+03
 2.90383E+03
 2.90383E+03
 2.90383E+03
 2.90383E+03
 2.90384E+03
 2.90384E+03
 2.90384E+03
 2.90384E+03
 2.90384E+03
 2.90385E+03
 2.90385E+03
 2.90385E+03
 2.90385E+03
 2.90385E+03
 2.90386E+03
 2.90386E+03
 2.90386E+03
 2.90386E+03
 2.90386E+03
 2.90386E+03
 2.90387E+03
 2.90387E+03
 2.90387E+03
 2.90387E+03
 2.90387E+03
 2.90387E+03
 2.90387E+03
 2.90387E+03
 2.90388E+03
 2.90388E+03
 2.90388E+03
 2.90388E+03
 2.90388E+03
 2.90388E+03
 2.90388E+03
 2.90388E+03
 2.90388E+03
 2.90388E+03
 2.90388E+03
 2.90389E+03
 2.90389E+03
 2.90389E+03
 2.90389E+03
 2.90389E+03
 2.90389E+03
 2.90389E+03
 2.90389E+03
 2.90389E+03
 2.90389E+03
 2.90389E+03
 2.90389E+03
 2.90389E+03
 2.90389E+03
 2.90389E+03
 2.90389E+03
 2.90389E+03
 2.90389E+03
 2.90389E+03
 2.90389E+03
 2.90390E+03
 2.90390E+03
 2.90390E+03
 2.90390E+03
 2.90390E+03
 2.90390E+03
 2.90390E+03
 2.90390E+03
 2.90390E+03
 2.90390E+03
 2.90390E+03
 2.90390E+03
 2.90390E+03
 2.90390E+03
 2.90390E+03
 2.90390E+03
 2.90390E+03
 2.90390E+03
 2.90390E+03
 2.90390E+03
 2.90390E+03
 2.90390E+03
 2.90390E+03
 2.90390E+03
 2.90390E+03
 2.90369E+03
 2.90369E+03
 2.90369E+03
 2.90369E+03
 2.90369E+03
 2.90369E+03
 2.90370E+03
 2.90370E+03
 2.90370E+03
 2.90371E+03
 2.90371E+03
 2.90372E+03
 2.90372E+03
 2.90373E+03
 2.90373E+03
 2.90374E+03
 2.90374E+03
 2.90375E+03
 2.90375E+03
 2.90376E+03
 2.90376E+03
 2.90377E+03
 2.90377E+03
 2.90378E+03
 2.90378E+03
 2.90378E+03
 2.90379E+03
 2.90379E+03
 2.90380E+03
 2.90380E+03
 2.90380E+03
 2.90381E+03
 2.90381E+03
 2.90381E+03
 2.90382E+03
 2.90382E+03
 2.90382E+03
 2.90383E+03
 2.90383E+03
 2.90383E+03
 2.90383E+03
 2.90384E+03
 2.90384E+03
 2.90384E+03
 2.90384E+03
 2.90385E+03
 2.90385E+03
 2.90385E+03
 2.90385E+03
 2.90385E+03
 2.90386E+03
 2.90386E+03
 2.90386E+03
 2.90386E+03
 2.90386E+03
 2.90386E+03
 2.90387E+03
 2.90387E+03
 2.90387E+03
 2.90387E+03
 2.90387E+03
 2.90387E+03
 2.90387E+03
 2.90387E+03
 2.90388E+03
 2.90388E+03
 2.90388E+03
 2.90388E+03
 2.90388E+03
 2.90388E+03
 2.90388E+03
 2.90388E+03
 2.90388E+03
 2.90388E+03
 2.90388E+03
 2.90388E+03
 2.90389E+03
 2.90389E+03
 2.90389E+03
 2.90389E+03
 2.90389E+03
 2.90389E+03
 2.90389E+03
 2.90389E+03
 2.90389E+03
 2.90389E+03
 2.90389E+03
 2.90389E+03
 2.90389E+03
 2.90389E+03
 2.90389E+03
 2.90389E+03
 2.90389E+03
 2.90389E+03
 2.90389E+03
 2.90389E+03
 2.90390E+03
 2.90390E+03
 2.90390E+03
 2.90390E+03
 2.90390E+03
 2.90390E+03
 2.90390E+03
 2.90390E+03
 2.90390E+03
 2.90390E+03
 2.90390E+03
 2.90390E+03
 2.90390E+03
 2.90390E+03
 2.90390E+03
 2.90390E+03
 2.90390E+03
 2.90390E+03
 2.90390E+03
 2.90390E+03
 2.90390E+03
 2.90390E+03
 2.90390E+03
 2.90390E+03
 2.90368E+03
 2.90368E+03
 2.90368E+03
 2.90368E+03
 2.90368E+03
 2.90368E+03
 2.90369E+03
 2.90369E+03
 2.90370E+03
 2.90370E+03
 2.90371E+03
 2.90371E+03
 2.90372E+03
 2.90372E+03
 2.90373E+03
 2.90373E+03
 2.90374E+03
 2.90374E+03
 2.90375E+03
 2.90375E+03
 2.90376E+03
 2.90376E+03
 2.90377E+03
 2.90377E+03
 2.90378E+03
 2.90378E+03
 2.90379E+03
 2.90379E+03
 2.90379E+03
 2.90380E+03
 2.90380E+03
 2.90381E+03
 2.90381E+03
 2.90381E+03
 2.90382E+03
 2.90382E+03
 2.90382E+03
 2.90383E+03
 2.90383E+03
 2.90383E+03
 2.90383E+03
 2.90384E+03
 2.90384E+03
 2.90384E+03
 2.90384E+03
 2.90385E+03
 2.90385E+03
 2.90385E+03
 2.90385E+03
 2.90385E+03
 2.90386E+03
 2.90386E+03
 2.90386E+03
 2.90386E+03
 2.90386E+03
 2.90386E+03
 2.90386E+03
 2.90387E+03
 2.90387E+03
 2.90387E+03
 2.90387E+03
 2.90387E+03
 2.90387E+03
 2.90387E+03
 2.90387E+03
 2.90388E+03
 2.90388E+03
 2.90388E+03
 2.90388E+03
 2.90388E+03
 2.90388E+03
 2.90388E+03
 2.90388E+03
 2.90388E+03
 2.90388E+03
 2.90388E+03
 2.90389E+03
 2.90389E+03
 2.90389E+03
 2.90389E+03
 2.90389E+03
 2.90389E+03
 2.90389E+03
 2.90389E+03
 2.90389E+03
 2.90389E+03
 2.90389E+03
 2.90389E+03
 2.90389E+03
 2.90389E+03
 2.90389E+03
 2.90389E+03
 2.90389E+03
 2.90389E+03
 2.90389E+03
 2.90389E+03
 2.90389E+03
 2.90390E+03
 2.90390E+03
 2.90390E+03
 2.90390E+03
 2.90390E+03
 2.90390E+03
 2.90390E+03
 2.90390E+03
 2.90390E+03
 2.90390E+03
 2.90390E+03
 2.90390E+03
 2.90390E+03
 2.90390E+03
 2.90390E+03
 2.90390E+03
 2.90390E+03
 2.90390E+03
 2.90390E+03
 2.90390E+03
 2.90390E+03
 2.90390E+03
 2.90390E+03
 2.90366E+03
 2.90367E+03
 2.90367E+03
 2.90367E+03
 2.90367E+03
 2.90368E+03
 2.90368E+03
 2.90368E+03
 2.90369E+03
 2.90369E+03
 2.90370E+03
 2.90370E+03
 2.90371E+03
 2.90372E+03
 2.90372E+03
 2.90373E+03
 2.90373E+03
 2.90374E+03
 2.90374E+03
 2.90375E+03
 2.90375E+03
 2.90376E+03
 2.90376E+03
 2.90377E+03
 2.90377E+03
 2.90378E+03
 2.90378E+03
 2.90379E+03
 2.90379E+03
 2.90380E+03
 2.90380E+03
 2.90380E+03
 2.90381E+03
 2.90381E+03
 2.90381E+03
 2.90382E+03
 2.90382E+03
 2.90382E+03
 2.90383E+03
 2.90383E+03
 2.90383E+03
 2.90383E+03
 2.90384E+03
 2.90384E+03
 2.90384E+03
 2.90384E+03
 2.90385E+03
 2.90385E+03
 2.90385E+03
 2.90385E+03
 2.90385E+03
 2.90386E+03
 2.90386E+03
 2.90386E+03
 2.90386E+03
 2.90386E+03
 2.90386E+03
 2.90387E+03
 2.90387E+03
 2.90387E+03
 2.90387E+03
 2.90387E+03
 2.90387E+03
 2.90387E+03
 2.90387E+03
 2.90388E+03
 2.90388E+03
 2.90388E+03
 2.90388E+03
 2.90388E+03
 2.90388E+03
 2.90388E+03
 2.90388E+03
 2.90388E+03
 2.90388E+03
 2.90388E+03
 2.90389E+03
 2.90389E+03
 2.90389E+03
 2.90389E+03
 2.90389E+03
 2.90389E+03
 2.90389E+03
 2.90389E+03
 2.90389E+03
 2.90389E+03
 2.90389E+03
 2.90389E+03
 2.90389E+03
 2.90389E+03
 2.90389E+03
 2.90389E+03
 2.90389E+03
 2.90389E+03
 2.90389E+03
 2.90389E+03
 2.90389E+03
 2.90390E+03
 2.90390E+03
 2.90390E+03
 2.90390E+03
 2.90390E+03
 2.90390E+03
 2.90390E+03
 2.90390E+03
 2.90390E+03
 2.90390E+03
 2.90390E+03
 2.90390E+03
 2.90390E+03
 2.90390E+03
 2.90390E+03
 2.90390E+03
 2.90390E+03
 2.90390E+03
 2.90390E+03
 2.90390E+03
 2.90390E+03
 2.90390E+03
 2.90390E+03
 2.90365E+03
 2.90365E+03
 2.90366E+03
 2.90366E+03
 2.90366E+03
 2.90367E+03
 2.90367E+03
 2.90367E+03
 2.90368E+03
 2.90369E+03
 2.90369E+03
 2.90370E+03
 2.90370E+03
 2.90371E+03
 2.90372E+03
 2.90372E+03
 2.90373E+03
 2.90373E+03
 2.90374E+03
 2.90375E+03
 2.90375E+03
 2.90376E+03
 2.90376E+03
 2.90377E+03
 2.90377E+03
 2.90378E+03
 2.90378E+03
 2.90379E+03
 2.90379E+03
 2.90379E+03
 2.90380E+03
 2.90380E+03
 2.90381E+03
 2.90381E+03
 2.90381E+03
 2.90382E+03
 2.90382E+03
 2.90382E+03
 2.90383E+03
 2.90383E+03
 2.90383E+03
 2.90383E+03
 2.90384E+03
 2.90384E+03
 2.90384E+03
 2.90384E+03
 2.90385E+03
 2.90385E+03
 2.90385E+03
 2.90385E+03
 2.90385E+03
 2.90386E+03
 2.90386E+03
 2.90386E+03
 2.90386E+03
 2.90386E+03
 2.90386E+03
 2.90387E+03
 2.90387E+03
 2.90387E+03
 2.90387E+03
 2.90387E+03
 2.90387E+03
 2.90387E+03
 2.90387E+03
 2.90388E+03
 2.90388E+03
 2.90388E+03
 2.90388E+03
 2.90388E+03
 2.90388E+03
 2.90388E+03
 2.90388E+03
 2.90388E+03
 2.90388E+03
 2.90388E+03
 2.90388E+03
 2.90389E+03
 2.90389E+03
 2.90389E+03
 2.90389E+03
 2.90389E+03
 2.90389E+03
 2.90389E+03
 2.90389E+03
 2.90389E+03
 2.90389E+03
 2.90389E+03
 2.90389E+03
 2.90389E+03
 2.90389E+03
 2.90389E+03
 2.90389E+03
 2.90389E+03
 2.90389E+03
 2.90389E+03
 2.90389E+03
 2.90389E+03
 2.90390E+03
 2.90390E+03
 2.90390E+03
 2.90390E+03
 2.90390E+03
 2.90390E+03
 2.90390E+03
 2.90390E+03
 2.90390E+03
 2.90390E+03
 2.90390E+03
 2.90390E+03
 2.90390E+03
 2.90390E+03
 2.90390E+03
 2.90390E+03
 2.90390E+03
 2.90390E+03
 2.90390E+03
 2.90390E+03
 2.90390E+03
 2.90390E+03
 2.90364E+03
 2.90364E+03
 2.90364E+03
 2.90365E+03
 2.90365E+03
 2.90366E+03
 2.90366E+03
 2.90367E+03
 2.90367E+03
 2.90368E+03
 2.90368E+03
 2.90369E+03
 2.90370E+03
 2.90370E+03
 2.90371E+03
 2.90372E+03
 2.90372E+03
 2.90373E+03
 2.90374E+03
 2.90374E+03
 2.90375E+03
 2.90375E+03
 2.90376E+03
 2.90376E+03
 2.90377E+03
 2.90377E+03
 2.90378E+03
 2.90378E+03
 2.90379E+03
 2.90379E+03
 2.90380E+03
 2.90380E+03
 2.90380E+03
 2.90381E+03
 2.90381E+03
 2.90381E+03
 2.90382E+03
 2.90382E+03
 2.90382E+03
 2.90383E+03
 2.90383E+03
 2.90383E+03
 2.90384E+03
 2.90384E+03
 2.90384E+03
 2.90384E+03
 2.90384E+03
 2.90385E+03
 2.90385E+03
 2.90385E+03
 2.90385E+03
 2.90385E+03
 2.90386E+03
 2.90386E+03
 2.90386E+03
 2.90386E+03
 2.90386E+03
 2.90386E+03
 2.90387E+03
 2.90387E+03
 2.90387E+03
 2.90387E+03
 2.90387E+03
 2.90387E+03
 2.90387E+03
 2.90387E+03
 2.90388E+03
 2.90388E+03
 2.90388E+03
 2.90388E+03
 2.90388E+03
 2.90388E+03
 2.90388E+03
 2.90388E+03
 2.90388E+03
 2.90388E+03
 2.90388E+03
 2.90389E+03
 2.90389E+03
 2.90389E+03
 2.90389E+03
 2.90389E+03
 2.90389E+03
 2.90389E+03
 2.90389E+03
 2.90389E+03
 2.90389E+03
 2.90389E+03
 2.90389E+03
 2.90389E+03
 2.90389E+03
 2.90389E+03
 2.90389E+03
 2.90389E+03
 2.90389E+03
 2.90389E+03
 2.90389E+03
 2.90389E+03
 2.90389E+03
 2.90390E+03
 2.90390E+03
 2.90390E+03
 2.90390E+03
 2.90390E+03
 2.90390E+03
 2.90390E+03
 2.90390E+03
 2.90390E+03
 2.90390E+03
 2.90390E+03
 2.90390E+03
 2.90390E+03
 2.90390E+03
 2.90390E+03
 2.90390E+03
 2.90390E+03
 2.90390E+03
 2.90390E+03
 2.90390E+03
 2.90390E+03
 2.90363E+03
 2.90363E+03
 2.90363E+03
 2.90364E+03
 2.90364E+03
 2.90364E+03
 2.90365E+03
 2.90366E+03
 2.90366E+03
 2.90367E+03
 2.90368E+03
 2.90368E+03
 2.90369E+03
 2.90370E+03
 2.90370E+03
 2.90371E+03
 2.90372E+03
 2.90372E+03
 2.90373E+03
 2.90374E+03
 2.90374E+03
 2.90375E+03
 2.90376E+03
 2.90376E+03
 2.90377E+03
 2.90377E+03
 2.90378E+03
 2.90378E+03
 2.90379E+03
 2.90379E+03
 2.90379E+03
 2.90380E+03
 2.90380E+03
 2.90381E+03
 2.90381E+03
 2.90381E+03
 2.90382E+03
 2.90382E+03
 2.90382E+03
 2.90383E+03
 2.90383E+03
 2.90383E+03
 2.90383E+03
 2.90384E+03
 2.90384E+03
 2.90384E+03
 2.90384E+03
 2.90385E+03
 2.90385E+03
 2.90385E+03
 2.90385E+03
 2.90385E+03
 2.90386E+03
 2.90386E+03
 2.90386E+03
 2.90386E+03
 2.90386E+03
 2.90386E+03
 2.90387E+03
 2.90387E+03
 2.90387E+03
 2.90387E+03
 2.90387E+03
 2.90387E+03
 2.90387E+03
 2.90387E+03
 2.90388E+03
 2.90388E+03
 2.90388E+03
 2.90388E+03
 2.90388E+03
 2.90388E+03
 2.90388E+03
 2.90388E+03
 2.90388E+03
 2.90388E+03
 2.90388E+03
 2.90388E+03
 2.90389E+03
 2.90389E+03
 2.90389E+03
 2.90389E+03
 2.90389E+03
 2.90389E+03
 2.90389E+03
 2.90389E+03
 2.90389E+03
 2.90389E+03
 2.90389E+03
 2.90389E+03
 2.90389E+03
 2.90389E+03
 2.90389E+03
 2.90389E+03
 2.90389E+03
 2.90389E+03
 2.90389E+03
 2.90389E+03
 2.90389E+03
 2.90390E+03
 2.90390E+03
 2.90390E+03
 2.90390E+03
 2.90390E+03
 2.90390E+03
 2.90390E+03
 2.90390E+03
 2.90390E+03
 2.90390E+03
 2.90390E+03
 2.90390E+03
 2.90390E+03
 2.90390E+03
 2.90390E+03
 2.90390E+03
 2.90390E+03
 2.90390E+03
 2.90390E+03
 2.90390E+03
 2.90390E+03
 2.90361E+03
 2.90362E+03
 2.90362E+03
 2.90362E+03
 2.90363E+03
 2.90363E+03
 2.90364E+03
 2.90364E+03
 2.90365E+03
 2.90366E+03
 2.90367E+03
 2.90367E+03
 2.90368E+03
 2.90369E+03
 2.90370E+03
 2.90371E+03
 2.90371E+03
 2.90372E+03
 2.90373E+03
 2.90373E+03
 2.90374E+03
 2.90375E+03
 2.90375E+03
 2.90376E+03
 2.90376E+03
 2.90377E+03
 2.90377E+03
 2.90378E+03
 2.90378E+03
 2.90379E+03
 2.90379E+03
 2.90380E+03
 2.90380E+03
 2.90381E+03
 2.90381E+03
 2.90381E+03
 2.90382E+03
 2.90382E+03
 2.90382E+03
 2.90383E+03
 2.90383E+03
 2.90383E+03
 2.90383E+03
 2.90384E+03
 2.90384E+03
 2.90384E+03
 2.90384E+03
 2.90385E+03
 2.90385E+03
 2.90385E+03
 2.90385E+03
 2.90385E+03
 2.90386E+03
 2.90386E+03
 2.90386E+03
 2.90386E+03
 2.90386E+03
 2.90386E+03
 2.90387E+03
 2.90387E+03
 2.90387E+03
 2.90387E+03
 2.90387E+03
 2.90387E+03
 2.90387E+03
 2.90387E+03
 2.90387E+03
 2.90388E+03
 2.90388E+03
 2.90388E+03
 2.90388E+03
 2.90388E+03
 2.90388E+03
 2.90388E+03
 2.90388E+03
 2.90388E+03
 2.90388E+03
 2.90388E+03
 2.90389E+03
 2.90389E+03
 2.90389E+03
 2.90389E+03
 2.90389E+03
 2.90389E+03
 2.90389E+03
 2.90389E+03
 2.90389E+03
 2.90389E+03
 2.90389E+03
 2.90389E+03
 2.90389E+03
 2.90389E+03
 2.90389E+03
 2.90389E+03
 2.90389E+03
 2.90389E+03
 2.90389E+03
 2.90389E+03
 2.90389E+03
 2.90389E+03
 2.90390E+03
 2.90390E+03
 2.90390E+03
 2.90390E+03
 2.90390E+03
 2.90390E+03
 2.90390E+03
 2.90390E+03
 2.90390E+03
 2.90390E+03
 2.90390E+03
 2.90390E+03
 2.90390E+03
 2.90390E+03
 2.90390E+03
 2.90390E+03
 2.90390E+03
 2.90390E+03
 2.90390E+03
 2.90390E+03
 2.90360E+03
 2.90360E+03
 2.90360E+03
 2.90361E+03
 2.90361E+03
 2.90362E+03
 2.90363E+03
 2.90363E+03
 2.90364E+03
 2.90365E+03
 2.90366E+03
 2.90367E+03
 2.90368E+03
 2.90368E+03
 2.90369E+03
 2.90370E+03
 2.90371E+03
 2.90372E+03
 2.90372E+03
 2.90373E+03
 2.90374E+03
 2.90374E+03
 2.90375E+03
 2.90376E+03
 2.90376E+03
 2.90377E+03
 2.90377E+03
 2.90378E+03
 2.90378E+03
 2.90379E+03
 2.90379E+03
 2.90380E+03
 2.90380E+03
 2.90380E+03
 2.90381E+03
 2.90381E+03
 2.90381E+03
 2.90382E+03
 2.90382E+03
 2.90382E+03
 2.90383E+03
 2.90383E+03
 2.90383E+03
 2.90384E+03
 2.90384E+03
 2.90384E+03
 2.90384E+03
 2.90384E+03
 2.90385E+03
 2.90385E+03
 2.90385E+03
 2.90385E+03
 2.90385E+03
 2.90386E+03
 2.90386E+03
 2.90386E+03
 2.90386E+03
 2.90386E+03
 2.90386E+03
 2.90387E+03
 2.90387E+03
 2.90387E+03
 2.90387E+03
 2.90387E+03
 2.90387E+03
 2.90387E+03
 2.90387E+03
 2.90388E+03
 2.90388E+03
 2.90388E+03
 2.90388E+03
 2.90388E+03
 2.90388E+03
 2.90388E+03
 2.90388E+03
 2.90388E+03
 2.90388E+03
 2.90388E+03
 2.90389E+03
 2.90389E+03
 2.90389E+03
 2.90389E+03
 2.90389E+03
 2.90389E+03
 2.90389E+03
 2.90389E+03
 2.90389E+03
 2.90389E+03
 2.90389E+03
 2.90389E+03
 2.90389E+03
 2.90389E+03
 2.90389E+03
 2.90389E+03
 2.90389E+03
 2.90389E+03
 2.90389E+03
 2.90389E+03
 2.90389E+03
 2.90389E+03
 2.90390E+03
 2.90390E+03
 2.90390E+03
 2.90390E+03
 2.90390E+03
 2.90390E+03
 2.90390E+03
 2.90390E+03
 2.90390E+03
 2.90390E+03
 2.90390E+03
 2.90390E+03
 2.90390E+03
 2.90390E+03
 2.90390E+03
 2.90390E+03
 2.90390E+03
 2.90390E+03
 2.90390E+03
 2.90390E+03
 2.90358E+03
 2.90358E+03
 2.90359E+03
 2.90359E+03
 2.90360E+03
 2.90361E+03
 2.90361E+03
 2.90362E+03
 2.90363E+03
 2.90364E+03
 2.90365E+03
 2.90366E+03
 2.90367E+03
 2.90368E+03
 2.90369E+03
 2.90369E+03
 2.90370E+03
 2.90371E+03
 2.90372E+03
 2.90373E+03
 2.90373E+03
 2.90374E+03
 2.90375E+03
 2.90375E+03
 2.90376E+03
 2.90376E+03
 2.90377E+03
 2.90378E+03
 2.90378E+03
 2.90379E+03
 2.90379E+03
 2.90379E+03
 2.90380E+03
 2.90380E+03
 2.90381E+03
 2.90381E+03
 2.90381E+03
 2.90382E+03
 2.90382E+03
 2.90382E+03
 2.90383E+03
 2.90383E+03
 2.90383E+03
 2.90383E+03
 2.90384E+03
 2.90384E+03
 2.90384E+03
 2.90384E+03
 2.90385E+03
 2.90385E+03
 2.90385E+03
 2.90385E+03
 2.90385E+03
 2.90386E+03
 2.90386E+03
 2.90386E+03
 2.90386E+03
 2.90386E+03
 2.90386E+03
 2.90387E+03
 2.90387E+03
 2.90387E+03
 2.90387E+03
 2.90387E+03
 2.90387E+03
 2.90387E+03
 2.90387E+03
 2.90388E+03
 2.90388E+03
 2.90388E+03
 2.90388E+03
 2.90388E+03
 2.90388E+03
 2.90388E+03
 2.90388E+03
 2.90388E+03
 2.90388E+03
 2.90388E+03
 2.90388E+03
 2.90389E+03
 2.90389E+03
 2.90389E+03
 2.90389E+03
 2.90389E+03
 2.90389E+03
 2.90389E+03
 2.90389E+03
 2.90389E+03
 2.90389E+03
 2.90389E+03
 2.90389E+03
 2.90389E+03
 2.90389E+03
 2.90389E+03
 2.90389E+03
 2.90389E+03
 2.90389E+03
 2.90389E+03
 2.90389E+03
 2.90389E+03
 2.90389E+03
 2.90390E+03
 2.90390E+03
 2.90390E+03
 2.90390E+03
 2.90390E+03
 2.90390E+03
 2.90390E+03
 2.90390E+03
 2.90390E+03
 2.90390E+03
 2.90390E+03
 2.90390E+03
 2.90390E+03
 2.90390E+03
 2.90390E+03
 2.90390E+03
 2.90390E+03
 2.90390E+03
 2.90390E+03
 2.90357E+03
 2.90357E+03
 2.90357E+03
 2.90358E+03
 2.90358E+03
 2.90359E+03
 2.90360E+03
 2.90361E+03
 2.90362E+03
 2.90363E+03
 2.90364E+03
 2.90365E+03
 2.90366E+03
 2.90367E+03
 2.90368E+03
 2.90369E+03
 2.90370E+03
 2.90371E+03
 2.90371E+03
 2.90372E+03
 2.90373E+03
 2.90374E+03
 2.90374E+03
 2.90375E+03
 2.90376E+03
 2.90376E+03
 2.90377E+03
 2.90377E+03
 2.90378E+03
 2.90378E+03
 2.90379E+03
 2.90379E+03
 2.90380E+03
 2.90380E+03
 2.90381E+03
 2.90381E+03
 2.90381E+03
 2.90382E+03
 2.90382E+03
 2.90382E+03
 2.90383E+03
 2.90383E+03
 2.90383E+03
 2.90383E+03
 2.90384E+03
 2.90384E+03
 2.90384E+03
 2.90384E+03
 2.90385E+03
 2.90385E+03
 2.90385E+03
 2.90385E+03
 2.90385E+03
 2.90386E+03
 2.90386E+03
 2.90386E+03
 2.90386E+03
 2.90386E+03
 2.90386E+03
 2.90387E+03
 2.90387E+03
 2.90387E+03
 2.90387E+03
 2.90387E+03
 2.90387E+03
 2.90387E+03
 2.90387E+03
 2.90388E+03
 2.90388E+03
 2.90388E+03
 2.90388E+03
 2.90388E+03
 2.90388E+03
 2.90388E+03
 2.90388E+03
 2.90388E+03
 2.90388E+03
 2.90388E+03
 2.90388E+03
 2.90389E+03
 2.90389E+03
 2.90389E+03
 2.90389E+03
 2.90389E+03
 2.90389E+03
 2.90389E+03
 2.90389E+03
 2.90389E+03
 2.90389E+03
 2.90389E+03
 2.90389E+03
 2.90389E+03
 2.90389E+03
 2.90389E+03
 2.90389E+03
 2.90389E+03
 2.90389E+03
 2.90389E+03
 2.90389E+03
 2.90389E+03
 2.90389E+03
 2.90390E+03
 2.90390E+03
 2.90390E+03
 2.90390E+03
 2.90390E+03
 2.90390E+03
 2.90390E+03
 2.90390E+03
 2.90390E+03
 2.90390E+03
 2.90390E+03
 2.90390E+03
 2.90390E+03
 2.90390E+03
 2.90390E+03
 2.90390E+03
 2.90390E+03
 2.90390E+03
 2.90390E+03
 2.90355E+03
 2.90355E+03
 2.90355E+03
 2.90356E+03
 2.90357E+03
 2.90358E+03
 2.90359E+03
 2.90360E+03
 2.90361E+03
 2.90362E+03
 2.90363E+03
 2.90364E+03
 2.90365E+03
 2.90366E+03
 2.90367E+03
 2.90368E+03
 2.90369E+03
 2.90370E+03
 2.90371E+03
 2.90372E+03
 2.90373E+03
 2.90373E+03
 2.90374E+03
 2.90375E+03
 2.90375E+03
 2.90376E+03
 2.90377E+03
 2.90377E+03
 2.90378E+03
 2.90378E+03
 2.90379E+03
 2.90379E+03
 2.90380E+03
 2.90380E+03
 2.90380E+03
 2.90381E+03
 2.90381E+03
 2.90382E+03
 2.90382E+03
 2.90382E+03
 2.90382E+03
 2.90383E+03
 2.90383E+03
 2.90383E+03
 2.90384E+03
 2.90384E+03
 2.90384E+03
 2.90384E+03
 2.90385E+03
 2.90385E+03
 2.90385E+03
 2.90385E+03
 2.90385E+03
 2.90386E+03
 2.90386E+03
 2.90386E+03
 2.90386E+03
 2.90386E+03
 2.90386E+03
 2.90387E+03
 2.90387E+03
 2.90387E+03
 2.90387E+03
 2.90387E+03
 2.90387E+03
 2.90387E+03
 2.90387E+03
 2.90387E+03
 2.90388E+03
 2.90388E+03
 2.90388E+03
 2.90388E+03
 2.90388E+03
 2.90388E+03
 2.90388E+03
 2.90388E+03
 2.90388E+03
 2.90388E+03
 2.90388E+03
 2.90389E+03
 2.90389E+03
 2.90389E+03
 2.90389E+03
 2.90389E+03
 2.90389E+03
 2.90389E+03
 2.90389E+03
 2.90389E+03
 2.90389E+03
 2.90389E+03
 2.90389E+03
 2.90389E+03
 2.90389E+03
 2.90389E+03
 2.90389E+03
 2.90389E+03
 2.90389E+03
 2.90389E+03
 2.90389E+03
 2.90389E+03
 2.90389E+03
 2.90389E+03
 2.90390E+03
 2.90390E+03
 2.90390E+03
 2.90390E+03
 2.90390E+03
 2.90390E+03
 2.90390E+03
 2.90390E+03
 2.90390E+03
 2.90390E+03
 2.90390E+03
 2.90390E+03
 2.90390E+03
 2.90390E+03
 2.90390E+03
 2.90390E+03
 2.90390E+03
 2.90390E+03
 2.90352E+03
 2.90353E+03
 2.90353E+03
 2.90354E+03
 2.90355E+03
 2.90356E+03
 2.90357E+03
 2.90359E+03
 2.90360E+03
 2.90361E+03
 2.90362E+03
 2.90364E+03
 2.90365E+03
 2.90366E+03
 2.90367E+03
 2.90368E+03
 2.90369E+03
 2.90370E+03
 2.90371E+03
 2.90372E+03
 2.90372E+03
 2.90373E+03
 2.90374E+03
 2.90375E+03
 2.90375E+03
 2.90376E+03
 2.90376E+03
 2.90377E+03
 2.90378E+03
 2.90378E+03
 2.90379E+03
 2.90379E+03
 2.90379E+03
 2.90380E+03
 2.90380E+03
 2.90381E+03
 2.90381E+03
 2.90381E+03
 2.90382E+03
 2.90382E+03
 2.90382E+03
 2.90383E+03
 2.90383E+03
 2.90383E+03
 2.90384E+03
 2.90384E+03
 2.90384E+03
 2.90384E+03
 2.90385E+03
 2.90385E+03
 2.90385E+03
 2.90385E+03
 2.90385E+03
 2.90386E+03
 2.90386E+03
 2.90386E+03
 2.90386E+03
 2.90386E+03
 2.90386E+03
 2.90386E+03
 2.90387E+03
 2.90387E+03
 2.90387E+03
 2.90387E+03
 2.90387E+03
 2.90387E+03
 2.90387E+03
 2.90387E+03
 2.90388E+03
 2.90388E+03
 2.90388E+03
 2.90388E+03
 2.90388E+03
 2.90388E+03
 2.90388E+03
 2.90388E+03
 2.90388E+03
 2.90388E+03
 2.90388E+03
 2.90389E+03
 2.90389E+03
 2.90389E+03
 2.90389E+03
 2.90389E+03
 2.90389E+03
 2.90389E+03
 2.90389E+03
 2.90389E+03
 2.90389E+03
 2.90389E+03
 2.90389E+03
 2.90389E+03
 2.90389E+03
 2.90389E+03
 2.90389E+03
 2.90389E+03
 2.90389E+03
 2.90389E+03
 2.90389E+03
 2.90389E+03
 2.90389E+03
 2.90389E+03
 2.90390E+03
 2.90390E+03
 2.90390E+03
 2.90390E+03
 2.90390E+03
 2.90390E+03
 2.90390E+03
 2.90390E+03
 2.90390E+03
 2.90390E+03
 2.90390E+03
 2.90390E+03
 2.90390E+03
 2.90390E+03
 2.90390E+03
 2.90390E+03
 2.90390E+03
 2.90390E+03
 2.90350E+03
 2.90350E+03
 2.90351E+03
 2.90352E+03
 2.90353E+03
 2.90354E+03
 2.90356E+03
 2.90357E+03
 2.90359E+03
 2.90360E+03
 2.90361E+03
 2.90363E+03
 2.90364E+03
 2.90365E+03
 2.90366E+03
 2.90367E+03
 2.90369E+03
 2.90370E+03
 2.90370E+03
 2.90371E+03
 2.90372E+03
 2.90373E+03
 2.90374E+03
 2.90374E+03
 2.90375E+03
 2.90376E+03
 2.90376E+03
 2.90377E+03
 2.90377E+03
 2.90378E+03
 2.90378E+03
 2.90379E+03
 2.90379E+03
 2.90380E+03
 2.90380E+03
 2.90381E+03
 2.90381E+03
 2.90381E+03
 2.90382E+03
 2.90382E+03
 2.90382E+03
 2.90383E+03
 2.90383E+03
 2.90383E+03
 2.90384E+03
 2.90384E+03
 2.90384E+03
 2.90384E+03
 2.90384E+03
 2.90385E+03
 2.90385E+03
 2.90385E+03
 2.90385E+03
 2.90385E+03
 2.90386E+03
 2.90386E+03
 2.90386E+03
 2.90386E+03
 2.90386E+03
 2.90386E+03
 2.90387E+03
 2.90387E+03
 2.90387E+03
 2.90387E+03
 2.90387E+03
 2.90387E+03
 2.90387E+03
 2.90387E+03
 2.90388E+03
 2.90388E+03
 2.90388E+03
 2.90388E+03
 2.90388E+03
 2.90388E+03
 2.90388E+03
 2.90388E+03
 2.90388E+03
 2.90388E+03
 2.90388E+03
 2.90388E+03
 2.90389E+03
 2.90389E+03
 2.90389E+03
 2.90389E+03
 2.90389E+03
 2.90389E+03
 2.90389E+03
 2.90389E+03
 2.90389E+03
 2.90389E+03
 2.90389E+03
 2.90389E+03
 2.90389E+03
 2.90389E+03
 2.90389E+03
 2.90389E+03
 2.90389E+03
 2.90389E+03
 2.90389E+03
 2.90389E+03
 2.90389E+03
 2.90389E+03
 2.90389E+03
 2.90390E+03
 2.90390E+03
 2.90390E+03
 2.90390E+03
 2.90390E+03
 2.90390E+03
 2.90390E+03
 2.90390E+03
 2.90390E+03
 2.90390E+03
 2.90390E+03
 2.90390E+03
 2.90390E+03
 2.90390E+03
 2.90390E+03
 2.90390E+03
 2.90390E+03
 2.90347E+03
 2.90348E+03
 2.90348E+03
 2.90350E+03
 2.90351E+03
 2.90353E+03
 2.90354E+03
 2.90356E+03
 2.90358E+03
 2.90359E+03
 2.90361E+03
 2.90362E+03
 2.90363E+03
 2.90365E+03
 2.90366E+03
 2.90367E+03
 2.90368E+03
 2.90369E+03
 2.90370E+03
 2.90371E+03
 2.90372E+03
 2.90373E+03
 2.90373E+03
 2.90374E+03
 2.90375E+03
 2.90376E+03
 2.90376E+03
 2.90377E+03
 2.90377E+03
 2.90378E+03
 2.90378E+03
 2.90379E+03
 2.90379E+03
 2.90380E+03
 2.90380E+03
 2.90381E+03
 2.90381E+03
 2.90381E+03
 2.90382E+03
 2.90382E+03
 2.90382E+03
 2.90383E+03
 2.90383E+03
 2.90383E+03
 2.90383E+03
 2.90384E+03
 2.90384E+03
 2.90384E+03
 2.90384E+03
 2.90385E+03
 2.90385E+03
 2.90385E+03
 2.90385E+03
 2.90385E+03
 2.90386E+03
 2.90386E+03
 2.90386E+03
 2.90386E+03
 2.90386E+03
 2.90386E+03
 2.90387E+03
 2.90387E+03
 2.90387E+03
 2.90387E+03
 2.90387E+03
 2.90387E+03
 2.90387E+03
 2.90387E+03
 2.90388E+03
 2.90388E+03
 2.90388E+03
 2.90388E+03
 2.90388E+03
 2.90388E+03
 2.90388E+03
 2.90388E+03
 2.90388E+03
 2.90388E+03
 2.90388E+03
 2.90388E+03
 2.90389E+03
 2.90389E+03
 2.90389E+03
 2.90389E+03
 2.90389E+03
 2.90389E+03
 2.90389E+03
 2.90389E+03
 2.90389E+03
 2.90389E+03
 2.90389E+03
 2.90389E+03
 2.90389E+03
 2.90389E+03
 2.90389E+03
 2.90389E+03
 2.90389E+03
 2.90389E+03
 2.90389E+03
 2.90389E+03
 2.90389E+03
 2.90389E+03
 2.90389E+03
 2.90390E+03
 2.90390E+03
 2.90390E+03
 2.90390E+03
 2.90390E+03
 2.90390E+03
 2.90390E+03
 2.90390E+03
 2.90390E+03
 2.90390E+03
 2.90390E+03
 2.90390E+03
 2.90390E+03
 2.90390E+03
 2.90390E+03
 2.90390E+03
 2.90390E+03
 2.90344E+03
 2.90345E+03
 2.90346E+03
 2.90347E+03
 2.90349E+03
 2.90351E+03
 2.90353E+03
 2.90355E+03
 2.90356E+03
 2.90358E+03
 2.90360E+03
 2.90361E+03
 2.90363E+03
 2.90364E+03
 2.90365E+03
 2.90367E+03
 2.90368E+03
 2.90369E+03
 2.90370E+03
 2.90371E+03
 2.90372E+03
 2.90373E+03
 2.90373E+03
 2.90374E+03
 2.90375E+03
 2.90375E+03
 2.90376E+03
 2.90377E+03
 2.90377E+03
 2.90378E+03
 2.90378E+03
 2.90379E+03
 2.90379E+03
 2.90380E+03
 2.90380E+03
 2.90381E+03
 2.90381E+03
 2.90381E+03
 2.90382E+03
 2.90382E+03
 2.90382E+03
 2.90383E+03
 2.90383E+03
 2.90383E+03
 2.90383E+03
 2.90384E+03
 2.90384E+03
 2.90384E+03
 2.90384E+03
 2.90385E+03
 2.90385E+03
 2.90385E+03
 2.90385E+03
 2.90385E+03
 2.90386E+03
 2.90386E+03
 2.90386E+03
 2.90386E+03
 2.90386E+03
 2.90386E+03
 2.90387E+03
 2.90387E+03
 2.90387E+03
 2.90387E+03
 2.90387E+03
 2.90387E+03
 2.90387E+03
 2.90387E+03
 2.90388E+03
 2.90388E+03
 2.90388E+03
 2.90388E+03
 2.90388E+03
 2.90388E+03
 2.90388E+03
 2.90388E+03
 2.90388E+03
 2.90388E+03
 2.90388E+03
 2.90388E+03
 2.90389E+03
 2.90389E+03
 2.90389E+03
 2.90389E+03
 2.90389E+03
 2.90389E+03
 2.90389E+03
 2.90389E+03
 2.90389E+03
 2.90389E+03
 2.90389E+03
 2.90389E+03
 2.90389E+03
 2.90389E+03
 2.90389E+03
 2.90389E+03
 2.90389E+03
 2.90389E+03
 2.90389E+03
 2.90389E+03
 2.90389E+03
 2.90389E+03
 2.90389E+03
 2.90390E+03
 2.90390E+03
 2.90390E+03
 2.90390E+03
 2.90390E+03
 2.90390E+03
 2.90390E+03
 2.90390E+03
 2.90390E+03
 2.90390E+03
 2.90390E+03
 2.90390E+03
 2.90390E+03
 2.90390E+03
 2.90390E+03
 2.90390E+03
 2.90390E+03
 2.90340E+03
 2.90341E+03
 2.90343E+03
 2.90345E+03
 2.90347E+03
 2.90349E+03
 2.90351E+03
 2.90353E+03
 2.90355E+03
 2.90357E+03
 2.90359E+03
 2.90361E+03
 2.90362E+03
 2.90364E+03
 2.90365E+03
 2.90366E+03
 2.90368E+03
 2.90369E+03
 2.90370E+03
 2.90371E+03
 2.90372E+03
 2.90372E+03
 2.90373E+03
 2.90374E+03
 2.90375E+03
 2.90375E+03
 2.90376E+03
 2.90377E+03
 2.90377E+03
 2.90378E+03
 2.90378E+03
 2.90379E+03
 2.90379E+03
 2.90380E+03
 2.90380E+03
 2.90380E+03
 2.90381E+03
 2.90381E+03
 2.90382E+03
 2.90382E+03
 2.90382E+03
 2.90383E+03
 2.90383E+03
 2.90383E+03
 2.90383E+03
 2.90384E+03
 2.90384E+03
 2.90384E+03
 2.90384E+03
 2.90385E+03
 2.90385E+03
 2.90385E+03
 2.90385E+03
 2.90385E+03
 2.90386E+03
 2.90386E+03
 2.90386E+03
 2.90386E+03
 2.90386E+03
 2.90386E+03
 2.90387E+03
 2.90387E+03
 2.90387E+03
 2.90387E+03
 2.90387E+03
 2.90387E+03
 2.90387E+03
 2.90387E+03
 2.90388E+03
 2.90388E+03
 2.90388E+03
 2.90388E+03
 2.90388E+03
 2.90388E+03
 2.90388E+03
 2.90388E+03
 2.90388E+03
 2.90388E+03
 2.90388E+03
 2.90388E+03
 2.90389E+03
 2.90389E+03
 2.90389E+03
 2.90389E+03
 2.90389E+03
 2.90389E+03
 2.90389E+03
 2.90389E+03
 2.90389E+03
 2.90389E+03
 2.90389E+03
 2.90389E+03
 2.90389E+03
 2.90389E+03
 2.90389E+03
 2.90389E+03
 2.90389E+03
 2.90389E+03
 2.90389E+03
 2.90389E+03
 2.90389E+03
 2.90389E+03
 2.90389E+03
 2.90390E+03
 2.90390E+03
 2.90390E+03
 2.90390E+03
 2.90390E+03
 2.90390E+03
 2.90390E+03
 2.90390E+03
 2.90390E+03
 2.90390E+03
 2.90390E+03
 2.90390E+03
 2.90390E+03
 2.90390E+03
 2.90390E+03
 2.90390E+03
 2.90390E+03
 2.90335E+03
 2.90337E+03
 2.90339E+03
 2.90342E+03
 2.90345E+03
 2.90347E+03
 2.90350E+03
 2.90352E+03
 2.90354E+03
 2.90357E+03
 2.90358E+03
 2.90360E+03
 2.90362E+03
 2.90363E+03
 2.90365E+03
 2.90366E+03
 2.90367E+03
 2.90368E+03
 2.90369E+03
 2.90370E+03
 2.90371E+03
 2.90372E+03
 2.90373E+03
 2.90374E+03
 2.90375E+03
 2.90375E+03
 2.90376E+03
 2.90376E+03
 2.90377E+03
 2.90378E+03
 2.90378E+03
 2.90379E+03
 2.90379E+03
 2.90380E+03
 2.90380E+03
 2.90380E+03
 2.90381E+03
 2.90381E+03
 2.90382E+03
 2.90382E+03
 2.90382E+03
 2.90383E+03
 2.90383E+03
 2.90383E+03
 2.90383E+03
 2.90384E+03
 2.90384E+03
 2.90384E+03
 2.90384E+03
 2.90385E+03
 2.90385E+03
 2.90385E+03
 2.90385E+03
 2.90385E+03
 2.90386E+03
 2.90386E+03
 2.90386E+03
 2.90386E+03
 2.90386E+03
 2.90386E+03
 2.90387E+03
 2.90387E+03
 2.90387E+03
 2.90387E+03
 2.90387E+03
 2.90387E+03
 2.90387E+03
 2.90387E+03
 2.90387E+03
 2.90388E+03
 2.90388E+03
 2.90388E+03
 2.90388E+03
 2.90388E+03
 2.90388E+03
 2.90388E+03
 2.90388E+03
 2.90388E+03
 2.90388E+03
 2.90388E+03
 2.90389E+03
 2.90389E+03
 2.90389E+03
 2.90389E+03
 2.90389E+03
 2.90389E+03
 2.90389E+03
 2.90389E+03
 2.90389E+03
 2.90389E+03
 2.90389E+03
 2.90389E+03
 2.90389E+03
 2.90389E+03
 2.90389E+03
 2.90389E+03
 2.90389E+03
 2.90389E+03
 2.90389E+03
 2.90389E+03
 2.90389E+03
 2.90389E+03
 2.90389E+03
 2.90389E+03
 2.90390E+03
 2.90390E+03
 2.90390E+03
 2.90390E+03
 2.90390E+03
 2.90390E+03
 2.90390E+03
 2.90390E+03
 2.90390E+03
 2.90390E+03
 2.90390E+03
 2.90390E+03
 2.90390E+03
 2.90390E+03
 2.90390E+03
 2.90390E+03
 2.90329E+03
 2.90332E+03
 2.90335E+03
 2.90339E+03
 2.90342E+03
 2.90346E+03
 2.90349E+03
 2.90351E+03
 2.90354E+03
 2.90356E+03
 2.90358E+03
 2.90360E+03
 2.90361E+03
 2.90363E+03
 2.90364E+03
 2.90366E+03
 2.90367E+03
 2.90368E+03
 2.90369E+03
 2.90370E+03
 2.90371E+03
 2.90372E+03
 2.90373E+03
 2.90374E+03
 2.90374E+03
 2.90375E+03
 2.90376E+03
 2.90376E+03
 2.90377E+03
 2.90378E+03
 2.90378E+03
 2.90379E+03
 2.90379E+03
 2.90380E+03
 2.90380E+03
 2.90380E+03
 2.90381E+03
 2.90381E+03
 2.90382E+03
 2.90382E+03
 2.90382E+03
 2.90382E+03
 2.90383E+03
 2.90383E+03
 2.90383E+03
 2.90384E+03
 2.90384E+03
 2.90384E+03
 2.90384E+03
 2.90385E+03
 2.90385E+03
 2.90385E+03
 2.90385E+03
 2.90385E+03
 2.90386E+03
 2.90386E+03
 2.90386E+03
 2.90386E+03
 2.90386E+03
 2.90386E+03
 2.90387E+03
 2.90387E+03
 2.90387E+03
 2.90387E+03
 2.90387E+03
 2.90387E+03
 2.90387E+03
 2.90387E+03
 2.90387E+03
 2.90388E+03
 2.90388E+03
 2.90388E+03
 2.90388E+03
 2.90388E+03
 2.90388E+03
 2.90388E+03
 2.90388E+03
 2.90388E+03
 2.90388E+03
 2.90388E+03
 2.90389E+03
 2.90389E+03
 2.90389E+03
 2.90389E+03
 2.90389E+03
 2.90389E+03
 2.90389E+03
 2.90389E+03
 2.90389E+03
 2.90389E+03
 2.90389E+03
 2.90389E+03
 2.90389E+03
 2.90389E+03
 2.90389E+03
 2.90389E+03
 2.90389E+03
 2.90389E+03
 2.90389E+03
 2.90389E+03
 2.90389E+03
 2.90389E+03
 2.90389E+03
 2.90389E+03
 2.90390E+03
 2.90390E+03
 2.90390E+03
 2.90390E+03
 2.90390E+03
 2.90390E+03
 2.90390E+03
 2.90390E+03
 2.90390E+03
 2.90390E+03
 2.90390E+03
 2.90390E+03
 2.90390E+03
 2.90390E+03
 2.90390E+03
 2.90390E+03
 2.90321E+03
 2.90327E+03
 2.90332E+03
 2.90336E+03
 2.90340E+03
 2.90344E+03
 2.90347E+03
 2.90350E+03
 2.90353E+03
 2.90355E+03
 2.90358E+03
 2.90359E+03
 2.90361E+03
 2.90363E+03
 2.90364E+03
 2.90366E+03
 2.90367E+03
 2.90368E+03
 2.90369E+03
 2.90370E+03
 2.90371E+03
 2.90372E+03
 2.90373E+03
 2.90374E+03
 2.90374E+03
 2.90375E+03
 2.90376E+03
 2.90376E+03
 2.90377E+03
 2.90378E+03
 2.90378E+03
 2.90379E+03
 2.90379E+03
 2.90380E+03
 2.90380E+03
 2.90380E+03
 2.90381E+03
 2.90381E+03
 2.90381E+03
 2.90382E+03
 2.90382E+03
 2.90382E+03
 2.90383E+03
 2.90383E+03
 2.90383E+03
 2.90384E+03
 2.90384E+03
 2.90384E+03
 2.90384E+03
 2.90385E+03
 2.90385E+03
 2.90385E+03
 2.90385E+03
 2.90385E+03
 2.90386E+03
 2.90386E+03
 2.90386E+03
 2.90386E+03
 2.90386E+03
 2.90386E+03
 2.90386E+03
 2.90387E+03
 2.90387E+03
 2.90387E+03
 2.90387E+03
 2.90387E+03
 2.90387E+03
 2.90387E+03
 2.90387E+03
 2.90388E+03
 2.90388E+03
 2.90388E+03
 2.90388E+03
 2.90388E+03
 2.90388E+03
 2.90388E+03
 2.90388E+03
 2.90388E+03
 2.90388E+03
 2.90388E+03
 2.90389E+03
 2.90389E+03
 2.90389E+03
 2.90389E+03
 2.90389E+03
 2.90389E+03
 2.90389E+03
 2.90389E+03
 2.90389E+03
 2.90389E+03
 2.90389E+03
 2.90389E+03
 2.90389E+03
 2.90389E+03
 2.90389E+03
 2.90389E+03
 2.90389E+03
 2.90389E+03
 2.90389E+03
 2.90389E+03
 2.90389E+03
 2.90389E+03
 2.90389E+03
 2.90389E+03
 2.90390E+03
 2.90390E+03
 2.90390E+03
 2.90390E+03
 2.90390E+03
 2.90390E+03
 2.90390E+03
 2.90390E+03
 2.90390E+03
 2.90390E+03
 2.90390E+03
 2.90390E+03
 2.90390E+03
 2.90390E+03
 2.90390E+03
 2.90390E+03
 2.90319E+03
 2.90323E+03
 2.90328E+03
 2.90333E+03
 2.90339E+03
 2.90343E+03
 2.90347E+03
 2.90350E+03
 2.90353E+03
 2.90355E+03
 2.90357E+03
 2.90359E+03
 2.90361E+03
 2.90363E+03
 2.90364E+03
 2.90366E+03
 2.90367E+03
 2.90368E+03
 2.90369E+03
 2.90370E+03
 2.90371E+03
 2.90372E+03
 2.90373E+03
 2.90374E+03
 2.90374E+03
 2.90375E+03
 2.90376E+03
 2.90376E+03
 2.90377E+03
 2.90378E+03
 2.90378E+03
 2.90379E+03
 2.90379E+03
 2.90379E+03
 2.90380E+03
 2.90380E+03
 2.90381E+03
 2.90381E+03
 2.90381E+03
 2.90382E+03
 2.90382E+03
 2.90382E+03
 2.90383E+03
 2.90383E+03
 2.90383E+03
 2.90384E+03
 2.90384E+03
 2.90384E+03
 2.90384E+03
 2.90385E+03
 2.90385E+03
 2.90385E+03
 2.90385E+03
 2.90385E+03
 2.90386E+03
 2.90386E+03
 2.90386E+03
 2.90386E+03
 2.90386E+03
 2.90386E+03
 2.90386E+03
 2.90387E+03
 2.90387E+03
 2.90387E+03
 2.90387E+03
 2.90387E+03
 2.90387E+03
 2.90387E+03
 2.90387E+03
 2.90388E+03
 2.90388E+03
 2.90388E+03
 2.90388E+03
 2.90388E+03
 2.90388E+03
 2.90388E+03
 2.90388E+03
 2.90388E+03
 2.90388E+03
 2.90388E+03
 2.90389E+03
 2.90389E+03
 2.90389E+03
 2.90389E+03
 2.90389E+03
 2.90389E+03
 2.90389E+03
 2.90389E+03
 2.90389E+03
 2.90389E+03
 2.90389E+03
 2.90389E+03
 2.90389E+03
 2.90389E+03
 2.90389E+03
 2.90389E+03
 2.90389E+03
 2.90389E+03
 2.90389E+03
 2.90389E+03
 2.90389E+03
 2.90389E+03
 2.90389E+03
 2.90389E+03
 2.90390E+03
 2.90390E+03
 2.90390E+03
 2.90390E+03
 2.90390E+03
 2.90390E+03
 2.90390E+03
 2.90390E+03
 2.90390E+03
 2.90390E+03
 2.90390E+03
 2.90390E+03
 2.90390E+03
 2.90390E+03
 2.90390E+03
 2.90390E+03
 2.90317E+03
 2.90319E+03
 2.90323E+03
 2.90331E+03
 2.90338E+03
 2.90342E+03
 2.90346E+03
 2.90350E+03
 2.90352E+03
 2.90355E+03
 2.90357E+03
 2.90359E+03
 2.90361E+03
 2.90363E+03
 2.90364E+03
 2.90366E+03
 2.90367E+03
 2.90368E+03
 2.90369E+03
 2.90370E+03
 2.90371E+03
 2.90372E+03
 2.90373E+03
 2.90374E+03
 2.90374E+03
 2.90375E+03
 2.90376E+03
 2.90376E+03
 2.90377E+03
 2.90378E+03
 2.90378E+03
 2.90379E+03
 2.90379E+03
 2.90379E+03
 2.90380E+03
 2.90380E+03
 2.90381E+03
 2.90381E+03
 2.90381E+03
 2.90382E+03
 2.90382E+03
 2.90382E+03
 2.90383E+03
 2.90383E+03
 2.90383E+03
 2.90384E+03
 2.90384E+03
 2.90384E+03
 2.90384E+03
 2.90385E+03
 2.90385E+03
 2.90385E+03
 2.90385E+03
 2.90385E+03
 2.90386E+03
 2.90386E+03
 2.90386E+03
 2.90386E+03
 2.90386E+03
 2.90386E+03
 2.90386E+03
 2.90387E+03
 2.90387E+03
 2.90387E+03
 2.90387E+03
 2.90387E+03
 2.90387E+03
 2.90387E+03
 2.90387E+03
 2.90388E+03
 2.90388E+03
 2.90388E+03
 2.90388E+03
 2.90388E+03
 2.90388E+03
 2.90388E+03
 2.90388E+03
 2.90388E+03
 2.90388E+03
 2.90388E+03
 2.90389E+03
 2.90389E+03
 2.90389E+03
 2.90389E+03
 2.90389E+03
 2.90389E+03
 2.90389E+03
 2.90389E+03
 2.90389E+03
 2.90389E+03
 2.90389E+03
 2.90389E+03
 2.90389E+03
 2.90389E+03
 2.90389E+03
 2.90389E+03
 2.90389E+03
 2.90389E+03
 2.90389E+03
 2.90389E+03
 2.90389E+03
 2.90389E+03
 2.90389E+03
 2.90389E+03
 2.90390E+03
 2.90390E+03
 2.90390E+03
 2.90390E+03
 2.90390E+03
 2.90390E+03
 2.90390E+03
 2.90390E+03
 2.90390E+03
 2.90390E+03
 2.90390E+03
 2.90390E+03
 2.90390E+03
 2.90390E+03
 2.90390E+03
 2.90390E+03
