 8.82295E-17
 8.57680E-17
 8.18571E-17
 7.52633E-17
 7.16608E-17
 7.58165E-17
 8.34596E-17
 8.35983E-17
 8.82497E-17
 8.66256E-17
 8.62369E-17
 9.13217E-17
 9.06907E-17
 8.76272E-17
 8.85668E-17
 8.66210E-17
 9.11371E-17
 8.85003E-17
 8.82288E-17
 8.81023E-17
 8.93500E-17
 9.01668E-17
 8.84509E-17
 9.13809E-17
 9.01589E-17
 8.82063E-17
 9.10016E-17
 8.88271E-17
 9.04789E-17
 8.98220E-17
 8.98168E-17
 9.13249E-17
 8.94945E-17
 9.11835E-17
 8.92477E-17
 8.96391E-17
 8.98164E-17
 9.02913E-17
 9.03095E-17
 9.04798E-17
 9.03369E-17
 9.13391E-17
 8.99380E-17
 9.03889E-17
 9.09368E-17
 9.02023E-17
 9.02484E-17
 9.10672E-17
 9.03625E-17
 9.06556E-17
 9.04125E-17
 9.06025E-17
 9.13532E-17
 9.08552E-17
 9.05050E-17
 8.61775E-08
 3.01775E-01
 4.82675E-01
 4.96999E-01
 4.99415E-01
 4.99844E-01
 4.99918E-01
 4.99931E-01
 4.99933E-01
 4.99933E-01
 4.99934E-01
 4.99934E-01
 4.99934E-01
 4.99934E-01
 4.99934E-01
 4.99935E-01
 4.99935E-01
 4.99935E-01
 4.99935E-01
 4.99935E-01
 4.99936E-01
 4.99936E-01
 4.99936E-01
 4.99936E-01
 4.99936E-01
 4.99936E-01
 4.99936E-01
 4.99936E-01
 4.99937E-01
 4.99937E-01
 4.99937E-01
 4.99937E-01
 4.99937E-01
 4.99937E-01
 4.99937E-01
 4.99937E-01
 4.99937E-01
 4.99937E-01
 4.99937E-01
 4.99937E-01
 4.99938E-01
 4.99938E-01
 4.99938E-01
 4.99938E-01
 4.99938E-01
 4.99938E-01
 4.99938E-01
 4.99938E-01
 4.99938E-01
 4.99938E-01
 4.99938E-01
 4.99938E-01
 4.99938E-01
 4.99938E-01
 4.99938E-01
 4.99938E-01
 4.99938E-01
 4.99938E-01
 4.99938E-01
 4.99938E-01
 4.99938E-01
 4.99938E-01
 4.99938E-01
 4.99938E-01
 4.99938E-01
 7.80192E-17
 7.59319E-17
 8.70495E-17
 7.18669E-17
 8.54529E-17
 7.24160E-17
 7.54394E-17
 7.88170E-17
 8.17313E-17
 8.30478E-17
 9.07527E-17
 8.98269E-17
 8.87476E-17
 9.04383E-17
 8.95245E-17
 8.54987E-17
 9.11148E-17
 9.02445E-17
 8.82222E-17
 9.14495E-17
 9.02173E-17
 9.03295E-17
 8.79875E-17
 9.04123E-17
 9.12979E-17
 9.06089E-17
 8.99949E-17
 9.11144E-17
 9.01311E-17
 9.07897E-17
 9.12348E-17
 9.11090E-17
 9.14546E-17
 9.01513E-17
 9.09004E-17
 9.13473E-17
 9.08985E-17
 9.07710E-17
 9.13035E-17
 9.13990E-17
 8.98371E-17
 8.99653E-17
 9.06903E-17
 9.11138E-17
 9.04366E-17
 9.12271E-17
 9.07014E-17
 9.11422E-17
 9.10116E-17
 9.07061E-17
 9.03382E-17
 9.02700E-17
 9.09421E-17
 9.12298E-17
 9.11006E-17
 1.90420E-07
 3.20149E-01
 4.83976E-01
 4.97232E-01
 4.99456E-01
 4.99851E-01
 4.99919E-01
 4.99931E-01
 4.99933E-01
 4.99933E-01
 4.99934E-01
 4.99934E-01
 4.99934E-01
 4.99934E-01
 4.99934E-01
 4.99935E-01
 4.99935E-01
 4.99935E-01
 4.99935E-01
 4.99935E-01
 4.99936E-01
 4.99936E-01
 4.99936E-01
 4.99936E-01
 4.99936E-01
 4.99936E-01
 4.99936E-01
 4.99936E-01
 4.99937E-01
 4.99937E-01
 4.99937E-01
 4.99937E-01
 4.99937E-01
 4.99937E-01
 4.99937E-01
 4.99937E-01
 4.99937E-01
 4.99937E-01
 4.99937E-01
 4.99937E-01
 4.99938E-01
 4.99938E-01
 4.99938E-01
 4.99938E-01
 4.99938E-01
 4.99938E-01
 4.99938E-01
 4.99938E-01
 4.99938E-01
 4.99938E-01
 4.99938E-01
 4.99938E-01
 4.99938E-01
 4.99938E-01
 4.99938E-01
 4.99938E-01
 4.99938E-01
 4.99938E-01
 4.99938E-01
 4.99938E-01
 4.99938E-01
 4.99938E-01
 4.99938E-01
 4.99938E-01
 4.99938E-01
 6.44261E-17
 5.35182E-17
 8.63514E-17
 6.34160E-17
 8.97316E-17
 7.21102E-17
 7.79365E-17
 8.75928E-17
 8.09516E-17
 8.16639E-17
 9.13683E-17
 8.95986E-17
 8.98331E-17
 8.82489E-17
 9.13113E-17
 8.87993E-17
 8.61437E-17
 9.13664E-17
 8.73818E-17
 9.02342E-17
 8.75090E-17
 9.03984E-17
 8.98046E-17
 9.05970E-17
 9.07194E-17
 9.09282E-17
 8.96882E-17
 9.12561E-17
 9.02791E-17
 8.87016E-17
 8.90634E-17
 8.87870E-17
 8.96158E-17
 9.01053E-17
 9.11098E-17
 8.95629E-17
 9.06851E-17
 9.13237E-17
 9.02807E-17
 8.95947E-17
 8.98343E-17
 9.06886E-17
 9.11327E-17
 9.09261E-17
 9.03816E-17
 9.14195E-17
 9.12436E-17
 9.02826E-17
 9.00902E-17
 9.01585E-17
 9.03776E-17
 9.02937E-17
 9.12601E-17
 9.07110E-17
 9.11717E-17
 5.19976E-07
 3.40941E-01
 4.85477E-01
 4.97491E-01
 4.99502E-01
 4.99859E-01
 4.99921E-01
 4.99931E-01
 4.99933E-01
 4.99933E-01
 4.99934E-01
 4.99934E-01
 4.99934E-01
 4.99934E-01
 4.99934E-01
 4.99935E-01
 4.99935E-01
 4.99935E-01
 4.99935E-01
 4.99935E-01
 4.99936E-01
 4.99936E-01
 4.99936E-01
 4.99936E-01
 4.99936E-01
 4.99936E-01
 4.99936E-01
 4.99936E-01
 4.99937E-01
 4.99937E-01
 4.99937E-01
 4.99937E-01
 4.99937E-01
 4.99937E-01
 4.99937E-01
 4.99937E-01
 4.99937E-01
 4.99937E-01
 4.99937E-01
 4.99938E-01
 4.99938E-01
 4.99938E-01
 4.99938E-01
 4.99938E-01
 4.99938E-01
 4.99938E-01
 4.99938E-01
 4.99938E-01
 4.99938E-01
 4.99938E-01
 4.99938E-01
 4.99938E-01
 4.99938E-01
 4.99938E-01
 4.99938E-01
 4.99938E-01
 4.99938E-01
 4.99938E-01
 4.99938E-01
 4.99938E-01
 4.99938E-01
 4.99938E-01
 4.99938E-01
 4.99938E-01
 4.99938E-01
 9.12597E-17
 8.21863E-17
 7.46064E-17
 7.71999E-17
 7.45682E-17
 9.03067E-17
 7.96133E-17
 8.88501E-17
 7.96065E-17
 8.00209E-17
 8.74952E-17
 8.99362E-17
 9.11079E-17
 8.92504E-17
 8.46840E-17
 8.48619E-17
 8.79335E-17
 8.87098E-17
 8.97097E-17
 8.86226E-17
 8.69689E-17
 9.11600E-17
 8.88889E-17
 9.00769E-17
 8.90665E-17
 8.82297E-17
 9.02340E-17
 9.01137E-17
 8.98925E-17
 9.03290E-17
 8.91741E-17
 8.94146E-17
 9.00381E-17
 8.91266E-17
 9.09087E-17
 9.08479E-17
 9.09491E-17
 8.98605E-17
 9.11151E-17
 8.95005E-17
 9.13675E-17
 8.98527E-17
 9.08665E-17
 9.11406E-17
 9.11313E-17
 9.05420E-17
 9.11917E-17
 9.08682E-17
 9.13973E-17
 9.08032E-17
 9.10361E-17
 9.08603E-17
 9.12989E-17
 9.10396E-17
 9.12187E-17
 1.86678E-06
 3.63910E-01
 4.87177E-01
 4.97771E-01
 4.99551E-01
 4.99867E-01
 4.99922E-01
 4.99931E-01
 4.99933E-01
 4.99933E-01
 4.99934E-01
 4.99934E-01
 4.99934E-01
 4.99934E-01
 4.99934E-01
 4.99935E-01
 4.99935E-01
 4.99935E-01
 4.99935E-01
 4.99935E-01
 4.99936E-01
 4.99936E-01
 4.99936E-01
 4.99936E-01
 4.99936E-01
 4.99936E-01
 4.99936E-01
 4.99936E-01
 4.99937E-01
 4.99937E-01
 4.99937E-01
 4.99937E-01
 4.99937E-01
 4.99937E-01
 4.99937E-01
 4.99937E-01
 4.99937E-01
 4.99937E-01
 4.99937E-01
 4.99938E-01
 4.99938E-01
 4.99938E-01
 4.99938E-01
 4.99938E-01
 4.99938E-01
 4.99938E-01
 4.99938E-01
 4.99938E-01
 4.99938E-01
 4.99938E-01
 4.99938E-01
 4.99938E-01
 4.99938E-01
 4.99938E-01
 4.99938E-01
 4.99938E-01
 4.99938E-01
 4.99938E-01
 4.99938E-01
 4.99938E-01
 4.99938E-01
 4.99938E-01
 4.99938E-01
 4.99938E-01
 4.99938E-01
 8.18776E-17
 8.82390E-17
 9.04866E-17
 9.12886E-17
 7.90125E-17
 8.67433E-17
 8.93635E-17
 8.42433E-17
 8.15360E-17
 8.19945E-17
 8.82887E-17
 8.24679E-17
 8.42210E-17
 8.69839E-17
 8.71881E-17
 8.63655E-17
 9.08568E-17
 8.61841E-17
 8.72604E-17
 8.82099E-17
 8.94551E-17
 9.07745E-17
 8.83519E-17
 8.91893E-17
 9.13265E-17
 8.95324E-17
 9.06834E-17
 9.09562E-17
 8.88612E-17
 8.88673E-17
 9.06734E-17
 8.90178E-17
 8.89756E-17
 9.08649E-17
 8.93703E-17
 8.94790E-17
 8.93642E-17
 8.98480E-17
 9.01062E-17
 9.07905E-17
 8.97032E-17
 9.03562E-17
 9.04865E-17
 9.12893E-17
 9.03686E-17
 9.08103E-17
 9.10756E-17
 9.06538E-17
 9.01451E-17
 9.00706E-17
 9.09255E-17
 9.10368E-17
 9.08315E-17
 9.10051E-17
 9.11341E-17
 9.46743E-06
 3.88711E-01
 4.89029E-01
 4.98061E-01
 4.99602E-01
 4.99876E-01
 4.99924E-01
 4.99931E-01
 4.99933E-01
 4.99933E-01
 4.99934E-01
 4.99934E-01
 4.99934E-01
 4.99934E-01
 4.99935E-01
 4.99935E-01
 4.99935E-01
 4.99935E-01
 4.99935E-01
 4.99935E-01
 4.99936E-01
 4.99936E-01
 4.99936E-01
 4.99936E-01
 4.99936E-01
 4.99936E-01
 4.99936E-01
 4.99936E-01
 4.99937E-01
 4.99937E-01
 4.99937E-01
 4.99937E-01
 4.99937E-01
 4.99937E-01
 4.99937E-01
 4.99937E-01
 4.99937E-01
 4.99937E-01
 4.99937E-01
 4.99938E-01
 4.99938E-01
 4.99938E-01
 4.99938E-01
 4.99938E-01
 4.99938E-01
 4.99938E-01
 4.99938E-01
 4.99938E-01
 4.99938E-01
 4.99938E-01
 4.99938E-01
 4.99938E-01
 4.99938E-01
 4.99938E-01
 4.99938E-01
 4.99938E-01
 4.99938E-01
 4.99938E-01
 4.99938E-01
 4.99938E-01
 4.99938E-01
 4.99938E-01
 4.99938E-01
 4.99938E-01
 4.99938E-01
 8.84413E-17
 8.75046E-17
 8.98744E-17
 8.68395E-17
 8.93376E-17
 8.35020E-17
 8.56276E-17
 8.41274E-17
 8.81698E-17
 8.89074E-17
 8.88401E-17
 8.94227E-17
 8.79170E-17
 8.53569E-17
 8.42146E-17
 8.92707E-17
 8.81059E-17
 8.69269E-17
 8.87890E-17
 8.96549E-17
 8.90774E-17
 8.73678E-17
 8.79741E-17
 8.94896E-17
 9.04578E-17
 8.98925E-17
 9.13382E-17
 9.10210E-17
 8.98531E-17
 8.85826E-17
 9.03469E-17
 8.99845E-17
 8.99876E-17
 9.00334E-17
 8.98347E-17
 8.93217E-17
 8.92994E-17
 9.12814E-17
 9.04838E-17
 8.96100E-17
 9.05170E-17
 9.12727E-17
 9.12551E-17
 9.08588E-17
 9.06114E-17
 9.03960E-17
 9.07865E-17
 9.07494E-17
 9.08545E-17
 9.02084E-17
 9.14555E-17
 9.03646E-17
 9.13664E-17
 9.03740E-17
 4.82580E-16
 7.25813E-05
 4.14962E-01
 4.90931E-01
 4.98346E-01
 4.99653E-01
 4.99885E-01
 4.99925E-01
 4.99932E-01
 4.99933E-01
 4.99933E-01
 4.99934E-01
 4.99934E-01
 4.99934E-01
 4.99934E-01
 4.99935E-01
 4.99935E-01
 4.99935E-01
 4.99935E-01
 4.99935E-01
 4.99935E-01
 4.99936E-01
 4.99936E-01
 4.99936E-01
 4.99936E-01
 4.99936E-01
 4.99936E-01
 4.99936E-01
 4.99936E-01
 4.99937E-01
 4.99937E-01
 4.99937E-01
 4.99937E-01
 4.99937E-01
 4.99937E-01
 4.99937E-01
 4.99937E-01
 4.99937E-01
 4.99937E-01
 4.99937E-01
 4.99938E-01
 4.99938E-01
 4.99938E-01
 4.99938E-01
 4.99938E-01
 4.99938E-01
 4.99938E-01
 4.99938E-01
 4.99938E-01
 4.99938E-01
 4.99938E-01
 4.99938E-01
 4.99938E-01
 4.99938E-01
 4.99938E-01
 4.99938E-01
 4.99938E-01
 4.99938E-01
 4.99938E-01
 4.99938E-01
 4.99938E-01
 4.99938E-01
 4.99938E-01
 4.99938E-01
 4.99938E-01
 4.99938E-01
 9.00096E-17
 8.24308E-17
 7.77655E-17
 7.75253E-17
 8.80568E-17
 8.28896E-17
 8.81146E-17
 8.98447E-17
 8.36533E-17
 8.69399E-17
 8.66380E-17
 8.94459E-17
 9.01539E-17
 8.76301E-17
 8.86173E-17
 9.01941E-17
 9.08884E-17
 8.57189E-17
 9.06503E-17
 8.81342E-17
 9.02125E-17
 8.78246E-17
 8.75608E-17
 9.06136E-17
 8.97224E-17
 9.04630E-17
 8.98207E-17
 8.95401E-17
 8.80759E-17
 8.87536E-17
 9.07396E-17
 8.87828E-17
 8.93251E-17
 8.88260E-17
 8.90289E-17
 9.04162E-17
 8.93075E-17
 8.92262E-17
 9.12054E-17
 9.04790E-17
 8.93508E-17
 8.96900E-17
 8.95995E-17
 9.04471E-17
 8.99923E-17
 9.00232E-17
 9.09885E-17
 9.03265E-17
 8.98828E-17
 8.99956E-17
 9.12300E-17
 9.04470E-17
 9.04684E-17
 9.03635E-17
 2.71869E-15
 8.87327E-04
 4.42314E-01
 4.92702E-01
 4.98614E-01
 4.99701E-01
 4.99894E-01
 4.99927E-01
 4.99932E-01
 4.99933E-01
 4.99933E-01
 4.99934E-01
 4.99934E-01
 4.99934E-01
 4.99934E-01
 4.99935E-01
 4.99935E-01
 4.99935E-01
 4.99935E-01
 4.99935E-01
 4.99935E-01
 4.99936E-01
 4.99936E-01
 4.99936E-01
 4.99936E-01
 4.99936E-01
 4.99936E-01
 4.99936E-01
 4.99937E-01
 4.99937E-01
 4.99937E-01
 4.99937E-01
 4.99937E-01
 4.99937E-01
 4.99937E-01
 4.99937E-01
 4.99937E-01
 4.99937E-01
 4.99937E-01
 4.99937E-01
 4.99938E-01
 4.99938E-01
 4.99938E-01
 4.99938E-01
 4.99938E-01
 4.99938E-01
 4.99938E-01
 4.99938E-01
 4.99938E-01
 4.99938E-01
 4.99938E-01
 4.99938E-01
 4.99938E-01
 4.99938E-01
 4.99938E-01
 4.99938E-01
 4.99938E-01
 4.99938E-01
 4.99938E-01
 4.99938E-01
 4.99938E-01
 4.99938E-01
 4.99938E-01
 4.99938E-01
 4.99938E-01
 4.99938E-01
 8.80704E-17
 8.99674E-17
 7.94785E-17
 7.89300E-17
 8.08375E-17
 8.92397E-17
 9.14440E-17
 8.81935E-17
 8.91905E-17
 8.43935E-17
 8.51202E-17
 8.72969E-17
 8.67547E-17
 9.11412E-17
 8.82985E-17
 8.68438E-17
 8.58471E-17
 8.97885E-17
 8.98780E-17
 8.60607E-17
 8.98076E-17
 9.01099E-17
 9.06638E-17
 9.00871E-17
 8.96558E-17
 8.78995E-17
 8.77803E-17
 8.91688E-17
 8.80781E-17
 9.14166E-17
 9.14466E-17
 9.09265E-17
 9.09770E-17
 8.99864E-17
 9.05176E-17
 9.13545E-17
 8.91454E-17
 8.92600E-17
 9.11185E-17
 9.01208E-17
 8.99407E-17
 9.11564E-17
 9.06100E-17
 8.95970E-17
 8.97099E-17
 9.11163E-17
 9.01441E-17
 9.00011E-17
 9.01683E-17
 9.08059E-17
 9.00664E-17
 9.05361E-17
 9.05327E-17
 9.12241E-17
 2.76891E-14
 1.78159E-02
 4.67234E-01
 4.94087E-01
 4.98858E-01
 4.99747E-01
 4.99902E-01
 4.99928E-01
 4.99932E-01
 4.99933E-01
 4.99933E-01
 4.99934E-01
 4.99934E-01
 4.99934E-01
 4.99934E-01
 4.99935E-01
 4.99935E-01
 4.99935E-01
 4.99935E-01
 4.99935E-01
 4.99935E-01
 4.99936E-01
 4.99936E-01
 4.99936E-01
 4.99936E-01
 4.99936E-01
 4.99936E-01
 4.99936E-01
 4.99937E-01
 4.99937E-01
 4.99937E-01
 4.99937E-01
 4.99937E-01
 4.99937E-01
 4.99937E-01
 4.99937E-01
 4.99937E-01
 4.99937E-01
 4.99937E-01
 4.99937E-01
 4.99938E-01
 4.99938E-01
 4.99938E-01
 4.99938E-01
 4.99938E-01
 4.99938E-01
 4.99938E-01
 4.99938E-01
 4.99938E-01
 4.99938E-01
 4.99938E-01
 4.99938E-01
 4.99938E-01
 4.99938E-01
 4.99938E-01
 4.99938E-01
 4.99938E-01
 4.99938E-01
 4.99938E-01
 4.99938E-01
 4.99938E-01
 4.99938E-01
 4.99938E-01
 4.99938E-01
 4.99938E-01
 4.99938E-01
 8.13680E-17
 8.82218E-17
 8.00269E-17
 9.04315E-17
 8.67333E-17
 8.11227E-17
 9.03662E-17
 8.14106E-17
 9.00773E-17
 9.01226E-17
 8.20789E-17
 8.26063E-17
 8.39702E-17
 8.87728E-17
 8.52807E-17
 8.80198E-17
 8.75363E-17
 8.77300E-17
 9.04041E-17
 8.65225E-17
 8.94478E-17
 8.83779E-17
 8.85474E-17
 8.99395E-17
 8.80123E-17
 8.96479E-17
 8.86175E-17
 8.97521E-17
 8.79746E-17
 9.07192E-17
 8.92800E-17
 9.01139E-17
 9.05631E-17
 8.99132E-17
 8.87887E-17
 8.94221E-17
 9.06091E-17
 9.12237E-17
 8.94027E-17
 9.12788E-17
 9.08762E-17
 8.96616E-17
 8.97930E-17
 9.14648E-17
 9.11585E-17
 9.01195E-17
 9.01435E-17
 9.03982E-17
 8.99387E-17
 9.13584E-17
 9.00814E-17
 9.11591E-17
 9.09517E-17
 9.05924E-17
 5.11214E-13
 1.35235E-01
 4.73557E-01
 4.95145E-01
 4.99081E-01
 4.99788E-01
 4.99909E-01
 4.99929E-01
 4.99932E-01
 4.99933E-01
 4.99934E-01
 4.99934E-01
 4.99934E-01
 4.99934E-01
 4.99934E-01
 4.99935E-01
 4.99935E-01
 4.99935E-01
 4.99935E-01
 4.99935E-01
 4.99935E-01
 4.99936E-01
 4.99936E-01
 4.99936E-01
 4.99936E-01
 4.99936E-01
 4.99936E-01
 4.99936E-01
 4.99937E-01
 4.99937E-01
 4.99937E-01
 4.99937E-01
 4.99937E-01
 4.99937E-01
 4.99937E-01
 4.99937E-01
 4.99937E-01
 4.99937E-01
 4.99937E-01
 4.99937E-01
 4.99938E-01
 4.99938E-01
 4.99938E-01
 4.99938E-01
 4.99938E-01
 4.99938E-01
 4.99938E-01
 4.99938E-01
 4.99938E-01
 4.99938E-01
 4.99938E-01
 4.99938E-01
 4.99938E-01
 4.99938E-01
 4.99938E-01
 4.99938E-01
 4.99938E-01
 4.99938E-01
 4.99938E-01
 4.99938E-01
 4.99938E-01
 4.99938E-01
 4.99938E-01
 4.99938E-01
 4.99938E-01
 4.99938E-01
 8.68201E-17
 8.78767E-17
 8.74020E-17
 8.60929E-17
 8.54766E-17
 9.03108E-17
 8.45540E-17
 8.54434E-17
 8.50127E-17
 9.12264E-17
 8.77576E-17
 8.63845E-17
 8.47166E-17
 8.66867E-17
 8.77064E-17
 8.87821E-17
 8.58945E-17
 8.67692E-17
 8.81022E-17
 8.80115E-17
 8.79227E-17
 9.11166E-17
 8.86459E-17
 9.06626E-17
 8.88526E-17
 8.92384E-17
 9.02973E-17
 8.89951E-17
 9.05771E-17
 9.02669E-17
 8.89474E-17
 9.11893E-17
 8.96261E-17
 9.01436E-17
 8.90235E-17
 9.09480E-17
 8.96515E-17
 8.92599E-17
 8.96985E-17
 9.01883E-17
 9.07378E-17
 9.05957E-17
 9.05688E-17
 9.05057E-17
 9.04831E-17
 9.09308E-17
 9.09185E-17
 9.12438E-17
 9.14606E-17
 9.09782E-17
 9.00678E-17
 9.14835E-17
 9.07321E-17
 9.07340E-17
 1.72840E-11
 2.25928E-01
 4.78055E-01
 4.96164E-01
 4.99281E-01
 4.99823E-01
 4.99915E-01
 4.99930E-01
 4.99933E-01
 4.99933E-01
 4.99934E-01
 4.99934E-01
 4.99934E-01
 4.99934E-01
 4.99934E-01
 4.99935E-01
 4.99935E-01
 4.99935E-01
 4.99935E-01
 4.99935E-01
 4.99936E-01
 4.99936E-01
 4.99936E-01
 4.99936E-01
 4.99936E-01
 4.99936E-01
 4.99936E-01
 4.99936E-01
 4.99937E-01
 4.99937E-01
 4.99937E-01
 4.99937E-01
 4.99937E-01
 4.99937E-01
 4.99937E-01
 4.99937E-01
 4.99937E-01
 4.99937E-01
 4.99937E-01
 4.99938E-01
 4.99938E-01
 4.99938E-01
 4.99938E-01
 4.99938E-01
 4.99938E-01
 4.99938E-01
 4.99938E-01
 4.99938E-01
 4.99938E-01
 4.99938E-01
 4.99938E-01
 4.99938E-01
 4.99938E-01
 4.99938E-01
 4.99938E-01
 4.99938E-01
 4.99938E-01
 4.99938E-01
 4.99938E-01
 4.99938E-01
 4.99938E-01
 4.99938E-01
 4.99938E-01
 4.99938E-01
 4.99938E-01
 4.99938E-01
 8.87407E-17
 8.33229E-17
 8.25058E-17
 9.11270E-17
 8.43764E-17
 8.56373E-17
 8.15857E-17
 8.29633E-17
 8.24464E-17
 8.89571E-17
 8.83030E-17
 8.86708E-17
 8.59561E-17
 9.13471E-17
 8.70620E-17
 8.70644E-17
 8.65125E-17
 8.57862E-17
 8.73790E-17
 8.65206E-17
 8.64654E-17
 8.83486E-17
 9.08151E-17
 8.74082E-17
 8.83219E-17
 8.90876E-17
 8.82281E-17
 9.10042E-17
 9.03820E-17
 9.01182E-17
 9.09568E-17
 8.86770E-17
 8.89090E-17
 8.95602E-17
 9.13898E-17
 8.95706E-17
 8.94142E-17
 9.03161E-17
 9.14777E-17
 9.05549E-17
 9.11523E-17
 9.10208E-17
 9.10964E-17
 8.98800E-17
 9.10748E-17
 8.97789E-17
 9.13217E-17
 9.02612E-17
 9.14652E-17
 9.06638E-17
 9.11553E-17
 9.06995E-17
 9.12521E-17
 9.05203E-17
 1.08391E-09
 3.00186E-01
 4.82767E-01
 4.97098E-01
 4.99451E-01
 4.99853E-01
 4.99920E-01
 4.99931E-01
 4.99933E-01
 4.99933E-01
 4.99934E-01
 4.99934E-01
 4.99934E-01
 4.99934E-01
 4.99934E-01
 4.99935E-01
 4.99935E-01
 4.99935E-01
 4.99935E-01
 4.99935E-01
 4.99936E-01
 4.99936E-01
 4.99936E-01
 4.99936E-01
 4.99936E-01
 4.99936E-01
 4.99936E-01
 4.99936E-01
 4.99937E-01
 4.99937E-01
 4.99937E-01
 4.99937E-01
 4.99937E-01
 4.99937E-01
 4.99937E-01
 4.99937E-01
 4.99937E-01
 4.99937E-01
 4.99937E-01
 4.99938E-01
 4.99938E-01
 4.99938E-01
 4.99938E-01
 4.99938E-01
 4.99938E-01
 4.99938E-01
 4.99938E-01
 4.99938E-01
 4.99938E-01
 4.99938E-01
 4.99938E-01
 4.99938E-01
 4.99938E-01
 4.99938E-01
 4.99938E-01
 4.99938E-01
 4.99938E-01
 4.99938E-01
 4.99938E-01
 4.99938E-01
 4.99938E-01
 4.99938E-01
 4.99938E-01
 4.99938E-01
 4.99938E-01
 4.99938E-01
 8.36784E-17
 9.10835E-17
 8.45179E-17
 8.19588E-17
 8.20311E-17
 8.43923E-17
 8.36594E-17
 8.57116E-17
 8.91634E-17
 8.88856E-17
 8.71468E-17
 9.07555E-17
 8.85161E-17
 8.93352E-17
 8.54360E-17
 8.84729E-17
 8.84663E-17
 8.73325E-17
 8.92708E-17
 8.89515E-17
 8.96862E-17
 9.07738E-17
 9.08125E-17
 8.79713E-17
 9.09363E-17
 9.07579E-17
 8.80678E-17
 9.04056E-17
 9.00199E-17
 9.00201E-17
 8.99027E-17
 8.91453E-17
 8.86190E-17
 8.86839E-17
 9.03036E-17
 9.03191E-17
 8.95007E-17
 9.03747E-17
 8.97214E-17
 9.07930E-17
 9.09673E-17
 9.00010E-17
 9.10129E-17
 9.09531E-17
 9.08485E-17
 9.11972E-17
 8.98211E-17
 9.06341E-17
 9.09081E-17
 9.10298E-17
 9.02150E-17
 9.13411E-17
 9.03980E-17
 9.07073E-17
 1.25408E-07
 3.63278E-01
 4.87401E-01
 4.97893E-01
 4.99587E-01
 4.99876E-01
 4.99924E-01
 4.99932E-01
 4.99933E-01
 4.99933E-01
 4.99934E-01
 4.99934E-01
 4.99934E-01
 4.99934E-01
 4.99935E-01
 4.99935E-01
 4.99935E-01
 4.99935E-01
 4.99935E-01
 4.99935E-01
 4.99936E-01
 4.99936E-01
 4.99936E-01
 4.99936E-01
 4.99936E-01
 4.99936E-01
 4.99936E-01
 4.99937E-01
 4.99937E-01
 4.99937E-01
 4.99937E-01
 4.99937E-01
 4.99937E-01
 4.99937E-01
 4.99937E-01
 4.99937E-01
 4.99937E-01
 4.99937E-01
 4.99937E-01
 4.99938E-01
 4.99938E-01
 4.99938E-01
 4.99938E-01
 4.99938E-01
 4.99938E-01
 4.99938E-01
 4.99938E-01
 4.99938E-01
 4.99938E-01
 4.99938E-01
 4.99938E-01
 4.99938E-01
 4.99938E-01
 4.99938E-01
 4.99938E-01
 4.99938E-01
 4.99938E-01
 4.99938E-01
 4.99938E-01
 4.99938E-01
 4.99938E-01
 4.99938E-01
 4.99938E-01
 4.99938E-01
 4.99938E-01
 4.99938E-01
 8.58563E-17
 8.74141E-17
 9.05356E-17
 8.64485E-17
 8.46841E-17
 8.64877E-17
 8.67285E-17
 9.08689E-17
 8.63017E-17
 8.79159E-17
 8.78041E-17
 8.83378E-17
 9.11869E-17
 8.58326E-17
 8.52878E-17
 8.64538E-17
 9.04581E-17
 8.88456E-17
 9.04525E-17
 8.89549E-17
 8.73593E-17
 9.07218E-17
 9.03025E-17
 8.81664E-17
 8.73966E-17
 8.91480E-17
 8.85036E-17
 9.05650E-17
 8.94979E-17
 8.88634E-17
 8.84944E-17
 8.98274E-17
 9.03704E-17
 9.03289E-17
 9.11935E-17
 9.13939E-17
 9.02913E-17
 8.91100E-17
 8.98492E-17
 9.05552E-17
 9.11424E-17
 8.99924E-17
 9.02882E-17
 8.98823E-17
 9.04549E-17
 9.13495E-17
 8.95985E-17
 9.10900E-17
 9.11264E-17
 9.06592E-17
 9.13428E-17
 9.08267E-17
 9.12352E-17
 9.00865E-17
 2.64444E-05
 4.18101E-01
 4.91510E-01
 4.98509E-01
 4.99691E-01
 4.99894E-01
 4.99927E-01
 4.99932E-01
 4.99933E-01
 4.99933E-01
 4.99934E-01
 4.99934E-01
 4.99934E-01
 4.99934E-01
 4.99935E-01
 4.99935E-01
 4.99935E-01
 4.99935E-01
 4.99935E-01
 4.99935E-01
 4.99936E-01
 4.99936E-01
 4.99936E-01
 4.99936E-01
 4.99936E-01
 4.99936E-01
 4.99936E-01
 4.99937E-01
 4.99937E-01
 4.99937E-01
 4.99937E-01
 4.99937E-01
 4.99937E-01
 4.99937E-01
 4.99937E-01
 4.99937E-01
 4.99937E-01
 4.99937E-01
 4.99938E-01
 4.99938E-01
 4.99938E-01
 4.99938E-01
 4.99938E-01
 4.99938E-01
 4.99938E-01
 4.99938E-01
 4.99938E-01
 4.99938E-01
 4.99938E-01
 4.99938E-01
 4.99938E-01
 4.99938E-01
 4.99938E-01
 4.99938E-01
 4.99938E-01
 4.99938E-01
 4.99938E-01
 4.99938E-01
 4.99938E-01
 4.99938E-01
 4.99938E-01
 4.99938E-01
 4.99938E-01
 4.99938E-01
 4.99938E-01
 4.99938E-01
 8.66511E-17
 9.07580E-17
 8.41251E-17
 8.42859E-17
 8.81932E-17
 8.53508E-17
 8.84497E-17
 9.10947E-17
 8.53054E-17
 8.73234E-17
 8.54479E-17
 9.03592E-17
 9.08673E-17
 9.08317E-17
 9.02762E-17
 8.97612E-17
 8.55627E-17
 9.00776E-17
 8.70515E-17
 8.63545E-17
 9.02360E-17
 9.08971E-17
 9.07313E-17
 8.92268E-17
 8.78076E-17
 9.06402E-17
 9.10044E-17
 8.80236E-17
 8.81474E-17
 9.06345E-17
 8.89010E-17
 9.00067E-17
 8.88995E-17
 9.05492E-17
 8.98553E-17
 9.03884E-17
 8.97172E-17
 8.94071E-17
 9.10170E-17
 9.08648E-17
 9.00459E-17
 8.97232E-17
 8.96009E-17
 9.03193E-17
 9.13257E-17
 9.00019E-17
 9.10111E-17
 9.07339E-17
 9.05836E-17
 9.01471E-17
 8.99007E-17
 9.06210E-17
 9.06235E-17
 5.26812E-16
 1.00113E-02
 4.65718E-01
 4.94382E-01
 4.98949E-01
 4.99769E-01
 4.99907E-01
 4.99929E-01
 4.99932E-01
 4.99933E-01
 4.99934E-01
 4.99934E-01
 4.99934E-01
 4.99934E-01
 4.99934E-01
 4.99935E-01
 4.99935E-01
 4.99935E-01
 4.99935E-01
 4.99935E-01
 4.99936E-01
 4.99936E-01
 4.99936E-01
 4.99936E-01
 4.99936E-01
 4.99936E-01
 4.99936E-01
 4.99936E-01
 4.99937E-01
 4.99937E-01
 4.99937E-01
 4.99937E-01
 4.99937E-01
 4.99937E-01
 4.99937E-01
 4.99937E-01
 4.99937E-01
 4.99937E-01
 4.99937E-01
 4.99938E-01
 4.99938E-01
 4.99938E-01
 4.99938E-01
 4.99938E-01
 4.99938E-01
 4.99938E-01
 4.99938E-01
 4.99938E-01
 4.99938E-01
 4.99938E-01
 4.99938E-01
 4.99938E-01
 4.99938E-01
 4.99938E-01
 4.99938E-01
 4.99938E-01
 4.99938E-01
 4.99938E-01
 4.99938E-01
 4.99938E-01
 4.99938E-01
 4.99938E-01
 4.99938E-01
 4.99938E-01
 4.99938E-01
 4.99938E-01
 4.99938E-01
 8.87661E-17
 8.92203E-17
 8.66339E-17
 8.49608E-17
 8.68423E-17
 8.84229E-17
 8.80361E-17
 8.75746E-17
 8.74528E-17
 8.84055E-17
 8.44212E-17
 8.72391E-17
 8.86859E-17
 9.13650E-17
 8.64443E-17
 8.96924E-17
 8.67892E-17
 8.87491E-17
 8.69163E-17
 8.70891E-17
 8.69700E-17
 9.10652E-17
 9.08738E-17
 8.95675E-17
 8.90933E-17
 8.85374E-17
 9.01783E-17
 9.01524E-17
 8.92273E-17
 8.83373E-17
 9.04346E-17
 8.92627E-17
 9.04977E-17
 9.13100E-17
 9.06730E-17
 8.88670E-17
 8.98687E-17
 9.13458E-17
 9.07717E-17
 8.95856E-17
 9.02947E-17
 9.01770E-17
 9.08195E-17
 9.11367E-17
 9.10072E-17
 9.12353E-17
 8.98395E-17
 8.97967E-17
 9.11693E-17
 9.09361E-17
 9.04178E-17
 9.09380E-17
 9.03819E-17
 2.75056E-13
 2.04211E-01
 4.77095E-01
 4.96022E-01
 4.99273E-01
 4.99826E-01
 4.99916E-01
 4.99930E-01
 4.99933E-01
 4.99933E-01
 4.99934E-01
 4.99934E-01
 4.99934E-01
 4.99934E-01
 4.99934E-01
 4.99935E-01
 4.99935E-01
 4.99935E-01
 4.99935E-01
 4.99935E-01
 4.99936E-01
 4.99936E-01
 4.99936E-01
 4.99936E-01
 4.99936E-01
 4.99936E-01
 4.99936E-01
 4.99936E-01
 4.99937E-01
 4.99937E-01
 4.99937E-01
 4.99937E-01
 4.99937E-01
 4.99937E-01
 4.99937E-01
 4.99937E-01
 4.99937E-01
 4.99937E-01
 4.99937E-01
 4.99938E-01
 4.99938E-01
 4.99938E-01
 4.99938E-01
 4.99938E-01
 4.99938E-01
 4.99938E-01
 4.99938E-01
 4.99938E-01
 4.99938E-01
 4.99938E-01
 4.99938E-01
 4.99938E-01
 4.99938E-01
 4.99938E-01
 4.99938E-01
 4.99938E-01
 4.99938E-01
 4.99938E-01
 4.99938E-01
 4.99938E-01
 4.99938E-01
 4.99938E-01
 4.99938E-01
 4.99938E-01
 4.99938E-01
 4.99938E-01
 4.99938E-01
 9.07439E-17
 8.75764E-17
 8.86504E-17
 8.80200E-17
 8.43689E-17
 8.81478E-17
 8.68561E-17
 8.93461E-17
 8.57651E-17
 8.96594E-17
 9.02652E-17
 8.91868E-17
 8.51706E-17
 9.06839E-17
 8.90329E-17
 8.88425E-17
 8.75291E-17
 8.77651E-17
 8.70438E-17
 9.02268E-17
 9.14169E-17
 8.69402E-17
 8.95109E-17
 9.14121E-17
 9.14574E-17
 8.91108E-17
 8.83285E-17
 8.78104E-17
 8.81286E-17
 8.99441E-17
 9.04950E-17
 8.82279E-17
 9.11564E-17
 9.10134E-17
 9.12202E-17
 8.93000E-17
 8.89742E-17
 9.05521E-17
 9.07095E-17
 8.95429E-17
 9.03062E-17
 8.97879E-17
 8.97476E-17
 9.07119E-17
 9.10063E-17
 9.11268E-17
 9.06826E-17
 9.00349E-17
 9.10615E-17
 9.06916E-17
 9.00390E-17
 9.12706E-17
 9.04251E-17
 2.68187E-10
 3.12852E-01
 4.83760E-01
 4.97349E-01
 4.99510E-01
 4.99865E-01
 4.99922E-01
 4.99931E-01
 4.99933E-01
 4.99933E-01
 4.99934E-01
 4.99934E-01
 4.99934E-01
 4.99934E-01
 4.99935E-01
 4.99935E-01
 4.99935E-01
 4.99935E-01
 4.99935E-01
 4.99935E-01
 4.99936E-01
 4.99936E-01
 4.99936E-01
 4.99936E-01
 4.99936E-01
 4.99936E-01
 4.99936E-01
 4.99937E-01
 4.99937E-01
 4.99937E-01
 4.99937E-01
 4.99937E-01
 4.99937E-01
 4.99937E-01
 4.99937E-01
 4.99937E-01
 4.99937E-01
 4.99937E-01
 4.99938E-01
 4.99938E-01
 4.99938E-01
 4.99938E-01
 4.99938E-01
 4.99938E-01
 4.99938E-01
 4.99938E-01
 4.99938E-01
 4.99938E-01
 4.99938E-01
 4.99938E-01
 4.99938E-01
 4.99938E-01
 4.99938E-01
 4.99938E-01
 4.99938E-01
 4.99938E-01
 4.99938E-01
 4.99938E-01
 4.99938E-01
 4.99938E-01
 4.99938E-01
 4.99938E-01
 4.99938E-01
 4.99938E-01
 4.99938E-01
 4.99938E-01
 4.99938E-01
 8.68088E-17
 8.59471E-17
 8.90181E-17
 9.00255E-17
 8.89969E-17
 8.79814E-17
 8.47215E-17
 9.09822E-17
 8.98071E-17
 8.95752E-17
 8.78829E-17
 9.08274E-17
 8.82160E-17
 9.04738E-17
 8.68267E-17
 8.91412E-17
 8.81294E-17
 8.70778E-17
 9.03143E-17
 8.93655E-17
 8.94207E-17
 8.78295E-17
 8.80941E-17
 8.72944E-17
 8.95575E-17
 8.87172E-17
 8.90218E-17
 8.94350E-17
 8.82350E-17
 9.07696E-17
 8.98238E-17
 8.94415E-17
 9.10109E-17
 9.05497E-17
 8.96222E-17
 8.87804E-17
 8.91791E-17
 8.94573E-17
 8.90715E-17
 9.00986E-17
 9.02058E-17
 9.09886E-17
 8.94403E-17
 8.95953E-17
 9.01697E-17
 8.95917E-17
 8.97539E-17
 9.09703E-17
 9.13056E-17
 9.11887E-17
 9.06964E-17
 8.98160E-17
 9.07303E-17
 4.87052E-07
 3.91448E-01
 4.89799E-01
 4.98332E-01
 4.99672E-01
 4.99892E-01
 4.99927E-01
 4.99932E-01
 4.99933E-01
 4.99933E-01
 4.99934E-01
 4.99934E-01
 4.99934E-01
 4.99934E-01
 4.99935E-01
 4.99935E-01
 4.99935E-01
 4.99935E-01
 4.99935E-01
 4.99936E-01
 4.99936E-01
 4.99936E-01
 4.99936E-01
 4.99936E-01
 4.99936E-01
 4.99936E-01
 4.99936E-01
 4.99937E-01
 4.99937E-01
 4.99937E-01
 4.99937E-01
 4.99937E-01
 4.99937E-01
 4.99937E-01
 4.99937E-01
 4.99937E-01
 4.99937E-01
 4.99937E-01
 4.99938E-01
 4.99938E-01
 4.99938E-01
 4.99938E-01
 4.99938E-01
 4.99938E-01
 4.99938E-01
 4.99938E-01
 4.99938E-01
 4.99938E-01
 4.99938E-01
 4.99938E-01
 4.99938E-01
 4.99938E-01
 4.99938E-01
 4.99938E-01
 4.99938E-01
 4.99938E-01
 4.99938E-01
 4.99938E-01
 4.99938E-01
 4.99938E-01
 4.99938E-01
 4.99938E-01
 4.99938E-01
 4.99938E-01
 4.99938E-01
 4.99938E-01
 4.99938E-01
 8.66948E-17
 8.66586E-17
 8.94432E-17
 8.78252E-17
 8.98800E-17
 8.98378E-17
 8.58062E-17
 9.07939E-17
 8.63157E-17
 8.76689E-17
 8.92814E-17
 8.88603E-17
 9.12715E-17
 8.94740E-17
 9.05716E-17
 8.61353E-17
 9.11534E-17
 9.13686E-17
 9.02496E-17
 8.88169E-17
 8.92712E-17
 9.05765E-17
 8.84102E-17
 8.96182E-17
 9.04254E-17
 8.96721E-17
 8.98615E-17
 9.05776E-17
 8.83111E-17
 8.90647E-17
 9.00250E-17
 8.90882E-17
 8.84373E-17
 9.12721E-17
 8.88453E-17
 9.03523E-17
 8.97602E-17
 9.08611E-17
 8.98826E-17
 8.92092E-17
 9.13544E-17
 8.94687E-17
 9.02219E-17
 9.03162E-17
 8.97850E-17
 9.05765E-17
 8.99301E-17
 9.09632E-17
 9.05509E-17
 9.06617E-17
 9.12386E-17
 9.11025E-17
 8.99722E-17
 1.61425E-03
 4.55842E-01
 4.94215E-01
 4.98962E-01
 4.99776E-01
 4.99909E-01
 4.99929E-01
 4.99933E-01
 4.99933E-01
 4.99934E-01
 4.99934E-01
 4.99934E-01
 4.99934E-01
 4.99934E-01
 4.99935E-01
 4.99935E-01
 4.99935E-01
 4.99935E-01
 4.99935E-01
 4.99936E-01
 4.99936E-01
 4.99936E-01
 4.99936E-01
 4.99936E-01
 4.99936E-01
 4.99936E-01
 4.99937E-01
 4.99937E-01
 4.99937E-01
 4.99937E-01
 4.99937E-01
 4.99937E-01
 4.99937E-01
 4.99937E-01
 4.99937E-01
 4.99937E-01
 4.99937E-01
 4.99938E-01
 4.99938E-01
 4.99938E-01
 4.99938E-01
 4.99938E-01
 4.99938E-01
 4.99938E-01
 4.99938E-01
 4.99938E-01
 4.99938E-01
 4.99938E-01
 4.99938E-01
 4.99938E-01
 4.99938E-01
 4.99938E-01
 4.99938E-01
 4.99938E-01
 4.99938E-01
 4.99938E-01
 4.99938E-01
 4.99938E-01
 4.99938E-01
 4.99938E-01
 4.99938E-01
 4.99938E-01
 4.99938E-01
 4.99938E-01
 4.99938E-01
 4.99938E-01
 4.99938E-01
 9.11921E-17
 8.81198E-17
 8.88201E-17
 8.61029E-17
 9.12857E-17
 8.94159E-17
 8.68010E-17
 8.61003E-17
 8.79439E-17
 8.55153E-17
 8.77055E-17
 8.98356E-17
 8.75918E-17
 8.62841E-17
 9.07750E-17
 8.80800E-17
 8.63642E-17
 8.82252E-17
 8.98281E-17
 9.04771E-17
 8.90129E-17
 8.94346E-17
 9.01754E-17
 9.05235E-17
 8.80958E-17
 8.99947E-17
 8.82400E-17
 8.88873E-17
 8.94130E-17
 8.99924E-17
 8.95280E-17
 8.97118E-17
 9.04744E-17
 9.04654E-17
 8.97107E-17
 8.95216E-17
 9.06047E-17
 9.00340E-17
 9.06363E-17
 8.99582E-17
 8.92412E-17
 9.03128E-17
 9.03156E-17
 8.98100E-17
 8.98768E-17
 9.03767E-17
 9.02791E-17
 8.96766E-17
 8.99642E-17
 9.10329E-17
 9.02782E-17
 8.98584E-17
 1.04748E-13
 2.14242E-01
 4.78435E-01
 4.96375E-01
 4.99353E-01
 4.99842E-01
 4.99919E-01
 4.99931E-01
 4.99933E-01
 4.99933E-01
 4.99934E-01
 4.99934E-01
 4.99934E-01
 4.99934E-01
 4.99935E-01
 4.99935E-01
 4.99935E-01
 4.99935E-01
 4.99935E-01
 4.99935E-01
 4.99936E-01
 4.99936E-01
 4.99936E-01
 4.99936E-01
 4.99936E-01
 4.99936E-01
 4.99936E-01
 4.99937E-01
 4.99937E-01
 4.99937E-01
 4.99937E-01
 4.99937E-01
 4.99937E-01
 4.99937E-01
 4.99937E-01
 4.99937E-01
 4.99937E-01
 4.99937E-01
 4.99938E-01
 4.99938E-01
 4.99938E-01
 4.99938E-01
 4.99938E-01
 4.99938E-01
 4.99938E-01
 4.99938E-01
 4.99938E-01
 4.99938E-01
 4.99938E-01
 4.99938E-01
 4.99938E-01
 4.99938E-01
 4.99938E-01
 4.99938E-01
 4.99938E-01
 4.99938E-01
 4.99938E-01
 4.99938E-01
 4.99938E-01
 4.99938E-01
 4.99938E-01
 4.99938E-01
 4.99938E-01
 4.99938E-01
 4.99939E-01
 4.99939E-01
 4.99939E-01
 4.99939E-01
 8.75358E-17
 8.89760E-17
 8.94407E-17
 8.83414E-17
 8.80991E-17
 8.64667E-17
 9.04130E-17
 9.14731E-17
 8.69593E-17
 8.70380E-17
 8.97370E-17
 8.73037E-17
 8.60461E-17
 8.71563E-17
 9.03982E-17
 8.94768E-17
 9.00522E-17
 8.84494E-17
 9.04250E-17
 8.74544E-17
 8.95519E-17
 9.07416E-17
 8.92940E-17
 9.08894E-17
 8.75339E-17
 8.98257E-17
 8.99083E-17
 8.98426E-17
 8.87873E-17
 9.13492E-17
 8.90715E-17
 9.08002E-17
 9.05574E-17
 8.92845E-17
 9.03648E-17
 8.87574E-17
 9.08762E-17
 9.05983E-17
 9.05333E-17
 8.98356E-17
 9.13529E-17
 8.96734E-17
 9.03667E-17
 9.08451E-17
 9.02262E-17
 9.04397E-17
 8.98014E-17
 9.02249E-17
 8.97132E-17
 9.11182E-17
 9.09933E-17
 9.10972E-17
 1.02402E-09
 3.46117E-01
 4.86354E-01
 4.97853E-01
 4.99606E-01
 4.99882E-01
 4.99925E-01
 4.99932E-01
 4.99933E-01
 4.99933E-01
 4.99934E-01
 4.99934E-01
 4.99934E-01
 4.99934E-01
 4.99935E-01
 4.99935E-01
 4.99935E-01
 4.99935E-01
 4.99935E-01
 4.99936E-01
 4.99936E-01
 4.99936E-01
 4.99936E-01
 4.99936E-01
 4.99936E-01
 4.99936E-01
 4.99936E-01
 4.99937E-01
 4.99937E-01
 4.99937E-01
 4.99937E-01
 4.99937E-01
 4.99937E-01
 4.99937E-01
 4.99937E-01
 4.99937E-01
 4.99937E-01
 4.99938E-01
 4.99938E-01
 4.99938E-01
 4.99938E-01
 4.99938E-01
 4.99938E-01
 4.99938E-01
 4.99938E-01
 4.99938E-01
 4.99938E-01
 4.99938E-01
 4.99938E-01
 4.99938E-01
 4.99938E-01
 4.99938E-01
 4.99938E-01
 4.99938E-01
 4.99938E-01
 4.99938E-01
 4.99938E-01
 4.99938E-01
 4.99938E-01
 4.99938E-01
 4.99938E-01
 4.99938E-01
 4.99939E-01
 4.99939E-01
 4.99939E-01
 4.99939E-01
 4.99939E-01
 4.99939E-01
 8.77490E-17
 8.79566E-17
 8.86842E-17
 8.70730E-17
 9.10080E-17
 8.97779E-17
 8.97604E-17
 8.95629E-17
 8.89674E-17
 9.09677E-17
 8.92275E-17
 8.92217E-17
 8.96795E-17
 8.87668E-17
 9.13307E-17
 8.76956E-17
 8.75263E-17
 9.14372E-17
 8.76474E-17
 9.14159E-17
 8.75750E-17
 8.93636E-17
 8.84996E-17
 9.06285E-17
 8.88441E-17
 8.79276E-17
 8.85607E-17
 8.91364E-17
 9.00321E-17
 8.87206E-17
 9.00352E-17
 8.95090E-17
 8.84513E-17
 9.08334E-17
 9.12060E-17
 8.91096E-17
 8.94844E-17
 9.10016E-17
 9.08099E-17
 8.94927E-17
 9.05702E-17
 9.00230E-17
 9.12555E-17
 9.04127E-17
 8.98075E-17
 8.98332E-17
 8.97575E-17
 9.00743E-17
 8.99030E-17
 9.06362E-17
 8.98927E-17
 9.11990E-17
 1.84098E-05
 4.27627E-01
 4.92723E-01
 4.98801E-01
 4.99755E-01
 4.99906E-01
 4.99929E-01
 4.99933E-01
 4.99933E-01
 4.99934E-01
 4.99934E-01
 4.99934E-01
 4.99934E-01
 4.99935E-01
 4.99935E-01
 4.99935E-01
 4.99935E-01
 4.99935E-01
 4.99935E-01
 4.99936E-01
 4.99936E-01
 4.99936E-01
 4.99936E-01
 4.99936E-01
 4.99936E-01
 4.99936E-01
 4.99937E-01
 4.99937E-01
 4.99937E-01
 4.99937E-01
 4.99937E-01
 4.99937E-01
 4.99937E-01
 4.99937E-01
 4.99937E-01
 4.99937E-01
 4.99937E-01
 4.99938E-01
 4.99938E-01
 4.99938E-01
 4.99938E-01
 4.99938E-01
 4.99938E-01
 4.99938E-01
 4.99938E-01
 4.99938E-01
 4.99938E-01
 4.99938E-01
 4.99938E-01
 4.99938E-01
 4.99938E-01
 4.99938E-01
 4.99938E-01
 4.99938E-01
 4.99938E-01
 4.99938E-01
 4.99938E-01
 4.99938E-01
 4.99938E-01
 4.99938E-01
 4.99939E-01
 4.99939E-01
 4.99939E-01
 4.99939E-01
 4.99939E-01
 4.99939E-01
 4.99939E-01
 4.99939E-01
 9.01923E-17
 9.14312E-17
 8.93365E-17
 8.75101E-17
 9.03854E-17
 8.68028E-17
 8.62857E-17
 8.84017E-17
 8.69782E-17
 9.13888E-17
 9.09134E-17
 8.77410E-17
 8.63485E-17
 8.86840E-17
 8.98659E-17
 9.03337E-17
 9.04496E-17
 9.02790E-17
 9.01341E-17
 8.77123E-17
 8.77967E-17
 9.01167E-17
 9.11648E-17
 8.83338E-17
 8.89345E-17
 9.07403E-17
 9.10965E-17
 8.89666E-17
 9.02253E-17
 8.87323E-17
 9.00141E-17
 8.84828E-17
 9.00672E-17
 9.01328E-17
 8.98523E-17
 9.11350E-17
 9.04174E-17
 9.02552E-17
 9.01269E-17
 9.12633E-17
 8.98970E-17
 8.97585E-17
 9.09067E-17
 9.08384E-17
 9.03653E-17
 9.03345E-17
 9.11667E-17
 9.01765E-17
 9.00242E-17
 9.07722E-17
 9.10793E-17
 3.17780E-15
 1.35742E-01
 4.76512E-01
 4.96104E-01
 4.99319E-01
 4.99839E-01
 4.99919E-01
 4.99931E-01
 4.99933E-01
 4.99933E-01
 4.99934E-01
 4.99934E-01
 4.99934E-01
 4.99934E-01
 4.99935E-01
 4.99935E-01
 4.99935E-01
 4.99935E-01
 4.99935E-01
 4.99936E-01
 4.99936E-01
 4.99936E-01
 4.99936E-01
 4.99936E-01
 4.99936E-01
 4.99936E-01
 4.99936E-01
 4.99937E-01
 4.99937E-01
 4.99937E-01
 4.99937E-01
 4.99937E-01
 4.99937E-01
 4.99937E-01
 4.99937E-01
 4.99937E-01
 4.99937E-01
 4.99938E-01
 4.99938E-01
 4.99938E-01
 4.99938E-01
 4.99938E-01
 4.99938E-01
 4.99938E-01
 4.99938E-01
 4.99938E-01
 4.99938E-01
 4.99938E-01
 4.99938E-01
 4.99938E-01
 4.99938E-01
 4.99938E-01
 4.99938E-01
 4.99938E-01
 4.99938E-01
 4.99938E-01
 4.99938E-01
 4.99938E-01
 4.99938E-01
 4.99939E-01
 4.99939E-01
 4.99939E-01
 4.99939E-01
 4.99939E-01
 4.99939E-01
 4.99939E-01
 4.99939E-01
 4.99939E-01
 4.99939E-01
 8.76959E-17
 8.82492E-17
 9.11147E-17
 9.05369E-17
 9.13587E-17
 8.92661E-17
 9.09370E-17
 8.94104E-17
 8.77447E-17
 9.09960E-17
 8.99466E-17
 8.73207E-17
 9.11538E-17
 8.89036E-17
 9.07589E-17
 8.74387E-17
 8.95982E-17
 8.84512E-17
 8.77426E-17
 8.77125E-17
 9.03197E-17
 8.89545E-17
 8.81013E-17
 9.13520E-17
 9.05513E-17
 9.03980E-17
 9.10323E-17
 8.94484E-17
 8.93244E-17
 9.04315E-17
 9.06875E-17
 9.06024E-17
 9.06762E-17
 9.05507E-17
 9.12520E-17
 9.09212E-17
 8.99174E-17
 8.96673E-17
 9.09890E-17
 8.93443E-17
 9.10322E-17
 8.96026E-17
 9.08915E-17
 9.06542E-17
 8.93930E-17
 8.98871E-17
 8.96593E-17
 9.13735E-17
 9.07659E-17
 9.09320E-17
 9.13233E-17
 1.77869E-10
 3.43363E-01
 4.86157E-01
 4.97863E-01
 4.99617E-01
 4.99886E-01
 4.99926E-01
 4.99932E-01
 4.99933E-01
 4.99934E-01
 4.99934E-01
 4.99934E-01
 4.99934E-01
 4.99934E-01
 4.99935E-01
 4.99935E-01
 4.99935E-01
 4.99935E-01
 4.99935E-01
 4.99936E-01
 4.99936E-01
 4.99936E-01
 4.99936E-01
 4.99936E-01
 4.99936E-01
 4.99936E-01
 4.99937E-01
 4.99937E-01
 4.99937E-01
 4.99937E-01
 4.99937E-01
 4.99937E-01
 4.99937E-01
 4.99937E-01
 4.99937E-01
 4.99937E-01
 4.99938E-01
 4.99938E-01
 4.99938E-01
 4.99938E-01
 4.99938E-01
 4.99938E-01
 4.99938E-01
 4.99938E-01
 4.99938E-01
 4.99938E-01
 4.99938E-01
 4.99938E-01
 4.99938E-01
 4.99938E-01
 4.99938E-01
 4.99938E-01
 4.99938E-01
 4.99938E-01
 4.99938E-01
 4.99938E-01
 4.99938E-01
 4.99939E-01
 4.99939E-01
 4.99939E-01
 4.99939E-01
 4.99939E-01
 4.99939E-01
 4.99939E-01
 4.99939E-01
 4.99939E-01
 4.99939E-01
 4.99939E-01
 4.99939E-01
 8.85118E-17
 8.84462E-17
 9.02402E-17
 8.80145E-17
 8.93037E-17
 9.09879E-17
 8.67856E-17
 8.97055E-17
 8.92811E-17
 8.67483E-17
 8.91502E-17
 8.73864E-17
 9.06210E-17
 9.03397E-17
 8.73561E-17
 8.75263E-17
 9.06801E-17
 8.73038E-17
 9.11575E-17
 8.84483E-17
 9.09338E-17
 8.86618E-17
 9.07827E-17
 9.09603E-17
 8.94524E-17
 8.79182E-17
 9.08134E-17
 8.90753E-17
 9.08449E-17
 9.13079E-17
 8.92984E-17
 9.04730E-17
 8.92032E-17
 8.96758E-17
 9.00718E-17
 9.08363E-17
 8.98106E-17
 9.13613E-17
 9.02675E-17
 8.94501E-17
 8.99688E-17
 8.98543E-17
 8.96738E-17
 9.08766E-17
 9.04552E-17
 9.12176E-17
 9.08712E-17
 9.00569E-17
 9.08803E-17
 9.03674E-17
 8.98953E-17
 1.76323E-05
 4.31688E-01
 4.93208E-01
 4.98911E-01
 4.99777E-01
 4.99910E-01
 4.99930E-01
 4.99933E-01
 4.99933E-01
 4.99934E-01
 4.99934E-01
 4.99934E-01
 4.99934E-01
 4.99935E-01
 4.99935E-01
 4.99935E-01
 4.99935E-01
 4.99935E-01
 4.99935E-01
 4.99936E-01
 4.99936E-01
 4.99936E-01
 4.99936E-01
 4.99936E-01
 4.99936E-01
 4.99936E-01
 4.99937E-01
 4.99937E-01
 4.99937E-01
 4.99937E-01
 4.99937E-01
 4.99937E-01
 4.99937E-01
 4.99937E-01
 4.99937E-01
 4.99937E-01
 4.99938E-01
 4.99938E-01
 4.99938E-01
 4.99938E-01
 4.99938E-01
 4.99938E-01
 4.99938E-01
 4.99938E-01
 4.99938E-01
 4.99938E-01
 4.99938E-01
 4.99938E-01
 4.99938E-01
 4.99938E-01
 4.99938E-01
 4.99938E-01
 4.99938E-01
 4.99938E-01
 4.99938E-01
 4.99938E-01
 4.99939E-01
 4.99939E-01
 4.99939E-01
 4.99939E-01
 4.99939E-01
 4.99939E-01
 4.99939E-01
 4.99939E-01
 4.99939E-01
 4.99939E-01
 4.99939E-01
 4.99939E-01
 4.99939E-01
 9.08960E-17
 8.99345E-17
 8.95257E-17
 9.06822E-17
 8.78567E-17
 8.82015E-17
 8.97401E-17
 8.89230E-17
 8.98605E-17
 8.78341E-17
 9.07028E-17
 9.04540E-17
 8.73882E-17
 8.83079E-17
 8.95397E-17
 8.93982E-17
 9.05369E-17
 9.10350E-17
 9.13340E-17
 8.82561E-17
 9.12744E-17
 8.91159E-17
 8.83968E-17
 8.83969E-17
 8.85847E-17
 8.82488E-17
 9.06503E-17
 9.00901E-17
 8.90457E-17
 8.93792E-17
 8.94929E-17
 8.84796E-17
 8.97581E-17
 8.95424E-17
 8.94794E-17
 9.06113E-17
 8.96511E-17
 8.95680E-17
 8.90194E-17
 8.97117E-17
 9.04934E-17
 8.93531E-17
 8.98410E-17
 9.03461E-17
 9.11523E-17
 9.06948E-17
 9.03596E-17
 8.97615E-17
 9.10112E-17
 9.02560E-17
 1.19517E-14
 1.83887E-01
 4.79055E-01
 4.96682E-01
 4.99433E-01
 4.99859E-01
 4.99922E-01
 4.99932E-01
 4.99933E-01
 4.99934E-01
 4.99934E-01
 4.99934E-01
 4.99934E-01
 4.99934E-01
 4.99935E-01
 4.99935E-01
 4.99935E-01
 4.99935E-01
 4.99935E-01
 4.99936E-01
 4.99936E-01
 4.99936E-01
 4.99936E-01
 4.99936E-01
 4.99936E-01
 4.99936E-01
 4.99937E-01
 4.99937E-01
 4.99937E-01
 4.99937E-01
 4.99937E-01
 4.99937E-01
 4.99937E-01
 4.99937E-01
 4.99937E-01
 4.99937E-01
 4.99938E-01
 4.99938E-01
 4.99938E-01
 4.99938E-01
 4.99938E-01
 4.99938E-01
 4.99938E-01
 4.99938E-01
 4.99938E-01
 4.99938E-01
 4.99938E-01
 4.99938E-01
 4.99938E-01
 4.99938E-01
 4.99938E-01
 4.99938E-01
 4.99938E-01
 4.99938E-01
 4.99938E-01
 4.99938E-01
 4.99939E-01
 4.99939E-01
 4.99939E-01
 4.99939E-01
 4.99939E-01
 4.99939E-01
 4.99939E-01
 4.99939E-01
 4.99939E-01
 4.99939E-01
 4.99939E-01
 4.99939E-01
 4.99939E-01
 4.99939E-01
 8.82373E-17
 9.05780E-17
 8.86536E-17
 8.92084E-17
 8.98028E-17
 9.01861E-17
 8.70549E-17
 9.03758E-17
 9.10475E-17
 8.99576E-17
 8.73602E-17
 9.11278E-17
 9.04547E-17
 8.90774E-17
 8.94875E-17
 9.05381E-17
 8.73755E-17
 8.97297E-17
 9.13565E-17
 8.96683E-17
 9.09452E-17
 8.99952E-17
 8.95071E-17
 8.90981E-17
 9.03759E-17
 9.02153E-17
 9.09471E-17
 8.98275E-17
 8.86712E-17
 8.91591E-17
 8.89573E-17
 9.09654E-17
 8.96447E-17
 8.89572E-17
 9.11674E-17
 8.91598E-17
 8.92961E-17
 8.91502E-17
 9.00396E-17
 8.98294E-17
 8.93747E-17
 8.94179E-17
 9.05585E-17
 9.03191E-17
 8.95327E-17
 8.95653E-17
 8.96552E-17
 9.02462E-17
 9.01156E-17
 9.05181E-17
 3.67957E-09
 3.78486E-01
 4.89083E-01
 4.98364E-01
 4.99701E-01
 4.99899E-01
 4.99928E-01
 4.99933E-01
 4.99933E-01
 4.99934E-01
 4.99934E-01
 4.99934E-01
 4.99934E-01
 4.99935E-01
 4.99935E-01
 4.99935E-01
 4.99935E-01
 4.99935E-01
 4.99936E-01
 4.99936E-01
 4.99936E-01
 4.99936E-01
 4.99936E-01
 4.99936E-01
 4.99936E-01
 4.99937E-01
 4.99937E-01
 4.99937E-01
 4.99937E-01
 4.99937E-01
 4.99937E-01
 4.99937E-01
 4.99937E-01
 4.99937E-01
 4.99937E-01
 4.99938E-01
 4.99938E-01
 4.99938E-01
 4.99938E-01
 4.99938E-01
 4.99938E-01
 4.99938E-01
 4.99938E-01
 4.99938E-01
 4.99938E-01
 4.99938E-01
 4.99938E-01
 4.99938E-01
 4.99938E-01
 4.99938E-01
 4.99938E-01
 4.99938E-01
 4.99938E-01
 4.99938E-01
 4.99939E-01
 4.99939E-01
 4.99939E-01
 4.99939E-01
 4.99939E-01
 4.99939E-01
 4.99939E-01
 4.99939E-01
 4.99939E-01
 4.99939E-01
 4.99939E-01
 4.99939E-01
 4.99939E-01
 4.99939E-01
 4.99939E-01
 4.99939E-01
 9.12015E-17
 8.79929E-17
 9.04896E-17
 9.13236E-17
 8.99934E-17
 8.91175E-17
 8.94182E-17
 8.88436E-17
 8.95488E-17
 8.86892E-17
 9.06113E-17
 8.73517E-17
 8.95171E-17
 9.11717E-17
 8.78426E-17
 9.10657E-17
 9.08884E-17
 9.14028E-17
 8.76360E-17
 8.96397E-17
 8.90495E-17
 9.04106E-17
 9.03128E-17
 9.05070E-17
 8.80886E-17
 9.08745E-17
 9.11633E-17
 9.12827E-17
 8.90175E-17
 9.00448E-17
 9.11187E-17
 8.97691E-17
 9.06052E-17
 9.07200E-17
 9.04823E-17
 8.93858E-17
 8.99877E-17
 9.12719E-17
 8.95517E-17
 9.12629E-17
 8.96633E-17
 8.98737E-17
 8.95017E-17
 9.06077E-17
 8.97032E-17
 8.95425E-17
 8.98149E-17
 9.07747E-17
 8.96243E-17
 9.06611E-17
 1.91979E-03
 4.62613E-01
 4.95342E-01
 4.99231E-01
 4.99830E-01
 4.99918E-01
 4.99931E-01
 4.99933E-01
 4.99934E-01
 4.99934E-01
 4.99934E-01
 4.99934E-01
 4.99934E-01
 4.99935E-01
 4.99935E-01
 4.99935E-01
 4.99935E-01
 4.99935E-01
 4.99936E-01
 4.99936E-01
 4.99936E-01
 4.99936E-01
 4.99936E-01
 4.99936E-01
 4.99936E-01
 4.99937E-01
 4.99937E-01
 4.99937E-01
 4.99937E-01
 4.99937E-01
 4.99937E-01
 4.99937E-01
 4.99937E-01
 4.99937E-01
 4.99937E-01
 4.99938E-01
 4.99938E-01
 4.99938E-01
 4.99938E-01
 4.99938E-01
 4.99938E-01
 4.99938E-01
 4.99938E-01
 4.99938E-01
 4.99938E-01
 4.99938E-01
 4.99938E-01
 4.99938E-01
 4.99938E-01
 4.99938E-01
 4.99938E-01
 4.99938E-01
 4.99938E-01
 4.99939E-01
 4.99939E-01
 4.99939E-01
 4.99939E-01
 4.99939E-01
 4.99939E-01
 4.99939E-01
 4.99939E-01
 4.99939E-01
 4.99939E-01
 4.99939E-01
 4.99939E-01
 4.99939E-01
 4.99939E-01
 4.99939E-01
 4.99939E-01
 4.99939E-01
 8.93439E-17
 8.93720E-17
 8.80596E-17
 8.79595E-17
 8.83037E-17
 9.10251E-17
 9.05682E-17
 8.83543E-17
 8.96105E-17
 8.97335E-17
 9.11584E-17
 8.86994E-17
 8.95877E-17
 8.81478E-17
 8.88303E-17
 8.88670E-17
 8.76212E-17
 8.82516E-17
 9.06555E-17
 8.88806E-17
 8.80889E-17
 8.97548E-17
 9.11291E-17
 9.14403E-17
 8.80653E-17
 9.11936E-17
 8.94046E-17
 8.92440E-17
 9.13240E-17
 8.86082E-17
 8.86694E-17
 9.10159E-17
 9.04128E-17
 8.98859E-17
 8.95491E-17
 8.91626E-17
 9.06861E-17
 8.99654E-17
 8.93165E-17
 9.14224E-17
 9.05971E-17
 9.01972E-17
 9.01786E-17
 9.13554E-17
 9.03896E-17
 9.14563E-17
 9.10319E-17
 9.05115E-17
 8.96270E-17
 6.68330E-12
 3.20928E-01
 4.85540E-01
 4.97827E-01
 4.99625E-01
 4.99889E-01
 4.99927E-01
 4.99932E-01
 4.99933E-01
 4.99934E-01
 4.99934E-01
 4.99934E-01
 4.99934E-01
 4.99935E-01
 4.99935E-01
 4.99935E-01
 4.99935E-01
 4.99935E-01
 4.99936E-01
 4.99936E-01
 4.99936E-01
 4.99936E-01
 4.99936E-01
 4.99936E-01
 4.99936E-01
 4.99937E-01
 4.99937E-01
 4.99937E-01
 4.99937E-01
 4.99937E-01
 4.99937E-01
 4.99937E-01
 4.99937E-01
 4.99937E-01
 4.99937E-01
 4.99938E-01
 4.99938E-01
 4.99938E-01
 4.99938E-01
 4.99938E-01
 4.99938E-01
 4.99938E-01
 4.99938E-01
 4.99938E-01
 4.99938E-01
 4.99938E-01
 4.99938E-01
 4.99938E-01
 4.99938E-01
 4.99938E-01
 4.99938E-01
 4.99938E-01
 4.99938E-01
 4.99939E-01
 4.99939E-01
 4.99939E-01
 4.99939E-01
 4.99939E-01
 4.99939E-01
 4.99939E-01
 4.99939E-01
 4.99939E-01
 4.99939E-01
 4.99939E-01
 4.99939E-01
 4.99939E-01
 4.99939E-01
 4.99939E-01
 4.99939E-01
 4.99939E-01
 4.99939E-01
 8.99812E-17
 9.01183E-17
 8.99120E-17
 8.80828E-17
 8.76187E-17
 9.07707E-17
 9.01502E-17
 9.07022E-17
 9.12161E-17
 9.12612E-17
 8.79055E-17
 8.74854E-17
 9.14463E-17
 9.13308E-17
 8.76861E-17
 9.03139E-17
 8.92597E-17
 8.89522E-17
 9.06998E-17
 8.83738E-17
 8.82484E-17
 9.11776E-17
 9.03663E-17
 9.00487E-17
 8.85176E-17
 9.08621E-17
 9.06640E-17
 8.92536E-17
 8.87070E-17
 8.84897E-17
 8.89080E-17
 9.07880E-17
 8.92940E-17
 9.09551E-17
 8.99942E-17
 9.12454E-17
 8.94759E-17
 9.13375E-17
 9.04403E-17
 8.92081E-17
 9.12633E-17
 9.09099E-17
 9.11213E-17
 9.06149E-17
 9.04189E-17
 8.97681E-17
 9.09682E-17
 9.03551E-17
 9.14668E-17
 1.04682E-05
 4.35640E-01
 4.93771E-01
 4.99048E-01
 4.99806E-01
 4.99915E-01
 4.99931E-01
 4.99933E-01
 4.99934E-01
 4.99934E-01
 4.99934E-01
 4.99934E-01
 4.99935E-01
 4.99935E-01
 4.99935E-01
 4.99935E-01
 4.99935E-01
 4.99935E-01
 4.99936E-01
 4.99936E-01
 4.99936E-01
 4.99936E-01
 4.99936E-01
 4.99936E-01
 4.99936E-01
 4.99937E-01
 4.99937E-01
 4.99937E-01
 4.99937E-01
 4.99937E-01
 4.99937E-01
 4.99937E-01
 4.99937E-01
 4.99937E-01
 4.99938E-01
 4.99938E-01
 4.99938E-01
 4.99938E-01
 4.99938E-01
 4.99938E-01
 4.99938E-01
 4.99938E-01
 4.99938E-01
 4.99938E-01
 4.99938E-01
 4.99938E-01
 4.99938E-01
 4.99938E-01
 4.99938E-01
 4.99938E-01
 4.99938E-01
 4.99939E-01
 4.99939E-01
 4.99939E-01
 4.99939E-01
 4.99939E-01
 4.99939E-01
 4.99939E-01
 4.99939E-01
 4.99939E-01
 4.99939E-01
 4.99939E-01
 4.99939E-01
 4.99939E-01
 4.99939E-01
 4.99939E-01
 4.99939E-01
 4.99939E-01
 4.99939E-01
 4.99939E-01
 4.99939E-01
 9.10438E-17
 8.86276E-17
 8.96235E-17
 8.88270E-17
 9.05313E-17
 8.79692E-17
 9.05913E-17
 8.90064E-17
 8.96165E-17
 9.02299E-17
 8.83923E-17
 8.80911E-17
 8.97444E-17
 9.06810E-17
 8.88957E-17
 8.87056E-17
 8.93658E-17
 9.13001E-17
 8.77859E-17
 8.89068E-17
 8.90629E-17
 8.87122E-17
 9.12623E-17
 8.89246E-17
 8.91871E-17
 8.87049E-17
 8.96698E-17
 9.04402E-17
 9.06756E-17
 8.88690E-17
 8.97071E-17
 9.11906E-17
 8.94879E-17
 9.05992E-17
 8.90101E-17
 9.11526E-17
 9.08480E-17
 9.04770E-17
 8.94095E-17
 8.93854E-17
 8.93393E-17
 8.99238E-17
 9.06335E-17
 8.95927E-17
 9.11933E-17
 8.95972E-17
 9.00571E-17
 8.99623E-17
 1.16487E-13
 2.38824E-01
 4.82607E-01
 4.97434E-01
 4.99572E-01
 4.99882E-01
 4.99926E-01
 4.99932E-01
 4.99933E-01
 4.99934E-01
 4.99934E-01
 4.99934E-01
 4.99934E-01
 4.99935E-01
 4.99935E-01
 4.99935E-01
 4.99935E-01
 4.99935E-01
 4.99936E-01
 4.99936E-01
 4.99936E-01
 4.99936E-01
 4.99936E-01
 4.99936E-01
 4.99936E-01
 4.99937E-01
 4.99937E-01
 4.99937E-01
 4.99937E-01
 4.99937E-01
 4.99937E-01
 4.99937E-01
 4.99937E-01
 4.99937E-01
 4.99938E-01
 4.99938E-01
 4.99938E-01
 4.99938E-01
 4.99938E-01
 4.99938E-01
 4.99938E-01
 4.99938E-01
 4.99938E-01
 4.99938E-01
 4.99938E-01
 4.99938E-01
 4.99938E-01
 4.99938E-01
 4.99938E-01
 4.99938E-01
 4.99938E-01
 4.99939E-01
 4.99939E-01
 4.99939E-01
 4.99939E-01
 4.99939E-01
 4.99939E-01
 4.99939E-01
 4.99939E-01
 4.99939E-01
 4.99939E-01
 4.99939E-01
 4.99939E-01
 4.99939E-01
 4.99939E-01
 4.99939E-01
 4.99939E-01
 4.99939E-01
 4.99939E-01
 4.99939E-01
 4.99939E-01
 4.99939E-01
 8.91854E-17
 9.05535E-17
 8.85578E-17
 9.05260E-17
 8.84497E-17
 8.83679E-17
 9.13037E-17
 8.82222E-17
 8.78464E-17
 9.13144E-17
 9.02051E-17
 9.08423E-17
 8.81074E-17
 8.97738E-17
 8.84384E-17
 8.86660E-17
 8.90398E-17
 8.86383E-17
 8.92368E-17
 8.93289E-17
 8.84955E-17
 8.93349E-17
 8.94048E-17
 9.00108E-17
 8.86569E-17
 8.85810E-17
 8.89138E-17
 8.84553E-17
 9.04456E-17
 8.89234E-17
 9.10073E-17
 9.08183E-17
 8.94570E-17
 9.10179E-17
 9.03029E-17
 8.99910E-17
 9.01289E-17
 8.95842E-17
 9.03373E-17
 9.11872E-17
 8.95952E-17
 9.11666E-17
 8.96051E-17
 8.94705E-17
 9.08798E-17
 9.06289E-17
 9.03657E-17
 9.08151E-17
 5.32236E-07
 4.22032E-01
 4.92794E-01
 4.98941E-01
 4.99793E-01
 4.99914E-01
 4.99931E-01
 4.99933E-01
 4.99934E-01
 4.99934E-01
 4.99934E-01
 4.99934E-01
 4.99935E-01
 4.99935E-01
 4.99935E-01
 4.99935E-01
 4.99935E-01
 4.99936E-01
 4.99936E-01
 4.99936E-01
 4.99936E-01
 4.99936E-01
 4.99936E-01
 4.99936E-01
 4.99937E-01
 4.99937E-01
 4.99937E-01
 4.99937E-01
 4.99937E-01
 4.99937E-01
 4.99937E-01
 4.99937E-01
 4.99937E-01
 4.99937E-01
 4.99938E-01
 4.99938E-01
 4.99938E-01
 4.99938E-01
 4.99938E-01
 4.99938E-01
 4.99938E-01
 4.99938E-01
 4.99938E-01
 4.99938E-01
 4.99938E-01
 4.99938E-01
 4.99938E-01
 4.99938E-01
 4.99938E-01
 4.99938E-01
 4.99939E-01
 4.99939E-01
 4.99939E-01
 4.99939E-01
 4.99939E-01
 4.99939E-01
 4.99939E-01
 4.99939E-01
 4.99939E-01
 4.99939E-01
 4.99939E-01
 4.99939E-01
 4.99939E-01
 4.99939E-01
 4.99939E-01
 4.99939E-01
 4.99939E-01
 4.99939E-01
 4.99939E-01
 4.99939E-01
 4.99939E-01
 4.99939E-01
 8.93719E-17
 8.80301E-17
 9.14404E-17
 8.82256E-17
 8.78575E-17
 8.96535E-17
 8.85893E-17
 8.97431E-17
 8.80032E-17
 9.08758E-17
 8.88093E-17
 9.05720E-17
 8.87601E-17
 9.08199E-17
 9.12857E-17
 8.89058E-17
 9.02966E-17
 9.12934E-17
 8.84049E-17
 8.81374E-17
 8.96810E-17
 8.94757E-17
 8.88389E-17
 8.92079E-17
 8.87789E-17
 9.04329E-17
 8.98934E-17
 8.91412E-17
 9.12024E-17
 8.97814E-17
 8.92888E-17
 8.88749E-17
 8.93656E-17
 8.98785E-17
 8.99664E-17
 9.13097E-17
 9.01071E-17
 9.04451E-17
 8.97717E-17
 8.96529E-17
 9.12360E-17
 9.14131E-17
 9.08466E-17
 9.07647E-17
 8.99710E-17
 9.06384E-17
 9.05989E-17
 2.07604E-14
 1.90389E-01
 4.81298E-01
 4.97292E-01
 4.99558E-01
 4.99881E-01
 4.99926E-01
 4.99932E-01
 4.99933E-01
 4.99934E-01
 4.99934E-01
 4.99934E-01
 4.99934E-01
 4.99935E-01
 4.99935E-01
 4.99935E-01
 4.99935E-01
 4.99935E-01
 4.99936E-01
 4.99936E-01
 4.99936E-01
 4.99936E-01
 4.99936E-01
 4.99936E-01
 4.99937E-01
 4.99937E-01
 4.99937E-01
 4.99937E-01
 4.99937E-01
 4.99937E-01
 4.99937E-01
 4.99937E-01
 4.99937E-01
 4.99937E-01
 4.99938E-01
 4.99938E-01
 4.99938E-01
 4.99938E-01
 4.99938E-01
 4.99938E-01
 4.99938E-01
 4.99938E-01
 4.99938E-01
 4.99938E-01
 4.99938E-01
 4.99938E-01
 4.99938E-01
 4.99938E-01
 4.99938E-01
 4.99938E-01
 4.99939E-01
 4.99939E-01
 4.99939E-01
 4.99939E-01
 4.99939E-01
 4.99939E-01
 4.99939E-01
 4.99939E-01
 4.99939E-01
 4.99939E-01
 4.99939E-01
 4.99939E-01
 4.99939E-01
 4.99939E-01
 4.99939E-01
 4.99939E-01
 4.99939E-01
 4.99939E-01
 4.99939E-01
 4.99939E-01
 4.99939E-01
 4.99939E-01
 4.99939E-01
 9.14171E-17
 8.87979E-17
 8.87453E-17
 9.01262E-17
 9.00516E-17
 8.86297E-17
 8.87717E-17
 9.04012E-17
 8.89361E-17
 9.14343E-17
 8.98052E-17
 9.08909E-17
 9.07152E-17
 8.86523E-17
 9.09812E-17
 9.03202E-17
 8.95258E-17
 9.07438E-17
 9.12213E-17
 8.99190E-17
 8.88675E-17
 9.10658E-17
 9.02123E-17
 8.97909E-17
 8.99993E-17
 8.89161E-17
 9.00246E-17
 9.03538E-17
 9.03639E-17
 9.02912E-17
 8.94563E-17
 9.00270E-17
 9.09436E-17
 8.88961E-17
 8.94900E-17
 8.97358E-17
 9.00659E-17
 9.14205E-17
 9.10385E-17
 8.93839E-17
 8.95423E-17
 9.12195E-17
 9.11313E-17
 9.02523E-17
 9.07474E-17
 9.07651E-17
 9.05740E-17
 2.63348E-07
 4.21940E-01
 4.92783E-01
 4.98955E-01
 4.99798E-01
 4.99915E-01
 4.99931E-01
 4.99933E-01
 4.99934E-01
 4.99934E-01
 4.99934E-01
 4.99934E-01
 4.99935E-01
 4.99935E-01
 4.99935E-01
 4.99935E-01
 4.99935E-01
 4.99936E-01
 4.99936E-01
 4.99936E-01
 4.99936E-01
 4.99936E-01
 4.99936E-01
 4.99936E-01
 4.99937E-01
 4.99937E-01
 4.99937E-01
 4.99937E-01
 4.99937E-01
 4.99937E-01
 4.99937E-01
 4.99937E-01
 4.99937E-01
 4.99938E-01
 4.99938E-01
 4.99938E-01
 4.99938E-01
 4.99938E-01
 4.99938E-01
 4.99938E-01
 4.99938E-01
 4.99938E-01
 4.99938E-01
 4.99938E-01
 4.99938E-01
 4.99938E-01
 4.99938E-01
 4.99938E-01
 4.99939E-01
 4.99939E-01
 4.99939E-01
 4.99939E-01
 4.99939E-01
 4.99939E-01
 4.99939E-01
 4.99939E-01
 4.99939E-01
 4.99939E-01
 4.99939E-01
 4.99939E-01
 4.99939E-01
 4.99939E-01
 4.99939E-01
 4.99939E-01
 4.99939E-01
 4.99939E-01
 4.99939E-01
 4.99939E-01
 4.99939E-01
 4.99939E-01
 4.99939E-01
 4.99939E-01
 4.99939E-01
 9.13715E-17
 9.08996E-17
 9.09556E-17
 9.08165E-17
 8.84776E-17
 8.97111E-17
 9.01040E-17
 8.89445E-17
 9.02706E-17
 8.91009E-17
 9.08276E-17
 9.03963E-17
 9.07488E-17
 8.81743E-17
 8.92936E-17
 8.91889E-17
 9.01407E-17
 8.90330E-17
 8.81621E-17
 9.08491E-17
 9.03393E-17
 9.03156E-17
 9.10534E-17
 9.13599E-17
 9.10993E-17
 9.08339E-17
 9.08835E-17
 9.01900E-17
 8.94900E-17
 8.95489E-17
 8.90528E-17
 8.92244E-17
 9.05637E-17
 9.02845E-17
 8.96040E-17
 8.94375E-17
 9.03438E-17
 9.09215E-17
 8.92933E-17
 8.94923E-17
 9.06758E-17
 9.04951E-17
 9.06288E-17
 9.03719E-17
 8.96598E-17
 9.11178E-17
 3.85571E-14
 1.97520E-01
 4.82082E-01
 4.97465E-01
 4.99589E-01
 4.99886E-01
 4.99927E-01
 4.99933E-01
 4.99934E-01
 4.99934E-01
 4.99934E-01
 4.99934E-01
 4.99935E-01
 4.99935E-01
 4.99935E-01
 4.99935E-01
 4.99935E-01
 4.99936E-01
 4.99936E-01
 4.99936E-01
 4.99936E-01
 4.99936E-01
 4.99936E-01
 4.99936E-01
 4.99937E-01
 4.99937E-01
 4.99937E-01
 4.99937E-01
 4.99937E-01
 4.99937E-01
 4.99937E-01
 4.99937E-01
 4.99937E-01
 4.99938E-01
 4.99938E-01
 4.99938E-01
 4.99938E-01
 4.99938E-01
 4.99938E-01
 4.99938E-01
 4.99938E-01
 4.99938E-01
 4.99938E-01
 4.99938E-01
 4.99938E-01
 4.99938E-01
 4.99938E-01
 4.99938E-01
 4.99939E-01
 4.99939E-01
 4.99939E-01
 4.99939E-01
 4.99939E-01
 4.99939E-01
 4.99939E-01
 4.99939E-01
 4.99939E-01
 4.99939E-01
 4.99939E-01
 4.99939E-01
 4.99939E-01
 4.99939E-01
 4.99939E-01
 4.99939E-01
 4.99939E-01
 4.99939E-01
 4.99939E-01
 4.99939E-01
 4.99939E-01
 4.99939E-01
 4.99939E-01
 4.99939E-01
 4.99939E-01
 4.99939E-01
 8.91758E-17
 8.83969E-17
 8.90460E-17
 8.91750E-17
 8.83912E-17
 9.08675E-17
 9.07073E-17
 8.94018E-17
 9.08416E-17
 8.96618E-17
 8.80214E-17
 8.82042E-17
 9.09943E-17
 9.06440E-17
 8.87857E-17
 9.02973E-17
 8.99984E-17
 9.00821E-17
 9.01167E-17
 8.91791E-17
 9.12071E-17
 8.97420E-17
 8.98620E-17
 9.02581E-17
 9.05581E-17
 8.93164E-17
 9.08299E-17
 9.12823E-17
 9.10376E-17
 9.01762E-17
 8.99133E-17
 8.88486E-17
 8.99055E-17
 9.06262E-17
 9.04386E-17
 8.96435E-17
 9.05776E-17
 9.04442E-17
 8.94909E-17
 9.14605E-17
 9.11929E-17
 9.00442E-17
 8.99003E-17
 9.13369E-17
 9.02515E-17
 9.00120E-17
 1.25331E-06
 4.33286E-01
 4.93700E-01
 4.99087E-01
 4.99818E-01
 4.99918E-01
 4.99931E-01
 4.99933E-01
 4.99934E-01
 4.99934E-01
 4.99934E-01
 4.99934E-01
 4.99935E-01
 4.99935E-01
 4.99935E-01
 4.99935E-01
 4.99935E-01
 4.99936E-01
 4.99936E-01
 4.99936E-01
 4.99936E-01
 4.99936E-01
 4.99936E-01
 4.99937E-01
 4.99937E-01
 4.99937E-01
 4.99937E-01
 4.99937E-01
 4.99937E-01
 4.99937E-01
 4.99937E-01
 4.99937E-01
 4.99938E-01
 4.99938E-01
 4.99938E-01
 4.99938E-01
 4.99938E-01
 4.99938E-01
 4.99938E-01
 4.99938E-01
 4.99938E-01
 4.99938E-01
 4.99938E-01
 4.99938E-01
 4.99938E-01
 4.99938E-01
 4.99938E-01
 4.99939E-01
 4.99939E-01
 4.99939E-01
 4.99939E-01
 4.99939E-01
 4.99939E-01
 4.99939E-01
 4.99939E-01
 4.99939E-01
 4.99939E-01
 4.99939E-01
 4.99939E-01
 4.99939E-01
 4.99939E-01
 4.99939E-01
 4.99939E-01
 4.99939E-01
 4.99939E-01
 4.99939E-01
 4.99939E-01
 4.99939E-01
 4.99939E-01
 4.99939E-01
 4.99939E-01
 4.99939E-01
 4.99939E-01
 4.99939E-01
 9.01252E-17
 9.12841E-17
 8.85143E-17
 9.12054E-17
 9.10885E-17
 8.97406E-17
 9.03481E-17
 8.84381E-17
 9.11319E-17
 9.11948E-17
 8.82379E-17
 8.98606E-17
 9.07492E-17
 8.81265E-17
 8.87608E-17
 9.14306E-17
 8.82213E-17
 9.01366E-17
 8.99342E-17
 8.95217E-17
 9.14543E-17
 8.85427E-17
 9.06258E-17
 8.92957E-17
 9.14243E-17
 9.01172E-17
 9.04255E-17
 8.99711E-17
 8.87350E-17
 8.91874E-17
 9.10559E-17
 9.01139E-17
 9.00736E-17
 8.95210E-17
 9.06123E-17
 9.03844E-17
 9.02368E-17
 9.13205E-17
 9.11488E-17
 9.03882E-17
 9.12372E-17
 9.00044E-17
 9.03130E-17
 9.08906E-17
 8.97181E-17
 7.16365E-13
 2.56535E-01
 4.84857E-01
 4.97911E-01
 4.99656E-01
 4.99896E-01
 4.99928E-01
 4.99933E-01
 4.99934E-01
 4.99934E-01
 4.99934E-01
 4.99934E-01
 4.99935E-01
 4.99935E-01
 4.99935E-01
 4.99935E-01
 4.99935E-01
 4.99936E-01
 4.99936E-01
 4.99936E-01
 4.99936E-01
 4.99936E-01
 4.99936E-01
 4.99937E-01
 4.99937E-01
 4.99937E-01
 4.99937E-01
 4.99937E-01
 4.99937E-01
 4.99937E-01
 4.99937E-01
 4.99937E-01
 4.99938E-01
 4.99938E-01
 4.99938E-01
 4.99938E-01
 4.99938E-01
 4.99938E-01
 4.99938E-01
 4.99938E-01
 4.99938E-01
 4.99938E-01
 4.99938E-01
 4.99938E-01
 4.99938E-01
 4.99938E-01
 4.99938E-01
 4.99939E-01
 4.99939E-01
 4.99939E-01
 4.99939E-01
 4.99939E-01
 4.99939E-01
 4.99939E-01
 4.99939E-01
 4.99939E-01
 4.99939E-01
 4.99939E-01
 4.99939E-01
 4.99939E-01
 4.99939E-01
 4.99939E-01
 4.99939E-01
 4.99939E-01
 4.99939E-01
 4.99939E-01
 4.99939E-01
 4.99939E-01
 4.99939E-01
 4.99939E-01
 4.99939E-01
 4.99939E-01
 4.99939E-01
 4.99939E-01
 4.99939E-01
 8.94119E-17
 8.83610E-17
 9.10032E-17
 8.90507E-17
 8.82666E-17
 9.01724E-17
 8.94397E-17
 9.03793E-17
 8.94881E-17
 9.14330E-17
 8.82060E-17
 8.94928E-17
 9.10415E-17
 8.91609E-17
 8.90146E-17
 9.05098E-17
 9.02591E-17
 8.99225E-17
 9.00265E-17
 8.87132E-17
 9.06182E-17
 9.10833E-17
 8.89735E-17
 9.11086E-17
 9.13005E-17
 8.96749E-17
 8.99091E-17
 8.87709E-17
 8.89273E-17
 8.98919E-17
 8.91951E-17
 8.90340E-17
 9.09622E-17
 8.91507E-17
 8.95420E-17
 9.04830E-17
 9.06502E-17
 9.14715E-17
 9.00657E-17
 9.08187E-17
 9.06385E-17
 9.04883E-17
 9.09936E-17
 9.11463E-17
 8.99895E-17
 5.39322E-05
 4.52969E-01
 4.95228E-01
 4.99292E-01
 4.99847E-01
 4.99922E-01
 4.99932E-01
 4.99933E-01
 4.99934E-01
 4.99934E-01
 4.99934E-01
 4.99935E-01
 4.99935E-01
 4.99935E-01
 4.99935E-01
 4.99935E-01
 4.99936E-01
 4.99936E-01
 4.99936E-01
 4.99936E-01
 4.99936E-01
 4.99936E-01
 4.99937E-01
 4.99937E-01
 4.99937E-01
 4.99937E-01
 4.99937E-01
 4.99937E-01
 4.99937E-01
 4.99937E-01
 4.99937E-01
 4.99938E-01
 4.99938E-01
 4.99938E-01
 4.99938E-01
 4.99938E-01
 4.99938E-01
 4.99938E-01
 4.99938E-01
 4.99938E-01
 4.99938E-01
 4.99938E-01
 4.99938E-01
 4.99938E-01
 4.99938E-01
 4.99939E-01
 4.99939E-01
 4.99939E-01
 4.99939E-01
 4.99939E-01
 4.99939E-01
 4.99939E-01
 4.99939E-01
 4.99939E-01
 4.99939E-01
 4.99939E-01
 4.99939E-01
 4.99939E-01
 4.99939E-01
 4.99939E-01
 4.99939E-01
 4.99939E-01
 4.99939E-01
 4.99939E-01
 4.99939E-01
 4.99939E-01
 4.99939E-01
 4.99939E-01
 4.99939E-01
 4.99939E-01
 4.99939E-01
 4.99939E-01
 4.99939E-01
 4.99939E-01
 4.99939E-01
 8.88667E-17
 9.13844E-17
 8.84025E-17
 9.02984E-17
 8.88477E-17
 9.11664E-17
 9.00677E-17
 9.14387E-17
 8.92084E-17
 8.84724E-17
 9.14429E-17
 9.07636E-17
 8.95372E-17
 8.90594E-17
 9.01468E-17
 9.08358E-17
 8.96029E-17
 9.02466E-17
 8.94411E-17
 9.06566E-17
 9.00535E-17
 8.87192E-17
 9.14621E-17
 9.12405E-17
 8.89068E-17
 9.14193E-17
 9.08044E-17
 9.13372E-17
 8.91733E-17
 9.03075E-17
 8.95023E-17
 9.11258E-17
 9.07584E-17
 9.13327E-17
 8.94779E-17
 9.11182E-17
 9.01313E-17
 9.12544E-17
 8.94528E-17
 8.97742E-17
 9.06270E-17
 9.07041E-17
 8.97704E-17
 9.13014E-17
 1.21847E-10
 3.42559E-01
 4.89026E-01
 4.98488E-01
 4.99738E-01
 4.99907E-01
 4.99930E-01
 4.99933E-01
 4.99934E-01
 4.99934E-01
 4.99934E-01
 4.99935E-01
 4.99935E-01
 4.99935E-01
 4.99935E-01
 4.99935E-01
 4.99936E-01
 4.99936E-01
 4.99936E-01
 4.99936E-01
 4.99936E-01
 4.99936E-01
 4.99936E-01
 4.99937E-01
 4.99937E-01
 4.99937E-01
 4.99937E-01
 4.99937E-01
 4.99937E-01
 4.99937E-01
 4.99937E-01
 4.99938E-01
 4.99938E-01
 4.99938E-01
 4.99938E-01
 4.99938E-01
 4.99938E-01
 4.99938E-01
 4.99938E-01
 4.99938E-01
 4.99938E-01
 4.99938E-01
 4.99938E-01
 4.99938E-01
 4.99938E-01
 4.99939E-01
 4.99939E-01
 4.99939E-01
 4.99939E-01
 4.99939E-01
 4.99939E-01
 4.99939E-01
 4.99939E-01
 4.99939E-01
 4.99939E-01
 4.99939E-01
 4.99939E-01
 4.99939E-01
 4.99939E-01
 4.99939E-01
 4.99939E-01
 4.99939E-01
 4.99939E-01
 4.99939E-01
 4.99939E-01
 4.99939E-01
 4.99939E-01
 4.99939E-01
 4.99939E-01
 4.99939E-01
 4.99939E-01
 4.99939E-01
 4.99939E-01
 4.99939E-01
 4.99939E-01
 4.99939E-01
 8.86270E-17
 9.11571E-17
 9.00291E-17
 8.84016E-17
 9.09967E-17
 9.10465E-17
 8.93806E-17
 8.94060E-17
 9.05397E-17
 9.07957E-17
 9.14655E-17
 9.09592E-17
 9.04237E-17
 8.92619E-17
 8.99972E-17
 9.08961E-17
 8.85420E-17
 8.84737E-17
 9.03447E-17
 8.94710E-17
 8.95169E-17
 9.02332E-17
 9.12803E-17
 8.91241E-17
 8.89443E-17
 9.11151E-17
 8.98111E-17
 8.96392E-17
 8.90084E-17
 8.95643E-17
 8.93054E-17
 8.99795E-17
 9.08502E-17
 8.90671E-17
 9.05592E-17
 9.03542E-17
 9.02831E-17
 8.94787E-17
 9.14562E-17
 8.95498E-17
 9.13922E-17
 9.13489E-17
 9.03347E-17
 5.81688E-16
 1.94405E-02
 4.76663E-01
 4.96810E-01
 4.99506E-01
 4.99876E-01
 4.99926E-01
 4.99933E-01
 4.99934E-01
 4.99934E-01
 4.99934E-01
 4.99935E-01
 4.99935E-01
 4.99935E-01
 4.99935E-01
 4.99935E-01
 4.99936E-01
 4.99936E-01
 4.99936E-01
 4.99936E-01
 4.99936E-01
 4.99936E-01
 4.99936E-01
 4.99937E-01
 4.99937E-01
 4.99937E-01
 4.99937E-01
 4.99937E-01
 4.99937E-01
 4.99937E-01
 4.99937E-01
 4.99938E-01
 4.99938E-01
 4.99938E-01
 4.99938E-01
 4.99938E-01
 4.99938E-01
 4.99938E-01
 4.99938E-01
 4.99938E-01
 4.99938E-01
 4.99938E-01
 4.99938E-01
 4.99938E-01
 4.99938E-01
 4.99939E-01
 4.99939E-01
 4.99939E-01
 4.99939E-01
 4.99939E-01
 4.99939E-01
 4.99939E-01
 4.99939E-01
 4.99939E-01
 4.99939E-01
 4.99939E-01
 4.99939E-01
 4.99939E-01
 4.99939E-01
 4.99939E-01
 4.99939E-01
 4.99939E-01
 4.99939E-01
 4.99939E-01
 4.99939E-01
 4.99939E-01
 4.99939E-01
 4.99939E-01
 4.99939E-01
 4.99939E-01
 4.99939E-01
 4.99939E-01
 4.99939E-01
 4.99939E-01
 4.99939E-01
 4.99939E-01
 4.99939E-01
 9.08202E-17
 9.04751E-17
 9.04934E-17
 9.05747E-17
 9.11734E-17
 9.12484E-17
 8.93573E-17
 9.02496E-17
 9.08878E-17
 8.84355E-17
 8.98879E-17
 9.14566E-17
 8.84202E-17
 8.95503E-17
 9.03898E-17
 9.08870E-17
 8.88313E-17
 8.86313E-17
 9.07236E-17
 9.10717E-17
 8.89197E-17
 8.88830E-17
 8.98330E-17
 8.94772E-17
 8.98160E-17
 9.10619E-17
 9.00631E-17
 8.89157E-17
 8.99624E-17
 8.94245E-17
 8.96749E-17
 9.13617E-17
 9.13781E-17
 8.94661E-17
 9.04982E-17
 9.11953E-17
 9.14462E-17
 9.13677E-17
 9.04896E-17
 9.08706E-17
 9.04436E-17
 9.09114E-17
 9.02017E-17
 1.65534E-07
 4.30291E-01
 4.93227E-01
 4.99029E-01
 4.99812E-01
 4.99918E-01
 4.99932E-01
 4.99934E-01
 4.99934E-01
 4.99934E-01
 4.99934E-01
 4.99935E-01
 4.99935E-01
 4.99935E-01
 4.99935E-01
 4.99935E-01
 4.99936E-01
 4.99936E-01
 4.99936E-01
 4.99936E-01
 4.99936E-01
 4.99936E-01
 4.99937E-01
 4.99937E-01
 4.99937E-01
 4.99937E-01
 4.99937E-01
 4.99937E-01
 4.99937E-01
 4.99937E-01
 4.99938E-01
 4.99938E-01
 4.99938E-01
 4.99938E-01
 4.99938E-01
 4.99938E-01
 4.99938E-01
 4.99938E-01
 4.99938E-01
 4.99938E-01
 4.99938E-01
 4.99938E-01
 4.99938E-01
 4.99939E-01
 4.99939E-01
 4.99939E-01
 4.99939E-01
 4.99939E-01
 4.99939E-01
 4.99939E-01
 4.99939E-01
 4.99939E-01
 4.99939E-01
 4.99939E-01
 4.99939E-01
 4.99939E-01
 4.99939E-01
 4.99939E-01
 4.99939E-01
 4.99939E-01
 4.99939E-01
 4.99939E-01
 4.99939E-01
 4.99939E-01
 4.99939E-01
 4.99939E-01
 4.99939E-01
 4.99939E-01
 4.99939E-01
 4.99939E-01
 4.99939E-01
 4.99939E-01
 4.99939E-01
 4.99939E-01
 4.99939E-01
 4.99939E-01
 4.99939E-01
 8.86017E-17
 9.05602E-17
 8.86336E-17
 8.97179E-17
 9.13473E-17
 8.98454E-17
 9.04795E-17
 9.08916E-17
 9.01808E-17
 8.84523E-17
 9.05795E-17
 8.89401E-17
 9.02917E-17
 8.94482E-17
 8.85670E-17
 9.14119E-17
 9.05036E-17
 8.88031E-17
 8.89648E-17
 8.90587E-17
 9.05036E-17
 8.99296E-17
 9.10547E-17
 8.91530E-17
 8.90540E-17
 8.96794E-17
 9.03491E-17
 8.95743E-17
 9.09118E-17
 9.05627E-17
 8.91189E-17
 9.08679E-17
 9.03357E-17
 8.99121E-17
 9.11867E-17
 8.98374E-17
 9.08623E-17
 9.10093E-17
 8.94276E-17
 9.01166E-17
 9.04943E-17
 9.06822E-17
 3.20385E-12
 2.55312E-01
 4.85767E-01
 4.98077E-01
 4.99684E-01
 4.99901E-01
 4.99929E-01
 4.99933E-01
 4.99934E-01
 4.99934E-01
 4.99934E-01
 4.99935E-01
 4.99935E-01
 4.99935E-01
 4.99935E-01
 4.99935E-01
 4.99936E-01
 4.99936E-01
 4.99936E-01
 4.99936E-01
 4.99936E-01
 4.99936E-01
 4.99937E-01
 4.99937E-01
 4.99937E-01
 4.99937E-01
 4.99937E-01
 4.99937E-01
 4.99937E-01
 4.99937E-01
 4.99938E-01
 4.99938E-01
 4.99938E-01
 4.99938E-01
 4.99938E-01
 4.99938E-01
 4.99938E-01
 4.99938E-01
 4.99938E-01
 4.99938E-01
 4.99938E-01
 4.99938E-01
 4.99938E-01
 4.99939E-01
 4.99939E-01
 4.99939E-01
 4.99939E-01
 4.99939E-01
 4.99939E-01
 4.99939E-01
 4.99939E-01
 4.99939E-01
 4.99939E-01
 4.99939E-01
 4.99939E-01
 4.99939E-01
 4.99939E-01
 4.99939E-01
 4.99939E-01
 4.99939E-01
 4.99939E-01
 4.99939E-01
 4.99939E-01
 4.99939E-01
 4.99939E-01
 4.99939E-01
 4.99939E-01
 4.99939E-01
 4.99939E-01
 4.99939E-01
 4.99939E-01
 4.99939E-01
 4.99939E-01
 4.99939E-01
 4.99939E-01
 4.99939E-01
 4.99939E-01
 4.99939E-01
 9.08578E-17
 9.05306E-17
 9.10428E-17
 9.00801E-17
 8.99754E-17
 8.96005E-17
 8.90658E-17
 9.02393E-17
 8.87124E-17
 9.10926E-17
 8.88129E-17
 8.86590E-17
 8.98976E-17
 8.95372E-17
 8.98482E-17
 8.89383E-17
 8.87265E-17
 8.92503E-17
 9.12464E-17
 8.95536E-17
 9.11651E-17
 8.91550E-17
 8.87479E-17
 8.93676E-17
 8.89946E-17
 9.07502E-17
 8.98588E-17
 8.91152E-17
 9.06157E-17
 9.12078E-17
 9.07599E-17
 9.10039E-17
 9.03046E-17
 9.00222E-17
 9.04528E-17
 8.93812E-17
 9.13537E-17
 9.07875E-17
 9.14576E-17
 9.05839E-17
 9.10145E-17
 1.04704E-16
 1.54575E-03
 4.68592E-01
 4.96282E-01
 4.99437E-01
 4.99867E-01
 4.99925E-01
 4.99933E-01
 4.99934E-01
 4.99934E-01
 4.99934E-01
 4.99935E-01
 4.99935E-01
 4.99935E-01
 4.99935E-01
 4.99935E-01
 4.99936E-01
 4.99936E-01
 4.99936E-01
 4.99936E-01
 4.99936E-01
 4.99936E-01
 4.99937E-01
 4.99937E-01
 4.99937E-01
 4.99937E-01
 4.99937E-01
 4.99937E-01
 4.99937E-01
 4.99937E-01
 4.99938E-01
 4.99938E-01
 4.99938E-01
 4.99938E-01
 4.99938E-01
 4.99938E-01
 4.99938E-01
 4.99938E-01
 4.99938E-01
 4.99938E-01
 4.99938E-01
 4.99938E-01
 4.99939E-01
 4.99939E-01
 4.99939E-01
 4.99939E-01
 4.99939E-01
 4.99939E-01
 4.99939E-01
 4.99939E-01
 4.99939E-01
 4.99939E-01
 4.99939E-01
 4.99939E-01
 4.99939E-01
 4.99939E-01
 4.99939E-01
 4.99939E-01
 4.99939E-01
 4.99939E-01
 4.99939E-01
 4.99939E-01
 4.99939E-01
 4.99939E-01
 4.99939E-01
 4.99939E-01
 4.99939E-01
 4.99939E-01
 4.99939E-01
 4.99939E-01
 4.99939E-01
 4.99939E-01
 4.99939E-01
 4.99939E-01
 4.99939E-01
 4.99939E-01
 4.99939E-01
 4.99939E-01
 4.99939E-01
 8.91379E-17
 8.86663E-17
 9.07937E-17
 9.07452E-17
 9.10401E-17
 9.06283E-17
 9.10763E-17
 8.98895E-17
 8.93995E-17
 9.07072E-17
 9.12212E-17
 9.07181E-17
 9.02831E-17
 9.00918E-17
 8.86659E-17
 9.01755E-17
 8.97318E-17
 8.91561E-17
 9.08958E-17
 9.05701E-17
 9.00174E-17
 8.90478E-17
 8.92558E-17
 8.99657E-17
 8.96562E-17
 9.11610E-17
 8.89714E-17
 9.10322E-17
 9.01303E-17
 9.01749E-17
 9.04251E-17
 9.07698E-17
 8.99685E-17
 9.14604E-17
 9.08190E-17
 9.00818E-17
 8.93928E-17
 8.96835E-17
 9.01074E-17
 9.07009E-17
 8.98648E-17
 1.11170E-07
 4.15396E-01
 4.92898E-01
 4.98981E-01
 4.99806E-01
 4.99917E-01
 4.99932E-01
 4.99934E-01
 4.99934E-01
 4.99934E-01
 4.99935E-01
 4.99935E-01
 4.99935E-01
 4.99935E-01
 4.99935E-01
 4.99936E-01
 4.99936E-01
 4.99936E-01
 4.99936E-01
 4.99936E-01
 4.99936E-01
 4.99937E-01
 4.99937E-01
 4.99937E-01
 4.99937E-01
 4.99937E-01
 4.99937E-01
 4.99937E-01
 4.99937E-01
 4.99938E-01
 4.99938E-01
 4.99938E-01
 4.99938E-01
 4.99938E-01
 4.99938E-01
 4.99938E-01
 4.99938E-01
 4.99938E-01
 4.99938E-01
 4.99938E-01
 4.99938E-01
 4.99939E-01
 4.99939E-01
 4.99939E-01
 4.99939E-01
 4.99939E-01
 4.99939E-01
 4.99939E-01
 4.99939E-01
 4.99939E-01
 4.99939E-01
 4.99939E-01
 4.99939E-01
 4.99939E-01
 4.99939E-01
 4.99939E-01
 4.99939E-01
 4.99939E-01
 4.99939E-01
 4.99939E-01
 4.99939E-01
 4.99939E-01
 4.99939E-01
 4.99939E-01
 4.99939E-01
 4.99939E-01
 4.99939E-01
 4.99939E-01
 4.99939E-01
 4.99939E-01
 4.99939E-01
 4.99939E-01
 4.99939E-01
 4.99939E-01
 4.99939E-01
 4.99940E-01
 4.99940E-01
 4.99940E-01
 4.99940E-01
 8.96964E-17
 9.07812E-17
 8.94770E-17
 8.91283E-17
 9.08212E-17
 9.07114E-17
 9.11363E-17
 9.12053E-17
 9.10542E-17
 9.09402E-17
 8.92998E-17
 9.14022E-17
 9.13843E-17
 8.94962E-17
 8.87841E-17
 9.14254E-17
 9.14287E-17
 9.10267E-17
 8.96152E-17
 8.93904E-17
 8.93523E-17
 8.94806E-17
 8.95912E-17
 8.92714E-17
 9.04754E-17
 8.91681E-17
 9.10115E-17
 8.97453E-17
 9.06311E-17
 8.93320E-17
 9.00599E-17
 8.92805E-17
 8.92924E-17
 8.95725E-17
 8.97561E-17
 9.01807E-17
 9.07488E-17
 9.01369E-17
 9.14270E-17
 9.10568E-17
 1.77437E-11
 2.66807E-01
 4.86468E-01
 4.98164E-01
 4.99694E-01
 4.99902E-01
 4.99930E-01
 4.99933E-01
 4.99934E-01
 4.99934E-01
 4.99935E-01
 4.99935E-01
 4.99935E-01
 4.99935E-01
 4.99935E-01
 4.99936E-01
 4.99936E-01
 4.99936E-01
 4.99936E-01
 4.99936E-01
 4.99936E-01
 4.99937E-01
 4.99937E-01
 4.99937E-01
 4.99937E-01
 4.99937E-01
 4.99937E-01
 4.99937E-01
 4.99937E-01
 4.99938E-01
 4.99938E-01
 4.99938E-01
 4.99938E-01
 4.99938E-01
 4.99938E-01
 4.99938E-01
 4.99938E-01
 4.99938E-01
 4.99938E-01
 4.99938E-01
 4.99938E-01
 4.99939E-01
 4.99939E-01
 4.99939E-01
 4.99939E-01
 4.99939E-01
 4.99939E-01
 4.99939E-01
 4.99939E-01
 4.99939E-01
 4.99939E-01
 4.99939E-01
 4.99939E-01
 4.99939E-01
 4.99939E-01
 4.99939E-01
 4.99939E-01
 4.99939E-01
 4.99939E-01
 4.99939E-01
 4.99939E-01
 4.99939E-01
 4.99939E-01
 4.99939E-01
 4.99939E-01
 4.99939E-01
 4.99939E-01
 4.99939E-01
 4.99939E-01
 4.99940E-01
 4.99940E-01
 4.99940E-01
 4.99940E-01
 4.99940E-01
 4.99940E-01
 4.99940E-01
 4.99940E-01
 4.99940E-01
 4.99940E-01
 4.99940E-01
 9.12447E-17
 9.04570E-17
 8.86586E-17
 9.06580E-17
 9.12888E-17
 9.00386E-17
 9.03265E-17
 8.93762E-17
 9.13819E-17
 9.10152E-17
 8.94736E-17
 9.04802E-17
 9.12465E-17
 9.07364E-17
 8.93241E-17
 9.02390E-17
 8.97536E-17
 8.93341E-17
 9.03509E-17
 9.14605E-17
 9.09300E-17
 8.90989E-17
 8.93909E-17
 9.06992E-17
 9.08720E-17
 9.01462E-17
 9.04474E-17
 9.02806E-17
 9.10210E-17
 8.97985E-17
 8.99688E-17
 8.98675E-17
 9.14790E-17
 9.02594E-17
 9.12186E-17
 8.96464E-17
 8.96409E-17
 8.99844E-17
 9.05883E-17
 6.21225E-15
 2.00575E-02
 4.76077E-01
 4.96770E-01
 4.99500E-01
 4.99876E-01
 4.99926E-01
 4.99933E-01
 4.99934E-01
 4.99934E-01
 4.99935E-01
 4.99935E-01
 4.99935E-01
 4.99935E-01
 4.99935E-01
 4.99936E-01
 4.99936E-01
 4.99936E-01
 4.99936E-01
 4.99936E-01
 4.99936E-01
 4.99937E-01
 4.99937E-01
 4.99937E-01
 4.99937E-01
 4.99937E-01
 4.99937E-01
 4.99937E-01
 4.99938E-01
 4.99938E-01
 4.99938E-01
 4.99938E-01
 4.99938E-01
 4.99938E-01
 4.99938E-01
 4.99938E-01
 4.99938E-01
 4.99938E-01
 4.99938E-01
 4.99938E-01
 4.99939E-01
 4.99939E-01
 4.99939E-01
 4.99939E-01
 4.99939E-01
 4.99939E-01
 4.99939E-01
 4.99939E-01
 4.99939E-01
 4.99939E-01
 4.99939E-01
 4.99939E-01
 4.99939E-01
 4.99939E-01
 4.99939E-01
 4.99939E-01
 4.99939E-01
 4.99939E-01
 4.99939E-01
 4.99939E-01
 4.99939E-01
 4.99939E-01
 4.99939E-01
 4.99939E-01
 4.99939E-01
 4.99939E-01
 4.99940E-01
 4.99940E-01
 4.99940E-01
 4.99940E-01
 4.99940E-01
 4.99940E-01
 4.99940E-01
 4.99940E-01
 4.99940E-01
 4.99940E-01
 4.99940E-01
 4.99940E-01
 4.99940E-01
 4.99940E-01
 4.99940E-01
 8.94321E-17
 9.08716E-17
 9.12092E-17
 9.08095E-17
 8.89236E-17
 9.10337E-17
 9.06859E-17
 9.01112E-17
 9.13505E-17
 8.91938E-17
 9.13535E-17
 9.03972E-17
 8.90938E-17
 9.10985E-17
 8.94827E-17
 8.93288E-17
 8.90548E-17
 8.94762E-17
 9.14257E-17
 9.07005E-17
 8.89988E-17
 9.01474E-17
 8.95187E-17
 9.07907E-17
 9.10906E-17
 9.11698E-17
 8.98790E-17
 8.93411E-17
 8.93030E-17
 9.01249E-17
 8.94357E-17
 9.13695E-17
 9.10494E-17
 9.02376E-17
 9.05177E-17
 9.01471E-17
 9.02776E-17
 8.99406E-17
 9.12433E-17
 1.05013E-05
 4.52022E-01
 4.94511E-01
 4.99179E-01
 4.99831E-01
 4.99920E-01
 4.99932E-01
 4.99934E-01
 4.99934E-01
 4.99935E-01
 4.99935E-01
 4.99935E-01
 4.99935E-01
 4.99935E-01
 4.99936E-01
 4.99936E-01
 4.99936E-01
 4.99936E-01
 4.99936E-01
 4.99936E-01
 4.99937E-01
 4.99937E-01
 4.99937E-01
 4.99937E-01
 4.99937E-01
 4.99937E-01
 4.99937E-01
 4.99938E-01
 4.99938E-01
 4.99938E-01
 4.99938E-01
 4.99938E-01
 4.99938E-01
 4.99938E-01
 4.99938E-01
 4.99938E-01
 4.99938E-01
 4.99938E-01
 4.99938E-01
 4.99939E-01
 4.99939E-01
 4.99939E-01
 4.99939E-01
 4.99939E-01
 4.99939E-01
 4.99939E-01
 4.99939E-01
 4.99939E-01
 4.99939E-01
 4.99939E-01
 4.99939E-01
 4.99939E-01
 4.99939E-01
 4.99939E-01
 4.99939E-01
 4.99939E-01
 4.99939E-01
 4.99939E-01
 4.99939E-01
 4.99939E-01
 4.99939E-01
 4.99939E-01
 4.99939E-01
 4.99940E-01
 4.99940E-01
 4.99940E-01
 4.99940E-01
 4.99940E-01
 4.99940E-01
 4.99940E-01
 4.99940E-01
 4.99940E-01
 4.99940E-01
 4.99940E-01
 4.99940E-01
 4.99940E-01
 4.99940E-01
 4.99940E-01
 4.99940E-01
 4.99940E-01
 4.99940E-01
 9.02264E-17
 8.96191E-17
 8.93847E-17
 9.08164E-17
 9.02859E-17
 8.94448E-17
 8.92693E-17
 8.88972E-17
 9.00177E-17
 8.90548E-17
 9.03664E-17
 9.03757E-17
 8.99557E-17
 8.95030E-17
 8.94570E-17
 8.93426E-17
 9.03757E-17
 9.14572E-17
 8.89799E-17
 8.98125E-17
 8.93821E-17
 9.12898E-17
 9.03864E-17
 8.93414E-17
 9.14536E-17
 9.10236E-17
 9.08509E-17
 9.08220E-17
 9.14283E-17
 8.97744E-17
 8.99772E-17
 8.99627E-17
 9.13220E-17
 8.94932E-17
 8.99146E-17
 9.07197E-17
 9.10204E-17
 9.01337E-17
 1.23691E-08
 3.61471E-01
 4.90726E-01
 4.98668E-01
 4.99759E-01
 4.99910E-01
 4.99931E-01
 4.99934E-01
 4.99934E-01
 4.99935E-01
 4.99935E-01
 4.99935E-01
 4.99935E-01
 4.99935E-01
 4.99936E-01
 4.99936E-01
 4.99936E-01
 4.99936E-01
 4.99936E-01
 4.99937E-01
 4.99937E-01
 4.99937E-01
 4.99937E-01
 4.99937E-01
 4.99937E-01
 4.99937E-01
 4.99937E-01
 4.99938E-01
 4.99938E-01
 4.99938E-01
 4.99938E-01
 4.99938E-01
 4.99938E-01
 4.99938E-01
 4.99938E-01
 4.99938E-01
 4.99938E-01
 4.99938E-01
 4.99939E-01
 4.99939E-01
 4.99939E-01
 4.99939E-01
 4.99939E-01
 4.99939E-01
 4.99939E-01
 4.99939E-01
 4.99939E-01
 4.99939E-01
 4.99939E-01
 4.99939E-01
 4.99939E-01
 4.99939E-01
 4.99939E-01
 4.99939E-01
 4.99939E-01
 4.99939E-01
 4.99939E-01
 4.99939E-01
 4.99939E-01
 4.99939E-01
 4.99939E-01
 4.99940E-01
 4.99940E-01
 4.99940E-01
 4.99940E-01
 4.99940E-01
 4.99940E-01
 4.99940E-01
 4.99940E-01
 4.99940E-01
 4.99940E-01
 4.99940E-01
 4.99940E-01
 4.99940E-01
 4.99940E-01
 4.99940E-01
 4.99940E-01
 4.99940E-01
 4.99940E-01
 4.99940E-01
 4.99940E-01
 4.99940E-01
 8.88911E-17
 9.02038E-17
 9.02603E-17
 9.07880E-17
 9.04619E-17
 9.08318E-17
 9.04573E-17
 8.88418E-17
 8.94880E-17
 9.02118E-17
 9.11678E-17
 8.91734E-17
 9.12144E-17
 9.02254E-17
 9.01904E-17
 9.06587E-17
 8.95688E-17
 8.96850E-17
 8.91624E-17
 9.08572E-17
 9.01218E-17
 9.13507E-17
 9.08221E-17
 8.94948E-17
 9.07138E-17
 8.99803E-17
 8.95242E-17
 9.10726E-17
 8.95164E-17
 9.07374E-17
 9.06666E-17
 9.10242E-17
 9.02773E-17
 9.02951E-17
 9.14171E-17
 9.09110E-17
 9.11906E-17
 3.05750E-11
 2.39172E-01
 4.84479E-01
 4.97885E-01
 4.99647E-01
 4.99895E-01
 4.99929E-01
 4.99934E-01
 4.99934E-01
 4.99935E-01
 4.99935E-01
 4.99935E-01
 4.99935E-01
 4.99935E-01
 4.99936E-01
 4.99936E-01
 4.99936E-01
 4.99936E-01
 4.99936E-01
 4.99937E-01
 4.99937E-01
 4.99937E-01
 4.99937E-01
 4.99937E-01
 4.99937E-01
 4.99937E-01
 4.99937E-01
 4.99938E-01
 4.99938E-01
 4.99938E-01
 4.99938E-01
 4.99938E-01
 4.99938E-01
 4.99938E-01
 4.99938E-01
 4.99938E-01
 4.99938E-01
 4.99938E-01
 4.99939E-01
 4.99939E-01
 4.99939E-01
 4.99939E-01
 4.99939E-01
 4.99939E-01
 4.99939E-01
 4.99939E-01
 4.99939E-01
 4.99939E-01
 4.99939E-01
 4.99939E-01
 4.99939E-01
 4.99939E-01
 4.99939E-01
 4.99939E-01
 4.99939E-01
 4.99939E-01
 4.99939E-01
 4.99939E-01
 4.99939E-01
 4.99940E-01
 4.99940E-01
 4.99940E-01
 4.99940E-01
 4.99940E-01
 4.99940E-01
 4.99940E-01
 4.99940E-01
 4.99940E-01
 4.99940E-01
 4.99940E-01
 4.99940E-01
 4.99940E-01
 4.99940E-01
 4.99940E-01
 4.99940E-01
 4.99940E-01
 4.99940E-01
 4.99940E-01
 4.99940E-01
 4.99940E-01
 4.99940E-01
 4.99940E-01
 4.99940E-01
 9.02283E-17
 9.01020E-17
 9.09903E-17
 9.12549E-17
 9.09766E-17
 9.14162E-17
 9.08763E-17
 9.09246E-17
 8.94562E-17
 9.09367E-17
 8.99845E-17
 8.98947E-17
 9.09243E-17
 9.08286E-17
 8.98787E-17
 9.05412E-17
 8.97199E-17
 8.91485E-17
 9.09029E-17
 8.97148E-17
 9.01980E-17
 8.92000E-17
 9.10391E-17
 9.01393E-17
 8.94202E-17
 9.09255E-17
 9.05531E-17
 9.02682E-17
 9.10327E-17
 9.11874E-17
 9.07087E-17
 9.03248E-17
 9.04781E-17
 8.98328E-17
 8.99815E-17
 8.97642E-17
 1.58899E-13
 6.75975E-02
 4.76708E-01
 4.96732E-01
 4.99480E-01
 4.99871E-01
 4.99926E-01
 4.99933E-01
 4.99934E-01
 4.99935E-01
 4.99935E-01
 4.99935E-01
 4.99935E-01
 4.99936E-01
 4.99936E-01
 4.99936E-01
 4.99936E-01
 4.99936E-01
 4.99936E-01
 4.99937E-01
 4.99937E-01
 4.99937E-01
 4.99937E-01
 4.99937E-01
 4.99937E-01
 4.99937E-01
 4.99938E-01
 4.99938E-01
 4.99938E-01
 4.99938E-01
 4.99938E-01
 4.99938E-01
 4.99938E-01
 4.99938E-01
 4.99938E-01
 4.99938E-01
 4.99938E-01
 4.99939E-01
 4.99939E-01
 4.99939E-01
 4.99939E-01
 4.99939E-01
 4.99939E-01
 4.99939E-01
 4.99939E-01
 4.99939E-01
 4.99939E-01
 4.99939E-01
 4.99939E-01
 4.99939E-01
 4.99939E-01
 4.99939E-01
 4.99939E-01
 4.99939E-01
 4.99939E-01
 4.99939E-01
 4.99939E-01
 4.99940E-01
 4.99940E-01
 4.99940E-01
 4.99940E-01
 4.99940E-01
 4.99940E-01
 4.99940E-01
 4.99940E-01
 4.99940E-01
 4.99940E-01
 4.99940E-01
 4.99940E-01
 4.99940E-01
 4.99940E-01
 4.99940E-01
 4.99940E-01
 4.99940E-01
 4.99940E-01
 4.99940E-01
 4.99940E-01
 4.99940E-01
 4.99940E-01
 4.99940E-01
 4.99940E-01
 4.99940E-01
 4.99940E-01
 4.99940E-01
 8.94532E-17
 9.01044E-17
 8.95085E-17
 9.01347E-17
 9.00972E-17
 9.04781E-17
 9.14735E-17
 9.10092E-17
 8.95253E-17
 8.88696E-17
 8.92035E-17
 9.06275E-17
 9.12425E-17
 9.13493E-17
 9.04618E-17
 8.90119E-17
 9.08761E-17
 8.95559E-17
 8.97724E-17
 9.13992E-17
 9.08788E-17
 9.01300E-17
 8.99850E-17
 9.09254E-17
 8.99052E-17
 9.05260E-17
 9.00028E-17
 9.01901E-17
 9.00852E-17
 9.02578E-17
 8.99214E-17
 9.08214E-17
 9.10073E-17
 9.00256E-17
 9.12439E-17
 1.78513E-15
 5.40649E-04
 4.65765E-01
 4.95168E-01
 4.99242E-01
 4.99836E-01
 4.99921E-01
 4.99932E-01
 4.99934E-01
 4.99935E-01
 4.99935E-01
 4.99935E-01
 4.99935E-01
 4.99936E-01
 4.99936E-01
 4.99936E-01
 4.99936E-01
 4.99936E-01
 4.99936E-01
 4.99937E-01
 4.99937E-01
 4.99937E-01
 4.99937E-01
 4.99937E-01
 4.99937E-01
 4.99937E-01
 4.99938E-01
 4.99938E-01
 4.99938E-01
 4.99938E-01
 4.99938E-01
 4.99938E-01
 4.99938E-01
 4.99938E-01
 4.99938E-01
 4.99938E-01
 4.99939E-01
 4.99939E-01
 4.99939E-01
 4.99939E-01
 4.99939E-01
 4.99939E-01
 4.99939E-01
 4.99939E-01
 4.99939E-01
 4.99939E-01
 4.99939E-01
 4.99939E-01
 4.99939E-01
 4.99939E-01
 4.99939E-01
 4.99939E-01
 4.99939E-01
 4.99939E-01
 4.99939E-01
 4.99939E-01
 4.99940E-01
 4.99940E-01
 4.99940E-01
 4.99940E-01
 4.99940E-01
 4.99940E-01
 4.99940E-01
 4.99940E-01
 4.99940E-01
 4.99940E-01
 4.99940E-01
 4.99940E-01
 4.99940E-01
 4.99940E-01
 4.99940E-01
 4.99940E-01
 4.99940E-01
 4.99940E-01
 4.99940E-01
 4.99940E-01
 4.99940E-01
 4.99940E-01
 4.99940E-01
 4.99940E-01
 4.99940E-01
 4.99940E-01
 4.99940E-01
 4.99940E-01
 4.99940E-01
 9.07884E-17
 9.00885E-17
 8.98918E-17
 9.11613E-17
 9.06451E-17
 8.92439E-17
 9.07447E-17
 9.14415E-17
 9.06851E-17
 9.07308E-17
 9.09016E-17
 9.07238E-17
 8.95372E-17
 9.10025E-17
 8.91676E-17
 8.95642E-17
 9.09126E-17
 9.01736E-17
 8.95997E-17
 8.98393E-17
 9.01924E-17
 9.11506E-17
 9.09815E-17
 8.98564E-17
 9.05838E-17
 9.13317E-17
 8.97376E-17
 9.04603E-17
 8.93732E-17
 8.95916E-17
 9.11503E-17
 9.14608E-17
 9.04334E-17
 8.96466E-17
 9.03356E-17
 7.63332E-06
 4.24735E-01
 4.93178E-01
 4.98919E-01
 4.99788E-01
 4.99914E-01
 4.99932E-01
 4.99934E-01
 4.99935E-01
 4.99935E-01
 4.99935E-01
 4.99935E-01
 4.99936E-01
 4.99936E-01
 4.99936E-01
 4.99936E-01
 4.99936E-01
 4.99936E-01
 4.99937E-01
 4.99937E-01
 4.99937E-01
 4.99937E-01
 4.99937E-01
 4.99937E-01
 4.99937E-01
 4.99938E-01
 4.99938E-01
 4.99938E-01
 4.99938E-01
 4.99938E-01
 4.99938E-01
 4.99938E-01
 4.99938E-01
 4.99938E-01
 4.99938E-01
 4.99939E-01
 4.99939E-01
 4.99939E-01
 4.99939E-01
 4.99939E-01
 4.99939E-01
 4.99939E-01
 4.99939E-01
 4.99939E-01
 4.99939E-01
 4.99939E-01
 4.99939E-01
 4.99939E-01
 4.99939E-01
 4.99939E-01
 4.99939E-01
 4.99939E-01
 4.99939E-01
 4.99940E-01
 4.99940E-01
 4.99940E-01
 4.99940E-01
 4.99940E-01
 4.99940E-01
 4.99940E-01
 4.99940E-01
 4.99940E-01
 4.99940E-01
 4.99940E-01
 4.99940E-01
 4.99940E-01
 4.99940E-01
 4.99940E-01
 4.99940E-01
 4.99940E-01
 4.99940E-01
 4.99940E-01
 4.99940E-01
 4.99940E-01
 4.99940E-01
 4.99940E-01
 4.99940E-01
 4.99940E-01
 4.99940E-01
 4.99940E-01
 4.99940E-01
 4.99940E-01
 4.99940E-01
 4.99940E-01
 4.99940E-01
 9.09001E-17
 9.06139E-17
 9.05676E-17
 8.91586E-17
 8.97045E-17
 9.09987E-17
 9.02452E-17
 8.96963E-17
 9.10712E-17
 8.90265E-17
 8.89626E-17
 9.14164E-17
 9.03023E-17
 8.99887E-17
 8.89889E-17
 9.03376E-17
 9.02157E-17
 8.97907E-17
 8.93457E-17
 8.91491E-17
 9.12275E-17
 9.08263E-17
 9.03767E-17
 9.13336E-17
 8.99663E-17
 9.14709E-17
 8.95101E-17
 9.06961E-17
 9.06953E-17
 9.01759E-17
 9.04285E-17
 9.08579E-17
 9.08498E-17
 8.98054E-17
 2.12365E-07
 3.68605E-01
 4.90375E-01
 4.98509E-01
 4.99723E-01
 4.99904E-01
 4.99930E-01
 4.99934E-01
 4.99935E-01
 4.99935E-01
 4.99935E-01
 4.99935E-01
 4.99936E-01
 4.99936E-01
 4.99936E-01
 4.99936E-01
 4.99936E-01
 4.99937E-01
 4.99937E-01
 4.99937E-01
 4.99937E-01
 4.99937E-01
 4.99937E-01
 4.99937E-01
 4.99938E-01
 4.99938E-01
 4.99938E-01
 4.99938E-01
 4.99938E-01
 4.99938E-01
 4.99938E-01
 4.99938E-01
 4.99938E-01
 4.99938E-01
 4.99939E-01
 4.99939E-01
 4.99939E-01
 4.99939E-01
 4.99939E-01
 4.99939E-01
 4.99939E-01
 4.99939E-01
 4.99939E-01
 4.99939E-01
 4.99939E-01
 4.99939E-01
 4.99939E-01
 4.99939E-01
 4.99939E-01
 4.99939E-01
 4.99939E-01
 4.99939E-01
 4.99940E-01
 4.99940E-01
 4.99940E-01
 4.99940E-01
 4.99940E-01
 4.99940E-01
 4.99940E-01
 4.99940E-01
 4.99940E-01
 4.99940E-01
 4.99940E-01
 4.99940E-01
 4.99940E-01
 4.99940E-01
 4.99940E-01
 4.99940E-01
 4.99940E-01
 4.99940E-01
 4.99940E-01
 4.99940E-01
 4.99940E-01
 4.99940E-01
 4.99940E-01
 4.99940E-01
 4.99940E-01
 4.99940E-01
 4.99940E-01
 4.99940E-01
 4.99940E-01
 4.99940E-01
 4.99940E-01
 4.99940E-01
 4.99940E-01
 4.99940E-01
 8.89130E-17
 9.08430E-17
 9.06677E-17
 9.00183E-17
 8.94828E-17
 8.98539E-17
 9.00949E-17
 9.10233E-17
 9.04936E-17
 9.13677E-17
 9.00427E-17
 9.00209E-17
 9.05864E-17
 9.10695E-17
 9.09995E-17
 8.92427E-17
 8.95103E-17
 9.11191E-17
 9.00151E-17
 9.11013E-17
 8.94433E-17
 8.95875E-17
 9.02258E-17
 9.00072E-17
 8.94700E-17
 9.10861E-17
 9.03180E-17
 8.95927E-17
 9.03888E-17
 9.02919E-17
 9.06184E-17
 8.96871E-17
 9.01479E-17
 1.13524E-08
 3.11253E-01
 4.86531E-01
 4.98007E-01
 4.99640E-01
 4.99891E-01
 4.99928E-01
 4.99934E-01
 4.99935E-01
 4.99935E-01
 4.99935E-01
 4.99935E-01
 4.99936E-01
 4.99936E-01
 4.99936E-01
 4.99936E-01
 4.99936E-01
 4.99937E-01
 4.99937E-01
 4.99937E-01
 4.99937E-01
 4.99937E-01
 4.99937E-01
 4.99937E-01
 4.99938E-01
 4.99938E-01
 4.99938E-01
 4.99938E-01
 4.99938E-01
 4.99938E-01
 4.99938E-01
 4.99938E-01
 4.99938E-01
 4.99939E-01
 4.99939E-01
 4.99939E-01
 4.99939E-01
 4.99939E-01
 4.99939E-01
 4.99939E-01
 4.99939E-01
 4.99939E-01
 4.99939E-01
 4.99939E-01
 4.99939E-01
 4.99939E-01
 4.99939E-01
 4.99939E-01
 4.99939E-01
 4.99939E-01
 4.99940E-01
 4.99940E-01
 4.99940E-01
 4.99940E-01
 4.99940E-01
 4.99940E-01
 4.99940E-01
 4.99940E-01
 4.99940E-01
 4.99940E-01
 4.99940E-01
 4.99940E-01
 4.99940E-01
 4.99940E-01
 4.99940E-01
 4.99940E-01
 4.99940E-01
 4.99940E-01
 4.99940E-01
 4.99940E-01
 4.99940E-01
 4.99940E-01
 4.99940E-01
 4.99940E-01
 4.99940E-01
 4.99940E-01
 4.99940E-01
 4.99940E-01
 4.99940E-01
 4.99940E-01
 4.99940E-01
 4.99940E-01
 4.99940E-01
 4.99940E-01
 4.99940E-01
 4.99940E-01
 4.99940E-01
 9.07564E-17
 8.95011E-17
 9.07989E-17
 9.07616E-17
 9.09304E-17
 9.11816E-17
 8.97420E-17
 9.10548E-17
 9.13089E-17
 9.09106E-17
 9.12245E-17
 9.03806E-17
 8.99180E-17
 9.14164E-17
 9.08765E-17
 8.93268E-17
 8.98619E-17
 8.98603E-17
 9.10560E-17
 8.95210E-17
 8.99891E-17
 9.09432E-17
 9.10978E-17
 9.10860E-17
 8.96591E-17
 9.06574E-17
 9.13130E-17
 9.02873E-17
 8.96325E-17
 9.11953E-17
 9.07281E-17
 9.08239E-17
 1.13443E-09
 2.54181E-01
 4.82567E-01
 4.97401E-01
 4.99541E-01
 4.99875E-01
 4.99926E-01
 4.99933E-01
 4.99935E-01
 4.99935E-01
 4.99935E-01
 4.99936E-01
 4.99936E-01
 4.99936E-01
 4.99936E-01
 4.99936E-01
 4.99936E-01
 4.99937E-01
 4.99937E-01
 4.99937E-01
 4.99937E-01
 4.99937E-01
 4.99937E-01
 4.99938E-01
 4.99938E-01
 4.99938E-01
 4.99938E-01
 4.99938E-01
 4.99938E-01
 4.99938E-01
 4.99938E-01
 4.99938E-01
 4.99938E-01
 4.99939E-01
 4.99939E-01
 4.99939E-01
 4.99939E-01
 4.99939E-01
 4.99939E-01
 4.99939E-01
 4.99939E-01
 4.99939E-01
 4.99939E-01
 4.99939E-01
 4.99939E-01
 4.99939E-01
 4.99939E-01
 4.99939E-01
 4.99939E-01
 4.99940E-01
 4.99940E-01
 4.99940E-01
 4.99940E-01
 4.99940E-01
 4.99940E-01
 4.99940E-01
 4.99940E-01
 4.99940E-01
 4.99940E-01
 4.99940E-01
 4.99940E-01
 4.99940E-01
 4.99940E-01
 4.99940E-01
 4.99940E-01
 4.99940E-01
 4.99940E-01
 4.99940E-01
 4.99940E-01
 4.99940E-01
 4.99940E-01
 4.99940E-01
 4.99940E-01
 4.99940E-01
 4.99940E-01
 4.99940E-01
 4.99940E-01
 4.99940E-01
 4.99940E-01
 4.99940E-01
 4.99940E-01
 4.99940E-01
 4.99940E-01
 4.99940E-01
 4.99940E-01
 4.99940E-01
 4.99940E-01
 4.99940E-01
 9.08276E-17
 8.98403E-17
 9.02210E-17
 9.03269E-17
 9.12104E-17
 8.94786E-17
 8.96888E-17
 8.89250E-17
 9.09391E-17
 9.10772E-17
 8.89505E-17
 8.94405E-17
 9.10504E-17
 8.94565E-17
 9.06316E-17
 8.95314E-17
 8.97285E-17
 9.09582E-17
 8.95313E-17
 9.07150E-17
 9.08869E-17
 9.13090E-17
 9.03369E-17
 9.02639E-17
 8.94730E-17
 9.05750E-17
 8.98140E-17
 9.03642E-17
 9.11976E-17
 8.96782E-17
 9.02146E-17
 2.06783E-10
 2.00309E-01
 4.78987E-01
 4.96725E-01
 4.99428E-01
 4.99856E-01
 4.99923E-01
 4.99933E-01
 4.99935E-01
 4.99935E-01
 4.99935E-01
 4.99936E-01
 4.99936E-01
 4.99936E-01
 4.99936E-01
 4.99936E-01
 4.99937E-01
 4.99937E-01
 4.99937E-01
 4.99937E-01
 4.99937E-01
 4.99937E-01
 4.99937E-01
 4.99938E-01
 4.99938E-01
 4.99938E-01
 4.99938E-01
 4.99938E-01
 4.99938E-01
 4.99938E-01
 4.99938E-01
 4.99938E-01
 4.99939E-01
 4.99939E-01
 4.99939E-01
 4.99939E-01
 4.99939E-01
 4.99939E-01
 4.99939E-01
 4.99939E-01
 4.99939E-01
 4.99939E-01
 4.99939E-01
 4.99939E-01
 4.99939E-01
 4.99939E-01
 4.99939E-01
 4.99940E-01
 4.99940E-01
 4.99940E-01
 4.99940E-01
 4.99940E-01
 4.99940E-01
 4.99940E-01
 4.99940E-01
 4.99940E-01
 4.99940E-01
 4.99940E-01
 4.99940E-01
 4.99940E-01
 4.99940E-01
 4.99940E-01
 4.99940E-01
 4.99940E-01
 4.99940E-01
 4.99940E-01
 4.99940E-01
 4.99940E-01
 4.99940E-01
 4.99940E-01
 4.99940E-01
 4.99940E-01
 4.99940E-01
 4.99940E-01
 4.99940E-01
 4.99940E-01
 4.99940E-01
 4.99940E-01
 4.99940E-01
 4.99940E-01
 4.99940E-01
 4.99940E-01
 4.99940E-01
 4.99940E-01
 4.99940E-01
 4.99940E-01
 4.99940E-01
 4.99940E-01
 4.99940E-01
 9.10863E-17
 9.09718E-17
 9.04044E-17
 9.00157E-17
 9.13658E-17
 8.90971E-17
 8.96923E-17
 9.03094E-17
 8.95521E-17
 8.96456E-17
 9.13973E-17
 9.01027E-17
 9.08220E-17
 8.98764E-17
 9.05867E-17
 9.09287E-17
 8.92701E-17
 9.02893E-17
 8.97151E-17
 9.04062E-17
 9.05107E-17
 9.01313E-17
 9.12347E-17
 9.11053E-17
 8.94194E-17
 9.01803E-17
 9.13296E-17
 8.95209E-17
 9.10485E-17
 7.61974E-16
 6.68365E-11
 1.53685E-01
 4.76022E-01
 4.96049E-01
 4.99303E-01
 4.99835E-01
 4.99920E-01
 4.99933E-01
 4.99935E-01
 4.99935E-01
 4.99935E-01
 4.99936E-01
 4.99936E-01
 4.99936E-01
 4.99936E-01
 4.99936E-01
 4.99937E-01
 4.99937E-01
 4.99937E-01
 4.99937E-01
 4.99937E-01
 4.99937E-01
 4.99938E-01
 4.99938E-01
 4.99938E-01
 4.99938E-01
 4.99938E-01
 4.99938E-01
 4.99938E-01
 4.99938E-01
 4.99938E-01
 4.99939E-01
 4.99939E-01
 4.99939E-01
 4.99939E-01
 4.99939E-01
 4.99939E-01
 4.99939E-01
 4.99939E-01
 4.99939E-01
 4.99939E-01
 4.99939E-01
 4.99939E-01
 4.99939E-01
 4.99939E-01
 4.99939E-01
 4.99940E-01
 4.99940E-01
 4.99940E-01
 4.99940E-01
 4.99940E-01
 4.99940E-01
 4.99940E-01
 4.99940E-01
 4.99940E-01
 4.99940E-01
 4.99940E-01
 4.99940E-01
 4.99940E-01
 4.99940E-01
 4.99940E-01
 4.99940E-01
 4.99940E-01
 4.99940E-01
 4.99940E-01
 4.99940E-01
 4.99940E-01
 4.99940E-01
 4.99940E-01
 4.99940E-01
 4.99940E-01
 4.99940E-01
 4.99940E-01
 4.99940E-01
 4.99940E-01
 4.99940E-01
 4.99940E-01
 4.99940E-01
 4.99940E-01
 4.99940E-01
 4.99940E-01
 4.99940E-01
 4.99940E-01
 4.99940E-01
 4.99940E-01
 4.99940E-01
 4.99940E-01
 4.99940E-01
 4.99940E-01
 4.99940E-01
 9.12531E-17
 8.89279E-17
 8.96441E-17
 8.96882E-17
 9.14662E-17
 9.10718E-17
 8.89653E-17
 8.96064E-17
 9.03726E-17
 8.95691E-17
 9.10775E-17
 9.02562E-17
 9.02709E-17
 8.90703E-17
 8.99545E-17
 8.96434E-17
 8.93527E-17
 8.95507E-17
 9.11389E-17
 9.01233E-17
 9.11811E-17
 9.02098E-17
 8.98636E-17
 6.37646E-16
 6.67507E-14
 8.09649E-12
 8.79882E-10
 8.60293E-08
 7.58112E-06
 6.02542E-04
 1.08790E-01
 4.73758E-01
 4.95436E-01
 4.99177E-01
 4.99811E-01
 4.99916E-01
 4.99932E-01
 4.99935E-01
 4.99935E-01
 4.99936E-01
 4.99936E-01
 4.99936E-01
 4.99936E-01
 4.99936E-01
 4.99937E-01
 4.99937E-01
 4.99937E-01
 4.99937E-01
 4.99937E-01
 4.99937E-01
 4.99937E-01
 4.99938E-01
 4.99938E-01
 4.99938E-01
 4.99938E-01
 4.99938E-01
 4.99938E-01
 4.99938E-01
 4.99938E-01
 4.99939E-01
 4.99939E-01
 4.99939E-01
 4.99939E-01
 4.99939E-01
 4.99939E-01
 4.99939E-01
 4.99939E-01
 4.99939E-01
 4.99939E-01
 4.99939E-01
 4.99939E-01
 4.99939E-01
 4.99939E-01
 4.99939E-01
 4.99940E-01
 4.99940E-01
 4.99940E-01
 4.99940E-01
 4.99940E-01
 4.99940E-01
 4.99940E-01
 4.99940E-01
 4.99940E-01
 4.99940E-01
 4.99940E-01
 4.99940E-01
 4.99940E-01
 4.99940E-01
 4.99940E-01
 4.99940E-01
 4.99940E-01
 4.99940E-01
 4.99940E-01
 4.99940E-01
 4.99940E-01
 4.99940E-01
 4.99940E-01
 4.99940E-01
 4.99940E-01
 4.99940E-01
 4.99940E-01
 4.99940E-01
 4.99940E-01
 4.99940E-01
 4.99940E-01
 4.99940E-01
 4.99940E-01
 4.99940E-01
 4.99940E-01
 4.99940E-01
 4.99940E-01
 4.99940E-01
 4.99940E-01
 4.99940E-01
 4.99940E-01
 4.99940E-01
 4.99940E-01
 4.99940E-01
 4.99940E-01
 4.99940E-01
 8.89122E-17
 9.12159E-17
 9.00024E-17
 8.95030E-17
 8.89498E-17
 8.93731E-17
 9.02509E-17
 9.05363E-17
 8.91128E-17
 9.02411E-17
 9.14124E-17
 9.12863E-17
 8.97165E-17
 9.13420E-17
 8.98882E-17
 8.94466E-17
 9.00424E-17
 9.08209E-17
 9.07091E-17
 9.05228E-17
 9.13356E-17
 4.29952E-15
 2.26659E-13
 1.10788E-11
 5.09136E-10
 2.20443E-08
 9.00404E-07
 3.47138E-05
 1.26264E-03
 7.52591E-02
 4.72026E-01
 4.94929E-01
 4.99058E-01
 4.99788E-01
 4.99911E-01
 4.99931E-01
 4.99935E-01
 4.99935E-01
 4.99936E-01
 4.99936E-01
 4.99936E-01
 4.99936E-01
 4.99936E-01
 4.99937E-01
 4.99937E-01
 4.99937E-01
 4.99937E-01
 4.99937E-01
 4.99937E-01
 4.99938E-01
 4.99938E-01
 4.99938E-01
 4.99938E-01
 4.99938E-01
 4.99938E-01
 4.99938E-01
 4.99938E-01
 4.99938E-01
 4.99939E-01
 4.99939E-01
 4.99939E-01
 4.99939E-01
 4.99939E-01
 4.99939E-01
 4.99939E-01
 4.99939E-01
 4.99939E-01
 4.99939E-01
 4.99939E-01
 4.99939E-01
 4.99939E-01
 4.99940E-01
 4.99940E-01
 4.99940E-01
 4.99940E-01
 4.99940E-01
 4.99940E-01
 4.99940E-01
 4.99940E-01
 4.99940E-01
 4.99940E-01
 4.99940E-01
 4.99940E-01
 4.99940E-01
 4.99940E-01
 4.99940E-01
 4.99940E-01
 4.99940E-01
 4.99940E-01
 4.99940E-01
 4.99940E-01
 4.99940E-01
 4.99940E-01
 4.99940E-01
 4.99940E-01
 4.99940E-01
 4.99940E-01
 4.99940E-01
 4.99940E-01
 4.99940E-01
 4.99940E-01
 4.99940E-01
 4.99940E-01
 4.99940E-01
 4.99940E-01
 4.99940E-01
 4.99940E-01
 4.99940E-01
 4.99940E-01
 4.99940E-01
 4.99940E-01
 4.99940E-01
 4.99940E-01
 4.99940E-01
 4.99940E-01
 4.99940E-01
 4.99940E-01
 4.99940E-01
 4.99940E-01
 4.99940E-01
 9.08490E-17
 9.06341E-17
 8.89353E-17
 9.12231E-17
 9.00148E-17
 9.14590E-17
 9.11725E-17
 8.93751E-17
 8.92503E-17
 9.07739E-17
 8.92929E-17
 9.13612E-17
 8.96232E-17
 8.94267E-17
 9.14618E-17
 8.90459E-17
 8.93151E-17
 9.10041E-17
 9.12622E-17
 4.11581E-15
 1.42383E-13
 4.63439E-12
 1.42918E-10
 4.18578E-09
 1.16627E-07
 3.09539E-06
 7.83075E-05
 1.88669E-03
 6.02196E-02
 4.70678E-01
 4.94539E-01
 4.98955E-01
 4.99766E-01
 4.99907E-01
 4.99931E-01
 4.99935E-01
 4.99935E-01
 4.99936E-01
 4.99936E-01
 4.99936E-01
 4.99936E-01
 4.99937E-01
 4.99937E-01
 4.99937E-01
 4.99937E-01
 4.99937E-01
 4.99937E-01
 4.99937E-01
 4.99938E-01
 4.99938E-01
 4.99938E-01
 4.99938E-01
 4.99938E-01
 4.99938E-01
 4.99938E-01
 4.99938E-01
 4.99939E-01
 4.99939E-01
 4.99939E-01
 4.99939E-01
 4.99939E-01
 4.99939E-01
 4.99939E-01
 4.99939E-01
 4.99939E-01
 4.99939E-01
 4.99939E-01
 4.99939E-01
 4.99939E-01
 4.99940E-01
 4.99940E-01
 4.99940E-01
 4.99940E-01
 4.99940E-01
 4.99940E-01
 4.99940E-01
 4.99940E-01
 4.99940E-01
 4.99940E-01
 4.99940E-01
 4.99940E-01
 4.99940E-01
 4.99940E-01
 4.99940E-01
 4.99940E-01
 4.99940E-01
 4.99940E-01
 4.99940E-01
 4.99940E-01
 4.99940E-01
 4.99940E-01
 4.99940E-01
 4.99940E-01
 4.99940E-01
 4.99940E-01
 4.99940E-01
 4.99940E-01
 4.99940E-01
 4.99940E-01
 4.99940E-01
 4.99940E-01
 4.99940E-01
 4.99940E-01
 4.99940E-01
 4.99940E-01
 4.99940E-01
 4.99940E-01
 4.99940E-01
 4.99940E-01
 4.99940E-01
 4.99940E-01
 4.99940E-01
 4.99940E-01
 4.99940E-01
 4.99940E-01
 4.99940E-01
 4.99940E-01
 4.99940E-01
 4.99940E-01
 4.99940E-01
 8.97881E-17
 8.98808E-17
 9.00418E-17
 9.10348E-17
 9.02347E-17
 8.95994E-17
 9.11090E-17
 8.90060E-17
 9.02808E-17
 9.10382E-17
 9.03928E-17
 9.06762E-17
 9.06469E-17
 8.97166E-17
 9.11164E-17
 8.95417E-17
 8.99455E-17
 1.94523E-15
 5.33522E-14
 1.36743E-12
 3.32627E-11
 7.68670E-10
 1.69072E-08
 3.54559E-07
 7.09773E-06
 1.35730E-04
 2.47702E-03
 6.40285E-02
 4.69921E-01
 4.94253E-01
 4.98876E-01
 4.99746E-01
 4.99903E-01
 4.99930E-01
 4.99935E-01
 4.99936E-01
 4.99936E-01
 4.99936E-01
 4.99936E-01
 4.99936E-01
 4.99937E-01
 4.99937E-01
 4.99937E-01
 4.99937E-01
 4.99937E-01
 4.99937E-01
 4.99938E-01
 4.99938E-01
 4.99938E-01
 4.99938E-01
 4.99938E-01
 4.99938E-01
 4.99938E-01
 4.99938E-01
 4.99939E-01
 4.99939E-01
 4.99939E-01
 4.99939E-01
 4.99939E-01
 4.99939E-01
 4.99939E-01
 4.99939E-01
 4.99939E-01
 4.99939E-01
 4.99939E-01
 4.99939E-01
 4.99940E-01
 4.99940E-01
 4.99940E-01
 4.99940E-01
 4.99940E-01
 4.99940E-01
 4.99940E-01
 4.99940E-01
 4.99940E-01
 4.99940E-01
 4.99940E-01
 4.99940E-01
 4.99940E-01
 4.99940E-01
 4.99940E-01
 4.99940E-01
 4.99940E-01
 4.99940E-01
 4.99940E-01
 4.99940E-01
 4.99940E-01
 4.99940E-01
 4.99940E-01
 4.99940E-01
 4.99940E-01
 4.99940E-01
 4.99940E-01
 4.99940E-01
 4.99940E-01
 4.99940E-01
 4.99940E-01
 4.99940E-01
 4.99940E-01
 4.99940E-01
 4.99940E-01
 4.99940E-01
 4.99940E-01
 4.99941E-01
 4.99941E-01
 4.99941E-01
 4.99941E-01
 4.99941E-01
 4.99941E-01
 4.99941E-01
 4.99941E-01
 4.99941E-01
 4.99941E-01
 4.99941E-01
 4.99941E-01
 4.99941E-01
 4.99941E-01
 4.99941E-01
 4.99941E-01
 4.99941E-01
 9.13568E-17
 8.95410E-17
 8.98017E-17
 8.89903E-17
 9.05773E-17
 8.91723E-17
 9.01138E-17
 8.96671E-17
 8.93778E-17
 8.91883E-17
 9.06128E-17
 9.10486E-17
 8.89967E-17
 8.93382E-17
 8.93887E-17
 6.40583E-16
 1.52800E-14
 3.37144E-13
 7.04874E-12
 1.39757E-10
 2.63165E-09
 4.71500E-08
 8.05119E-07
 1.31198E-05
 2.04191E-04
 3.03149E-03
 8.50762E-02
 4.69793E-01
 4.94106E-01
 4.98820E-01
 4.99731E-01
 4.99899E-01
 4.99929E-01
 4.99935E-01
 4.99936E-01
 4.99936E-01
 4.99936E-01
 4.99936E-01
 4.99937E-01
 4.99937E-01
 4.99937E-01
 4.99937E-01
 4.99937E-01
 4.99937E-01
 4.99938E-01
 4.99938E-01
 4.99938E-01
 4.99938E-01
 4.99938E-01
 4.99938E-01
 4.99938E-01
 4.99938E-01
 4.99939E-01
 4.99939E-01
 4.99939E-01
 4.99939E-01
 4.99939E-01
 4.99939E-01
 4.99939E-01
 4.99939E-01
 4.99939E-01
 4.99939E-01
 4.99939E-01
 4.99939E-01
 4.99940E-01
 4.99940E-01
 4.99940E-01
 4.99940E-01
 4.99940E-01
 4.99940E-01
 4.99940E-01
 4.99940E-01
 4.99940E-01
 4.99940E-01
 4.99940E-01
 4.99940E-01
 4.99940E-01
 4.99940E-01
 4.99940E-01
 4.99940E-01
 4.99940E-01
 4.99940E-01
 4.99940E-01
 4.99940E-01
 4.99940E-01
 4.99940E-01
 4.99940E-01
 4.99940E-01
 4.99940E-01
 4.99940E-01
 4.99940E-01
 4.99940E-01
 4.99940E-01
 4.99940E-01
 4.99940E-01
 4.99941E-01
 4.99941E-01
 4.99941E-01
 4.99941E-01
 4.99941E-01
 4.99941E-01
 4.99941E-01
 4.99941E-01
 4.99941E-01
 4.99941E-01
 4.99941E-01
 4.99941E-01
 4.99941E-01
 4.99941E-01
 4.99941E-01
 4.99941E-01
 4.99941E-01
 4.99941E-01
 4.99941E-01
 4.99941E-01
 4.99941E-01
 4.99941E-01
 4.99941E-01
 4.99941E-01
 4.99941E-01
 8.93465E-17
 8.97112E-17
 8.91128E-17
 9.13193E-17
 9.09925E-17
 8.98357E-17
 9.06208E-17
 9.14320E-17
 8.91257E-17
 9.07645E-17
 8.96436E-17
 9.10097E-17
 9.11188E-17
 9.25267E-17
 3.75302E-15
 7.27649E-14
 1.38015E-12
 2.47832E-11
 4.21606E-10
 6.80345E-09
 1.04310E-07
 1.52199E-06
 2.11637E-05
 2.80716E-04
 3.54674E-03
 1.19549E-01
 4.70313E-01
 4.94107E-01
 4.98792E-01
 4.99721E-01
 4.99897E-01
 4.99929E-01
 4.99935E-01
 4.99936E-01
 4.99936E-01
 4.99936E-01
 4.99936E-01
 4.99937E-01
 4.99937E-01
 4.99937E-01
 4.99937E-01
 4.99937E-01
 4.99937E-01
 4.99938E-01
 4.99938E-01
 4.99938E-01
 4.99938E-01
 4.99938E-01
 4.99938E-01
 4.99938E-01
 4.99939E-01
 4.99939E-01
 4.99939E-01
 4.99939E-01
 4.99939E-01
 4.99939E-01
 4.99939E-01
 4.99939E-01
 4.99939E-01
 4.99939E-01
 4.99939E-01
 4.99940E-01
 4.99940E-01
 4.99940E-01
 4.99940E-01
 4.99940E-01
 4.99940E-01
 4.99940E-01
 4.99940E-01
 4.99940E-01
 4.99940E-01
 4.99940E-01
 4.99940E-01
 4.99940E-01
 4.99940E-01
 4.99940E-01
 4.99940E-01
 4.99940E-01
 4.99940E-01
 4.99940E-01
 4.99940E-01
 4.99940E-01
 4.99940E-01
 4.99940E-01
 4.99940E-01
 4.99940E-01
 4.99940E-01
 4.99940E-01
 4.99940E-01
 4.99941E-01
 4.99941E-01
 4.99941E-01
 4.99941E-01
 4.99941E-01
 4.99941E-01
 4.99941E-01
 4.99941E-01
 4.99941E-01
 4.99941E-01
 4.99941E-01
 4.99941E-01
 4.99941E-01
 4.99941E-01
 4.99941E-01
 4.99941E-01
 4.99941E-01
 4.99941E-01
 4.99941E-01
 4.99941E-01
 4.99941E-01
 4.99941E-01
 4.99941E-01
 4.99941E-01
 4.99941E-01
 4.99941E-01
 4.99941E-01
 4.99941E-01
 4.99941E-01
 4.99941E-01
 4.99941E-01
 9.03436E-17
 9.03847E-17
 8.89621E-17
 9.03859E-17
 8.94087E-17
 8.97309E-17
 8.93384E-17
 8.94122E-17
 8.93892E-17
 8.89423E-17
 8.96035E-17
 9.18813E-17
 7.11869E-16
 1.43212E-14
 2.51216E-13
 4.21362E-12
 6.70767E-11
 1.01228E-09
 1.44808E-08
 1.96507E-07
 2.53282E-06
 3.10501E-05
 3.62417E-04
 4.02158E-03
 1.63042E-01
 4.71481E-01
 4.94262E-01
 4.98796E-01
 4.99717E-01
 4.99895E-01
 4.99928E-01
 4.99935E-01
 4.99936E-01
 4.99936E-01
 4.99936E-01
 4.99937E-01
 4.99937E-01
 4.99937E-01
 4.99937E-01
 4.99937E-01
 4.99937E-01
 4.99938E-01
 4.99938E-01
 4.99938E-01
 4.99938E-01
 4.99938E-01
 4.99938E-01
 4.99938E-01
 4.99939E-01
 4.99939E-01
 4.99939E-01
 4.99939E-01
 4.99939E-01
 4.99939E-01
 4.99939E-01
 4.99939E-01
 4.99939E-01
 4.99939E-01
 4.99939E-01
 4.99940E-01
 4.99940E-01
 4.99940E-01
 4.99940E-01
 4.99940E-01
 4.99940E-01
 4.99940E-01
 4.99940E-01
 4.99940E-01
 4.99940E-01
 4.99940E-01
 4.99940E-01
 4.99940E-01
 4.99940E-01
 4.99940E-01
 4.99940E-01
 4.99940E-01
 4.99940E-01
 4.99940E-01
 4.99940E-01
 4.99940E-01
 4.99940E-01
 4.99940E-01
 4.99940E-01
 4.99941E-01
 4.99941E-01
 4.99941E-01
 4.99941E-01
 4.99941E-01
 4.99941E-01
 4.99941E-01
 4.99941E-01
 4.99941E-01
 4.99941E-01
 4.99941E-01
 4.99941E-01
 4.99941E-01
 4.99941E-01
 4.99941E-01
 4.99941E-01
 4.99941E-01
 4.99941E-01
 4.99941E-01
 4.99941E-01
 4.99941E-01
 4.99941E-01
 4.99941E-01
 4.99941E-01
 4.99941E-01
 4.99941E-01
 4.99941E-01
 4.99941E-01
 4.99941E-01
 4.99941E-01
 4.99941E-01
 4.99941E-01
 4.99941E-01
 4.99941E-01
 4.99941E-01
 4.99941E-01
 4.99941E-01
 9.01663E-17
 8.98456E-17
 8.93335E-17
 9.09767E-17
 9.00746E-17
 9.14289E-17
 9.03748E-17
 9.14747E-17
 9.04272E-17
 9.03615E-17
 1.54986E-16
 2.89497E-15
 4.61478E-14
 7.10938E-13
 1.05782E-11
 1.51068E-10
 2.05953E-09
 2.67002E-08
 3.28503E-07
 3.83354E-06
 4.24570E-05
 4.46663E-04
 4.45726E-03
 2.11497E-01
 4.73290E-01
 4.94559E-01
 4.98831E-01
 4.99718E-01
 4.99894E-01
 4.99928E-01
 4.99935E-01
 4.99936E-01
 4.99936E-01
 4.99936E-01
 4.99937E-01
 4.99937E-01
 4.99937E-01
 4.99937E-01
 4.99937E-01
 4.99938E-01
 4.99938E-01
 4.99938E-01
 4.99938E-01
 4.99938E-01
 4.99938E-01
 4.99938E-01
 4.99939E-01
 4.99939E-01
 4.99939E-01
 4.99939E-01
 4.99939E-01
 4.99939E-01
 4.99939E-01
 4.99939E-01
 4.99939E-01
 4.99939E-01
 4.99940E-01
 4.99940E-01
 4.99940E-01
 4.99940E-01
 4.99940E-01
 4.99940E-01
 4.99940E-01
 4.99940E-01
 4.99940E-01
 4.99940E-01
 4.99940E-01
 4.99940E-01
 4.99940E-01
 4.99940E-01
 4.99940E-01
 4.99940E-01
 4.99940E-01
 4.99940E-01
 4.99940E-01
 4.99940E-01
 4.99940E-01
 4.99940E-01
 4.99941E-01
 4.99941E-01
 4.99941E-01
 4.99941E-01
 4.99941E-01
 4.99941E-01
 4.99941E-01
 4.99941E-01
 4.99941E-01
 4.99941E-01
 4.99941E-01
 4.99941E-01
 4.99941E-01
 4.99941E-01
 4.99941E-01
 4.99941E-01
 4.99941E-01
 4.99941E-01
 4.99941E-01
 4.99941E-01
 4.99941E-01
 4.99941E-01
 4.99941E-01
 4.99941E-01
 4.99941E-01
 4.99941E-01
 4.99941E-01
 4.99941E-01
 4.99941E-01
 4.99941E-01
 4.99941E-01
 4.99941E-01
 4.99941E-01
 4.99941E-01
 4.99941E-01
 4.99941E-01
 4.99941E-01
 4.99941E-01
 4.99941E-01
 4.99941E-01
 4.99941E-01
 4.99941E-01
 9.00147E-17
 8.94958E-17
 9.03759E-17
 9.05936E-17
 8.97908E-17
 8.96278E-17
 9.01178E-17
 8.91414E-17
 9.12198E-17
 6.53539E-16
 1.08069E-14
 1.49799E-13
 1.97302E-12
 2.51115E-11
 3.12193E-10
 3.78807E-09
 4.45073E-08
 5.01787E-07
 5.39102E-06
 5.49665E-05
 5.31254E-04
 4.85760E-03
 2.61656E-01
 4.75714E-01
 4.94977E-01
 4.98894E-01
 4.99724E-01
 4.99894E-01
 4.99928E-01
 4.99935E-01
 4.99936E-01
 4.99936E-01
 4.99937E-01
 4.99937E-01
 4.99937E-01
 4.99937E-01
 4.99937E-01
 4.99938E-01
 4.99938E-01
 4.99938E-01
 4.99938E-01
 4.99938E-01
 4.99938E-01
 4.99938E-01
 4.99939E-01
 4.99939E-01
 4.99939E-01
 4.99939E-01
 4.99939E-01
 4.99939E-01
 4.99939E-01
 4.99939E-01
 4.99939E-01
 4.99939E-01
 4.99940E-01
 4.99940E-01
 4.99940E-01
 4.99940E-01
 4.99940E-01
 4.99940E-01
 4.99940E-01
 4.99940E-01
 4.99940E-01
 4.99940E-01
 4.99940E-01
 4.99940E-01
 4.99940E-01
 4.99940E-01
 4.99940E-01
 4.99940E-01
 4.99940E-01
 4.99940E-01
 4.99940E-01
 4.99940E-01
 4.99941E-01
 4.99941E-01
 4.99941E-01
 4.99941E-01
 4.99941E-01
 4.99941E-01
 4.99941E-01
 4.99941E-01
 4.99941E-01
 4.99941E-01
 4.99941E-01
 4.99941E-01
 4.99941E-01
 4.99941E-01
 4.99941E-01
 4.99941E-01
 4.99941E-01
 4.99941E-01
 4.99941E-01
 4.99941E-01
 4.99941E-01
 4.99941E-01
 4.99941E-01
 4.99941E-01
 4.99941E-01
 4.99941E-01
 4.99941E-01
 4.99941E-01
 4.99941E-01
 4.99941E-01
 4.99941E-01
 4.99941E-01
 4.99941E-01
 4.99941E-01
 4.99941E-01
 4.99941E-01
 4.99941E-01
 4.99941E-01
 4.99941E-01
 4.99941E-01
 4.99941E-01
 4.99941E-01
 4.99941E-01
 4.99941E-01
 4.99941E-01
 4.99941E-01
 9.01784E-17
 9.07704E-17
 8.94206E-17
 8.96927E-17
 9.01632E-17
 8.89594E-17
 9.12553E-17
 9.16201E-17
 2.66548E-15
 4.05798E-14
 5.49120E-13
 6.65414E-12
 7.35638E-11
 7.62155E-10
 7.62790E-09
 7.55361E-08
 7.45239E-07
 7.25035E-06
 6.83570E-05
 6.14919E-04
 5.23109E-03
 3.11609E-01
 4.78681E-01
 4.95488E-01
 4.98977E-01
 4.99735E-01
 4.99896E-01
 4.99928E-01
 4.99935E-01
 4.99936E-01
 4.99937E-01
 4.99937E-01
 4.99937E-01
 4.99937E-01
 4.99937E-01
 4.99937E-01
 4.99938E-01
 4.99938E-01
 4.99938E-01
 4.99938E-01
 4.99938E-01
 4.99938E-01
 4.99939E-01
 4.99939E-01
 4.99939E-01
 4.99939E-01
 4.99939E-01
 4.99939E-01
 4.99939E-01
 4.99939E-01
 4.99939E-01
 4.99940E-01
 4.99940E-01
 4.99940E-01
 4.99940E-01
 4.99940E-01
 4.99940E-01
 4.99940E-01
 4.99940E-01
 4.99940E-01
 4.99940E-01
 4.99940E-01
 4.99940E-01
 4.99940E-01
 4.99940E-01
 4.99940E-01
 4.99940E-01
 4.99940E-01
 4.99940E-01
 4.99941E-01
 4.99941E-01
 4.99941E-01
 4.99941E-01
 4.99941E-01
 4.99941E-01
 4.99941E-01
 4.99941E-01
 4.99941E-01
 4.99941E-01
 4.99941E-01
 4.99941E-01
 4.99941E-01
 4.99941E-01
 4.99941E-01
 4.99941E-01
 4.99941E-01
 4.99941E-01
 4.99941E-01
 4.99941E-01
 4.99941E-01
 4.99941E-01
 4.99941E-01
 4.99941E-01
 4.99941E-01
 4.99941E-01
 4.99941E-01
 4.99941E-01
 4.99941E-01
 4.99941E-01
 4.99941E-01
 4.99941E-01
 4.99941E-01
 4.99941E-01
 4.99941E-01
 4.99941E-01
 4.99941E-01
 4.99941E-01
 4.99941E-01
 4.99941E-01
 4.99941E-01
 4.99941E-01
 4.99941E-01
 4.99941E-01
 4.99941E-01
 4.99941E-01
 4.99941E-01
 4.99941E-01
 4.99941E-01
 4.99941E-01
 4.99941E-01
 8.98414E-17
 9.08679E-17
 9.05345E-17
 8.99029E-17
 9.01503E-17
 8.91378E-17
 2.72705E-16
 6.46443E-15
 1.10449E-13
 1.65826E-12
 2.19131E-11
 2.55762E-10
 2.64271E-09
 2.42912E-08
 2.01335E-07
 1.55128E-06
 1.16717E-05
 8.98640E-05
 7.13288E-04
 5.60376E-03
 3.59280E-01
 4.82083E-01
 4.96071E-01
 4.99075E-01
 4.99750E-01
 4.99897E-01
 4.99928E-01
 4.99935E-01
 4.99936E-01
 4.99937E-01
 4.99937E-01
 4.99937E-01
 4.99937E-01
 4.99937E-01
 4.99938E-01
 4.99938E-01
 4.99938E-01
 4.99938E-01
 4.99938E-01
 4.99938E-01
 4.99939E-01
 4.99939E-01
 4.99939E-01
 4.99939E-01
 4.99939E-01
 4.99939E-01
 4.99939E-01
 4.99939E-01
 4.99939E-01
 4.99940E-01
 4.99940E-01
 4.99940E-01
 4.99940E-01
 4.99940E-01
 4.99940E-01
 4.99940E-01
 4.99940E-01
 4.99940E-01
 4.99940E-01
 4.99940E-01
 4.99940E-01
 4.99940E-01
 4.99940E-01
 4.99940E-01
 4.99940E-01
 4.99941E-01
 4.99941E-01
 4.99941E-01
 4.99941E-01
 4.99941E-01
 4.99941E-01
 4.99941E-01
 4.99941E-01
 4.99941E-01
 4.99941E-01
 4.99941E-01
 4.99941E-01
 4.99941E-01
 4.99941E-01
 4.99941E-01
 4.99941E-01
 4.99941E-01
 4.99941E-01
 4.99941E-01
 4.99941E-01
 4.99941E-01
 4.99941E-01
 4.99941E-01
 4.99941E-01
 4.99941E-01
 4.99941E-01
 4.99941E-01
 4.99941E-01
 4.99941E-01
 4.99941E-01
 4.99941E-01
 4.99941E-01
 4.99941E-01
 4.99941E-01
 4.99941E-01
 4.99941E-01
 4.99941E-01
 4.99941E-01
 4.99941E-01
 4.99941E-01
 4.99941E-01
 4.99941E-01
 4.99941E-01
 4.99941E-01
 4.99941E-01
 4.99941E-01
 4.99941E-01
 4.99941E-01
 4.99941E-01
 4.99941E-01
 4.99941E-01
 4.99941E-01
 4.99941E-01
 4.99941E-01
 4.99941E-01
 9.02838E-17
 8.96792E-17
 9.10642E-17
 8.93577E-17
 8.91818E-17
 6.39022E-16
 9.84004E-15
 1.80246E-13
 2.93166E-12
 4.24478E-11
 5.52981E-10
 6.53289E-09
 7.02517E-08
 6.85371E-07
 5.98196E-06
 4.55046E-05
 2.91672E-04
 1.55334E-03
 7.56395E-03
 4.04094E-01
 4.85659E-01
 4.96690E-01
 4.99183E-01
 4.99767E-01
 4.99900E-01
 4.99929E-01
 4.99935E-01
 4.99936E-01
 4.99937E-01
 4.99937E-01
 4.99937E-01
 4.99937E-01
 4.99938E-01
 4.99938E-01
 4.99938E-01
 4.99938E-01
 4.99938E-01
 4.99938E-01
 4.99939E-01
 4.99939E-01
 4.99939E-01
 4.99939E-01
 4.99939E-01
 4.99939E-01
 4.99939E-01
 4.99939E-01
 4.99939E-01
 4.99940E-01
 4.99940E-01
 4.99940E-01
 4.99940E-01
 4.99940E-01
 4.99940E-01
 4.99940E-01
 4.99940E-01
 4.99940E-01
 4.99940E-01
 4.99940E-01
 4.99940E-01
 4.99940E-01
 4.99940E-01
 4.99941E-01
 4.99941E-01
 4.99941E-01
 4.99941E-01
 4.99941E-01
 4.99941E-01
 4.99941E-01
 4.99941E-01
 4.99941E-01
 4.99941E-01
 4.99941E-01
 4.99941E-01
 4.99941E-01
 4.99941E-01
 4.99941E-01
 4.99941E-01
 4.99941E-01
 4.99941E-01
 4.99941E-01
 4.99941E-01
 4.99941E-01
 4.99941E-01
 4.99941E-01
 4.99941E-01
 4.99941E-01
 4.99941E-01
 4.99941E-01
 4.99941E-01
 4.99941E-01
 4.99941E-01
 4.99941E-01
 4.99941E-01
 4.99941E-01
 4.99941E-01
 4.99941E-01
 4.99941E-01
 4.99941E-01
 4.99941E-01
 4.99941E-01
 4.99941E-01
 4.99941E-01
 4.99941E-01
 4.99941E-01
 4.99941E-01
 4.99941E-01
 4.99941E-01
 4.99941E-01
 4.99941E-01
 4.99941E-01
 4.99941E-01
 4.99941E-01
 4.99941E-01
 4.99941E-01
 4.99941E-01
 4.99941E-01
 4.99941E-01
 4.99941E-01
 4.99941E-01
 4.99941E-01
 8.98996E-17
 9.11541E-17
 8.86930E-17
 8.91658E-17
 6.39122E-16
 1.13560E-14
 2.18979E-13
 3.69327E-12
 5.51622E-11
 7.39020E-10
 8.97671E-09
 9.97812E-08
 1.02268E-06
 9.71621E-06
 8.58903E-05
 7.11388E-04
 5.58068E-03
 1.00496E-01
 4.47018E-01
 4.89090E-01
 4.97287E-01
 4.99295E-01
 4.99787E-01
 4.99903E-01
 4.99929E-01
 4.99935E-01
 4.99937E-01
 4.99937E-01
 4.99937E-01
 4.99937E-01
 4.99938E-01
 4.99938E-01
 4.99938E-01
 4.99938E-01
 4.99938E-01
 4.99938E-01
 4.99939E-01
 4.99939E-01
 4.99939E-01
 4.99939E-01
 4.99939E-01
 4.99939E-01
 4.99939E-01
 4.99939E-01
 4.99940E-01
 4.99940E-01
 4.99940E-01
 4.99940E-01
 4.99940E-01
 4.99940E-01
 4.99940E-01
 4.99940E-01
 4.99940E-01
 4.99940E-01
 4.99940E-01
 4.99940E-01
 4.99940E-01
 4.99940E-01
 4.99941E-01
 4.99941E-01
 4.99941E-01
 4.99941E-01
 4.99941E-01
 4.99941E-01
 4.99941E-01
 4.99941E-01
 4.99941E-01
 4.99941E-01
 4.99941E-01
 4.99941E-01
 4.99941E-01
 4.99941E-01
 4.99941E-01
 4.99941E-01
 4.99941E-01
 4.99941E-01
 4.99941E-01
 4.99941E-01
 4.99941E-01
 4.99941E-01
 4.99941E-01
 4.99941E-01
 4.99941E-01
 4.99941E-01
 4.99941E-01
 4.99941E-01
 4.99941E-01
 4.99941E-01
 4.99941E-01
 4.99941E-01
 4.99941E-01
 4.99941E-01
 4.99941E-01
 4.99941E-01
 4.99941E-01
 4.99941E-01
 4.99941E-01
 4.99941E-01
 4.99941E-01
 4.99941E-01
 4.99941E-01
 4.99941E-01
 4.99941E-01
 4.99941E-01
 4.99941E-01
 4.99941E-01
 4.99941E-01
 4.99941E-01
 4.99941E-01
 4.99941E-01
 4.99941E-01
 4.99941E-01
 4.99941E-01
 4.99941E-01
 4.99941E-01
 4.99941E-01
 4.99941E-01
 4.99941E-01
 4.99941E-01
 4.99941E-01
 9.12927E-17
 8.91052E-17
 9.36040E-17
 6.38144E-16
 1.55867E-14
 2.91306E-13
 4.68174E-12
 6.70437E-11
 8.72181E-10
 1.04072E-08
 1.14443E-07
 1.16403E-06
 1.09926E-05
 9.65818E-05
 7.87305E-04
 5.95518E-03
 2.24919E-01
 4.68981E-01
 4.91912E-01
 4.97817E-01
 4.99402E-01
 4.99808E-01
 4.99907E-01
 4.99930E-01
 4.99935E-01
 4.99937E-01
 4.99937E-01
 4.99937E-01
 4.99938E-01
 4.99938E-01
 4.99938E-01
 4.99938E-01
 4.99938E-01
 4.99938E-01
 4.99939E-01
 4.99939E-01
 4.99939E-01
 4.99939E-01
 4.99939E-01
 4.99939E-01
 4.99939E-01
 4.99939E-01
 4.99940E-01
 4.99940E-01
 4.99940E-01
 4.99940E-01
 4.99940E-01
 4.99940E-01
 4.99940E-01
 4.99940E-01
 4.99940E-01
 4.99940E-01
 4.99940E-01
 4.99940E-01
 4.99941E-01
 4.99941E-01
 4.99941E-01
 4.99941E-01
 4.99941E-01
 4.99941E-01
 4.99941E-01
 4.99941E-01
 4.99941E-01
 4.99941E-01
 4.99941E-01
 4.99941E-01
 4.99941E-01
 4.99941E-01
 4.99941E-01
 4.99941E-01
 4.99941E-01
 4.99941E-01
 4.99941E-01
 4.99941E-01
 4.99941E-01
 4.99941E-01
 4.99941E-01
 4.99941E-01
 4.99941E-01
 4.99941E-01
 4.99941E-01
 4.99941E-01
 4.99941E-01
 4.99941E-01
 4.99941E-01
 4.99941E-01
 4.99941E-01
 4.99941E-01
 4.99941E-01
 4.99941E-01
 4.99941E-01
 4.99941E-01
 4.99941E-01
 4.99941E-01
 4.99941E-01
 4.99941E-01
 4.99941E-01
 4.99941E-01
 4.99941E-01
 4.99941E-01
 4.99941E-01
 4.99941E-01
 4.99941E-01
 4.99941E-01
 4.99941E-01
 4.99941E-01
 4.99941E-01
 4.99941E-01
 4.99941E-01
 4.99941E-01
 4.99941E-01
 4.99941E-01
 4.99941E-01
 4.99941E-01
 4.99941E-01
 4.99941E-01
 4.99941E-01
 4.99941E-01
 4.99941E-01
 4.99941E-01
 8.94210E-17
 8.99567E-17
 1.00109E-15
 2.88625E-14
 6.34785E-13
 1.10412E-11
 1.57272E-10
 1.88407E-09
 1.94879E-08
 1.79850E-07
 1.54191E-06
 1.27549E-05
 1.03715E-04
 8.21442E-04
 6.08696E-03
 3.17533E-01
 4.75368E-01
 4.93694E-01
 4.98259E-01
 4.99501E-01
 4.99828E-01
 4.99911E-01
 4.99931E-01
 4.99936E-01
 4.99937E-01
 4.99937E-01
 4.99938E-01
 4.99938E-01
 4.99938E-01
 4.99938E-01
 4.99938E-01
 4.99938E-01
 4.99939E-01
 4.99939E-01
 4.99939E-01
 4.99939E-01
 4.99939E-01
 4.99939E-01
 4.99939E-01
 4.99939E-01
 4.99940E-01
 4.99940E-01
 4.99940E-01
 4.99940E-01
 4.99940E-01
 4.99940E-01
 4.99940E-01
 4.99940E-01
 4.99940E-01
 4.99940E-01
 4.99940E-01
 4.99941E-01
 4.99941E-01
 4.99941E-01
 4.99941E-01
 4.99941E-01
 4.99941E-01
 4.99941E-01
 4.99941E-01
 4.99941E-01
 4.99941E-01
 4.99941E-01
 4.99941E-01
 4.99941E-01
 4.99941E-01
 4.99941E-01
 4.99941E-01
 4.99941E-01
 4.99941E-01
 4.99941E-01
 4.99941E-01
 4.99941E-01
 4.99941E-01
 4.99941E-01
 4.99941E-01
 4.99941E-01
 4.99941E-01
 4.99941E-01
 4.99941E-01
 4.99941E-01
 4.99941E-01
 4.99941E-01
 4.99941E-01
 4.99941E-01
 4.99941E-01
 4.99941E-01
 4.99941E-01
 4.99941E-01
 4.99941E-01
 4.99941E-01
 4.99941E-01
 4.99941E-01
 4.99941E-01
 4.99941E-01
 4.99941E-01
 4.99941E-01
 4.99941E-01
 4.99941E-01
 4.99941E-01
 4.99941E-01
 4.99941E-01
 4.99941E-01
 4.99941E-01
 4.99941E-01
 4.99941E-01
 4.99941E-01
 4.99941E-01
 4.99941E-01
 4.99941E-01
 4.99941E-01
 4.99941E-01
 4.99941E-01
 4.99941E-01
 4.99941E-01
 4.99941E-01
 4.99941E-01
 4.99941E-01
 4.99941E-01
 4.99941E-01
 4.99941E-01
 9.06572E-17
 6.38632E-16
 2.47267E-14
 7.12105E-13
 1.55896E-11
 2.76408E-10
 4.13434E-09
 5.37232E-08
 6.19306E-07
 6.39481E-06
 5.84051E-05
 4.49991E-04
 2.69774E-03
 1.16807E-02
 3.92945E-01
 4.81906E-01
 4.95194E-01
 4.98635E-01
 4.99588E-01
 4.99847E-01
 4.99915E-01
 4.99932E-01
 4.99936E-01
 4.99937E-01
 4.99937E-01
 4.99938E-01
 4.99938E-01
 4.99938E-01
 4.99938E-01
 4.99938E-01
 4.99939E-01
 4.99939E-01
 4.99939E-01
 4.99939E-01
 4.99939E-01
 4.99939E-01
 4.99939E-01
 4.99940E-01
 4.99940E-01
 4.99940E-01
 4.99940E-01
 4.99940E-01
 4.99940E-01
 4.99940E-01
 4.99940E-01
 4.99940E-01
 4.99940E-01
 4.99940E-01
 4.99941E-01
 4.99941E-01
 4.99941E-01
 4.99941E-01
 4.99941E-01
 4.99941E-01
 4.99941E-01
 4.99941E-01
 4.99941E-01
 4.99941E-01
 4.99941E-01
 4.99941E-01
 4.99941E-01
 4.99941E-01
 4.99941E-01
 4.99941E-01
 4.99941E-01
 4.99941E-01
 4.99941E-01
 4.99941E-01
 4.99941E-01
 4.99941E-01
 4.99941E-01
 4.99941E-01
 4.99941E-01
 4.99941E-01
 4.99941E-01
 4.99941E-01
 4.99941E-01
 4.99941E-01
 4.99941E-01
 4.99941E-01
 4.99941E-01
 4.99941E-01
 4.99941E-01
 4.99941E-01
 4.99941E-01
 4.99941E-01
 4.99941E-01
 4.99941E-01
 4.99941E-01
 4.99941E-01
 4.99941E-01
 4.99941E-01
 4.99941E-01
 4.99941E-01
 4.99941E-01
 4.99941E-01
 4.99941E-01
 4.99941E-01
 4.99941E-01
 4.99941E-01
 4.99941E-01
 4.99941E-01
 4.99941E-01
 4.99941E-01
 4.99941E-01
 4.99941E-01
 4.99941E-01
 4.99941E-01
 4.99941E-01
 4.99941E-01
 4.99941E-01
 4.99941E-01
 4.99941E-01
 4.99941E-01
 4.99941E-01
 4.99941E-01
 4.99941E-01
 4.99941E-01
 4.99941E-01
 4.99941E-01
 2.65488E-16
 1.67636E-14
 5.87977E-13
 1.42307E-11
 2.70363E-10
 4.30511E-09
 5.94361E-08
 7.24048E-07
 7.86446E-06
 7.70908E-05
 6.88896E-04
 5.59364E-03
 1.94514E-01
 4.56964E-01
 4.87941E-01
 4.96508E-01
 4.98958E-01
 4.99666E-01
 4.99865E-01
 4.99919E-01
 4.99933E-01
 4.99936E-01
 4.99937E-01
 4.99938E-01
 4.99938E-01
 4.99938E-01
 4.99938E-01
 4.99938E-01
 4.99939E-01
 4.99939E-01
 4.99939E-01
 4.99939E-01
 4.99939E-01
 4.99939E-01
 4.99939E-01
 4.99940E-01
 4.99940E-01
 4.99940E-01
 4.99940E-01
 4.99940E-01
 4.99940E-01
 4.99940E-01
 4.99940E-01
 4.99940E-01
 4.99940E-01
 4.99941E-01
 4.99941E-01
 4.99941E-01
 4.99941E-01
 4.99941E-01
 4.99941E-01
 4.99941E-01
 4.99941E-01
 4.99941E-01
 4.99941E-01
 4.99941E-01
 4.99941E-01
 4.99941E-01
 4.99941E-01
 4.99941E-01
 4.99941E-01
 4.99941E-01
 4.99941E-01
 4.99941E-01
 4.99941E-01
 4.99941E-01
 4.99941E-01
 4.99941E-01
 4.99941E-01
 4.99941E-01
 4.99941E-01
 4.99941E-01
 4.99941E-01
 4.99941E-01
 4.99941E-01
 4.99942E-01
 4.99942E-01
 4.99942E-01
 4.99942E-01
 4.99942E-01
 4.99942E-01
 4.99942E-01
 4.99942E-01
 4.99942E-01
 4.99942E-01
 4.99942E-01
 4.99942E-01
 4.99942E-01
 4.99942E-01
 4.99942E-01
 4.99942E-01
 4.99942E-01
 4.99942E-01
 4.99942E-01
 4.99942E-01
 4.99942E-01
 4.99941E-01
 4.99941E-01
 4.99941E-01
 4.99941E-01
 4.99941E-01
 4.99941E-01
 4.99941E-01
 4.99941E-01
 4.99941E-01
 4.99941E-01
 4.99941E-01
 4.99941E-01
 4.99941E-01
 4.99941E-01
 4.99941E-01
 4.99941E-01
 4.99941E-01
 4.99941E-01
 4.99941E-01
 4.99941E-01
 4.99941E-01
 4.99941E-01
 4.99941E-01
 4.99941E-01
 1.08052E-14
 7.60259E-13
 2.71581E-11
 6.47672E-10
 1.13993E-08
 1.54716E-07
 1.65922E-06
 1.44885E-05
 1.08723E-04
 7.78103E-04
 5.77023E-03
 3.26645E-01
 4.73428E-01
 4.92316E-01
 4.97549E-01
 4.99223E-01
 4.99732E-01
 4.99881E-01
 4.99922E-01
 4.99934E-01
 4.99937E-01
 4.99938E-01
 4.99938E-01
 4.99938E-01
 4.99938E-01
 4.99938E-01
 4.99939E-01
 4.99939E-01
 4.99939E-01
 4.99939E-01
 4.99939E-01
 4.99939E-01
 4.99939E-01
 4.99940E-01
 4.99940E-01
 4.99940E-01
 4.99940E-01
 4.99940E-01
 4.99940E-01
 4.99940E-01
 4.99940E-01
 4.99940E-01
 4.99941E-01
 4.99941E-01
 4.99941E-01
 4.99941E-01
 4.99941E-01
 4.99941E-01
 4.99941E-01
 4.99941E-01
 4.99941E-01
 4.99941E-01
 4.99941E-01
 4.99941E-01
 4.99941E-01
 4.99941E-01
 4.99941E-01
 4.99941E-01
 4.99941E-01
 4.99941E-01
 4.99941E-01
 4.99941E-01
 4.99941E-01
 4.99942E-01
 4.99942E-01
 4.99942E-01
 4.99942E-01
 4.99942E-01
 4.99942E-01
 4.99942E-01
 4.99942E-01
 4.99942E-01
 4.99942E-01
 4.99942E-01
 4.99942E-01
 4.99942E-01
 4.99942E-01
 4.99942E-01
 4.99942E-01
 4.99942E-01
 4.99942E-01
 4.99942E-01
 4.99942E-01
 4.99942E-01
 4.99942E-01
 4.99942E-01
 4.99942E-01
 4.99942E-01
 4.99942E-01
 4.99942E-01
 4.99942E-01
 4.99942E-01
 4.99942E-01
 4.99942E-01
 4.99942E-01
 4.99942E-01
 4.99942E-01
 4.99942E-01
 4.99942E-01
 4.99942E-01
 4.99942E-01
 4.99942E-01
 4.99942E-01
 4.99942E-01
 4.99942E-01
 4.99942E-01
 4.99942E-01
 4.99942E-01
 4.99942E-01
 4.99942E-01
 4.99942E-01
 4.99942E-01
 4.99942E-01
 4.99942E-01
 4.99942E-01
 4.99942E-01
 4.99942E-01
 4.99942E-01
 4.99942E-01
 4.99942E-01
 3.75305E-13
 2.12607E-11
 6.40289E-10
 1.37947E-08
 2.37471E-07
 3.43182E-06
 4.28165E-05
 4.76014E-04
 4.67670E-03
 1.53962E-01
 4.24158E-01
 4.82549E-01
 4.94678E-01
 4.98285E-01
 4.99427E-01
 4.99785E-01
 4.99894E-01
 4.99926E-01
 4.99934E-01
 4.99937E-01
 4.99938E-01
 4.99938E-01
 4.99938E-01
 4.99938E-01
 4.99939E-01
 4.99939E-01
 4.99939E-01
 4.99939E-01
 4.99939E-01
 4.99939E-01
 4.99940E-01
 4.99940E-01
 4.99940E-01
 4.99940E-01
 4.99940E-01
 4.99940E-01
 4.99940E-01
 4.99940E-01
 4.99940E-01
 4.99941E-01
 4.99941E-01
 4.99941E-01
 4.99941E-01
 4.99941E-01
 4.99941E-01
 4.99941E-01
 4.99941E-01
 4.99941E-01
 4.99941E-01
 4.99941E-01
 4.99941E-01
 4.99941E-01
 4.99941E-01
 4.99941E-01
 4.99941E-01
 4.99941E-01
 4.99942E-01
 4.99942E-01
 4.99942E-01
 4.99942E-01
 4.99942E-01
 4.99942E-01
 4.99942E-01
 4.99942E-01
 4.99942E-01
 4.99942E-01
 4.99942E-01
 4.99942E-01
 4.99942E-01
 4.99942E-01
 4.99942E-01
 4.99942E-01
 4.99942E-01
 4.99942E-01
 4.99942E-01
 4.99942E-01
 4.99942E-01
 4.99942E-01
 4.99942E-01
 4.99942E-01
 4.99942E-01
 4.99942E-01
 4.99942E-01
 4.99942E-01
 4.99942E-01
 4.99942E-01
 4.99942E-01
 4.99942E-01
 4.99942E-01
 4.99942E-01
 4.99942E-01
 4.99942E-01
 4.99942E-01
 4.99942E-01
 4.99942E-01
 4.99942E-01
 4.99942E-01
 4.99942E-01
 4.99942E-01
 4.99942E-01
 4.99942E-01
 4.99942E-01
 4.99942E-01
 4.99942E-01
 4.99942E-01
 4.99942E-01
 4.99942E-01
 4.99942E-01
 4.99942E-01
 4.99942E-01
 4.99942E-01
 4.99942E-01
 4.99942E-01
 4.99942E-01
 4.99942E-01
 4.99942E-01
 4.99942E-01
 4.99942E-01
 4.99942E-01
 4.99942E-01
 2.57616E-11
 1.54373E-09
 4.94050E-08
 1.09465E-06
 1.80936E-05
 2.21409E-04
 1.84401E-03
 1.01091E-02
 3.38021E-01
 4.71702E-01
 4.90274E-01
 4.96581E-01
 4.98825E-01
 4.99581E-01
 4.99828E-01
 4.99905E-01
 4.99928E-01
 4.99935E-01
 4.99937E-01
 4.99938E-01
 4.99938E-01
 4.99938E-01
 4.99939E-01
 4.99939E-01
 4.99939E-01
 4.99939E-01
 4.99939E-01
 4.99939E-01
 4.99940E-01
 4.99940E-01
 4.99940E-01
 4.99940E-01
 4.99940E-01
 4.99940E-01
 4.99940E-01
 4.99940E-01
 4.99941E-01
 4.99941E-01
 4.99941E-01
 4.99941E-01
 4.99941E-01
 4.99941E-01
 4.99941E-01
 4.99941E-01
 4.99941E-01
 4.99941E-01
 4.99941E-01
 4.99941E-01
 4.99941E-01
 4.99941E-01
 4.99942E-01
 4.99942E-01
 4.99942E-01
 4.99942E-01
 4.99942E-01
 4.99942E-01
 4.99942E-01
 4.99942E-01
 4.99942E-01
 4.99942E-01
 4.99942E-01
 4.99942E-01
 4.99942E-01
 4.99942E-01
 4.99942E-01
 4.99942E-01
 4.99942E-01
 4.99942E-01
 4.99942E-01
 4.99942E-01
 4.99942E-01
 4.99942E-01
 4.99942E-01
 4.99942E-01
 4.99942E-01
 4.99942E-01
 4.99942E-01
 4.99942E-01
 4.99942E-01
 4.99942E-01
 4.99942E-01
 4.99942E-01
 4.99942E-01
 4.99942E-01
 4.99942E-01
 4.99942E-01
 4.99942E-01
 4.99942E-01
 4.99942E-01
 4.99942E-01
 4.99942E-01
 4.99942E-01
 4.99942E-01
 4.99942E-01
 4.99942E-01
 4.99942E-01
 4.99942E-01
 4.99942E-01
 4.99942E-01
 4.99942E-01
 4.99942E-01
 4.99942E-01
 4.99942E-01
 4.99942E-01
 4.99942E-01
 4.99942E-01
 4.99942E-01
 4.99942E-01
 4.99942E-01
 4.99942E-01
 4.99942E-01
 4.99942E-01
 4.99942E-01
 4.99942E-01
 4.99942E-01
 4.99942E-01
 4.99942E-01
 4.99942E-01
 4.99942E-01
 4.99942E-01
 4.58885E-09
 2.28974E-07
 5.69443E-06
 8.59430E-05
 8.37211E-04
 5.90195E-03
 2.86126E-01
 4.56424E-01
 4.83558E-01
 4.94233E-01
 4.97904E-01
 4.99223E-01
 4.99698E-01
 4.99861E-01
 4.99914E-01
 4.99931E-01
 4.99936E-01
 4.99938E-01
 4.99938E-01
 4.99938E-01
 4.99939E-01
 4.99939E-01
 4.99939E-01
 4.99939E-01
 4.99939E-01
 4.99939E-01
 4.99940E-01
 4.99940E-01
 4.99940E-01
 4.99940E-01
 4.99940E-01
 4.99940E-01
 4.99940E-01
 4.99941E-01
 4.99941E-01
 4.99941E-01
 4.99941E-01
 4.99941E-01
 4.99941E-01
 4.99941E-01
 4.99941E-01
 4.99941E-01
 4.99941E-01
 4.99941E-01
 4.99941E-01
 4.99941E-01
 4.99942E-01
 4.99942E-01
 4.99942E-01
 4.99942E-01
 4.99942E-01
 4.99942E-01
 4.99942E-01
 4.99942E-01
 4.99942E-01
 4.99942E-01
 4.99942E-01
 4.99942E-01
 4.99942E-01
 4.99942E-01
 4.99942E-01
 4.99942E-01
 4.99942E-01
 4.99942E-01
 4.99942E-01
 4.99942E-01
 4.99942E-01
 4.99942E-01
 4.99942E-01
 4.99942E-01
 4.99942E-01
 4.99942E-01
 4.99942E-01
 4.99942E-01
 4.99942E-01
 4.99942E-01
 4.99942E-01
 4.99942E-01
 4.99942E-01
 4.99942E-01
 4.99942E-01
 4.99942E-01
 4.99942E-01
 4.99942E-01
 4.99942E-01
 4.99942E-01
 4.99942E-01
 4.99942E-01
 4.99942E-01
 4.99942E-01
 4.99942E-01
 4.99942E-01
 4.99942E-01
 4.99942E-01
 4.99942E-01
 4.99942E-01
 4.99942E-01
 4.99942E-01
 4.99942E-01
 4.99942E-01
 4.99942E-01
 4.99942E-01
 4.99942E-01
 4.99942E-01
 4.99942E-01
 4.99942E-01
 4.99942E-01
 4.99942E-01
 4.99942E-01
 4.99942E-01
 4.99942E-01
 4.99942E-01
 4.99942E-01
 4.99942E-01
 4.99942E-01
 4.99942E-01
 4.99942E-01
 4.99942E-01
 4.99942E-01
 4.99942E-01
 3.53006E-06
 1.02855E-04
 2.28123E-03
 1.02109E-01
 3.14478E-01
 4.47334E-01
 4.79758E-01
 4.92355E-01
 4.96758E-01
 4.98715E-01
 4.99493E-01
 4.99782E-01
 4.99886E-01
 4.99921E-01
 4.99933E-01
 4.99937E-01
 4.99938E-01
 4.99938E-01
 4.99939E-01
 4.99939E-01
 4.99939E-01
 4.99939E-01
 4.99939E-01
 4.99939E-01
 4.99940E-01
 4.99940E-01
 4.99940E-01
 4.99940E-01
 4.99940E-01
 4.99940E-01
 4.99940E-01
 4.99941E-01
 4.99941E-01
 4.99941E-01
 4.99941E-01
 4.99941E-01
 4.99941E-01
 4.99941E-01
 4.99941E-01
 4.99941E-01
 4.99941E-01
 4.99941E-01
 4.99942E-01
 4.99942E-01
 4.99942E-01
 4.99942E-01
 4.99942E-01
 4.99942E-01
 4.99942E-01
 4.99942E-01
 4.99942E-01
 4.99942E-01
 4.99942E-01
 4.99942E-01
 4.99942E-01
 4.99942E-01
 4.99942E-01
 4.99942E-01
 4.99942E-01
 4.99942E-01
 4.99942E-01
 4.99942E-01
 4.99942E-01
 4.99942E-01
 4.99942E-01
 4.99942E-01
 4.99942E-01
 4.99942E-01
 4.99942E-01
 4.99942E-01
 4.99942E-01
 4.99942E-01
 4.99942E-01
 4.99942E-01
 4.99942E-01
 4.99942E-01
 4.99942E-01
 4.99942E-01
 4.99942E-01
 4.99942E-01
 4.99942E-01
 4.99942E-01
 4.99942E-01
 4.99942E-01
 4.99942E-01
 4.99942E-01
 4.99942E-01
 4.99942E-01
 4.99942E-01
 4.99942E-01
 4.99942E-01
 4.99942E-01
 4.99942E-01
 4.99942E-01
 4.99942E-01
 4.99942E-01
 4.99942E-01
 4.99942E-01
 4.99942E-01
 4.99942E-01
 4.99942E-01
 4.99942E-01
 4.99942E-01
 4.99942E-01
 4.99942E-01
 4.99942E-01
 4.99942E-01
 4.99942E-01
 4.99942E-01
 4.99942E-01
 4.99942E-01
 4.99942E-01
 4.99942E-01
 4.99942E-01
 4.99942E-01
 4.99942E-01
 4.99942E-01
 4.99942E-01
 4.99942E-01
 4.99942E-01
 1.00024E-01
 3.03110E-01
 4.11323E-01
 4.70335E-01
 4.82045E-01
 4.91878E-01
 4.96024E-01
 4.98274E-01
 4.99255E-01
 4.99672E-01
 4.99840E-01
 4.99904E-01
 4.99927E-01
 4.99935E-01
 4.99937E-01
 4.99938E-01
 4.99939E-01
 4.99939E-01
 4.99939E-01
 4.99939E-01
 4.99939E-01
 4.99940E-01
 4.99940E-01
 4.99940E-01
 4.99940E-01
 4.99940E-01
 4.99940E-01
 4.99940E-01
 4.99941E-01
 4.99941E-01
 4.99941E-01
 4.99941E-01
 4.99941E-01
 4.99941E-01
 4.99941E-01
 4.99941E-01
 4.99941E-01
 4.99941E-01
 4.99942E-01
 4.99942E-01
 4.99942E-01
 4.99942E-01
 4.99942E-01
 4.99942E-01
 4.99942E-01
 4.99942E-01
 4.99942E-01
 4.99942E-01
 4.99942E-01
 4.99942E-01
 4.99942E-01
 4.99942E-01
 4.99942E-01
 4.99942E-01
 4.99942E-01
 4.99942E-01
 4.99942E-01
 4.99942E-01
 4.99942E-01
 4.99942E-01
 4.99942E-01
 4.99942E-01
 4.99942E-01
 4.99942E-01
 4.99942E-01
 4.99942E-01
 4.99942E-01
 4.99942E-01
 4.99942E-01
 4.99942E-01
 4.99942E-01
 4.99942E-01
 4.99942E-01
 4.99942E-01
 4.99942E-01
 4.99942E-01
 4.99942E-01
 4.99942E-01
 4.99942E-01
 4.99942E-01
 4.99942E-01
 4.99942E-01
 4.99942E-01
 4.99942E-01
 4.99942E-01
 4.99942E-01
 4.99942E-01
 4.99942E-01
 4.99942E-01
 4.99942E-01
 4.99942E-01
 4.99942E-01
 4.99942E-01
 4.99942E-01
 4.99942E-01
 4.99942E-01
 4.99942E-01
 4.99942E-01
 4.99942E-01
 4.99942E-01
 4.99942E-01
 4.99942E-01
 4.99942E-01
 4.99942E-01
 4.99942E-01
 4.99942E-01
 4.99942E-01
 4.99942E-01
 4.99942E-01
 4.99942E-01
 4.99942E-01
 4.99942E-01
 4.99942E-01
 4.99942E-01
 4.99942E-01
 4.99942E-01
 4.99942E-01
 4.99942E-01
 4.99942E-01
 4.99942E-01
 4.70093E-01
 4.81507E-01
 4.89579E-01
 4.93861E-01
 4.96487E-01
 4.98186E-01
 4.99105E-01
 4.99574E-01
 4.99788E-01
 4.99879E-01
 4.99917E-01
 4.99931E-01
 4.99936E-01
 4.99938E-01
 4.99938E-01
 4.99939E-01
 4.99939E-01
 4.99939E-01
 4.99939E-01
 4.99940E-01
 4.99940E-01
 4.99940E-01
 4.99940E-01
 4.99940E-01
 4.99940E-01
 4.99940E-01
 4.99941E-01
 4.99941E-01
 4.99941E-01
 4.99941E-01
 4.99941E-01
 4.99941E-01
 4.99941E-01
 4.99941E-01
 4.99941E-01
 4.99942E-01
 4.99942E-01
 4.99942E-01
 4.99942E-01
 4.99942E-01
 4.99942E-01
 4.99942E-01
 4.99942E-01
 4.99942E-01
 4.99942E-01
 4.99942E-01
 4.99942E-01
 4.99942E-01
 4.99942E-01
 4.99942E-01
 4.99942E-01
 4.99942E-01
 4.99942E-01
 4.99942E-01
 4.99942E-01
 4.99942E-01
 4.99942E-01
 4.99942E-01
 4.99942E-01
 4.99942E-01
 4.99942E-01
 4.99942E-01
 4.99942E-01
 4.99942E-01
 4.99942E-01
 4.99942E-01
 4.99942E-01
 4.99942E-01
 4.99942E-01
 4.99942E-01
 4.99942E-01
 4.99942E-01
 4.99942E-01
 4.99942E-01
 4.99942E-01
 4.99942E-01
 4.99942E-01
 4.99942E-01
 4.99942E-01
 4.99942E-01
 4.99942E-01
 4.99942E-01
 4.99942E-01
 4.99942E-01
 4.99942E-01
 4.99942E-01
 4.99942E-01
 4.99942E-01
 4.99942E-01
 4.99942E-01
 4.99942E-01
 4.99942E-01
 4.99942E-01
 4.99942E-01
 4.99942E-01
 4.99942E-01
 4.99942E-01
 4.99942E-01
 4.99942E-01
 4.99942E-01
 4.99942E-01
 4.99942E-01
 4.99942E-01
 4.99942E-01
 4.99942E-01
 4.99942E-01
 4.99942E-01
 4.99942E-01
 4.99942E-01
 4.99942E-01
 4.99942E-01
 4.99942E-01
 4.99942E-01
 4.99942E-01
 4.99942E-01
 4.99942E-01
 4.99942E-01
 4.99942E-01
 4.99942E-01
 4.99942E-01
 4.93849E-01
 4.96401E-01
 4.97812E-01
 4.98633E-01
 4.99204E-01
 4.99555E-01
 4.99756E-01
 4.99858E-01
 4.99905E-01
 4.99925E-01
 4.99934E-01
 4.99937E-01
 4.99938E-01
 4.99939E-01
 4.99939E-01
 4.99939E-01
 4.99939E-01
 4.99940E-01
 4.99940E-01
 4.99940E-01
 4.99940E-01
 4.99940E-01
 4.99940E-01
 4.99941E-01
 4.99941E-01
 4.99941E-01
 4.99941E-01
 4.99941E-01
 4.99941E-01
 4.99941E-01
 4.99941E-01
 4.99941E-01
 4.99942E-01
 4.99942E-01
 4.99942E-01
 4.99942E-01
 4.99942E-01
 4.99942E-01
 4.99942E-01
 4.99942E-01
 4.99942E-01
 4.99942E-01
 4.99942E-01
 4.99942E-01
 4.99942E-01
 4.99942E-01
 4.99942E-01
 4.99942E-01
 4.99942E-01
 4.99942E-01
 4.99943E-01
 4.99943E-01
 4.99943E-01
 4.99943E-01
 4.99943E-01
 4.99943E-01
 4.99943E-01
 4.99943E-01
 4.99943E-01
 4.99943E-01
 4.99943E-01
 4.99943E-01
 4.99943E-01
 4.99943E-01
 4.99943E-01
 4.99943E-01
 4.99943E-01
 4.99943E-01
 4.99943E-01
 4.99943E-01
 4.99942E-01
 4.99942E-01
 4.99942E-01
 4.99942E-01
 4.99942E-01
 4.99942E-01
 4.99942E-01
 4.99942E-01
 4.99942E-01
 4.99942E-01
 4.99942E-01
 4.99942E-01
 4.99942E-01
 4.99942E-01
 4.99942E-01
 4.99942E-01
 4.99942E-01
 4.99942E-01
 4.99942E-01
 4.99942E-01
 4.99942E-01
 4.99942E-01
 4.99942E-01
 4.99942E-01
 4.99942E-01
 4.99942E-01
 4.99942E-01
 4.99942E-01
 4.99942E-01
 4.99942E-01
 4.99942E-01
 4.99942E-01
 4.99942E-01
 4.99942E-01
 4.99942E-01
 4.99942E-01
 4.99942E-01
 4.99942E-01
 4.99942E-01
 4.99942E-01
 4.99942E-01
 4.99942E-01
 4.99942E-01
 4.99942E-01
 4.99942E-01
 4.99942E-01
 4.99942E-01
 4.99942E-01
 4.99942E-01
 4.99942E-01
 4.98658E-01
 4.99194E-01
 4.99477E-01
 4.99656E-01
 4.99778E-01
 4.99854E-01
 4.99898E-01
 4.99921E-01
 4.99931E-01
 4.99936E-01
 4.99938E-01
 4.99939E-01
 4.99939E-01
 4.99939E-01
 4.99939E-01
 4.99940E-01
 4.99940E-01
 4.99940E-01
 4.99940E-01
 4.99940E-01
 4.99940E-01
 4.99941E-01
 4.99941E-01
 4.99941E-01
 4.99941E-01
 4.99941E-01
 4.99941E-01
 4.99941E-01
 4.99941E-01
 4.99942E-01
 4.99942E-01
 4.99942E-01
 4.99942E-01
 4.99942E-01
 4.99942E-01
 4.99942E-01
 4.99942E-01
 4.99942E-01
 4.99942E-01
 4.99942E-01
 4.99942E-01
 4.99942E-01
 4.99943E-01
 4.99943E-01
 4.99943E-01
 4.99943E-01
 4.99943E-01
 4.99943E-01
 4.99943E-01
 4.99943E-01
 4.99943E-01
 4.99943E-01
 4.99943E-01
 4.99943E-01
 4.99943E-01
 4.99943E-01
 4.99943E-01
 4.99943E-01
 4.99943E-01
 4.99943E-01
 4.99943E-01
 4.99943E-01
 4.99943E-01
 4.99943E-01
 4.99943E-01
 4.99943E-01
 4.99943E-01
 4.99943E-01
 4.99943E-01
 4.99943E-01
 4.99943E-01
 4.99943E-01
 4.99943E-01
 4.99943E-01
 4.99943E-01
 4.99943E-01
 4.99943E-01
 4.99943E-01
 4.99942E-01
 4.99942E-01
 4.99942E-01
 4.99942E-01
 4.99942E-01
 4.99942E-01
 4.99942E-01
 4.99942E-01
 4.99942E-01
 4.99942E-01
 4.99942E-01
 4.99942E-01
 4.99942E-01
 4.99942E-01
 4.99942E-01
 4.99942E-01
 4.99942E-01
 4.99942E-01
 4.99942E-01
 4.99942E-01
 4.99942E-01
 4.99942E-01
 4.99942E-01
 4.99942E-01
 4.99942E-01
 4.99942E-01
 4.99942E-01
 4.99942E-01
 4.99942E-01
 4.99942E-01
 4.99942E-01
 4.99942E-01
 4.99942E-01
 4.99942E-01
 4.99942E-01
 4.99942E-01
 4.99942E-01
 4.99942E-01
 4.99942E-01
 4.99942E-01
 4.99942E-01
 4.99942E-01
 4.99669E-01
 4.99778E-01
 4.99838E-01
 4.99877E-01
 4.99903E-01
 4.99920E-01
 4.99930E-01
 4.99935E-01
 4.99937E-01
 4.99938E-01
 4.99939E-01
 4.99939E-01
 4.99940E-01
 4.99940E-01
 4.99940E-01
 4.99940E-01
 4.99940E-01
 4.99940E-01
 4.99940E-01
 4.99941E-01
 4.99941E-01
 4.99941E-01
 4.99941E-01
 4.99941E-01
 4.99941E-01
 4.99941E-01
 4.99942E-01
 4.99942E-01
 4.99942E-01
 4.99942E-01
 4.99942E-01
 4.99942E-01
 4.99942E-01
 4.99942E-01
 4.99942E-01
 4.99942E-01
 4.99942E-01
 4.99943E-01
 4.99943E-01
 4.99943E-01
 4.99943E-01
 4.99943E-01
 4.99943E-01
 4.99943E-01
 4.99943E-01
 4.99943E-01
 4.99943E-01
 4.99943E-01
 4.99943E-01
 4.99943E-01
 4.99943E-01
 4.99943E-01
 4.99943E-01
 4.99943E-01
 4.99943E-01
 4.99943E-01
 4.99943E-01
 4.99943E-01
 4.99943E-01
 4.99943E-01
 4.99943E-01
 4.99943E-01
 4.99943E-01
 4.99943E-01
 4.99943E-01
 4.99943E-01
 4.99943E-01
 4.99943E-01
 4.99943E-01
 4.99943E-01
 4.99943E-01
 4.99943E-01
 4.99943E-01
 4.99943E-01
 4.99943E-01
 4.99943E-01
 4.99943E-01
 4.99943E-01
 4.99943E-01
 4.99943E-01
 4.99943E-01
 4.99943E-01
 4.99943E-01
 4.99942E-01
 4.99942E-01
 4.99942E-01
 4.99942E-01
 4.99942E-01
 4.99942E-01
 4.99942E-01
 4.99942E-01
 4.99942E-01
 4.99942E-01
 4.99942E-01
 4.99942E-01
 4.99942E-01
 4.99942E-01
 4.99942E-01
 4.99942E-01
 4.99942E-01
 4.99942E-01
 4.99942E-01
 4.99942E-01
 4.99942E-01
 4.99942E-01
 4.99942E-01
 4.99942E-01
 4.99942E-01
 4.99942E-01
 4.99942E-01
 4.99942E-01
 4.99942E-01
 4.99942E-01
 4.99942E-01
 4.99942E-01
 4.99942E-01
 4.99942E-01
 4.99942E-01
 4.99942E-01
 4.99942E-01
 4.99881E-01
 4.99904E-01
 4.99917E-01
 4.99925E-01
 4.99931E-01
 4.99935E-01
 4.99937E-01
 4.99938E-01
 4.99939E-01
 4.99939E-01
 4.99940E-01
 4.99940E-01
 4.99940E-01
 4.99940E-01
 4.99940E-01
 4.99940E-01
 4.99941E-01
 4.99941E-01
 4.99941E-01
 4.99941E-01
 4.99941E-01
 4.99941E-01
 4.99941E-01
 4.99942E-01
 4.99942E-01
 4.99942E-01
 4.99942E-01
 4.99942E-01
 4.99942E-01
 4.99942E-01
 4.99942E-01
 4.99942E-01
 4.99942E-01
 4.99943E-01
 4.99943E-01
 4.99943E-01
 4.99943E-01
 4.99943E-01
 4.99943E-01
 4.99943E-01
 4.99943E-01
 4.99943E-01
 4.99943E-01
 4.99943E-01
 4.99943E-01
 4.99943E-01
 4.99943E-01
 4.99943E-01
 4.99943E-01
 4.99943E-01
 4.99943E-01
 4.99943E-01
 4.99943E-01
 4.99943E-01
 4.99943E-01
 4.99943E-01
 4.99943E-01
 4.99943E-01
 4.99943E-01
 4.99943E-01
 4.99943E-01
 4.99943E-01
 4.99943E-01
 4.99943E-01
 4.99943E-01
 4.99943E-01
 4.99943E-01
 4.99943E-01
 4.99943E-01
 4.99943E-01
 4.99943E-01
 4.99943E-01
 4.99943E-01
 4.99943E-01
 4.99943E-01
 4.99943E-01
 4.99943E-01
 4.99943E-01
 4.99943E-01
 4.99943E-01
 4.99943E-01
 4.99943E-01
 4.99943E-01
 4.99943E-01
 4.99943E-01
 4.99943E-01
 4.99943E-01
 4.99943E-01
 4.99942E-01
 4.99942E-01
 4.99942E-01
 4.99942E-01
 4.99942E-01
 4.99942E-01
 4.99942E-01
 4.99942E-01
 4.99942E-01
 4.99942E-01
 4.99942E-01
 4.99942E-01
 4.99942E-01
 4.99942E-01
 4.99942E-01
 4.99942E-01
 4.99942E-01
 4.99942E-01
 4.99942E-01
 4.99942E-01
 4.99942E-01
 4.99942E-01
 4.99942E-01
 4.99942E-01
 4.99942E-01
 4.99942E-01
 4.99942E-01
 4.99942E-01
 4.99942E-01
 4.99942E-01
 4.99942E-01
 4.99942E-01
 4.99927E-01
 4.99931E-01
 4.99934E-01
 4.99936E-01
 4.99938E-01
 4.99938E-01
 4.99939E-01
 4.99939E-01
 4.99940E-01
 4.99940E-01
 4.99940E-01
 4.99940E-01
 4.99940E-01
 4.99940E-01
 4.99941E-01
 4.99941E-01
 4.99941E-01
 4.99941E-01
 4.99941E-01
 4.99941E-01
 4.99941E-01
 4.99942E-01
 4.99942E-01
 4.99942E-01
 4.99942E-01
 4.99942E-01
 4.99942E-01
 4.99942E-01
 4.99942E-01
 4.99942E-01
 4.99943E-01
 4.99943E-01
 4.99943E-01
 4.99943E-01
 4.99943E-01
 4.99943E-01
 4.99943E-01
 4.99943E-01
 4.99943E-01
 4.99943E-01
 4.99943E-01
 4.99943E-01
 4.99943E-01
 4.99943E-01
 4.99943E-01
 4.99943E-01
 4.99943E-01
 4.99943E-01
 4.99943E-01
 4.99943E-01
 4.99943E-01
 4.99943E-01
 4.99943E-01
 4.99943E-01
 4.99943E-01
 4.99943E-01
 4.99943E-01
 4.99943E-01
 4.99943E-01
 4.99943E-01
 4.99943E-01
 4.99943E-01
 4.99943E-01
 4.99943E-01
 4.99943E-01
 4.99943E-01
 4.99943E-01
 4.99943E-01
 4.99943E-01
 4.99943E-01
 4.99943E-01
 4.99943E-01
 4.99943E-01
 4.99943E-01
 4.99943E-01
 4.99943E-01
 4.99943E-01
 4.99943E-01
 4.99943E-01
 4.99943E-01
 4.99943E-01
 4.99943E-01
 4.99943E-01
 4.99943E-01
 4.99943E-01
 4.99943E-01
 4.99943E-01
 4.99943E-01
 4.99943E-01
 4.99943E-01
 4.99943E-01
 4.99943E-01
 4.99943E-01
 4.99942E-01
 4.99942E-01
 4.99942E-01
 4.99942E-01
 4.99942E-01
 4.99942E-01
 4.99942E-01
 4.99942E-01
 4.99942E-01
 4.99942E-01
 4.99942E-01
 4.99942E-01
 4.99942E-01
 4.99942E-01
 4.99942E-01
 4.99942E-01
 4.99942E-01
 4.99942E-01
 4.99942E-01
 4.99942E-01
 4.99942E-01
 4.99942E-01
 4.99942E-01
 4.99942E-01
 4.99942E-01
 4.99942E-01
 4.99942E-01
 4.99937E-01
 4.99938E-01
 4.99938E-01
 4.99939E-01
 4.99939E-01
 4.99940E-01
 4.99940E-01
 4.99940E-01
 4.99940E-01
 4.99940E-01
 4.99940E-01
 4.99941E-01
 4.99941E-01
 4.99941E-01
 4.99941E-01
 4.99941E-01
 4.99941E-01
 4.99941E-01
 4.99942E-01
 4.99942E-01
 4.99942E-01
 4.99942E-01
 4.99942E-01
 4.99942E-01
 4.99942E-01
 4.99942E-01
 4.99943E-01
 4.99943E-01
 4.99943E-01
 4.99943E-01
 4.99943E-01
 4.99943E-01
 4.99943E-01
 4.99943E-01
 4.99943E-01
 4.99943E-01
 4.99943E-01
 4.99943E-01
 4.99943E-01
 4.99943E-01
 4.99943E-01
 4.99943E-01
 4.99943E-01
 4.99943E-01
 4.99943E-01
 4.99943E-01
 4.99943E-01
 4.99943E-01
 4.99943E-01
 4.99943E-01
 4.99943E-01
 4.99943E-01
 4.99943E-01
 4.99943E-01
 4.99943E-01
 4.99943E-01
 4.99943E-01
 4.99943E-01
 4.99943E-01
 4.99943E-01
 4.99943E-01
 4.99943E-01
 4.99943E-01
 4.99943E-01
 4.99943E-01
 4.99943E-01
 4.99943E-01
 4.99943E-01
 4.99943E-01
 4.99943E-01
 4.99943E-01
 4.99943E-01
 4.99943E-01
 4.99943E-01
 4.99943E-01
 4.99943E-01
 4.99943E-01
 4.99943E-01
 4.99943E-01
 4.99943E-01
 4.99943E-01
 4.99943E-01
 4.99943E-01
 4.99943E-01
 4.99943E-01
 4.99943E-01
 4.99943E-01
 4.99943E-01
 4.99943E-01
 4.99943E-01
 4.99943E-01
 4.99943E-01
 4.99943E-01
 4.99943E-01
 4.99943E-01
 4.99943E-01
 4.99943E-01
 4.99942E-01
 4.99942E-01
 4.99942E-01
 4.99942E-01
 4.99942E-01
 4.99942E-01
 4.99942E-01
 4.99942E-01
 4.99942E-01
 4.99942E-01
 4.99942E-01
 4.99942E-01
 4.99942E-01
 4.99942E-01
 4.99942E-01
 4.99942E-01
 4.99942E-01
 4.99942E-01
 4.99942E-01
 4.99942E-01
 4.99942E-01
 4.99942E-01
 4.99942E-01
 4.99939E-01
 4.99940E-01
 4.99940E-01
 4.99940E-01
 4.99940E-01
 4.99940E-01
 4.99940E-01
 4.99940E-01
 4.99940E-01
 4.99941E-01
 4.99941E-01
 4.99941E-01
 4.99941E-01
 4.99941E-01
 4.99941E-01
 4.99941E-01
 4.99942E-01
 4.99942E-01
 4.99942E-01
 4.99942E-01
 4.99942E-01
 4.99942E-01
 4.99942E-01
 4.99943E-01
 4.99943E-01
 4.99943E-01
 4.99943E-01
 4.99943E-01
 4.99943E-01
 4.99943E-01
 4.99943E-01
 4.99943E-01
 4.99943E-01
 4.99943E-01
 4.99943E-01
 4.99943E-01
 4.99943E-01
 4.99944E-01
 4.99944E-01
 4.99944E-01
 4.99944E-01
 4.99944E-01
 4.99944E-01
 4.99944E-01
 4.99944E-01
 4.99944E-01
 4.99944E-01
 4.99944E-01
 4.99944E-01
 4.99944E-01
 4.99944E-01
 4.99944E-01
 4.99944E-01
 4.99944E-01
 4.99944E-01
 4.99944E-01
 4.99944E-01
 4.99944E-01
 4.99944E-01
 4.99944E-01
 4.99943E-01
 4.99943E-01
 4.99943E-01
 4.99943E-01
 4.99943E-01
 4.99943E-01
 4.99943E-01
 4.99943E-01
 4.99943E-01
 4.99943E-01
 4.99943E-01
 4.99943E-01
 4.99943E-01
 4.99943E-01
 4.99943E-01
 4.99943E-01
 4.99943E-01
 4.99943E-01
 4.99943E-01
 4.99943E-01
 4.99943E-01
 4.99943E-01
 4.99943E-01
 4.99943E-01
 4.99943E-01
 4.99943E-01
 4.99943E-01
 4.99943E-01
 4.99943E-01
 4.99943E-01
 4.99943E-01
 4.99943E-01
 4.99943E-01
 4.99943E-01
 4.99943E-01
 4.99943E-01
 4.99943E-01
 4.99943E-01
 4.99943E-01
 4.99943E-01
 4.99943E-01
 4.99943E-01
 4.99942E-01
 4.99942E-01
 4.99942E-01
 4.99942E-01
 4.99942E-01
 4.99942E-01
 4.99942E-01
 4.99942E-01
 4.99942E-01
 4.99942E-01
 4.99942E-01
 4.99942E-01
 4.99942E-01
 4.99942E-01
 4.99942E-01
 4.99942E-01
 4.99942E-01
 4.99942E-01
 4.99940E-01
 4.99940E-01
 4.99940E-01
 4.99940E-01
 4.99940E-01
 4.99940E-01
 4.99941E-01
 4.99941E-01
 4.99941E-01
 4.99941E-01
 4.99941E-01
 4.99941E-01
 4.99941E-01
 4.99942E-01
 4.99942E-01
 4.99942E-01
 4.99942E-01
 4.99942E-01
 4.99942E-01
 4.99942E-01
 4.99942E-01
 4.99943E-01
 4.99943E-01
 4.99943E-01
 4.99943E-01
 4.99943E-01
 4.99943E-01
 4.99943E-01
 4.99943E-01
 4.99943E-01
 4.99943E-01
 4.99944E-01
 4.99944E-01
 4.99944E-01
 4.99944E-01
 4.99944E-01
 4.99944E-01
 4.99944E-01
 4.99944E-01
 4.99944E-01
 4.99944E-01
 4.99944E-01
 4.99944E-01
 4.99944E-01
 4.99944E-01
 4.99944E-01
 4.99944E-01
 4.99944E-01
 4.99944E-01
 4.99944E-01
 4.99944E-01
 4.99944E-01
 4.99944E-01
 4.99944E-01
 4.99944E-01
 4.99944E-01
 4.99944E-01
 4.99944E-01
 4.99944E-01
 4.99944E-01
 4.99944E-01
 4.99944E-01
 4.99944E-01
 4.99944E-01
 4.99944E-01
 4.99943E-01
 4.99943E-01
 4.99943E-01
 4.99943E-01
 4.99943E-01
 4.99943E-01
 4.99943E-01
 4.99943E-01
 4.99943E-01
 4.99943E-01
 4.99943E-01
 4.99943E-01
 4.99943E-01
 4.99943E-01
 4.99943E-01
 4.99943E-01
 4.99943E-01
 4.99943E-01
 4.99943E-01
 4.99943E-01
 4.99943E-01
 4.99943E-01
 4.99943E-01
 4.99943E-01
 4.99943E-01
 4.99943E-01
 4.99943E-01
 4.99943E-01
 4.99943E-01
 4.99943E-01
 4.99943E-01
 4.99943E-01
 4.99943E-01
 4.99943E-01
 4.99943E-01
 4.99943E-01
 4.99943E-01
 4.99943E-01
 4.99943E-01
 4.99943E-01
 4.99943E-01
 4.99943E-01
 4.99942E-01
 4.99942E-01
 4.99942E-01
 4.99942E-01
 4.99942E-01
 4.99942E-01
 4.99942E-01
 4.99942E-01
 4.99942E-01
 4.99942E-01
 4.99942E-01
 4.99942E-01
 4.99942E-01
 4.99941E-01
 4.99941E-01
 4.99941E-01
 4.99941E-01
 4.99941E-01
 4.99941E-01
 4.99941E-01
 4.99941E-01
 4.99941E-01
 4.99941E-01
 4.99941E-01
 4.99942E-01
 4.99942E-01
 4.99942E-01
 4.99942E-01
 4.99942E-01
 4.99942E-01
 4.99942E-01
 4.99943E-01
 4.99943E-01
 4.99943E-01
 4.99943E-01
 4.99943E-01
 4.99943E-01
 4.99943E-01
 4.99943E-01
 4.99943E-01
 4.99944E-01
 4.99944E-01
 4.99944E-01
 4.99944E-01
 4.99944E-01
 4.99944E-01
 4.99944E-01
 4.99944E-01
 4.99944E-01
 4.99944E-01
 4.99944E-01
 4.99944E-01
 4.99944E-01
 4.99944E-01
 4.99944E-01
 4.99944E-01
 4.99944E-01
 4.99944E-01
 4.99944E-01
 4.99944E-01
 4.99944E-01
 4.99944E-01
 4.99944E-01
 4.99944E-01
 4.99944E-01
 4.99944E-01
 4.99944E-01
 4.99944E-01
 4.99944E-01
 4.99944E-01
 4.99944E-01
 4.99944E-01
 4.99944E-01
 4.99944E-01
 4.99944E-01
 4.99944E-01
 4.99944E-01
 4.99944E-01
 4.99944E-01
 4.99944E-01
 4.99944E-01
 4.99944E-01
 4.99943E-01
 4.99943E-01
 4.99943E-01
 4.99943E-01
 4.99943E-01
 4.99943E-01
 4.99943E-01
 4.99943E-01
 4.99943E-01
 4.99943E-01
 4.99943E-01
 4.99943E-01
 4.99943E-01
 4.99943E-01
 4.99943E-01
 4.99943E-01
 4.99943E-01
 4.99943E-01
 4.99943E-01
 4.99943E-01
 4.99943E-01
 4.99943E-01
 4.99943E-01
 4.99943E-01
 4.99943E-01
 4.99943E-01
 4.99943E-01
 4.99943E-01
 4.99943E-01
 4.99943E-01
 4.99943E-01
 4.99943E-01
 4.99943E-01
 4.99943E-01
 4.99943E-01
 4.99943E-01
 4.99943E-01
 4.99943E-01
 4.99943E-01
 4.99943E-01
 4.99943E-01
 4.99943E-01
 4.99943E-01
 4.99943E-01
 4.99943E-01
 4.99943E-01
 4.99942E-01
 4.99942E-01
 4.99942E-01
 4.99942E-01
 4.99942E-01
 4.99941E-01
 4.99941E-01
 4.99941E-01
 4.99941E-01
 4.99941E-01
 4.99941E-01
 4.99941E-01
 4.99941E-01
 4.99942E-01
 4.99942E-01
 4.99942E-01
 4.99942E-01
 4.99942E-01
 4.99942E-01
 4.99942E-01
 4.99942E-01
 4.99943E-01
 4.99943E-01
 4.99943E-01
 4.99943E-01
 4.99943E-01
 4.99943E-01
 4.99943E-01
 4.99943E-01
 4.99944E-01
 4.99944E-01
 4.99944E-01
 4.99944E-01
 4.99944E-01
 4.99944E-01
 4.99944E-01
 4.99944E-01
 4.99944E-01
 4.99944E-01
 4.99944E-01
 4.99944E-01
 4.99944E-01
 4.99944E-01
 4.99944E-01
 4.99944E-01
 4.99944E-01
 4.99944E-01
 4.99944E-01
 4.99944E-01
 4.99944E-01
 4.99944E-01
 4.99944E-01
 4.99944E-01
 4.99944E-01
 4.99944E-01
 4.99944E-01
 4.99944E-01
 4.99944E-01
 4.99944E-01
 4.99944E-01
 4.99944E-01
 4.99944E-01
 4.99944E-01
 4.99944E-01
 4.99944E-01
 4.99944E-01
 4.99944E-01
 4.99944E-01
 4.99944E-01
 4.99944E-01
 4.99944E-01
 4.99944E-01
 4.99944E-01
 4.99944E-01
 4.99944E-01
 4.99944E-01
 4.99944E-01
 4.99943E-01
 4.99943E-01
 4.99943E-01
 4.99943E-01
 4.99943E-01
 4.99943E-01
 4.99943E-01
 4.99943E-01
 4.99943E-01
 4.99943E-01
 4.99943E-01
 4.99943E-01
 4.99943E-01
 4.99943E-01
 4.99943E-01
 4.99943E-01
 4.99943E-01
 4.99943E-01
 4.99943E-01
 4.99943E-01
 4.99943E-01
 4.99943E-01
 4.99943E-01
 4.99943E-01
 4.99943E-01
 4.99943E-01
 4.99943E-01
 4.99943E-01
 4.99943E-01
 4.99943E-01
 4.99943E-01
 4.99943E-01
 4.99943E-01
 4.99943E-01
 4.99943E-01
 4.99943E-01
 4.99943E-01
 4.99943E-01
 4.99943E-01
 4.99943E-01
 4.99943E-01
 4.99943E-01
 4.99943E-01
 4.99943E-01
 4.99943E-01
 4.99943E-01
 4.99943E-01
 4.99943E-01
 4.99941E-01
 4.99941E-01
 4.99941E-01
 4.99941E-01
 4.99941E-01
 4.99942E-01
 4.99942E-01
 4.99942E-01
 4.99942E-01
 4.99942E-01
 4.99942E-01
 4.99942E-01
 4.99942E-01
 4.99943E-01
 4.99943E-01
 4.99943E-01
 4.99943E-01
 4.99943E-01
 4.99943E-01
 4.99943E-01
 4.99943E-01
 4.99944E-01
 4.99944E-01
 4.99944E-01
 4.99944E-01
 4.99944E-01
 4.99944E-01
 4.99944E-01
 4.99944E-01
 4.99944E-01
 4.99944E-01
 4.99944E-01
 4.99944E-01
 4.99944E-01
 4.99944E-01
 4.99944E-01
 4.99944E-01
 4.99945E-01
 4.99945E-01
 4.99945E-01
 4.99945E-01
 4.99945E-01
 4.99945E-01
 4.99945E-01
 4.99945E-01
 4.99944E-01
 4.99944E-01
 4.99944E-01
 4.99944E-01
 4.99944E-01
 4.99944E-01
 4.99944E-01
 4.99944E-01
 4.99944E-01
 4.99944E-01
 4.99944E-01
 4.99944E-01
 4.99944E-01
 4.99944E-01
 4.99944E-01
 4.99944E-01
 4.99944E-01
 4.99944E-01
 4.99944E-01
 4.99944E-01
 4.99944E-01
 4.99944E-01
 4.99944E-01
 4.99944E-01
 4.99944E-01
 4.99944E-01
 4.99944E-01
 4.99944E-01
 4.99944E-01
 4.99944E-01
 4.99943E-01
 4.99943E-01
 4.99943E-01
 4.99943E-01
 4.99943E-01
 4.99943E-01
 4.99943E-01
 4.99943E-01
 4.99943E-01
 4.99943E-01
 4.99943E-01
 4.99943E-01
 4.99943E-01
 4.99943E-01
 4.99943E-01
 4.99943E-01
 4.99943E-01
 4.99943E-01
 4.99943E-01
 4.99943E-01
 4.99943E-01
 4.99943E-01
 4.99943E-01
 4.99943E-01
 4.99943E-01
 4.99943E-01
 4.99943E-01
 4.99943E-01
 4.99943E-01
 4.99943E-01
 4.99943E-01
 4.99943E-01
 4.99943E-01
 4.99943E-01
 4.99943E-01
 4.99943E-01
 4.99943E-01
 4.99943E-01
 4.99943E-01
 4.99943E-01
 4.99943E-01
 4.99943E-01
 4.99943E-01
 4.99943E-01
 4.99943E-01
 4.99942E-01
 4.99942E-01
 4.99942E-01
 4.99942E-01
 4.99942E-01
 4.99942E-01
 4.99942E-01
 4.99942E-01
 4.99942E-01
 4.99942E-01
 4.99942E-01
 4.99943E-01
 4.99943E-01
 4.99943E-01
 4.99943E-01
 4.99943E-01
 4.99943E-01
 4.99943E-01
 4.99944E-01
 4.99944E-01
 4.99944E-01
 4.99944E-01
 4.99944E-01
 4.99944E-01
 4.99944E-01
 4.99944E-01
 4.99944E-01
 4.99944E-01
 4.99944E-01
 4.99945E-01
 4.99945E-01
 4.99945E-01
 4.99945E-01
 4.99945E-01
 4.99945E-01
 4.99945E-01
 4.99945E-01
 4.99945E-01
 4.99945E-01
 4.99945E-01
 4.99945E-01
 4.99945E-01
 4.99945E-01
 4.99945E-01
 4.99945E-01
 4.99945E-01
 4.99945E-01
 4.99945E-01
 4.99945E-01
 4.99945E-01
 4.99945E-01
 4.99945E-01
 4.99944E-01
 4.99944E-01
 4.99944E-01
 4.99944E-01
 4.99944E-01
 4.99944E-01
 4.99944E-01
 4.99944E-01
 4.99944E-01
 4.99944E-01
 4.99944E-01
 4.99944E-01
 4.99944E-01
 4.99944E-01
 4.99944E-01
 4.99944E-01
 4.99944E-01
 4.99944E-01
 4.99944E-01
 4.99944E-01
 4.99944E-01
 4.99944E-01
 4.99944E-01
 4.99944E-01
 4.99944E-01
 4.99943E-01
 4.99943E-01
 4.99943E-01
 4.99943E-01
 4.99943E-01
 4.99943E-01
 4.99943E-01
 4.99943E-01
 4.99943E-01
 4.99943E-01
 4.99943E-01
 4.99943E-01
 4.99943E-01
 4.99943E-01
 4.99943E-01
 4.99943E-01
 4.99943E-01
 4.99943E-01
 4.99943E-01
 4.99943E-01
 4.99943E-01
 4.99943E-01
 4.99943E-01
 4.99943E-01
 4.99943E-01
 4.99943E-01
 4.99943E-01
 4.99943E-01
 4.99943E-01
 4.99943E-01
 4.99943E-01
 4.99943E-01
 4.99943E-01
 4.99943E-01
 4.99943E-01
 4.99943E-01
 4.99943E-01
 4.99943E-01
 4.99943E-01
 4.99943E-01
 4.99943E-01
 4.99943E-01
 4.99943E-01
 4.99942E-01
 4.99942E-01
 4.99942E-01
 4.99942E-01
 4.99942E-01
 4.99942E-01
 4.99942E-01
 4.99942E-01
 4.99943E-01
 4.99943E-01
 4.99943E-01
 4.99943E-01
 4.99943E-01
 4.99943E-01
 4.99943E-01
 4.99943E-01
 4.99944E-01
 4.99944E-01
 4.99944E-01
 4.99944E-01
 4.99944E-01
 4.99944E-01
 4.99944E-01
 4.99944E-01
 4.99944E-01
 4.99945E-01
 4.99945E-01
 4.99945E-01
 4.99945E-01
 4.99945E-01
 4.99945E-01
 4.99945E-01
 4.99945E-01
 4.99945E-01
 4.99945E-01
 4.99945E-01
 4.99945E-01
 4.99945E-01
 4.99945E-01
 4.99945E-01
 4.99945E-01
 4.99945E-01
 4.99945E-01
 4.99945E-01
 4.99945E-01
 4.99945E-01
 4.99945E-01
 4.99945E-01
 4.99945E-01
 4.99945E-01
 4.99945E-01
 4.99945E-01
 4.99945E-01
 4.99945E-01
 4.99945E-01
 4.99945E-01
 4.99944E-01
 4.99944E-01
 4.99944E-01
 4.99944E-01
 4.99944E-01
 4.99944E-01
 4.99944E-01
 4.99944E-01
 4.99944E-01
 4.99944E-01
 4.99944E-01
 4.99944E-01
 4.99944E-01
 4.99944E-01
 4.99944E-01
 4.99944E-01
 4.99944E-01
 4.99944E-01
 4.99944E-01
 4.99944E-01
 4.99944E-01
 4.99944E-01
 4.99944E-01
 4.99944E-01
 4.99943E-01
 4.99943E-01
 4.99943E-01
 4.99943E-01
 4.99943E-01
 4.99943E-01
 4.99943E-01
 4.99943E-01
 4.99943E-01
 4.99943E-01
 4.99943E-01
 4.99943E-01
 4.99943E-01
 4.99943E-01
 4.99943E-01
 4.99943E-01
 4.99943E-01
 4.99943E-01
 4.99943E-01
 4.99943E-01
 4.99943E-01
 4.99943E-01
 4.99943E-01
 4.99943E-01
 4.99943E-01
 4.99943E-01
 4.99943E-01
 4.99943E-01
 4.99943E-01
 4.99943E-01
 4.99943E-01
 4.99943E-01
 4.99943E-01
 4.99943E-01
 4.99943E-01
 4.99943E-01
 4.99943E-01
 4.99943E-01
 4.99943E-01
 4.99943E-01
 4.99942E-01
 4.99942E-01
 4.99942E-01
 4.99942E-01
 4.99942E-01
 4.99942E-01
 4.99943E-01
 4.99943E-01
 4.99943E-01
 4.99943E-01
 4.99943E-01
 4.99943E-01
 4.99943E-01
 4.99944E-01
 4.99944E-01
 4.99944E-01
 4.99944E-01
 4.99944E-01
 4.99944E-01
 4.99944E-01
 4.99944E-01
 4.99945E-01
 4.99945E-01
 4.99945E-01
 4.99945E-01
 4.99945E-01
 4.99945E-01
 4.99945E-01
 4.99945E-01
 4.99945E-01
 4.99945E-01
 4.99945E-01
 4.99945E-01
 4.99945E-01
 4.99945E-01
 4.99945E-01
 4.99945E-01
 4.99945E-01
 4.99945E-01
 4.99945E-01
 4.99945E-01
 4.99945E-01
 4.99945E-01
 4.99945E-01
 4.99945E-01
 4.99945E-01
 4.99945E-01
 4.99945E-01
 4.99945E-01
 4.99945E-01
 4.99945E-01
 4.99945E-01
 4.99945E-01
 4.99945E-01
 4.99945E-01
 4.99945E-01
 4.99945E-01
 4.99945E-01
 4.99945E-01
 4.99944E-01
 4.99944E-01
 4.99944E-01
 4.99944E-01
 4.99944E-01
 4.99944E-01
 4.99944E-01
 4.99944E-01
 4.99944E-01
 4.99944E-01
 4.99944E-01
 4.99944E-01
 4.99944E-01
 4.99944E-01
 4.99944E-01
 4.99944E-01
 4.99944E-01
 4.99944E-01
 4.99944E-01
 4.99944E-01
 4.99944E-01
 4.99944E-01
 4.99944E-01
 4.99943E-01
 4.99943E-01
 4.99943E-01
 4.99943E-01
 4.99943E-01
 4.99943E-01
 4.99943E-01
 4.99943E-01
 4.99943E-01
 4.99943E-01
 4.99943E-01
 4.99943E-01
 4.99943E-01
 4.99943E-01
 4.99943E-01
 4.99943E-01
 4.99943E-01
 4.99943E-01
 4.99943E-01
 4.99943E-01
 4.99943E-01
 4.99943E-01
 4.99943E-01
 4.99943E-01
 4.99943E-01
 4.99943E-01
 4.99943E-01
 4.99943E-01
 4.99943E-01
 4.99943E-01
 4.99943E-01
 4.99943E-01
 4.99943E-01
 4.99943E-01
 4.99943E-01
 4.99943E-01
 4.99943E-01
 4.99943E-01
 4.99942E-01
 4.99943E-01
 4.99943E-01
 4.99943E-01
 4.99943E-01
 4.99943E-01
 4.99943E-01
 4.99943E-01
 4.99943E-01
 4.99943E-01
 4.99943E-01
 4.99944E-01
 4.99944E-01
 4.99944E-01
 4.99944E-01
 4.99944E-01
 4.99944E-01
 4.99944E-01
 4.99945E-01
 4.99945E-01
 4.99945E-01
 4.99945E-01
 4.99945E-01
 4.99945E-01
 4.99945E-01
 4.99945E-01
 4.99945E-01
 4.99945E-01
 4.99945E-01
 4.99945E-01
 4.99945E-01
 4.99945E-01
 4.99945E-01
 4.99945E-01
 4.99945E-01
 4.99945E-01
 4.99945E-01
 4.99945E-01
 4.99945E-01
 4.99945E-01
 4.99945E-01
 4.99945E-01
 4.99945E-01
 4.99945E-01
 4.99945E-01
 4.99945E-01
 4.99945E-01
 4.99945E-01
 4.99945E-01
 4.99945E-01
 4.99945E-01
 4.99945E-01
 4.99945E-01
 4.99945E-01
 4.99945E-01
 4.99945E-01
 4.99945E-01
 4.99945E-01
 4.99945E-01
 4.99945E-01
 4.99945E-01
 4.99945E-01
 4.99944E-01
 4.99944E-01
 4.99944E-01
 4.99944E-01
 4.99944E-01
 4.99944E-01
 4.99944E-01
 4.99944E-01
 4.99944E-01
 4.99944E-01
 4.99944E-01
 4.99944E-01
 4.99944E-01
 4.99944E-01
 4.99944E-01
 4.99944E-01
 4.99944E-01
 4.99944E-01
 4.99944E-01
 4.99944E-01
 4.99944E-01
 4.99944E-01
 4.99943E-01
 4.99943E-01
 4.99943E-01
 4.99943E-01
 4.99943E-01
 4.99943E-01
 4.99943E-01
 4.99943E-01
 4.99943E-01
 4.99943E-01
 4.99943E-01
 4.99943E-01
 4.99943E-01
 4.99943E-01
 4.99943E-01
 4.99943E-01
 4.99943E-01
 4.99943E-01
 4.99943E-01
 4.99943E-01
 4.99943E-01
 4.99943E-01
 4.99943E-01
 4.99943E-01
 4.99943E-01
 4.99943E-01
 4.99943E-01
 4.99943E-01
 4.99943E-01
 4.99943E-01
 4.99943E-01
 4.99943E-01
 4.99943E-01
 4.99943E-01
 4.99943E-01
 4.99943E-01
 4.99943E-01
 4.99943E-01
 4.99943E-01
 4.99943E-01
 4.99943E-01
 4.99943E-01
 4.99943E-01
 4.99943E-01
 4.99943E-01
 4.99944E-01
 4.99944E-01
 4.99944E-01
 4.99944E-01
 4.99944E-01
 4.99944E-01
 4.99944E-01
 4.99945E-01
 4.99945E-01
 4.99945E-01
 4.99945E-01
 4.99945E-01
 4.99945E-01
 4.99945E-01
 4.99945E-01
 4.99945E-01
 4.99945E-01
 4.99946E-01
 4.99946E-01
 4.99946E-01
 4.99946E-01
 4.99946E-01
 4.99946E-01
 4.99946E-01
 4.99946E-01
 4.99946E-01
 4.99946E-01
 4.99946E-01
 4.99946E-01
 4.99946E-01
 4.99946E-01
 4.99946E-01
 4.99946E-01
 4.99946E-01
 4.99946E-01
 4.99945E-01
 4.99945E-01
 4.99945E-01
 4.99945E-01
 4.99945E-01
 4.99945E-01
 4.99945E-01
 4.99945E-01
 4.99945E-01
 4.99945E-01
 4.99945E-01
 4.99945E-01
 4.99945E-01
 4.99945E-01
 4.99945E-01
 4.99945E-01
 4.99945E-01
 4.99945E-01
 4.99945E-01
 4.99945E-01
 4.99944E-01
 4.99944E-01
 4.99944E-01
 4.99944E-01
 4.99944E-01
 4.99944E-01
 4.99944E-01
 4.99944E-01
 4.99944E-01
 4.99944E-01
 4.99944E-01
 4.99944E-01
 4.99944E-01
 4.99944E-01
 4.99944E-01
 4.99944E-01
 4.99944E-01
 4.99944E-01
 4.99944E-01
 4.99944E-01
 4.99944E-01
 4.99944E-01
 4.99943E-01
 4.99943E-01
 4.99943E-01
 4.99943E-01
 4.99943E-01
 4.99943E-01
 4.99943E-01
 4.99943E-01
 4.99943E-01
 4.99943E-01
 4.99943E-01
 4.99943E-01
 4.99943E-01
 4.99943E-01
 4.99943E-01
 4.99943E-01
 4.99943E-01
 4.99943E-01
 4.99943E-01
 4.99943E-01
 4.99943E-01
 4.99943E-01
 4.99943E-01
 4.99943E-01
 4.99943E-01
 4.99943E-01
 4.99943E-01
 4.99943E-01
 4.99943E-01
 4.99943E-01
 4.99943E-01
 4.99943E-01
 4.99943E-01
 4.99943E-01
 4.99943E-01
 4.99943E-01
 4.99943E-01
 4.99943E-01
 4.99943E-01
 4.99943E-01
 4.99944E-01
 4.99944E-01
 4.99944E-01
 4.99944E-01
 4.99944E-01
 4.99944E-01
 4.99944E-01
 4.99945E-01
 4.99945E-01
 4.99945E-01
 4.99945E-01
 4.99945E-01
 4.99945E-01
 4.99945E-01
 4.99945E-01
 4.99945E-01
 4.99946E-01
 4.99946E-01
 4.99946E-01
 4.99946E-01
 4.99946E-01
 4.99946E-01
 4.99946E-01
 4.99946E-01
 4.99946E-01
 4.99946E-01
 4.99946E-01
 4.99946E-01
 4.99946E-01
 4.99946E-01
 4.99946E-01
 4.99946E-01
 4.99946E-01
 4.99946E-01
 4.99946E-01
 4.99946E-01
 4.99946E-01
 4.99946E-01
 4.99946E-01
 4.99946E-01
 4.99946E-01
 4.99946E-01
 4.99945E-01
 4.99945E-01
 4.99945E-01
 4.99945E-01
 4.99945E-01
 4.99945E-01
 4.99945E-01
 4.99945E-01
 4.99945E-01
 4.99945E-01
 4.99945E-01
 4.99945E-01
 4.99945E-01
 4.99945E-01
 4.99945E-01
 4.99945E-01
 4.99945E-01
 4.99945E-01
 4.99944E-01
 4.99944E-01
 4.99944E-01
 4.99944E-01
 4.99944E-01
 4.99944E-01
 4.99944E-01
 4.99944E-01
 4.99944E-01
 4.99944E-01
 4.99944E-01
 4.99944E-01
 4.99944E-01
 4.99944E-01
 4.99944E-01
 4.99944E-01
 4.99944E-01
 4.99944E-01
 4.99944E-01
 4.99944E-01
 4.99944E-01
 4.99944E-01
 4.99943E-01
 4.99943E-01
 4.99943E-01
 4.99943E-01
 4.99943E-01
 4.99943E-01
 4.99943E-01
 4.99943E-01
 4.99943E-01
 4.99943E-01
 4.99943E-01
 4.99943E-01
 4.99943E-01
 4.99943E-01
 4.99943E-01
 4.99943E-01
 4.99943E-01
 4.99943E-01
 4.99943E-01
 4.99943E-01
 4.99943E-01
 4.99943E-01
 4.99943E-01
 4.99943E-01
 4.99943E-01
 4.99943E-01
 4.99943E-01
 4.99943E-01
 4.99943E-01
 4.99943E-01
 4.99943E-01
 4.99943E-01
 4.99943E-01
 4.99943E-01
 4.99943E-01
 4.99943E-01
 4.99944E-01
 4.99944E-01
 4.99944E-01
 4.99944E-01
 4.99944E-01
 4.99944E-01
 4.99944E-01
 4.99945E-01
 4.99945E-01
 4.99945E-01
 4.99945E-01
 4.99945E-01
 4.99945E-01
 4.99945E-01
 4.99945E-01
 4.99946E-01
 4.99946E-01
 4.99946E-01
 4.99946E-01
 4.99946E-01
 4.99946E-01
 4.99946E-01
 4.99946E-01
 4.99946E-01
 4.99946E-01
 4.99946E-01
 4.99946E-01
 4.99946E-01
 4.99946E-01
 4.99946E-01
 4.99946E-01
 4.99946E-01
 4.99946E-01
 4.99946E-01
 4.99946E-01
 4.99946E-01
 4.99946E-01
 4.99946E-01
 4.99946E-01
 4.99946E-01
 4.99946E-01
 4.99946E-01
 4.99946E-01
 4.99946E-01
 4.99946E-01
 4.99946E-01
 4.99946E-01
 4.99945E-01
 4.99945E-01
 4.99945E-01
 4.99945E-01
 4.99945E-01
 4.99945E-01
 4.99945E-01
 4.99945E-01
 4.99945E-01
 4.99945E-01
 4.99945E-01
 4.99945E-01
 4.99945E-01
 4.99945E-01
 4.99945E-01
 4.99945E-01
 4.99945E-01
 4.99944E-01
 4.99944E-01
 4.99944E-01
 4.99944E-01
 4.99944E-01
 4.99944E-01
 4.99944E-01
 4.99944E-01
 4.99944E-01
 4.99944E-01
 4.99944E-01
 4.99944E-01
 4.99944E-01
 4.99944E-01
 4.99944E-01
 4.99944E-01
 4.99944E-01
 4.99944E-01
 4.99944E-01
 4.99944E-01
 4.99944E-01
 4.99943E-01
 4.99943E-01
 4.99943E-01
 4.99943E-01
 4.99943E-01
 4.99943E-01
 4.99943E-01
 4.99943E-01
 4.99943E-01
 4.99943E-01
 4.99943E-01
 4.99943E-01
 4.99943E-01
 4.99943E-01
 4.99943E-01
 4.99943E-01
 4.99943E-01
 4.99943E-01
 4.99943E-01
 4.99943E-01
 4.99943E-01
 4.99943E-01
 4.99943E-01
 4.99943E-01
 4.99943E-01
 4.99943E-01
 4.99943E-01
 4.99943E-01
 4.99943E-01
 4.99943E-01
 4.99943E-01
 4.99944E-01
 4.99944E-01
 4.99944E-01
 4.99944E-01
 4.99944E-01
 4.99944E-01
 4.99944E-01
 4.99944E-01
 4.99944E-01
 4.99945E-01
 4.99945E-01
 4.99945E-01
 4.99945E-01
 4.99945E-01
 4.99945E-01
 4.99945E-01
 4.99946E-01
 4.99946E-01
 4.99946E-01
 4.99946E-01
 4.99946E-01
 4.99946E-01
 4.99946E-01
 4.99946E-01
 4.99946E-01
 4.99946E-01
 4.99946E-01
 4.99946E-01
 4.99946E-01
 4.99946E-01
 4.99946E-01
 4.99946E-01
 4.99946E-01
 4.99946E-01
 4.99946E-01
 4.99946E-01
 4.99946E-01
 4.99946E-01
 4.99946E-01
 4.99946E-01
 4.99946E-01
 4.99946E-01
 4.99946E-01
 4.99946E-01
 4.99946E-01
 4.99946E-01
 4.99946E-01
 4.99946E-01
 4.99946E-01
 4.99946E-01
 4.99946E-01
 4.99946E-01
 4.99946E-01
 4.99945E-01
 4.99945E-01
 4.99945E-01
 4.99945E-01
 4.99945E-01
 4.99945E-01
 4.99945E-01
 4.99945E-01
 4.99945E-01
 4.99945E-01
 4.99945E-01
 4.99945E-01
 4.99945E-01
 4.99945E-01
 4.99945E-01
 4.99945E-01
 4.99944E-01
 4.99944E-01
 4.99944E-01
 4.99944E-01
 4.99944E-01
 4.99944E-01
 4.99944E-01
 4.99944E-01
 4.99944E-01
 4.99944E-01
 4.99944E-01
 4.99944E-01
 4.99944E-01
 4.99944E-01
 4.99944E-01
 4.99944E-01
 4.99944E-01
 4.99944E-01
 4.99944E-01
 4.99944E-01
 4.99944E-01
 4.99944E-01
 4.99943E-01
 4.99943E-01
 4.99943E-01
 4.99943E-01
 4.99943E-01
 4.99943E-01
 4.99943E-01
 4.99943E-01
 4.99943E-01
 4.99943E-01
 4.99943E-01
 4.99943E-01
 4.99943E-01
 4.99943E-01
 4.99943E-01
 4.99943E-01
 4.99943E-01
 4.99943E-01
 4.99943E-01
 4.99943E-01
 4.99943E-01
 4.99943E-01
 4.99943E-01
 4.99943E-01
 4.99943E-01
 4.99943E-01
 4.99943E-01
 4.99943E-01
 4.99943E-01
 4.99944E-01
 4.99944E-01
 4.99944E-01
 4.99944E-01
 4.99944E-01
 4.99944E-01
 4.99944E-01
 4.99944E-01
 4.99945E-01
 4.99945E-01
 4.99945E-01
 4.99945E-01
 4.99945E-01
 4.99945E-01
 4.99946E-01
 4.99946E-01
 4.99946E-01
 4.99946E-01
 4.99946E-01
 4.99946E-01
 4.99946E-01
 4.99946E-01
 4.99946E-01
 4.99946E-01
 4.99947E-01
 4.99947E-01
 4.99947E-01
 4.99947E-01
 4.99947E-01
 4.99947E-01
 4.99947E-01
 4.99947E-01
 4.99947E-01
 4.99947E-01
 4.99947E-01
 4.99947E-01
 4.99947E-01
 4.99947E-01
 4.99946E-01
 4.99946E-01
 4.99946E-01
 4.99946E-01
 4.99946E-01
 4.99946E-01
 4.99946E-01
 4.99946E-01
 4.99946E-01
 4.99946E-01
 4.99946E-01
 4.99946E-01
 4.99946E-01
 4.99946E-01
 4.99946E-01
 4.99946E-01
 4.99946E-01
 4.99945E-01
 4.99945E-01
 4.99945E-01
 4.99945E-01
 4.99945E-01
 4.99945E-01
 4.99945E-01
 4.99945E-01
 4.99945E-01
 4.99945E-01
 4.99945E-01
 4.99945E-01
 4.99945E-01
 4.99945E-01
 4.99945E-01
 4.99945E-01
 4.99944E-01
 4.99944E-01
 4.99944E-01
 4.99944E-01
 4.99944E-01
 4.99944E-01
 4.99944E-01
 4.99944E-01
 4.99944E-01
 4.99944E-01
 4.99944E-01
 4.99944E-01
 4.99944E-01
 4.99944E-01
 4.99944E-01
 4.99944E-01
 4.99944E-01
 4.99944E-01
 4.99944E-01
 4.99944E-01
 4.99944E-01
 4.99944E-01
 4.99943E-01
 4.99943E-01
 4.99943E-01
 4.99943E-01
 4.99943E-01
 4.99943E-01
 4.99943E-01
 4.99943E-01
 4.99943E-01
 4.99943E-01
 4.99943E-01
 4.99943E-01
 4.99943E-01
 4.99943E-01
 4.99943E-01
 4.99943E-01
 4.99943E-01
 4.99943E-01
 4.99943E-01
 4.99943E-01
 4.99943E-01
 4.99943E-01
 4.99943E-01
 4.99943E-01
 4.99943E-01
 4.99943E-01
 4.99943E-01
 4.99944E-01
 4.99944E-01
 4.99944E-01
 4.99944E-01
 4.99944E-01
 4.99944E-01
 4.99945E-01
 4.99945E-01
 4.99945E-01
 4.99945E-01
 4.99945E-01
 4.99945E-01
 4.99946E-01
 4.99946E-01
 4.99946E-01
 4.99946E-01
 4.99946E-01
 4.99946E-01
 4.99946E-01
 4.99946E-01
 4.99947E-01
 4.99947E-01
 4.99947E-01
 4.99947E-01
 4.99947E-01
 4.99947E-01
 4.99947E-01
 4.99947E-01
 4.99947E-01
 4.99947E-01
 4.99947E-01
 4.99947E-01
 4.99947E-01
 4.99947E-01
 4.99947E-01
 4.99947E-01
 4.99947E-01
 4.99947E-01
 4.99947E-01
 4.99947E-01
 4.99947E-01
 4.99947E-01
 4.99946E-01
 4.99946E-01
 4.99946E-01
 4.99946E-01
 4.99946E-01
 4.99946E-01
 4.99946E-01
 4.99946E-01
 4.99946E-01
 4.99946E-01
 4.99946E-01
 4.99946E-01
 4.99946E-01
 4.99946E-01
 4.99946E-01
 4.99945E-01
 4.99945E-01
 4.99945E-01
 4.99945E-01
 4.99945E-01
 4.99945E-01
 4.99945E-01
 4.99945E-01
 4.99945E-01
 4.99945E-01
 4.99945E-01
 4.99945E-01
 4.99945E-01
 4.99945E-01
 4.99945E-01
 4.99944E-01
 4.99944E-01
 4.99944E-01
 4.99944E-01
 4.99944E-01
 4.99944E-01
 4.99944E-01
 4.99944E-01
 4.99944E-01
 4.99944E-01
 4.99944E-01
 4.99944E-01
 4.99944E-01
 4.99944E-01
 4.99944E-01
 4.99944E-01
 4.99944E-01
 4.99944E-01
 4.99944E-01
 4.99944E-01
 4.99944E-01
 4.99944E-01
 4.99943E-01
 4.99943E-01
 4.99943E-01
 4.99943E-01
 4.99943E-01
 4.99943E-01
 4.99943E-01
 4.99943E-01
 4.99943E-01
 4.99943E-01
 4.99943E-01
 4.99943E-01
 4.99943E-01
 4.99943E-01
 4.99943E-01
 4.99943E-01
 4.99943E-01
 4.99943E-01
 4.99943E-01
 4.99943E-01
 4.99943E-01
 4.99943E-01
 4.99943E-01
 4.99943E-01
 4.99943E-01
 4.99943E-01
 4.99944E-01
 4.99944E-01
 4.99944E-01
 4.99944E-01
 4.99945E-01
 4.99945E-01
 4.99945E-01
 4.99945E-01
 4.99945E-01
 4.99945E-01
 4.99946E-01
 4.99946E-01
 4.99946E-01
 4.99946E-01
 4.99946E-01
 4.99946E-01
 4.99946E-01
 4.99947E-01
 4.99947E-01
 4.99947E-01
 4.99947E-01
 4.99947E-01
 4.99947E-01
 4.99947E-01
 4.99947E-01
 4.99947E-01
 4.99947E-01
 4.99947E-01
 4.99947E-01
 4.99947E-01
 4.99947E-01
 4.99947E-01
 4.99947E-01
 4.99947E-01
 4.99947E-01
 4.99947E-01
 4.99947E-01
 4.99947E-01
 4.99947E-01
 4.99947E-01
 4.99947E-01
 4.99947E-01
 4.99947E-01
 4.99947E-01
 4.99946E-01
 4.99946E-01
 4.99946E-01
 4.99946E-01
 4.99946E-01
 4.99946E-01
 4.99946E-01
 4.99946E-01
 4.99946E-01
 4.99946E-01
 4.99946E-01
 4.99946E-01
 4.99946E-01
 4.99946E-01
 4.99945E-01
 4.99945E-01
 4.99945E-01
 4.99945E-01
 4.99945E-01
 4.99945E-01
 4.99945E-01
 4.99945E-01
 4.99945E-01
 4.99945E-01
 4.99945E-01
 4.99945E-01
 4.99945E-01
 4.99945E-01
 4.99945E-01
 4.99944E-01
 4.99944E-01
 4.99944E-01
 4.99944E-01
 4.99944E-01
 4.99944E-01
 4.99944E-01
 4.99944E-01
 4.99944E-01
 4.99944E-01
 4.99944E-01
 4.99944E-01
 4.99944E-01
 4.99944E-01
 4.99944E-01
 4.99944E-01
 4.99944E-01
 4.99944E-01
 4.99944E-01
 4.99944E-01
 4.99944E-01
 4.99944E-01
 4.99944E-01
 4.99943E-01
 4.99943E-01
 4.99943E-01
 4.99943E-01
 4.99943E-01
 4.99943E-01
 4.99943E-01
 4.99943E-01
 4.99943E-01
 4.99943E-01
 4.99943E-01
 4.99943E-01
 4.99943E-01
 4.99943E-01
 4.99943E-01
 4.99943E-01
 4.99943E-01
 4.99943E-01
 4.99943E-01
 4.99943E-01
 4.99943E-01
 4.99943E-01
 4.99943E-01
 4.99943E-01
 4.99944E-01
 4.99944E-01
 4.99945E-01
 4.99945E-01
 4.99945E-01
 4.99945E-01
 4.99945E-01
 4.99945E-01
 4.99945E-01
 4.99946E-01
 4.99946E-01
 4.99946E-01
 4.99946E-01
 4.99946E-01
 4.99947E-01
 4.99947E-01
 4.99947E-01
 4.99947E-01
 4.99947E-01
 4.99947E-01
 4.99947E-01
 4.99947E-01
 4.99947E-01
 4.99947E-01
 4.99947E-01
 4.99947E-01
 4.99947E-01
 4.99947E-01
 4.99947E-01
 4.99947E-01
 4.99947E-01
 4.99947E-01
 4.99947E-01
 4.99947E-01
 4.99947E-01
 4.99947E-01
 4.99947E-01
 4.99947E-01
 4.99947E-01
 4.99947E-01
 4.99947E-01
 4.99947E-01
 4.99947E-01
 4.99947E-01
 4.99947E-01
 4.99947E-01
 4.99946E-01
 4.99946E-01
 4.99946E-01
 4.99946E-01
 4.99946E-01
 4.99946E-01
 4.99946E-01
 4.99946E-01
 4.99946E-01
 4.99946E-01
 4.99946E-01
 4.99946E-01
 4.99946E-01
 4.99946E-01
 4.99945E-01
 4.99945E-01
 4.99945E-01
 4.99945E-01
 4.99945E-01
 4.99945E-01
 4.99945E-01
 4.99945E-01
 4.99945E-01
 4.99945E-01
 4.99945E-01
 4.99945E-01
 4.99945E-01
 4.99945E-01
 4.99945E-01
 4.99944E-01
 4.99944E-01
 4.99944E-01
 4.99944E-01
 4.99944E-01
 4.99944E-01
 4.99944E-01
 4.99944E-01
 4.99944E-01
 4.99944E-01
 4.99944E-01
 4.99944E-01
 4.99944E-01
 4.99944E-01
 4.99944E-01
 4.99944E-01
 4.99944E-01
 4.99944E-01
 4.99944E-01
 4.99944E-01
 4.99944E-01
 4.99944E-01
 4.99943E-01
 4.99943E-01
 4.99943E-01
 4.99943E-01
 4.99943E-01
 4.99943E-01
 4.99943E-01
 4.99943E-01
 4.99943E-01
 4.99943E-01
 4.99943E-01
 4.99943E-01
 4.99943E-01
 4.99943E-01
 4.99943E-01
 4.99943E-01
 4.99943E-01
 4.99943E-01
 4.99943E-01
 4.99943E-01
 4.99943E-01
 4.99943E-01
 4.99943E-01
 4.99945E-01
 4.99945E-01
 4.99945E-01
 4.99945E-01
 4.99945E-01
 4.99945E-01
 4.99945E-01
 4.99946E-01
 4.99946E-01
 4.99946E-01
 4.99946E-01
 4.99946E-01
 4.99947E-01
 4.99947E-01
 4.99947E-01
 4.99947E-01
 4.99947E-01
 4.99947E-01
 4.99947E-01
 4.99947E-01
 4.99947E-01
 4.99948E-01
 4.99948E-01
 4.99948E-01
 4.99948E-01
 4.99948E-01
 4.99948E-01
 4.99948E-01
 4.99948E-01
 4.99948E-01
 4.99948E-01
 4.99948E-01
 4.99948E-01
 4.99947E-01
 4.99947E-01
 4.99947E-01
 4.99947E-01
 4.99947E-01
 4.99947E-01
 4.99947E-01
 4.99947E-01
 4.99947E-01
 4.99947E-01
 4.99947E-01
 4.99947E-01
 4.99947E-01
 4.99947E-01
 4.99947E-01
 4.99946E-01
 4.99946E-01
 4.99946E-01
 4.99946E-01
 4.99946E-01
 4.99946E-01
 4.99946E-01
 4.99946E-01
 4.99946E-01
 4.99946E-01
 4.99946E-01
 4.99946E-01
 4.99946E-01
 4.99945E-01
 4.99945E-01
 4.99945E-01
 4.99945E-01
 4.99945E-01
 4.99945E-01
 4.99945E-01
 4.99945E-01
 4.99945E-01
 4.99945E-01
 4.99945E-01
 4.99945E-01
 4.99945E-01
 4.99945E-01
 4.99945E-01
 4.99944E-01
 4.99944E-01
 4.99944E-01
 4.99944E-01
 4.99944E-01
 4.99944E-01
 4.99944E-01
 4.99944E-01
 4.99944E-01
 4.99944E-01
 4.99944E-01
 4.99944E-01
 4.99944E-01
 4.99944E-01
 4.99944E-01
 4.99944E-01
 4.99944E-01
 4.99944E-01
 4.99944E-01
 4.99944E-01
 4.99944E-01
 4.99944E-01
 4.99944E-01
 4.99943E-01
 4.99943E-01
 4.99943E-01
 4.99943E-01
 4.99943E-01
 4.99943E-01
 4.99943E-01
 4.99943E-01
 4.99943E-01
 4.99943E-01
 4.99943E-01
 4.99943E-01
 4.99943E-01
 4.99943E-01
 4.99943E-01
 4.99943E-01
 4.99943E-01
 4.99943E-01
 4.99943E-01
 4.99943E-01
 4.99943E-01
 4.99945E-01
 4.99945E-01
 4.99945E-01
 4.99945E-01
 4.99945E-01
 4.99945E-01
 4.99946E-01
 4.99946E-01
 4.99946E-01
 4.99946E-01
 4.99946E-01
 4.99947E-01
 4.99947E-01
 4.99947E-01
 4.99947E-01
 4.99947E-01
 4.99947E-01
 4.99947E-01
 4.99948E-01
 4.99948E-01
 4.99948E-01
 4.99948E-01
 4.99948E-01
 4.99948E-01
 4.99948E-01
 4.99948E-01
 4.99948E-01
 4.99948E-01
 4.99948E-01
 4.99948E-01
 4.99948E-01
 4.99948E-01
 4.99948E-01
 4.99948E-01
 4.99948E-01
 4.99948E-01
 4.99947E-01
 4.99947E-01
 4.99947E-01
 4.99947E-01
 4.99947E-01
 4.99947E-01
 4.99947E-01
 4.99947E-01
 4.99947E-01
 4.99947E-01
 4.99947E-01
 4.99947E-01
 4.99947E-01
 4.99947E-01
 4.99946E-01
 4.99946E-01
 4.99946E-01
 4.99946E-01
 4.99946E-01
 4.99946E-01
 4.99946E-01
 4.99946E-01
 4.99946E-01
 4.99946E-01
 4.99946E-01
 4.99946E-01
 4.99945E-01
 4.99945E-01
 4.99945E-01
 4.99945E-01
 4.99945E-01
 4.99945E-01
 4.99945E-01
 4.99945E-01
 4.99945E-01
 4.99945E-01
 4.99945E-01
 4.99945E-01
 4.99945E-01
 4.99945E-01
 4.99945E-01
 4.99944E-01
 4.99944E-01
 4.99944E-01
 4.99944E-01
 4.99944E-01
 4.99944E-01
 4.99944E-01
 4.99944E-01
 4.99944E-01
 4.99944E-01
 4.99944E-01
 4.99944E-01
 4.99944E-01
 4.99944E-01
 4.99944E-01
 4.99944E-01
 4.99944E-01
 4.99944E-01
 4.99944E-01
 4.99944E-01
 4.99944E-01
 4.99944E-01
 4.99944E-01
 4.99943E-01
 4.99943E-01
 4.99943E-01
 4.99943E-01
 4.99943E-01
 4.99943E-01
 4.99943E-01
 4.99943E-01
 4.99943E-01
 4.99943E-01
 4.99943E-01
 4.99943E-01
 4.99943E-01
 4.99943E-01
 4.99943E-01
 4.99943E-01
 4.99943E-01
 4.99943E-01
 4.99943E-01
 4.99943E-01
 4.99945E-01
 4.99945E-01
 4.99945E-01
 4.99945E-01
 4.99945E-01
 4.99946E-01
 4.99946E-01
 4.99946E-01
 4.99946E-01
 4.99947E-01
 4.99947E-01
 4.99947E-01
 4.99947E-01
 4.99947E-01
 4.99947E-01
 4.99948E-01
 4.99948E-01
 4.99948E-01
 4.99948E-01
 4.99948E-01
 4.99948E-01
 4.99948E-01
 4.99948E-01
 4.99948E-01
 4.99948E-01
 4.99948E-01
 4.99948E-01
 4.99948E-01
 4.99948E-01
 4.99948E-01
 4.99948E-01
 4.99948E-01
 4.99948E-01
 4.99948E-01
 4.99948E-01
 4.99948E-01
 4.99948E-01
 4.99948E-01
 4.99948E-01
 4.99947E-01
 4.99947E-01
 4.99947E-01
 4.99947E-01
 4.99947E-01
 4.99947E-01
 4.99947E-01
 4.99947E-01
 4.99947E-01
 4.99947E-01
 4.99947E-01
 4.99947E-01
 4.99946E-01
 4.99946E-01
 4.99946E-01
 4.99946E-01
 4.99946E-01
 4.99946E-01
 4.99946E-01
 4.99946E-01
 4.99946E-01
 4.99946E-01
 4.99946E-01
 4.99946E-01
 4.99945E-01
 4.99945E-01
 4.99945E-01
 4.99945E-01
 4.99945E-01
 4.99945E-01
 4.99945E-01
 4.99945E-01
 4.99945E-01
 4.99945E-01
 4.99945E-01
 4.99945E-01
 4.99945E-01
 4.99945E-01
 4.99945E-01
 4.99944E-01
 4.99944E-01
 4.99944E-01
 4.99944E-01
 4.99944E-01
 4.99944E-01
 4.99944E-01
 4.99944E-01
 4.99944E-01
 4.99944E-01
 4.99944E-01
 4.99944E-01
 4.99944E-01
 4.99944E-01
 4.99944E-01
 4.99944E-01
 4.99944E-01
 4.99944E-01
 4.99944E-01
 4.99944E-01
 4.99944E-01
 4.99944E-01
 4.99944E-01
 4.99944E-01
 4.99943E-01
 4.99943E-01
 4.99943E-01
 4.99943E-01
 4.99943E-01
 4.99943E-01
 4.99943E-01
 4.99943E-01
 4.99943E-01
 4.99943E-01
 4.99943E-01
 4.99943E-01
 4.99943E-01
 4.99943E-01
 4.99943E-01
 4.99943E-01
 4.99943E-01
 4.99943E-01
 4.99945E-01
 4.99945E-01
 4.99945E-01
 4.99945E-01
 4.99946E-01
 4.99946E-01
 4.99946E-01
 4.99946E-01
 4.99947E-01
 4.99947E-01
 4.99947E-01
 4.99947E-01
 4.99947E-01
 4.99948E-01
 4.99948E-01
 4.99948E-01
 4.99948E-01
 4.99948E-01
 4.99948E-01
 4.99948E-01
 4.99948E-01
 4.99948E-01
 4.99948E-01
 4.99948E-01
 4.99948E-01
 4.99948E-01
 4.99948E-01
 4.99948E-01
 4.99948E-01
 4.99948E-01
 4.99948E-01
 4.99948E-01
 4.99948E-01
 4.99948E-01
 4.99948E-01
 4.99948E-01
 4.99948E-01
 4.99948E-01
 4.99948E-01
 4.99948E-01
 4.99948E-01
 4.99947E-01
 4.99947E-01
 4.99947E-01
 4.99947E-01
 4.99947E-01
 4.99947E-01
 4.99947E-01
 4.99947E-01
 4.99947E-01
 4.99947E-01
 4.99947E-01
 4.99946E-01
 4.99946E-01
 4.99946E-01
 4.99946E-01
 4.99946E-01
 4.99946E-01
 4.99946E-01
 4.99946E-01
 4.99946E-01
 4.99946E-01
 4.99946E-01
 4.99946E-01
 4.99945E-01
 4.99945E-01
 4.99945E-01
 4.99945E-01
 4.99945E-01
 4.99945E-01
 4.99945E-01
 4.99945E-01
 4.99945E-01
 4.99945E-01
 4.99945E-01
 4.99945E-01
 4.99945E-01
 4.99945E-01
 4.99944E-01
 4.99944E-01
 4.99944E-01
 4.99944E-01
 4.99944E-01
 4.99944E-01
 4.99944E-01
 4.99944E-01
 4.99944E-01
 4.99944E-01
 4.99944E-01
 4.99944E-01
 4.99944E-01
 4.99944E-01
 4.99944E-01
 4.99944E-01
 4.99944E-01
 4.99944E-01
 4.99944E-01
 4.99944E-01
 4.99944E-01
 4.99944E-01
 4.99944E-01
 4.99944E-01
 4.99944E-01
 4.99943E-01
 4.99943E-01
 4.99943E-01
 4.99943E-01
 4.99943E-01
 4.99943E-01
 4.99943E-01
 4.99943E-01
 4.99943E-01
 4.99943E-01
 4.99943E-01
 4.99943E-01
 4.99943E-01
 4.99943E-01
 4.99943E-01
 4.99943E-01
 4.99943E-01
 4.99945E-01
 4.99945E-01
 4.99945E-01
 4.99946E-01
 4.99946E-01
 4.99946E-01
 4.99946E-01
 4.99947E-01
 4.99947E-01
 4.99947E-01
 4.99947E-01
 4.99948E-01
 4.99948E-01
 4.99948E-01
 4.99948E-01
 4.99948E-01
 4.99948E-01
 4.99948E-01
 4.99948E-01
 4.99949E-01
 4.99949E-01
 4.99949E-01
 4.99949E-01
 4.99949E-01
 4.99949E-01
 4.99949E-01
 4.99949E-01
 4.99949E-01
 4.99948E-01
 4.99948E-01
 4.99948E-01
 4.99948E-01
 4.99948E-01
 4.99948E-01
 4.99948E-01
 4.99948E-01
 4.99948E-01
 4.99948E-01
 4.99948E-01
 4.99948E-01
 4.99948E-01
 4.99948E-01
 4.99947E-01
 4.99947E-01
 4.99947E-01
 4.99947E-01
 4.99947E-01
 4.99947E-01
 4.99947E-01
 4.99947E-01
 4.99947E-01
 4.99947E-01
 4.99947E-01
 4.99946E-01
 4.99946E-01
 4.99946E-01
 4.99946E-01
 4.99946E-01
 4.99946E-01
 4.99946E-01
 4.99946E-01
 4.99946E-01
 4.99946E-01
 4.99946E-01
 4.99946E-01
 4.99945E-01
 4.99945E-01
 4.99945E-01
 4.99945E-01
 4.99945E-01
 4.99945E-01
 4.99945E-01
 4.99945E-01
 4.99945E-01
 4.99945E-01
 4.99945E-01
 4.99945E-01
 4.99945E-01
 4.99945E-01
 4.99944E-01
 4.99944E-01
 4.99944E-01
 4.99944E-01
 4.99944E-01
 4.99944E-01
 4.99944E-01
 4.99944E-01
 4.99944E-01
 4.99944E-01
 4.99944E-01
 4.99944E-01
 4.99944E-01
 4.99944E-01
 4.99944E-01
 4.99944E-01
 4.99944E-01
 4.99944E-01
 4.99944E-01
 4.99944E-01
 4.99944E-01
 4.99944E-01
 4.99944E-01
 4.99944E-01
 4.99944E-01
 4.99943E-01
 4.99943E-01
 4.99943E-01
 4.99943E-01
 4.99943E-01
 4.99943E-01
 4.99943E-01
 4.99943E-01
 4.99943E-01
 4.99943E-01
 4.99943E-01
 4.99943E-01
 4.99943E-01
 4.99943E-01
 4.99943E-01
 4.99943E-01
 4.99945E-01
 4.99945E-01
 4.99946E-01
 4.99946E-01
 4.99946E-01
 4.99946E-01
 4.99947E-01
 4.99947E-01
 4.99947E-01
 4.99947E-01
 4.99948E-01
 4.99948E-01
 4.99948E-01
 4.99948E-01
 4.99948E-01
 4.99948E-01
 4.99949E-01
 4.99949E-01
 4.99949E-01
 4.99949E-01
 4.99949E-01
 4.99949E-01
 4.99949E-01
 4.99949E-01
 4.99949E-01
 4.99949E-01
 4.99949E-01
 4.99949E-01
 4.99949E-01
 4.99949E-01
 4.99949E-01
 4.99949E-01
 4.99948E-01
 4.99948E-01
 4.99948E-01
 4.99948E-01
 4.99948E-01
 4.99948E-01
 4.99948E-01
 4.99948E-01
 4.99948E-01
 4.99948E-01
 4.99948E-01
 4.99947E-01
 4.99947E-01
 4.99947E-01
 4.99947E-01
 4.99947E-01
 4.99947E-01
 4.99947E-01
 4.99947E-01
 4.99947E-01
 4.99947E-01
 4.99947E-01
 4.99946E-01
 4.99946E-01
 4.99946E-01
 4.99946E-01
 4.99946E-01
 4.99946E-01
 4.99946E-01
 4.99946E-01
 4.99946E-01
 4.99946E-01
 4.99946E-01
 4.99946E-01
 4.99945E-01
 4.99945E-01
 4.99945E-01
 4.99945E-01
 4.99945E-01
 4.99945E-01
 4.99945E-01
 4.99945E-01
 4.99945E-01
 4.99945E-01
 4.99945E-01
 4.99945E-01
 4.99945E-01
 4.99945E-01
 4.99944E-01
 4.99944E-01
 4.99944E-01
 4.99944E-01
 4.99944E-01
 4.99944E-01
 4.99944E-01
 4.99944E-01
 4.99944E-01
 4.99944E-01
 4.99944E-01
 4.99944E-01
 4.99944E-01
 4.99944E-01
 4.99944E-01
 4.99944E-01
 4.99944E-01
 4.99944E-01
 4.99944E-01
 4.99944E-01
 4.99944E-01
 4.99944E-01
 4.99944E-01
 4.99944E-01
 4.99944E-01
 4.99944E-01
 4.99943E-01
 4.99943E-01
 4.99943E-01
 4.99943E-01
 4.99943E-01
 4.99943E-01
 4.99943E-01
 4.99943E-01
 4.99943E-01
 4.99943E-01
 4.99943E-01
 4.99943E-01
 4.99943E-01
 4.99943E-01
 4.99945E-01
 4.99945E-01
 4.99946E-01
 4.99946E-01
 4.99946E-01
 4.99947E-01
 4.99947E-01
 4.99947E-01
 4.99947E-01
 4.99948E-01
 4.99948E-01
 4.99948E-01
 4.99948E-01
 4.99949E-01
 4.99949E-01
 4.99949E-01
 4.99949E-01
 4.99949E-01
 4.99949E-01
 4.99949E-01
 4.99949E-01
 4.99949E-01
 4.99949E-01
 4.99949E-01
 4.99949E-01
 4.99949E-01
 4.99949E-01
 4.99949E-01
 4.99949E-01
 4.99949E-01
 4.99949E-01
 4.99949E-01
 4.99949E-01
 4.99949E-01
 4.99948E-01
 4.99948E-01
 4.99948E-01
 4.99948E-01
 4.99948E-01
 4.99948E-01
 4.99948E-01
 4.99948E-01
 4.99948E-01
 4.99948E-01
 4.99948E-01
 4.99947E-01
 4.99947E-01
 4.99947E-01
 4.99947E-01
 4.99947E-01
 4.99947E-01
 4.99947E-01
 4.99947E-01
 4.99947E-01
 4.99947E-01
 4.99946E-01
 4.99946E-01
 4.99946E-01
 4.99946E-01
 4.99946E-01
 4.99946E-01
 4.99946E-01
 4.99946E-01
 4.99946E-01
 4.99946E-01
 4.99946E-01
 4.99945E-01
 4.99945E-01
 4.99945E-01
 4.99945E-01
 4.99945E-01
 4.99945E-01
 4.99945E-01
 4.99945E-01
 4.99945E-01
 4.99945E-01
 4.99945E-01
 4.99945E-01
 4.99945E-01
 4.99945E-01
 4.99945E-01
 4.99944E-01
 4.99944E-01
 4.99944E-01
 4.99944E-01
 4.99944E-01
 4.99944E-01
 4.99944E-01
 4.99944E-01
 4.99944E-01
 4.99944E-01
 4.99944E-01
 4.99944E-01
 4.99944E-01
 4.99944E-01
 4.99944E-01
 4.99944E-01
 4.99944E-01
 4.99944E-01
 4.99944E-01
 4.99944E-01
 4.99944E-01
 4.99944E-01
 4.99944E-01
 4.99944E-01
 4.99944E-01
 4.99944E-01
 4.99943E-01
 4.99943E-01
 4.99943E-01
 4.99943E-01
 4.99943E-01
 4.99943E-01
 4.99943E-01
 4.99943E-01
 4.99943E-01
 4.99943E-01
 4.99943E-01
 4.99943E-01
 4.99943E-01
 4.99945E-01
 4.99946E-01
 4.99946E-01
 4.99946E-01
 4.99946E-01
 4.99947E-01
 4.99947E-01
 4.99947E-01
 4.99948E-01
 4.99948E-01
 4.99948E-01
 4.99948E-01
 4.99949E-01
 4.99949E-01
 4.99949E-01
 4.99949E-01
 4.99949E-01
 4.99949E-01
 4.99949E-01
 4.99949E-01
 4.99949E-01
 4.99949E-01
 4.99949E-01
 4.99949E-01
 4.99949E-01
 4.99949E-01
 4.99949E-01
 4.99949E-01
 4.99949E-01
 4.99949E-01
 4.99949E-01
 4.99949E-01
 4.99949E-01
 4.99949E-01
 4.99949E-01
 4.99948E-01
 4.99948E-01
 4.99948E-01
 4.99948E-01
 4.99948E-01
 4.99948E-01
 4.99948E-01
 4.99948E-01
 4.99948E-01
 4.99948E-01
 4.99948E-01
 4.99947E-01
 4.99947E-01
 4.99947E-01
 4.99947E-01
 4.99947E-01
 4.99947E-01
 4.99947E-01
 4.99947E-01
 4.99947E-01
 4.99947E-01
 4.99946E-01
 4.99946E-01
 4.99946E-01
 4.99946E-01
 4.99946E-01
 4.99946E-01
 4.99946E-01
 4.99946E-01
 4.99946E-01
 4.99946E-01
 4.99946E-01
 4.99945E-01
 4.99945E-01
 4.99945E-01
 4.99945E-01
 4.99945E-01
 4.99945E-01
 4.99945E-01
 4.99945E-01
 4.99945E-01
 4.99945E-01
 4.99945E-01
 4.99945E-01
 4.99945E-01
 4.99945E-01
 4.99944E-01
 4.99944E-01
 4.99944E-01
 4.99944E-01
 4.99944E-01
 4.99944E-01
 4.99944E-01
 4.99944E-01
 4.99944E-01
 4.99944E-01
 4.99944E-01
 4.99944E-01
 4.99944E-01
 4.99944E-01
 4.99944E-01
 4.99944E-01
 4.99944E-01
 4.99944E-01
 4.99944E-01
 4.99944E-01
 4.99944E-01
 4.99944E-01
 4.99944E-01
 4.99944E-01
 4.99944E-01
 4.99944E-01
 4.99944E-01
 4.99943E-01
 4.99943E-01
 4.99943E-01
 4.99943E-01
 4.99943E-01
 4.99943E-01
 4.99943E-01
 4.99943E-01
 4.99943E-01
 4.99943E-01
 4.99943E-01
 4.99943E-01
 4.99945E-01
 4.99946E-01
 4.99946E-01
 4.99946E-01
 4.99947E-01
 4.99947E-01
 4.99947E-01
 4.99948E-01
 4.99948E-01
 4.99948E-01
 4.99949E-01
 4.99949E-01
 4.99949E-01
 4.99949E-01
 4.99949E-01
 4.99949E-01
 4.99949E-01
 4.99949E-01
 4.99950E-01
 4.99950E-01
 4.99950E-01
 4.99950E-01
 4.99950E-01
 4.99949E-01
 4.99949E-01
 4.99949E-01
 4.99949E-01
 4.99949E-01
 4.99949E-01
 4.99949E-01
 4.99949E-01
 4.99949E-01
 4.99949E-01
 4.99949E-01
 4.99949E-01
 4.99949E-01
 4.99949E-01
 4.99948E-01
 4.99948E-01
 4.99948E-01
 4.99948E-01
 4.99948E-01
 4.99948E-01
 4.99948E-01
 4.99948E-01
 4.99948E-01
 4.99947E-01
 4.99947E-01
 4.99947E-01
 4.99947E-01
 4.99947E-01
 4.99947E-01
 4.99947E-01
 4.99947E-01
 4.99947E-01
 4.99947E-01
 4.99946E-01
 4.99946E-01
 4.99946E-01
 4.99946E-01
 4.99946E-01
 4.99946E-01
 4.99946E-01
 4.99946E-01
 4.99946E-01
 4.99946E-01
 4.99946E-01
 4.99945E-01
 4.99945E-01
 4.99945E-01
 4.99945E-01
 4.99945E-01
 4.99945E-01
 4.99945E-01
 4.99945E-01
 4.99945E-01
 4.99945E-01
 4.99945E-01
 4.99945E-01
 4.99945E-01
 4.99945E-01
 4.99945E-01
 4.99944E-01
 4.99944E-01
 4.99944E-01
 4.99944E-01
 4.99944E-01
 4.99944E-01
 4.99944E-01
 4.99944E-01
 4.99944E-01
 4.99944E-01
 4.99944E-01
 4.99944E-01
 4.99944E-01
 4.99944E-01
 4.99944E-01
 4.99944E-01
 4.99944E-01
 4.99944E-01
 4.99944E-01
 4.99944E-01
 4.99944E-01
 4.99944E-01
 4.99944E-01
 4.99944E-01
 4.99944E-01
 4.99944E-01
 4.99944E-01
 4.99944E-01
 4.99943E-01
 4.99943E-01
 4.99943E-01
 4.99943E-01
 4.99943E-01
 4.99943E-01
 4.99943E-01
 4.99943E-01
 4.99943E-01
 4.99943E-01
 4.99945E-01
 4.99946E-01
 4.99946E-01
 4.99947E-01
 4.99947E-01
 4.99947E-01
 4.99948E-01
 4.99948E-01
 4.99948E-01
 4.99949E-01
 4.99949E-01
 4.99949E-01
 4.99949E-01
 4.99949E-01
 4.99950E-01
 4.99950E-01
 4.99950E-01
 4.99950E-01
 4.99950E-01
 4.99950E-01
 4.99950E-01
 4.99950E-01
 4.99950E-01
 4.99950E-01
 4.99950E-01
 4.99950E-01
 4.99950E-01
 4.99949E-01
 4.99949E-01
 4.99949E-01
 4.99949E-01
 4.99949E-01
 4.99949E-01
 4.99949E-01
 4.99949E-01
 4.99949E-01
 4.99949E-01
 4.99949E-01
 4.99948E-01
 4.99948E-01
 4.99948E-01
 4.99948E-01
 4.99948E-01
 4.99948E-01
 4.99948E-01
 4.99948E-01
 4.99948E-01
 4.99947E-01
 4.99947E-01
 4.99947E-01
 4.99947E-01
 4.99947E-01
 4.99947E-01
 4.99947E-01
 4.99947E-01
 4.99947E-01
 4.99947E-01
 4.99946E-01
 4.99946E-01
 4.99946E-01
 4.99946E-01
 4.99946E-01
 4.99946E-01
 4.99946E-01
 4.99946E-01
 4.99946E-01
 4.99946E-01
 4.99946E-01
 4.99945E-01
 4.99945E-01
 4.99945E-01
 4.99945E-01
 4.99945E-01
 4.99945E-01
 4.99945E-01
 4.99945E-01
 4.99945E-01
 4.99945E-01
 4.99945E-01
 4.99945E-01
 4.99945E-01
 4.99945E-01
 4.99944E-01
 4.99944E-01
 4.99944E-01
 4.99944E-01
 4.99944E-01
 4.99944E-01
 4.99944E-01
 4.99944E-01
 4.99944E-01
 4.99944E-01
 4.99944E-01
 4.99944E-01
 4.99944E-01
 4.99944E-01
 4.99944E-01
 4.99944E-01
 4.99944E-01
 4.99944E-01
 4.99944E-01
 4.99944E-01
 4.99944E-01
 4.99944E-01
 4.99944E-01
 4.99944E-01
 4.99944E-01
 4.99944E-01
 4.99944E-01
 4.99944E-01
 4.99944E-01
 4.99943E-01
 4.99943E-01
 4.99943E-01
 4.99943E-01
 4.99943E-01
 4.99943E-01
 4.99943E-01
 4.99943E-01
 4.99943E-01
 4.99946E-01
 4.99946E-01
 4.99946E-01
 4.99947E-01
 4.99947E-01
 4.99948E-01
 4.99948E-01
 4.99948E-01
 4.99949E-01
 4.99949E-01
 4.99949E-01
 4.99949E-01
 4.99950E-01
 4.99950E-01
 4.99950E-01
 4.99950E-01
 4.99950E-01
 4.99950E-01
 4.99950E-01
 4.99950E-01
 4.99950E-01
 4.99950E-01
 4.99950E-01
 4.99950E-01
 4.99950E-01
 4.99950E-01
 4.99950E-01
 4.99950E-01
 4.99949E-01
 4.99949E-01
 4.99949E-01
 4.99949E-01
 4.99949E-01
 4.99949E-01
 4.99949E-01
 4.99949E-01
 4.99949E-01
 4.99949E-01
 4.99949E-01
 4.99948E-01
 4.99948E-01
 4.99948E-01
 4.99948E-01
 4.99948E-01
 4.99948E-01
 4.99948E-01
 4.99948E-01
 4.99948E-01
 4.99947E-01
 4.99947E-01
 4.99947E-01
 4.99947E-01
 4.99947E-01
 4.99947E-01
 4.99947E-01
 4.99947E-01
 4.99947E-01
 4.99946E-01
 4.99946E-01
 4.99946E-01
 4.99946E-01
 4.99946E-01
 4.99946E-01
 4.99946E-01
 4.99946E-01
 4.99946E-01
 4.99946E-01
 4.99946E-01
 4.99945E-01
 4.99945E-01
 4.99945E-01
 4.99945E-01
 4.99945E-01
 4.99945E-01
 4.99945E-01
 4.99945E-01
 4.99945E-01
 4.99945E-01
 4.99945E-01
 4.99945E-01
 4.99945E-01
 4.99945E-01
 4.99945E-01
 4.99944E-01
 4.99944E-01
 4.99944E-01
 4.99944E-01
 4.99944E-01
 4.99944E-01
 4.99944E-01
 4.99944E-01
 4.99944E-01
 4.99944E-01
 4.99944E-01
 4.99944E-01
 4.99944E-01
 4.99944E-01
 4.99944E-01
 4.99944E-01
 4.99944E-01
 4.99944E-01
 4.99944E-01
 4.99944E-01
 4.99944E-01
 4.99944E-01
 4.99944E-01
 4.99944E-01
 4.99944E-01
 4.99944E-01
 4.99944E-01
 4.99944E-01
 4.99944E-01
 4.99944E-01
 4.99943E-01
 4.99943E-01
 4.99943E-01
 4.99943E-01
 4.99943E-01
 4.99943E-01
 4.99943E-01
 4.99946E-01
 4.99946E-01
 4.99947E-01
 4.99947E-01
 4.99948E-01
 4.99948E-01
 4.99948E-01
 4.99949E-01
 4.99949E-01
 4.99949E-01
 4.99950E-01
 4.99950E-01
 4.99950E-01
 4.99950E-01
 4.99950E-01
 4.99950E-01
 4.99950E-01
 4.99950E-01
 4.99950E-01
 4.99950E-01
 4.99950E-01
 4.99950E-01
 4.99950E-01
 4.99950E-01
 4.99950E-01
 4.99950E-01
 4.99950E-01
 4.99950E-01
 4.99950E-01
 4.99950E-01
 4.99949E-01
 4.99949E-01
 4.99949E-01
 4.99949E-01
 4.99949E-01
 4.99949E-01
 4.99949E-01
 4.99949E-01
 4.99949E-01
 4.99948E-01
 4.99948E-01
 4.99948E-01
 4.99948E-01
 4.99948E-01
 4.99948E-01
 4.99948E-01
 4.99948E-01
 4.99948E-01
 4.99947E-01
 4.99947E-01
 4.99947E-01
 4.99947E-01
 4.99947E-01
 4.99947E-01
 4.99947E-01
 4.99947E-01
 4.99947E-01
 4.99947E-01
 4.99946E-01
 4.99946E-01
 4.99946E-01
 4.99946E-01
 4.99946E-01
 4.99946E-01
 4.99946E-01
 4.99946E-01
 4.99946E-01
 4.99946E-01
 4.99946E-01
 4.99945E-01
 4.99945E-01
 4.99945E-01
 4.99945E-01
 4.99945E-01
 4.99945E-01
 4.99945E-01
 4.99945E-01
 4.99945E-01
 4.99945E-01
 4.99945E-01
 4.99945E-01
 4.99945E-01
 4.99945E-01
 4.99944E-01
 4.99944E-01
 4.99944E-01
 4.99944E-01
 4.99944E-01
 4.99944E-01
 4.99944E-01
 4.99944E-01
 4.99944E-01
 4.99944E-01
 4.99944E-01
 4.99944E-01
 4.99944E-01
 4.99944E-01
 4.99944E-01
 4.99944E-01
 4.99944E-01
 4.99944E-01
 4.99944E-01
 4.99944E-01
 4.99944E-01
 4.99944E-01
 4.99944E-01
 4.99944E-01
 4.99944E-01
 4.99944E-01
 4.99944E-01
 4.99944E-01
 4.99944E-01
 4.99944E-01
 4.99944E-01
 4.99943E-01
 4.99943E-01
 4.99943E-01
 4.99943E-01
 4.99943E-01
 4.99943E-01
 4.99946E-01
 4.99946E-01
 4.99947E-01
 4.99947E-01
 4.99948E-01
 4.99948E-01
 4.99949E-01
 4.99949E-01
 4.99950E-01
 4.99950E-01
 4.99950E-01
 4.99950E-01
 4.99950E-01
 4.99950E-01
 4.99950E-01
 4.99950E-01
 4.99950E-01
 4.99950E-01
 4.99950E-01
 4.99950E-01
 4.99950E-01
 4.99950E-01
 4.99950E-01
 4.99950E-01
 4.99950E-01
 4.99950E-01
 4.99950E-01
 4.99950E-01
 4.99950E-01
 4.99950E-01
 4.99950E-01
 4.99949E-01
 4.99949E-01
 4.99949E-01
 4.99949E-01
 4.99949E-01
 4.99949E-01
 4.99949E-01
 4.99949E-01
 4.99949E-01
 4.99948E-01
 4.99948E-01
 4.99948E-01
 4.99948E-01
 4.99948E-01
 4.99948E-01
 4.99948E-01
 4.99948E-01
 4.99947E-01
 4.99947E-01
 4.99947E-01
 4.99947E-01
 4.99947E-01
 4.99947E-01
 4.99947E-01
 4.99947E-01
 4.99947E-01
 4.99947E-01
 4.99946E-01
 4.99946E-01
 4.99946E-01
 4.99946E-01
 4.99946E-01
 4.99946E-01
 4.99946E-01
 4.99946E-01
 4.99946E-01
 4.99946E-01
 4.99946E-01
 4.99945E-01
 4.99945E-01
 4.99945E-01
 4.99945E-01
 4.99945E-01
 4.99945E-01
 4.99945E-01
 4.99945E-01
 4.99945E-01
 4.99945E-01
 4.99945E-01
 4.99945E-01
 4.99945E-01
 4.99945E-01
 4.99944E-01
 4.99944E-01
 4.99944E-01
 4.99944E-01
 4.99944E-01
 4.99944E-01
 4.99944E-01
 4.99944E-01
 4.99944E-01
 4.99944E-01
 4.99944E-01
 4.99944E-01
 4.99944E-01
 4.99944E-01
 4.99944E-01
 4.99944E-01
 4.99944E-01
 4.99944E-01
 4.99944E-01
 4.99944E-01
 4.99944E-01
 4.99944E-01
 4.99944E-01
 4.99944E-01
 4.99944E-01
 4.99944E-01
 4.99944E-01
 4.99944E-01
 4.99944E-01
 4.99944E-01
 4.99944E-01
 4.99944E-01
 4.99943E-01
 4.99943E-01
 4.99943E-01
 4.99943E-01
 4.99943E-01
 4.99946E-01
 4.99946E-01
 4.99947E-01
 4.99948E-01
 4.99948E-01
 4.99949E-01
 4.99949E-01
 4.99950E-01
 4.99950E-01
 4.99950E-01
 4.99950E-01
 4.99950E-01
 4.99950E-01
 4.99951E-01
 4.99951E-01
 4.99951E-01
 4.99951E-01
 4.99951E-01
 4.99951E-01
 4.99951E-01
 4.99950E-01
 4.99950E-01
 4.99950E-01
 4.99950E-01
 4.99950E-01
 4.99950E-01
 4.99950E-01
 4.99950E-01
 4.99950E-01
 4.99950E-01
 4.99950E-01
 4.99949E-01
 4.99949E-01
 4.99949E-01
 4.99949E-01
 4.99949E-01
 4.99949E-01
 4.99949E-01
 4.99949E-01
 4.99949E-01
 4.99948E-01
 4.99948E-01
 4.99948E-01
 4.99948E-01
 4.99948E-01
 4.99948E-01
 4.99948E-01
 4.99948E-01
 4.99948E-01
 4.99947E-01
 4.99947E-01
 4.99947E-01
 4.99947E-01
 4.99947E-01
 4.99947E-01
 4.99947E-01
 4.99947E-01
 4.99947E-01
 4.99946E-01
 4.99946E-01
 4.99946E-01
 4.99946E-01
 4.99946E-01
 4.99946E-01
 4.99946E-01
 4.99946E-01
 4.99946E-01
 4.99946E-01
 4.99946E-01
 4.99945E-01
 4.99945E-01
 4.99945E-01
 4.99945E-01
 4.99945E-01
 4.99945E-01
 4.99945E-01
 4.99945E-01
 4.99945E-01
 4.99945E-01
 4.99945E-01
 4.99945E-01
 4.99945E-01
 4.99945E-01
 4.99945E-01
 4.99944E-01
 4.99944E-01
 4.99944E-01
 4.99944E-01
 4.99944E-01
 4.99944E-01
 4.99944E-01
 4.99944E-01
 4.99944E-01
 4.99944E-01
 4.99944E-01
 4.99944E-01
 4.99944E-01
 4.99944E-01
 4.99944E-01
 4.99944E-01
 4.99944E-01
 4.99944E-01
 4.99944E-01
 4.99944E-01
 4.99944E-01
 4.99944E-01
 4.99944E-01
 4.99944E-01
 4.99944E-01
 4.99944E-01
 4.99944E-01
 4.99944E-01
 4.99944E-01
 4.99944E-01
 4.99944E-01
 4.99944E-01
 4.99944E-01
 4.99943E-01
 4.99943E-01
 4.99943E-01
 4.99946E-01
 4.99947E-01
 4.99948E-01
 4.99948E-01
 4.99949E-01
 4.99949E-01
 4.99950E-01
 4.99950E-01
 4.99950E-01
 4.99950E-01
 4.99951E-01
 4.99951E-01
 4.99951E-01
 4.99951E-01
 4.99951E-01
 4.99951E-01
 4.99951E-01
 4.99951E-01
 4.99951E-01
 4.99951E-01
 4.99951E-01
 4.99951E-01
 4.99950E-01
 4.99950E-01
 4.99950E-01
 4.99950E-01
 4.99950E-01
 4.99950E-01
 4.99950E-01
 4.99950E-01
 4.99950E-01
 4.99950E-01
 4.99949E-01
 4.99949E-01
 4.99949E-01
 4.99949E-01
 4.99949E-01
 4.99949E-01
 4.99949E-01
 4.99949E-01
 4.99949E-01
 4.99948E-01
 4.99948E-01
 4.99948E-01
 4.99948E-01
 4.99948E-01
 4.99948E-01
 4.99948E-01
 4.99948E-01
 4.99947E-01
 4.99947E-01
 4.99947E-01
 4.99947E-01
 4.99947E-01
 4.99947E-01
 4.99947E-01
 4.99947E-01
 4.99947E-01
 4.99946E-01
 4.99946E-01
 4.99946E-01
 4.99946E-01
 4.99946E-01
 4.99946E-01
 4.99946E-01
 4.99946E-01
 4.99946E-01
 4.99946E-01
 4.99946E-01
 4.99945E-01
 4.99945E-01
 4.99945E-01
 4.99945E-01
 4.99945E-01
 4.99945E-01
 4.99945E-01
 4.99945E-01
 4.99945E-01
 4.99945E-01
 4.99945E-01
 4.99945E-01
 4.99945E-01
 4.99945E-01
 4.99945E-01
 4.99944E-01
 4.99944E-01
 4.99944E-01
 4.99944E-01
 4.99944E-01
 4.99944E-01
 4.99944E-01
 4.99944E-01
 4.99944E-01
 4.99944E-01
 4.99944E-01
 4.99944E-01
 4.99944E-01
 4.99944E-01
 4.99944E-01
 4.99944E-01
 4.99944E-01
 4.99944E-01
 4.99944E-01
 4.99944E-01
 4.99944E-01
 4.99944E-01
 4.99944E-01
 4.99944E-01
 4.99944E-01
 4.99944E-01
 4.99944E-01
 4.99944E-01
 4.99944E-01
 4.99944E-01
 4.99944E-01
 4.99944E-01
 4.99944E-01
 4.99944E-01
 4.99944E-01
 4.99944E-01
 4.99947E-01
 4.99947E-01
 4.99948E-01
 4.99949E-01
 4.99949E-01
 4.99950E-01
 4.99950E-01
 4.99950E-01
 4.99951E-01
 4.99951E-01
 4.99951E-01
 4.99951E-01
 4.99951E-01
 4.99951E-01
 4.99951E-01
 4.99951E-01
 4.99951E-01
 4.99951E-01
 4.99951E-01
 4.99951E-01
 4.99951E-01
 4.99951E-01
 4.99951E-01
 4.99950E-01
 4.99950E-01
 4.99950E-01
 4.99950E-01
 4.99950E-01
 4.99950E-01
 4.99950E-01
 4.99950E-01
 4.99950E-01
 4.99949E-01
 4.99949E-01
 4.99949E-01
 4.99949E-01
 4.99949E-01
 4.99949E-01
 4.99949E-01
 4.99949E-01
 4.99949E-01
 4.99948E-01
 4.99948E-01
 4.99948E-01
 4.99948E-01
 4.99948E-01
 4.99948E-01
 4.99948E-01
 4.99948E-01
 4.99947E-01
 4.99947E-01
 4.99947E-01
 4.99947E-01
 4.99947E-01
 4.99947E-01
 4.99947E-01
 4.99947E-01
 4.99947E-01
 4.99946E-01
 4.99946E-01
 4.99946E-01
 4.99946E-01
 4.99946E-01
 4.99946E-01
 4.99946E-01
 4.99946E-01
 4.99946E-01
 4.99946E-01
 4.99946E-01
 4.99945E-01
 4.99945E-01
 4.99945E-01
 4.99945E-01
 4.99945E-01
 4.99945E-01
 4.99945E-01
 4.99945E-01
 4.99945E-01
 4.99945E-01
 4.99945E-01
 4.99945E-01
 4.99945E-01
 4.99945E-01
 4.99945E-01
 4.99944E-01
 4.99944E-01
 4.99944E-01
 4.99944E-01
 4.99944E-01
 4.99944E-01
 4.99944E-01
 4.99944E-01
 4.99944E-01
 4.99944E-01
 4.99944E-01
 4.99944E-01
 4.99944E-01
 4.99944E-01
 4.99944E-01
 4.99944E-01
 4.99944E-01
 4.99944E-01
 4.99944E-01
 4.99944E-01
 4.99944E-01
 4.99944E-01
 4.99944E-01
 4.99944E-01
 4.99944E-01
 4.99944E-01
 4.99944E-01
 4.99944E-01
 4.99944E-01
 4.99944E-01
 4.99944E-01
 4.99944E-01
 4.99944E-01
 4.99944E-01
 4.99944E-01
 4.99944E-01
 4.99947E-01
 4.99948E-01
 4.99949E-01
 4.99950E-01
 4.99950E-01
 4.99950E-01
 4.99951E-01
 4.99951E-01
 4.99951E-01
 4.99951E-01
 4.99951E-01
 4.99951E-01
 4.99951E-01
 4.99951E-01
 4.99951E-01
 4.99951E-01
 4.99951E-01
 4.99951E-01
 4.99951E-01
 4.99951E-01
 4.99951E-01
 4.99951E-01
 4.99951E-01
 4.99950E-01
 4.99950E-01
 4.99950E-01
 4.99950E-01
 4.99950E-01
 4.99950E-01
 4.99950E-01
 4.99950E-01
 4.99950E-01
 4.99950E-01
 4.99949E-01
 4.99949E-01
 4.99949E-01
 4.99949E-01
 4.99949E-01
 4.99949E-01
 4.99949E-01
 4.99949E-01
 4.99948E-01
 4.99948E-01
 4.99948E-01
 4.99948E-01
 4.99948E-01
 4.99948E-01
 4.99948E-01
 4.99948E-01
 4.99947E-01
 4.99947E-01
 4.99947E-01
 4.99947E-01
 4.99947E-01
 4.99947E-01
 4.99947E-01
 4.99947E-01
 4.99947E-01
 4.99947E-01
 4.99946E-01
 4.99946E-01
 4.99946E-01
 4.99946E-01
 4.99946E-01
 4.99946E-01
 4.99946E-01
 4.99946E-01
 4.99946E-01
 4.99946E-01
 4.99945E-01
 4.99945E-01
 4.99945E-01
 4.99945E-01
 4.99945E-01
 4.99945E-01
 4.99945E-01
 4.99945E-01
 4.99945E-01
 4.99945E-01
 4.99945E-01
 4.99945E-01
 4.99945E-01
 4.99945E-01
 4.99945E-01
 4.99944E-01
 4.99944E-01
 4.99944E-01
 4.99944E-01
 4.99944E-01
 4.99944E-01
 4.99944E-01
 4.99944E-01
 4.99944E-01
 4.99944E-01
 4.99944E-01
 4.99944E-01
 4.99944E-01
 4.99944E-01
 4.99944E-01
 4.99944E-01
 4.99944E-01
 4.99944E-01
 4.99944E-01
 4.99944E-01
 4.99944E-01
 4.99944E-01
 4.99944E-01
 4.99944E-01
 4.99944E-01
 4.99944E-01
 4.99944E-01
 4.99944E-01
 4.99944E-01
 4.99944E-01
 4.99944E-01
 4.99944E-01
 4.99944E-01
 4.99944E-01
 4.99944E-01
 4.99944E-01
