  1.8532923295812320E-03
  1.8532991886864836E-03
  1.8533196682581567E-03
  1.8533536241953136E-03
  1.8534009156855834E-03
  1.8534614051260289E-03
  1.8535349580464486E-03
  1.8536214430350511E-03
  1.8537207316664081E-03
  1.8538326984316061E-03
  1.8539572206705255E-03
  1.8540941785061696E-03
  1.8542434547809716E-03
  1.8544049349950114E-03
  1.8545785072460925E-03
  1.8547640621715896E-03
  1.8549614928920243E-03
  1.8551706949563134E-03
  1.8553915662886244E-03
  1.8556240071367892E-03
  1.8558679200222270E-03
  1.8561232096913228E-03
  1.8563897830682198E-03
  1.8566675492089695E-03
  1.8569564192570125E-03
  1.8572563063999311E-03
  1.8575671258274406E-03
  1.8578887946905803E-03
  1.8582212320620707E-03
  1.8585643588977852E-03
  1.8589180979993226E-03
  1.8592823739776285E-03
  1.8596571132176401E-03
  1.8600422438439397E-03
  1.8604376956873421E-03
  1.8608434002524389E-03
  1.8612592906860404E-03
  1.8616853017465007E-03
  1.8621213697738795E-03
  1.8625674326609536E-03
  1.8630234298250192E-03
  1.8634893021804667E-03
  1.8639649921121341E-03
  1.8644504434493750E-03
  1.8649456014408511E-03
  1.8654504127300217E-03
  1.8659648253312945E-03
  1.8664887886068518E-03
  1.8670222532440966E-03
  1.8675651712337237E-03
  1.8681174958484045E-03
  1.8686791816220415E-03
  1.8692501843296028E-03
  1.8698304609675112E-03
  1.8704199697345736E-03
  1.8710186700134322E-03
  1.8716265223525375E-03
  1.8722434884486049E-03
  1.8728695311295764E-03
  1.8735046143380375E-03
  1.8741487031151088E-03
  1.8748017635847791E-03
  1.8754637629386844E-03
  1.8761346694213049E-03
  1.8768144523155870E-03
  1.8775030819289705E-03
  1.8782005295798062E-03
  1.8789067675841734E-03
  1.8796217692430600E-03
  1.8803455088299292E-03
  1.8810779615786304E-03
  1.8818191036716707E-03
  1.8825689122288327E-03
  1.8833273652961247E-03
  1.8840944418350570E-03
  1.8848701217122478E-03
  1.8856543856893349E-03
  1.8864472154132036E-03
  1.8872485934065104E-03
  1.8880585030584998E-03
  1.8888769286161163E-03
  1.8897038551753903E-03
  1.8905392686731134E-03
  1.8913831558787688E-03
  1.8922355043867443E-03
  1.8930963026087913E-03
  1.8939655397667513E-03
  1.8948432058855256E-03
  1.8957292917862994E-03
  1.8966237890799926E-03
  1.8975266901609666E-03
  1.8984379882009542E-03
  1.8993576771432158E-03
  1.9002857516969326E-03
  1.9012222073318031E-03
  1.9021670402728809E-03
  1.9031202474956036E-03
  1.9040818267210507E-03
  1.9050517764113994E-03
  1.9060300957655860E-03
  1.9070167847151742E-03
  1.9080118439204180E-03
  1.9090152747665179E-03
  1.9100270793600826E-03
  1.9110472605257628E-03
  1.9120758218030926E-03
  1.9131127674435033E-03
  1.9141581024075271E-03
  1.9152118323621855E-03
  1.9162739636785487E-03
  1.9173445034294805E-03
  1.9184234593875597E-03
  1.9195108400231642E-03
  1.9206066545027457E-03
  1.9217109126872631E-03
  1.9228236251307863E-03
  1.9239448030792729E-03
  1.9250744584695123E-03
  1.9262126039282248E-03
  1.9273592527713442E-03
  1.9285144190034436E-03
  1.9296781173173401E-03
  1.9308503630938495E-03
  1.9320311724017130E-03
  1.9332205619976704E-03
  1.9344185493267076E-03
  1.9356251525224492E-03
  1.9368403904077229E-03
  0.0000000000000000E+00
  1.8522802266049095E-03
  1.8522870868064659E-03
  1.8523075695960241E-03
  1.8523415307687419E-03
  1.8523888294117849E-03
  1.8524493278250663E-03
  1.8525228914444416E-03
  1.8526093887672676E-03
  1.8527086912802533E-03
  1.8528206733895106E-03
  1.8529452123527334E-03
  1.8530821882134345E-03
  1.8532314837371635E-03
  1.8533929843496373E-03
  1.8535665780767306E-03
  1.8537521554862404E-03
  1.8539496096313974E-03
  1.8541588359960249E-03
  1.8543797324413285E-03
  1.8546121991542461E-03
  1.8548561385972944E-03
  1.8551114554598920E-03
  1.8553780566110808E-03
  1.8556558510536289E-03
  1.8559447498794426E-03
  1.8562446662262701E-03
  1.8565555152356375E-03
  1.8568772140119890E-03
  1.8572096815829943E-03
  1.8575528388609737E-03
  1.8579066086054214E-03
  1.8582709153865851E-03
  1.8586456855500752E-03
  1.8590308471824538E-03
  1.8594263300778079E-03
  1.8598320657052475E-03
  1.8602479871773043E-03
  1.8606740292192176E-03
  1.8611101281390814E-03
  1.8615562217988010E-03
  1.8620122495858721E-03
  1.8624781523859295E-03
  1.8629538725560596E-03
  1.8634393538988461E-03
  1.8639345416371356E-03
  1.8644393823894936E-03
  1.8649538241463383E-03
  1.8654778162467318E-03
  1.8660113093558078E-03
  1.8665542554428217E-03
  1.8671066077598040E-03
  1.8676683208208001E-03
  1.8682393503816808E-03
  1.8688196534205131E-03
  1.8694091881184649E-03
  1.8700079138412437E-03
  1.8706157911210447E-03
  1.8712327816389962E-03
  1.8718588482080970E-03
  1.8724939547566228E-03
  1.8731380663119981E-03
  1.8737911489851166E-03
  1.8744531699550994E-03
  1.8751240974544869E-03
  1.8758039007548378E-03
  1.8764925501527474E-03
  1.8771900169562512E-03
  1.8778962734716329E-03
  1.8786112929905885E-03
  1.8793350497777774E-03
  1.8800675190587324E-03
  1.8808086770081131E-03
  1.8815585007383158E-03
  1.8823169682884099E-03
  1.8830840586134109E-03
  1.8838597515738714E-03
  1.8846440279257867E-03
  1.8854368693108105E-03
  1.8862382582467735E-03
  1.8870481781184929E-03
  1.8878666131688705E-03
  1.8886935484902822E-03
  1.8895289700162320E-03
  1.8903728645132886E-03
  1.8912252195732815E-03
  1.8920860236057604E-03
  1.8929552658307133E-03
  1.8938329362715293E-03
  1.8947190257482152E-03
  1.8956135258708479E-03
  1.8965164290332727E-03
  1.8974277284070206E-03
  1.8983474179354739E-03
  1.8992754923282393E-03
  1.9002119470557586E-03
  1.9011567783441220E-03
  1.9021099831701093E-03
  1.9030715592564351E-03
  1.9040415050672048E-03
  1.9050198198035720E-03
  1.9060065033996033E-03
  1.9070015565183390E-03
  1.9080049805480447E-03
  1.9090167775986703E-03
  1.9100369504984878E-03
  1.9110655027909202E-03
  1.9121024387315593E-03
  1.9131477632853711E-03
  1.9142014821240719E-03
  1.9152636016236950E-03
  1.9163341288623297E-03
  1.9174130716180435E-03
  1.9185004383669661E-03
  1.9195962382815600E-03
  1.9207004812290512E-03
  1.9218131777700438E-03
  1.9229343391572783E-03
  1.9240639773345904E-03
  1.9252021049360037E-03
  1.9263487352850098E-03
  1.9275038823940017E-03
  1.9286675609638687E-03
  1.9298397863837602E-03
  1.9310205747310074E-03
  1.9322099427711991E-03
  1.9334079079584283E-03
  1.9346144884356902E-03
  1.9358297030354378E-03
  0.0000000000000000E+00
  1.8512691445007256E-03
  1.8512760057987198E-03
  1.8512964918065294E-03
  1.8513304582153780E-03
  1.8513777640119320E-03
  1.8514382713989256E-03
  1.8515118457182404E-03
  1.8515983553763560E-03
  1.8516976717720944E-03
  1.8518096692265672E-03
  1.8519342249152654E-03
  1.8520712188021893E-03
  1.8522205335759869E-03
  1.8523820545879937E-03
  1.8525556697921407E-03
  1.8527412696866406E-03
  1.8529387472574106E-03
  1.8531479979231732E-03
  1.8533689194821657E-03
  1.8536014120604162E-03
  1.8538453780615348E-03
  1.8541007221179620E-03
  1.8543673510436390E-03
  1.8546451737880374E-03
  1.8549341013915290E-03
  1.8552340469420218E-03
  1.8555449255328480E-03
  1.8558666542218567E-03
  1.8561991519916649E-03
  1.8565423397110335E-03
  1.8568961400973547E-03
  1.8572604776801794E-03
  1.8576352787657798E-03
  1.8580204714027115E-03
  1.8584159853483318E-03
  1.8588217520362632E-03
  1.8592377045447606E-03
  1.8596637775659601E-03
  1.8600999073759812E-03
  1.8605460318058640E-03
  1.8610020902133085E-03
  1.8614680234551920E-03
  1.8619437738608537E-03
  1.8624292852061121E-03
  1.8629245026879999E-03
  1.8634293729001921E-03
  1.8639438438091220E-03
  1.8644678647307361E-03
  1.8650013863079028E-03
  1.8655443604884386E-03
  1.8660967405037408E-03
  1.8666584808479992E-03
  1.8672295372579939E-03
  1.8678098666934384E-03
  1.8683994273178677E-03
  1.8689981784800577E-03
  1.8696060806959543E-03
  1.8702230956311008E-03
  1.8708491860835591E-03
  1.8714843159672982E-03
  1.8721284502960526E-03
  1.8727815551676230E-03
  1.8734435977486241E-03
  1.8741145462596550E-03
  1.8747943699608965E-03
  1.8754830391381019E-03
  1.8761805250889995E-03
  1.8768868001100747E-03
  1.8776018374837375E-03
  1.8783256114658525E-03
  1.8790580972736374E-03
  1.8797992710739076E-03
  1.8805491099716794E-03
  1.8813075919990874E-03
  1.8820746961046540E-03
  1.8828504021428723E-03
  1.8836346908640950E-03
  1.8844275439047536E-03
  1.8852289437778546E-03
  1.8860388738637904E-03
  1.8868573184014277E-03
  1.8876842624794869E-03
  1.8885196920281919E-03
  1.8893635938111962E-03
  1.8902159554177768E-03
  1.8910767652552845E-03
  1.8919460125418569E-03
  1.8928236872993737E-03
  1.8937097803466689E-03
  1.8946042832929783E-03
  1.8955071885316302E-03
  1.8964184892339617E-03
  1.8973381793434755E-03
  1.8982662535702117E-03
  1.8992027073853519E-03
  1.9001475370160283E-03
  1.9011007394403665E-03
  1.9020623123827162E-03
  1.9030322543091155E-03
  1.9040105644229359E-03
  1.9049972426607496E-03
  1.9059922896883822E-03
  1.9069957068971698E-03
  1.9080074964004066E-03
  1.9090276610299825E-03
  1.9100562043332147E-03
  1.9110931305698581E-03
  1.9121384447093092E-03
  1.9131921524279825E-03
  1.9142542601068761E-03
  1.9153247748293087E-03
  1.9164037043788338E-03
  1.9174910572373350E-03
  1.9185868425832852E-03
  1.9196910702901841E-03
  1.9208037509251608E-03
  1.9219248957477479E-03
  1.9230545167088235E-03
  1.9241926264497173E-03
  1.9253392383014798E-03
  1.9264943662843197E-03
  1.9276580251072044E-03
  1.9288302301676140E-03
  1.9300109975514692E-03
  1.9312003440332098E-03
  1.9323982870760338E-03
  1.9336048448323076E-03
  1.9348200361441112E-03
  0.0000000000000000E+00
  1.8502590817280659E-03
  1.8502659441226286E-03
  1.8502864333490598E-03
  1.8503204049946083E-03
  1.8503677179454116E-03
  1.8504282343069923E-03
  1.8505018193272311E-03
  1.8505883413217025E-03
  1.8506876716013157E-03
  1.8507996844021638E-03
  1.8509242568175053E-03
  1.8510612687318150E-03
  1.8512106027568196E-03
  1.8513721441694602E-03
  1.8515457808517047E-03
  1.8517314032321635E-03
  1.8519289042294377E-03
  1.8521381791971334E-03
  1.8523591258705063E-03
  1.8525916443146695E-03
  1.8528356368743154E-03
  1.8530910081249012E-03
  1.8533576648252581E-03
  1.8536355158715594E-03
  1.8539244722526331E-03
  1.8542244470065451E-03
  1.8545353551784325E-03
  1.8548571137795430E-03
  1.8551896417474355E-03
  1.8555328599073179E-03
  1.8558866909344747E-03
  1.8562510593177568E-03
  1.8566258913241057E-03
  1.8570111149640613E-03
  1.8574066599582556E-03
  1.8578124577048269E-03
  1.8582284412477536E-03
  1.8586545452460650E-03
  1.8590907059439147E-03
  1.8595368611414777E-03
  1.8599929501666589E-03
  1.8604589138475811E-03
  1.8609346944858428E-03
  1.8614202358304959E-03
  1.8619154830527645E-03
  1.8624203827214405E-03
  1.8629348827789668E-03
  1.8634589325181830E-03
  1.8639924825596961E-03
  1.8645354848298898E-03
  1.8650878925395274E-03
  1.8656496601629519E-03
  1.8662207434178534E-03
  1.8668010992455969E-03
  1.8673906857920898E-03
  1.8679894623891810E-03
  1.8685973895365693E-03
  1.8692144288842199E-03
  1.8698405432152618E-03
  1.8704756964293629E-03
  1.8711198535265696E-03
  1.8717729805915939E-03
  1.8724350447785509E-03
  1.8731060142961047E-03
  1.8737858583930569E-03
  1.8744745473443264E-03
  1.8751720524373375E-03
  1.8758783459587854E-03
  1.8765934011817961E-03
  1.8773171923534414E-03
  1.8780496946826301E-03
  1.8787908843283414E-03
  1.8795407383882070E-03
  1.8802992348874380E-03
  1.8810663527680672E-03
  1.8818420718785284E-03
  1.8826263729635419E-03
  1.8834192376543130E-03
  1.8842206484590330E-03
  1.8850305887536730E-03
  1.8858490427730670E-03
  1.8866759956022829E-03
  1.8875114331682681E-03
  1.8883553422317668E-03
  1.8892077103795054E-03
  1.8900685260166399E-03
  1.8909377783594579E-03
  1.8918154574283350E-03
  1.8927015540409365E-03
  1.8935960598056576E-03
  1.8944989671153131E-03
  1.8954102691410512E-03
  1.8963299598264950E-03
  1.8972580338821223E-03
  1.8981944867798545E-03
  1.8991393147478740E-03
  1.9000925147656480E-03
  1.9010540845591673E-03
  1.9020240225964043E-03
  1.9030023280829501E-03
  1.9039890009578833E-03
  1.9049840418898204E-03
  1.9059874522731669E-03
  1.9069992342245620E-03
  1.9080193905795196E-03
  1.9090479248892486E-03
  1.9100848414176689E-03
  1.9111301451386123E-03
  1.9121838417331906E-03
  1.9132459375873665E-03
  1.9143164397896900E-03
  1.9153953561292035E-03
  1.9164826950935434E-03
  1.9175784658671967E-03
  1.9186826783299316E-03
  1.9197953430554109E-03
  1.9209164713099537E-03
  1.9220460750514873E-03
  1.9231841669286401E-03
  1.9243307602800274E-03
  1.9254858691336743E-03
  1.9266495082066212E-03
  1.9278216929046845E-03
  1.9290024393223738E-03
  1.9301917642429753E-03
  1.9313896851388007E-03
  1.9325962201715782E-03
  1.9338113881930204E-03
  0.0000000000000000E+00
  1.8492500367494166E-03
  1.8492569002406785E-03
  1.8492773926860992E-03
  1.8493113695689184E-03
  1.8493586896747073E-03
  1.8494192150117514E-03
  1.8494928107338968E-03
  1.8495793450657889E-03
  1.8496786892304006E-03
  1.8497907173787788E-03
  1.8499153065219336E-03
  1.8500523364647925E-03
  1.8502016897421444E-03
  1.8503632515565135E-03
  1.8505369097178963E-03
  1.8507225545852891E-03
  1.8509200790099562E-03
  1.8511293782803788E-03
  1.8513503500688228E-03
  1.8515828943794763E-03
  1.8518269134981051E-03
  1.8520823119431769E-03
  1.8523489964184037E-03
  1.8526268757666580E-03
  1.8529158609252182E-03
  1.8532158648823019E-03
  1.8535268026348502E-03
  1.8538485911475024E-03
  1.8541811493127639E-03
  1.8545243979122814E-03
  1.8548782595792313E-03
  1.8552426587617682E-03
  1.8556175216874959E-03
  1.8560027763289469E-03
  1.8563983523700229E-03
  1.8568041811733789E-03
  1.8572201957487188E-03
  1.8576463307219708E-03
  1.8580825223053184E-03
  1.8585287082680747E-03
  1.8589848279083538E-03
  1.8594508220255296E-03
  1.8599266328934551E-03
  1.8604122042344259E-03
  1.8609074811938556E-03
  1.8614124103156565E-03
  1.8619269395182927E-03
  1.8624510180714916E-03
  1.8629845965736061E-03
  1.8635276269295881E-03
  1.8640800623295757E-03
  1.8646418572280670E-03
  1.8652129673236667E-03
  1.8657933495393958E-03
  1.8663829620035367E-03
  1.8669817640310164E-03
  1.8675897161052936E-03
  1.8682067798607570E-03
  1.8688329180656066E-03
  1.8694680946052156E-03
  1.8701122744659449E-03
  1.8707654237194275E-03
  1.8714275095072757E-03
  1.8720985000262279E-03
  1.8727783645137107E-03
  1.8734670732338135E-03
  1.8741645974636573E-03
  1.8748709094801549E-03
  1.8755859825471516E-03
  1.8763097909029313E-03
  1.8770423097480987E-03
  1.8777835152337962E-03
  1.8785333844502853E-03
  1.8792918954158465E-03
  1.8800590270660325E-03
  1.8808347592432235E-03
  1.8816190726865061E-03
  1.8824119490218696E-03
  1.8832133707526897E-03
  1.8840233212505193E-03
  1.8848417847461647E-03
  1.8856687463210473E-03
  1.8865041918988388E-03
  1.8873481082373781E-03
  1.8882004829208446E-03
  1.8890613043522008E-03
  1.8899305617458919E-03
  1.8908082451207897E-03
  1.8916943452933906E-03
  1.8925888538712584E-03
  1.8934917632466965E-03
  1.8944030665906607E-03
  1.8953227578469044E-03
  1.8962508317263422E-03
  1.8971872837016417E-03
  1.8981321100020312E-03
  1.8990853076083260E-03
  1.9000468742481631E-03
  1.9010168083914436E-03
  1.9019951092459860E-03
  1.9029817767533773E-03
  1.9039768115850257E-03
  1.9049802151384083E-03
  1.9059919895335112E-03
  1.9070121376094716E-03
  1.9080406629213942E-03
  1.9090775697373683E-03
  1.9101228630356523E-03
  1.9111765485020672E-03
  1.9122386325275394E-03
  1.9133091222058461E-03
  1.9143880253315252E-03
  1.9154753503979652E-03
  1.9165711065956654E-03
  1.9176753038106697E-03
  1.9187879526231682E-03
  1.9199090643062724E-03
  1.9210386508249540E-03
  1.9221767248351481E-03
  1.9233232996830275E-03
  1.9244783894044382E-03
  1.9256420087244961E-03
  1.9268141730573488E-03
  1.9279948985060956E-03
  1.9291842018628756E-03
  1.9303821006091033E-03
  1.9315886129158783E-03
  1.9328037576445414E-03
  0.0000000000000000E+00
  1.8482420080303569E-03
  1.8482488726184495E-03
  1.8482693682832262E-03
  1.8483033504038851E-03
  1.8483506776653983E-03
  1.8484112119787788E-03
  1.8484848184038146E-03
  1.8485713650741920E-03
  1.8486707231249232E-03
  1.8487827666219879E-03
  1.8489073724941255E-03
  1.8490444204666951E-03
  1.8491937929975312E-03
  1.8493553752147269E-03
  1.8495290548562883E-03
  1.8497147222115828E-03
  1.8499122700645315E-03
  1.8501215936384760E-03
  1.8503425905426808E-03
  1.8505751607204002E-03
  1.8508192063984657E-03
  1.8510746320383488E-03
  1.8513413442886363E-03
  1.8516192519388904E-03
  1.8519082658748384E-03
  1.8522082990348461E-03
  1.8525192663676503E-03
  1.8528410847912862E-03
  1.8531736731531967E-03
  1.8535169521914677E-03
  1.8538708444971706E-03
  1.8542352744777559E-03
  1.8546101683214950E-03
  1.8549954539629078E-03
  1.8553910610491688E-03
  1.8557969209074545E-03
  1.8562129665131910E-03
  1.8566391324592057E-03
  1.8570753549257189E-03
  1.8575215716511817E-03
  1.8579777219039206E-03
  1.8584437464545583E-03
  1.8589195875492119E-03
  1.8594051888834180E-03
  1.8599004955767889E-03
  1.8604054541483579E-03
  1.8609200124926099E-03
  1.8614441198561709E-03
  1.8619777268151401E-03
  1.8625207852530422E-03
  1.8630732483393920E-03
  1.8636350705088490E-03
  1.8642062074409366E-03
  1.8647866160403353E-03
  1.8653762544177082E-03
  1.8659750818710628E-03
  1.8665830588676221E-03
  1.8672001470262038E-03
  1.8678263091000860E-03
  1.8684615089603457E-03
  1.8691057115796704E-03
  1.8697588830166108E-03
  1.8704209904002865E-03
  1.8710920019155103E-03
  1.8717718867883417E-03
  1.8724606152720443E-03
  1.8731581586334406E-03
  1.8738644891396635E-03
  1.8745795800452832E-03
  1.8753034055798007E-03
  1.8760359409355199E-03
  1.8767771622557521E-03
  1.8775270466233869E-03
  1.8782855720497877E-03
  1.8790527174640265E-03
  1.8798284627024298E-03
  1.8806127884984632E-03
  1.8814056764728956E-03
  1.8822071091242954E-03
  1.8830170698198015E-03
  1.8838355427861935E-03
  1.8846625131012501E-03
  1.8854979666853740E-03
  1.8863418902934984E-03
  1.8871942715072607E-03
  1.8880550987274362E-03
  1.8889243611666252E-03
  1.8898020488422023E-03
  1.8906881525694997E-03
  1.8915826639552486E-03
  1.8924855753912437E-03
  1.8933968800482590E-03
  1.8943165718701715E-03
  1.8952446455683396E-03
  1.8961810966161769E-03
  1.8971259212439654E-03
  1.8980791164338671E-03
  1.8990406799151644E-03
  1.9000106101596974E-03
  1.9009889063775090E-03
  1.9019755685126983E-03
  1.9029705972394646E-03
  1.9039739939583579E-03
  1.9049857607927171E-03
  1.9060059005853022E-03
  1.9070344168951180E-03
  1.9080713139944159E-03
  1.9091165968658959E-03
  1.9101702712000790E-03
  1.9112323433928583E-03
  1.9123028205432430E-03
  1.9133817104512642E-03
  1.9144690216160649E-03
  1.9155647632341584E-03
  1.9166689451978627E-03
  1.9177815780938986E-03
  1.9189026732021682E-03
  1.9200322424946905E-03
  1.9211702986347051E-03
  1.9223168549759469E-03
  1.9234719255620796E-03
  1.9246355251262941E-03
  1.9258076690910710E-03
  1.9269883735681030E-03
  1.9281776553583740E-03
  1.9293755319524100E-03
  1.9305820215306754E-03
  1.9317971429641397E-03
  0.0000000000000000E+00
  1.8472349940395476E-03
  1.8472418597246020E-03
  1.8472623586091033E-03
  1.8472963459681708E-03
  1.8473436803861445E-03
  1.8474042236767375E-03
  1.8474778408056462E-03
  1.8475643998155736E-03
  1.8476637717535448E-03
  1.8477758306004500E-03
  1.8479004532027379E-03
  1.8480375192061805E-03
  1.8481869109916362E-03
  1.8483485136127540E-03
  1.8485222147355328E-03
  1.8487079045797000E-03
  1.8489054758618155E-03
  1.8491148237400740E-03
  1.8493358457607283E-03
  1.8495684418060885E-03
  1.8498125140440443E-03
  1.8500679668790620E-03
  1.8503347069045977E-03
  1.8506126428568972E-03
  1.8509016855701331E-03
  1.8512017479328142E-03
  1.8515127448454696E-03
  1.8518345931795269E-03
  1.8521672117373649E-03
  1.8525105212135089E-03
  1.8528644441569181E-03
  1.8532289049343444E-03
  1.8536038296947234E-03
  1.8539891463345639E-03
  1.8543847844643148E-03
  1.8547906753756710E-03
  1.8552067520097859E-03
  1.8556329489263850E-03
  1.8560692022737287E-03
  1.8565154497594094E-03
  1.8569716306219642E-03
  1.8574376856032740E-03
  1.8579135569217148E-03
  1.8583991882460760E-03
  1.8588945246701650E-03
  1.8593995126881422E-03
  1.8599141001705182E-03
  1.8604382363408174E-03
  1.8609718717528911E-03
  1.8615149582688424E-03
  1.8620674490375680E-03
  1.8626292984738869E-03
  1.8632004622382485E-03
  1.8637808972169995E-03
  1.8643705615031855E-03
  1.8649694143779002E-03
  1.8655774162921355E-03
  1.8661945288491410E-03
  1.8668207147872770E-03
  1.8674559379633319E-03
  1.8681001633363190E-03
  1.8687533569517170E-03
  1.8694154859261536E-03
  1.8700865184325237E-03
  1.8707664236855207E-03
  1.8714551719275878E-03
  1.8721527344152545E-03
  1.8728590834058778E-03
  1.8735741921447556E-03
  1.8742980348526136E-03
  1.8750305867134556E-03
  1.8757718238627688E-03
  1.8765217233760755E-03
  1.8772802632578231E-03
  1.8780474224306051E-03
  1.8788231807247082E-03
  1.8796075188679668E-03
  1.8804004184759461E-03
  1.8812018620424048E-03
  1.8820118329300724E-03
  1.8828303153617066E-03
  1.8836572944114472E-03
  1.8844927559964258E-03
  1.8853366868686809E-03
  1.8861890746073088E-03
  1.8870499076108964E-03
  1.8879191750902104E-03
  1.8887968670611246E-03
  1.8896829743378139E-03
  1.8905774885261790E-03
  1.8914804020175096E-03
  1.8923917079823932E-03
  1.8933114003648445E-03
  1.8942394738766623E-03
  1.8951759239920118E-03
  1.8961207469422249E-03
  1.8970739397108193E-03
  1.8980355000287239E-03
  1.8990054263697161E-03
  1.8999837179460696E-03
  1.9009703747043928E-03
  1.9019653973216836E-03
  1.9029687872015651E-03
  1.9039805464707300E-03
  1.9050006779755629E-03
  1.9060291852789663E-03
  1.9070660726573643E-03
  1.9081113450978928E-03
  1.9091650082957736E-03
  1.9102270686518731E-03
  1.9112975332704302E-03
  1.9123764099569717E-03
  1.9134637072163924E-03
  1.9145594342512265E-03
  1.9156636009600601E-03
  1.9167762179361522E-03
  1.9178972964661919E-03
  1.9190268485292483E-03
  1.9201648867958635E-03
  1.9213114246273359E-03
  1.9224664760751490E-03
  1.9236300558805668E-03
  1.9248021794744058E-03
  1.9259828629769468E-03
  1.9271721231980243E-03
  1.9283699776372722E-03
  1.9295764444845218E-03
  1.9307915426203714E-03
  0.0000000000000000E+00
  1.8462289932487297E-03
  1.8462358600308760E-03
  1.8462563621354710E-03
  1.8462903547335151E-03
  1.8463376963086878E-03
  1.8463982485773653E-03
  1.8464718764111287E-03
  1.8465584477616690E-03
  1.8466578335880014E-03
  1.8467699077859014E-03
  1.8468945471195083E-03
  1.8470316311549827E-03
  1.8471810421961943E-03
  1.8473426652223270E-03
  1.8475163878273629E-03
  1.8477021001613702E-03
  1.8478996948735375E-03
  1.8481090670569018E-03
  1.8483301141946911E-03
  1.8485627361082657E-03
  1.8488068349065627E-03
  1.8490623149370361E-03
  1.8493290827380066E-03
  1.8496070469923975E-03
  1.8498961184828184E-03
  1.8501962100479202E-03
  1.8505072365400217E-03
  1.8508291147839348E-03
  1.8511617635369787E-03
  1.8515051034501101E-03
  1.8518590570301796E-03
  1.8522235486032380E-03
  1.8525985042788828E-03
  1.8529838519156158E-03
  1.8533795210871576E-03
  1.8537854430497236E-03
  1.8542015507101953E-03
  1.8546277785952004E-03
  1.8550640628210381E-03
  1.8555103410644426E-03
  1.8559665525341711E-03
  1.8564326379433573E-03
  1.8569085394826487E-03
  1.8573942007940802E-03
  1.8578895669456624E-03
  1.8583945844066853E-03
  1.8589092010236883E-03
  1.8594333659971026E-03
  1.8599670298585309E-03
  1.8605101444486582E-03
  1.8610626628957666E-03
  1.8616245395948442E-03
  1.8621957301872673E-03
  1.8627761915410506E-03
  1.8633658817316298E-03
  1.8639647600231875E-03
  1.8645727868504887E-03
  1.8651899238012236E-03
  1.8658161335988329E-03
  1.8664513800858238E-03
  1.8670956282075427E-03
  1.8677488439963956E-03
  1.8684109945565259E-03
  1.8690820480489140E-03
  1.8697619736768934E-03
  1.8704507416720880E-03
  1.8711483232807418E-03
  1.8718546907504398E-03
  1.8725698173172125E-03
  1.8732936771930109E-03
  1.8740262455535462E-03
  1.8747674985264856E-03
  1.8755174131799869E-03
  1.8762759675115875E-03
  1.8770431404374068E-03
  1.8778189117816908E-03
  1.8786032622666558E-03
  1.8793961735026569E-03
  1.8801976279786529E-03
  1.8810076090529659E-03
  1.8818261009443369E-03
  1.8826530887232655E-03
  1.8834885583036264E-03
  1.8843324964345554E-03
  1.8851848906926165E-03
  1.8860457294742135E-03
  1.8869150019882762E-03
  1.8877926982491871E-03
  1.8886788090699633E-03
  1.8895733260556765E-03
  1.8904762415971172E-03
  1.8913875488646944E-03
  1.8923072418025530E-03
  1.8932353151229393E-03
  1.8941717643007707E-03
  1.8951165855684371E-03
  1.8960697759108100E-03
  1.8970313330604655E-03
  1.8980012554931261E-03
  1.8989795424232910E-03
  1.8999661938000879E-03
  1.9009612103033098E-03
  1.9019645933396568E-03
  1.9029763450391748E-03
  1.9039964682518772E-03
  1.9050249665445683E-03
  1.9060618441978389E-03
  1.9071071062032661E-03
  1.9081607582607791E-03
  1.9092228067762104E-03
  1.9102932588590342E-03
  1.9113721223202710E-03
  1.9124594056705768E-03
  1.9135551181184943E-03
  1.9146592695688902E-03
  1.9157718706215557E-03
  1.9168929325699710E-03
  1.9180224674002527E-03
  1.9191604877902505E-03
  1.9203070071088237E-03
  1.9214620394152734E-03
  1.9226255994589420E-03
  1.9237977026789789E-03
  1.9249783652042550E-03
  1.9261676038534556E-03
  1.9273654361353198E-03
  1.9285718802490462E-03
  1.9297869550848634E-03
  0.0000000000000000E+00
  1.8452240041327110E-03
  1.8452308720120802E-03
  1.8452513773371351E-03
  1.8452853751747265E-03
  1.8453327239078342E-03
  1.8453932851554696E-03
  1.8454669236950690E-03
  1.8455535073872863E-03
  1.8456529071030989E-03
  1.8457649966531493E-03
  1.8458896527192385E-03
  1.8460267547879049E-03
  1.8461761850860081E-03
  1.8463378285182486E-03
  1.8465115726065771E-03
  1.8466973074313905E-03
  1.8468949255744953E-03
  1.8471043220637535E-03
  1.8473253943193646E-03
  1.8475580421017245E-03
  1.8478021674608130E-03
  1.8480576746870631E-03
  1.8483244702636509E-03
  1.8486024628201778E-03
  1.8488915630876796E-03
  1.8491916838549475E-03
  1.8495027399260851E-03
  1.8498246480792920E-03
  1.8501573270268148E-03
  1.8505006973760475E-03
  1.8508546815917293E-03
  1.8512192039592068E-03
  1.8515941905487448E-03
  1.8519795691808311E-03
  1.8523752693924635E-03
  1.8527812224043757E-03
  1.8531973610891816E-03
  1.8536236199404108E-03
  1.8540599350424024E-03
  1.8545062440410403E-03
  1.8549624861152955E-03
  1.8554286019495628E-03
  1.8559045337067609E-03
  1.8563902250021763E-03
  1.8568856208780256E-03
  1.8573906677787318E-03
  1.8579053135268650E-03
  1.8584295072997664E-03
  1.8589631996067965E-03
  1.8595063422672258E-03
  1.8600588883887252E-03
  1.8606207923464544E-03
  1.8611920097627241E-03
  1.8617724974872188E-03
  1.8623622135777696E-03
  1.8629611172816523E-03
  1.8635691690174099E-03
  1.8641863303571734E-03
  1.8648125640094765E-03
  1.8654478338025462E-03
  1.8660921046680604E-03
  1.8667453426253647E-03
  1.8674075147661214E-03
  1.8680785892393969E-03
  1.8687585352371733E-03
  1.8694473229802595E-03
  1.8701449237046154E-03
  1.8708513096480600E-03
  1.8715664540373616E-03
  1.8722903310757005E-03
  1.8730229159305003E-03
  1.8737641847216084E-03
  1.8745141145098281E-03
  1.8752726832857859E-03
  1.8760398699591344E-03
  1.8768156543480822E-03
  1.8776000171692295E-03
  1.8783929400277297E-03
  1.8791944054077400E-03
  1.8800043966631832E-03
  1.8808228980087833E-03
  1.8816498945114100E-03
  1.8824853720816740E-03
  1.8833293174658227E-03
  1.8841817182378838E-03
  1.8850425627920835E-03
  1.8859118403355196E-03
  1.8867895408810845E-03
  1.8876756552406416E-03
  1.8885701750184379E-03
  1.8894730926047661E-03
  1.8903844011698549E-03
  1.8913040946579903E-03
  1.8922321677818646E-03
  1.8931686160171515E-03
  1.8941134355972985E-03
  1.8950666235085332E-03
  1.8960281774850860E-03
  1.8969980960046220E-03
  1.8979763782838704E-03
  1.8989630242744796E-03
  1.8999580346590382E-03
  1.9009614108473263E-03
  1.9019731549727468E-03
  1.9029932698889408E-03
  1.9040217591666149E-03
  1.9050586270905347E-03
  1.9061038786567139E-03
  1.9071575195697889E-03
  1.9082195562405652E-03
  1.9092899957837502E-03
  1.9103688460158611E-03
  1.9114561154533096E-03
  1.9125518133106582E-03
  1.9136559494990484E-03
  1.9147685346248054E-03
  1.9158895799882018E-03
  1.9170190975824016E-03
  1.9181571000925623E-03
  1.9193036008951041E-03
  1.9204586140571503E-03
  1.9216221543361181E-03
  1.9227942371794887E-03
  1.9239748787247268E-03
  1.9251640957993650E-03
  1.9263619059212487E-03
  1.9275683272989483E-03
  1.9287833788323154E-03
  0.0000000000000000E+00
  1.8442200251693602E-03
  1.8442268941460838E-03
  1.8442474026919673E-03
  1.8442814057696736E-03
  1.8443287616614523E-03
  1.8443893318889197E-03
  1.8444629811353360E-03
  1.8445495771702923E-03
  1.8446489907767043E-03
  1.8447610956800564E-03
  1.8448857684797955E-03
  1.8450228885828117E-03
  1.8451723381389382E-03
  1.8453340019783813E-03
  1.8455077675510374E-03
  1.8456935248676234E-03
  1.8458911664425471E-03
  1.8461005872384894E-03
  1.8463216846126050E-03
  1.8465543582643204E-03
  1.8467985101846478E-03
  1.8470540446069933E-03
  1.8473208679593821E-03
  1.8475988888180831E-03
  1.8478880178625626E-03
  1.8481881678317411E-03
  1.8484992534815057E-03
  1.8488211915434355E-03
  1.8491539006847118E-03
  1.8494973014691587E-03
  1.8498513163194015E-03
  1.8502158694800857E-03
  1.8505908869821380E-03
  1.8509762966080383E-03
  1.8513720278580581E-03
  1.8517780119174524E-03
  1.8521941816245680E-03
  1.8526204714398372E-03
  1.8530568174156439E-03
  1.8535031571670171E-03
  1.8539594298431514E-03
  1.8544255760997036E-03
  1.8549015380718646E-03
  1.8553872593481749E-03
  1.8558826849450641E-03
  1.8563877612820866E-03
  1.8569024361578530E-03
  1.8574266587266131E-03
  1.8579603794754904E-03
  1.8585035502023443E-03
  1.8590561239942406E-03
  1.8596180552065147E-03
  1.8601892994424126E-03
  1.8607698135332962E-03
  1.8613595555193947E-03
  1.8619584846310824E-03
  1.8625665612706855E-03
  1.8631837469947794E-03
  1.8638100044969924E-03
  1.8644452975912769E-03
  1.8650895911956537E-03
  1.8657428513164042E-03
  1.8664050450327172E-03
  1.8670761404817511E-03
  1.8677561068441363E-03
  1.8684449143298761E-03
  1.8691425341646486E-03
  1.8698489385765126E-03
  1.8705641007829754E-03
  1.8712879949784535E-03
  1.8720205963220870E-03
  1.8727618809259079E-03
  1.8735118258433672E-03
  1.8742704090581859E-03
  1.8750376094735558E-03
  1.8758134069016491E-03
  1.8765977820534550E-03
  1.8773907165289280E-03
  1.8781921928074307E-03
  1.8790021942384856E-03
  1.8798207050328090E-03
  1.8806477102536387E-03
  1.8814831958083300E-03
  1.8823271484402408E-03
  1.8831795557208699E-03
  1.8840404060422660E-03
  1.8849096886097013E-03
  1.8857873934345782E-03
  1.8866735113276093E-03
  1.8875680338922218E-03
  1.8884709535182123E-03
  1.8893822633756344E-03
  1.8903019574089141E-03
  1.8912300303311951E-03
  1.8921664776189086E-03
  1.8931112955065637E-03
  1.8940644809817457E-03
  1.8950260317803409E-03
  1.8959959463819582E-03
  1.8969742240055655E-03
  1.8979608646053226E-03
  1.8989558688666244E-03
  1.8999592382023317E-03
  1.9009709747492018E-03
  1.9019910813645108E-03
  1.9030195616228662E-03
  1.9040564198132075E-03
  1.9051016609359919E-03
  1.9061552907005616E-03
  1.9072173155226940E-03
  1.9082877425223347E-03
  1.9093665795214961E-03
  1.9104538350423509E-03
  1.9115495183054765E-03
  1.9126536392282927E-03
  1.9137662084236584E-03
  1.9148872371986410E-03
  1.9160167375534523E-03
  1.9171547221805574E-03
  1.9183012044639393E-03
  1.9194561984785384E-03
  1.9206197189898522E-03
  1.9217917814536942E-03
  1.9229724020161203E-03
  1.9241615975135106E-03
  1.9253593854728209E-03
  1.9265657841119862E-03
  1.9277808123404861E-03
  0.0000000000000000E+00
  1.8432170548396028E-03
  1.8432239249138113E-03
  1.8432444366808891E-03
  1.8432784449992799E-03
  1.8433258080504651E-03
  1.8433863872586366E-03
  1.8434600472128514E-03
  1.8435466555916083E-03
  1.8436460830897397E-03
  1.8437582033475459E-03
  1.8438828928820977E-03
  1.8440200310206221E-03
  1.8441694998359052E-03
  1.8443311840836405E-03
  1.8445049711416604E-03
  1.8446907509509815E-03
  1.8448884159586057E-03
  1.8450978610620179E-03
  1.8453189835553208E-03
  1.8455516830769611E-03
  1.8457958615589751E-03
  1.8460514231777314E-03
  1.8463182743061030E-03
  1.8465963234670193E-03
  1.8468854812883678E-03
  1.8471856604591989E-03
  1.8474967756871776E-03
  1.8478187436572629E-03
  1.8481514829915629E-03
  1.8484949142103337E-03
  1.8488489596940859E-03
  1.8492135436467601E-03
  1.8495885920599491E-03
  1.8499740326781212E-03
  1.8503697949648237E-03
  1.8507758100698342E-03
  1.8511920107972318E-03
  1.8516183315743558E-03
  1.8520547084216331E-03
  1.8525010789232467E-03
  1.8529573821986097E-03
  1.8534235588746465E-03
  1.8538995510588247E-03
  1.8543853023129402E-03
  1.8548807576276368E-03
  1.8553858633976101E-03
  1.8559005673975072E-03
  1.8564248187584954E-03
  1.8569585679454644E-03
  1.8575017667348663E-03
  1.8580543681931633E-03
  1.8586163266558727E-03
  1.8591875977071791E-03
  1.8597681381601280E-03
  1.8603579060373489E-03
  1.8609568605523210E-03
  1.8615649620911544E-03
  1.8621821721948786E-03
  1.8628084535422178E-03
  1.8634437699328562E-03
  1.8640880862711585E-03
  1.8647413685503504E-03
  1.8654035838371464E-03
  1.8660747002568067E-03
  1.8667546869786137E-03
  1.8674435142017668E-03
  1.8681411531416706E-03
  1.8688475760166232E-03
  1.8695627560348796E-03
  1.8702866673820952E-03
  1.8710192852091296E-03
  1.8717605856202054E-03
  1.8725105456614253E-03
  1.8732691433096086E-03
  1.8740363574614889E-03
  1.8748121679232085E-03
  1.8755965554001490E-03
  1.8763895014870691E-03
  1.8771909886585406E-03
  1.8780010002596909E-03
  1.8788195204972292E-03
  1.8796465344307677E-03
  1.8804820279644085E-03
  1.8813259878386241E-03
  1.8821784016223877E-03
  1.8830392577055756E-03
  1.8839085452916323E-03
  1.8847862543904786E-03
  1.8856723758116773E-03
  1.8865669011578392E-03
  1.8874698228182674E-03
  1.8883811339628442E-03
  1.8893008285361358E-03
  1.8902289012517422E-03
  1.8911653475868545E-03
  1.8921101637770442E-03
  1.8930633468112593E-03
  1.8940248944270416E-03
  1.8949948051059473E-03
  1.8959730780691818E-03
  1.8969597132734266E-03
  1.8979547114068790E-03
  1.8989580738854816E-03
  1.8999698028493506E-03
  1.9009899011593961E-03
  1.9020183723941298E-03
  1.9030552208466678E-03
  1.9041004515219092E-03
  1.9051540701339048E-03
  1.9062160831034083E-03
  1.9072864975555976E-03
  1.9083653213179885E-03
  1.9094525629185098E-03
  1.9105482315837582E-03
  1.9116523372374327E-03
  1.9127648904989267E-03
  1.9138859026821009E-03
  1.9150153857942162E-03
  1.9161533525350464E-03
  1.9172998162961372E-03
  1.9184547911602504E-03
  1.9196182919009569E-03
  1.9207903339824076E-03
  1.9219709335592471E-03
  1.9231601074767065E-03
  1.9243578732708471E-03
  1.9255642491689737E-03
  1.9267792540901896E-03
  0.0000000000000000E+00
  1.8422150916274070E-03
  1.8422219627992318E-03
  1.8422424777878716E-03
  1.8422764913475131E-03
  1.8423238615588419E-03
  1.8423844497485902E-03
  1.8424581204115834E-03
  1.8425447411352029E-03
  1.8426441825261698E-03
  1.8427563181395803E-03
  1.8428810244101104E-03
  1.8430181805852996E-03
  1.8431676686608701E-03
  1.8433293733179882E-03
  1.8435031818624049E-03
  1.8436889841654247E-03
  1.8438866726066300E-03
  1.8440961420182979E-03
  1.8443172896314699E-03
  1.8445500150236010E-03
  1.8447942200677458E-03
  1.8450498088832300E-03
  1.8453166877877630E-03
  1.8455947652509317E-03
  1.8458839518490416E-03
  1.8461841602212660E-03
  1.8464953050270439E-03
  1.8468173029047132E-03
  1.8471500724313063E-03
  1.8474935340835102E-03
  1.8478476101997173E-03
  1.8482122249431643E-03
  1.8485873042661091E-03
  1.8489727758750085E-03
  1.8493685691966866E-03
  1.8497746153454452E-03
  1.8501908470910952E-03
  1.8506171988278862E-03
  1.8510536065442908E-03
  1.8515000077936434E-03
  1.8519563416655844E-03
  1.8524225487583049E-03
  1.8528985711515501E-03
  1.8533843523803805E-03
  1.8538798374096535E-03
  1.8543849726092071E-03
  1.8548997057297337E-03
  1.8554239858793171E-03
  1.8559577635006196E-03
  1.8565009903486883E-03
  1.8570536194693896E-03
  1.8576156051784212E-03
  1.8581869030409163E-03
  1.8587674698516056E-03
  1.8593572636155231E-03
  1.8599562435292561E-03
  1.8605643699627055E-03
  1.8611816044413554E-03
  1.8618079096290371E-03
  1.8624432493111651E-03
  1.8630875883784538E-03
  1.8637408928110786E-03
  1.8644031296632870E-03
  1.8650742670484409E-03
  1.8657542741244803E-03
  1.8664431210798063E-03
  1.8671407791195532E-03
  1.8678472204522630E-03
  1.8685624182769446E-03
  1.8692863467704942E-03
  1.8700189810754967E-03
  1.8707602972883694E-03
  1.8715102724478686E-03
  1.8722688845239210E-03
  1.8730361124068005E-03
  1.8738119358966260E-03
  1.8745963356931765E-03
  1.8753892933860174E-03
  1.8761907914449328E-03
  1.8770008132106600E-03
  1.8778193428859048E-03
  1.8786463655266561E-03
  1.8794818670337700E-03
  1.8803258341448335E-03
  1.8811782544262967E-03
  1.8820391162658687E-03
  1.8829084088651713E-03
  1.8837861222326434E-03
  1.8846722471767040E-03
  1.8855667752991478E-03
  1.8864696989887896E-03
  1.8873810114153392E-03
  1.8883007065235114E-03
  1.8892287790273625E-03
  1.8901652244048448E-03
  1.8911100388925958E-03
  1.8920632194809276E-03
  1.8930247639090412E-03
  1.8939946706604440E-03
  1.8949729389585777E-03
  1.8959595687626485E-03
  1.8969545607636570E-03
  1.8979579163806313E-03
  1.8989696377570489E-03
  1.8999897277574523E-03
  1.9010181899642626E-03
  1.9020550286747713E-03
  1.9031002488983215E-03
  1.9041538563536759E-03
  1.9052158574665613E-03
  1.9062862593673961E-03
  1.9073650698891934E-03
  1.9084522975656433E-03
  1.9095479516293614E-03
  1.9106520420103263E-03
  1.9117645793344674E-03
  1.9128855749224378E-03
  1.9140150407885518E-03
  1.9151529896398877E-03
  1.9162994348755574E-03
  1.9174543905861416E-03
  1.9186178715532908E-03
  1.9197898932494868E-03
  1.9209704718379664E-03
  1.9221596241728103E-03
  1.9233573677991881E-03
  1.9245637209537683E-03
  1.9257787025652835E-03
  0.0000000000000000E+00
  1.8412141340197808E-03
  1.8412210062893524E-03
  1.8412415244999222E-03
  1.8412755433013836E-03
  1.8413229206735899E-03
  1.8413835178457873E-03
  1.8414571992185385E-03
  1.8415438322880806E-03
  1.8416432875730010E-03
  1.8417554385431673E-03
  1.8418801615508380E-03
  1.8420173357638469E-03
  1.8421668431008375E-03
  1.8423285681684256E-03
  1.8425023982002709E-03
  1.8426882229979516E-03
  1.8428859348736156E-03
  1.8430954285943249E-03
  1.8433166013280453E-03
  1.8435493525912332E-03
  1.8437935841979513E-03
  1.8440492002104779E-03
  1.8443161068913501E-03
  1.8445942126568073E-03
  1.8448834280315666E-03
  1.8451836656049219E-03
  1.8454948399880856E-03
  1.8458168677727654E-03
  1.8461496674909207E-03
  1.8464931595756615E-03
  1.8468472663232666E-03
  1.8472119118562685E-03
  1.8475870220875860E-03
  1.8479725246856669E-03
  1.8483683490406113E-03
  1.8487744262312479E-03
  1.8491906889931211E-03
  1.8496170716873887E-03
  1.8500535102705736E-03
  1.8504999422651635E-03
  1.8509563067310294E-03
  1.8514225442376288E-03
  1.8518985968369931E-03
  1.8523844080374431E-03
  1.8528799227780588E-03
  1.8533850874038220E-03
  1.8538998496414720E-03
  1.8544241585760183E-03
  1.8549579646278931E-03
  1.8555012195307496E-03
  1.8560538763098540E-03
  1.8566158892610964E-03
  1.8571872139305583E-03
  1.8577678070946580E-03
  1.8583576267408430E-03
  1.8589566320488125E-03
  1.8595647833722629E-03
  1.8601820422211356E-03
  1.8608083712443717E-03
  1.8614437342131230E-03
  1.8620880960044596E-03
  1.8627414225855085E-03
  1.8634036809980561E-03
  1.8640748393435685E-03
  1.8647548667686514E-03
  1.8654437334509077E-03
  1.8661414105852073E-03
  1.8668478703703442E-03
  1.8675630859960797E-03
  1.8682870316305597E-03
  1.8690196824080962E-03
  1.8697610144173067E-03
  1.8705110046896040E-03
  1.8712696311880270E-03
  1.8720368727963943E-03
  1.8728127093088061E-03
  1.8735971214194397E-03
  1.8743900907126729E-03
  1.8751915996535081E-03
  1.8760016315782933E-03
  1.8768201706857368E-03
  1.8776472020282065E-03
  1.8784827115033138E-03
  1.8793266858457662E-03
  1.8801791126194960E-03
  1.8810399802100450E-03
  1.8819092778172149E-03
  1.8827869954479699E-03
  1.8836731239095857E-03
  1.8845676548030440E-03
  1.8854705805166736E-03
  1.8863818942200178E-03
  1.8873015898579384E-03
  1.8882296621449495E-03
  1.8891661065597741E-03
  1.8901109193401125E-03
  1.8910640974776466E-03
  1.8920256387132369E-03
  1.8929955415323435E-03
  1.8939738051606478E-03
  1.8949604295598816E-03
  1.8959554154238539E-03
  1.8969587641746767E-03
  1.8979704779591895E-03
  1.8989905596455744E-03
  1.9000190128201592E-03
  1.9010558417844124E-03
  1.9021010515521248E-03
  1.9031546478467699E-03
  1.9042166370990502E-03
  1.9052870264446244E-03
  1.9063658237220059E-03
  1.9074530374706448E-03
  1.9085486769291808E-03
  1.9096527520338677E-03
  1.9107652734171737E-03
  1.9118862524065471E-03
  1.9130157010233523E-03
  1.9141536319819768E-03
  1.9153000586890955E-03
  1.9164549952431101E-03
  1.9176184564337494E-03
  1.9187904577418282E-03
  1.9199710153391752E-03
  1.9211601460887193E-03
  1.9223578675447389E-03
  1.9235641979532686E-03
  1.9247791562526679E-03
  0.0000000000000000E+00
  1.8402141805067625E-03
  1.8402210538742117E-03
  1.8402415753070787E-03
  1.8402755993509265E-03
  1.8403229838847470E-03
  1.8403835900402639E-03
  1.8404572821237532E-03
  1.8405439275402786E-03
  1.8406433967202687E-03
  1.8407555630483418E-03
  1.8408803027943137E-03
  1.8410174950462988E-03
  1.8411670216458374E-03
  1.8413287671249848E-03
  1.8415026186452896E-03
  1.8416884659385917E-03
  1.8418862012495923E-03
  1.8420957192801239E-03
  1.8423169171350709E-03
  1.8425496942698809E-03
  1.8427939524396143E-03
  1.8430495956494944E-03
  1.8433165301068829E-03
  1.8435946641746619E-03
  1.8438839083259602E-03
  1.8441841751001835E-03
  1.8444953790603138E-03
  1.8448174367514290E-03
  1.8451502666604106E-03
  1.8454937891767935E-03
  1.8458479265547401E-03
  1.8462126028760747E-03
  1.8465877440143794E-03
  1.8469732776000946E-03
  1.8473691329865959E-03
  1.8477752412172370E-03
  1.8481915349933000E-03
  1.8486179486428525E-03
  1.8490544180904684E-03
  1.8495008808277937E-03
  1.8499572758849281E-03
  1.8504235438026020E-03
  1.8508996266051313E-03
  1.8513854677741077E-03
  1.8518810122228285E-03
  1.8523862062714289E-03
  1.8529009976226971E-03
  1.8534253353385700E-03
  1.8539591698172565E-03
  1.8545024527710145E-03
  1.8550551372045216E-03
  1.8556171773938602E-03
  1.8561885288660633E-03
  1.8567691483792463E-03
  1.8573589939032708E-03
  1.8579580246009507E-03
  1.8585662008097808E-03
  1.8591834840241729E-03
  1.8598098368781740E-03
  1.8604452231286833E-03
  1.8610896076391265E-03
  1.8617429563635901E-03
  1.8624052363313992E-03
  1.8630764156321361E-03
  1.8637564634010693E-03
  1.8644453498050143E-03
  1.8651430460285780E-03
  1.8658495242608081E-03
  1.8665647576822271E-03
  1.8672887204522301E-03
  1.8680213876968656E-03
  1.8687627354969532E-03
  1.8695127408765685E-03
  1.8702713817918605E-03
  1.8710386371202051E-03
  1.8718144866496816E-03
  1.8725989110688706E-03
  1.8733918919569695E-03
  1.8741934117741993E-03
  1.8750034538525238E-03
  1.8758220023866545E-03
  1.8766490424253469E-03
  1.8774845598629685E-03
  1.8783285414313519E-03
  1.8791809746919132E-03
  1.8800418480280315E-03
  1.8809111506376932E-03
  1.8817888725263868E-03
  1.8826750045002486E-03
  1.8835695381594548E-03
  1.8844724658918452E-03
  1.8853837808668031E-03
  1.8863034770293396E-03
  1.8872315490944312E-03
  1.8881679925415672E-03
  1.8891128036095215E-03
  1.8900659792913416E-03
  1.8910275173295527E-03
  1.8919974162115698E-03
  1.8929756751653172E-03
  1.8939622941550522E-03
  1.8949572738773922E-03
  1.8959606157575408E-03
  1.8969723219456986E-03
  1.8979923953136876E-03
  1.8990208394517444E-03
  1.9000576586655161E-03
  1.9011028579732430E-03
  1.9021564431031103E-03
  1.9032184204907999E-03
  1.9042887972772081E-03
  1.9053675813063512E-03
  1.9064547811234421E-03
  1.9075504059731412E-03
  1.9086544657979832E-03
  1.9097669712369743E-03
  1.9108879336243558E-03
  1.9120173649885455E-03
  1.9131552780512402E-03
  1.9143016862266779E-03
  1.9154566036210824E-03
  1.9166200450322593E-03
  1.9177920259493594E-03
  1.9189725625528000E-03
  1.9201616717143617E-03
  1.9213593709974288E-03
  1.9225656786574018E-03
  1.9237806136422693E-03
  0.0000000000000000E+00
  1.8392152295814139E-03
  1.8392221040468711E-03
  1.8392426287024023E-03
  1.8392766579892054E-03
  1.8393240496853741E-03
  1.8393846648250827E-03
  1.8394583676202886E-03
  1.8395450253848567E-03
  1.8396445084610318E-03
  1.8397566901481599E-03
  1.8398814466335962E-03
  1.8400186569257099E-03
  1.8401682027889251E-03
  1.8403299686807185E-03
  1.8405038416905136E-03
  1.8406897114803967E-03
  1.8408874702276099E-03
  1.8410970125687456E-03
  1.8413182355455965E-03
  1.8415510385525887E-03
  1.8417953232857786E-03
  1.8420509936933234E-03
  1.8423179559274026E-03
  1.8425961182975366E-03
  1.8428853912252593E-03
  1.8431856872000850E-03
  1.8434969207367629E-03
  1.8438190083337371E-03
  1.8441518684328090E-03
  1.8444954213799379E-03
  1.8448495893871634E-03
  1.8452142964956082E-03
  1.8455894685395137E-03
  1.8459750331113122E-03
  1.8463709195276573E-03
  1.8467770587964288E-03
  1.8471933835846460E-03
  1.8476198281872909E-03
  1.8480563284969881E-03
  1.8485028219745426E-03
  1.8489592476202870E-03
  1.8494255459462301E-03
  1.8499016589489711E-03
  1.8503875300833730E-03
  1.8508831042369626E-03
  1.8513883277050240E-03
  1.8519031481664036E-03
  1.8524275146599633E-03
  1.8529613775616993E-03
  1.8535046885624741E-03
  1.8540574006463827E-03
  1.8546194680697000E-03
  1.8551908463404197E-03
  1.8557714921983548E-03
  1.8563613635957849E-03
  1.8569604196786475E-03
  1.8575686207682415E-03
  1.8581859283434434E-03
  1.8588123050234204E-03
  1.8594477145508187E-03
  1.8600921217754268E-03
  1.8607454926382924E-03
  1.8614077941562894E-03
  1.8620789944071123E-03
  1.8627590625147042E-03
  1.8634479686350928E-03
  1.8641456839426274E-03
  1.8648521806166182E-03
  1.8655674318283490E-03
  1.8662914117284716E-03
  1.8670240954347683E-03
  1.8677654590202710E-03
  1.8685154795017199E-03
  1.8692741348283837E-03
  1.8700414038711913E-03
  1.8708172664122088E-03
  1.8716017031344284E-03
  1.8723946956118629E-03
  1.8731962262999596E-03
  1.8740062785263033E-03
  1.8748248364816125E-03
  1.8756518852110300E-03
  1.8764874106056866E-03
  1.8773313993945423E-03
  1.8781838391365004E-03
  1.8790447182127790E-03
  1.8799140258195549E-03
  1.8807917519608420E-03
  1.8816778874416443E-03
  1.8825724238613285E-03
  1.8834753536072556E-03
  1.8843866698486462E-03
  1.8853063665306652E-03
  1.8862344383687559E-03
  1.8871708808431747E-03
  1.8881156901937690E-03
  1.8890688634149602E-03
  1.8900303982509368E-03
  1.8910002931910709E-03
  1.8919785474655320E-03
  1.8929651610411057E-03
  1.8939601346172220E-03
  1.8949634696221727E-03
  1.8959751682095243E-03
  1.8969952332547392E-03
  1.8980236683519636E-03
  1.8990604778110309E-03
  1.9001056666546250E-03
  1.9011592406156469E-03
  1.9022212061347572E-03
  1.9032915703580951E-03
  1.9043703411351783E-03
  1.9054575270169832E-03
  1.9065531372541925E-03
  1.9076571817956218E-03
  1.9087696712868148E-03
  1.9098906170688127E-03
  1.9110200311770816E-03
  1.9121579263406280E-03
  1.9133043159812553E-03
  1.9144592142130098E-03
  1.9156226358417728E-03
  1.9167945963650304E-03
  1.9179751119717931E-03
  1.9191641995426885E-03
  1.9203618766502084E-03
  1.9215681615591211E-03
  1.9227830732270385E-03
  0.0000000000000000E+00
  1.8382172797398130E-03
  1.8382241553034084E-03
  1.8382446831819708E-03
  1.8382787177122952E-03
  1.8383261165715473E-03
  1.8383867406963185E-03
  1.8384604542042186E-03
  1.8385471243178894E-03
  1.8386466212913656E-03
  1.8387588183386980E-03
  1.8388835915647583E-03
  1.8390208198981535E-03
  1.8391703850261731E-03
  1.8393321713316986E-03
  1.8395060658320114E-03
  1.8396919581194330E-03
  1.8398897403037338E-03
  1.8400993069562555E-03
  1.8403205550556838E-03
  1.8405533839354218E-03
  1.8407976952325069E-03
  1.8410533928380245E-03
  1.8413203828489663E-03
  1.8415985735214873E-03
  1.8418878752255172E-03
  1.8421882004006792E-03
  1.8424994635134826E-03
  1.8428215810157385E-03
  1.8431544713041616E-03
  1.8434980546811358E-03
  1.8438522533165804E-03
  1.8442169912109088E-03
  1.8445921941590278E-03
  1.8449777897153578E-03
  1.8453737071598324E-03
  1.8457798774648572E-03
  1.8461962332631922E-03
  1.8466227088167334E-03
  1.8470592399861586E-03
  1.8475057642014343E-03
  1.8479622204331308E-03
  1.8484285491645310E-03
  1.8489046923645285E-03
  1.8493905934612598E-03
  1.8498861973164759E-03
  1.8503914502006234E-03
  1.8509062997686023E-03
  1.8514306950362118E-03
  1.8519645863572303E-03
  1.8525079254011350E-03
  1.8530606651314388E-03
  1.8536227597846175E-03
  1.8541941648496270E-03
  1.8547748370479806E-03
  1.8553647343143853E-03
  1.8559638157779018E-03
  1.8565720417436362E-03
  1.8571893736749408E-03
  1.8578157741761020E-03
  1.8584512069755202E-03
  1.8590956369093502E-03
  1.8597490299056049E-03
  1.8604113529687109E-03
  1.8610825741644814E-03
  1.8617626626055382E-03
  1.8624515884371252E-03
  1.8631493228233409E-03
  1.8638558379337549E-03
  1.8645711069304228E-03
  1.8652951039552557E-03
  1.8660278041177803E-03
  1.8667691834832354E-03
  1.8675192190610360E-03
  1.8682778887935678E-03
  1.8690451715453241E-03
  1.8698210470923622E-03
  1.8706054961120818E-03
  1.8713985001733236E-03
  1.8722000417267619E-03
  1.8730101040956020E-03
  1.8738286714665799E-03
  1.8746557288812260E-03
  1.8754912622274379E-03
  1.8763352582313049E-03
  1.8771877044492236E-03
  1.8780485892602550E-03
  1.8789179018587660E-03
  1.8797956322473036E-03
  1.8806817712297367E-03
  1.8815763104046306E-03
  1.8824792421588692E-03
  1.8833905596615111E-03
  1.8843102568578800E-03
  1.8852383284638857E-03
  1.8861747699605584E-03
  1.8871195775888219E-03
  1.8880727483444664E-03
  1.8890342799733530E-03
  1.8900041709668126E-03
  1.8909824205572579E-03
  1.8919690287140095E-03
  1.8929639961393072E-03
  1.8939673242645350E-03
  1.8949790152466292E-03
  1.8959990719646918E-03
  1.8970274980167846E-03
  1.8980642977169202E-03
  1.8991094760922331E-03
  1.9001630388803432E-03
  1.9012249925268886E-03
  1.9022953441832501E-03
  1.9033741017044517E-03
  1.9044612736472323E-03
  1.9055568692682989E-03
  1.9066608985227483E-03
  1.9077733720626641E-03
  1.9088943012358823E-03
  1.9100236980849248E-03
  1.9111615753461043E-03
  1.9123079464487926E-03
  1.9134628255148560E-03
  1.9146262273582538E-03
  1.9157981674848077E-03
  1.9169786620921189E-03
  1.9181677280696648E-03
  1.9193653829990447E-03
  1.9205716451543905E-03
  1.9217865335029454E-03
  0.0000000000000000E+00
  1.8372203294810443E-03
  1.8372272061429097E-03
  1.8372477372448693E-03
  1.8372817770192843E-03
  1.8373291830423525E-03
  1.8373898161530566E-03
  1.8374635403746295E-03
  1.8375502228384613E-03
  1.8376497337103525E-03
  1.8377619461190358E-03
  1.8378867360868795E-03
  1.8380239824627093E-03
  1.8381735668566597E-03
  1.8383353735770022E-03
  1.8385092895688621E-03
  1.8386952043547792E-03
  1.8388930099770405E-03
  1.8391026009417259E-03
  1.8393238741644059E-03
  1.8395567289174483E-03
  1.8398010667788644E-03
  1.8400567915826643E-03
  1.8403238093706393E-03
  1.8406020283455763E-03
  1.8408913588257958E-03
  1.8411917132010256E-03
  1.8415030058895317E-03
  1.8418251532964875E-03
  1.8421580737735235E-03
  1.8425016875794422E-03
  1.8428559168420407E-03
  1.8432206855210258E-03
  1.8435959193719663E-03
  1.8439815459112738E-03
  1.8443774943821606E-03
  1.8447836957215618E-03
  1.8452000825279766E-03
  1.8456265890302147E-03
  1.8460631510570146E-03
  1.8465097060075030E-03
  1.8469661928224885E-03
  1.8474325519565360E-03
  1.8479087253508318E-03
  1.8483946564067895E-03
  1.8488902899603927E-03
  1.8493955722572459E-03
  1.8499104509283133E-03
  1.8504348749663307E-03
  1.8509687947028646E-03
  1.8515121617860108E-03
  1.8520649291587047E-03
  1.8526270510376235E-03
  1.8531984828926930E-03
  1.8537791814271336E-03
  1.8543691045580766E-03
  1.8549682113977158E-03
  1.8555764622349693E-03
  1.8561938185176648E-03
  1.8568202428352197E-03
  1.8574556989017859E-03
  1.8581001515398912E-03
  1.8587535666645233E-03
  1.8594159112676582E-03
  1.8600871534032383E-03
  1.8607672621725638E-03
  1.8614562077101020E-03
  1.8621539611697029E-03
  1.8628604947112071E-03
  1.8635757814874380E-03
  1.8642997956315748E-03
  1.8650325122448865E-03
  1.8657739073848305E-03
  1.8665239580534971E-03
  1.8672826421863979E-03
  1.8680499386415882E-03
  1.8688258271891212E-03
  1.8696102885008131E-03
  1.8704033041403317E-03
  1.8712048565535820E-03
  1.8720149290594014E-03
  1.8728335058405337E-03
  1.8736605719349116E-03
  1.8744961132271963E-03
  1.8753401164406168E-03
  1.8761925691290590E-03
  1.8770534596694341E-03
  1.8779227772543019E-03
  1.8788005118847437E-03
  1.8796866543635015E-03
  1.8805811962883366E-03
  1.8814841300456579E-03
  1.8823954488043711E-03
  1.8833151465099574E-03
  1.8842432178787954E-03
  1.8851796583926926E-03
  1.8861244642936488E-03
  1.8870776325788331E-03
  1.8880391609957740E-03
  1.8890090480377642E-03
  1.8899872929394655E-03
  1.8909738956727315E-03
  1.8919688569426175E-03
  1.8929721781836010E-03
  1.8939838615559864E-03
  1.8950039099425190E-03
  1.8960323269451768E-03
  1.8970691168821545E-03
  1.8981142847850415E-03
  1.8991678363961713E-03
  1.9002297781661637E-03
  1.9013001172516451E-03
  1.9023788615131424E-03
  1.9034660195131618E-03
  1.9045616005144324E-03
  1.9056656144783349E-03
  1.9067780720634930E-03
  1.9078989846245391E-03
  1.9090283642110479E-03
  1.9101662235666435E-03
  1.9113125761282621E-03
  1.9124674360255943E-03
  1.9136308180806776E-03
  1.9148027378076652E-03
  1.9159832114127532E-03
  1.9171722557942662E-03
  1.9183698885429108E-03
  1.9195761279421880E-03
  1.9207909929689624E-03
  0.0000000000000000E+00
  1.8362243773071942E-03
  1.8362312550674598E-03
  1.8362517893931837E-03
  1.8362858344122546E-03
  1.8363332475998739E-03
  1.8363938896973815E-03
  1.8364676246336042E-03
  1.8365543194486555E-03
  1.8366538442200762E-03
  1.8367660719912579E-03
  1.8368908787020444E-03
  1.8370281431214579E-03
  1.8371777467824665E-03
  1.8373395739187091E-03
  1.8375135114031404E-03
  1.8376994486885086E-03
  1.8378972777496037E-03
  1.8381068930272296E-03
  1.8383281913738345E-03
  1.8385610720007396E-03
  1.8388054364269239E-03
  1.8390611884293098E-03
  1.8393282339944890E-03
  1.8396064812718682E-03
  1.8398958405281590E-03
  1.8401962241031858E-03
  1.8405075463669711E-03
  1.8408297236780441E-03
  1.8411626743429492E-03
  1.8415063185769087E-03
  1.8418605784655952E-03
  1.8422253779280084E-03
  1.8426006426803781E-03
  1.8429863002011079E-03
  1.8433822796966887E-03
  1.8437885120685838E-03
  1.8442049298810377E-03
  1.8446314673297743E-03
  1.8450680602115910E-03
  1.8455146458947822E-03
  1.8459711632903934E-03
  1.8464375528242749E-03
  1.8469137564099095E-03
  1.8473997174219890E-03
  1.8478953806707358E-03
  1.8484006923769156E-03
  1.8489156001475565E-03
  1.8494400529523380E-03
  1.8499740011006197E-03
  1.8505173962191173E-03
  1.8510701912301916E-03
  1.8516323403307308E-03
  1.8522037989716293E-03
  1.8527845238378189E-03
  1.8533744728288653E-03
  1.8539736050400938E-03
  1.8545818807442422E-03
  1.8551992613736197E-03
  1.8558257095027716E-03
  1.8564611888316142E-03
  1.8571056641690504E-03
  1.8577591014170413E-03
  1.8584214675551249E-03
  1.8590927306253750E-03
  1.8597728597177722E-03
  1.8604618249560144E-03
  1.8611595974837073E-03
  1.8618661494509625E-03
  1.8625814540013806E-03
  1.8633054852594103E-03
  1.8640382183180723E-03
  1.8647796292270416E-03
  1.8655296949810888E-03
  1.8662883935088549E-03
  1.8670557036619638E-03
  1.8678316052044674E-03
  1.8686160788026014E-03
  1.8694091060148656E-03
  1.8702106692824014E-03
  1.8710207519196760E-03
  1.8718393381054526E-03
  1.8726664128740622E-03
  1.8735019621069411E-03
  1.8743459725244524E-03
  1.8751984316779822E-03
  1.8760593279422927E-03
  1.8769286505081373E-03
  1.8778063893751403E-03
  1.8786925353449114E-03
  1.8795870800144175E-03
  1.8804900157695966E-03
  1.8814013357791991E-03
  1.8823210339888705E-03
  1.8832491051154576E-03
  1.8841855446415487E-03
  1.8851303488102249E-03
  1.8860835146200323E-03
  1.8870450398201721E-03
  1.8880149229058990E-03
  1.8889931631141279E-03
  1.8899797604192458E-03
  1.8909747155291270E-03
  1.8919780298813410E-03
  1.8929897056395666E-03
  1.8940097456901920E-03
  1.8950381536391120E-03
  1.8960749338087085E-03
  1.8971200912350212E-03
  1.8981736316651028E-03
  1.8992355615545565E-03
  1.9003058880652525E-03
  1.9013846190632248E-03
  1.9024717631167445E-03
  1.9035673294945669E-03
  1.9046713281643561E-03
  1.9057837697912751E-03
  1.9069046657367546E-03
  1.9080340280574252E-03
  1.9091718695042189E-03
  1.9103182035216410E-03
  1.9114730442472013E-03
  1.9126364065110168E-03
  1.9138083058355777E-03
  1.9149887584356700E-03
  1.9161777812184671E-03
  1.9173753917837849E-03
  1.9185816084244869E-03
  1.9197964501270661E-03
  0.0000000000000000E+00
  1.8352294217233423E-03
  1.8352363005821369E-03
  1.8352568381319921E-03
  1.8352908883962861E-03
  1.8353383087491917E-03
  1.8353989598343715E-03
  1.8354727054862210E-03
  1.8355594126535490E-03
  1.8356589513256129E-03
  1.8357711944604381E-03
  1.8358960179153257E-03
  1.8360333003794756E-03
  1.8361829233086648E-03
  1.8363447708618895E-03
  1.8365187298399188E-03
  1.8367046896256927E-03
  1.8369025421264918E-03
  1.8371121817178356E-03
  1.8373335051890356E-03
  1.8375664116903599E-03
  1.8378108026817460E-03
  1.8380665818830222E-03
  1.8383336552255736E-03
  1.8386119308054206E-03
  1.8389013188376613E-03
  1.8392017316122126E-03
  1.8395130834508487E-03
  1.8398352906654554E-03
  1.8401682715174872E-03
  1.8405119461785819E-03
  1.8408662366922901E-03
  1.8412310669368992E-03
  1.8416063625893034E-03
  1.8419920510898975E-03
  1.8423880616084509E-03
  1.8427943250109598E-03
  1.8432107738274080E-03
  1.8436373422204418E-03
  1.8440739659549175E-03
  1.8445205823682958E-03
  1.8449771303418682E-03
  1.8454435502727692E-03
  1.8459197840467801E-03
  1.8464057750118784E-03
  1.8469014679525211E-03
  1.8474068090646447E-03
  1.8479217459313449E-03
  1.8484462274992463E-03
  1.8489802040555043E-03
  1.8495236272054606E-03
  1.8500764498509054E-03
  1.8506386261689419E-03
  1.8512101115914371E-03
  1.8517908627850401E-03
  1.8523808376317509E-03
  1.8529799952100357E-03
  1.8535882957764519E-03
  1.8542057007477969E-03
  1.8548321726837512E-03
  1.8554676752699955E-03
  1.8561121733018141E-03
  1.8567656326681484E-03
  1.8574280203361008E-03
  1.8580993043358764E-03
  1.8587794537461492E-03
  1.8594684386798476E-03
  1.8601662302703346E-03
  1.8608728006580027E-03
  1.8615881229772319E-03
  1.8623121713437450E-03
  1.8630449208423159E-03
  1.8637863475148453E-03
  1.8645364283487874E-03
  1.8652951412659153E-03
  1.8660624651114259E-03
  1.8668383796433751E-03
  1.8676228655224200E-03
  1.8684159043018994E-03
  1.8692174784181908E-03
  1.8700275711813973E-03
  1.8708461667663059E-03
  1.8716732502036502E-03
  1.8725088073716395E-03
  1.8733528249877817E-03
  1.8742052906009624E-03
  1.8750661925837982E-03
  1.8759355201252413E-03
  1.8768132632234573E-03
  1.8776994126789334E-03
  1.8785939600878426E-03
  1.8794968978356522E-03
  1.8804082190909629E-03
  1.8813279177995834E-03
  1.8822559886788378E-03
  1.8831924272120944E-03
  1.8841372296435159E-03
  1.8850903929730292E-03
  1.8860519149515110E-03
  1.8870217940761813E-03
  1.8880000295862097E-03
  1.8889866214585184E-03
  1.8899815704037999E-03
  1.8909848778627212E-03
  1.8919965460023344E-03
  1.8930165777126774E-03
  1.8940449766035575E-03
  1.8950817470015460E-03
  1.8961268939471374E-03
  1.8971804231921038E-03
  1.8982423411970321E-03
  1.8993126551290387E-03
  1.9003913728596648E-03
  1.9014785029629470E-03
  1.9025740547136678E-03
  1.9036780380857765E-03
  1.9047904637509768E-03
  1.9059113430774976E-03
  1.9070406881290234E-03
  1.9081785116637985E-03
  1.9093248271338939E-03
  1.9104796486846428E-03
  1.9116429911542414E-03
  1.9128148700735138E-03
  1.9139953016658368E-03
  1.9151843028472366E-03
  1.9163818912266313E-03
  1.9175880851062576E-03
  1.9188029034822255E-03
  0.0000000000000000E+00
  1.8342354612375523E-03
  1.8342423411950089E-03
  1.8342628819693601E-03
  1.8342969374794444E-03
  1.8343443649983680E-03
  1.8344050250720901E-03
  1.8344787814405434E-03
  1.8345655009612051E-03
  1.8346650535350239E-03
  1.8347773120346396E-03
  1.8349021522347840E-03
  1.8350394527448187E-03
  1.8351890949433135E-03
  1.8353509629146021E-03
  1.8355249433872542E-03
  1.8357109256743865E-03
  1.8359088016157586E-03
  1.8361184655215940E-03
  1.8363398141180590E-03
  1.8365727464943584E-03
  1.8368171640513785E-03
  1.8370729704518477E-03
  1.8373400715719355E-03
  1.8376183754542767E-03
  1.8379077922623431E-03
  1.8382082342361455E-03
  1.8385196156492048E-03
  1.8388418527667579E-03
  1.8391748638051711E-03
  1.8395185688924939E-03
  1.8398728900301529E-03
  1.8402377510557256E-03
  1.8406130776067681E-03
  1.8409987970856656E-03
  1.8413948386254695E-03
  1.8418011330567070E-03
  1.8422176128751069E-03
  1.8426442122102338E-03
  1.8430808667950068E-03
  1.8435275139360588E-03
  1.8439840924849237E-03
  1.8444505428100266E-03
  1.8449268067694509E-03
  1.8454128276844594E-03
  1.8459085503137527E-03
  1.8464139208284338E-03
  1.8469288867876766E-03
  1.8474533971150505E-03
  1.8479874020755119E-03
  1.8485308532530341E-03
  1.8490837035288383E-03
  1.8496459070602462E-03
  1.8502174192601036E-03
  1.8507981967767798E-03
  1.8513881974747174E-03
  1.8519873804155220E-03
  1.8525957058395804E-03
  1.8532131351481785E-03
  1.8538396308861382E-03
  1.8544751567249088E-03
  1.8551196774461614E-03
  1.8557731589258202E-03
  1.8564355681185577E-03
  1.8571068730427170E-03
  1.8577870427656656E-03
  1.8584760473895681E-03
  1.8591738580375540E-03
  1.8598804468402954E-03
  1.8605957869229591E-03
  1.8613198523925439E-03
  1.8620526183255833E-03
  1.8627940607562053E-03
  1.8635441566645543E-03
  1.8643028839655398E-03
  1.8650702214979371E-03
  1.8658461490138045E-03
  1.8666306471682311E-03
  1.8674236975093910E-03
  1.8682252824689090E-03
  1.8690353853525246E-03
  1.8698539903310521E-03
  1.8706810824316300E-03
  1.8715166475292489E-03
  1.8723606723385607E-03
  1.8732131444059547E-03
  1.8740740521019036E-03
  1.8749433846135654E-03
  1.8758211319376500E-03
  1.8767072848735226E-03
  1.8776018350165644E-03
  1.8785047747517769E-03
  1.8794160972476130E-03
  1.8803357964500495E-03
  1.8812638670768884E-03
  1.8822003046122804E-03
  1.8831451053014723E-03
  1.8840982661457758E-03
  1.8850597848977441E-03
  1.8860296600565650E-03
  1.8870078908636621E-03
  1.8879944772985000E-03
  1.8889894200745869E-03
  1.8899927206356938E-03
  1.8910043811522438E-03
  1.8920244045179239E-03
  1.8930527943464628E-03
  1.8940895549686191E-03
  1.8951346914293430E-03
  1.8961882094851259E-03
  1.8972501156015423E-03
  1.8983204169509547E-03
  1.8993991214104119E-03
  1.9004862375597202E-03
  1.9015817746796885E-03
  1.9026857427505484E-03
  1.9037981524505500E-03
  1.9049190151547181E-03
  1.9060483429337949E-03
  1.9071861485533343E-03
  1.9083324454729747E-03
  1.9094872478458726E-03
  1.9106505705183026E-03
  1.9118224290294249E-03
  1.9130028396112087E-03
  1.9141918191885273E-03
  1.9153893853794089E-03
  1.9165955564954510E-03
  1.9178103515423940E-03
  0.0000000000000000E+00
  1.8332424943608672E-03
  1.8332493754171155E-03
  1.8332699194163306E-03
  1.8333039801727705E-03
  1.8333514148584453E-03
  1.8334120839215791E-03
  1.8334858510076118E-03
  1.8335725828826626E-03
  1.8336721493593497E-03
  1.8337844232248993E-03
  1.8339092801714593E-03
  1.8340465987285275E-03
  1.8341962601974497E-03
  1.8343581485878824E-03
  1.8345321505561789E-03
  1.8347181553456217E-03
  1.8349160547284360E-03
  1.8351257429495363E-03
  1.8353471166719349E-03
  1.8355800749237621E-03
  1.8358245190468476E-03
  1.8360803526468103E-03
  1.8363474815446001E-03
  1.8366258137294561E-03
  1.8369152593132251E-03
  1.8372157304860027E-03
  1.8375271414730544E-03
  1.8378494084929679E-03
  1.8381824497170122E-03
  1.8385261852296535E-03
  1.8388805369901912E-03
  1.8392454287954937E-03
  1.8396207862437762E-03
  1.8400065366994151E-03
  1.8404026092587453E-03
  1.8408089347168254E-03
  1.8412254455351283E-03
  1.8416520758101425E-03
  1.8420887612428517E-03
  1.8425354391090596E-03
  1.8429920482305486E-03
  1.8434585289470336E-03
  1.8439348230889054E-03
  1.8444208739507152E-03
  1.8449166262654087E-03
  1.8454220261792653E-03
  1.8459370212275297E-03
  1.8464615603107262E-03
  1.8469955936716185E-03
  1.8475390728728092E-03
  1.8480919507749601E-03
  1.8486541815156126E-03
  1.8492257204885971E-03
  1.8498065243240068E-03
  1.8503965508687291E-03
  1.8509957591675162E-03
  1.8516041094445866E-03
  1.8522215630857235E-03
  1.8528480826208889E-03
  1.8534836317073095E-03
  1.8541281751130443E-03
  1.8547816787010084E-03
  1.8554441094134470E-03
  1.8561154352568449E-03
  1.8567956252872704E-03
  1.8574846495961255E-03
  1.8581824792963128E-03
  1.8588890865087870E-03
  1.8596044443495053E-03
  1.8603285269167490E-03
  1.8610613092788155E-03
  1.8618027674620645E-03
  1.8625528784393319E-03
  1.8633116201186696E-03
  1.8640789713324335E-03
  1.8648549118266925E-03
  1.8656394222509687E-03
  1.8664324841482778E-03
  1.8672340799454920E-03
  1.8680441929439921E-03
  1.8688628073106255E-03
  1.8696899080689372E-03
  1.8705254810907031E-03
  1.8713695130877211E-03
  1.8722219916038907E-03
  1.8730829050075421E-03
  1.8739522424840434E-03
  1.8748299940286491E-03
  1.8757161504396071E-03
  1.8766107033115127E-03
  1.8775136450289009E-03
  1.8784249687600803E-03
  1.8793446684511989E-03
  1.8802727388205383E-03
  1.8812091753530344E-03
  1.8821539742950235E-03
  1.8831071326492008E-03
  1.8840686481697991E-03
  1.8850385193579769E-03
  1.8860167454574151E-03
  1.8870033264501171E-03
  1.8879982630524174E-03
  1.8890015567111847E-03
  1.8900132096002220E-03
  1.8910332246168614E-03
  1.8920616053787575E-03
  1.8930983562208553E-03
  1.8941434821925639E-03
  1.8951969890550976E-03
  1.8962588832790160E-03
  1.8973291720419290E-03
  1.8984078632263972E-03
  1.8994949654179945E-03
  1.9005904879035561E-03
  1.9016944406696032E-03
  1.9028068344009250E-03
  1.9039276804793484E-03
  1.9050569909826694E-03
  1.9061947786837570E-03
  1.9073410570498138E-03
  1.9084958402418202E-03
  1.9096591431141316E-03
  1.9108309812142430E-03
  1.9120113707827156E-03
  1.9132003287532717E-03
  1.9143978727530462E-03
  1.9156040211030015E-03
  1.9168187928185047E-03
  0.0000000000000000E+00
  1.8322505196073011E-03
  1.8322574017624717E-03
  1.8322779489869162E-03
  1.8323120149902781E-03
  1.8323594568434372E-03
  1.8324201348968508E-03
  1.8324939127014391E-03
  1.8325806569319352E-03
  1.8326802373126007E-03
  1.8327925265452293E-03
  1.8329174002393589E-03
  1.8330547368446072E-03
  1.8332044175850795E-03
  1.8333663263957365E-03
  1.8335403498606993E-03
  1.8337263771534035E-03
  1.8339242999785262E-03
  1.8341340125156641E-03
  1.8343554113646630E-03
  1.8345883954925695E-03
  1.8348328661821499E-03
  1.8350887269819062E-03
  1.8353558836575609E-03
  1.8356342441449515E-03
  1.8359237185042972E-03
  1.8362242188757715E-03
  1.8365356594363834E-03
  1.8368579563580660E-03
  1.8371910277669935E-03
  1.8375347937040433E-03
  1.8378891760863862E-03
  1.8382540986701802E-03
  1.8386294870143018E-03
  1.8390152684451186E-03
  1.8394113720222489E-03
  1.8398177285052833E-03
  1.8402342703214398E-03
  1.8406609315341346E-03
  1.8410976478124156E-03
  1.8415443564012595E-03
  1.8420009960927000E-03
  1.8424675071977482E-03
  1.8429438315190996E-03
  1.8434299123246001E-03
  1.8439256943214423E-03
  1.8444311236310844E-03
  1.8449461477648497E-03
  1.8454707156002205E-03
  1.8460047773577657E-03
  1.8465482845787279E-03
  1.8471011901032091E-03
  1.8476634480489788E-03
  1.8482350137908519E-03
  1.8488158439406532E-03
  1.8494058963277162E-03
  1.8500051299799494E-03
  1.8506135051054020E-03
  1.8512309830743593E-03
  1.8518575264019307E-03
  1.8524930987311224E-03
  1.8531376648163889E-03
  1.8537911905076375E-03
  1.8544536427346908E-03
  1.8551249894921823E-03
  1.8558051998248820E-03
  1.8564942438134384E-03
  1.8571920925605258E-03
  1.8578987181773914E-03
  1.8586140937707860E-03
  1.8593381934302760E-03
  1.8600709922159246E-03
  1.8608124661463319E-03
  1.8615625921870290E-03
  1.8623213482392141E-03
  1.8630887131288261E-03
  1.8638646665959499E-03
  1.8646491892845409E-03
  1.8654422627324661E-03
  1.8662438693618437E-03
  1.8670539924697065E-03
  1.8678726162189305E-03
  1.8686997256294755E-03
  1.8695353065699047E-03
  1.8703793457491675E-03
  1.8712318307086723E-03
  1.8720927498146174E-03
  1.8729620922505767E-03
  1.8738398480103570E-03
  1.8747260078910909E-03
  1.8756205634865887E-03
  1.8765235071809248E-03
  1.8774348321422664E-03
  1.8783545323169317E-03
  1.8792826024236875E-03
  1.8802190379482583E-03
  1.8811638351380689E-03
  1.8821169909972037E-03
  1.8830785032815760E-03
  1.8840483704943177E-03
  1.8850265918813663E-03
  1.8860131674272712E-03
  1.8870080978511910E-03
  1.8880113846030965E-03
  1.8890230298601672E-03
  1.8900430365233912E-03
  1.8910714082143408E-03
  1.8921081492721563E-03
  1.8931532647507019E-03
  1.8942067604159202E-03
  1.8952686427433536E-03
  1.8963389189158642E-03
  1.8974175968215208E-03
  1.8985046850516691E-03
  1.8996001928991732E-03
  1.9007041303568404E-03
  1.9018165081160030E-03
  1.9029373375652884E-03
  1.9040666307895506E-03
  1.9052044005689664E-03
  1.9063506603783122E-03
  1.9075054243863894E-03
  1.9086687074556319E-03
  1.9098405251418706E-03
  1.9110208936942606E-03
  1.9122098300553719E-03
  1.9134073518614464E-03
  1.9146134774428124E-03
  1.9158282258244612E-03
  0.0000000000000000E+00
  1.8312595354938303E-03
  1.8312664187480530E-03
  1.8312869691980934E-03
  1.8313210404489431E-03
  1.8313684894703203E-03
  1.8314291765148805E-03
  1.8315029650389991E-03
  1.8315897216259968E-03
  1.8316893159117525E-03
  1.8318016205126030E-03
  1.8319265109554559E-03
  1.8320638656100334E-03
  1.8322135656231749E-03
  1.8323754948551332E-03
  1.8325495398177844E-03
  1.8327355896146980E-03
  1.8329335358829965E-03
  1.8331432727369406E-03
  1.8333646967132046E-03
  1.8335977067177422E-03
  1.8338422039742444E-03
  1.8340980919740917E-03
  1.8343652764277723E-03
  1.8346436652177185E-03
  1.8349331683525094E-03
  1.8352336979224036E-03
  1.8355451680561407E-03
  1.8358674948790003E-03
  1.8362005964720608E-03
  1.8365443928326044E-03
  1.8368988058356790E-03
  1.8372637591967248E-03
  1.8376391784352822E-03
  1.8380249908397119E-03
  1.8384211254329136E-03
  1.8388275129390104E-03
  1.8392440857509724E-03
  1.8396707778991373E-03
  1.8401075250206224E-03
  1.8405542643295820E-03
  1.8410109345883012E-03
  1.8414774760790889E-03
  1.8419538305769509E-03
  1.8424399413230284E-03
  1.8429357529987681E-03
  1.8434412117008048E-03
  1.8439562649165489E-03
  1.8444808615004395E-03
  1.8450149516508615E-03
  1.8455584868876953E-03
  1.8461114200304907E-03
  1.8466737051772474E-03
  1.8472452976837710E-03
  1.8478261541436177E-03
  1.8484162323685795E-03
  1.8490154913697163E-03
  1.8496238913389197E-03
  1.8502413936309779E-03
  1.8508679607461534E-03
  1.8515035563132381E-03
  1.8521481450730823E-03
  1.8528016928625929E-03
  1.8534641665991737E-03
  1.8541355342656120E-03
  1.8548157648953841E-03
  1.8555048285583875E-03
  1.8562026963470754E-03
  1.8569093403629899E-03
  1.8576247337036783E-03
  1.8583488504500000E-03
  1.8590816656537887E-03
  1.8598231553258859E-03
  1.8605732964245224E-03
  1.8613320668440468E-03
  1.8620994454039868E-03
  1.8628754118384461E-03
  1.8636599467858207E-03
  1.8644530317788260E-03
  1.8652546492348389E-03
  1.8660647824465357E-03
  1.8668834155728354E-03
  1.8677105336301139E-03
  1.8685461224837215E-03
  1.8693901688397656E-03
  1.8702426602371694E-03
  1.8711035850399946E-03
  1.8719729324300322E-03
  1.8728506923996384E-03
  1.8737368557448385E-03
  1.8746314140586583E-03
  1.8755343597247141E-03
  1.8764456859110342E-03
  1.8773653865641134E-03
  1.8782934564032020E-03
  1.8792298909148159E-03
  1.8801746863474744E-03
  1.8811278397066491E-03
  1.8820893487499391E-03
  1.8830592119824497E-03
  1.8840374286523799E-03
  1.8850239987468272E-03
  1.8860189229877714E-03
  1.8870222028282908E-03
  1.8880338404489454E-03
  1.8890538387543745E-03
  1.8900822013700757E-03
  1.8911189326393835E-03
  1.8921640376206210E-03
  1.8932175220844549E-03
  1.8942793925114168E-03
  1.8953496560896209E-03
  1.8964283207126454E-03
  1.8975153949776086E-03
  1.8986108881834040E-03
  1.8997148103291233E-03
  1.9008271721126467E-03
  1.9019479849294034E-03
  1.9030772608712989E-03
  1.9042150127258303E-03
  1.9053612539753351E-03
  1.9065159987964430E-03
  1.9076792620596670E-03
  1.9088510593291733E-03
  1.9100314068627095E-03
  1.9112203216116936E-03
  1.9124178212214760E-03
  1.9136239240317493E-03
  1.9148386490771287E-03
  0.0000000000000000E+00
  1.8302695405403881E-03
  1.8302764248937929E-03
  1.8302969785697948E-03
  1.8303310550686989E-03
  1.8303785112590255E-03
  1.8304392072956020E-03
  1.8305130065402249E-03
  1.8305997754847786E-03
  1.8306993836767333E-03
  1.8308117036469485E-03
  1.8309366108396801E-03
  1.8310739835447295E-03
  1.8312237028316619E-03
  1.8313856524859976E-03
  1.8315597189473578E-03
  1.8317457912494302E-03
  1.8319437609617666E-03
  1.8321535221332895E-03
  1.8323749712374805E-03
  1.8326080071191981E-03
  1.8328525309430480E-03
  1.8331084461432833E-03
  1.8333756583751486E-03
  1.8336540754676659E-03
  1.8339436073777752E-03
  1.8342441661458046E-03
  1.8345556658522319E-03
  1.8348780225756764E-03
  1.8352111543521149E-03
  1.8355549811352391E-03
  1.8359094247579659E-03
  1.8362744088950243E-03
  1.8366498590266132E-03
  1.8370357024030874E-03
  1.8374318680106285E-03
  1.8378382865378983E-03
  1.8382548903436104E-03
  1.8386816134250345E-03
  1.8391183913873564E-03
  1.8395651614139083E-03
  1.8400218622372307E-03
  1.8404884341109327E-03
  1.8409648187823334E-03
  1.8414509594658741E-03
  1.8419468008172533E-03
  1.8424522889082945E-03
  1.8429673712024920E-03
  1.8434919965312495E-03
  1.8440261150707679E-03
  1.8445696783195727E-03
  1.8451226390766640E-03
  1.8456849514202742E-03
  1.8462565706872081E-03
  1.8468374534527565E-03
  1.8474275575111688E-03
  1.8480268418566686E-03
  1.8486352666649891E-03
  1.8492527932754280E-03
  1.8498793841734056E-03
  1.8505150029735008E-03
  1.8511596144029688E-03
  1.8518131842857174E-03
  1.8524756795267386E-03
  1.8531470680969752E-03
  1.8538273190186149E-03
  1.8545164023508112E-03
  1.8552142891757979E-03
  1.8559209515854162E-03
  1.8566363626680181E-03
  1.8573604964957555E-03
  1.8580933281122393E-03
  1.8588348335205557E-03
  1.8595849896716420E-03
  1.8603437744529972E-03
  1.8611111666777442E-03
  1.8618871460740110E-03
  1.8626716932746337E-03
  1.8634647898071847E-03
  1.8642664180842977E-03
  1.8650765613943065E-03
  1.8658952038921651E-03
  1.8667223305906748E-03
  1.8675579273519779E-03
  1.8684019808793402E-03
  1.8692544787092017E-03
  1.8701154092034956E-03
  1.8709847615422292E-03
  1.8718625257163161E-03
  1.8727486925206704E-03
  1.8736432535475410E-03
  1.8745462011800877E-03
  1.8754575285862035E-03
  1.8763772297125609E-03
  1.8773052992788987E-03
  1.8782417327725268E-03
  1.8791865264430566E-03
  1.8801396772973548E-03
  1.8811011830947063E-03
  1.8820710423421924E-03
  1.8830492542902756E-03
  1.8840358189285997E-03
  1.8850307369819761E-03
  1.8860340099065862E-03
  1.8870456398863728E-03
  1.8880656298296300E-03
  1.8890939833657830E-03
  1.8901307048423564E-03
  1.8911757993221392E-03
  1.8922292725805216E-03
  1.8932911311030276E-03
  1.8943613820830200E-03
  1.8954400334195915E-03
  1.8965270937156321E-03
  1.8976225722760656E-03
  1.8987264791062736E-03
  1.8998388249106787E-03
  1.9009596210915111E-03
  1.9020888797477385E-03
  1.9032266136741656E-03
  1.9043728363607034E-03
  1.9055275619918027E-03
  1.9066908054460594E-03
  1.9078625822959725E-03
  1.9090429088078819E-03
  1.9102318019420582E-03
  1.9114292793529562E-03
  1.9126353593896335E-03
  1.9138500610963302E-03
  0.0000000000000000E+00
  1.8292805332698545E-03
  1.8292874187225722E-03
  1.8293079756249012E-03
  1.8293420573724259E-03
  1.8293895207324334E-03
  1.8294502257618932E-03
  1.8295240357279953E-03
  1.8296108170311591E-03
  1.8297104391304228E-03
  1.8298227744711446E-03
  1.8299476984149070E-03
  1.8300850891715761E-03
  1.8302348277334157E-03
  1.8303967978112068E-03
  1.8305708857722911E-03
  1.8307569805804695E-03
  1.8309549737377086E-03
  1.8311647592275750E-03
  1.8313862334603569E-03
  1.8316192952198024E-03
  1.8318638456114263E-03
  1.8321197880123415E-03
  1.8323870280225498E-03
  1.8326654734176543E-03
  1.8329550341029503E-03
  1.8332556220688342E-03
  1.8335671513475124E-03
  1.8338895379709467E-03
  1.8342226999300078E-03
  1.8345665571347953E-03
  1.8349210313760944E-03
  1.8352860462879214E-03
  1.8356615273111370E-03
  1.8360474016580859E-03
  1.8364435982782343E-03
  1.8368500478247803E-03
  1.8372666826221898E-03
  1.8376934366346590E-03
  1.8381302454354451E-03
  1.8385770461770655E-03
  1.8390337775623141E-03
  1.8395003798161037E-03
  1.8399767946580706E-03
  1.8404629652759563E-03
  1.8409588362997206E-03
  1.8414643537763723E-03
  1.8419794651454960E-03
  1.8425041192154639E-03
  1.8430382661402973E-03
  1.8435818573971695E-03
  1.8441348457645364E-03
  1.8446971853008684E-03
  1.8452688313239682E-03
  1.8458497403908707E-03
  1.8464398702782874E-03
  1.8470391799636065E-03
  1.8476476296064085E-03
  1.8482651805305065E-03
  1.8488917952064819E-03
  1.8495274372347049E-03
  1.8501720713288402E-03
  1.8508256632998011E-03
  1.8514881800401730E-03
  1.8521595895090582E-03
  1.8528398607173622E-03
  1.8535289637134945E-03
  1.8542268695694777E-03
  1.8549335503674550E-03
  1.8556489791865867E-03
  1.8563731300903241E-03
  1.8571059781140569E-03
  1.8578474992531225E-03
  1.8585976704511644E-03
  1.8593564695888432E-03
  1.8601238754728780E-03
  1.8608998678254207E-03
  1.8616844272737567E-03
  1.8624775353403170E-03
  1.8632791744329995E-03
  1.8640893278357906E-03
  1.8649079796996936E-03
  1.8657351150339326E-03
  1.8665707196974448E-03
  1.8674147803906609E-03
  1.8682672846475413E-03
  1.8691282208278923E-03
  1.8699975781099392E-03
  1.8708753464831585E-03
  1.8717615167413567E-03
  1.8726560804760060E-03
  1.8735590300698161E-03
  1.8744703586905435E-03
  1.8753900602850454E-03
  1.8763181295735484E-03
  1.8772545620441570E-03
  1.8781993539475842E-03
  1.8791525022920895E-03
  1.8801140048386455E-03
  1.8810838600963123E-03
  1.8820620673178200E-03
  1.8830486264953599E-03
  1.8840435383565730E-03
  1.8850468043607497E-03
  1.8860584266952179E-03
  1.8870784082719260E-03
  1.8881067527242268E-03
  1.8891434644038425E-03
  1.8901885483780241E-03
  1.8912420104268885E-03
  1.8923038570409507E-03
  1.8933740954188291E-03
  1.8944527334651276E-03
  1.8955397797885091E-03
  1.8966352436999283E-03
  1.8977391352110575E-03
  1.8988514650328638E-03
  1.8999722445743820E-03
  1.9011014859416360E-03
  1.9022392019367445E-03
  1.9033854060571855E-03
  1.9045401124952396E-03
  1.9057033361375767E-03
  1.9068750925650369E-03
  1.9080553980525504E-03
  1.9092442695692374E-03
  1.9104417247786589E-03
  1.9116477820392366E-03
  1.9128624604048360E-03
  0.0000000000000000E+00
  1.8282925122080538E-03
  1.8282993987602150E-03
  1.8283199588892372E-03
  1.8283540458859469E-03
  1.8284015164163659E-03
  1.8284622304395772E-03
  1.8285360511281323E-03
  1.8286228447909590E-03
  1.8287224807986408E-03
  1.8288348315110099E-03
  1.8289597722069562E-03
  1.8290971810163861E-03
  1.8292469388542522E-03
  1.8294089293565735E-03
  1.8295830388184008E-03
  1.8297691561336303E-03
  1.8299671727366328E-03
  1.8301769825456106E-03
  1.8303984819076438E-03
  1.8306315695453626E-03
  1.8308761465051834E-03
  1.8311321161070730E-03
  1.8313993838957791E-03
  1.8316778575934857E-03
  1.8319674470538329E-03
  1.8322680642172844E-03
  1.8325796230677770E-03
  1.8329020395906020E-03
  1.8332352317315295E-03
  1.8335791193570615E-03
  1.8339336242158524E-03
  1.8342986699012036E-03
  1.8346741818146362E-03
  1.8350600871304883E-03
  1.8354563147615101E-03
  1.8358627953254363E-03
  1.8362794611124864E-03
  1.8367062460537846E-03
  1.8371430856906640E-03
  1.8375899171448238E-03
  1.8380466790893202E-03
  1.8385133117203678E-03
  1.8389897567299249E-03
  1.8394759572790381E-03
  1.8399718579719280E-03
  1.8404774048307935E-03
  1.8409925452713160E-03
  1.8415172280788375E-03
  1.8420514033852019E-03
  1.8425950226462367E-03
  1.8431480386198573E-03
  1.8437104053447748E-03
  1.8442820781197978E-03
  1.8448630134837044E-03
  1.8454531691956765E-03
  1.8460525042162694E-03
  1.8466609786889168E-03
  1.8472785539219510E-03
  1.8479051923711166E-03
  1.8485408576225850E-03
  1.8491855143764294E-03
  1.8498391284305783E-03
  1.8505016666652096E-03
  1.8511730970275932E-03
  1.8518533885173542E-03
  1.8525425111721645E-03
  1.8532404360538407E-03
  1.8539471352348319E-03
  1.8546625817851090E-03
  1.8553867497594283E-03
  1.8561196141849644E-03
  1.8568611510493063E-03
  1.8576113372888122E-03
  1.8583701507773047E-03
  1.8591375703151042E-03
  1.8599135756183923E-03
  1.8606981473089066E-03
  1.8614912669039398E-03
  1.8622929168066560E-03
  1.8631030802967042E-03
  1.8639217415211357E-03
  1.8647488854855994E-03
  1.8655844980458370E-03
  1.8664285658994415E-03
  1.8672810765778998E-03
  1.8681420184388942E-03
  1.8690113806588741E-03
  1.8698891532258756E-03
  1.8707753269326069E-03
  1.8716698933697650E-03
  1.8725728449196085E-03
  1.8734841747497660E-03
  1.8744038768072741E-03
  1.8753319458128578E-03
  1.8762683772554183E-03
  1.8772131673867667E-03
  1.8781663132165611E-03
  1.8791278125074651E-03
  1.8800976637705202E-03
  1.8810758662607219E-03
  1.8820624199728151E-03
  1.8830573256372707E-03
  1.8840605847164921E-03
  1.8850721994011891E-03
  1.8860921726069706E-03
  1.8871205079711180E-03
  1.8881572098495513E-03
  1.8892022833139838E-03
  1.8902557341492639E-03
  1.8913175688508982E-03
  1.8923877946227566E-03
  1.8934664193749611E-03
  1.8945534517219465E-03
  1.8956489009807019E-03
  1.8967527771691854E-03
  1.8978650910049157E-03
  1.8989858539037268E-03
  1.9001150779787022E-03
  1.9012527760392749E-03
  1.9023989615904948E-03
  1.9035536488324627E-03
  1.9047168526599319E-03
  1.9058885886620788E-03
  1.9070688731224255E-03
  1.9082577230189414E-03
  1.9094551560242935E-03
  1.9106611905062695E-03
  1.9118758455283589E-03
  0.0000000000000000E+00
  1.8273054758837415E-03
  1.8273123635354758E-03
  1.8273329268915569E-03
  1.8273670191380151E-03
  1.8274144968395802E-03
  1.8274752198574082E-03
  1.8275490512693895E-03
  1.8276358572929328E-03
  1.8277355072101409E-03
  1.8278478732952977E-03
  1.8279728307445788E-03
  1.8281102576079141E-03
  1.8282600347229226E-03
  1.8284220456508472E-03
  1.8285961766144325E-03
  1.8287823164376586E-03
  1.8289803564872861E-03
  1.8291901906161386E-03
  1.8294117151080843E-03
  1.8296448286246208E-03
  1.8298894321530585E-03
  1.8301454289562141E-03
  1.8304127245235740E-03
  1.8306912265238921E-03
  1.8309808447591568E-03
  1.8312814911198919E-03
  1.8315930795417526E-03
  1.8319155259633717E-03
  1.8322487482854055E-03
  1.8325926663307613E-03
  1.8329472018059603E-03
  1.8333122782635885E-03
  1.8336878210658287E-03
  1.8340737573490093E-03
  1.8344700159891696E-03
  1.8348765275685765E-03
  1.8352932243432076E-03
  1.8357200402111180E-03
  1.8361569106817169E-03
  1.8366037728458876E-03
  1.8370605653469504E-03
  1.8375272283524256E-03
  1.8380037035265959E-03
  1.8384899340038151E-03
  1.8389858643625700E-03
  1.8394914406002522E-03
  1.8400066101086424E-03
  1.8405313216500567E-03
  1.8410655253341681E-03
  1.8416091725954598E-03
  1.8421622161713103E-03
  1.8427246100806757E-03
  1.8432963096033752E-03
  1.8438772712599375E-03
  1.8444674527920133E-03
  1.8450668131433333E-03
  1.8456753124411886E-03
  1.8462929119784329E-03
  1.8469195741959829E-03
  1.8475552626658102E-03
  1.8481999420744055E-03
  1.8488535782067146E-03
  1.8495161379305134E-03
  1.8501875891812427E-03
  1.8508679009472534E-03
  1.8515570432554845E-03
  1.8522549871575473E-03
  1.8529617047162040E-03
  1.8536771689922431E-03
  1.8544013540317253E-03
  1.8551342348536162E-03
  1.8558757874377620E-03
  1.8566259887132395E-03
  1.8573848165470341E-03
  1.8581522497330746E-03
  1.8589282679815759E-03
  1.8597128519087316E-03
  1.8605059830267027E-03
  1.8613076437339175E-03
  1.8621178173056957E-03
  1.8629364878851363E-03
  1.8637636404743232E-03
  1.8645992609257996E-03
  1.8654433359343279E-03
  1.8662958530289244E-03
  1.8671568005651496E-03
  1.8680261677176781E-03
  1.8689039444731148E-03
  1.8697901216230667E-03
  1.8706846907574602E-03
  1.8715876442581083E-03
  1.8724989752925121E-03
  1.8734186778078933E-03
  1.8743467465254715E-03
  1.8752831769349521E-03
  1.8762279652892472E-03
  1.8771811085994132E-03
  1.8781426046298091E-03
  1.8791124518934565E-03
  1.8800906496476240E-03
  1.8810771978896063E-03
  1.8820720973527117E-03
  1.8830753495024531E-03
  1.8840869565329283E-03
  1.8851069213634069E-03
  1.8861352476350988E-03
  1.8871719397081240E-03
  1.8882170026586623E-03
  1.8892704422762913E-03
  1.8903322650615111E-03
  1.8914024782234467E-03
  1.8924810896777363E-03
  1.8935681080445889E-03
  1.8946635426470289E-03
  1.8957674035093017E-03
  1.8968797013554756E-03
  1.8980004476081887E-03
  1.8991296543875815E-03
  1.9002673345104026E-03
  1.9014135014892722E-03
  1.9025681695321148E-03
  1.9037313535417680E-03
  1.9049030691157421E-03
  1.9060833325461523E-03
  1.9072721608198154E-03
  1.9084695716185067E-03
  1.9096755833193791E-03
  1.9108902149955443E-03
  0.0000000000000000E+00
  1.8263194228286003E-03
  1.8263263115800385E-03
  1.8263468781635440E-03
  1.8263809756603180E-03
  1.8264284605337582E-03
  1.8264891925470696E-03
  1.8265630346834491E-03
  1.8266498530687626E-03
  1.8267495168966044E-03
  1.8268618983556882E-03
  1.8269868725594549E-03
  1.8271243174778371E-03
  1.8272741138711029E-03
  1.8274361452257041E-03
  1.8276102976920643E-03
  1.8277964600242286E-03
  1.8279945235213390E-03
  1.8282043819708323E-03
  1.8284259315933453E-03
  1.8286590709892432E-03
  1.8289037010867184E-03
  1.8291597250914293E-03
  1.8294270484375951E-03
  1.8297055787405367E-03
  1.8299952257505817E-03
  1.8302959013083097E-03
  1.8306075193010988E-03
  1.8309299956209091E-03
  1.8312632481232883E-03
  1.8316071965875462E-03
  1.8319617626780674E-03
  1.8323268699067244E-03
  1.8327024435963587E-03
  1.8330884108452930E-03
  1.8334847004928508E-03
  1.8338912430858406E-03
  1.8343079708459916E-03
  1.8347348176382949E-03
  1.8351717189402366E-03
  1.8356186118118865E-03
  1.8360754348668311E-03
  1.8365421282439025E-03
  1.8370186335797067E-03
  1.8375048939819098E-03
  1.8380008540032659E-03
  1.8385064596163668E-03
  1.8390216581890923E-03
  1.8395463984607384E-03
  1.8400806305188086E-03
  1.8406243057764492E-03
  1.8411773769505041E-03
  1.8417397980401797E-03
  1.8423115243063086E-03
  1.8428925122511730E-03
  1.8434827195989007E-03
  1.8440821052763997E-03
  1.8446906293948229E-03
  1.8453082532315507E-03
  1.8459349392126764E-03
  1.8465706508959759E-03
  1.8472153529543629E-03
  1.8478690111598010E-03
  1.8485315923676743E-03
  1.8492030645015961E-03
  1.8498833965386477E-03
  1.8505725584950408E-03
  1.8512705214121844E-03
  1.8519772573431595E-03
  1.8526927393395722E-03
  1.8534169414387990E-03
  1.8541498386515950E-03
  1.8548914069500713E-03
  1.8556416232560248E-03
  1.8564004654296131E-03
  1.8571679122583696E-03
  1.8579439434465530E-03
  1.8587285396048129E-03
  1.8595216822401804E-03
  1.8603233537463613E-03
  1.8611335373943409E-03
  1.8619522173232734E-03
  1.8627793785316786E-03
  1.8636150068689070E-03
  1.8644590890268947E-03
  1.8653116125321864E-03
  1.8661725657382279E-03
  1.8670419378179239E-03
  1.8679197187564461E-03
  1.8688058993443068E-03
  1.8697004711706639E-03
  1.8706034266168870E-03
  1.8715147588503518E-03
  1.8724344618184705E-03
  1.8733625302429602E-03
  1.8742989596143298E-03
  1.8752437461865945E-03
  1.8761968869722156E-03
  1.8771583797372454E-03
  1.8781282229966920E-03
  1.8791064160100937E-03
  1.8800929587773042E-03
  1.8810878520344645E-03
  1.8820910972502040E-03
  1.8831026966220053E-03
  1.8841226530728037E-03
  1.8851509702477386E-03
  1.8861876525111320E-03
  1.8872327049436291E-03
  1.8882861333395394E-03
  1.8893479442043588E-03
  1.8904181447524685E-03
  1.8914967429050228E-03
  1.8925837472880066E-03
  1.8936791672304783E-03
  1.8947830127629764E-03
  1.8958952946161150E-03
  1.8970160242193373E-03
  1.8981452136998436E-03
  1.8992828758816979E-03
  1.9004290242850897E-03
  1.9015836731257705E-03
  1.9027468373146587E-03
  1.9039185324575985E-03
  1.9050987748553011E-03
  1.9062875815034318E-03
  1.9074849700928711E-03
  1.9086909590101367E-03
  1.9099055673379639E-03
  0.0000000000000000E+00
  1.8253343515772338E-03
  1.8253412414285053E-03
  1.8253618112398003E-03
  1.8253959139874546E-03
  1.8254434060335010E-03
  1.8255041470431619E-03
  1.8255779999049127E-03
  1.8256648306530464E-03
  1.8257645083926291E-03
  1.8258769052267789E-03
  1.8260018961861811E-03
  1.8261393591607511E-03
  1.8262891748333904E-03
  1.8264512266157405E-03
  1.8266254005858866E-03
  1.8268115854279331E-03
  1.8270096723733834E-03
  1.8272195551442786E-03
  1.8274411298980179E-03
  1.8276742951738179E-03
  1.8279189518407494E-03
  1.8281750030473027E-03
  1.8284423541724255E-03
  1.8287209127779982E-03
  1.8290105885626843E-03
  1.8293112933171164E-03
  1.8296229408803879E-03
  1.8299454470977869E-03
  1.8302787297797491E-03
  1.8306227086619835E-03
  1.8309773053667398E-03
  1.8313424433651756E-03
  1.8317180479407893E-03
  1.8321040461539003E-03
  1.8325003668071152E-03
  1.8329069404117852E-03
  1.8333236991553935E-03
  1.8337505768698675E-03
  1.8341875090007729E-03
  1.8346344325773705E-03
  1.8350912861835121E-03
  1.8355580099293437E-03
  1.8360345454238008E-03
  1.8365208357478645E-03
  1.8370168254285568E-03
  1.8375224604136747E-03
  1.8380376880472024E-03
  1.8385624570454165E-03
  1.8390967174736579E-03
  1.8396404207237367E-03
  1.8401935194919668E-03
  1.8407559677578135E-03
  1.8413277207631222E-03
  1.8419087349919338E-03
  1.8424989681508606E-03
  1.8430983791499886E-03
  1.8437069280843384E-03
  1.8443245762158229E-03
  1.8449512859557127E-03
  1.8455870208475970E-03
  1.8462317455508128E-03
  1.8468854258243516E-03
  1.8475480285112050E-03
  1.8482195215231642E-03
  1.8488998738260462E-03
  1.8495890554253395E-03
  1.8502870373522573E-03
  1.8509937916502011E-03
  1.8517092913616015E-03
  1.8524335105151513E-03
  1.8531664241134040E-03
  1.8539080081207357E-03
  1.8546582394516698E-03
  1.8554170959595375E-03
  1.8561845564254876E-03
  1.8569606005478189E-03
  1.8577452089316448E-03
  1.8585383630788711E-03
  1.8593400453784819E-03
  1.8601502390971319E-03
  1.8609689283700390E-03
  1.8617960981921579E-03
  1.8626317344096520E-03
  1.8634758237116326E-03
  1.8643283536221790E-03
  1.8651893124926229E-03
  1.8660586894941019E-03
  1.8669364746103612E-03
  1.8678226586308169E-03
  1.8687172331438660E-03
  1.8696201905304341E-03
  1.8705315239577766E-03
  1.8714512273734971E-03
  1.8723792954998114E-03
  1.8733157238280374E-03
  1.8742605086132980E-03
  1.8752136468694572E-03
  1.8761751363642635E-03
  1.8771449756147147E-03
  1.8781231638826230E-03
  1.8791097011703975E-03
  1.8801045882170201E-03
  1.8811078264942313E-03
  1.8821194182029094E-03
  1.8831393662696485E-03
  1.8841676743435265E-03
  1.8852043467930610E-03
  1.8862493887033711E-03
  1.8873028058734970E-03
  1.8883646048139303E-03
  1.8894347927443109E-03
  1.8905133775913097E-03
  1.8916003679866893E-03
  1.8926957732655410E-03
  1.8937996034646995E-03
  1.8949118693213233E-03
  1.8960325822716627E-03
  1.8971617544499791E-03
  1.8982993986876510E-03
  1.8994455285124381E-03
  1.9006001581479196E-03
  1.9017633025130922E-03
  1.9029349772221402E-03
  1.9041151985843645E-03
  1.9053039836042815E-03
  1.9065013499818782E-03
  1.9077073161130355E-03
  1.9089219010901125E-03
  0.0000000000000000E+00
  1.8243502606671560E-03
  1.8243571516183912E-03
  1.8243777246578410E-03
  1.8244118326569386E-03
  1.8244593318763229E-03
  1.8245200818831991E-03
  1.8245939454712933E-03
  1.8246807885832987E-03
  1.8247804802357284E-03
  1.8248928924460819E-03
  1.8250179001622680E-03
  1.8251553811941671E-03
  1.8253052161472923E-03
  1.8254672883584611E-03
  1.8256414838334078E-03
  1.8258276911862757E-03
  1.8260258015809236E-03
  1.8262357086739811E-03
  1.8264573085596018E-03
  1.8266904997158437E-03
  1.8269351829526485E-03
  1.8271912613613303E-03
  1.8274586402655597E-03
  1.8277372271737707E-03
  1.8280269317329577E-03
  1.8283276656838015E-03
  1.8286393428171086E-03
  1.8289618789314914E-03
  1.8292951917922710E-03
  1.8296392010915567E-03
  1.8299938284094600E-03
  1.8303589971764196E-03
  1.8307346326365975E-03
  1.8311206618123047E-03
  1.8315170134694347E-03
  1.8319236180838801E-03
  1.8323404078088806E-03
  1.8327673164433020E-03
  1.8332042794007911E-03
  1.8336512336798005E-03
  1.8341081178344526E-03
  1.8345748719462087E-03
  1.8350514375963353E-03
  1.8355377578391308E-03
  1.8360337771758950E-03
  1.8365394415296270E-03
  1.8370546982204195E-03
  1.8375794959415367E-03
  1.8381137847361582E-03
  1.8386575159747636E-03
  1.8392106423331417E-03
  1.8397731177710157E-03
  1.8403448975112531E-03
  1.8409259380196593E-03
  1.8415161969853268E-03
  1.8421156333015332E-03
  1.8427242070471683E-03
  1.8433418794686785E-03
  1.8439686129625215E-03
  1.8446043710581002E-03
  1.8452491184011836E-03
  1.8459028207377895E-03
  1.8465654448985265E-03
  1.8472369587833688E-03
  1.8479173313468702E-03
  1.8486065325838007E-03
  1.8493045335151845E-03
  1.8500113061747456E-03
  1.8507268235957463E-03
  1.8514510597981977E-03
  1.8521839897764555E-03
  1.8529255894871668E-03
  1.8536758358375857E-03
  1.8544347066742203E-03
  1.8552021807718374E-03
  1.8559782378227830E-03
  1.8567628584266365E-03
  1.8575560240801827E-03
  1.8583577171676871E-03
  1.8591679209514795E-03
  1.8599866195628406E-03
  1.8608137979931696E-03
  1.8616494420854407E-03
  1.8624935385259469E-03
  1.8633460748363054E-03
  1.8642070393657380E-03
  1.8650764212836159E-03
  1.8659542105722614E-03
  1.8668403980200009E-03
  1.8677349752144676E-03
  1.8686379345361523E-03
  1.8695492691521872E-03
  1.8704689730103727E-03
  1.8713970408334277E-03
  1.8723334681134782E-03
  1.8732782511067584E-03
  1.8742313868285369E-03
  1.8751928730482636E-03
  1.8761627082849255E-03
  1.8771408918026099E-03
  1.8781274236062857E-03
  1.8791223044377760E-03
  1.8801255357719369E-03
  1.8811371198130401E-03
  1.8821570594913439E-03
  1.8831853584598604E-03
  1.8842220210913134E-03
  1.8852670524752892E-03
  1.8863204584155648E-03
  1.8873822454276267E-03
  1.8884524207363744E-03
  1.8895309922739973E-03
  1.8906179686780363E-03
  1.8917133592896180E-03
  1.8928171741518704E-03
  1.8939294240085018E-03
  1.8950501203025673E-03
  1.8961792751753892E-03
  1.8973169014656636E-03
  1.8984630127087195E-03
  1.8996176231359625E-03
  1.9007807476744719E-03
  1.9019524019467679E-03
  1.9031326022707457E-03
  1.9043213656597684E-03
  1.9055187098229304E-03
  1.9067246531654770E-03
  1.9079392147893918E-03
  0.0000000000000000E+00
  1.8233671486387862E-03
  1.8233740406901162E-03
  1.8233946169580856E-03
  1.8234287302091917E-03
  1.8234762366026434E-03
  1.8235369956075991E-03
  1.8236108699230076E-03
  1.8236977253999367E-03
  1.8237974309663174E-03
  1.8239098585540142E-03
  1.8240348830281324E-03
  1.8241723821184983E-03
  1.8243222363532234E-03
  1.8244843289942799E-03
  1.8246585459750374E-03
  1.8248447758396674E-03
  1.8250429096843671E-03
  1.8252528411003481E-03
  1.8254744661185011E-03
  1.8257076831557253E-03
  1.8259523929628181E-03
  1.8262084985739141E-03
  1.8264759052573974E-03
  1.8267545204682521E-03
  1.8270442538017972E-03
  1.8273450169487575E-03
  1.8276567236516514E-03
  1.8279792896624114E-03
  1.8283126327012429E-03
  1.8286566724166498E-03
  1.8290113303466075E-03
  1.8293765298808390E-03
  1.8297521962241637E-03
  1.8301382563608842E-03
  1.8305346390201851E-03
  1.8309412746424986E-03
  1.8313580953468252E-03
  1.8317850348989694E-03
  1.8322220286806591E-03
  1.8326690136595434E-03
  1.8331259283600166E-03
  1.8335927128348582E-03
  1.8340693086376701E-03
  1.8345556587960707E-03
  1.8350517077856368E-03
  1.8355574015045774E-03
  1.8360726872490968E-03
  1.8365975136894507E-03
  1.8371318308466600E-03
  1.8376755900698784E-03
  1.8382287440143739E-03
  1.8387912466201308E-03
  1.8393630530910447E-03
  1.8399441198746868E-03
  1.8405344046426395E-03
  1.8411338662713713E-03
  1.8417424648236459E-03
  1.8423601615304523E-03
  1.8429869187734354E-03
  1.8436227000678156E-03
  1.8442674700458025E-03
  1.8449211944404438E-03
  1.8455838400699672E-03
  1.8462553748225345E-03
  1.8469357676414435E-03
  1.8476249885107491E-03
  1.8483230084412883E-03
  1.8490297994571158E-03
  1.8497453345823272E-03
  1.8504695878282568E-03
  1.8512025341810687E-03
  1.8519441495896839E-03
  1.8526944109540893E-03
  1.8534532961139772E-03
  1.8542207838377349E-03
  1.8549968538117596E-03
  1.8557814866301025E-03
  1.8565746637844286E-03
  1.8573763676542881E-03
  1.8581865814976926E-03
  1.8590052894419881E-03
  1.8598324764750205E-03
  1.8606681284365819E-03
  1.8615122320101471E-03
  1.8623647747148748E-03
  1.8632257448978800E-03
  1.8640951317267745E-03
  1.8649729251824568E-03
  1.8658591160521656E-03
  1.8667536959227778E-03
  1.8676566571743469E-03
  1.8685679929738904E-03
  1.8694876972694039E-03
  1.8704157647841156E-03
  1.8713521910109585E-03
  1.8722969722072818E-03
  1.8732501053897619E-03
  1.8742115883295517E-03
  1.8751814195476280E-03
  1.8761595983103605E-03
  1.8771461246252757E-03
  1.8781409992370383E-03
  1.8791442236236256E-03
  1.8801557999927020E-03
  1.8811757312781937E-03
  1.8822040211370478E-03
  1.8832406739461951E-03
  1.8842856947996912E-03
  1.8853390895060493E-03
  1.8864008645857544E-03
  1.8874710272689657E-03
  1.8885495854933921E-03
  1.8896365479023542E-03
  1.8907319238430154E-03
  1.8918357233647961E-03
  1.8929479572179573E-03
  1.8940686368523578E-03
  1.8951977744163830E-03
  1.8963353827560420E-03
  1.8974814754142411E-03
  1.8986360666302085E-03
  1.8997991713391061E-03
  1.9009708051717917E-03
  1.9021509844547523E-03
  1.9033397262102003E-03
  1.9045370481563376E-03
  1.9057429687077724E-03
  1.9069575069761099E-03
  0.0000000000000000E+00
  1.8223850140354414E-03
  1.8223919071869950E-03
  1.8224124866838493E-03
  1.8224466051875293E-03
  1.8224941187557767E-03
  1.8225548867596788E-03
  1.8226287718033725E-03
  1.8227156396462753E-03
  1.8228153591277134E-03
  1.8229278020938874E-03
  1.8230528433270852E-03
  1.8231903604770572E-03
  1.8233402339944923E-03
  1.8235023470665060E-03
  1.8236765855540857E-03
  1.8238628379314147E-03
  1.8240609952270212E-03
  1.8242709509666817E-03
  1.8244926011180219E-03
  1.8247258440367640E-03
  1.8249705804145571E-03
  1.8252267132283504E-03
  1.8254941476912344E-03
  1.8257727912047363E-03
  1.8260625533124950E-03
  1.8263633456552780E-03
  1.8266750819273072E-03
  1.8269976778338352E-03
  1.8273310510499498E-03
  1.8276751211805488E-03
  1.8280298097214688E-03
  1.8283950400217153E-03
  1.8287707372467640E-03
  1.8291568283429157E-03
  1.8295532420026398E-03
  1.8299599086309146E-03
  1.8303767603124988E-03
  1.8308037307801367E-03
  1.8312407553836430E-03
  1.8316877710598631E-03
  1.8321447163034653E-03
  1.8326115311385535E-03
  1.8330881570910633E-03
  1.8335745371619373E-03
  1.8340706158010362E-03
  1.8345763388817791E-03
  1.8350916536764858E-03
  1.8356165088324065E-03
  1.8361508543484107E-03
  1.8366946415523269E-03
  1.8372478230789066E-03
  1.8378103528484016E-03
  1.8383821860457371E-03
  1.8389632791002565E-03
  1.8395535896660359E-03
  1.8401530766027384E-03
  1.8407616999570077E-03
  1.8413794209443772E-03
  1.8420062019316842E-03
  1.8426420064199774E-03
  1.8432867990278992E-03
  1.8439405454755413E-03
  1.8446032125687517E-03
  1.8452747681838863E-03
  1.8459551812529899E-03
  1.8466444217494062E-03
  1.8473424606737896E-03
  1.8480492700405310E-03
  1.8487648228645607E-03
  1.8494890931485479E-03
  1.8502220558704594E-03
  1.8509636869715009E-03
  1.8517139633443952E-03
  1.8524728628220226E-03
  1.8532403641663940E-03
  1.8540164470579614E-03
  1.8548010920852527E-03
  1.8555942807348175E-03
  1.8563959953814949E-03
  1.8572062192789812E-03
  1.8580249365506923E-03
  1.8588521321809203E-03
  1.8596877920062831E-03
  1.8605319027074397E-03
  1.8613844518010935E-03
  1.8622454276322575E-03
  1.8631148193667820E-03
  1.8639926169841505E-03
  1.8648788112705158E-03
  1.8657733938119998E-03
  1.8666763569882238E-03
  1.8675876939660905E-03
  1.8685073986937960E-03
  1.8694354658950762E-03
  1.8703718910636818E-03
  1.8713166704580713E-03
  1.8722698010963357E-03
  1.8732312807513305E-03
  1.8742011079460293E-03
  1.8751792819490774E-03
  1.8761658027705689E-03
  1.8771606711580101E-03
  1.8781638885925003E-03
  1.8791754572851000E-03
  1.8801953801734007E-03
  1.8812236609182921E-03
  1.8822603039009085E-03
  1.8833053142197787E-03
  1.8843586976881527E-03
  1.8854204608315156E-03
  1.8864906108852870E-03
  1.8875691557926977E-03
  1.8886561042028474E-03
  1.8897514654689369E-03
  1.8908552496466821E-03
  1.8919674674928932E-03
  1.8930881304642375E-03
  1.8942172507161617E-03
  1.8953548411019935E-03
  1.8965009151722075E-03
  1.8976554871738621E-03
  1.8988185720502000E-03
  1.8999901854404150E-03
  1.9011703436795889E-03
  1.9023590637987826E-03
  1.9035563635253037E-03
  1.9047622612831257E-03
  1.9059767761934743E-03
  0.0000000000000000E+00
  1.8214038554033296E-03
  1.8214107496552379E-03
  1.8214313323813422E-03
  1.8214654561381567E-03
  1.8215129768819325E-03
  1.8215737538856429E-03
  1.8216476496585930E-03
  1.8217345298685186E-03
  1.8218342632661179E-03
  1.8219467216119070E-03
  1.8220717796053295E-03
  1.8222093148160463E-03
  1.8223592076173022E-03
  1.8225213411213396E-03
  1.8226956011167497E-03
  1.8228818760077160E-03
  1.8230800567550808E-03
  1.8232900368191783E-03
  1.8235117121043556E-03
  1.8237449809051509E-03
  1.8239897438540591E-03
  1.8242459038708301E-03
  1.8245133661132580E-03
  1.8247920379294090E-03
  1.8250818288112361E-03
  1.8253826503495435E-03
  1.8256944161902551E-03
  1.8260170419919423E-03
  1.8263504453845697E-03
  1.8266945459294275E-03
  1.8270492650802139E-03
  1.8274145261452158E-03
  1.8277902542505678E-03
  1.8281763763045645E-03
  1.8285728209629652E-03
  1.8289795185952899E-03
  1.8293964012520614E-03
  1.8298234026329629E-03
  1.8302604580559001E-03
  1.8307075044269145E-03
  1.8311644802109543E-03
  1.8316313254034440E-03
  1.8321079815026636E-03
  1.8325943914828799E-03
  1.8330904997682386E-03
  1.8335962522073755E-03
  1.8341115960487284E-03
  1.8346364799165457E-03
  1.8351708537875477E-03
  1.8357146689682437E-03
  1.8362678780728737E-03
  1.8368304350019594E-03
  1.8374022949214609E-03
  1.8379834142424980E-03
  1.8385737506016429E-03
  1.8391732628417587E-03
  1.8397819109933758E-03
  1.8403996562565735E-03
  1.8410264609833905E-03
  1.8416622886607010E-03
  1.8423071038935911E-03
  1.8429608723891982E-03
  1.8436235609409970E-03
  1.8442951374135384E-03
  1.8449755707276216E-03
  1.8456648308458820E-03
  1.8463628887587988E-03
  1.8470697164711003E-03
  1.8477852869885590E-03
  1.8485095743051762E-03
  1.8492425533907359E-03
  1.8499842001787250E-03
  1.8507344915546088E-03
  1.8514934053444584E-03
  1.8522609203039159E-03
  1.8530370161074915E-03
  1.8538216733381884E-03
  1.8546148734774515E-03
  1.8554165988954091E-03
  1.8562268328414448E-03
  1.8570455594350489E-03
  1.8578727636569680E-03
  1.8587084313406424E-03
  1.8595525491639233E-03
  1.8604051046410600E-03
  1.8612660861149653E-03
  1.8621354827497360E-03
  1.8630132845234393E-03
  1.8638994822211474E-03
  1.8647940674282289E-03
  1.8656970325238761E-03
  1.8666083706748813E-03
  1.8675280758296421E-03
  1.8684561427124062E-03
  1.8693925668177406E-03
  1.8703373444052204E-03
  1.8712904724943516E-03
  1.8722519488596951E-03
  1.8732217720262186E-03
  1.8741999412648553E-03
  1.8751864565882599E-03
  1.8761813187467863E-03
  1.8771845292246548E-03
  1.8781960902363251E-03
  1.8792160047230594E-03
  1.8802442763496854E-03
  1.8812809095015465E-03
  1.8823259092816444E-03
  1.8833792815079679E-03
  1.8844410327110038E-03
  1.8855111701314333E-03
  1.8865897017180079E-03
  1.8876766361256092E-03
  1.8887719827134775E-03
  1.8898757515436217E-03
  1.8909879533794062E-03
  1.8921085996843031E-03
  1.8932377026208221E-03
  1.8943752750496109E-03
  1.8955213305287156E-03
  1.8966758833130187E-03
  1.8978389483538492E-03
  1.8990105412987355E-03
  1.9001906784913527E-03
  1.9013793769716129E-03
  1.9025766544759279E-03
  1.9037825294376341E-03
  1.9049970209875824E-03
  0.0000000000000000E+00
  1.8204236712915415E-03
  1.8204305666439332E-03
  1.8204511525996517E-03
  1.8204852816101687E-03
  1.8205328095301997E-03
  1.8205935955345838E-03
  1.8206675020377592E-03
  1.8207543946157573E-03
  1.8208541419306207E-03
  1.8209666156571588E-03
  1.8210916904119543E-03
  1.8212292436845501E-03
  1.8213791557707374E-03
  1.8215413097078649E-03
  1.8217155912121131E-03
  1.8219018886176525E-03
  1.8221000928176280E-03
  1.8223100972069172E-03
  1.8225317976265805E-03
  1.8227650923099633E-03
  1.8230098818303956E-03
  1.8232660690504254E-03
  1.8235335590725404E-03
  1.8238122591913394E-03
  1.8241020788470862E-03
  1.8244029295806190E-03
  1.8247147249895604E-03
  1.8250373806857933E-03
  1.8253708142541602E-03
  1.8257149452123441E-03
  1.8260696949719006E-03
  1.8264349868003966E-03
  1.8268107457846275E-03
  1.8271968987948815E-03
  1.8275933744502067E-03
  1.8280001030846706E-03
  1.8284170167145552E-03
  1.8288440490064899E-03
  1.8292811352464682E-03
  1.8297282123097352E-03
  1.8301852186315168E-03
  1.8306520941785652E-03
  1.8311287804215037E-03
  1.8316152203079264E-03
  1.8321113582362709E-03
  1.8326171400303909E-03
  1.8331325129148466E-03
  1.8336574254908884E-03
  1.8341918277130905E-03
  1.8347356708666484E-03
  1.8352889075452918E-03
  1.8358514916298199E-03
  1.8364233782672300E-03
  1.8370045238504213E-03
  1.8375948859984700E-03
  1.8381944235374436E-03
  1.8388030964817577E-03
  1.8394208660160504E-03
  1.8400476944775575E-03
  1.8406835453389895E-03
  1.8413283831918820E-03
  1.8419821737304168E-03
  1.8426448837357016E-03
  1.8433164810604888E-03
  1.8439969346143346E-03
  1.8446862143491735E-03
  1.8453842912453107E-03
  1.8460911372978170E-03
  1.8468067255033112E-03
  1.8475310298471340E-03
  1.8482640252908866E-03
  1.8490056877603436E-03
  1.8497559941337168E-03
  1.8505149222302741E-03
  1.8512824507992886E-03
  1.8520585595093342E-03
  1.8528432289378974E-03
  1.8536364405613147E-03
  1.8544381767450129E-03
  1.8552484207340662E-03
  1.8560671566440433E-03
  1.8568943694521451E-03
  1.8577300449886427E-03
  1.8585741699285775E-03
  1.8594267317837527E-03
  1.8602877188949819E-03
  1.8611571204246152E-03
  1.8620349263493013E-03
  1.8629211274530384E-03
  1.8638157153204446E-03
  1.8647186823302843E-03
  1.8656300216492417E-03
  1.8665497272259207E-03
  1.8674777937850834E-03
  1.8684142168221133E-03
  1.8693589925977078E-03
  1.8703121181327859E-03
  1.8712735912036200E-03
  1.8722434103371755E-03
  1.8732215748066688E-03
  1.8742080846273241E-03
  1.8752029405523401E-03
  1.8762061440690664E-03
  1.8772176973953550E-03
  1.8782376034761463E-03
  1.8792658659802046E-03
  1.8803024892970867E-03
  1.8813474785342680E-03
  1.8824008395144751E-03
  1.8834625787731984E-03
  1.8845327035563820E-03
  1.8856112218183011E-03
  1.8866981422196183E-03
  1.8877934741256136E-03
  1.8888972276045923E-03
  1.8900094134264712E-03
  1.8911300430615311E-03
  1.8922591286793440E-03
  1.8933966831478741E-03
  1.8945427200327413E-03
  1.8956972535966584E-03
  1.8968602987990317E-03
  1.8980318712957314E-03
  1.8992119874390236E-03
  1.9004006642776702E-03
  1.9015979195571877E-03
  1.9028037717202784E-03
  1.9040182399074135E-03
  0.0000000000000000E+00
  1.8194444602520439E-03
  1.8194513567050498E-03
  1.8194719458907470E-03
  1.8195060801555279E-03
  1.8195536152525440E-03
  1.8196144102584661E-03
  1.8196883274928365E-03
  1.8197752324399553E-03
  1.8198749936731869E-03
  1.8199874827816082E-03
  1.8201125742989192E-03
  1.8202501456345314E-03
  1.8204000770067588E-03
  1.8205622513780425E-03
  1.8207365543921347E-03
  1.8209228743131804E-03
  1.8211211019666166E-03
  1.8213311306818517E-03
  1.8215528562366490E-03
  1.8217861768031519E-03
  1.8220309928955178E-03
  1.8222872073190833E-03
  1.8225547251210258E-03
  1.8228334535424716E-03
  1.8231233019719904E-03
  1.8234241819004469E-03
  1.8237360068771608E-03
  1.8240586924673252E-03
  1.8243921562106581E-03
  1.8247363175812308E-03
  1.8250910979484588E-03
  1.8254564205391873E-03
  1.8258322104008715E-03
  1.8262183943657927E-03
  1.8266149010162911E-03
  1.8270216606509778E-03
  1.8274386052519018E-03
  1.8278656684526360E-03
  1.8283027855072673E-03
  1.8287498932602400E-03
  1.8292069301170662E-03
  1.8296738360158271E-03
  1.8301505523994899E-03
  1.8306370221889854E-03
  1.8311331897570412E-03
  1.8316390009027296E-03
  1.8321544028267426E-03
  1.8326793441073340E-03
  1.8332137746769370E-03
  1.8337576457994362E-03
  1.8343109100480554E-03
  1.8348735212838747E-03
  1.8354454346349337E-03
  1.8360266064759165E-03
  1.8366169944084047E-03
  1.8372165572416754E-03
  1.8378252549740392E-03
  1.8384430487746876E-03
  1.8390699009660670E-03
  1.8397057750067242E-03
  1.8403506354746468E-03
  1.8410044480510718E-03
  1.8416671795047402E-03
  1.8423387976766121E-03
  1.8430192714650037E-03
  1.8437085708111524E-03
  1.8444066666851956E-03
  1.8451135310725507E-03
  1.8458291369606880E-03
  1.8465534583262876E-03
  1.8472864701227780E-03
  1.8480281482682233E-03
  1.8487784696335863E-03
  1.8495374120313323E-03
  1.8503049542043736E-03
  1.8510810758153515E-03
  1.8518657574362371E-03
  1.8526589805382674E-03
  1.8534607274821675E-03
  1.8542709815087060E-03
  1.8550897267295321E-03
  1.8559169481183095E-03
  1.8567526315021372E-03
  1.8575967635532590E-03
  1.8584493317810287E-03
  1.8593103245241685E-03
  1.8601797309432749E-03
  1.8610575410135939E-03
  1.8619437455180455E-03
  1.8628383360405002E-03
  1.8637413049593012E-03
  1.8646526454410253E-03
  1.8655723514344850E-03
  1.8665004176649594E-03
  1.8674368396286523E-03
  1.8683816135873852E-03
  1.8693347365634923E-03
  1.8702962063349600E-03
  1.8712660214307531E-03
  1.8722441811263734E-03
  1.8732306854396153E-03
  1.8742255351265284E-03
  1.8752287316775853E-03
  1.8762402773140445E-03
  1.8772601749845140E-03
  1.8782884283617036E-03
  1.8793250418393818E-03
  1.8803700205294988E-03
  1.8814233702595243E-03
  1.8824850975699503E-03
  1.8835552097119855E-03
  1.8846337146454298E-03
  1.8857206210367277E-03
  1.8868159382572000E-03
  1.8879196763814492E-03
  1.8890318461859444E-03
  1.8901524591477760E-03
  1.8912815274435789E-03
  1.8924190639486365E-03
  1.8935650822361418E-03
  1.8947195965766340E-03
  1.8958826219376028E-03
  1.8970541739832569E-03
  1.8982342690744556E-03
  1.8994229242688084E-03
  1.9006201573209393E-03
  1.9018259866829135E-03
  1.9030404315048238E-03
  0.0000000000000000E+00
  1.8184662208396726E-03
  1.8184731183934219E-03
  1.8184937108094638E-03
  1.8185278503290718E-03
  1.8185753926038019E-03
  1.8186361966121246E-03
  1.8187101245786593E-03
  1.8187970418959470E-03
  1.8188968170486485E-03
  1.8190093215400872E-03
  1.8191344298210579E-03
  1.8192720192208198E-03
  1.8194219698801943E-03
  1.8195841646866978E-03
  1.8197584892116418E-03
  1.8199448316491276E-03
  1.8201430827568714E-03
  1.8203531357988063E-03
  1.8205748864893831E-03
  1.8208082329395369E-03
  1.8210530756042440E-03
  1.8213093172316215E-03
  1.8215768628135312E-03
  1.8218556195376205E-03
  1.8221454967407590E-03
  1.8224464058638368E-03
  1.8227582604078648E-03
  1.8230809758913449E-03
  1.8234144698088669E-03
  1.8237586615908921E-03
  1.8241134725646901E-03
  1.8244788259163865E-03
  1.8248546466540954E-03
  1.8252408615720922E-03
  1.8256373992160085E-03
  1.8260441898490028E-03
  1.8264611654188895E-03
  1.8268882595261875E-03
  1.8273254073930775E-03
  1.8277725458332105E-03
  1.8282296132223817E-03
  1.8286965494700069E-03
  1.8291732959914008E-03
  1.8296597956808311E-03
  1.8301559928853180E-03
  1.8306618333791625E-03
  1.8311772643391860E-03
  1.8317022343206507E-03
  1.8322366932338530E-03
  1.8327805923213712E-03
  1.8333338841359267E-03
  1.8338965225188849E-03
  1.8344684625793322E-03
  1.8350496606737408E-03
  1.8356400743862039E-03
  1.8362396625092119E-03
  1.8368483850249703E-03
  1.8374662030872368E-03
  1.8380930790036676E-03
  1.8387289762186521E-03
  1.8393738592966352E-03
  1.8400276939059084E-03
  1.8406904468028578E-03
  1.8413620858166505E-03
  1.8420425798343690E-03
  1.8427318987865599E-03
  1.8434300136331938E-03
  1.8441368963500390E-03
  1.8448525199154244E-03
  1.8455768582973755E-03
  1.8463098864411466E-03
  1.8470515802570980E-03
  1.8478019166089481E-03
  1.8485608733023648E-03
  1.8493284290739035E-03
  1.8501045635802744E-03
  1.8508892573879413E-03
  1.8516824919630390E-03
  1.8524842496615997E-03
  1.8532945137200896E-03
  1.8541132682462428E-03
  1.8549404982101871E-03
  1.8557761894358574E-03
  1.8566203285926954E-03
  1.8574729031876139E-03
  1.8583339015572442E-03
  1.8592033128604401E-03
  1.8600811270710396E-03
  1.8609673349708900E-03
  1.8618619281431208E-03
  1.8627648989656496E-03
  1.8636762406049555E-03
  1.8645959470100593E-03
  1.8655240129067585E-03
  1.8664604337920833E-03
  1.8674052059289750E-03
  1.8683583263411944E-03
  1.8693197928084356E-03
  1.8702896038616716E-03
  1.8712677587786890E-03
  1.8722542575798555E-03
  1.8732491010240711E-03
  1.8742522906049358E-03
  1.8752638285471129E-03
  1.8762837178028836E-03
  1.8773119620489052E-03
  1.8783485656831541E-03
  1.8793935338220615E-03
  1.8804468722978388E-03
  1.8815085876559827E-03
  1.8825786871529667E-03
  1.8836571787541169E-03
  1.8847440711316599E-03
  1.8858393736629585E-03
  1.8869430964289144E-03
  1.8880552502125482E-03
  1.8891758464977602E-03
  1.8903048974682518E-03
  1.8914424160066221E-03
  1.8925884156936383E-03
  1.8937429108076696E-03
  1.8949059163242891E-03
  1.8960774479160392E-03
  1.8972575219523753E-03
  1.8984461554997550E-03
  1.8996433663219089E-03
  1.9008491728802670E-03
  1.9020635943345402E-03
  0.0000000000000000E+00
  1.8174889516121269E-03
  1.8174958502667499E-03
  1.8175164459134996E-03
  1.8175505906884977E-03
  1.8175981401416714E-03
  1.8176589531532568E-03
  1.8177328918529245E-03
  1.8178198215414287E-03
  1.8179196106147013E-03
  1.8180321304902907E-03
  1.8181572555360642E-03
  1.8182948630011096E-03
  1.8184448329487382E-03
  1.8186070481915244E-03
  1.8187813942283236E-03
  1.8189677591831811E-03
  1.8191660337460818E-03
  1.8193761111154662E-03
  1.8195978869424683E-03
  1.8198312592768030E-03
  1.8200761285142551E-03
  1.8203323973457197E-03
  1.8205999707077353E-03
  1.8208787557344626E-03
  1.8211686617110678E-03
  1.8214696000284616E-03
  1.8217814841393445E-03
  1.8221042295155222E-03
  1.8224377536064556E-03
  1.8227819757989916E-03
  1.8231368173782566E-03
  1.8235022014896555E-03
  1.8238780531019581E-03
  1.8242642989714372E-03
  1.8246608676070163E-03
  1.8250676892363996E-03
  1.8254846957731685E-03
  1.8259118207847938E-03
  1.8263489994615491E-03
  1.8267961685862943E-03
  1.8272532665051097E-03
  1.8277202330987481E-03
  1.8281970097548754E-03
  1.8286835393410993E-03
  1.8291797661787383E-03
  1.8296856360173232E-03
  1.8302010960098078E-03
  1.8307260946884680E-03
  1.8312605819414672E-03
  1.8318045089900784E-03
  1.8323578283665296E-03
  1.8329204938924727E-03
  1.8334924606580451E-03
  1.8340736850015126E-03
  1.8346641244894827E-03
  1.8352637378976644E-03
  1.8358724851921669E-03
  1.8364903275113124E-03
  1.8371172271479728E-03
  1.8377531475323838E-03
  1.8383980532154537E-03
  1.8390519098525364E-03
  1.8397146841876591E-03
  1.8403863440382084E-03
  1.8410668582800349E-03
  1.8417561968329954E-03
  1.8424543306469034E-03
  1.8431612316878836E-03
  1.8438768729251210E-03
  1.8446012283179945E-03
  1.8453342728035874E-03
  1.8460759822845627E-03
  1.8468263336173980E-03
  1.8475853046009676E-03
  1.8483528739654720E-03
  1.8491290213616962E-03
  1.8499137273505989E-03
  1.8507069733932208E-03
  1.8515087418409012E-03
  1.8523190159258093E-03
  1.8531377797517668E-03
  1.8539650182853684E-03
  1.8548007173473892E-03
  1.8556448636044723E-03
  1.8564974445610953E-03
  1.8573584485518009E-03
  1.8582278647336979E-03
  1.8591056830792249E-03
  1.8599918943691598E-03
  1.8608864901858895E-03
  1.8617894629069170E-03
  1.8627008056986167E-03
  1.8636205125102264E-03
  1.8645485780680643E-03
  1.8654849978699862E-03
  1.8664297681800621E-03
  1.8673828860234739E-03
  1.8683443491816336E-03
  1.8693141561875151E-03
  1.8702923063212010E-03
  1.8712787996056279E-03
  1.8722736368025508E-03
  1.8732768194087016E-03
  1.8742883496521449E-03
  1.8753082304888411E-03
  1.8763364655993917E-03
  1.8773730593859867E-03
  1.8784180169695401E-03
  1.8794713441870033E-03
  1.8805330475888794E-03
  1.8816031344369103E-03
  1.8826816127019454E-03
  1.8837684910619999E-03
  1.8848637789004748E-03
  1.8859674863045716E-03
  1.8870796240638679E-03
  1.8882002036690708E-03
  1.8893292373109469E-03
  1.8904667378794159E-03
  1.8916127189628187E-03
  1.8927671948473523E-03
  1.8939301805166728E-03
  1.8951016916516617E-03
  1.8962817446303664E-03
  1.8974703565280951E-03
  1.8986675451176844E-03
  1.8998733288699225E-03
  1.9010877269541484E-03
  0.0000000000000000E+00
  1.8165126511299581E-03
  1.8165195508855856E-03
  1.8165401497634065E-03
  1.8165742997943574E-03
  1.8166218564267028E-03
  1.8166826784424149E-03
  1.8167566278761824E-03
  1.8168435699369493E-03
  1.8169433729318947E-03
  1.8170559081927670E-03
  1.8171810500044860E-03
  1.8173186755359493E-03
  1.8174686647729370E-03
  1.8176309004530669E-03
  1.8178052680027242E-03
  1.8179916554758851E-03
  1.8181899534947866E-03
  1.8184000551923717E-03
  1.8186218561564414E-03
  1.8188552543754845E-03
  1.8191001501860877E-03
  1.8193564462219136E-03
  1.8196240473641696E-03
  1.8199028606935266E-03
  1.8201927954434446E-03
  1.8204937629548485E-03
  1.8208056766321242E-03
  1.8211284519003799E-03
  1.8214620061639437E-03
  1.8218062587660514E-03
  1.8221611309496774E-03
  1.8225265458195095E-03
  1.8229024283049750E-03
  1.8232887051243408E-03
  1.8236853047498231E-03
  1.8240921573736745E-03
  1.8245091948752461E-03
  1.8249363507889581E-03
  1.8253735602731809E-03
  1.8258207600799876E-03
  1.8262778885257457E-03
  1.8267448854625442E-03
  1.8272216922504069E-03
  1.8277082517302837E-03
  1.8282045081977930E-03
  1.8287104073776996E-03
  1.8292258963990950E-03
  1.8297509237712708E-03
  1.8302854393602618E-03
  1.8308293943660400E-03
  1.8313827413003441E-03
  1.8319454339651151E-03
  1.8325174274315486E-03
  1.8330986780197062E-03
  1.8336891432787160E-03
  1.8342887819675086E-03
  1.8348975540360976E-03
  1.8355154206073808E-03
  1.8361423439594465E-03
  1.8367782875083837E-03
  1.8374232157915668E-03
  1.8380770944514144E-03
  1.8387398902196066E-03
  1.8394115709017464E-03
  1.8400921053624590E-03
  1.8407814635109194E-03
  1.8414796162867836E-03
  1.8421865356465373E-03
  1.8429021945502305E-03
  1.8436265669485954E-03
  1.8443596277705535E-03
  1.8451013529110691E-03
  1.8458517192193869E-03
  1.8466107044875885E-03
  1.8473782874395273E-03
  1.8481544477200638E-03
  1.8489391658846584E-03
  1.8497324233892596E-03
  1.8505342025805184E-03
  1.8513444866863089E-03
  1.8521632598065452E-03
  1.8529905069042953E-03
  1.8538262137971751E-03
  1.8546703671490344E-03
  1.8555229544619152E-03
  1.8563839640682762E-03
  1.8572533851234890E-03
  1.8581312075985914E-03
  1.8590174222732961E-03
  1.8599120207292495E-03
  1.8608149953435408E-03
  1.8617263392824500E-03
  1.8626460464954266E-03
  1.8635741117093163E-03
  1.8645105304228027E-03
  1.8654552989010860E-03
  1.8664084141707716E-03
  1.8673698740149902E-03
  1.8683396769687242E-03
  1.8693178223143465E-03
  1.8703043100773715E-03
  1.8712991410224083E-03
  1.8723023166493211E-03
  1.8733138391895800E-03
  1.8743337116028231E-03
  1.8753619375736009E-03
  1.8763985215083194E-03
  1.8774434685323719E-03
  1.8784967844874554E-03
  1.8795584759290797E-03
  1.8806285501242544E-03
  1.8817070150493563E-03
  1.8827938793881858E-03
  1.8838891525301883E-03
  1.8849928445688637E-03
  1.8861049663003429E-03
  1.8872255292221470E-03
  1.8883545455321055E-03
  1.8894920281274596E-03
  1.8906379906041234E-03
  1.8917924472561236E-03
  1.8929554130751977E-03
  1.8941269037505675E-03
  1.8953069356688729E-03
  1.8964955259142707E-03
  1.8976926922687030E-03
  1.8988984532123244E-03
  1.9001128279240902E-03
  0.0000000000000000E+00
  1.8155373179565683E-03
  1.8155442188133289E-03
  1.8155648209225862E-03
  1.8155989762100536E-03
  1.8156465400222968E-03
  1.8157073710429979E-03
  1.8157813312118325E-03
  1.8158682856459103E-03
  1.8159681025636280E-03
  1.8160806532109130E-03
  1.8162058117897199E-03
  1.8163434553887308E-03
  1.8164934639161826E-03
  1.8166557200347182E-03
  1.8168301090982352E-03
  1.8170165190906299E-03
  1.8172148405663782E-03
  1.8174249665929101E-03
  1.8176467926946907E-03
  1.8178802167989683E-03
  1.8181251391831245E-03
  1.8183814624235829E-03
  1.8186490913462139E-03
  1.8189279329781937E-03
  1.8192178965012679E-03
  1.8195188932063722E-03
  1.8198308364495771E-03
  1.8201536416092888E-03
  1.8204872260447029E-03
  1.8208315090554358E-03
  1.8211864118423194E-03
  1.8215518574693126E-03
  1.8219277708265047E-03
  1.8223140785941614E-03
  1.8227107092077840E-03
  1.8231175928241840E-03
  1.8235346612884755E-03
  1.8239618481020335E-03
  1.8243990883913266E-03
  1.8248463188776387E-03
  1.8253034778476351E-03
  1.8257705051247400E-03
  1.8262473420413380E-03
  1.8267339314117228E-03
  1.8272302175058191E-03
  1.8277361460236280E-03
  1.8282516640703804E-03
  1.8287767201323906E-03
  1.8293112640535658E-03
  1.8298552470125851E-03
  1.8304086215006953E-03
  1.8309713413001388E-03
  1.8315433614631660E-03
  1.8321246382916438E-03
  1.8327151293172225E-03
  1.8333147932820604E-03
  1.8339235901200809E-03
  1.8345414809387572E-03
  1.8351684280014033E-03
  1.8358043947099649E-03
  1.8364493455882858E-03
  1.8371032462658565E-03
  1.8377660634620084E-03
  1.8384377649705711E-03
  1.8391183196449481E-03
  1.8398076973836352E-03
  1.8405058691161370E-03
  1.8412128067893038E-03
  1.8419284833540548E-03
  1.8426528727524827E-03
  1.8433859499053444E-03
  1.8441276906999184E-03
  1.8448780719782115E-03
  1.8456370715255249E-03
  1.8464046680593633E-03
  1.8471808412186730E-03
  1.8479655715534144E-03
  1.8487588405144489E-03
  1.8495606304437427E-03
  1.8503709245648811E-03
  1.8511897069738742E-03
  1.8520169626302613E-03
  1.8528526773485070E-03
  1.8536968377896714E-03
  1.8545494314533635E-03
  1.8554104466699619E-03
  1.8562798725931030E-03
  1.8571576991924267E-03
  1.8580439172465840E-03
  1.8589385183364864E-03
  1.8598414948388111E-03
  1.8607528399197412E-03
  1.8616725475289475E-03
  1.8626006123938011E-03
  1.8635370300138200E-03
  1.8644817966553321E-03
  1.8654349093463734E-03
  1.8663963658717936E-03
  1.8673661647685838E-03
  1.8683443053214132E-03
  1.8693307875583729E-03
  1.8703256122469295E-03
  1.8713287808900787E-03
  1.8723402957227023E-03
  1.8733601597081169E-03
  1.8743883765348216E-03
  1.8754249506134392E-03
  1.8764698870738449E-03
  1.8775231917624825E-03
  1.8785848712398708E-03
  1.8796549327782862E-03
  1.8807333843596367E-03
  1.8818202346735063E-03
  1.8829154931153853E-03
  1.8840191697850749E-03
  1.8851312754852600E-03
  1.8862518217202750E-03
  1.8873808206950149E-03
  1.8885182853140394E-03
  1.8896642291808402E-03
  1.8908186665972692E-03
  1.8919816125631519E-03
  1.8931530827760439E-03
  1.8943330936311816E-03
  1.8955216622215702E-03
  1.8967188063382589E-03
  1.8979245444707602E-03
  1.8991388958076560E-03
  0.0000000000000000E+00
  1.8145629506581980E-03
  1.8145698526162209E-03
  1.8145904579572787E-03
  1.8146246185018252E-03
  1.8146721894946951E-03
  1.8147330295212455E-03
  1.8148070004261169E-03
  1.8148939672345487E-03
  1.8149937980761392E-03
  1.8151063641109687E-03
  1.8152315394580020E-03
  1.8153692011256941E-03
  1.8155192289447130E-03
  1.8156815055027137E-03
  1.8158559160810922E-03
  1.8160423485936467E-03
  1.8162406935270852E-03
  1.8164508438833127E-03
  1.8166726951234441E-03
  1.8169061451134797E-03
  1.8171510940715907E-03
  1.8174074445169517E-03
  1.8176751012200904E-03
  1.8179539711546810E-03
  1.8182439634507521E-03
  1.8185449893492499E-03
  1.8188569621579169E-03
  1.8191797972084615E-03
  1.8195134118149418E-03
  1.8198577252333539E-03
  1.8202126586223839E-03
  1.8205781350052689E-03
  1.8209540792327539E-03
  1.8213404179470987E-03
  1.8217370795471028E-03
  1.8221439941541243E-03
  1.8225610935790502E-03
  1.8229883112902100E-03
  1.8234255823821733E-03
  1.8238728435454386E-03
  1.8243300330369639E-03
  1.8247970906515203E-03
  1.8252739576938503E-03
  1.8257605769515977E-03
  1.8262568926689959E-03
  1.8267628505212838E-03
  1.8272783975898392E-03
  1.8278034823380001E-03
  1.8283380545875518E-03
  1.8288820654958819E-03
  1.8294354675337532E-03
  1.8299982144637081E-03
  1.8305702613190618E-03
  1.8311515643834877E-03
  1.8317420811711641E-03
  1.8323417704074801E-03
  1.8329505920102727E-03
  1.8335685070715983E-03
  1.8341954778399996E-03
  1.8348314677032807E-03
  1.8354764411717633E-03
  1.8361303638620100E-03
  1.8367932024810144E-03
  1.8374649248108295E-03
  1.8381454996936491E-03
  1.8388348970172881E-03
  1.8395330877011083E-03
  1.8402400436823281E-03
  1.8409557379027370E-03
  1.8416801442957937E-03
  1.8424132377741014E-03
  1.8431549942172472E-03
  1.8439053904600112E-03
  1.8446644042809154E-03
  1.8454320143911202E-03
  1.8462082004236607E-03
  1.8469929429230025E-03
  1.8477862233349221E-03
  1.8485880239967093E-03
  1.8493983281276593E-03
  1.8502171198198820E-03
  1.8510443840293964E-03
  1.8518801065675163E-03
  1.8527242740925133E-03
  1.8535768741015700E-03
  1.8544378949229882E-03
  1.8553073257086693E-03
  1.8561851564268617E-03
  1.8570713778551557E-03
  1.8579659815737310E-03
  1.8588689599588540E-03
  1.8597803061766195E-03
  1.8607000141769175E-03
  1.8616280786876486E-03
  1.8625644952091646E-03
  1.8635092600089291E-03
  1.8644623701164064E-03
  1.8654238233181699E-03
  1.8663936181532220E-03
  1.8673717539085279E-03
  1.8683582306147587E-03
  1.8693530490422410E-03
  1.8703562106971055E-03
  1.8713677178176418E-03
  1.8723875733708494E-03
  1.8734157810491798E-03
  1.8744523452674717E-03
  1.8754972711600853E-03
  1.8765505645782126E-03
  1.8776122320873791E-03
  1.8786822809651342E-03
  1.8797607191989127E-03
  1.8808475554840877E-03
  1.8819427992221944E-03
  1.8830464605193340E-03
  1.8841585501847499E-03
  1.8852790797295855E-03
  1.8864080613658044E-03
  1.8875455080052869E-03
  1.8886914332590977E-03
  1.8898458514369206E-03
  1.8910087775466625E-03
  1.8921802272942217E-03
  1.8933602170834233E-03
  1.8945487640161253E-03
  1.8957458858924780E-03
  1.8969516012113628E-03
  1.8981659291709783E-03
  0.0000000000000000E+00
  1.8135895478039229E-03
  1.8135964508633380E-03
  1.8136170594365611E-03
  1.8136512252387468E-03
  1.8136988034129717E-03
  1.8137596524462330E-03
  1.8138336340881060E-03
  1.8139206132719381E-03
  1.8140204580385010E-03
  1.8141330394620041E-03
  1.8142582315784053E-03
  1.8143959113159067E-03
  1.8145459584275961E-03
  1.8147082554261203E-03
  1.8148826875203593E-03
  1.8150691425540023E-03
  1.8152675109459719E-03
  1.8154776856326399E-03
  1.8156995620117610E-03
  1.8159330378880801E-03
  1.8161780134205445E-03
  1.8164343910710759E-03
  1.8167020755548529E-03
  1.8169809737920437E-03
  1.8172709948609527E-03
  1.8175720499525273E-03
  1.8178840523261927E-03
  1.8182069172669438E-03
  1.8185405620437039E-03
  1.8188849058688487E-03
  1.8192398698589150E-03
  1.8196053769964152E-03
  1.8199813520927552E-03
  1.8203677217521867E-03
  1.8207644143368072E-03
  1.8211713599325244E-03
  1.8215884903159997E-03
  1.8220157389225149E-03
  1.8224530408147454E-03
  1.8229003326524071E-03
  1.8233575526627533E-03
  1.8238246406119024E-03
  1.8243015377769601E-03
  1.8247881869189232E-03
  1.8252845322563346E-03
  1.8257905194396793E-03
  1.8263060955264815E-03
  1.8268312089571069E-03
  1.8273658095312240E-03
  1.8279098483849324E-03
  1.8284632779685169E-03
  1.8290260520248229E-03
  1.8295981255682346E-03
  1.8301794548642350E-03
  1.8307699974095355E-03
  1.8313697119127592E-03
  1.8319785582756661E-03
  1.8325964975748955E-03
  1.8332234920442232E-03
  1.8338595050573191E-03
  1.8345045011109843E-03
  1.8351584458088611E-03
  1.8358213058456061E-03
  1.8364930489915084E-03
  1.8371736440775423E-03
  1.8378630609808592E-03
  1.8385612706106765E-03
  1.8392682448945860E-03
  1.8399839567652533E-03
  1.8407083801475076E-03
  1.8414414899457971E-03
  1.8421832620320285E-03
  1.8429336732337582E-03
  1.8436927013227289E-03
  1.8444603250037676E-03
  1.8452365239039960E-03
  1.8460212785623893E-03
  1.8468145704196499E-03
  1.8476163818083857E-03
  1.8484266959436114E-03
  1.8492454969135388E-03
  1.8500727696706691E-03
  1.8509085000231681E-03
  1.8517526746265262E-03
  1.8526052809755016E-03
  1.8534663073963183E-03
  1.8543357430391523E-03
  1.8552135778708589E-03
  1.8560998026679737E-03
  1.8569944090099447E-03
  1.8578973892726357E-03
  1.8588087366220476E-03
  1.8597284450082977E-03
  1.8606565091598187E-03
  1.8615929245777993E-03
  1.8625376875308379E-03
  1.8634907950498330E-03
  1.8644522449230809E-03
  1.8654220356915999E-03
  1.8664001666446515E-03
  1.8673866378154909E-03
  1.8683814499773032E-03
  1.8693846046393587E-03
  1.8703961040433582E-03
  1.8714159511599821E-03
  1.8724441496856363E-03
  1.8734807040393798E-03
  1.8745256193600562E-03
  1.8755789015036054E-03
  1.8766405570405671E-03
  1.8777105932537587E-03
  1.8787890181361472E-03
  1.8798758403888931E-03
  1.8809710694195781E-03
  1.8820747153406032E-03
  1.8831867889677726E-03
  1.8843073018190402E-03
  1.8854362661134348E-03
  1.8865736947701606E-03
  1.8877196014078581E-03
  1.8888740003440395E-03
  1.8900369065946959E-03
  1.8912083358740633E-03
  1.8923883045945614E-03
  1.8935768298668982E-03
  1.8947739295003285E-03
  1.8959796220030948E-03
  1.8971939265830173E-03
  0.0000000000000000E+00
  1.8126171079656441E-03
  1.8126240121265817E-03
  1.8126446239323331E-03
  1.8126787949927215E-03
  1.8127263803490281E-03
  1.8127872383898616E-03
  1.8128612307697026E-03
  1.8129482223299799E-03
  1.8130480810226118E-03
  1.8131606778359188E-03
  1.8132858867228256E-03
  1.8134235845312658E-03
  1.8135736509367266E-03
  1.8137359683768322E-03
  1.8139104219879315E-03
  1.8140968995435877E-03
  1.8142952913949297E-03
  1.8145054904127819E-03
  1.8147273919315310E-03
  1.8149608936946545E-03
  1.8152058958018700E-03
  1.8154623006578392E-03
  1.8157300129223839E-03
  1.8160089394621594E-03
  1.8162989893037447E-03
  1.8166000735880851E-03
  1.8169121055262767E-03
  1.8172350003566088E-03
  1.8175686753028602E-03
  1.8179130495337885E-03
  1.8182680441237772E-03
  1.8186335820146182E-03
  1.8190095879783712E-03
  1.8193959885812881E-03
  1.8197927121487573E-03
  1.8201996887312422E-03
  1.8206168500711766E-03
  1.8210441295708011E-03
  1.8214814622608947E-03
  1.8219287847703930E-03
  1.8223860352968495E-03
  1.8228531535777316E-03
  1.8233300808625104E-03
  1.8238167598855386E-03
  1.8243131348396756E-03
  1.8248191513506500E-03
  1.8253347564521404E-03
  1.8258598985615435E-03
  1.8263945274564139E-03
  1.8269385942515691E-03
  1.8274920513768158E-03
  1.8280548525553100E-03
  1.8286269527825084E-03
  1.8292083083057079E-03
  1.8297988766041566E-03
  1.8303986163697200E-03
  1.8310074874880798E-03
  1.8316254510204642E-03
  1.8322524691858884E-03
  1.8328885053438928E-03
  1.8335335239777607E-03
  1.8341874906782200E-03
  1.8348503721275951E-03
  1.8355221360844105E-03
  1.8362027513684359E-03
  1.8368921878461539E-03
  1.8375904164166449E-03
  1.8382974089978803E-03
  1.8390131385134061E-03
  1.8397375788794231E-03
  1.8404707049922324E-03
  1.8412124927160638E-03
  1.8419629188712507E-03
  1.8427219612227675E-03
  1.8434895984691020E-03
  1.8442658102314749E-03
  1.8450505770433744E-03
  1.8458438803404266E-03
  1.8466457024505661E-03
  1.8474560265845301E-03
  1.8482748368266353E-03
  1.8491021181258698E-03
  1.8499378562872549E-03
  1.8507820379635028E-03
  1.8516346506469473E-03
  1.8524956826617433E-03
  1.8533651231563409E-03
  1.8542429620962090E-03
  1.8551291902568258E-03
  1.8560237992169177E-03
  1.8569267813519415E-03
  1.8578381298278135E-03
  1.8587578385948779E-03
  1.8596859023821018E-03
  1.8606223166915113E-03
  1.8615670777928474E-03
  1.8625201827184392E-03
  1.8634816292583147E-03
  1.8644514159555034E-03
  1.8654295421015722E-03
  1.8664160077323559E-03
  1.8674108136239049E-03
  1.8684139612886266E-03
  1.8694254529716377E-03
  1.8704452916473021E-03
  1.8714734810159790E-03
  1.8725100255009488E-03
  1.8735549302455426E-03
  1.8746082011104504E-03
  1.8756698446712218E-03
  1.8767398682159489E-03
  1.8778182797431276E-03
  1.8789050879597111E-03
  1.8800003022793233E-03
  1.8811039328206728E-03
  1.8822159904061182E-03
  1.8833364865604274E-03
  1.8844654335096983E-03
  1.8856028441804544E-03
  1.8867487321989130E-03
  1.8879031118904164E-03
  1.8890659982790403E-03
  1.8902374070873590E-03
  1.8914173547363881E-03
  1.8926058583456789E-03
  1.8938029357335974E-03
  1.8950086054177469E-03
  1.8962228866155682E-03
  0.0000000000000000E+00
  1.8116456297180841E-03
  1.8116525349806734E-03
  1.8116731500193166E-03
  1.8117073263384706E-03
  1.8117549188775839E-03
  1.8118157859268505E-03
  1.8118897890456256E-03
  1.8119767929833921E-03
  1.8120766656031914E-03
  1.8121892778074297E-03
  1.8123145034659800E-03
  1.8124522193464891E-03
  1.8126023050468213E-03
  1.8127646429295643E-03
  1.8129391180585204E-03
  1.8131256181371153E-03
  1.8133240334486684E-03
  1.8135342567984487E-03
  1.8137561834574607E-03
  1.8139897111079098E-03
  1.8142347397902730E-03
  1.8144911718519442E-03
  1.8147589118973841E-03
  1.8150378667397291E-03
  1.8153279453538261E-03
  1.8156290588306164E-03
  1.8159411203328639E-03
  1.8162640450521464E-03
  1.8165977501671011E-03
  1.8169421548028604E-03
  1.8172971799916592E-03
  1.8176627486345619E-03
  1.8180387854642862E-03
  1.8184252170090820E-03
  1.8188219715576316E-03
  1.8192289791249534E-03
  1.8196461714192567E-03
  1.8200734818097405E-03
  1.8205108452952915E-03
  1.8209581984740654E-03
  1.8214154795139195E-03
  1.8218826281236711E-03
  1.8223595855251641E-03
  1.8228462944261063E-03
  1.8233426989936760E-03
  1.8238487448288536E-03
  1.8243643789414721E-03
  1.8248895497259641E-03
  1.8254242069377750E-03
  1.8259683016704407E-03
  1.8265217863332984E-03
  1.8270846146298157E-03
  1.8276567415365275E-03
  1.8282381232825489E-03
  1.8288287173296711E-03
  1.8294284823530012E-03
  1.8300373782221503E-03
  1.8306553659829413E-03
  1.8312824078396330E-03
  1.8319184671376357E-03
  1.8325635083467266E-03
  1.8332174970447190E-03
  1.8338803999016103E-03
  1.8345521846641671E-03
  1.8352328201409558E-03
  1.8359222761877988E-03
  1.8366205236936405E-03
  1.8373275345668358E-03
  1.8380432817218190E-03
  1.8387677390661631E-03
  1.8395008814880293E-03
  1.8402426848439723E-03
  1.8409931259471090E-03
  1.8417521825556458E-03
  1.8425198333617420E-03
  1.8432960579807137E-03
  1.8440808369405706E-03
  1.8448741516718652E-03
  1.8456759844978654E-03
  1.8464863186250285E-03
  1.8473051381337848E-03
  1.8481324279696119E-03
  1.8489681739343889E-03
  1.8498123626780529E-03
  1.8506649816905183E-03
  1.8515260192938743E-03
  1.8523954646348464E-03
  1.8532733076775205E-03
  1.8541595391963232E-03
  1.8550541507692583E-03
  1.8559571347713819E-03
  1.8568684843685264E-03
  1.8577881935112643E-03
  1.8587162569291026E-03
  1.8596526701249087E-03
  1.8605974293695634E-03
  1.8615505316968350E-03
  1.8625119748984773E-03
  1.8634817575195425E-03
  1.8644598788538963E-03
  1.8654463389399616E-03
  1.8664411385566528E-03
  1.8674442792195184E-03
  1.8684557631770886E-03
  1.8694755934074167E-03
  1.8705037736148158E-03
  1.8715403082267879E-03
  1.8725852023911539E-03
  1.8736384619733541E-03
  1.8747000935539517E-03
  1.8757701044263108E-03
  1.8768485025944625E-03
  1.8779352967711474E-03
  1.8790304963760397E-03
  1.8801341115341499E-03
  1.8812461530743933E-03
  1.8823666325283555E-03
  1.8834955621292000E-03
  1.8846329548107739E-03
  1.8857788242068695E-03
  1.8869331846506606E-03
  1.8880960511743065E-03
  1.8892674395087198E-03
  1.8904473660835096E-03
  1.8916358480270793E-03
  1.8928329031668977E-03
  1.8940385500299309E-03
  1.8952528078432392E-03
  0.0000000000000000E+00
  1.8106751116387769E-03
  1.8106820180031485E-03
  1.8107026362750472E-03
  1.8107368178535269E-03
  1.8107844175761748E-03
  1.8108452936347347E-03
  1.8109193074934086E-03
  1.8110063238097073E-03
  1.8111062103577712E-03
  1.8112188379540697E-03
  1.8113440803854009E-03
  1.8114818143391037E-03
  1.8116319193354081E-03
  1.8117942776618449E-03
  1.8119687743096522E-03
  1.8121552969121095E-03
  1.8123537356847122E-03
  1.8125639833671606E-03
  1.8127859351670707E-03
  1.8130194887053641E-03
  1.8132645439632689E-03
  1.8135210032309071E-03
  1.8137887710573672E-03
  1.8140677542022648E-03
  1.8143578615887083E-03
  1.8146590042576317E-03
  1.8149710953234614E-03
  1.8152940499310646E-03
  1.8156277852139295E-03
  1.8159722202535662E-03
  1.8163272760400577E-03
  1.8166928754337420E-03
  1.8170689431279943E-03
  1.8174554056130613E-03
  1.8178521911409215E-03
  1.8182592296911485E-03
  1.8186764529377274E-03
  1.8191037942168187E-03
  1.8195411884954187E-03
  1.8199885723409058E-03
  1.8204458838914418E-03
  1.8209130628272006E-03
  1.8213900503423956E-03
  1.8218767891180984E-03
  1.8223732232958082E-03
  1.8228792984517600E-03
  1.8233949615719448E-03
  1.8239201610278342E-03
  1.8244548465527679E-03
  1.8249989692190084E-03
  1.8255524814154230E-03
  1.8261153368257991E-03
  1.8266874904077498E-03
  1.8272688983722140E-03
  1.8278595181635308E-03
  1.8284593084400543E-03
  1.8290682290553288E-03
  1.8296862410397763E-03
  1.8303133065829006E-03
  1.8309493890159953E-03
  1.8315944527953255E-03
  1.8322484634858008E-03
  1.8329113877450934E-03
  1.8335831933082190E-03
  1.8342638489725420E-03
  1.8349533245832308E-03
  1.8356515910191000E-03
  1.8363586201788908E-03
  1.8370743849679255E-03
  1.8377988592851618E-03
  1.8385320180106211E-03
  1.8392738369931863E-03
  1.8400242930387645E-03
  1.8407833638987962E-03
  1.8415510282591163E-03
  1.8423272657291441E-03
  1.8431120568314083E-03
  1.8439053829913965E-03
  1.8447072265277088E-03
  1.8455175706425346E-03
  1.8463363994124158E-03
  1.8471636977793202E-03
  1.8479994515419936E-03
  1.8488436473475998E-03
  1.8496962726836388E-03
  1.8505573158701337E-03
  1.8514267660520911E-03
  1.8523046131922159E-03
  1.8531908480638884E-03
  1.8540854622443889E-03
  1.8549884481083774E-03
  1.8558997988216061E-03
  1.8568195083348798E-03
  1.8577475713782449E-03
  1.8586839834554127E-03
  1.8596287408384081E-03
  1.8605818405624383E-03
  1.8615432804209918E-03
  1.8625130589611362E-03
  1.8634911754790446E-03
  1.8644776300157291E-03
  1.8654724233529664E-03
  1.8664755570094521E-03
  1.8674870332371322E-03
  1.8685068550177470E-03
  1.8695350260595658E-03
  1.8705715507943178E-03
  1.8716164343743100E-03
  1.8726696826697376E-03
  1.8737313022661774E-03
  1.8748013004622672E-03
  1.8758796852675727E-03
  1.8769664654006255E-03
  1.8780616502871484E-03
  1.8791652500584539E-03
  1.8802772755500217E-03
  1.8813977383002473E-03
  1.8825266505493633E-03
  1.8836640252385419E-03
  1.8848098760091509E-03
  1.8859642172021937E-03
  1.8871270638579139E-03
  1.8882984317155668E-03
  1.8894783372133512E-03
  1.8906667974885214E-03
  1.8918638303776522E-03
  1.8930694544170696E-03
  1.8942836888434546E-03
  0.0000000000000000E+00
  1.8097055523080639E-03
  1.8097124597743471E-03
  1.8097330812798622E-03
  1.8097672681182326E-03
  1.8098148750251401E-03
  1.8098757600938527E-03
  1.8099497846933909E-03
  1.8100368133892643E-03
  1.8101367138666888E-03
  1.8102493568561732E-03
  1.8103746160614222E-03
  1.8105123680894467E-03
  1.8106624923828207E-03
  1.8108248711540043E-03
  1.8109993893216604E-03
  1.8111859344489016E-03
  1.8113843966833891E-03
  1.8115946686992476E-03
  1.8118166456406899E-03
  1.8120502250673423E-03
  1.8122953069011835E-03
  1.8125517933750485E-03
  1.8128195889826543E-03
  1.8130986004300850E-03
  1.8133887365887080E-03
  1.8136899084494440E-03
  1.8140020290783824E-03
  1.8143250135736727E-03
  1.8146587790236551E-03
  1.8150032444662148E-03
  1.8153583308492800E-03
  1.8157239609924629E-03
  1.8161000595497969E-03
  1.8164865529735254E-03
  1.8168833694789225E-03
  1.8172904390101211E-03
  1.8177076932068812E-03
  1.8181350653723254E-03
  1.8185724904415642E-03
  1.8190199049512000E-03
  1.8194772470097023E-03
  1.8199444562686017E-03
  1.8204214738944873E-03
  1.8209082425417957E-03
  1.8214047063263505E-03
  1.8219108107996437E-03
  1.8224265029238302E-03
  1.8229517310474246E-03
  1.8234864448816652E-03
  1.8240305954775415E-03
  1.8245841352034582E-03
  1.8251470177235243E-03
  1.8257191979764375E-03
  1.8263006321549656E-03
  1.8268912776859959E-03
  1.8274910932111370E-03
  1.8281000385678729E-03
  1.8287180747712246E-03
  1.8293451639959494E-03
  1.8299812695592220E-03
  1.8306263559038092E-03
  1.8312803885817152E-03
  1.8319433342382945E-03
  1.8326151605968120E-03
  1.8332958364434423E-03
  1.8339853316126954E-03
  1.8346836169732665E-03
  1.8353906644142850E-03
  1.8361064468319685E-03
  1.8368309381166597E-03
  1.8375641131402462E-03
  1.8383059477439434E-03
  1.8390564187264528E-03
  1.8398155038324548E-03
  1.8405831817414602E-03
  1.8413594320569968E-03
  1.8421442352961198E-03
  1.8429375728792516E-03
  1.8437394271203311E-03
  1.8445497812172790E-03
  1.8453686192427567E-03
  1.8461959261352257E-03
  1.8470316876903013E-03
  1.8478758905523755E-03
  1.8487285222065380E-03
  1.8495895709707509E-03
  1.8504590259883040E-03
  1.8513368772205244E-03
  1.8522231154397472E-03
  1.8531177322225368E-03
  1.8540207199431559E-03
  1.8549320717672819E-03
  1.8558517816459504E-03
  1.8567798443097543E-03
  1.8577162552632497E-03
  1.8586610107796074E-03
  1.8596141078954778E-03
  1.8605755444060820E-03
  1.8615453188605099E-03
  1.8625234305572433E-03
  1.8635098795398823E-03
  1.8645046665930738E-03
  1.8655077932386553E-03
  1.8665192617319931E-03
  1.8675390750585166E-03
  1.8685672369304557E-03
  1.8696037517837633E-03
  1.8706486247752367E-03
  1.8717018617798267E-03
  1.8727634693881236E-03
  1.8738334549040433E-03
  1.8749118263426837E-03
  1.8759985924283707E-03
  1.8770937625928743E-03
  1.8781973469738139E-03
  1.8793093564132288E-03
  1.8804298024563287E-03
  1.8815586973504176E-03
  1.8826960540439862E-03
  1.8838418861859840E-03
  1.8849962081252437E-03
  1.8861590349100944E-03
  1.8873303822881280E-03
  1.8885102667061415E-03
  1.8896987053102342E-03
  1.8908957159460883E-03
  1.8921013171593918E-03
  1.8933155281964456E-03
  0.0000000000000000E+00
  1.8087369503090834E-03
  1.8087438588774065E-03
  1.8087644836169052E-03
  1.8087986757157235E-03
  1.8088462898076172E-03
  1.8089071838873433E-03
  1.8089812192287080E-03
  1.8090682603052000E-03
  1.8091681747130809E-03
  1.8092808330968781E-03
  1.8094061090771797E-03
  1.8095438791806517E-03
  1.8096940227721931E-03
  1.8098564219891772E-03
  1.8100309616776748E-03
  1.8102175293306197E-03
  1.8104160150278297E-03
  1.8106263113778353E-03
  1.8108483134614403E-03
  1.8110819187769692E-03
  1.8113270271871379E-03
  1.8115835408674911E-03
  1.8118513642563624E-03
  1.8121304040063064E-03
  1.8124205689369407E-03
  1.8127217699891675E-03
  1.8130339201807384E-03
  1.8133569345630792E-03
  1.8136907301793846E-03
  1.8140352260239097E-03
  1.8143903430024283E-03
  1.8147560038938263E-03
  1.8151321333127941E-03
  1.8155186576735720E-03
  1.8159155051547340E-03
  1.8163226056649663E-03
  1.8167398908098104E-03
  1.8171672938593537E-03
  1.8176047497168181E-03
  1.8180521948880342E-03
  1.8185095674517848E-03
  1.8189768070309565E-03
  1.8194538547645178E-03
  1.8199406532802740E-03
  1.8204371466683774E-03
  1.8209432804555802E-03
  1.8214590015802035E-03
  1.8219842583678087E-03
  1.8225190005075351E-03
  1.8230631790291071E-03
  1.8236167462804698E-03
  1.8241796559060539E-03
  1.8247518628256528E-03
  1.8253333232138632E-03
  1.8259239944801266E-03
  1.8265238352493101E-03
  1.8271328053428364E-03
  1.8277508657603388E-03
  1.8283779786618295E-03
  1.8290141073503687E-03
  1.8296592162552268E-03
  1.8303132709155097E-03
  1.8309762379642594E-03
  1.8316480851129947E-03
  1.8323287811366983E-03
  1.8330182958592373E-03
  1.8337166001391820E-03
  1.8344236658560606E-03
  1.8351394658969878E-03
  1.8358639741436957E-03
  1.8365971654599423E-03
  1.8373390156792820E-03
  1.8380895015932116E-03
  1.8388486009396558E-03
  1.8396162923918092E-03
  1.8403925555473084E-03
  1.8411773709177395E-03
  1.8419707199184632E-03
  1.8427725848587642E-03
  1.8435829489322946E-03
  1.8444017962078378E-03
  1.8452291116203593E-03
  1.8460648809623397E-03
  1.8469090908754073E-03
  1.8477617288422444E-03
  1.8486227831787535E-03
  1.8494922430265131E-03
  1.8503700983454733E-03
  1.8512563399069293E-03
  1.8521509592867289E-03
  1.8530539488587450E-03
  1.8539653017885776E-03
  1.8548850120275022E-03
  1.8558130743066559E-03
  1.8567494841314450E-03
  1.8576942377761872E-03
  1.8586473322789782E-03
  1.8596087654367732E-03
  1.8605785358006906E-03
  1.8615566426715168E-03
  1.8625430860954467E-03
  1.8635378668599967E-03
  1.8645409864901515E-03
  1.8655524472446965E-03
  1.8665722521127525E-03
  1.8676004048105103E-03
  1.8686369097781494E-03
  1.8696817721769602E-03
  1.8707349978866459E-03
  1.8717965935028181E-03
  1.8728665663346642E-03
  1.8739449244028221E-03
  1.8750316764374090E-03
  1.8761268318762453E-03
  1.8772304008632563E-03
  1.8783423942470411E-03
  1.8794628235796265E-03
  1.8805917011153861E-03
  1.8817290398101341E-03
  1.8828748533203966E-03
  1.8840291560028382E-03
  1.8851919629138730E-03
  1.8863632898094322E-03
  1.8875431531449073E-03
  1.8887315700752468E-03
  1.8899285584552349E-03
  1.8911341368399257E-03
  1.8923483244852372E-03
  0.0000000000000000E+00
  1.8077693042277672E-03
  1.8077762138982607E-03
  1.8077968418721039E-03
  1.8078310392319328E-03
  1.8078786605095392E-03
  1.8079395636011353E-03
  1.8080136096852923E-03
  1.8081006631434449E-03
  1.8082005914828762E-03
  1.8083132652621113E-03
  1.8084385580186004E-03
  1.8085763461986434E-03
  1.8087265090894497E-03
  1.8088889287532855E-03
  1.8090634899636179E-03
  1.8092500801431862E-03
  1.8094485893039517E-03
  1.8096589099888417E-03
  1.8098809372152404E-03
  1.8101145684201606E-03
  1.8103597034070454E-03
  1.8106162442941452E-03
  1.8108840954644055E-03
  1.8111631635168389E-03
  1.8114533572193116E-03
  1.8117545874627090E-03
  1.8120667672164325E-03
  1.8123898114851883E-03
  1.8127236372670180E-03
  1.8130681635125491E-03
  1.8134233110853990E-03
  1.8137890027237274E-03
  1.8141651630028781E-03
  1.8145517182990920E-03
  1.8149485967542411E-03
  1.8153557282415684E-03
  1.8157730443323992E-03
  1.8162004782637845E-03
  1.8166379649070595E-03
  1.8170854407372891E-03
  1.8175428438035653E-03
  1.8180101137001388E-03
  1.8184871915383619E-03
  1.8189740199194065E-03
  1.8194705429077588E-03
  1.8199767060054347E-03
  1.8204924561269270E-03
  1.8210177415748472E-03
  1.8215525120162388E-03
  1.8220967184595642E-03
  1.8226503132323124E-03
  1.8232132499592468E-03
  1.8237854835412499E-03
  1.8243669701347583E-03
  1.8249576671317714E-03
  1.8255575331404188E-03
  1.8261665279660690E-03
  1.8267846125929669E-03
  1.8274117491663862E-03
  1.8280479009752789E-03
  1.8286930324354208E-03
  1.8293471090730269E-03
  1.8300100975088272E-03
  1.8306819654426026E-03
  1.8313626816381496E-03
  1.8320522159086905E-03
  1.8327505391026819E-03
  1.8334576230900511E-03
  1.8341734407488141E-03
  1.8348979659521009E-03
  1.8356311735555411E-03
  1.8363730393850316E-03
  1.8371235402248702E-03
  1.8378826538062291E-03
  1.8386503587959904E-03
  1.8394266347859045E-03
  1.8402114622820913E-03
  1.8410048226948578E-03
  1.8418066983288302E-03
  1.8426170723734028E-03
  1.8434359288934845E-03
  1.8442632528205419E-03
  1.8450990299439308E-03
  1.8459432469025176E-03
  1.8467958911765787E-03
  1.8476569510799629E-03
  1.8485264157525371E-03
  1.8494042751528818E-03
  1.8502905200512509E-03
  1.8511851420227839E-03
  1.8520881334409621E-03
  1.8529994874713132E-03
  1.8539191980653546E-03
  1.8548472599547695E-03
  1.8557836686458153E-03
  1.8567284204139638E-03
  1.8576815122987554E-03
  1.8586429420988830E-03
  1.8596127083674923E-03
  1.8605908104076842E-03
  1.8615772482682407E-03
  1.8625720227395547E-03
  1.8635751353497589E-03
  1.8645865883610601E-03
  1.8656063847662724E-03
  1.8666345282855466E-03
  1.8676710233632942E-03
  1.8687158751652972E-03
  1.8697690895760149E-03
  1.8708306731960761E-03
  1.8719006333399488E-03
  1.8729789780338056E-03
  1.8740657160135575E-03
  1.8751608567230780E-03
  1.8762644103125980E-03
  1.8773763876372778E-03
  1.8784968002559601E-03
  1.8796256604300882E-03
  1.8807629811228041E-03
  1.8819087759982069E-03
  1.8830630594207963E-03
  1.8842258464550703E-03
  1.8853971528652988E-03
  1.8865769951154679E-03
  1.8877653903693766E-03
  1.8889623564909133E-03
  1.8901679120444921E-03
  1.8913820762956517E-03
  0.0000000000000000E+00
  1.8068026126528327E-03
  1.8068095234256253E-03
  1.8068301546341774E-03
  1.8068643572555767E-03
  1.8069119857196192E-03
  1.8069728978239469E-03
  1.8070469546518598E-03
  1.8071340204927119E-03
  1.8072339627647886E-03
  1.8073466519405860E-03
  1.8074719614743983E-03
  1.8076097677321341E-03
  1.8077599499233012E-03
  1.8079223900350401E-03
  1.8080969727681979E-03
  1.8082835854753088E-03
  1.8084821181004621E-03
  1.8086924631209732E-03
  1.8089145154907939E-03
  1.8091481725856172E-03
  1.8093933341496078E-03
  1.8096499022437101E-03
  1.8099177811954769E-03
  1.8101968775503759E-03
  1.8104871000245160E-03
  1.8107883594587575E-03
  1.8111005687741547E-03
  1.8114236429286866E-03
  1.8117574988752434E-03
  1.8121020555208183E-03
  1.8124572336868756E-03
  1.8128229560708433E-03
  1.8131991472087260E-03
  1.8135857334387604E-03
  1.8139826428661176E-03
  1.8143898053286003E-03
  1.8148071523633169E-03
  1.8152346171742826E-03
  1.8156721346009540E-03
  1.8161196410876261E-03
  1.8165770746537051E-03
  1.8170443748648090E-03
  1.8175214828046744E-03
  1.8180083410478472E-03
  1.8185048936331489E-03
  1.8190110860378608E-03
  1.8195268651526519E-03
  1.8200521792571876E-03
  1.8205869779964227E-03
  1.8211312123575566E-03
  1.8216848346476310E-03
  1.8222477984717416E-03
  1.8228200587118678E-03
  1.8234015715062894E-03
  1.8239922942295673E-03
  1.8245921854730992E-03
  1.8252012050262033E-03
  1.8258193138577404E-03
  1.8264464740982481E-03
  1.8270826490225786E-03
  1.8277278030330180E-03
  1.8283819016428914E-03
  1.8290449114606226E-03
  1.8297168001742592E-03
  1.8303975365364161E-03
  1.8310870903496762E-03
  1.8317854324523854E-03
  1.8324925347048739E-03
  1.8332083699760676E-03
  1.8339329121304932E-03
  1.8346661360156571E-03
  1.8354080174498057E-03
  1.8361585332100404E-03
  1.8369176610207865E-03
  1.8376853795426141E-03
  1.8384616683613966E-03
  1.8392465079777875E-03
  1.8400398797970433E-03
  1.8408417661191388E-03
  1.8416521501292129E-03
  1.8424710158883029E-03
  1.8432983483243810E-03
  1.8441341332236815E-03
  1.8449783572223129E-03
  1.8458310077981465E-03
  1.8466920732629838E-03
  1.8475615427549818E-03
  1.8484394062313540E-03
  1.8493256544613187E-03
  1.8502202790193051E-03
  1.8511232722784098E-03
  1.8520346274040905E-03
  1.8529543383481088E-03
  1.8538823998426959E-03
  1.8548188073949650E-03
  1.8557635572815409E-03
  1.8567166465434134E-03
  1.8576780729810155E-03
  1.8586478351495204E-03
  1.8596259323543447E-03
  1.8606123646468652E-03
  1.8616071328203491E-03
  1.8626102384060792E-03
  1.8636216836696844E-03
  1.8646414716076767E-03
  1.8656696059441678E-03
  1.8667060911277992E-03
  1.8677509323288481E-03
  1.8688041354365335E-03
  1.8698657070565009E-03
  1.8709356545084995E-03
  1.8720139858242361E-03
  1.8731007097454217E-03
  1.8741958357219764E-03
  1.8752993739104423E-03
  1.8764113351725405E-03
  1.8775317310739316E-03
  1.8786605738831295E-03
  1.8797978765705992E-03
  1.8809436528080200E-03
  1.8820979169677228E-03
  1.8832606841222893E-03
  1.8844319700443326E-03
  1.8856117912064284E-03
  1.8868001647812285E-03
  1.8879971086417273E-03
  1.8892026413616955E-03
  1.8904167822162952E-03
  0.0000000000000000E+00
  1.8058368741757736E-03
  1.8058437860509948E-03
  1.8058644204946182E-03
  1.8058986283781505E-03
  1.8059462640293545E-03
  1.8060071851472711E-03
  1.8060812527199007E-03
  1.8061683309444942E-03
  1.8062682871503111E-03
  1.8063809917237949E-03
  1.8065063180360613E-03
  1.8066441423726153E-03
  1.8067943438652347E-03
  1.8069568044259273E-03
  1.8071314086829018E-03
  1.8073180439184713E-03
  1.8075166000088446E-03
  1.8077269693657100E-03
  1.8079490468795806E-03
  1.8081827298648179E-03
  1.8084279180063006E-03
  1.8086845133076623E-03
  1.8089524200410533E-03
  1.8092315446983911E-03
  1.8095217959440241E-03
  1.8098230845687829E-03
  1.8101353234453712E-03
  1.8104584274850396E-03
  1.8107923135955212E-03
  1.8111369006401775E-03
  1.8114921093983140E-03
  1.8118578625266333E-03
  1.8122340845217935E-03
  1.8126207016840319E-03
  1.8130176420818162E-03
  1.8134248355175134E-03
  1.8138422134940102E-03
  1.8142697091822972E-03
  1.8147072573899442E-03
  1.8151547945304857E-03
  1.8156122585936442E-03
  1.8160795891164054E-03
  1.8165567271548925E-03
  1.8170436152570306E-03
  1.8175401974359765E-03
  1.8180464191442868E-03
  1.8185622272488063E-03
  1.8190875700062577E-03
  1.8196223970395097E-03
  1.8201666593145080E-03
  1.8207203091178451E-03
  1.8212833000349567E-03
  1.8218555869289256E-03
  1.8224371259198729E-03
  1.8230278743649304E-03
  1.8236277908387645E-03
  1.8242368351146492E-03
  1.8248549681460671E-03
  1.8254821520488267E-03
  1.8261183500836774E-03
  1.8267635266394245E-03
  1.8274176472165061E-03
  1.8280806784110488E-03
  1.8287525878993658E-03
  1.8294333444228992E-03
  1.8301229177735934E-03
  1.8308212787796899E-03
  1.8315283992919270E-03
  1.8322442521701429E-03
  1.8329688112702644E-03
  1.8337020514316849E-03
  1.8344439484649967E-03
  1.8351944791401146E-03
  1.8359536211747180E-03
  1.8367213532230731E-03
  1.8374976548651732E-03
  1.8382825065962152E-03
  1.8390758898164064E-03
  1.8398777868210777E-03
  1.8406881807911122E-03
  1.8415070557836791E-03
  1.8423343967232623E-03
  1.8431701893929773E-03
  1.8440144204261758E-03
  1.8448670772983323E-03
  1.8457281483191985E-03
  1.8465976226252295E-03
  1.8474754901722725E-03
  1.8483617417285130E-03
  1.8492563688676758E-03
  1.8501593639624716E-03
  1.8510707201782933E-03
  1.8519904314671461E-03
  1.8529184925618171E-03
  1.8538548989702754E-03
  1.8547996469702984E-03
  1.8557527336043314E-03
  1.8567141566745492E-03
  1.8576839147381547E-03
  1.8586620071028802E-03
  1.8596484338227015E-03
  1.8606431956937604E-03
  1.8616462942504925E-03
  1.8626577317619520E-03
  1.8636775112283463E-03
  1.8647056363777536E-03
  1.8657421116630454E-03
  1.8667869422589981E-03
  1.8678401340595848E-03
  1.8689016936754741E-03
  1.8699716284316947E-03
  1.8710499463654956E-03
  1.8721366562243786E-03
  1.8732317674643221E-03
  1.8743352902481703E-03
  1.8754472354442124E-03
  1.8765676146249232E-03
  1.8776964400658907E-03
  1.8788337247449022E-03
  1.8799794823412177E-03
  1.8811337272349985E-03
  1.8822964745069135E-03
  1.8834677399379150E-03
  1.8846475400091740E-03
  1.8858358919021890E-03
  1.8870328134990592E-03
  1.8882383233829218E-03
  1.8894524408385519E-03
  0.0000000000000000E+00
  1.8048720873908570E-03
  1.8048790003686367E-03
  1.8048996380476932E-03
  1.8049338511939175E-03
  1.8049814940330096E-03
  1.8050424241653716E-03
  1.8051165024836825E-03
  1.8052035930930571E-03
  1.8053035632337058E-03
  1.8054162832060001E-03
  1.8055416262978525E-03
  1.8056794687143450E-03
  1.8058296895095134E-03
  1.8059921705202071E-03
  1.8061667963019860E-03
  1.8063534540669317E-03
  1.8065520336233538E-03
  1.8067624273173078E-03
  1.8069845299758529E-03
  1.8072182388520141E-03
  1.8074634535713747E-03
  1.8077200760802481E-03
  1.8079880105953789E-03
  1.8082671635551283E-03
  1.8085574435720785E-03
  1.8088587613870272E-03
  1.8091710298243210E-03
  1.8094941637484820E-03
  1.8098280800220861E-03
  1.8101726974648600E-03
  1.8105279368139480E-03
  1.8108937206853266E-03
  1.8112699735363085E-03
  1.8116566216291299E-03
  1.8120535929955599E-03
  1.8124608174025247E-03
  1.8128782263186999E-03
  1.8133057528820424E-03
  1.8137433318682460E-03
  1.8141908996600826E-03
  1.8146483942175929E-03
  1.8151157550491352E-03
  1.8155929231832226E-03
  1.8160798411411610E-03
  1.8165764529104477E-03
  1.8170827039189149E-03
  1.8175985410095890E-03
  1.8181239124162546E-03
  1.8186587677396983E-03
  1.8192030579246127E-03
  1.8197567352371488E-03
  1.8203197532430855E-03
  1.8208920667866107E-03
  1.8214736319696948E-03
  1.8220644061320436E-03
  1.8226643478315972E-03
  1.8232734168255904E-03
  1.8238915740521296E-03
  1.8245187816122977E-03
  1.8251550027527520E-03
  1.8258002018488153E-03
  1.8264543443880480E-03
  1.8271173969542809E-03
  1.8277893272120973E-03
  1.8284701038917704E-03
  1.8291596967746130E-03
  1.8298580766787651E-03
  1.8305652154453796E-03
  1.8312810859252068E-03
  1.8320056619655837E-03
  1.8327389183977888E-03
  1.8334808310247709E-03
  1.8342313766092568E-03
  1.8349905328621868E-03
  1.8357582784315266E-03
  1.8365345928913950E-03
  1.8373194567315350E-03
  1.8381128513471087E-03
  1.8389147590288047E-03
  1.8397251629532563E-03
  1.8405440471737705E-03
  1.8413713966113428E-03
  1.8422071970459739E-03
  1.8430514351082624E-03
  1.8439040982712914E-03
  1.8447651748427633E-03
  1.8456346539574358E-03
  1.8465125255697928E-03
  1.8473987804469899E-03
  1.8482934101620488E-03
  1.8491964070873005E-03
  1.8501077643880727E-03
  1.8510274760166201E-03
  1.8519555367062861E-03
  1.8528919419658959E-03
  1.8538366880743900E-03
  1.8547897720756629E-03
  1.8557511917736370E-03
  1.8567209457275469E-03
  1.8576990332474425E-03
  1.8586854543899006E-03
  1.8596802099539399E-03
  1.8606833014771507E-03
  1.8616947312320136E-03
  1.8627145022224335E-03
  1.8637426181804559E-03
  1.8647790835631855E-03
  1.8658239035498935E-03
  1.8668770840393188E-03
  1.8679386316471473E-03
  1.8690085537036913E-03
  1.8700868582517361E-03
  1.8711735540445846E-03
  1.8722686505442661E-03
  1.8733721579199363E-03
  1.8744840870464458E-03
  1.8756044495030887E-03
  1.8767332575725245E-03
  1.8778705242398668E-03
  1.8790162631919538E-03
  1.8801704888167787E-03
  1.8813332162030971E-03
  1.8825044611402012E-03
  1.8836842401178566E-03
  1.8848725703264106E-03
  1.8860694696570673E-03
  1.8872749567023243E-03
  1.8884890507565749E-03
  0.0000000000000000E+00
  1.8039082508951147E-03
  1.8039151649755813E-03
  1.8039358058904351E-03
  1.8039700242999119E-03
  1.8040176743276135E-03
  1.8040786134752810E-03
  1.8041527025402339E-03
  1.8042398055354292E-03
  1.8043397896120028E-03
  1.8044525249842288E-03
  1.8045778848567984E-03
  1.8047157453543513E-03
  1.8048659854531584E-03
  1.8050284869149031E-03
  1.8052031342224752E-03
  1.8053898145177097E-03
  1.8055884175410106E-03
  1.8057988355727847E-03
  1.8060209633766284E-03
  1.8062546981442221E-03
  1.8064999394418434E-03
  1.8067565891584803E-03
  1.8070245514554659E-03
  1.8073037327175970E-03
  1.8075940415056861E-03
  1.8078953885104930E-03
  1.8082076865080091E-03
  1.8085308503160182E-03
  1.8088647967519399E-03
  1.8092094445918627E-03
  1.8095647145307725E-03
  1.8099305291439159E-03
  1.8103068128492617E-03
  1.8106934918710449E-03
  1.8110904942043357E-03
  1.8114977495806235E-03
  1.8119151894343682E-03
  1.8123427468705016E-03
  1.8127803566328408E-03
  1.8132279550733938E-03
  1.8136854801225292E-03
  1.8141528712599742E-03
  1.8146300694866369E-03
  1.8151170172972077E-03
  1.8156136586535299E-03
  1.8161199389587108E-03
  1.8166358050319647E-03
  1.8171612050841403E-03
  1.8176960886939462E-03
  1.8182404067848287E-03
  1.8187941116024988E-03
  1.8193571566930810E-03
  1.8199294968818758E-03
  1.8205110882527089E-03
  1.8211018881278591E-03
  1.8217018550485478E-03
  1.8223109487559735E-03
  1.8229291301728736E-03
  1.8235563613856086E-03
  1.8241926056267455E-03
  1.8248378272581335E-03
  1.8254919917544579E-03
  1.8261550656872548E-03
  1.8268270167093893E-03
  1.8275078135399651E-03
  1.8281974259496702E-03
  1.8288958247465461E-03
  1.8296029817621616E-03
  1.8303188698381909E-03
  1.8310434628133795E-03
  1.8317767355108983E-03
  1.8325186637260561E-03
  1.8332692242143942E-03
  1.8340283946801205E-03
  1.8347961537649022E-03
  1.8355724810369888E-03
  1.8363573569806723E-03
  1.8371507629860743E-03
  1.8379526813392449E-03
  1.8387630952125722E-03
  1.8395819886554998E-03
  1.8404093465855436E-03
  1.8412451547795915E-03
  1.8420893998654958E-03
  1.8429420693139421E-03
  1.8438031514305983E-03
  1.8446726353485200E-03
  1.8455505110208331E-03
  1.8464367692136658E-03
  1.8473314014993420E-03
  1.8482344002498134E-03
  1.8491457586303484E-03
  1.8500654705934498E-03
  1.8509935308730187E-03
  1.8519299349787478E-03
  1.8528746791907325E-03
  1.8538277605543250E-03
  1.8547891768751950E-03
  1.8557589267146131E-03
  1.8567370093849492E-03
  1.8577234249453805E-03
  1.8587181741978056E-03
  1.8597212586829704E-03
  1.8607326806767863E-03
  1.8617524431868554E-03
  1.8627805499491922E-03
  1.8638170054251356E-03
  1.8648618147984561E-03
  1.8659149839726538E-03
  1.8669765195684380E-03
  1.8680464289214025E-03
  1.8691247200798751E-03
  1.8702114018029554E-03
  1.8713064835587274E-03
  1.8724099755226562E-03
  1.8735218885761592E-03
  1.8746422343053465E-03
  1.8757710249999501E-03
  1.8769082736524109E-03
  1.8780539939571462E-03
  1.8792082003099815E-03
  1.8803709078077590E-03
  1.8815421322481111E-03
  1.8827218901293966E-03
  1.8839101986508132E-03
  1.8851070757126694E-03
  1.8863125399168224E-03
  1.8875266105672871E-03
  0.0000000000000000E+00
  1.8029453632883343E-03
  1.8029522784716186E-03
  1.8029729226226312E-03
  1.8030071462959213E-03
  1.8030548035129581E-03
  1.8031157516767862E-03
  1.8031898514893417E-03
  1.8032769668713973E-03
  1.8033769648849881E-03
  1.8034897156582669E-03
  1.8036150923126852E-03
  1.8037529708924179E-03
  1.8039032302959558E-03
  1.8040657522097967E-03
  1.8042404210441491E-03
  1.8044271238705856E-03
  1.8046257503615925E-03
  1.8048361927319157E-03
  1.8050583456816821E-03
  1.8052921063412145E-03
  1.8055373742174789E-03
  1.8057940511421303E-03
  1.8060620412210817E-03
  1.8063412507855628E-03
  1.8066315883446110E-03
  1.8069329645389461E-03
  1.8072452920961939E-03
  1.8075684857874073E-03
  1.8079024623848384E-03
  1.8082471406209416E-03
  1.8086024411485420E-03
  1.8089682865021538E-03
  1.8093446010604033E-03
  1.8097313110095250E-03
  1.8101283443078895E-03
  1.8105356306515516E-03
  1.8109531014407574E-03
  1.8113806897474142E-03
  1.8118183302834631E-03
  1.8122659593701553E-03
  1.8127235149081838E-03
  1.8131909363486524E-03
  1.8136681646648660E-03
  1.8141551423249010E-03
  1.8146518132649485E-03
  1.8151581228634003E-03
  1.8156740179156561E-03
  1.8161994466096368E-03
  1.8167343585019744E-03
  1.8172787044948729E-03
  1.8178324368136084E-03
  1.8183955089846582E-03
  1.8189678758144348E-03
  1.8195494933686239E-03
  1.8201403189520842E-03
  1.8207403110893216E-03
  1.8213494295055040E-03
  1.8219676351080014E-03
  1.8225948899684595E-03
  1.8232311573053591E-03
  1.8238764014670780E-03
  1.8245305879154316E-03
  1.8251936832096695E-03
  1.8258656549909381E-03
  1.8265464719671794E-03
  1.8272361038984581E-03
  1.8279345215827234E-03
  1.8286416968419663E-03
  1.8293576025087853E-03
  1.8300822124133421E-03
  1.8308155013707025E-03
  1.8315574451685393E-03
  1.8323080205552135E-03
  1.8330672052282043E-03
  1.8338349778228838E-03
  1.8346113179016368E-03
  1.8353962059433080E-03
  1.8361896233329855E-03
  1.8369915523520784E-03
  1.8378019761687364E-03
  1.8386208788285466E-03
  1.8394482452455453E-03
  1.8402840611935120E-03
  1.8411283132975511E-03
  1.8419809890259662E-03
  1.8428420766823808E-03
  1.8437115653981591E-03
  1.8445894451250703E-03
  1.8454757066282198E-03
  1.8463703414792335E-03
  1.8472733420496885E-03
  1.8481847015047938E-03
  1.8491044137973083E-03
  1.8500324736616936E-03
  1.8509688766085032E-03
  1.8519136189189993E-03
  1.8528666976399919E-03
  1.8538281105788985E-03
  1.8547978562990291E-03
  1.8557759341150742E-03
  1.8567623440888142E-03
  1.8577570870250322E-03
  1.8587601644676278E-03
  1.8597715786959435E-03
  1.8607913327212849E-03
  1.8618194302836362E-03
  1.8628558758485693E-03
  1.8639006746043584E-03
  1.8649538324592631E-03
  1.8660153560390205E-03
  1.8670852526845049E-03
  1.8681635304495870E-03
  1.8692501980991667E-03
  1.8703452651073812E-03
  1.8714487416560083E-03
  1.8725606386330272E-03
  1.8736809676313715E-03
  1.8748097409478433E-03
  1.8759469715822117E-03
  1.8770926732364717E-03
  1.8782468603142832E-03
  1.8794095479205760E-03
  1.8805807518613208E-03
  1.8817604886434719E-03
  1.8829487754750741E-03
  1.8841456302655431E-03
  1.8853510716260963E-03
  1.8865651188703645E-03
  0.0000000000000000E+00
  1.8019834231730579E-03
  1.8019903394592876E-03
  1.8020109868468221E-03
  1.8020452157844833E-03
  1.8020928801915804E-03
  1.8021538373724263E-03
  1.8022279479335465E-03
  1.8023150757034998E-03
  1.8024150876551973E-03
  1.8025278538306509E-03
  1.8026532472680474E-03
  1.8027911439310791E-03
  1.8029414226404389E-03
  1.8031039650074215E-03
  1.8032786553695379E-03
  1.8034653807280905E-03
  1.8036640306876280E-03
  1.8038744973972298E-03
  1.8040966754935407E-03
  1.8043304620455163E-03
  1.8045757565008039E-03
  1.8048324606337179E-03
  1.8051004784947462E-03
  1.8053797163615456E-03
  1.8056700826913717E-03
  1.8059714880748993E-03
  1.8062838451913909E-03
  1.8066070687651587E-03
  1.8069410755232919E-03
  1.8072857841546046E-03
  1.8076411152697599E-03
  1.8080069913625422E-03
  1.8083833367722342E-03
  1.8087700776470677E-03
  1.8091671419087191E-03
  1.8095744592178042E-03
  1.8099919609403624E-03
  1.8104195801152711E-03
  1.8108572514226047E-03
  1.8113049111528555E-03
  1.8117624971770426E-03
  1.8122299489176535E-03
  1.8127072073203898E-03
  1.8131942148267176E-03
  1.8136909153471806E-03
  1.8141972542354561E-03
  1.8147131782631366E-03
  1.8152386355952134E-03
  1.8157735757662512E-03
  1.8163179496572138E-03
  1.8168717094729466E-03
  1.8174348087202801E-03
  1.8180072021867502E-03
  1.8185888459199002E-03
  1.8191796972071785E-03
  1.8197797145563775E-03
  1.8203888576766379E-03
  1.8210070874599704E-03
  1.8216343659633052E-03
  1.8222706563910446E-03
  1.8229159230781008E-03
  1.8235701314734203E-03
  1.8242332481239721E-03
  1.8249052406591902E-03
  1.8255860777758562E-03
  1.8262757292234200E-03
  1.8269741657897403E-03
  1.8276813592872350E-03
  1.8283972825394320E-03
  1.8291219093679123E-03
  1.8298552145796392E-03
  1.8305971739546575E-03
  1.8313477642341520E-03
  1.8321069631088741E-03
  1.8328747492079081E-03
  1.8336511020877739E-03
  1.8344360022218792E-03
  1.8352294309902731E-03
  1.8360313706697385E-03
  1.8368418044241832E-03
  1.8376607162953426E-03
  1.8384880911937775E-03
  1.8393239148901625E-03
  1.8401681740068626E-03
  1.8410208560097894E-03
  1.8418819492005388E-03
  1.8427514427087806E-03
  1.8436293264849322E-03
  1.8445155912930776E-03
  1.8454102287041485E-03
  1.8463132310893510E-03
  1.8472245916138377E-03
  1.8481443042306228E-03
  1.8490723636747342E-03
  1.8500087654575897E-03
  1.8509535058616182E-03
  1.8519065819350897E-03
  1.8528679914871736E-03
  1.8538377330832201E-03
  1.8548158060402431E-03
  1.8558022104226285E-03
  1.8567969470380437E-03
  1.8578000174335461E-03
  1.8588114238919126E-03
  1.8598311694281503E-03
  1.8608592577862135E-03
  1.8618956934359149E-03
  1.8629404815700269E-03
  1.8639936281015753E-03
  1.8650551396613214E-03
  1.8661250235954248E-03
  1.8672032879633001E-03
  1.8682899415356443E-03
  1.8693849937926540E-03
  1.8704884549224162E-03
  1.8716003358194777E-03
  1.8727206480835907E-03
  1.8738494040186320E-03
  1.8749866166316955E-03
  1.8761322996323588E-03
  1.8772864674321131E-03
  1.8784491351439767E-03
  1.8796203185822585E-03
  1.8808000342625088E-03
  1.8819882994016222E-03
  1.8831851319181169E-03
  1.8843905504325725E-03
  1.8856045742682373E-03
  0.0000000000000000E+00
  1.8010224291545689E-03
  1.8010293465438735E-03
  1.8010499971682925E-03
  1.8010842313708857E-03
  1.8011319029687652E-03
  1.8011928691674863E-03
  1.8012669904781300E-03
  1.8013541306370197E-03
  1.8014541565279144E-03
  1.8015669381066630E-03
  1.8016923483281666E-03
  1.8018302630756144E-03
  1.8019805610918853E-03
  1.8021431239130530E-03
  1.8023178358039195E-03
  1.8025045836954970E-03
  1.8027032571243911E-03
  1.8029137481739997E-03
  1.8031359514174743E-03
  1.8033697638623969E-03
  1.8036150848970863E-03
  1.8038718162385102E-03
  1.8041398618817246E-03
  1.8044191280508055E-03
  1.8047095231512259E-03
  1.8050109577236119E-03
  1.8053233443988562E-03
  1.8056465978545282E-03
  1.8059806347725524E-03
  1.8063253737981013E-03
  1.8066807354996761E-03
  1.8070466423303290E-03
  1.8074230185899977E-03
  1.8078097903889187E-03
  1.8082068856120645E-03
  1.8086142338846216E-03
  1.8090317665384161E-03
  1.8094594165793075E-03
  1.8098971186554956E-03
  1.8103448090267221E-03
  1.8108024255343363E-03
  1.8112699075722052E-03
  1.8117471960584332E-03
  1.8122342334078818E-03
  1.8127309635054480E-03
  1.8132373316800995E-03
  1.8137532846796219E-03
  1.8142787706460876E-03
  1.8148137390919911E-03
  1.8153581408770628E-03
  1.8159119281857211E-03
  1.8164750545051562E-03
  1.8170474746040273E-03
  1.8176291445117449E-03
  1.8182200214983462E-03
  1.8188200640549188E-03
  1.8194292318745768E-03
  1.8200474858339774E-03
  1.8206747879753419E-03
  1.8213111014889975E-03
  1.8219563906963936E-03
  1.8226106210336166E-03
  1.8232737590353559E-03
  1.8239457723193372E-03
  1.8246266295711866E-03
  1.8253163005297454E-03
  1.8260147559727845E-03
  1.8267219677031543E-03
  1.8274379085353142E-03
  1.8281625522822711E-03
  1.8288958737428919E-03
  1.8296378486895933E-03
  1.8303884538563900E-03
  1.8311476669273098E-03
  1.8319154665251516E-03
  1.8326918322005802E-03
  1.8334767444215612E-03
  1.8342701845631166E-03
  1.8350721348974000E-03
  1.8358825785840876E-03
  1.8367014996610632E-03
  1.8375288830354164E-03
  1.8383647144747191E-03
  1.8392089805985984E-03
  1.8400616688705879E-03
  1.8409227675902464E-03
  1.8417922658855589E-03
  1.8426701537055915E-03
  1.8435564218134122E-03
  1.8444510617792601E-03
  1.8453540659739726E-03
  1.8462654275626501E-03
  1.8471851404985658E-03
  1.8481131995173117E-03
  1.8490496001311778E-03
  1.8499943386237588E-03
  1.8509474120447878E-03
  1.8519088182051909E-03
  1.8528785556723565E-03
  1.8538566237656258E-03
  1.8548430225519934E-03
  1.8558377528420094E-03
  1.8568408161858960E-03
  1.8578522148698623E-03
  1.8588719519126195E-03
  1.8599000310620954E-03
  1.8609364567923399E-03
  1.8619812343006305E-03
  1.8630343695047588E-03
  1.8640958690405102E-03
  1.8651657402593326E-03
  1.8662439912261828E-03
  1.8673306307175599E-03
  1.8684256682197171E-03
  1.8695291139270527E-03
  1.8706409787406816E-03
  1.8717612742671760E-03
  1.8728900128174861E-03
  1.8740272074060343E-03
  1.8751728717499776E-03
  1.8763270202686423E-03
  1.8774896680831322E-03
  1.8786608310160965E-03
  1.8798405255916822E-03
  1.8810287690356297E-03
  1.8822255792755645E-03
  1.8834309749414259E-03
  1.8846449753660787E-03
  0.0000000000000000E+00
  1.8000623798408895E-03
  1.8000692983333988E-03
  1.8000899521950643E-03
  1.8001241916631484E-03
  1.8001718704525342E-03
  1.8002328456699840E-03
  1.8003069777311135E-03
  1.8003941302799759E-03
  1.8004941701111588E-03
  1.8006069670943204E-03
  1.8007323941010586E-03
  1.8008703269340404E-03
  1.8010206442583105E-03
  1.8011832275347075E-03
  1.8013579609553073E-03
  1.8015447313808200E-03
  1.8017434282798931E-03
  1.8019539436702331E-03
  1.8021761720614904E-03
  1.8024100103998613E-03
  1.8026553580143315E-03
  1.8029121165645111E-03
  1.8031801899900169E-03
  1.8034594844613437E-03
  1.8037499083321735E-03
  1.8040513720930804E-03
  1.8043637883265826E-03
  1.8046870716635077E-03
  1.8050211387406101E-03
  1.8053659081594213E-03
  1.8057213004462778E-03
  1.8060872380134989E-03
  1.8064636451216804E-03
  1.8068504478430559E-03
  1.8072475740259046E-03
  1.8076549532599785E-03
  1.8080725168428955E-03
  1.8085001977474959E-03
  1.8089379305901094E-03
  1.8093856515997270E-03
  1.8098432985880302E-03
  1.8103108109202703E-03
  1.8107881294869600E-03
  1.8112751966763540E-03
  1.8117719563477109E-03
  1.8122783538052855E-03
  1.8127943357730692E-03
  1.8133198503702114E-03
  1.8138548470871456E-03
  1.8143992767623704E-03
  1.8149530915598808E-03
  1.8155162449472329E-03
  1.8160886916742118E-03
  1.8166703877521004E-03
  1.8172612904335300E-03
  1.8178613581928819E-03
  1.8184705507072584E-03
  1.8190888288379598E-03
  1.8197161546125073E-03
  1.8203524912071528E-03
  1.8209978029298920E-03
  1.8216520552039510E-03
  1.8223152145517500E-03
  1.8229872485793057E-03
  1.8236681259610982E-03
  1.8243578164253592E-03
  1.8250562907397817E-03
  1.8257635206976475E-03
  1.8264794791043556E-03
  1.8272041397643434E-03
  1.8279374774683832E-03
  1.8286794679812672E-03
  1.8294300880298470E-03
  1.8301893152914304E-03
  1.8309571283825353E-03
  1.8317335068479710E-03
  1.8325184311502709E-03
  1.8333118826594293E-03
  1.8341138436429798E-03
  1.8349242972563638E-03
  1.8357432275336214E-03
  1.8365706193783733E-03
  1.8374064585550938E-03
  1.8382507316806742E-03
  1.8391034262162707E-03
  1.8399645304594135E-03
  1.8408340335364026E-03
  1.8417119253949586E-03
  1.8425981967971317E-03
  1.8434928393124771E-03
  1.8443958453114629E-03
  1.8453072079591404E-03
  1.8462269212090447E-03
  1.8471549797973352E-03
  1.8480913792371756E-03
  1.8490361158133299E-03
  1.8499891865769969E-03
  1.8509505893408568E-03
  1.8519203226743451E-03
  1.8528983858991308E-03
  1.8538847790848158E-03
  1.8548795030448400E-03
  1.8558825593325869E-03
  1.8568939502377011E-03
  1.8579136787826012E-03
  1.8589417487191882E-03
  1.8599781645257539E-03
  1.8610229314040797E-03
  1.8620760552767214E-03
  1.8631375427844963E-03
  1.8642074012841360E-03
  1.8652856388461441E-03
  1.8663722642528217E-03
  1.8674672869964781E-03
  1.8685707172778269E-03
  1.8696825660045480E-03
  1.8708028447900354E-03
  1.8719315659523161E-03
  1.8730687425131376E-03
  1.8742143881972395E-03
  1.8753685174317813E-03
  1.8765311453459521E-03
  1.8777022877707458E-03
  1.8788819612388997E-03
  1.8800701829850084E-03
  1.8812669709457970E-03
  1.8824723437605667E-03
  1.8836863207718003E-03
  0.0000000000000000E+00
  1.7991032738427742E-03
  1.7991101934386165E-03
  1.7991308505378902E-03
  1.7991650952720252E-03
  1.7992127812536396E-03
  1.7992737654906749E-03
  1.7993479083032490E-03
  1.7994350732431206E-03
  1.7995351270156798E-03
  1.7996479394043743E-03
  1.7997733831974746E-03
  1.7999113341171055E-03
  1.8000616707504629E-03
  1.8002242744831315E-03
  1.8003990294344454E-03
  1.8005858223948011E-03
  1.8007845427648764E-03
  1.8009950824966717E-03
  1.8012173360363282E-03
  1.8014512002686495E-03
  1.8016965744632742E-03
  1.8019533602224526E-03
  1.8022214614303567E-03
  1.8025007842038920E-03
  1.8027912368449447E-03
  1.8030927297940317E-03
  1.8034051755852971E-03
  1.8037284888028217E-03
  1.8040625860381888E-03
  1.8044073858492844E-03
  1.8047628087202812E-03
  1.8051287770227678E-03
  1.8055052149779937E-03
  1.8058920486201922E-03
  1.8062892057609499E-03
  1.8066966159545842E-03
  1.8071142104645077E-03
  1.8075419222305402E-03
  1.8079796858371468E-03
  1.8084274374825680E-03
  1.8088851149488220E-03
  1.8093526575725478E-03
  1.8098300062166638E-03
  1.8103171032428276E-03
  1.8108138924846568E-03
  1.8113203192217054E-03
  1.8118363301541643E-03
  1.8123618733782701E-03
  1.8128968983623975E-03
  1.8134413559238165E-03
  1.8139951982061059E-03
  1.8145583786571878E-03
  1.8151308520079794E-03
  1.8157125742516403E-03
  1.8163035026233989E-03
  1.8169035955809413E-03
  1.8175128127853510E-03
  1.8181311150825858E-03
  1.8187584644854650E-03
  1.8193948241561747E-03
  1.8200401583892566E-03
  1.8206944325950881E-03
  1.8213576132838137E-03
  1.8220296680497565E-03
  1.8227105655562502E-03
  1.8234002755209203E-03
  1.8240987687013865E-03
  1.8248060168813689E-03
  1.8255219928572112E-03
  1.8262466704247796E-03
  1.8269800243667625E-03
  1.8277220304403303E-03
  1.8284726653651727E-03
  1.8292319068118847E-03
  1.8299997333907031E-03
  1.8307761246405950E-03
  1.8315610610186539E-03
  1.8323545238898605E-03
  1.8331564955171224E-03
  1.8339669590516571E-03
  1.8347858985236624E-03
  1.8356132988332930E-03
  1.8364491457419289E-03
  1.8372934258637326E-03
  1.8381461266574813E-03
  1.8390072364186823E-03
  1.8398767442719540E-03
  1.8407546401636732E-03
  1.8416409148548792E-03
  1.8425355599144405E-03
  1.8434385677124621E-03
  1.8443499314139487E-03
  1.8452696449726982E-03
  1.8461977031254434E-03
  1.8471341013862220E-03
  1.8480788360409697E-03
  1.8490319041423527E-03
  1.8499933035048114E-03
  1.8509630326998263E-03
  1.8519410910513953E-03
  1.8529274786317350E-03
  1.8539221962571711E-03
  1.8549252454842548E-03
  1.8559366286060670E-03
  1.8569563486487332E-03
  1.8579844093681323E-03
  1.8590208152467955E-03
  1.8600655714910107E-03
  1.8611186840281023E-03
  1.8621801595039174E-03
  1.8632500052804747E-03
  1.8643282294338241E-03
  1.8654148407520677E-03
  1.8665098487335766E-03
  1.8676132635853759E-03
  1.8687250962217160E-03
  1.8698453582628111E-03
  1.8709740620337612E-03
  1.8721112205636462E-03
  1.8732568475847838E-03
  1.8744109575321685E-03
  1.8755735655430783E-03
  1.8767446874568476E-03
  1.8779243398148065E-03
  1.8791125398603986E-03
  1.8803093055394559E-03
  1.8815146555006357E-03
  1.8827286090960435E-03
  0.0000000000000000E+00
  1.7981451097736994E-03
  1.7981520304730040E-03
  1.7981726908102482E-03
  1.7982069408109926E-03
  1.7982546339855587E-03
  1.7983156272430346E-03
  1.7983897808080118E-03
  1.7984769581399285E-03
  1.7985770258549536E-03
  1.7986898536502985E-03
  1.7988153142308862E-03
  1.7989532832382818E-03
  1.7991036391818112E-03
  1.7992662633717928E-03
  1.7994410398548021E-03
  1.7996278553509088E-03
  1.7998265991928056E-03
  1.8000371632667805E-03
  1.8002594419554529E-03
  1.8004933320822213E-03
  1.8007387328573756E-03
  1.8009955458257950E-03
  1.8012636748162010E-03
  1.8015430258919033E-03
  1.8018335073029903E-03
  1.8021350294399169E-03
  1.8024475047884497E-03
  1.8027708478859173E-03
  1.8031049752787315E-03
  1.8034498054811340E-03
  1.8038052589351302E-03
  1.8041712579715749E-03
  1.8045477267723752E-03
  1.8049345913337634E-03
  1.8053317794306332E-03
  1.8057392205818698E-03
  1.8061568460166805E-03
  1.8065845886418674E-03
  1.8070223830100333E-03
  1.8074701652886689E-03
  1.8079278732301331E-03
  1.8083954461424541E-03
  1.8088728248609625E-03
  1.8093599517207174E-03
  1.8098567705297007E-03
  1.8103632265427684E-03
  1.8108792664363175E-03
  1.8114048382836729E-03
  1.8119398915311528E-03
  1.8124843769748071E-03
  1.8130382467377981E-03
  1.8136014542484214E-03
  1.8141739542187297E-03
  1.8147557026237636E-03
  1.8153466566813530E-03
  1.8159467748324887E-03
  1.8165560167222497E-03
  1.8171743431812466E-03
  1.8178017162076064E-03
  1.8184380989494512E-03
  1.8190834556878774E-03
  1.8197377518204107E-03
  1.8204009538449340E-03
  1.8210730293440735E-03
  1.8217539469700223E-03
  1.8224436764298097E-03
  1.8231421884709804E-03
  1.8238494548677001E-03
  1.8245654484072575E-03
  1.8252901428769577E-03
  1.8260235130514060E-03
  1.8267655346801566E-03
  1.8275161844757428E-03
  1.8282754401020454E-03
  1.8290432801630330E-03
  1.8298196841918207E-03
  1.8306046326400838E-03
  1.8313981068677771E-03
  1.8322000891331971E-03
  1.8330105625833360E-03
  1.8338295112445520E-03
  1.8346569200135420E-03
  1.8354927746485931E-03
  1.8363370617611385E-03
  1.8371897688075854E-03
  1.8380508840814187E-03
  1.8389203967055785E-03
  1.8397982966251007E-03
  1.8406845746000166E-03
  1.8415792221985123E-03
  1.8424822317903333E-03
  1.8433935965404369E-03
  1.8443133104028911E-03
  1.8452413681150012E-03
  1.8461777651916798E-03
  1.8471224979200408E-03
  1.8480755633542190E-03
  1.8490369593104161E-03
  1.8500066843621609E-03
  1.8509847378357831E-03
  1.8519711198061134E-03
  1.8529658310923673E-03
  1.8539688732542631E-03
  1.8549802485883227E-03
  1.8559999601243792E-03
  1.8570280116222881E-03
  1.8580644075688261E-03
  1.8591091531747867E-03
  1.8601622543722657E-03
  1.8612237178121372E-03
  1.8622935508617125E-03
  1.8633717616025846E-03
  1.8644583588286630E-03
  1.8655533520443772E-03
  1.8666567514630675E-03
  1.8677685680055500E-03
  1.8688888132988649E-03
  1.8700174996751874E-03
  1.8711546401709240E-03
  1.8723002485259760E-03
  1.8734543391831721E-03
  1.8746169272878769E-03
  1.8757880286877646E-03
  1.8769676599327636E-03
  1.8781558382751664E-03
  1.8793525816699047E-03
  1.8805579087750016E-03
  1.8817718389521733E-03
  0.0000000000000000E+00
  1.7971878862498597E-03
  1.7971948080527558E-03
  1.7972154716283317E-03
  1.7972497268962453E-03
  1.7972974272644836E-03
  1.7973584295432566E-03
  1.7974325938615952E-03
  1.7975197835865930E-03
  1.7976198652451703E-03
  1.7977327084482825E-03
  1.7978581858174843E-03
  1.7979961729137587E-03
  1.7981465481685468E-03
  1.7983091928168802E-03
  1.7984839908325651E-03
  1.7986708288653269E-03
  1.7988695961798659E-03
  1.7990801845967426E-03
  1.7993024884350437E-03
  1.7995364044567574E-03
  1.7997818318128132E-03
  1.8000386719907136E-03
  1.8003068287637239E-03
  1.8005862081415520E-03
  1.8008767183224830E-03
  1.8011782696469056E-03
  1.8014907745522067E-03
  1.8018141475289594E-03
  1.8021483050784035E-03
  1.8024931656711312E-03
  1.8028486497069826E-03
  1.8032146794760787E-03
  1.8035911791209809E-03
  1.8039780745999247E-03
  1.8043752936511065E-03
  1.8047827657579852E-03
  1.8052004221155611E-03
  1.8056281955976252E-03
  1.8060660207249121E-03
  1.8065138336341732E-03
  1.8069715720481047E-03
  1.8074391752461293E-03
  1.8079165840359918E-03
  1.8084037407261565E-03
  1.8089005890989758E-03
  1.8094070743846055E-03
  1.8099231432356557E-03
  1.8104487437025443E-03
  1.8109838252095365E-03
  1.8115283385314632E-03
  1.8120822357710795E-03
  1.8126454703370533E-03
  1.8132179969225812E-03
  1.8137997714845840E-03
  1.8143907512235026E-03
  1.8149908945636389E-03
  1.8156001611340641E-03
  1.8162185117500524E-03
  1.8168459083950401E-03
  1.8174823142030918E-03
  1.8181276934418594E-03
  1.8187820114960243E-03
  1.8194452348512132E-03
  1.8201173310783577E-03
  1.8207982688185171E-03
  1.8214880177681247E-03
  1.8221865486646594E-03
  1.8228938332727357E-03
  1.8236098443705909E-03
  1.8243345557369731E-03
  1.8250679421384088E-03
  1.8258099793168395E-03
  1.8265606439776460E-03
  1.8273199137780042E-03
  1.8280877673156109E-03
  1.8288641841177425E-03
  1.8296491446306465E-03
  1.8304426302092692E-03
  1.8312446231072911E-03
  1.8320551064674858E-03
  1.8328740643123798E-03
  1.8337014815352065E-03
  1.8345373438911695E-03
  1.8353816379889770E-03
  1.8362343512826668E-03
  1.8370954720637054E-03
  1.8379649894533592E-03
  1.8388428933953250E-03
  1.8397291746486287E-03
  1.8406238247807782E-03
  1.8415268361611588E-03
  1.8424382019546889E-03
  1.8433579161157042E-03
  1.8442859733820885E-03
  1.8452223692696306E-03
  1.8461671000666252E-03
  1.8471201628286775E-03
  1.8480815553737534E-03
  1.8490512762774308E-03
  1.8500293248683750E-03
  1.8510157012240304E-03
  1.8520104061665085E-03
  1.8530134412586931E-03
  1.8540248088005481E-03
  1.8550445118256183E-03
  1.8560725540977380E-03
  1.8571089401079274E-03
  1.8581536750714894E-03
  1.8592067649252917E-03
  1.8602682163252359E-03
  1.8613380366439281E-03
  1.8624162339685071E-03
  1.8635028170986886E-03
  1.8645977955449602E-03
  1.8657011795269799E-03
  1.8668129799721312E-03
  1.8679332085142792E-03
  1.8690618774926742E-03
  1.8701989999510525E-03
  1.8713445896368964E-03
  1.8724986610008706E-03
  1.8736612291964275E-03
  1.8748323100795823E-03
  1.8760119202088572E-03
  1.8772000768453936E-03
  1.8783967979532300E-03
  1.8796021021997456E-03
  1.8808160089562760E-03
  0.0000000000000000E+00
  1.7962316018901624E-03
  1.7962385247967797E-03
  1.7962591916110496E-03
  1.7962934521466888E-03
  1.7963411597093236E-03
  1.7964021710102460E-03
  1.7964763460829047E-03
  1.7965635482020178E-03
  1.7966636438052346E-03
  1.7967765024172312E-03
  1.7969019965761706E-03
  1.7970400017624376E-03
  1.7971903963295681E-03
  1.7973530614372923E-03
  1.7975278809866312E-03
  1.7977147415569525E-03
  1.7979135323449506E-03
  1.7981241451054499E-03
  1.7983464740939921E-03
  1.7985804160111475E-03
  1.7988258699484754E-03
  1.7990827373360963E-03
  1.7993509218918111E-03
  1.7996303295717215E-03
  1.7999208685223031E-03
  1.8002224490338788E-03
  1.8005349834954458E-03
  1.8008583863508246E-03
  1.8011925740560779E-03
  1.8015374650381486E-03
  1.8018929796547096E-03
  1.8022590401551471E-03
  1.8026355706426776E-03
  1.8030224970375375E-03
  1.8034197470412326E-03
  1.8038272501017900E-03
  1.8042449373800095E-03
  1.8046727417166673E-03
  1.8051105976006373E-03
  1.8055584411379316E-03
  1.8060162100215868E-03
  1.8064838435024207E-03
  1.8069612823605971E-03
  1.8074484688779899E-03
  1.8079453468113219E-03
  1.8084518613660577E-03
  1.8089679591710203E-03
  1.8094935882537219E-03
  1.8100286980163840E-03
  1.8105732392126202E-03
  1.8111271639247805E-03
  1.8116904255419128E-03
  1.8122629787383597E-03
  1.8128447794529307E-03
  1.8134357848686765E-03
  1.8140359533932147E-03
  1.8146452446396167E-03
  1.8152636194078229E-03
  1.8158910396665841E-03
  1.8165274685359100E-03
  1.8171728702700170E-03
  1.8178272102407445E-03
  1.8184904549214634E-03
  1.8191625718714216E-03
  1.8198435297205446E-03
  1.8205332981546763E-03
  1.8212318479012329E-03
  1.8219391507152823E-03
  1.8226551793660173E-03
  1.8233799076236310E-03
  1.8241133102465739E-03
  1.8248553629691827E-03
  1.8256060424896873E-03
  1.8263653264585615E-03
  1.8271331934672389E-03
  1.8279096230371557E-03
  1.8286945956091417E-03
  1.8294880925331326E-03
  1.8302900960582024E-03
  1.8311005893229062E-03
  1.8319195563459391E-03
  1.8327469820170828E-03
  1.8335828520884547E-03
  1.8344271531660430E-03
  1.8352798727015206E-03
  1.8361409989843384E-03
  1.8370105211340897E-03
  1.8378884290931375E-03
  1.8387747136195073E-03
  1.8396693662800286E-03
  1.8405723794437320E-03
  1.8414837462754959E-03
  1.8424034607299297E-03
  1.8433315175454960E-03
  1.8442679122388668E-03
  1.8452126410995143E-03
  1.8461657011845207E-03
  1.8471270903136136E-03
  1.8480968070644270E-03
  1.8490748507679618E-03
  1.8500612215042790E-03
  1.8510559200983850E-03
  1.8520589481163363E-03
  1.8530703078615354E-03
  1.8540900023712433E-03
  1.8551180354132713E-03
  1.8561544114828901E-03
  1.8571991357999103E-03
  1.8582522143059700E-03
  1.8593136536620076E-03
  1.8603834612459147E-03
  1.8614616451503843E-03
  1.8625482141809355E-03
  1.8636431778541187E-03
  1.8647465463959051E-03
  1.8658583307402526E-03
  1.8669785425278465E-03
  1.8681071941050154E-03
  1.8692442985228251E-03
  1.8703898695363406E-03
  1.8715439216040605E-03
  1.8727064698875260E-03
  1.8738775302510930E-03
  1.8750571192618802E-03
  1.8762452541898759E-03
  1.8774419530082239E-03
  1.8786472343936633E-03
  1.8798611177271447E-03
  0.0000000000000000E+00
  1.7952762553162165E-03
  1.7952831793266834E-03
  1.7953038493800082E-03
  1.7953381151839323E-03
  1.7953858299416846E-03
  1.7954468502656116E-03
  1.7955210360935468E-03
  1.7956082506078109E-03
  1.7957083601567543E-03
  1.7958212341787495E-03
  1.7959467451285497E-03
  1.7960847684059223E-03
  1.7962351822864784E-03
  1.7963978678546314E-03
  1.7965727089386012E-03
  1.7967595920473864E-03
  1.7969584063096606E-03
  1.7971690434145004E-03
  1.7973913975538956E-03
  1.7976253653669858E-03
  1.7978708458859564E-03
  1.7981277404835344E-03
  1.7983959528220519E-03
  1.7986753888039988E-03
  1.7989659565240390E-03
  1.7992675662224194E-03
  1.7995801302397496E-03
  1.7999035629730942E-03
  1.8002377808333334E-03
  1.8005827022037635E-03
  1.8009382473998855E-03
  1.8013043386303526E-03
  1.8016808999590339E-03
  1.8020678572681736E-03
  1.8024651382225778E-03
  1.8028726722348499E-03
  1.8032903904315882E-03
  1.8037182256205556E-03
  1.8041561122587697E-03
  1.8046039864215001E-03
  1.8050617857721324E-03
  1.8055294495328807E-03
  1.8060069184563309E-03
  1.8064941347977670E-03
  1.8069910422882887E-03
  1.8074975861086704E-03
  1.8080137128639517E-03
  1.8085393705587469E-03
  1.8090745085732331E-03
  1.8096190776398147E-03
  1.8101730298204369E-03
  1.8107363184845344E-03
  1.8113088982875990E-03
  1.8118907251503322E-03
  1.8124817562384014E-03
  1.8130819499427432E-03
  1.8136912658604338E-03
  1.8143096647760832E-03
  1.8149371086437619E-03
  1.8155735605694316E-03
  1.8162189847938711E-03
  1.8168733466760903E-03
  1.8175366126772035E-03
  1.8182087503447806E-03
  1.8188897282976205E-03
  1.8195795162109780E-03
  1.8202780848022148E-03
  1.8209854058168534E-03
  1.8217014520150476E-03
  1.8224261971584402E-03
  1.8231596159974093E-03
  1.8239016842586933E-03
  1.8246523786333737E-03
  1.8254116767652258E-03
  1.8261795572394217E-03
  1.8269559995715676E-03
  1.8277409841970735E-03
  1.8285344924608732E-03
  1.8293365066074331E-03
  1.8301470097710981E-03
  1.8309659859667322E-03
  1.8317934200806703E-03
  1.8326292978619483E-03
  1.8334736059138356E-03
  1.8343263316856447E-03
  1.8351874634648137E-03
  1.8360569903692675E-03
  1.8369349023400385E-03
  1.8378211901341514E-03
  1.8387158453177603E-03
  1.8396188602595477E-03
  1.8405302281243557E-03
  1.8414499428670648E-03
  1.8423779992267218E-03
  1.8433143927208842E-03
  1.8442591196402033E-03
  1.8452121770432411E-03
  1.8461735627514923E-03
  1.8471432753446443E-03
  1.8481213141560392E-03
  1.8491076792683538E-03
  1.8501023715094930E-03
  1.8511053924486860E-03
  1.8521167443927798E-03
  1.8531364303827473E-03
  1.8541644541903855E-03
  1.8552008203152103E-03
  1.8562455339815433E-03
  1.8572986011357975E-03
  1.8583600284439443E-03
  1.8594298232891679E-03
  1.8605079937697108E-03
  1.8615945486969003E-03
  1.8626894975933472E-03
  1.8637928506913420E-03
  1.8649046189314104E-03
  1.8660248139610641E-03
  1.8671534481337082E-03
  1.8682905345077387E-03
  1.8694360868458039E-03
  1.8705901196142370E-03
  1.8717526479826688E-03
  1.8729236878237958E-03
  1.8741032557133312E-03
  1.8752913689301118E-03
  1.8764880454563864E-03
  1.8776933039782524E-03
  1.8789071638862797E-03
  0.0000000000000000E+00
  1.7943218451523311E-03
  1.7943287702667750E-03
  1.7943494435595174E-03
  1.7943837146322855E-03
  1.7944314365858766E-03
  1.7944924659336614E-03
  1.7945666625178310E-03
  1.7946538894282778E-03
  1.7947540129240331E-03
  1.7948669023571423E-03
  1.7949924300989270E-03
  1.7951304714685155E-03
  1.7952809046635800E-03
  1.7954436106931988E-03
  1.7956184733127739E-03
  1.7958053789609253E-03
  1.7960042166982901E-03
  1.7962148781481887E-03
  1.7964372574390468E-03
  1.7966712511485663E-03
  1.7969167582495449E-03
  1.7971736800573151E-03
  1.7974419201787330E-03
  1.7977213844626702E-03
  1.7980119809519722E-03
  1.7983136198368090E-03
  1.7986262134093997E-03
  1.7989496760200461E-03
  1.7992839240344473E-03
  1.7996288757922505E-03
  1.7999844515667830E-03
  1.8003505735259657E-03
  1.8007271656943218E-03
  1.8011141539160964E-03
  1.8015114658194067E-03
  1.8019190307814266E-03
  1.8023367798945561E-03
  1.8027646459335476E-03
  1.8032025633235641E-03
  1.8036504681091341E-03
  1.8041082979239945E-03
  1.8045759919617613E-03
  1.8050534909474399E-03
  1.8055407371097324E-03
  1.8060376741541192E-03
  1.8065442472366836E-03
  1.8070604029386916E-03
  1.8075860892418593E-03
  1.8081212555043230E-03
  1.8086658524372810E-03
  1.8092198320822830E-03
  1.8097831477891513E-03
  1.8103557541945283E-03
  1.8109376072010183E-03
  1.8115286639569048E-03
  1.8121288828364499E-03
  1.8127382234207387E-03
  1.8133566464790549E-03
  1.8139841139507944E-03
  1.8146205889278731E-03
  1.8152660356376407E-03
  1.8159204194262753E-03
  1.8165837067426486E-03
  1.8172558651226496E-03
  1.8179368631739551E-03
  1.8186266705612420E-03
  1.8193252579918138E-03
  1.8200325972016578E-03
  1.8207486609418898E-03
  1.8214734229656067E-03
  1.8222068580151241E-03
  1.8229489418095761E-03
  1.8236996510329073E-03
  1.8244589633221991E-03
  1.8252268572563639E-03
  1.8260033123451780E-03
  1.8267883090186453E-03
  1.8275818286166902E-03
  1.8283838533791829E-03
  1.8291943664362582E-03
  1.8300133517989584E-03
  1.8308407943501686E-03
  1.8316766798358477E-03
  1.8325209948565535E-03
  1.8333737268592370E-03
  1.8342348641293296E-03
  1.8351043957830901E-03
  1.8359823117602217E-03
  1.8368686028167531E-03
  1.8377632605181692E-03
  1.8386662772328028E-03
  1.8395776461254598E-03
  1.8404973611513024E-03
  1.8414254170499597E-03
  1.8423618093398742E-03
  1.8433065343128868E-03
  1.8442595890290339E-03
  1.8452209713115831E-03
  1.8461906797422765E-03
  1.8471687136567983E-03
  1.8481550731404468E-03
  1.8491497590240262E-03
  1.8501527728799361E-03
  1.8511641170184737E-03
  1.8521837944843263E-03
  1.8532118090532734E-03
  1.8542481652290808E-03
  1.8552928682405835E-03
  1.8563459240389677E-03
  1.8574073392952407E-03
  1.8584771213978808E-03
  1.8595552784506821E-03
  1.8606418192707770E-03
  1.8617367533868409E-03
  1.8628400910374820E-03
  1.8639518431697991E-03
  1.8650720214381260E-03
  1.8662006382029470E-03
  1.8673377065299888E-03
  1.8684832401894829E-03
  1.8696372536555978E-03
  1.8707997621060526E-03
  1.8719707814218850E-03
  1.8731503281874038E-03
  1.8743384196902963E-03
  1.8755350739219118E-03
  1.8767403095777111E-03
  1.8779541460578755E-03
  0.0000000000000000E+00
  1.7933683700255042E-03
  1.7933752962440549E-03
  1.7933959727765767E-03
  1.7934302491187455E-03
  1.7934779782688955E-03
  1.7935390166413919E-03
  1.7936132239827519E-03
  1.7937004632904167E-03
  1.7938006007340681E-03
  1.7939135055794057E-03
  1.7940390501142969E-03
  1.7941771095772116E-03
  1.7943275620878637E-03
  1.7944902885799847E-03
  1.7946651727361420E-03
  1.7948521009245593E-03
  1.7950509621378304E-03
  1.7952616479335022E-03
  1.7954840523764300E-03
  1.7957180719828691E-03
  1.7959636056662234E-03
  1.7962205546844206E-03
  1.7964888225888329E-03
  1.7967683151747117E-03
  1.7970589404330780E-03
  1.7973606085040211E-03
  1.7976732316313650E-03
  1.7979967241186473E-03
  1.7983310022863864E-03
  1.7986759844305729E-03
  1.7990315907823648E-03
  1.7993977434689465E-03
  1.7997743664754978E-03
  1.8001613856082643E-03
  1.8005587284586734E-03
  1.8009663243684726E-03
  1.8013841043958648E-03
  1.8018120012825926E-03
  1.8022499494219667E-03
  1.8026978848277792E-03
  1.8031557451041169E-03
  1.8036234694160003E-03
  1.8041009984608634E-03
  1.8045882744408262E-03
  1.8050852410357481E-03
  1.8055918433770338E-03
  1.8061080280221715E-03
  1.8066337429299864E-03
  1.8071689374365800E-03
  1.8077135622319471E-03
  1.8082675693372428E-03
  1.8088309120826843E-03
  1.8094035450860713E-03
  1.8099854242319073E-03
  1.8105765066511045E-03
  1.8111767507012506E-03
  1.8117861159474453E-03
  1.8124045631436514E-03
  1.8130320542145931E-03
  1.8136685522381459E-03
  1.8143140214282327E-03
  1.8149684271182096E-03
  1.8156317357447042E-03
  1.8163039148319324E-03
  1.8169849329764546E-03
  1.8176747598323694E-03
  1.8183733660969324E-03
  1.8190807234965958E-03
  1.8197968047734435E-03
  1.8205215836720322E-03
  1.8212550349266134E-03
  1.8219971342487290E-03
  1.8227478583151856E-03
  1.8235071847563754E-03
  1.8242750921449574E-03
  1.8250515599848830E-03
  1.8258365687007455E-03
  1.8266300996274761E-03
  1.8274321350003444E-03
  1.8282426579452808E-03
  1.8290616524695065E-03
  1.8298891034524648E-03
  1.8307249966370426E-03
  1.8315693186210834E-03
  1.8324220568491844E-03
  1.8332831996047724E-03
  1.8341527360024427E-03
  1.8350306559805735E-03
  1.8359169502942007E-03
  1.8368116105081417E-03
  1.8377146289903811E-03
  1.8386259989056962E-03
  1.8395457142095283E-03
  1.8404737696420934E-03
  1.8414101607227243E-03
  1.8423548837444479E-03
  1.8433079357687838E-03
  1.8442693146207701E-03
  1.8452390188842085E-03
  1.8462170478971255E-03
  1.8472034017474441E-03
  1.8481980812688678E-03
  1.8492010880369726E-03
  1.8502124243655021E-03
  1.8512320933028626E-03
  1.8522600986288196E-03
  1.8532964448513857E-03
  1.8543411372039143E-03
  1.8553941816423661E-03
  1.8564555848427837E-03
  1.8575253541989400E-03
  1.8586034978201810E-03
  1.8596900245294501E-03
  1.8607849438614856E-03
  1.8618882660612127E-03
  1.8630000020823042E-03
  1.8641201635859175E-03
  1.8652487629396187E-03
  1.8663858132164613E-03
  1.8675313281942636E-03
  1.8686853223550274E-03
  1.8698478108845626E-03
  1.8710188096722482E-03
  1.8721983353109871E-03
  1.8733864050973160E-03
  1.8745830370316900E-03
  1.8757882498189249E-03
  1.8770020628688208E-03
  0.0000000000000000E+00
  1.7924158285654191E-03
  1.7924227558882065E-03
  1.7924434356608673E-03
  1.7924777172729951E-03
  1.7925254536204256E-03
  1.7925865010184863E-03
  1.7926607191179923E-03
  1.7927479708239073E-03
  1.7928481222165397E-03
  1.7929610424752185E-03
  1.7930866038043374E-03
  1.7932246813616882E-03
  1.7933751531890112E-03
  1.7935379001446658E-03
  1.7937128058383791E-03
  1.7938997565679611E-03
  1.7940986412579504E-03
  1.7943093514001121E-03
  1.7945317809957169E-03
  1.7947658264995643E-03
  1.7950113867656586E-03
  1.7952683629945151E-03
  1.7955366586820151E-03
  1.7958161795697842E-03
  1.7961068335970159E-03
  1.7964085308537132E-03
  1.7967211835353014E-03
  1.7970447058985538E-03
  1.7973790142188019E-03
  1.7977240267483807E-03
  1.7980796636762786E-03
  1.7984458470889423E-03
  1.7988225009322061E-03
  1.7992095509743200E-03
  1.7996069247700186E-03
  1.8000145516256273E-03
  1.8004323625651505E-03
  1.8008602902973270E-03
  1.8012982691836103E-03
  1.8017462352070649E-03
  1.8022041259421273E-03
  1.8026718805252272E-03
  1.8031494396262269E-03
  1.8036367454206681E-03
  1.8041337415627967E-03
  1.8046403731593382E-03
  1.8051565867440082E-03
  1.8056823302527451E-03
  1.8062175529996180E-03
  1.8067622056534237E-03
  1.8073162402149263E-03
  1.8078796099947410E-03
  1.8084522695918316E-03
  1.8090341748726053E-03
  1.8096252829506031E-03
  1.8102255521667482E-03
  1.8108349420701535E-03
  1.8114534133994711E-03
  1.8120809280647539E-03
  1.8127174491298433E-03
  1.8133629407952436E-03
  1.8140173683814861E-03
  1.8146806983129616E-03
  1.8153528981022207E-03
  1.8160339363347076E-03
  1.8167237826539492E-03
  1.8174224077471570E-03
  1.8181297833312518E-03
  1.8188458821392917E-03
  1.8195706779072964E-03
  1.8203041453614592E-03
  1.8210462602057320E-03
  1.8217969991097878E-03
  1.8225563396973338E-03
  1.8233242605347809E-03
  1.8241007411202565E-03
  1.8248857618729528E-03
  1.8256793041228055E-03
  1.8264813501004903E-03
  1.8272918829277372E-03
  1.8281108866079507E-03
  1.8289383460171347E-03
  1.8297742468951043E-03
  1.8306185758369985E-03
  1.8314713202850603E-03
  1.8323324685207134E-03
  1.8332020096568969E-03
  1.8340799336306658E-03
  1.8349662311960653E-03
  1.8358608939172474E-03
  1.8367639141618534E-03
  1.8376752850946337E-03
  1.8385950006713119E-03
  1.8395230556326934E-03
  1.8404594454990023E-03
  1.8414041665644571E-03
  1.8423572158920588E-03
  1.8433185913086221E-03
  1.8442882914000086E-03
  1.8452663155065897E-03
  1.8462526637189139E-03
  1.8472473368735863E-03
  1.8482503365493620E-03
  1.8492616650634328E-03
  1.8502813254679255E-03
  1.8513093215465908E-03
  1.8523456578116951E-03
  1.8533903395011046E-03
  1.8544433725755593E-03
  1.8555047637161392E-03
  1.8565745203219118E-03
  1.8576526505077783E-03
  1.8587391631024891E-03
  1.8598340676468500E-03
  1.8609373743921026E-03
  1.8620490942984945E-03
  1.8631692390340094E-03
  1.8642978209732909E-03
  1.8654348531967262E-03
  1.8665803494897139E-03
  1.8677343243420968E-03
  1.8688967929477694E-03
  1.8700677712044560E-03
  1.8712472757136513E-03
  1.8724353237807442E-03
  1.8736319334152897E-03
  1.8748371233314669E-03
  1.8760509129486882E-03
  0.0000000000000000E+00
  1.7914642194044384E-03
  1.7914711478315903E-03
  1.7914918308447514E-03
  1.7915261177273952E-03
  1.7915738612728279E-03
  1.7916349176973041E-03
  1.7917091465559131E-03
  1.7917964106611097E-03
  1.7918965760038061E-03
  1.7920095116769391E-03
  1.7921350898014059E-03
  1.7922731854543017E-03
  1.7924236765993720E-03
  1.7925864440195953E-03
  1.7927613712518367E-03
  1.7929483445234819E-03
  1.7931472526910013E-03
  1.7933579871803643E-03
  1.7935804419292524E-03
  1.7938145133309965E-03
  1.7940601001801937E-03
  1.7943171036199392E-03
  1.7945854270906203E-03
  1.7948649762802278E-03
  1.7951556590761234E-03
  1.7954573855182203E-03
  1.7957700677535440E-03
  1.7960936199920966E-03
  1.7964279584640232E-03
  1.7967730013780036E-03
  1.7971286688808516E-03
  1.7974948830182765E-03
  1.7978715676967693E-03
  1.7982586486465825E-03
  1.7986560533857600E-03
  1.7990637111852058E-03
  1.7994815530347271E-03
  1.7999095116100583E-03
  1.8003475212408043E-03
  1.8007955178792974E-03
  1.8012534390703311E-03
  1.8017212239217434E-03
  1.8021988130758311E-03
  1.8026861486815588E-03
  1.8031831743675632E-03
  1.8036898352158919E-03
  1.8042060777364957E-03
  1.8047318498424258E-03
  1.8052671008257266E-03
  1.8058117813339980E-03
  1.8063658433476197E-03
  1.8069292401576079E-03
  1.8075019263440930E-03
  1.8080838577553919E-03
  1.8086749914876796E-03
  1.8092752858652182E-03
  1.8098847004211420E-03
  1.8105031958787889E-03
  1.8111307341335515E-03
  1.8117672782352401E-03
  1.8124127923709421E-03
  1.8130672418483723E-03
  1.8137305930796906E-03
  1.8144028135657802E-03
  1.8150838718809785E-03
  1.8157737376582456E-03
  1.8164723815747498E-03
  1.8171797753378893E-03
  1.8178958916716978E-03
  1.8186207043036616E-03
  1.8193541879519216E-03
  1.8200963183128433E-03
  1.8208470720489725E-03
  1.8216064267773330E-03
  1.8223743610580900E-03
  1.8231508543835560E-03
  1.8239358871675218E-03
  1.8247294407349333E-03
  1.8255314973118751E-03
  1.8263420400158818E-03
  1.8271610528465439E-03
  1.8279885206764288E-03
  1.8288244292422851E-03
  1.8296687651365472E-03
  1.8305215157991125E-03
  1.8313826695094040E-03
  1.8322522153787024E-03
  1.8331301433427475E-03
  1.8340164441545937E-03
  1.8349111093777341E-03
  1.8358141313794679E-03
  1.8367255033245192E-03
  1.8376452191688996E-03
  1.8385732736540053E-03
  1.8395096623009559E-03
  1.8404543814051595E-03
  1.8414074280311064E-03
  1.8423688000073853E-03
  1.8433384959219222E-03
  1.8443165151174369E-03
  1.8453028576871011E-03
  1.8462975244704285E-03
  1.8473005170493513E-03
  1.8483118377445134E-03
  1.8493314896117616E-03
  1.8503594764388346E-03
  1.8513958027422533E-03
  1.8524404737644017E-03
  1.8534934954707958E-03
  1.8545548745475546E-03
  1.8556246183990452E-03
  1.8567027351457201E-03
  1.8577892336221421E-03
  1.8588841233751800E-03
  1.8599874146623999E-03
  1.8610991184506175E-03
  1.8622192464146496E-03
  1.8633478109362134E-03
  1.8644848251030319E-03
  1.8656303027080852E-03
  1.8667842582490543E-03
  1.8679467069279239E-03
  1.8691176646507565E-03
  1.8702971480276463E-03
  1.8714851743728278E-03
  1.8726817617049627E-03
  1.8738869287475862E-03
  1.8751006949297270E-03
  0.0000000000000000E+00
  1.7905135411775931E-03
  1.7905204707092395E-03
  1.7905411569632615E-03
  1.7905754491169799E-03
  1.7906231998611327E-03
  1.7906842653128785E-03
  1.7907585049315451E-03
  1.7908457814370538E-03
  1.7909459607308980E-03
  1.7910589118195967E-03
  1.7911845067405307E-03
  1.7913226204900794E-03
  1.7914731309539758E-03
  1.7916359188398009E-03
  1.7918108676115404E-03
  1.7919978634261457E-03
  1.7921967950720037E-03
  1.7924075539092815E-03
  1.7926300338120559E-03
  1.7928641311121840E-03
  1.7931097445448452E-03
  1.7933667751957080E-03
  1.7936351264496602E-03
  1.7939147039410515E-03
  1.7942054155054075E-03
  1.7945071711325498E-03
  1.7948198829210961E-03
  1.7951434650342784E-03
  1.7954778336570524E-03
  1.7958229069544387E-03
  1.7961786050310793E-03
  1.7965448498919443E-03
  1.7969215654041802E-03
  1.7973086772600422E-03
  1.7977061129408869E-03
  1.7981138016821942E-03
  1.7985316744395796E-03
  1.7989596638557724E-03
  1.7993977042285302E-03
  1.7998457314794573E-03
  1.8003036831237057E-03
  1.8007714982405255E-03
  1.8012491174446480E-03
  1.8017364828584695E-03
  1.8022335380850154E-03
  1.8027402281816634E-03
  1.8032564996345998E-03
  1.8037823003339947E-03
  1.8043175795498677E-03
  1.8048622879086296E-03
  1.8054163773702806E-03
  1.8059798012062401E-03
  1.8065525139778094E-03
  1.8071344715152220E-03
  1.8077256308972891E-03
  1.8083259504316129E-03
  1.8089353896353576E-03
  1.8095539092165519E-03
  1.8101814710559322E-03
  1.8108180381892793E-03
  1.8114635747902722E-03
  1.8121180461538116E-03
  1.8127814186798294E-03
  1.8134536598575501E-03
  1.8141347382502064E-03
  1.8148246234801948E-03
  1.8155232862146482E-03
  1.8162306981514421E-03
  1.8169468320055932E-03
  1.8176716614960596E-03
  1.8184051613329320E-03
  1.8191473072049942E-03
  1.8198980757676681E-03
  1.8206574446312995E-03
  1.8214253923498145E-03
  1.8222018984097085E-03
  1.8229869432193793E-03
  1.8237805080987847E-03
  1.8245825752694238E-03
  1.8253931278446388E-03
  1.8262121498202094E-03
  1.8270396260652696E-03
  1.8278755423135073E-03
  1.8287198851546541E-03
  1.8295726420262640E-03
  1.8304338012057623E-03
  1.8313033518027799E-03
  1.8321812837517370E-03
  1.8330675878047060E-03
  1.8339622555245212E-03
  1.8348652792781433E-03
  1.8357766522302734E-03
  1.8366963683372117E-03
  1.8376244223409495E-03
  1.8385608097635034E-03
  1.8395055269014758E-03
  1.8404585708208447E-03
  1.8414199393519788E-03
  1.8423896310848697E-03
  1.8433676453645834E-03
  1.8443539822869258E-03
  1.8453486426943128E-03
  1.8463516281718587E-03
  1.8473629410436601E-03
  1.8483825843692869E-03
  1.8494105619404689E-03
  1.8504468782779802E-03
  1.8514915386287224E-03
  1.8525445489629934E-03
  1.8536059159719503E-03
  1.8546756470652582E-03
  1.8557537503689258E-03
  1.8568402347233261E-03
  1.8579351096813977E-03
  1.8590383855070227E-03
  1.8601500731735951E-03
  1.8612701843627557E-03
  1.8623987314633048E-03
  1.8635357275702960E-03
  1.8646811864842959E-03
  1.8658351227108208E-03
  1.8669975514599439E-03
  1.8681684886460717E-03
  1.8693479508878922E-03
  1.8705359555084902E-03
  1.8717325205356288E-03
  1.8729376647022037E-03
  1.8741514074468589E-03
  0.0000000000000000E+00
  1.7895637925225832E-03
  1.7895707231588510E-03
  1.7895914126540959E-03
  1.7896257100794444E-03
  1.7896734680230395E-03
  1.7897345425029042E-03
  1.7898087928825822E-03
  1.7898960817894357E-03
  1.7899962750355109E-03
  1.7901092415408860E-03
  1.7902348532594051E-03
  1.7903729851067129E-03
  1.7905235148905126E-03
  1.7906863232429685E-03
  1.7908612935551786E-03
  1.7910483119136390E-03
  1.7912472670386450E-03
  1.7914580502245482E-03
  1.7916805552818111E-03
  1.7919146784808073E-03
  1.7921603184972929E-03
  1.7924173763595006E-03
  1.7926857553968113E-03
  1.7929653611899314E-03
  1.7932561015225432E-03
  1.7935578863343725E-03
  1.7938706276756273E-03
  1.7941942396627665E-03
  1.7945286384355539E-03
  1.7948737421153512E-03
  1.7952294707646234E-03
  1.7955957463476053E-03
  1.7959724926920960E-03
  1.7963596354523552E-03
  1.7967571020730527E-03
  1.7971648217542464E-03
  1.7975827254173575E-03
  1.7980107456721163E-03
  1.7984488167844329E-03
  1.7988968746451878E-03
  1.7993548567398919E-03
  1.7998227021192119E-03
  1.8003003513703179E-03
  1.8007877465890361E-03
  1.8012848313527880E-03
  1.8017915506942834E-03
  1.8023078510759493E-03
  1.8028336803650772E-03
  1.8033689878096683E-03
  1.8039137240149473E-03
  1.8044678409205330E-03
  1.8050312917782603E-03
  1.8056040311306026E-03
  1.8061860147897131E-03
  1.8067771998170438E-03
  1.8073775445035464E-03
  1.8079870083504131E-03
  1.8086055520503720E-03
  1.8092331374695049E-03
  1.8098697276295707E-03
  1.8105152866908403E-03
  1.8111697799354095E-03
  1.8118331737509838E-03
  1.8125054356151341E-03
  1.8131865340799930E-03
  1.8138764387573970E-03
  1.8145751203044503E-03
  1.8152825504095093E-03
  1.8159987017785761E-03
  1.8167235481220865E-03
  1.8174570641420855E-03
  1.8181992255197797E-03
  1.8189500089034691E-03
  1.8197093918968278E-03
  1.8204773530475446E-03
  1.8212538718363051E-03
  1.8220389286661145E-03
  1.8228325048519492E-03
  1.8236345826107266E-03
  1.8244451450515964E-03
  1.8252641761665337E-03
  1.8260916608212453E-03
  1.8269275847463582E-03
  1.8277719345289054E-03
  1.8286246976041008E-03
  1.8294858622473768E-03
  1.8303554175667139E-03
  1.8312333534952205E-03
  1.8321196607839884E-03
  1.8330143309951937E-03
  1.8339173564954638E-03
  1.8348287304494793E-03
  1.8357484468138308E-03
  1.8366765003311081E-03
  1.8376128865242275E-03
  1.8385576016909867E-03
  1.8395106428988556E-03
  1.8404720079799842E-03
  1.8414416955264319E-03
  1.8424197048856144E-03
  1.8434060361559690E-03
  1.8444006901828199E-03
  1.8454036685544661E-03
  1.8464149735984581E-03
  1.8474346083780873E-03
  1.8484625766890773E-03
  1.8494988830564580E-03
  1.8505435327316514E-03
  1.8515965316897353E-03
  1.8526578866269077E-03
  1.8537276049581327E-03
  1.8548056948149776E-03
  1.8558921650436259E-03
  1.8569870252030834E-03
  1.8580902855635543E-03
  1.8592019571050090E-03
  1.8603220515159137E-03
  1.8614505811921503E-03
  1.8625875592361064E-03
  1.8637329994559318E-03
  1.8648869163649803E-03
  1.8660493251814148E-03
  1.8672202418279864E-03
  1.8683996829319750E-03
  1.8695876658253157E-03
  1.8707842085448746E-03
  1.8719893298329070E-03
  1.8732030491376696E-03
  0.0000000000000000E+00
  1.7886149720797626E-03
  1.7886219038207821E-03
  1.7886425965576093E-03
  1.7886768992551459E-03
  1.7887246643989013E-03
  1.7887857479077375E-03
  1.7888600090493821E-03
  1.7889473103586101E-03
  1.7890475175579969E-03
  1.7891604994811582E-03
  1.7892861279983807E-03
  1.7894242779445532E-03
  1.7895748270493333E-03
  1.7897376558694501E-03
  1.7899126477230983E-03
  1.7900996886263086E-03
  1.7902986672312703E-03
  1.7905094747665072E-03
  1.7907320049788593E-03
  1.7909661540772082E-03
  1.7912118206778740E-03
  1.7914689057516528E-03
  1.7917373125724099E-03
  1.7920169466672008E-03
  1.7923077157678620E-03
  1.7926095297640179E-03
  1.7929223006574668E-03
  1.7932459425178879E-03
  1.7935803714398536E-03
  1.7939255055010625E-03
  1.7942812647218055E-03
  1.7946475710255774E-03
  1.7950243482008337E-03
  1.7954115218638377E-03
  1.7958090194225699E-03
  1.7962167700416704E-03
  1.7966347046083691E-03
  1.7970627556993960E-03
  1.7975008575488185E-03
  1.7979489460167915E-03
  1.7984069585591910E-03
  1.7988748341981014E-03
  1.7993525134931353E-03
  1.7998399385135530E-03
  1.8003370528111746E-03
  1.8008438013940450E-03
  1.8013601307008348E-03
  1.8018859885759633E-03
  1.8024213242454140E-03
  1.8029660882932304E-03
  1.8035202326386595E-03
  1.8040837105139473E-03
  1.8046564764427494E-03
  1.8052384862191403E-03
  1.8058296968872219E-03
  1.8064300667212927E-03
  1.8070395552065813E-03
  1.8076581230205202E-03
  1.8082857320145384E-03
  1.8089223451963809E-03
  1.8095679267129136E-03
  1.8102224418334299E-03
  1.8108858569334167E-03
  1.8115581394787938E-03
  1.8122392580105992E-03
  1.8129291821301142E-03
  1.8136278824844162E-03
  1.8143353307523483E-03
  1.8150514996309044E-03
  1.8157763628219995E-03
  1.8165098950196370E-03
  1.8172520718974516E-03
  1.8180028700966280E-03
  1.8187622672141692E-03
  1.8195302417915312E-03
  1.8203067733035948E-03
  1.8210918421479772E-03
  1.8218854296346769E-03
  1.8226875179760303E-03
  1.8234980902770016E-03
  1.8243171305257655E-03
  1.8251446235846027E-03
  1.8259805551810826E-03
  1.8268249118995456E-03
  1.8276776811728666E-03
  1.8285388512744910E-03
  1.8294084113107494E-03
  1.8302863512134422E-03
  1.8311726617326826E-03
  1.8320673344299945E-03
  1.8329703616716713E-03
  1.8338817366223782E-03
  1.8348014532390002E-03
  1.8357295062647258E-03
  1.8366658912233706E-03
  1.8376106044139359E-03
  1.8385636429053822E-03
  1.8395250045316444E-03
  1.8404946878868497E-03
  1.8414726923207698E-03
  1.8424590179344712E-03
  1.8434536655761930E-03
  1.8444566368374150E-03
  1.8454679340491446E-03
  1.8464875602784024E-03
  1.8475155193249007E-03
  1.8485518157179287E-03
  1.8495964547134284E-03
  1.8506494422912629E-03
  1.8517107851526683E-03
  1.8527804907179130E-03
  1.8538585671241186E-03
  1.8549450232232835E-03
  1.8560398685804802E-03
  1.8571431134722387E-03
  1.8582547688851005E-03
  1.8593748465143656E-03
  1.8605033587629930E-03
  1.8616403187407039E-03
  1.8627857402632340E-03
  1.8639396378517757E-03
  1.8651020267325821E-03
  1.8662729228367428E-03
  1.8674523428001374E-03
  1.8686403039635479E-03
  1.8698368243729446E-03
  1.8710419227799392E-03
  1.8722556186424049E-03
  0.0000000000000000E+00
  1.7876670784921400E-03
  1.7876740113380387E-03
  1.7876947073168104E-03
  1.7877290152870917E-03
  1.7877767876317264E-03
  1.7878378801703854E-03
  1.7879121520749501E-03
  1.7879994657875806E-03
  1.7880996869413597E-03
  1.7882126842834185E-03
  1.7883383296004615E-03
  1.7884764976466040E-03
  1.7886270660734372E-03
  1.7887899153622455E-03
  1.7889649287582997E-03
  1.7891519922071531E-03
  1.7893509942928756E-03
  1.7895618261781542E-03
  1.7897843815461946E-03
  1.7900185565443768E-03
  1.7902642497295816E-03
  1.7905213620151546E-03
  1.7907897966194419E-03
  1.7910694590158439E-03
  1.7913602568843466E-03
  1.7916621000644687E-03
  1.7919749005095931E-03
  1.7922985722426202E-03
  1.7926330313129256E-03
  1.7929781957545473E-03
  1.7933339855455970E-03
  1.7937003225688322E-03
  1.7940771305733605E-03
  1.7944643351374538E-03
  1.7948618636324030E-03
  1.7952696451874288E-03
  1.7956876106555745E-03
  1.7961156925805698E-03
  1.7965538251646415E-03
  1.7970019442372219E-03
  1.7974599872245549E-03
  1.7979278931201453E-03
  1.7984056024560485E-03
  1.7988930572749658E-03
  1.7993902011031191E-03
  1.7998969789238880E-03
  1.8004133371521949E-03
  1.8009392236095886E-03
  1.8014745875000403E-03
  1.8020193793864148E-03
  1.8025735511675910E-03
  1.8031370560562339E-03
  1.8037098485571797E-03
  1.8042918844464342E-03
  1.8048831207507473E-03
  1.8054835157277742E-03
  1.8060930288467860E-03
  1.8067116207699169E-03
  1.8073392533339548E-03
  1.8079758895326288E-03
  1.8086214934994091E-03
  1.8092760304907910E-03
  1.8099394668700428E-03
  1.8106117700914441E-03
  1.8112929086849386E-03
  1.8119828522412565E-03
  1.8126815713974556E-03
  1.8133890378228680E-03
  1.8141052242054850E-03
  1.8148301042387035E-03
  1.8155636526084916E-03
  1.8163058449809167E-03
  1.8170566579900486E-03
  1.8178160692262266E-03
  1.8185840572246775E-03
  1.8193606014544807E-03
  1.8201456823078693E-03
  1.8209392810898664E-03
  1.8217413800082341E-03
  1.8225519621637542E-03
  1.8233710115408029E-03
  1.8241985129982376E-03
  1.8250344522605768E-03
  1.8258788159094715E-03
  1.8267315913754593E-03
  1.8275927669300000E-03
  1.8284623316777815E-03
  1.8293402755492970E-03
  1.8302265892936847E-03
  1.8311212644718184E-03
  1.8320242934496615E-03
  1.8329356693918665E-03
  1.8338553862556123E-03
  1.8347834387846926E-03
  1.8357198225038261E-03
  1.8366645337132147E-03
  1.8376175694833179E-03
  1.8385789276498517E-03
  1.8395486068090185E-03
  1.8405266063129431E-03
  1.8415129262653292E-03
  1.8425075675173252E-03
  1.8435105316635986E-03
  1.8445218210386171E-03
  1.8455414387131247E-03
  1.8465693884908312E-03
  1.8476056749052842E-03
  1.8486503032169479E-03
  1.8497032794104677E-03
  1.8507646101921264E-03
  1.8518343029874903E-03
  1.8529123659392413E-03
  1.8539988079051910E-03
  1.8550936384564838E-03
  1.8561968678759686E-03
  1.8573085071567665E-03
  1.8584285680010044E-03
  1.8595570628187248E-03
  1.8606940047269831E-03
  1.8618394075490996E-03
  1.8629932858141036E-03
  1.8641556547563383E-03
  1.8653265303152377E-03
  1.8665059291352762E-03
  1.8676938685660836E-03
  1.8688903666627332E-03
  1.8700954421861965E-03
  1.8713091146039600E-03
  0.0000000000000000E+00
  1.7867201104053692E-03
  1.7867270443562757E-03
  1.7867477435773520E-03
  1.7867820568209342E-03
  1.7868298363671678E-03
  1.7868909379364995E-03
  1.7869652206049370E-03
  1.7870525467220005E-03
  1.7871527818312531E-03
  1.7872657945933166E-03
  1.7873914567112950E-03
  1.7875296428585118E-03
  1.7876802306084729E-03
  1.7878431003670002E-03
  1.7880181353064257E-03
  1.7882052213018136E-03
  1.7884042468691024E-03
  1.7886151031051283E-03
  1.7888376836294551E-03
  1.7890718845279523E-03
  1.7893176042980501E-03
  1.7895747437956405E-03
  1.7898432061835413E-03
  1.7901228968814939E-03
  1.7904137235176278E-03
  1.7907155958813521E-03
  1.7910284258776327E-03
  1.7913521274825876E-03
  1.7916866167003932E-03
  1.7920318115214246E-03
  1.7923876318816166E-03
  1.7927539996229834E-03
  1.7931308384552932E-03
  1.7935180739188160E-03
  1.7939156333481613E-03
  1.7943234458371309E-03
  1.7947414422045786E-03
  1.7951695549612420E-03
  1.7956077182775035E-03
  1.7960558679520797E-03
  1.7965139413815819E-03
  1.7969818775309383E-03
  1.7974596169046530E-03
  1.7979471015188674E-03
  1.7984442748742093E-03
  1.7989510819294023E-03
  1.7994674690756177E-03
  1.7999933841115396E-03
  1.8005287762191313E-03
  1.8010735959400820E-03
  1.8016277951529071E-03
  1.8021913270506954E-03
  1.8027641461194704E-03
  1.8033462081171678E-03
  1.8039374700531945E-03
  1.8045378901685664E-03
  1.8051474279165952E-03
  1.8057660439441306E-03
  1.8063937000733178E-03
  1.8070303592838787E-03
  1.8076759856958909E-03
  1.8083305445530521E-03
  1.8089940022064255E-03
  1.8096663260986432E-03
  1.8103474847485678E-03
  1.8110374477363815E-03
  1.8117361856891227E-03
  1.8124436702666241E-03
  1.8131598741478710E-03
  1.8138847710177520E-03
  1.8146183355542027E-03
  1.8153605434157252E-03
  1.8161113712292817E-03
  1.8168707965785498E-03
  1.8176387979925324E-03
  1.8184153549345103E-03
  1.8192004477913381E-03
  1.8199940578630634E-03
  1.8207961673528845E-03
  1.8216067593573985E-03
  1.8224258178571892E-03
  1.8232533277076951E-03
  1.8240892746303869E-03
  1.8249336452042261E-03
  1.8257864268574201E-03
  1.8266476078594451E-03
  1.8275171773133505E-03
  1.8283951251483249E-03
  1.8292814421125348E-03
  1.8301761197662045E-03
  1.8310791504749743E-03
  1.8319905274034819E-03
  1.8329102445092075E-03
  1.8338382965365490E-03
  1.8347746790111316E-03
  1.8357193882343643E-03
  1.8366724212781995E-03
  1.8376337759801445E-03
  1.8386034509384750E-03
  1.8395814455076718E-03
  1.8405677597940779E-03
  1.8415623946517535E-03
  1.8425653516785559E-03
  1.8435766332124107E-03
  1.8445962423277930E-03
  1.8456241828324080E-03
  1.8466604592640634E-03
  1.8477050768877482E-03
  1.8487580416928907E-03
  1.8498193603908196E-03
  1.8508890404124044E-03
  1.8519670899058850E-03
  1.8530535177348900E-03
  1.8541483334766308E-03
  1.8552515474202841E-03
  1.8563631705655454E-03
  1.8574832146213711E-03
  1.8586116920048883E-03
  1.8597486158404843E-03
  1.8608939999590669E-03
  1.8620478588975030E-03
  1.8632102078982259E-03
  1.8643810629090120E-03
  1.8655604405829317E-03
  1.8667483582784626E-03
  1.8679448340597831E-03
  1.8691498866972201E-03
  1.8703635356678773E-03
  0.0000000000000000E+00
  1.7857740664677427E-03
  1.7857810015237858E-03
  1.7858017039875263E-03
  1.7858360225049650E-03
  1.7858838092535169E-03
  1.7859449198543715E-03
  1.7860192132876341E-03
  1.7861065518101592E-03
  1.7862068008759650E-03
  1.7863198290591403E-03
  1.7864455079791704E-03
  1.7865837122285637E-03
  1.7867343193027265E-03
  1.7868972095319976E-03
  1.7870722660157622E-03
  1.7872593745585747E-03
  1.7874584236082325E-03
  1.7876693041957107E-03
  1.7878919098769210E-03
  1.7881261366762106E-03
  1.7883718830315547E-03
  1.7886290497413822E-03
  1.7888975399129789E-03
  1.7891772589124189E-03
  1.7894681143159718E-03
  1.7897700158629344E-03
  1.7900828754098493E-03
  1.7904066068860514E-03
  1.7907411262505163E-03
  1.7910863514499535E-03
  1.7914422023781187E-03
  1.7918086008362885E-03
  1.7921854704948804E-03
  1.7925727368561747E-03
  1.7929703272180930E-03
  1.7933781706390226E-03
  1.7937961979036280E-03
  1.7942243414896533E-03
  1.7946625355356456E-03
  1.7951107158096016E-03
  1.7955688196785067E-03
  1.7960367860787143E-03
  1.7965145554871798E-03
  1.7970020698934879E-03
  1.7974992727726761E-03
  1.7980061090588145E-03
  1.7985225251193270E-03
  1.7990484687300376E-03
  1.7995838890509060E-03
  1.8001287366024509E-03
  1.8006829632428282E-03
  1.8012465221455493E-03
  1.8018193677778337E-03
  1.8024014558795523E-03
  1.8029927434427728E-03
  1.8035931886918740E-03
  1.8042027510642173E-03
  1.8048213911913687E-03
  1.8054490708808346E-03
  1.8060857530983368E-03
  1.8067314019505596E-03
  1.8073859826684157E-03
  1.8080494615907603E-03
  1.8087218061485903E-03
  1.8094029848496832E-03
  1.8100929672636831E-03
  1.8107917240076140E-03
  1.8114992267318094E-03
  1.8122154481062557E-03
  1.8129403618073374E-03
  1.8136739425049597E-03
  1.8144161658500664E-03
  1.8151670084625149E-03
  1.8159264479193260E-03
  1.8166944627432808E-03
  1.8174710323918691E-03
  1.8182561372465660E-03
  1.8190497586024555E-03
  1.8198518786581644E-03
  1.8206624805061171E-03
  1.8214815481231083E-03
  1.8223090663611586E-03
  1.8231450209386919E-03
  1.8239893984319895E-03
  1.8248421862669297E-03
  1.8257033727110078E-03
  1.8265729468656378E-03
  1.8274508986587065E-03
  1.8283372188374113E-03
  1.8292318989613322E-03
  1.8301349313957858E-03
  1.8310463093054027E-03
  1.8319660266479644E-03
  1.8328940781684731E-03
  1.8338304593934675E-03
  1.8347751666255600E-03
  1.8357281969382058E-03
  1.8366895481707010E-03
  1.8376592189233969E-03
  1.8386372085531352E-03
  1.8396235171688950E-03
  1.8406181456276549E-03
  1.8416210955304632E-03
  1.8426323692187056E-03
  1.8436519697705865E-03
  1.8446799009978086E-03
  1.8457161674424441E-03
  1.8467607743740059E-03
  1.8478137277867094E-03
  1.8488750343969268E-03
  1.8499447016408334E-03
  1.8510227376722277E-03
  1.8521091513605569E-03
  1.8532039522891016E-03
  1.8543071507533622E-03
  1.8554187577596154E-03
  1.8565387850236453E-03
  1.8576672449696619E-03
  1.8588041507293879E-03
  1.8599495161413157E-03
  1.8611033557501542E-03
  1.8622656848064239E-03
  1.8634365192662448E-03
  1.8646158757912835E-03
  1.8658037717488671E-03
  1.8670002252122741E-03
  1.8682052549611930E-03
  1.8694188804823371E-03
  0.0000000000000000E+00
  1.7848289453301839E-03
  1.7848358814914927E-03
  1.7848565871982581E-03
  1.7848909109901099E-03
  1.7849387049416984E-03
  1.7849998245749251E-03
  1.7850741287739661E-03
  1.7851614797029791E-03
  1.7852617427264164E-03
  1.7853747863318132E-03
  1.7855004820550083E-03
  1.7856387044076804E-03
  1.7857893308071162E-03
  1.7859522415081578E-03
  1.7861273195372239E-03
  1.7863144506283513E-03
  1.7865135231611789E-03
  1.7867244281008132E-03
  1.7869470589395014E-03
  1.7871813116400617E-03
  1.7874270845810026E-03
  1.7876842785032865E-03
  1.7879527964586583E-03
  1.7882325437595221E-03
  1.7885234279302804E-03
  1.7888253586601142E-03
  1.7891382477571408E-03
  1.7894620091039074E-03
  1.7897965586141870E-03
  1.7901418141910252E-03
  1.7904976956859941E-03
  1.7908641248596314E-03
  1.7912410253430099E-03
  1.7916283226004125E-03
  1.7920259438930801E-03
  1.7924338182439799E-03
  1.7928518764035977E-03
  1.7932800508166803E-03
  1.7937182755899403E-03
  1.7941664864606608E-03
  1.7946246207662003E-03
  1.7950926174143411E-03
  1.7955704168544930E-03
  1.7960579610496897E-03
  1.7965551934493794E-03
  1.7970620589629819E-03
  1.7975785039341802E-03
  1.7981044761159410E-03
  1.7986399246462212E-03
  1.7991848000243748E-03
  1.7997390540882008E-03
  1.8003026399916436E-03
  1.8008755121831173E-03
  1.8014576263844346E-03
  1.8020489395703272E-03
  1.8026494099485416E-03
  1.8032589969404940E-03
  1.8038776611624672E-03
  1.8045053644073416E-03
  1.8051420696268362E-03
  1.8057877409142517E-03
  1.8064423434877150E-03
  1.8071058436738817E-03
  1.8077782088921157E-03
  1.8084594076391174E-03
  1.8091494094739917E-03
  1.8098481850037566E-03
  1.8105557058692493E-03
  1.8112719447314642E-03
  1.8119968752582823E-03
  1.8127304721115868E-03
  1.8134727109347629E-03
  1.8142235683405704E-03
  1.8149830218993756E-03
  1.8157510501277453E-03
  1.8165276324773763E-03
  1.8173127493243736E-03
  1.8181063819588581E-03
  1.8189085125748907E-03
  1.8197191242607287E-03
  1.8205382009893736E-03
  1.8213657276094398E-03
  1.8222016898363075E-03
  1.8230460742435770E-03
  1.8238988682548012E-03
  1.8247600601355011E-03
  1.8256296389854551E-03
  1.8265075947312534E-03
  1.8273939181191257E-03
  1.8282886007080137E-03
  1.8291916348629109E-03
  1.8301030137484419E-03
  1.8310227313226917E-03
  1.8319507823312757E-03
  1.8328871623016435E-03
  1.8338318675376138E-03
  1.8347848951141472E-03
  1.8357462428723306E-03
  1.8367159094145945E-03
  1.8376938941001405E-03
  1.8386801970405912E-03
  1.8396748190958421E-03
  1.8406777618701308E-03
  1.8416890277083082E-03
  1.8427086196923115E-03
  1.8437365416378434E-03
  1.8447727980912365E-03
  1.8458173943265311E-03
  1.8468703363427315E-03
  1.8479316308612579E-03
  1.8490012853235864E-03
  1.8500793078890809E-03
  1.8511657074330023E-03
  1.8522604935447056E-03
  1.8533636765260160E-03
  1.8544752673897874E-03
  1.8555952778586367E-03
  1.8567237203638565E-03
  1.8578606080445026E-03
  1.8590059547466586E-03
  1.8601597750228683E-03
  1.8613220841317449E-03
  1.8624928980377497E-03
  1.8636722334111450E-03
  1.8648601076281086E-03
  1.8660565387710205E-03
  1.8672615456289266E-03
  1.8684751476981546E-03
  0.0000000000000000E+00
  1.7838847456462465E-03
  1.7838916829129481E-03
  1.7839123918630985E-03
  1.7839467209299195E-03
  1.7839945220852614E-03
  1.7840556507517100E-03
  1.7841299657174801E-03
  1.7842173290540111E-03
  1.7843176060361573E-03
  1.7844306650648802E-03
  1.7845563775923546E-03
  1.7846946180494058E-03
  1.7848452637751859E-03
  1.7850081949490225E-03
  1.7851832945243536E-03
  1.7853704481646832E-03
  1.7855695441814819E-03
  1.7857804734739747E-03
  1.7860031294707332E-03
  1.7862374080730398E-03
  1.7864832075999296E-03
  1.7867404287348868E-03
  1.7870089744741113E-03
  1.7872887500763319E-03
  1.7875796630140801E-03
  1.7878816229264169E-03
  1.7881945415730287E-03
  1.7885183327896754E-03
  1.7888529124449268E-03
  1.7891981983981565E-03
  1.7895541104587579E-03
  1.7899205703465271E-03
  1.7902975016531898E-03
  1.7906848298050399E-03
  1.7910824820266287E-03
  1.7914903873055134E-03
  1.7919084763579928E-03
  1.7923366815958245E-03
  1.7927749370938864E-03
  1.7932231785587529E-03
  1.7936813432981556E-03
  1.7941493701913117E-03
  1.7946271996600867E-03
  1.7951147736409634E-03
  1.7956120355578078E-03
  1.7961189302953930E-03
  1.7966354041736624E-03
  1.7971614049227282E-03
  1.7976968816585544E-03
  1.7982417848593302E-03
  1.7987960663425025E-03
  1.7993596792424539E-03
  1.7999325779887948E-03
  1.8005147182852854E-03
  1.8011060570893263E-03
  1.8017065525920365E-03
  1.8023161641988899E-03
  1.8029348525108947E-03
  1.8035625793063027E-03
  1.8041993075228395E-03
  1.8048450012404268E-03
  1.8054996256644095E-03
  1.8061631471092468E-03
  1.8068355329826759E-03
  1.8075167517703219E-03
  1.8082067730207621E-03
  1.8089055673310031E-03
  1.8096131063323954E-03
  1.8103293626769473E-03
  1.8110543100240380E-03
  1.8117879230275307E-03
  1.8125301773232619E-03
  1.8132810495168938E-03
  1.8140405171721454E-03
  1.8148085587993690E-03
  1.8155851538444762E-03
  1.8163702826782043E-03
  1.8171639265857134E-03
  1.8179660677565075E-03
  1.8187766892746727E-03
  1.8195957751094289E-03
  1.8204233101059826E-03
  1.8212592799766738E-03
  1.8221036712924273E-03
  1.8229564714744755E-03
  1.8238176687863635E-03
  1.8246872523262410E-03
  1.8255652120194037E-03
  1.8264515386111179E-03
  1.8273462236596868E-03
  1.8282492595297845E-03
  1.8291606393860346E-03
  1.8300803571868287E-03
  1.8310084076783939E-03
  1.8319447863890947E-03
  1.8328894896239615E-03
  1.8338425144594590E-03
  1.8348038587384702E-03
  1.8357735210655041E-03
  1.8367515008021261E-03
  1.8377377980626031E-03
  1.8387324137097479E-03
  1.8397353493509938E-03
  1.8407466073346575E-03
  1.8417661907464071E-03
  1.8427941034059470E-03
  1.8438303498638764E-03
  1.8448749353987626E-03
  1.8459278660143967E-03
  1.8469891484372480E-03
  1.8480587901141007E-03
  1.8491367992098801E-03
  1.8502231846056637E-03
  1.8513179558968802E-03
  1.8524211233916818E-03
  1.8535326981094990E-03
  1.8546526917797830E-03
  1.8557811168409093E-03
  1.8569179864392695E-03
  1.8580633144285325E-03
  1.8592171153690841E-03
  1.8603794045276266E-03
  1.8615501978769644E-03
  1.8627295120959560E-03
  1.8639173645696257E-03
  1.8651137733894597E-03
  1.8663187573538598E-03
  1.8675323359687677E-03
  0.0000000000000000E+00
  1.7829414660720990E-03
  1.7829484044443230E-03
  1.7829691166382179E-03
  1.7830034509805630E-03
  1.7830512593403779E-03
  1.7831123970408966E-03
  1.7831867227743477E-03
  1.7832740985194216E-03
  1.7833743894613556E-03
  1.7834874639145102E-03
  1.7836131932473770E-03
  1.7837514518099075E-03
  1.7839021168631014E-03
  1.7840650685107555E-03
  1.7842401896333135E-03
  1.7844273658237314E-03
  1.7846264853253017E-03
  1.7848374389713519E-03
  1.7850601201267740E-03
  1.7852944246312997E-03
  1.7855402507444859E-03
  1.7857974990923317E-03
  1.7860660726154874E-03
  1.7863458765189954E-03
  1.7866368182235170E-03
  1.7869388073179851E-03
  1.7872517555136565E-03
  1.7875755765994984E-03
  1.7879101863988729E-03
  1.7882555027274850E-03
  1.7886114453525448E-03
  1.7889779359531084E-03
  1.7893548980815552E-03
  1.7897422571261849E-03
  1.7901399402748671E-03
  1.7905478764797442E-03
  1.7909659964229340E-03
  1.7913942324832054E-03
  1.7918325187036045E-03
  1.7922807907599955E-03
  1.7927389859304897E-03
  1.7932070430657398E-03
  1.7936849025600695E-03
  1.7941725063234173E-03
  1.7946697977540684E-03
  1.7951767217121498E-03
  1.7956932244938746E-03
  1.7962192538065024E-03
  1.7967547587440064E-03
  1.7972996897634159E-03
  1.7978539986618308E-03
  1.7984176385540730E-03
  1.7989905638509580E-03
  1.7995727302381958E-03
  1.8001640946558606E-03
  1.8007646152784465E-03
  1.8013742514954917E-03
  1.8019929638927339E-03
  1.8026207142338014E-03
  1.8032574654424298E-03
  1.8039031815851652E-03
  1.8045578278545783E-03
  1.8052213705529339E-03
  1.8058937770763480E-03
  1.8065750158993757E-03
  1.8072650565600669E-03
  1.8079638696454283E-03
  1.8086714267773229E-03
  1.8093877005987749E-03
  1.8101126647606725E-03
  1.8108462939088635E-03
  1.8115885636716329E-03
  1.8123394506475551E-03
  1.8130989323937015E-03
  1.8138669874142187E-03
  1.8146435951492340E-03
  1.8154287359641219E-03
  1.8162223911390874E-03
  1.8170245428590769E-03
  1.8178351742040133E-03
  1.8186542691393350E-03
  1.8194818125068454E-03
  1.8203177900158512E-03
  1.8211621882346018E-03
  1.8220149945820110E-03
  1.8228761973196543E-03
  1.8237457855440544E-03
  1.8246237491792165E-03
  1.8255100789694441E-03
  1.8264047664724075E-03
  1.8273078040524653E-03
  1.8282191848742386E-03
  1.8291389028964305E-03
  1.8300669528658838E-03
  1.8310033303118784E-03
  1.8319480315406593E-03
  1.8329010536301991E-03
  1.8338623944251754E-03
  1.8348320525321802E-03
  1.8358100273151465E-03
  1.8367963188909849E-03
  1.8377909281254302E-03
  1.8387938566291103E-03
  1.8398051067538073E-03
  1.8408246815889290E-03
  1.8418525849581765E-03
  1.8428888214164195E-03
  1.8439333962467523E-03
  1.8449863154577596E-03
  1.8460475857809569E-03
  1.8471172146684329E-03
  1.8481952102906813E-03
  1.8492815815345975E-03
  1.8503763380016828E-03
  1.8514794900064151E-03
  1.8525910485748085E-03
  1.8537110254431427E-03
  1.8548394330568777E-03
  1.8559762845697450E-03
  1.8571215938429971E-03
  1.8582753754448594E-03
  1.8594376446501271E-03
  1.8606084174399469E-03
  1.8617877105017730E-03
  1.8629755412294792E-03
  1.8641719277236522E-03
  1.8653768887920523E-03
  1.8665904439502344E-03
  0.0000000000000000E+00
  1.7819991052665271E-03
  1.7820060447444005E-03
  1.7820267601824013E-03
  1.7820610998008262E-03
  1.7821089153658297E-03
  1.7821700621012679E-03
  1.7822443986033499E-03
  1.7823317867579939E-03
  1.7824320916607929E-03
  1.7825451815394841E-03
  1.7826709276788540E-03
  1.7828092043479630E-03
  1.7829598887296400E-03
  1.7831228608521333E-03
  1.7832980035228784E-03
  1.7834852022642705E-03
  1.7836843452514091E-03
  1.7838953232517172E-03
  1.7841180295663924E-03
  1.7843523599736120E-03
  1.7845982126734412E-03
  1.7848554882343897E-03
  1.7851240895415494E-03
  1.7854039217462777E-03
  1.7856948922173519E-03
  1.7859969104935794E-03
  1.7863098882377824E-03
  1.7866337391921295E-03
  1.7869683791347777E-03
  1.7873137258377601E-03
  1.7876696990261037E-03
  1.7880362203381210E-03
  1.7884132132868485E-03
  1.7888006032225903E-03
  1.7891983172965338E-03
  1.7896062844254118E-03
  1.7900244352571587E-03
  1.7904527021375585E-03
  1.7908910190778259E-03
  1.7913393217231181E-03
  1.7917975473219301E-03
  1.7922656346963503E-03
  1.7927435242131664E-03
  1.7932311577557739E-03
  1.7937284786968806E-03
  1.7942354318719745E-03
  1.7947519635535349E-03
  1.7952780214259788E-03
  1.7958135545612889E-03
  1.7963585133953424E-03
  1.7969128497048949E-03
  1.7974765165852092E-03
  1.7980494684283143E-03
  1.7986316609018712E-03
  1.7992230509286315E-03
  1.7998235966664739E-03
  1.8004332574890016E-03
  1.8010519939666840E-03
  1.8016797678485348E-03
  1.8023165420443009E-03
  1.8029622806071629E-03
  1.8036169487169143E-03
  1.8042805126636361E-03
  1.8049529398318212E-03
  1.8056341986849667E-03
  1.8063242587505941E-03
  1.8070230906057159E-03
  1.8077306658627157E-03
  1.8084469571556334E-03
  1.8091719381268712E-03
  1.8099055834142651E-03
  1.8106478686385563E-03
  1.8113987703912318E-03
  1.8121582662227241E-03
  1.8129263346309719E-03
  1.8137029550503276E-03
  1.8144881078408042E-03
  1.8152817742776539E-03
  1.8160839365412719E-03
  1.8168945777074224E-03
  1.8177136817377649E-03
  1.8185412334707038E-03
  1.8193772186125138E-03
  1.8202216237287725E-03
  1.8210744362360800E-03
  1.8219356443940459E-03
  1.8228052372975675E-03
  1.8236832048693623E-03
  1.8245695378527769E-03
  1.8254642278048483E-03
  1.8263672670896230E-03
  1.8272786488717243E-03
  1.8281983671101687E-03
  1.8291264165524155E-03
  1.8300627927286645E-03
  1.8310074919463772E-03
  1.8319605112850350E-03
  1.8329218485911142E-03
  1.8338915024732943E-03
  1.8348694722978727E-03
  1.8358557581844065E-03
  1.8368503610015571E-03
  1.8378532823631472E-03
  1.8388645246244274E-03
  1.8398840908785434E-03
  1.8409119849532010E-03
  1.8419482114075346E-03
  1.8429927755291735E-03
  1.8440456833314887E-03
  1.8451069415510496E-03
  1.8461765576452537E-03
  1.8472545397901566E-03
  1.8483408968784734E-03
  1.8494356385177818E-03
  1.8505387750288880E-03
  1.8516503174443835E-03
  1.8527702775073835E-03
  1.8538986676704340E-03
  1.8550355010945989E-03
  1.8561807916487219E-03
  1.8573345539088654E-03
  1.8584968031579185E-03
  1.8596675553853696E-03
  1.8608468272872691E-03
  1.8620346362663372E-03
  1.8632310004322679E-03
  1.8644359386021773E-03
  1.8656494703012309E-03
  0.0000000000000000E+00
  1.7810576618909216E-03
  1.7810646024745734E-03
  1.7810853211570386E-03
  1.7811196660520983E-03
  1.7811674888230089E-03
  1.7812286445942152E-03
  1.7813029918658781E-03
  1.7813903924311170E-03
  1.7814907112958555E-03
  1.7816038166011895E-03
  1.7817295795481724E-03
  1.7818678743249591E-03
  1.7820185780361856E-03
  1.7821815706345410E-03
  1.7823567348544324E-03
  1.7825439561476824E-03
  1.7827431226211858E-03
  1.7829541249764491E-03
  1.7831768564509664E-03
  1.7834112127613497E-03
  1.7836570920481676E-03
  1.7839143948224310E-03
  1.7841830239136690E-03
  1.7844628844195431E-03
  1.7847538836569506E-03
  1.7850559311145633E-03
  1.7853689384067662E-03
  1.7856928192289301E-03
  1.7860274893140009E-03
  1.7863728663903395E-03
  1.7867288701407893E-03
  1.7870954221629197E-03
  1.7874724459304209E-03
  1.7878598667556049E-03
  1.7882576117529787E-03
  1.7886656098038620E-03
  1.7890837915220113E-03
  1.7895120892202246E-03
  1.7899504368778900E-03
  1.7903987701094596E-03
  1.7908570261338122E-03
  1.7913251437444778E-03
  1.7918030632807092E-03
  1.7922907265993629E-03
  1.7927880770475730E-03
  1.7932950594361898E-03
  1.7938116200139674E-03
  1.7943377064424801E-03
  1.7948732677717245E-03
  1.7954182544164293E-03
  1.7959726181330108E-03
  1.7965363119971781E-03
  1.7971092903821771E-03
  1.7976915089376220E-03
  1.7982829245689503E-03
  1.7988834954174257E-03
  1.7994931808407227E-03
  1.8001119413940489E-03
  1.8007397388118060E-03
  1.8013765359897586E-03
  1.8020222969677186E-03
  1.8026769869127165E-03
  1.8033405721026485E-03
  1.8040130199103942E-03
  1.8046942987883900E-03
  1.8053843782536389E-03
  1.8060832288731628E-03
  1.8067908222498643E-03
  1.8075071310088146E-03
  1.8082321287839237E-03
  1.8089657902050254E-03
  1.8097080908853213E-03
  1.8104590074092127E-03
  1.8112185173204984E-03
  1.8119865991109145E-03
  1.8127632322090421E-03
  1.8135483969695350E-03
  1.8143420746626988E-03
  1.8151442474643805E-03
  1.8159548984461860E-03
  1.8167740115660035E-03
  1.8176015716588388E-03
  1.8184375644279404E-03
  1.8192819764362186E-03
  1.8201347950979616E-03
  1.8209960086708165E-03
  1.8218656062480576E-03
  1.8227435777511192E-03
  1.8236299139223928E-03
  1.8245246063182865E-03
  1.8254276473025353E-03
  1.8263390300397699E-03
  1.8272587484893202E-03
  1.8281867973992656E-03
  1.8291231723007299E-03
  1.8300678695023919E-03
  1.8310208860852441E-03
  1.8319822198975659E-03
  1.8329518695501218E-03
  1.8339298344115795E-03
  1.8349161146041454E-03
  1.8359107109994050E-03
  1.8369136252143817E-03
  1.8379248596077952E-03
  1.8389444172765294E-03
  1.8399723020522969E-03
  1.8410085184985005E-03
  1.8420530719073006E-03
  1.8431059682968620E-03
  1.8441672144088052E-03
  1.8452368177058376E-03
  1.8463147863695796E-03
  1.8474011292985686E-03
  1.8484958561064563E-03
  1.8495989771203762E-03
  1.8507105033795049E-03
  1.8518304466337864E-03
  1.8529588193428542E-03
  1.8540956346751096E-03
  1.8552409065069842E-03
  1.8563946494223815E-03
  1.8575568787122783E-03
  1.8587276103745110E-03
  1.8599068611137213E-03
  1.8610946483414831E-03
  1.8622909901765900E-03
  1.8634959054455137E-03
  1.8647094136830344E-03
  0.0000000000000000E+00
  1.7801171346092744E-03
  1.7801240762988337E-03
  1.7801447982261232E-03
  1.7801791483983726E-03
  1.7802269783759065E-03
  1.7802881431837271E-03
  1.7803625012259212E-03
  1.7804499142027813E-03
  1.7805502470305372E-03
  1.7806633677636139E-03
  1.7807891475193208E-03
  1.7809274604048816E-03
  1.7810781834467259E-03
  1.7812411965219615E-03
  1.7814163822919575E-03
  1.7816036261379491E-03
  1.7818028160986111E-03
  1.7820138428095271E-03
  1.7822365994444741E-03
  1.7824709816584908E-03
  1.7827168875326400E-03
  1.7829742175204299E-03
  1.7832428743958162E-03
  1.7835227632027647E-03
  1.7838137912062815E-03
  1.7841158678449033E-03
  1.7844289046845731E-03
  1.7847528153738619E-03
  1.7850875156005025E-03
  1.7854329230491827E-03
  1.7857889573605578E-03
  1.7861555400914581E-03
  1.7865325946762251E-03
  1.7869200463891800E-03
  1.7873178223081481E-03
  1.7877258512790392E-03
  1.7881440638814340E-03
  1.7885723923951448E-03
  1.7890107707677367E-03
  1.7894591345829569E-03
  1.7899174210300713E-03
  1.7903855688740555E-03
  1.7908635184266304E-03
  1.7913512115181149E-03
  1.7918485914700732E-03
  1.7923556030687230E-03
  1.7928721925390967E-03
  1.7933983075199263E-03
  1.7939338970392321E-03
  1.7944789114905954E-03
  1.7950333026100947E-03
  1.7955970234538956E-03
  1.7961700283764578E-03
  1.7967522730093616E-03
  1.7973437142407281E-03
  1.7979443101952121E-03
  1.7985540202145646E-03
  1.7991728048387366E-03
  1.7998006257875186E-03
  1.8004374459427027E-03
  1.8010832293307349E-03
  1.8017379411058856E-03
  1.8024015475338708E-03
  1.8030740159759647E-03
  1.8037553148735422E-03
  1.8044454137330971E-03
  1.8051442831116600E-03
  1.8058518946026643E-03
  1.8065682208222083E-03
  1.8072932353957220E-03
  1.8080269129450357E-03
  1.8087692290758154E-03
  1.8095201603653868E-03
  1.8102796843509127E-03
  1.8110477795179345E-03
  1.8118244252892633E-03
  1.8126096020141995E-03
  1.8134032909581052E-03
  1.8142054742922829E-03
  1.8150161350841834E-03
  1.8158352572879303E-03
  1.8166628257351336E-03
  1.8174988261260145E-03
  1.8183432450208233E-03
  1.8191960698315376E-03
  1.8200572888138473E-03
  1.8209268910594071E-03
  1.8218048664883687E-03
  1.8226912058421729E-03
  1.8235859006765997E-03
  1.8244889433550802E-03
  1.8254003270422516E-03
  1.8263200456977604E-03
  1.8272480940703128E-03
  1.8281844676919512E-03
  1.8291291628725799E-03
  1.8300821766947045E-03
  1.8310435070084058E-03
  1.8320131524265392E-03
  1.8329911123201440E-03
  1.8339773868140772E-03
  1.8349719767828516E-03
  1.8359748838466898E-03
  1.8369861103677866E-03
  1.8380056594467632E-03
  1.8390335349193405E-03
  1.8400697413531912E-03
  1.8411142840450102E-03
  1.8421671690177555E-03
  1.8432284030181008E-03
  1.8442979935140646E-03
  1.8453759486928303E-03
  1.8464622774587618E-03
  1.8475569894315829E-03
  1.8486600949447598E-03
  1.8497716050440468E-03
  1.8508915314862282E-03
  1.8520198867380180E-03
  1.8531566839751557E-03
  1.8543019370816645E-03
  1.8554556606492853E-03
  1.8566178699770874E-03
  1.8577885810712493E-03
  1.8589678106450112E-03
  1.8601555761187947E-03
  1.8613518956204947E-03
  1.8625567879859413E-03
  1.8637702727595270E-03
  0.0000000000000000E+00
  1.7791775220881727E-03
  1.7791844648837678E-03
  1.7792051900562395E-03
  1.7792395455062332E-03
  1.7792873826911078E-03
  1.7793485565363912E-03
  1.7794229253500664E-03
  1.7795103507395702E-03
  1.7796106975314161E-03
  1.7797238336933403E-03
  1.7798496302588809E-03
  1.7799879612543127E-03
  1.7801387036278397E-03
  1.7803017371809749E-03
  1.7804769445020322E-03
  1.7806642109016466E-03
  1.7808634243502621E-03
  1.7810744754175247E-03
  1.7812972572134864E-03
  1.7815316653316045E-03
  1.7817775977934281E-03
  1.7820349549949523E-03
  1.7823036396545577E-03
  1.7825835567625038E-03
  1.7828746135319061E-03
  1.7831767193511596E-03
  1.7834897857377620E-03
  1.7838137262934821E-03
  1.7841484566608380E-03
  1.7844938944808406E-03
  1.7848499593519612E-03
  1.7852165727902840E-03
  1.7855936581908079E-03
  1.7859811407898599E-03
  1.7863789476285849E-03
  1.7867870075174866E-03
  1.7872052510019671E-03
  1.7876336103288574E-03
  1.7880720194139001E-03
  1.7885204138101420E-03
  1.7889787306772402E-03
  1.7894469087516131E-03
  1.7899248883174552E-03
  1.7904126111785539E-03
  1.7909100206309040E-03
  1.7914170614360952E-03
  1.7919336797954401E-03
  1.7924598233248366E-03
  1.7929954410303278E-03
  1.7935404832843532E-03
  1.7940949018026607E-03
  1.7946586496218717E-03
  1.7952316810776669E-03
  1.7958139517835951E-03
  1.7964054186104677E-03
  1.7970060396663363E-03
  1.7976157742770290E-03
  1.7982345829672462E-03
  1.7988624274421746E-03
  1.7994992705696298E-03
  1.8001450763627080E-03
  1.8007998099629171E-03
  1.8014634376237989E-03
  1.8021359266950229E-03
  1.8028172456069154E-03
  1.8035073638554572E-03
  1.8042062519876988E-03
  1.8049138815876026E-03
  1.8056302252623007E-03
  1.8063552566287501E-03
  1.8070889503007787E-03
  1.8078312818765241E-03
  1.8085822279262365E-03
  1.8093417659804498E-03
  1.8101098745185132E-03
  1.8108865329574714E-03
  1.8116717216412779E-03
  1.8124654218303526E-03
  1.8132676156914574E-03
  1.8140782862878962E-03
  1.8148974175700243E-03
  1.8157249943660616E-03
  1.8165610023732107E-03
  1.8174054281490605E-03
  1.8182582591032836E-03
  1.8191194834896128E-03
  1.8199890903980874E-03
  1.8208670697475815E-03
  1.8217534122785877E-03
  1.8226481095462625E-03
  1.8235511539137319E-03
  1.8244625385456428E-03
  1.8253822574019647E-03
  1.8263103052320276E-03
  1.8272466775688017E-03
  1.8281913707234132E-03
  1.8291443817798855E-03
  1.8301057085901046E-03
  1.8310753497690182E-03
  1.8320533046900379E-03
  1.8330395734806732E-03
  1.8340341570183664E-03
  1.8350370569265443E-03
  1.8360482755708720E-03
  1.8370678160557162E-03
  1.8380956822208032E-03
  1.8391318786380811E-03
  1.8401764106087759E-03
  1.8412292841606423E-03
  1.8422905060454088E-03
  1.8433600837364035E-03
  1.8444380254263803E-03
  1.8455243400255230E-03
  1.8466190371596342E-03
  1.8477221271685081E-03
  1.8488336211044858E-03
  1.8499535307311813E-03
  1.8510818685223971E-03
  1.8522186476612127E-03
  1.8533638820392357E-03
  1.8545175862560500E-03
  1.8556797756188181E-03
  1.8568504661420602E-03
  1.8580296745476128E-03
  1.8592174182647464E-03
  1.8604137154304584E-03
  1.8616185848899351E-03
  1.8628320461971811E-03
  0.0000000000000000E+00
  1.7782388229967904E-03
  1.7782457668985485E-03
  1.7782664953165631E-03
  1.7783008560448581E-03
  1.7783487004377880E-03
  1.7784098833213806E-03
  1.7784842629074839E-03
  1.7785717007106560E-03
  1.7786720614676687E-03
  1.7787852130595411E-03
  1.7789110264360224E-03
  1.7790493755424201E-03
  1.7792001372486951E-03
  1.7793631912807475E-03
  1.7795384201538219E-03
  1.7797257091079382E-03
  1.7799249460453013E-03
  1.7801360214696027E-03
  1.7803588284271653E-03
  1.7805932624498516E-03
  1.7808392214996888E-03
  1.7810966059151547E-03
  1.7813653183590471E-03
  1.7816452637679145E-03
  1.7819363493029752E-03
  1.7822384843024807E-03
  1.7825515802354791E-03
  1.7828755506569347E-03
  1.7832103111641484E-03
  1.7835557793544547E-03
  1.7839118747841371E-03
  1.7842785189285352E-03
  1.7846556351433028E-03
  1.7850431486267756E-03
  1.7854409863834204E-03
  1.7858490771883310E-03
  1.7862673515527355E-03
  1.7866957416904864E-03
  1.7871341814855034E-03
  1.7875826064601378E-03
  1.7880409537444346E-03
  1.7885091620462655E-03
  1.7889871716222996E-03
  1.7894749242497929E-03
  1.7899723631991768E-03
  1.7904794332074152E-03
  1.7909960804521057E-03
  1.7915222525263152E-03
  1.7920578984141153E-03
  1.7926029684668051E-03
  1.7931574143798075E-03
  1.7937211891702028E-03
  1.7942942471548999E-03
  1.7948765439294179E-03
  1.7954680363472645E-03
  1.7960686824998885E-03
  1.7966784416972063E-03
  1.7972972744486667E-03
  1.7979251424448577E-03
  1.7985620085396300E-03
  1.7992078367327221E-03
  1.7998625921528924E-03
  1.8005262410415133E-03
  1.8011987507366505E-03
  1.8018800896575870E-03
  1.8025702272897980E-03
  1.8032691341703529E-03
  1.8039767818737546E-03
  1.8046931429981700E-03
  1.8054181911520818E-03
  1.8061519009413285E-03
  1.8068942479565187E-03
  1.8076452087608321E-03
  1.8084047608781773E-03
  1.8091728827817183E-03
  1.8099495538827347E-03
  1.8107347545198366E-03
  1.8115284659485067E-03
  1.8123306703309713E-03
  1.8131413507263875E-03
  1.8139604910813486E-03
  1.8147880762206892E-03
  1.8156240918385932E-03
  1.8164685244899932E-03
  1.8173213615822611E-03
  1.8181825913671740E-03
  1.8190522029331623E-03
  1.8199301861978219E-03
  1.8208165319007004E-03
  1.8217112315963354E-03
  1.8226142776475497E-03
  1.8235256632190050E-03
  1.8244453822709923E-03
  1.8253734295534704E-03
  1.8263098006003398E-03
  1.8272544917239525E-03
  1.8282075000098487E-03
  1.8291688233117249E-03
  1.8301384602466182E-03
  1.8311164101903205E-03
  1.8321026732729931E-03
  1.8330972503750108E-03
  1.8341001431230039E-03
  1.8351113538861124E-03
  1.8361308857724487E-03
  1.8371587426257449E-03
  1.8381949290222277E-03
  1.8392394502676555E-03
  1.8402923123945821E-03
  1.8413535221597874E-03
  1.8424230870419161E-03
  1.8435010152392892E-03
  1.8445873156679141E-03
  1.8456819979596705E-03
  1.8467850724606851E-03
  1.8478965502298800E-03
  1.8490164430377068E-03
  1.8501447633650547E-03
  1.8512815244023386E-03
  1.8524267400487583E-03
  1.8535804249117380E-03
  1.8547425943065319E-03
  1.8559132642560045E-03
  1.8570924514905883E-03
  1.8582801734484005E-03
  1.8594764482755429E-03
  1.8606812948265578E-03
  1.8618947326650617E-03
  0.0000000000000000E+00
  1.7773010360068848E-03
  1.7773079810149352E-03
  1.7773287126788518E-03
  1.7773630786859992E-03
  1.7774109302877016E-03
  1.7774721222104499E-03
  1.7775465125699312E-03
  1.7776339627877961E-03
  1.7777343375110462E-03
  1.7778475045339684E-03
  1.7779733347224986E-03
  1.7781117019409565E-03
  1.7782624829810409E-03
  1.7784255574930276E-03
  1.7786008079190749E-03
  1.7787881194285726E-03
  1.7789873798554718E-03
  1.7791984796375064E-03
  1.7794213117572515E-03
  1.7796557716849694E-03
  1.7799017573231607E-03
  1.7801591689527742E-03
  1.7804279091810195E-03
  1.7807078828907294E-03
  1.7809989971912211E-03
  1.7813011613705969E-03
  1.7816142868494530E-03
  1.7819382871359462E-03
  1.7822730777821596E-03
  1.7826185763417475E-03
  1.7829747023288057E-03
  1.7833413771779307E-03
  1.7837185242054279E-03
  1.7841060685716437E-03
  1.7845039372443668E-03
  1.7849120589632842E-03
  1.7853303642054493E-03
  1.7857587851517385E-03
  1.7861972556542510E-03
  1.7866457112046435E-03
  1.7871040889033576E-03
  1.7875723274297130E-03
  1.7880503670128591E-03
  1.7885381494035255E-03
  1.7890356178465834E-03
  1.7895427170543736E-03
  1.7900593931807838E-03
  1.7905855937960507E-03
  1.7911212678622789E-03
  1.7916663657096342E-03
  1.7922208390132163E-03
  1.7927846407705702E-03
  1.7933577252798353E-03
  1.7939400481185076E-03
  1.7945315661227923E-03
  1.7951322373675437E-03
  1.7957420211467670E-03
  1.7963608779546678E-03
  1.7969887694672384E-03
  1.7976256585243661E-03
  1.7982715091124431E-03
  1.7989262863474772E-03
  1.7995899564586760E-03
  1.8002624867725103E-03
  1.8009438456972197E-03
  1.8016340027077788E-03
  1.8023329283312853E-03
  1.8030405941327767E-03
  1.8037569727014690E-03
  1.8044820376373733E-03
  1.8052157635383393E-03
  1.8059581259874517E-03
  1.8067091015408249E-03
  1.8074686677157482E-03
  1.8082368029792000E-03
  1.8090134867367034E-03
  1.8097986993215259E-03
  1.8105924219842173E-03
  1.8113946368824719E-03
  1.8122053270713053E-03
  1.8130244764935511E-03
  1.8138520699706620E-03
  1.8146880931938071E-03
  1.8155325327152666E-03
  1.8163853759401150E-03
  1.8172466111181758E-03
  1.8181162273362733E-03
  1.8189942145107314E-03
  1.8198805633801547E-03
  1.8207752654984608E-03
  1.8216783132281762E-03
  1.8225896997339792E-03
  1.8235094189764860E-03
  1.8244374657062845E-03
  1.8253738354582091E-03
  1.8263185245458386E-03
  1.8272715300562356E-03
  1.8282328498449045E-03
  1.8292024825309809E-03
  1.8301804274926327E-03
  1.8311666848626787E-03
  1.8321612555244244E-03
  1.8331641411077090E-03
  1.8341753439851498E-03
  1.8351948672685988E-03
  1.8362227148058089E-03
  1.8372588911772720E-03
  1.8383034016932920E-03
  1.8393562523912148E-03
  1.8404174500328805E-03
  1.8414870021022441E-03
  1.8425649168031990E-03
  1.8436512030575755E-03
  1.8447458705033342E-03
  1.8458489294929310E-03
  1.8469603910918723E-03
  1.8480802670774463E-03
  1.8492085699376305E-03
  1.8503453128701766E-03
  1.8514905097818768E-03
  1.8526441752879934E-03
  1.8538063247118745E-03
  1.8549769740847267E-03
  1.8561561401455801E-03
  1.8573438403414013E-03
  1.8585400928273937E-03
  1.8597449164674538E-03
  1.8609583308348122E-03
  0.0000000000000000E+00
  1.7763641597927872E-03
  1.7763711059072575E-03
  1.7763918408174352E-03
  1.7764262121039908E-03
  1.7764740709151812E-03
  1.7765352718779300E-03
  1.7766096730117366E-03
  1.7766971356453164E-03
  1.7767975243358782E-03
  1.7769107067909502E-03
  1.7770365537926359E-03
  1.7771749391242476E-03
  1.7773257394992064E-03
  1.7774888344921414E-03
  1.7776641064721126E-03
  1.7778514405378709E-03
  1.7780507244550977E-03
  1.7782618485955545E-03
  1.7784847058780629E-03
  1.7787191917112775E-03
  1.7789652039381591E-03
  1.7792226427821238E-03
  1.7794914107947854E-03
  1.7797714128052586E-03
  1.7800625558709515E-03
  1.7803647492298123E-03
  1.7806779042539877E-03
  1.7810019344048193E-03
  1.7813367551891700E-03
  1.7816822841170159E-03
  1.7820384406602634E-03
  1.7824051462127619E-03
  1.7827823240514744E-03
  1.7831698992987531E-03
  1.7835677988857115E-03
  1.7839759515166297E-03
  1.7843942876343917E-03
  1.7848227393868952E-03
  1.7852612405944233E-03
  1.7857097267179399E-03
  1.7861681348282821E-03
  1.7866364035762285E-03
  1.7871144731634069E-03
  1.7876022853140230E-03
  1.7880997832473928E-03
  1.7886069116512379E-03
  1.7891236166557359E-03
  1.7896498458083042E-03
  1.7901855480490787E-03
  1.7907306736870997E-03
  1.7912851743771439E-03
  1.7918490030972276E-03
  1.7924221141267273E-03
  1.7930044630251149E-03
  1.7935960066113017E-03
  1.7941967029435504E-03
  1.7948065112999595E-03
  1.7954253921594963E-03
  1.7960533071835615E-03
  1.7966902191980832E-03
  1.7973360921761134E-03
  1.7979908912209111E-03
  1.7986545825495271E-03
  1.7993271334768390E-03
  1.8000085124000487E-03
  1.8006986887836350E-03
  1.8013976331447254E-03
  1.8021053170389041E-03
  1.8028217130464305E-03
  1.8035467947588554E-03
  1.8042805367660404E-03
  1.8050229146435524E-03
  1.8057739049404452E-03
  1.8065334851673908E-03
  1.8073016337851861E-03
  1.8080783301936026E-03
  1.8088635547205689E-03
  1.8096572886117080E-03
  1.8104595140201840E-03
  1.8112702139968721E-03
  1.8120893724808530E-03
  1.8129169742902025E-03
  1.8137530051130753E-03
  1.8145974514991029E-03
  1.8154503008510640E-03
  1.8163115414168392E-03
  1.8171811622816432E-03
  1.8180591533605308E-03
  1.8189455053911677E-03
  1.8198402099268577E-03
  1.8207432593298314E-03
  1.8216546467647839E-03
  1.8225743661926612E-03
  1.8235024123646865E-03
  1.8244387808166263E-03
  1.8253834678632883E-03
  1.8263364705932616E-03
  1.8272977868638623E-03
  1.8282674152963244E-03
  1.8292453552711918E-03
  1.8302316069239448E-03
  1.8312261711408253E-03
  1.8322290495548772E-03
  1.8332402445421978E-03
  1.8342597592183882E-03
  1.8352875974352084E-03
  1.8363237637774334E-03
  1.8373682635599001E-03
  1.8384211028247578E-03
  1.8394822883389028E-03
  1.8405518275916044E-03
  1.8416297287923271E-03
  1.8427160008687266E-03
  1.8438106534648412E-03
  1.8449136969394633E-03
  1.8460251423646822E-03
  1.8471450015246202E-03
  1.8482732869143444E-03
  1.8494100117389476E-03
  1.8505551899128090E-03
  1.8517088360590339E-03
  1.8528709655090605E-03
  1.8540415943024459E-03
  1.8552207391868091E-03
  1.8564084176179688E-03
  1.8576046477602282E-03
  1.8588094484868437E-03
  1.8600228393806548E-03
  0.0000000000000000E+00
  1.7754281930313996E-03
  1.7754351402524172E-03
  1.7754558784092156E-03
  1.7754902549757326E-03
  1.7755381209971256E-03
  1.7755993310007235E-03
  1.7756737429098016E-03
  1.7757612179601172E-03
  1.7758616206190636E-03
  1.7759748185073837E-03
  1.7761006823233314E-03
  1.7762390857691888E-03
  1.7763899054800830E-03
  1.7765530209549821E-03
  1.7767283144898306E-03
  1.7769156711127233E-03
  1.7771149785210663E-03
  1.7773261270206341E-03
  1.7775490094664879E-03
  1.7777835212056602E-03
  1.7780295600215677E-03
  1.7782870260800861E-03
  1.7785558218772275E-03
  1.7788358521883799E-03
  1.7791270240190410E-03
  1.7794292465570043E-03
  1.7797424311259561E-03
  1.7800664911404235E-03
  1.7804013420620512E-03
  1.7807469013571293E-03
  1.7811030884553752E-03
  1.7814698247098951E-03
  1.7818470333583031E-03
  1.7822346394849651E-03
  1.7826325699843123E-03
  1.7830407535252256E-03
  1.7834591205164163E-03
  1.7838876030728079E-03
  1.7843261349828679E-03
  1.7847746516768720E-03
  1.7852330901960559E-03
  1.7857013891626557E-03
  1.7861794887507837E-03
  1.7866673306581240E-03
  1.7871648580784416E-03
  1.7876720156748418E-03
  1.7881887495537982E-03
  1.7887150072399068E-03
  1.7892507376513465E-03
  1.7897958910760290E-03
  1.7903504191484185E-03
  1.7909142748270034E-03
  1.7914874123723980E-03
  1.7920697873260614E-03
  1.7926613564896116E-03
  1.7932620779047258E-03
  1.7938719108336004E-03
  1.7944908157399666E-03
  1.7951187542706401E-03
  1.7957556892375947E-03
  1.7964015846005416E-03
  1.7970564054500034E-03
  1.7977201179908743E-03
  1.7983926895264433E-03
  1.7990740884428799E-03
  1.7997642841941714E-03
  1.8004632472874793E-03
  1.8011709492689371E-03
  1.8018873627098568E-03
  1.8026124611933273E-03
  1.8033462193012308E-03
  1.8040886126016200E-03
  1.8048396176364896E-03
  1.8055992119099000E-03
  1.8063673738764735E-03
  1.8071440829302279E-03
  1.8079293193937617E-03
  1.8087230645077727E-03
  1.8095253004208980E-03
  1.8103360101798807E-03
  1.8111551777200484E-03
  1.8119827878561000E-03
  1.8128188262731863E-03
  1.8136632795182914E-03
  1.8145161349919011E-03
  1.8153773809399521E-03
  1.8162470064460577E-03
  1.8171250014240073E-03
  1.8180113566105289E-03
  1.8189060635583146E-03
  1.8198091146293012E-03
  1.8207205029882069E-03
  1.8216402225963077E-03
  1.8225682682054632E-03
  1.8235046353523763E-03
  1.8244493203530901E-03
  1.8254023202977157E-03
  1.8263636330453849E-03
  1.8273332572194328E-03
  1.8283111922027839E-03
  1.8292974381335801E-03
  1.8302919959009988E-03
  1.8312948671412956E-03
  1.8323060542340449E-03
  1.8333255602985981E-03
  1.8343533891907319E-03
  1.8353895454994954E-03
  1.8364340345442688E-03
  1.8374868623719995E-03
  1.8385480357546420E-03
  1.8396175621867839E-03
  1.8406954498834600E-03
  1.8417817077781532E-03
  1.8428763455209825E-03
  1.8439793734770710E-03
  1.8450908027250936E-03
  1.8462106450560145E-03
  1.8473389129719845E-03
  1.8484756196854369E-03
  1.8496207791183431E-03
  1.8507744059016475E-03
  1.8519365153748843E-03
  1.8531071235859497E-03
  1.8542862472910634E-03
  1.8554739039548913E-03
  1.8566701117508386E-03
  1.8578748895615174E-03
  1.8590882569793775E-03
  0.0000000000000000E+00
  1.7744931344021865E-03
  1.7745000827298798E-03
  1.7745208241336575E-03
  1.7745552059806895E-03
  1.7746030792130010E-03
  1.7746642982582911E-03
  1.7747387209435894E-03
  1.7748262084116627E-03
  1.7749266250400646E-03
  1.7750398383627325E-03
  1.7751657189940446E-03
  1.7753041405552410E-03
  1.7754549796031307E-03
  1.7756181155610062E-03
  1.7757934306516828E-03
  1.7759808098325868E-03
  1.7761801407328310E-03
  1.7763913135921984E-03
  1.7766142212019755E-03
  1.7768487588475657E-03
  1.7770948242528328E-03
  1.7773523175261049E-03
  1.7776211411077865E-03
  1.7779011997195364E-03
  1.7781924003149323E-03
  1.7784946520316104E-03
  1.7788078661447933E-03
  1.7791319560221961E-03
  1.7794668370802345E-03
  1.7798124267415171E-03
  1.7801686443935706E-03
  1.7805354113487560E-03
  1.7809126508053401E-03
  1.7813002878096992E-03
  1.7816982492195900E-03
  1.7821064636684891E-03
  1.7825248615309386E-03
  1.7829533748888898E-03
  1.7833919374990001E-03
  1.7838404847608515E-03
  1.7842989536860868E-03
  1.7847672828684010E-03
  1.7852454124543922E-03
  1.7857332841152316E-03
  1.7862308410191308E-03
  1.7867380278045839E-03
  1.7872547905543655E-03
  1.7877810767702551E-03
  1.7883168353484745E-03
  1.7888620165558151E-03
  1.7894165720064277E-03
  1.7899804546392820E-03
  1.7905536186962347E-03
  1.7911360197007322E-03
  1.7917276144371068E-03
  1.7923283609304530E-03
  1.7929382184270694E-03
  1.7935571473754561E-03
  1.7941851094078500E-03
  1.7948220673222736E-03
  1.7954679850651039E-03
  1.7961228277141284E-03
  1.7967865614620894E-03
  1.7974591536006933E-03
  1.7981405725050828E-03
  1.7988307876187547E-03
  1.7995297694389128E-03
  1.8002374895022431E-03
  1.8009539203711110E-03
  1.8016790356201536E-03
  1.8024128098232735E-03
  1.8031552185410148E-03
  1.8039062383083180E-03
  1.8046658466226361E-03
  1.8054340219324191E-03
  1.8062107436259372E-03
  1.8069959920204621E-03
  1.8077897483517683E-03
  1.8085919947639715E-03
  1.8094027142996855E-03
  1.8102218908904895E-03
  1.8110495093477108E-03
  1.8118855553534950E-03
  1.8127300154521845E-03
  1.8135828770419764E-03
  1.8144441283668674E-03
  1.8153137585088706E-03
  1.8161917573805135E-03
  1.8170781157175893E-03
  1.8179728250721794E-03
  1.8188758778059358E-03
  1.8197872670835972E-03
  1.8207069868667741E-03
  1.8216350319079637E-03
  1.8225713977448107E-03
  1.8235160806945911E-03
  1.8244690778489452E-03
  1.8254303870688215E-03
  1.8264000069796555E-03
  1.8273779369667588E-03
  1.8283641771709325E-03
  1.8293587284842945E-03
  1.8303615925463108E-03
  1.8313727717400407E-03
  1.8323922691885822E-03
  1.8334200887517281E-03
  1.8344562350228095E-03
  1.8355007133257460E-03
  1.8365535297122869E-03
  1.8376146909594481E-03
  1.8386842045671323E-03
  1.8397620787559486E-03
  1.8408483224652053E-03
  1.8419429453511047E-03
  1.8430459577851025E-03
  1.8441573708524613E-03
  1.8452771963509799E-03
  1.8464054467899015E-03
  1.8475421353889971E-03
  1.8486872760778296E-03
  1.8498408834951865E-03
  1.8510029729886931E-03
  1.8521735606145909E-03
  1.8533526631376964E-03
  1.8545402980315213E-03
  1.8557364834785753E-03
  1.8569412383708252E-03
  1.8581545823103335E-03
  0.0000000000000000E+00
  1.7735589825871693E-03
  1.7735659320216673E-03
  1.7735866766727816E-03
  1.7736210638008825E-03
  1.7736689442448270E-03
  1.7737301723326549E-03
  1.7738046057951186E-03
  1.7738921056819706E-03
  1.7739925362808978E-03
  1.7741057650390124E-03
  1.7742316624867948E-03
  1.7743701021644186E-03
  1.7745209605503629E-03
  1.7746841169922272E-03
  1.7748594536396813E-03
  1.7750468553794706E-03
  1.7752462097724031E-03
  1.7754574069922572E-03
  1.7756803397665324E-03
  1.7759149033190001E-03
  1.7761609953139584E-03
  1.7764185158021840E-03
  1.7766873671684659E-03
  1.7769674540807268E-03
  1.7772586834406230E-03
  1.7775609643356251E-03
  1.7778742079924946E-03
  1.7781983277321257E-03
  1.7785332389257079E-03
  1.7788788589521666E-03
  1.7792351071568349E-03
  1.7796019048113272E-03
  1.7799791750745661E-03
  1.7803668429549372E-03
  1.7807648352735218E-03
  1.7811730806283944E-03
  1.7815915093599317E-03
  1.7820200535171150E-03
  1.7824586468247864E-03
  1.7829072246518455E-03
  1.7833657239803393E-03
  1.7838340833754270E-03
  1.7843122429561965E-03
  1.7848001443673048E-03
  1.7852977307514179E-03
  1.7858049467224214E-03
  1.7863217383393927E-03
  1.7868480530813010E-03
  1.7873838398224132E-03
  1.7879290488084048E-03
  1.7884836316331206E-03
  1.7890475412160095E-03
  1.7896207317801792E-03
  1.7902031588310678E-03
  1.7907947791357269E-03
  1.7913955507026691E-03
  1.7920054327623027E-03
  1.7926243857479026E-03
  1.7932523712771266E-03
  1.7938893521340536E-03
  1.7945352922517312E-03
  1.7951901566952151E-03
  1.7958539116451008E-03
  1.7965265243815171E-03
  1.7972079632685824E-03
  1.7978981977393104E-03
  1.7985971982809495E-03
  1.7993049364207429E-03
  1.8000213847121150E-03
  1.8007465167212537E-03
  1.8014803070140885E-03
  1.8022227311436561E-03
  1.8029737656378489E-03
  1.8037333879875161E-03
  1.8045015766349384E-03
  1.8052783109626450E-03
  1.8060635712825819E-03
  1.8068573388256071E-03
  1.8076595957313183E-03
  1.8084703250381999E-03
  1.8092895106740898E-03
  1.8101171374469451E-03
  1.8109531910359118E-03
  1.8117976579826937E-03
  1.8126505256832015E-03
  1.8135117823794942E-03
  1.8143814171519908E-03
  1.8152594199119566E-03
  1.8161457813942563E-03
  1.8170404931503641E-03
  1.8179435475416440E-03
  1.8188549377328631E-03
  1.8197746576859685E-03
  1.8207027021540979E-03
  1.8216390666758364E-03
  1.8225837475696997E-03
  1.8235367419288573E-03
  1.8244980476160785E-03
  1.8254676632589006E-03
  1.8264455882450214E-03
  1.8274318227179090E-03
  1.8284263675726188E-03
  1.8294292244518313E-03
  1.8304403957420889E-03
  1.8314598845702431E-03
  1.8324876948001036E-03
  1.8335238310292802E-03
  1.8345682985862379E-03
  1.8356211035275285E-03
  1.8366822526352264E-03
  1.8377517534145570E-03
  1.8388296140916980E-03
  1.8399158436117904E-03
  1.8410104516371152E-03
  1.8421134485454656E-03
  1.8432248454286896E-03
  1.8443446540914244E-03
  1.8454728870500028E-03
  1.8466095575315363E-03
  1.8477546794731785E-03
  1.8489082675215596E-03
  1.8500703370323967E-03
  1.8512409040702773E-03
  1.8524199854086133E-03
  1.8536075985297676E-03
  1.8548037616253489E-03
  1.8560084935966797E-03
  1.8572218140554327E-03
  0.0000000000000000E+00
  1.7726257362709200E-03
  1.7726326868123493E-03
  1.7726534347111611E-03
  1.7726878271208829E-03
  1.7727357147771744E-03
  1.7727969519083851E-03
  1.7728713961489601E-03
  1.7729589084556120E-03
  1.7730593530261352E-03
  1.7731725972207925E-03
  1.7732985114861466E-03
  1.7734369692812893E-03
  1.7735878470063480E-03
  1.7737510239332114E-03
  1.7739263821383918E-03
  1.7741138064379372E-03
  1.7743131843243414E-03
  1.7745244059053666E-03
  1.7747473638447184E-03
  1.7749819533045186E-03
  1.7752280718895004E-03
  1.7754856195928753E-03
  1.7757544987438154E-03
  1.7760346139564988E-03
  1.7763258720806573E-03
  1.7766281821535949E-03
  1.7769414553536027E-03
  1.7772656049547550E-03
  1.7776005462830135E-03
  1.7779461966736154E-03
  1.7783024754297030E-03
  1.7786693037821432E-03
  1.7790466048505128E-03
  1.7794343036052077E-03
  1.7798323268306355E-03
  1.7802406030894709E-03
  1.7806590626879215E-03
  1.7810876376420023E-03
  1.7815262616447476E-03
  1.7819748700343720E-03
  1.7824333997633311E-03
  1.7829017893682486E-03
  1.7833799789407074E-03
  1.7838679100988543E-03
  1.7843655259598113E-03
  1.7848727711128600E-03
  1.7853895915933846E-03
  1.7859159348575452E-03
  1.7864517497576638E-03
  1.7869969865182971E-03
  1.7875515967129925E-03
  1.7881155332416820E-03
  1.7886887503087260E-03
  1.7892712034015621E-03
  1.7898628492699603E-03
  1.7904636459058637E-03
  1.7910735525237885E-03
  1.7916925295417897E-03
  1.7923205385629534E-03
  1.7929575423574176E-03
  1.7936035048449037E-03
  1.7942583910777420E-03
  1.7949221672243863E-03
  1.7955948005533903E-03
  1.7962762594178553E-03
  1.7969665132403145E-03
  1.7976655324980627E-03
  1.7983732887089099E-03
  1.7990897544173413E-03
  1.7998149031810988E-03
  1.8005487095581437E-03
  1.8012911490940114E-03
  1.8020421983095498E-03
  1.8028018346890062E-03
  1.8035700366684987E-03
  1.8043467836248177E-03
  1.8051320558645884E-03
  1.8059258346137543E-03
  1.8067281020073987E-03
  1.8075388410798855E-03
  1.8083580357553105E-03
  1.8091856708382643E-03
  1.8100217320048985E-03
  1.8108662057942776E-03
  1.8117190796000345E-03
  1.8125803416622920E-03
  1.8134499810598783E-03
  1.8143279877027968E-03
  1.8152143523249887E-03
  1.8161090664773243E-03
  1.8170121225208841E-03
  1.8179235136204629E-03
  1.8188432337383469E-03
  1.8197712776283203E-03
  1.8207076408299095E-03
  1.8216523196628723E-03
  1.8226053112219099E-03
  1.8235666133716128E-03
  1.8245362247416238E-03
  1.8255141447220296E-03
  1.8265003734589649E-03
  1.8274949118504281E-03
  1.8284977615423137E-03
  1.8295089249246489E-03
  1.8305284051280406E-03
  1.8315562060203141E-03
  1.8325923322033667E-03
  1.8336367890102025E-03
  1.8346895825021793E-03
  1.8357507194664369E-03
  1.8368202074135133E-03
  1.8378980545751672E-03
  1.8389842699023662E-03
  1.8400788630634744E-03
  1.8411818444426201E-03
  1.8422932251382378E-03
  1.8434130169618067E-03
  1.8445412324367468E-03
  1.8456778847975115E-03
  1.8468229879888460E-03
  1.8479765566652233E-03
  1.8491386061904541E-03
  1.8503091526374694E-03
  1.8514882127882786E-03
  1.8526758041340905E-03
  1.8538719448756176E-03
  1.8550766539235390E-03
  1.8562899508991354E-03
  0.0000000000000000E+00
  1.7716933941405552E-03
  1.7717003457890441E-03
  1.7717210969359109E-03
  1.7717554946278080E-03
  1.7718033894971621E-03
  1.7718646356725989E-03
  1.7719390906922295E-03
  1.7720266154196997E-03
  1.7721270739628895E-03
  1.7722403335951858E-03
  1.7723662646792150E-03
  1.7725047405929633E-03
  1.7726556376581927E-03
  1.7728188350710661E-03
  1.7729942148349196E-03
  1.7731816616950950E-03
  1.7733810630757537E-03
  1.7735923090186323E-03
  1.7738152921236328E-03
  1.7740499074912223E-03
  1.7742960526665572E-03
  1.7745536275852770E-03
  1.7748225345209307E-03
  1.7751026780339473E-03
  1.7753939649221306E-03
  1.7756963041726092E-03
  1.7760096069152067E-03
  1.7763337863771712E-03
  1.7766687578392353E-03
  1.7770144385929481E-03
  1.7773707478992574E-03
  1.7777376069482837E-03
  1.7781149388202573E-03
  1.7785026684475861E-03
  1.7789007225780047E-03
  1.7793090297387858E-03
  1.7797275202019762E-03
  1.7801561259506203E-03
  1.7805947806459493E-03
  1.7810434195954931E-03
  1.7815019797221205E-03
  1.7819703995339236E-03
  1.7824486190949819E-03
  1.7829365799969350E-03
  1.7834342253313636E-03
  1.7839414996629504E-03
  1.7844583490033894E-03
  1.7849847207860377E-03
  1.7855205638412693E-03
  1.7860658283725365E-03
  1.7866204659330851E-03
  1.7871844294033382E-03
  1.7877576729689139E-03
  1.7883401520992497E-03
  1.7889318235268451E-03
  1.7895326452270692E-03
  1.7901425763985584E-03
  1.7907615774441503E-03
  1.7913896099523592E-03
  1.7920266366793923E-03
  1.7926726215316486E-03
  1.7933275295487355E-03
  1.7939913268869710E-03
  1.7946639808033374E-03
  1.7953454596399223E-03
  1.7960357328087851E-03
  1.7967347707772731E-03
  1.7974425450537628E-03
  1.7981590281738063E-03
  1.7988841936867046E-03
  1.7996180161424548E-03
  1.8003604710790974E-03
  1.8011115350104344E-03
  1.8018711854141198E-03
  1.8026394007201105E-03
  1.8034161602994657E-03
  1.8042014444534906E-03
  1.8049952344032195E-03
  1.8057975122792252E-03
  1.8066082611117515E-03
  1.8074274648211582E-03
  1.8082551082086752E-03
  1.8090911769474592E-03
  1.8099356575739442E-03
  1.8107885374794820E-03
  1.8116498049022666E-03
  1.8125194489195338E-03
  1.8133974594400379E-03
  1.8142838271967910E-03
  1.8151785437400655E-03
  1.8160816014306577E-03
  1.8169929934333986E-03
  1.8179127137109138E-03
  1.8188407570176349E-03
  1.8197771188940340E-03
  1.8207217956611108E-03
  1.8216747844151035E-03
  1.8226360830224250E-03
  1.8236056901148262E-03
  1.8245836050847859E-03
  1.8255698280811028E-03
  1.8265643600047234E-03
  1.8275672025047582E-03
  1.8285783579747225E-03
  1.8295978295489741E-03
  1.8306256210993631E-03
  1.8316617372320688E-03
  1.8327061832846415E-03
  1.8337589653232437E-03
  1.8348200901400784E-03
  1.8358895652510062E-03
  1.8369673988933579E-03
  1.8380536000239343E-03
  1.8391481783171823E-03
  1.8402511441635654E-03
  1.8413625086681094E-03
  1.8424822836491288E-03
  1.8436104816371356E-03
  1.8447471158739271E-03
  1.8458922003118387E-03
  1.8470457496131834E-03
  1.8482077791498693E-03
  1.8493783050031712E-03
  1.8505573439636920E-03
  1.8517449135314942E-03
  1.8529410319163880E-03
  1.8541457180384080E-03
  1.8553589915284454E-03
  0.0000000000000000E+00
  1.7707619548857313E-03
  1.7707689076414083E-03
  1.7707896620366872E-03
  1.7708240650113121E-03
  1.7708719670944412E-03
  1.7709332223149487E-03
  1.7710076881145807E-03
  1.7710952252638879E-03
  1.7711956977808129E-03
  1.7713089728518434E-03
  1.7714349207556485E-03
  1.7715734147890924E-03
  1.7717243311955483E-03
  1.7718875490954399E-03
  1.7720629504189131E-03
  1.7722504198405869E-03
  1.7724498447162830E-03
  1.7726611150216973E-03
  1.7728841232929199E-03
  1.7731187645687525E-03
  1.7733649363347657E-03
  1.7736225384690255E-03
  1.7738914731894471E-03
  1.7741716450027055E-03
  1.7744629606546720E-03
  1.7747653290822981E-03
  1.7750786613669330E-03
  1.7754028706890000E-03
  1.7757378722839954E-03
  1.7760835833997830E-03
  1.7764399232551161E-03
  1.7768068129993654E-03
  1.7771841756734146E-03
  1.7775719361716859E-03
  1.7779700212052390E-03
  1.7783783592659501E-03
  1.7787968805917022E-03
  1.7792255171325746E-03
  1.7796642025179922E-03
  1.7801128720248110E-03
  1.7805714625463084E-03
  1.7810399125620499E-03
  1.7815181621086138E-03
  1.7820061527511377E-03
  1.7825038275556657E-03
  1.7830111310622801E-03
  1.7835280092589943E-03
  1.7840544095563608E-03
  1.7845902807628160E-03
  1.7851355730607043E-03
  1.7856902379829781E-03
  1.7862542283905579E-03
  1.7868274984503194E-03
  1.7874100036137073E-03
  1.7880017005959521E-03
  1.7886025473558577E-03
  1.7892125030761819E-03
  1.7898315281445483E-03
  1.7904595841349131E-03
  1.7910966337895441E-03
  1.7917426410015294E-03
  1.7923975707977596E-03
  1.7930613893224155E-03
  1.7937340638209183E-03
  1.7944155626243442E-03
  1.7951058551342813E-03
  1.7958049118081370E-03
  1.7965127041448549E-03
  1.7972292046710633E-03
  1.7979543869276245E-03
  1.7986882254565758E-03
  1.7994306957884623E-03
  1.8001817744300514E-03
  1.8009414388524059E-03
  1.8017096674793247E-03
  1.8024864396761369E-03
  1.8032717357388348E-03
  1.8040655368835483E-03
  1.8048678252363403E-03
  1.8056785838233430E-03
  1.8064977965611792E-03
  1.8073254482477224E-03
  1.8081615245531400E-03
  1.8090060120112346E-03
  1.8098588980110864E-03
  1.8107201707889583E-03
  1.8115898194205028E-03
  1.8124678338132208E-03
  1.8133542046992036E-03
  1.8142489236281259E-03
  1.8151519829605061E-03
  1.8160633758612101E-03
  1.8169830962932090E-03
  1.8179111390115796E-03
  1.8188474995577476E-03
  1.8197921742539561E-03
  1.8207451601979789E-03
  1.8217064552580561E-03
  1.8226760580680496E-03
  1.8236539680228276E-03
  1.8246401852738639E-03
  1.8256347107250461E-03
  1.8266375460287056E-03
  1.8276486935818459E-03
  1.8286681565225843E-03
  1.8296959387267893E-03
  1.8307320448049259E-03
  1.8317764800990937E-03
  1.8328292506802600E-03
  1.8338903633456929E-03
  1.8349598256165724E-03
  1.8360376457358105E-03
  1.8371238326660353E-03
  1.8382183960877795E-03
  1.8393213463978443E-03
  1.8404326947078439E-03
  1.8415524528429311E-03
  1.8426806333407130E-03
  1.8438172494503239E-03
  1.8449623151316945E-03
  1.8461158450549823E-03
  1.8472778546001851E-03
  1.8484483598569235E-03
  1.8496273776243996E-03
  1.8508149254115218E-03
  1.8520110214372018E-03
  1.8532156846308297E-03
  1.8544289346329082E-03
  0.0000000000000000E+00
  1.7698314171986349E-03
  1.7698383710616269E-03
  1.7698591287056782E-03
  1.7698935369635828E-03
  1.7699414462612002E-03
  1.7700027105276215E-03
  1.7700771871081991E-03
  1.7701647366803639E-03
  1.7702652231720900E-03
  1.7703785136829501E-03
  1.7705044784076330E-03
  1.7706429905618569E-03
  1.7707939263105956E-03
  1.7709571646985125E-03
  1.7711325875825505E-03
  1.7713200795665910E-03
  1.7715195279381039E-03
  1.7717308226067351E-03
  1.7719538560447496E-03
  1.7721885232292783E-03
  1.7724347215862960E-03
  1.7726923509362887E-03
  1.7729613134415299E-03
  1.7732415135549389E-03
  1.7735328579704442E-03
  1.7738352555748212E-03
  1.7741486174009419E-03
  1.7744728565823971E-03
  1.7748078883094512E-03
  1.7751536297862767E-03
  1.7755100001894302E-03
  1.7758769206275358E-03
  1.7762543141021324E-03
  1.7766421054696520E-03
  1.7770402214044826E-03
  1.7774485903631039E-03
  1.7778671425492379E-03
  1.7782958098799999E-03
  1.7787345259530137E-03
  1.7791832260144575E-03
  1.7796418469280244E-03
  1.7801103271447561E-03
  1.7805886066737332E-03
  1.7810766270535902E-03
  1.7815743313248399E-03
  1.7820816640029744E-03
  1.7825985710523192E-03
  1.7831249998606347E-03
  1.7836608992144194E-03
  1.7842062192749142E-03
  1.7847609115547857E-03
  1.7853249288954506E-03
  1.7858982254450515E-03
  1.7864807566370423E-03
  1.7870724791693876E-03
  1.7876733509843352E-03
  1.7882833312487635E-03
  1.7889023803350902E-03
  1.7895304598027116E-03
  1.7901675323799724E-03
  1.7908135619466440E-03
  1.7914685135169066E-03
  1.7921323532228133E-03
  1.7928050482982256E-03
  1.7934865670632104E-03
  1.7941768789088946E-03
  1.7948759542827427E-03
  1.7955837646742769E-03
  1.7963002826012020E-03
  1.7970254815959461E-03
  1.7977593361925908E-03
  1.7985018219141935E-03
  1.7992529152604871E-03
  1.8000125936959465E-03
  1.8007808356382213E-03
  1.8015576204469125E-03
  1.8023429284127039E-03
  1.8031367407468199E-03
  1.8039390395708265E-03
  1.8047498079067376E-03
  1.8055690296674496E-03
  1.8063966896474824E-03
  1.8072327735140163E-03
  1.8080772677982269E-03
  1.8089301598869241E-03
  1.8097914380144459E-03
  1.8106610912548597E-03
  1.8115391095144214E-03
  1.8124254835243019E-03
  1.8133202048335830E-03
  1.8142232658025046E-03
  1.8151346595959726E-03
  1.8160543801773060E-03
  1.8169824223022311E-03
  1.8179187815131259E-03
  1.8188634541334802E-03
  1.8198164372626082E-03
  1.8207777287705788E-03
  1.8217473272933641E-03
  1.8227252322282291E-03
  1.8237114437293167E-03
  1.8247059627034667E-03
  1.8257087908062275E-03
  1.8267199304380947E-03
  1.8277393847409425E-03
  1.8287671575946650E-03
  1.8298032536140125E-03
  1.8308476781456326E-03
  1.8319004372653012E-03
  1.8329615377753513E-03
  1.8340309872022882E-03
  1.8351087937945976E-03
  1.8361949665207430E-03
  1.8372895150673408E-03
  1.8383924498375297E-03
  1.8395037819495148E-03
  1.8406235232352889E-03
  1.8417516862395508E-03
  1.8428882842187778E-03
  1.8440333311404915E-03
  1.8451868416826918E-03
  1.8463488312334749E-03
  1.8475193158908026E-03
  1.8486983124624743E-03
  1.8498858384662466E-03
  1.8510819121301341E-03
  1.8522865523928804E-03
  1.8534997789045984E-03
  0.0000000000000000E+00
  1.7689017797739794E-03
  1.7689087347444149E-03
  1.7689294956375954E-03
  1.7689639091793324E-03
  1.7690118256921531E-03
  1.7690730990053301E-03
  1.7691475863677968E-03
  1.7692351483638356E-03
  1.7693356488314323E-03
  1.7694489547832165E-03
  1.7695749363298748E-03
  1.7697134666059663E-03
  1.7698644216980416E-03
  1.7700276805749893E-03
  1.7702031250205362E-03
  1.7703906395678103E-03
  1.7705901114359196E-03
  1.7708014304684465E-03
  1.7710244890738241E-03
  1.7712591821674988E-03
  1.7715054071158456E-03
  1.7717630636817606E-03
  1.7720320539718721E-03
  1.7723122823853365E-03
  1.7726036555641381E-03
  1.7729060823448676E-03
  1.7732194737119171E-03
  1.7735437427520459E-03
  1.7738788046102829E-03
  1.7742245764471067E-03
  1.7745809773968781E-03
  1.7749479285274728E-03
  1.7753253528010847E-03
  1.7757131750361548E-03
  1.7761113218704046E-03
  1.7765197217249162E-03
  1.7769383047692502E-03
  1.7773670028875619E-03
  1.7778057496456749E-03
  1.7782544802590918E-03
  1.7787131315619273E-03
  1.7791816419766976E-03
  1.7796599514849911E-03
  1.7801480015989433E-03
  1.7806457353335393E-03
  1.7811530971796787E-03
  1.7816700330780106E-03
  1.7821964903935021E-03
  1.7827324178907188E-03
  1.7832777657098081E-03
  1.7838324853431461E-03
  1.7843965296126538E-03
  1.7849698526477438E-03
  1.7855524098638871E-03
  1.7861441579417850E-03
  1.7867450548071291E-03
  1.7873550596109304E-03
  1.7879741327104009E-03
  1.7886022356503838E-03
  1.7892393311453000E-03
  1.7898853830616154E-03
  1.7905403564008019E-03
  1.7912042172827877E-03
  1.7918769329298789E-03
  1.7925584716511412E-03
  1.7932488028272397E-03
  1.7939478968957072E-03
  1.7946557253366426E-03
  1.7953722606588339E-03
  1.7960974763862800E-03
  1.7968313470451110E-03
  1.7975738481508991E-03
  1.7983249561963495E-03
  1.7990846486393524E-03
  1.7998529038914099E-03
  1.8006297013064003E-03
  1.8014150211697010E-03
  1.8022088446876421E-03
  1.8030111539772862E-03
  1.8038219320565400E-03
  1.8046411628345747E-03
  1.8054688311025600E-03
  1.8063049225246904E-03
  1.8071494236295230E-03
  1.8080023218015957E-03
  1.8088636052733271E-03
  1.8097332631172055E-03
  1.8106112852382388E-03
  1.8114976623666852E-03
  1.8123923860510328E-03
  1.8132954486512500E-03
  1.8142068433322843E-03
  1.8151265640578022E-03
  1.8160546055841862E-03
  1.8169909634547649E-03
  1.8179356339942815E-03
  1.8188886143035913E-03
  1.8198499022545904E-03
  1.8208194964853691E-03
  1.8217973963955869E-03
  1.8227836021420629E-03
  1.8237781146345838E-03
  1.8247809355319221E-03
  1.8257920672380653E-03
  1.8268115128986485E-03
  1.8278392763975881E-03
  1.8288753623539248E-03
  1.8299197761188566E-03
  1.8309725237729663E-03
  1.8320336121236541E-03
  1.8331030487027486E-03
  1.8341808417643181E-03
  1.8352670002826550E-03
  1.8363615339504636E-03
  1.8374644531772210E-03
  1.8385757690877209E-03
  1.8396954935208012E-03
  1.8408236390282490E-03
  1.8419602188738853E-03
  1.8431052470328257E-03
  1.8442587381909152E-03
  1.8454207077443386E-03
  1.8465911717994083E-03
  1.8477701471725182E-03
  1.8489576513902714E-03
  1.8501537026897866E-03
  1.8513583200191618E-03
  1.8525715230381171E-03
  0.0000000000000000E+00
  1.7679730413089996E-03
  1.7679799973870066E-03
  1.7680007615296744E-03
  1.7680351803557970E-03
  1.7680831040845315E-03
  1.7681443864453069E-03
  1.7682188845906058E-03
  1.7683064590115366E-03
  1.7684069734560702E-03
  1.7685202948498711E-03
  1.7686462932196046E-03
  1.7687848416186474E-03
  1.7689358160551129E-03
  1.7690990954220981E-03
  1.7692745614300946E-03
  1.7694620985414702E-03
  1.7696615939069525E-03
  1.7698729373040538E-03
  1.7700960210773604E-03
  1.7703307400806314E-03
  1.7705769916206303E-03
  1.7708346754026565E-03
  1.7711036934776870E-03
  1.7713839501911099E-03
  1.7716753521329616E-03
  1.7719778080896435E-03
  1.7722912289970651E-03
  1.7726155278951505E-03
  1.7729506198836914E-03
  1.7732964220794724E-03
  1.7736528535746568E-03
  1.7740198353963712E-03
  1.7743972904674626E-03
  1.7747851435683882E-03
  1.7751833213001957E-03
  1.7755917520485720E-03
  1.7760103659489246E-03
  1.7764390948524437E-03
  1.7768778722931564E-03
  1.7773266334558957E-03
  1.7777853151451934E-03
  1.7782538557550511E-03
  1.7787321952395620E-03
  1.7792202750843687E-03
  1.7797180382789308E-03
  1.7802254292895597E-03
  1.7807423940332334E-03
  1.7812688798521275E-03
  1.7818048354888802E-03
  1.7823502110625444E-03
  1.7829049580452162E-03
  1.7834690292393245E-03
  1.7840423787555543E-03
  1.7846249619913963E-03
  1.7852167356102956E-03
  1.7858176575213925E-03
  1.7864276868598315E-03
  1.7870467839676285E-03
  1.7876749103750745E-03
  1.7883120287826722E-03
  1.7889581030435862E-03
  1.7896130981465861E-03
  1.7902769801994771E-03
  1.7909497164130162E-03
  1.7916312750852726E-03
  1.7923216255864547E-03
  1.7930207383441640E-03
  1.7937285848290858E-03
  1.7944451375410931E-03
  1.7951703699957597E-03
  1.7959042567112678E-03
  1.7966467731957113E-03
  1.7973978959347676E-03
  1.7981576023797508E-03
  1.7989258709360169E-03
  1.7997026809517265E-03
  1.8004880127069553E-03
  1.8012818474031395E-03
  1.8020841671528445E-03
  1.8028949549698751E-03
  1.8037141947596794E-03
  1.8045418713100768E-03
  1.8053779702822870E-03
  1.8062224782022451E-03
  1.8070753824522240E-03
  1.8079366712627255E-03
  1.8088063337046597E-03
  1.8096843596817941E-03
  1.8105707399234730E-03
  1.8114654659775976E-03
  1.8123685302038662E-03
  1.8132799257672655E-03
  1.8141996466318182E-03
  1.8151276875545633E-03
  1.8160640440797844E-03
  1.8170087125334790E-03
  1.8179616900180441E-03
  1.8189229744072094E-03
  1.8198925643411828E-03
  1.8208704592220203E-03
  1.8218566592092180E-03
  1.8228511652155152E-03
  1.8238539789029087E-03
  1.8248651026788777E-03
  1.8258845396928196E-03
  1.8269122938326782E-03
  1.8279483697217838E-03
  1.8289927727158832E-03
  1.8300455089003719E-03
  1.8311065850877186E-03
  1.8321760088150770E-03
  1.8332537883420912E-03
  1.8343399326488914E-03
  1.8354344514342682E-03
  1.8365373551140376E-03
  1.8376486548195841E-03
  1.8387683623965877E-03
  1.8398964904039286E-03
  1.8410330521127702E-03
  1.8421780615058207E-03
  1.8433315332767697E-03
  1.8444934828298980E-03
  1.8456639262798614E-03
  1.8468428804516500E-03
  1.8480303628807171E-03
  1.8492263918132815E-03
  1.8504309862067941E-03
  1.8516441657305865E-03
  0.0000000000000000E+00
  1.7670452005034427E-03
  1.7670521576891476E-03
  1.7670729250816610E-03
  1.7671073491927203E-03
  1.7671552801380823E-03
  1.7672165715472987E-03
  1.7672910804763745E-03
  1.7673786673232132E-03
  1.7674791957457492E-03
  1.7675925325826589E-03
  1.7677185477765643E-03
  1.7678571142996438E-03
  1.7680081080815504E-03
  1.7681714079395773E-03
  1.7683468955109664E-03
  1.7685344551873073E-03
  1.7687339740509384E-03
  1.7689453418132898E-03
  1.7691684507550934E-03
  1.7694031956684072E-03
  1.7696494738003794E-03
  1.7699071847987031E-03
  1.7701762306587009E-03
  1.7704565156719853E-03
  1.7707479463766375E-03
  1.7710504315088704E-03
  1.7713638819561058E-03
  1.7716882107114305E-03
  1.7720233328293942E-03
  1.7723691653830885E-03
  1.7727256274224794E-03
  1.7730926399339407E-03
  1.7734701258009769E-03
  1.7738580097660564E-03
  1.7742562183935577E-03
  1.7746646800337765E-03
  1.7750833247879591E-03
  1.7755120844743417E-03
  1.7759508925951544E-03
  1.7763996843045595E-03
  1.7768583963775160E-03
  1.7773269671795041E-03
  1.7778053366371326E-03
  1.7782934462095507E-03
  1.7787912388606980E-03
  1.7792986590323015E-03
  1.7798156526176675E-03
  1.7803421669361891E-03
  1.7808781507085787E-03
  1.7814235540327989E-03
  1.7819783283606716E-03
  1.7825424264751339E-03
  1.7831158024681499E-03
  1.7836984117192355E-03
  1.7842902108745841E-03
  1.7848911578267884E-03
  1.7855012116951307E-03
  1.7861203328064324E-03
  1.7867484826764410E-03
  1.7873856239917468E-03
  1.7880317205922142E-03
  1.7886867374539122E-03
  1.7893506406725357E-03
  1.7900233974472916E-03
  1.7907049760652570E-03
  1.7913953458861885E-03
  1.7920944773277638E-03
  1.7928023418512554E-03
  1.7935189119476268E-03
  1.7942441611240316E-03
  1.7949780638907072E-03
  1.7957205957482723E-03
  1.7964717331753863E-03
  1.7972314536167844E-03
  1.7979997354716842E-03
  1.7987765580825320E-03
  1.7995619017241063E-03
  1.8003557475929511E-03
  1.8011580777971422E-03
  1.8019688753463821E-03
  1.8027881241423987E-03
  1.8036158089696716E-03
  1.8044519154864400E-03
  1.8052964302160280E-03
  1.8061493405384437E-03
  1.8070106346822752E-03
  1.8078803017168592E-03
  1.8087583315447222E-03
  1.8096447148943015E-03
  1.8105394433129117E-03
  1.8114425091599825E-03
  1.8123539056005492E-03
  1.8132736265989876E-03
  1.8142016669129961E-03
  1.8151380220878185E-03
  1.8160826884507050E-03
  1.8170356631056017E-03
  1.8179969439280699E-03
  1.8189665295604382E-03
  1.8199444194071622E-03
  1.8209306136304168E-03
  1.8219251131458946E-03
  1.8229279196188177E-03
  1.8239390354601631E-03
  1.8249584638230887E-03
  1.8259862085995670E-03
  1.8270222744172196E-03
  1.8280666666363455E-03
  1.8291193913471530E-03
  1.8301804553671783E-03
  1.8312498662389016E-03
  1.8323276322275493E-03
  1.8334137623190851E-03
  1.8345082662183871E-03
  1.8356111543476128E-03
  1.8367224378447358E-03
  1.8378421285622820E-03
  1.8389702390662216E-03
  1.8401067826350635E-03
  1.8412517732591094E-03
  1.8424052256398927E-03
  1.8435671551897883E-03
  1.8447375780317971E-03
  1.8459165109995068E-03
  1.8471039716372191E-03
  1.8482999782002526E-03
  1.8495045496554146E-03
  1.8507177056816440E-03
  0.0000000000000000E+00
  1.7661182560595647E-03
  1.7661252143530964E-03
  1.7661459849958126E-03
  1.7661804143923603E-03
  1.7662283525550623E-03
  1.7662896530135615E-03
  1.7663641727273536E-03
  1.7664517720011172E-03
  1.7665523144027220E-03
  1.7666656666838322E-03
  1.7667916987030082E-03
  1.7669302833512052E-03
  1.7670812964796052E-03
  1.7672446168296757E-03
  1.7674201259653968E-03
  1.7676077082075675E-03
  1.7678072505701214E-03
  1.7680186426983976E-03
  1.7682417768092634E-03
  1.7684765476330664E-03
  1.7687228523573313E-03
  1.7689805905721386E-03
  1.7692496642171486E-03
  1.7695299775301939E-03
  1.7698214369973968E-03
  1.7701239513047780E-03
  1.7704374312912641E-03
  1.7707617899031080E-03
  1.7710969421496133E-03
  1.7714428050601768E-03
  1.7717992976425626E-03
  1.7721663408423989E-03
  1.7725438575038413E-03
  1.7729317723313726E-03
  1.7733300118527033E-03
  1.7737385043827363E-03
  1.7741571799885626E-03
  1.7745859704554625E-03
  1.7750248092538721E-03
  1.7754736315072877E-03
  1.7759323739610917E-03
  1.7764009749522548E-03
  1.7768793743798985E-03
  1.7773675136766847E-03
  1.7778653357810338E-03
  1.7783727851100929E-03
  1.7788898075335015E-03
  1.7794163503478723E-03
  1.7799523622519969E-03
  1.7804977933227539E-03
  1.7810525949916891E-03
  1.7816167200222592E-03
  1.7821901224877098E-03
  1.7827727577495831E-03
  1.7833645824368255E-03
  1.7839655544254888E-03
  1.7845756328189984E-03
  1.7851947779289850E-03
  1.7858229512566542E-03
  1.7864601154746896E-03
  1.7871062344096624E-03
  1.7877612730249476E-03
  1.7884251974041258E-03
  1.7890979747348650E-03
  1.7897795732932558E-03
  1.7904699624286034E-03
  1.7911691125486651E-03
  1.7918769951053089E-03
  1.7925935825805906E-03
  1.7933188484732479E-03
  1.7940527672855814E-03
  1.7947953145107378E-03
  1.7955464666203568E-03
  1.7963062010526039E-03
  1.7970744962005627E-03
  1.7978513314009668E-03
  1.7986366869233014E-03
  1.7994305439592250E-03
  1.8002328846123241E-03
  1.8010436918882041E-03
  1.8018629496848800E-03
  1.8026906427834879E-03
  1.8035267568392976E-03
  1.8043712783730177E-03
  1.8052241947624000E-03
  1.8060854942341209E-03
  1.8069551658559454E-03
  1.8078331995291662E-03
  1.8087195859813122E-03
  1.8096143167591154E-03
  1.8105173842217425E-03
  1.8114287815342762E-03
  1.8123485026614510E-03
  1.8132765423616263E-03
  1.8142128961810074E-03
  1.8151575604481020E-03
  1.8161105322684029E-03
  1.8170718095193111E-03
  1.8180413908452746E-03
  1.8190192756531527E-03
  1.8200054641077993E-03
  1.8209999571278614E-03
  1.8220027563817913E-03
  1.8230138642840613E-03
  1.8240332839915944E-03
  1.8250610194003943E-03
  1.8260970751423737E-03
  1.8271414565823843E-03
  1.8281941698154490E-03
  1.8292552216641748E-03
  1.8303246196763670E-03
  1.8314023721228338E-03
  1.8324884879953761E-03
  1.8335829770049620E-03
  1.8346858495800861E-03
  1.8357971168653190E-03
  1.8369167907200249E-03
  1.8380448837172704E-03
  1.8391814091429089E-03
  1.8403263809948344E-03
  1.8414798139824251E-03
  1.8426417235261499E-03
  1.8438121257573583E-03
  1.8449910375182305E-03
  1.8461784763619204E-03
  1.8473744605528441E-03
  1.8485790090671651E-03
  1.8497921415934302E-03
  0.0000000000000000E+00
  1.7651922066821231E-03
  1.7651991660836087E-03
  1.7652199399768851E-03
  1.7652543746594725E-03
  1.7653023200402264E-03
  1.7653636295488491E-03
  1.7654381600483013E-03
  1.7655257717500053E-03
  1.7656263281317424E-03
  1.7657396958581449E-03
  1.7658657447036867E-03
  1.7660043474780841E-03
  1.7661553799540269E-03
  1.7663187207971438E-03
  1.7664942514981346E-03
  1.7666818563069962E-03
  1.7668814221692487E-03
  1.7670928386641237E-03
  1.7673159979446137E-03
  1.7675507946793517E-03
  1.7677971259962262E-03
  1.7680548914277023E-03
  1.7683239928577680E-03
  1.7686043344704715E-03
  1.7688958226999749E-03
  1.7691983661820968E-03
  1.7695118757072726E-03
  1.7698362641749121E-03
  1.7701714465490753E-03
  1.7705173398154589E-03
  1.7708738629396306E-03
  1.7712409368264646E-03
  1.7716184842807737E-03
  1.7720064299690534E-03
  1.7724047003823459E-03
  1.7728132238001636E-03
  1.7732319302554444E-03
  1.7736607515005129E-03
  1.7740996209740143E-03
  1.7745484737687813E-03
  1.7750072466006250E-03
  1.7754758777780040E-03
  1.7759543071725566E-03
  1.7764424761904651E-03
  1.7769403277446290E-03
  1.7774478062276254E-03
  1.7779648574854246E-03
  1.7784914287918656E-03
  1.7790274688238227E-03
  1.7795729276370929E-03
  1.7801277566429549E-03
  1.7806919085853832E-03
  1.7812653375189117E-03
  1.7818479987871136E-03
  1.7824398490016956E-03
  1.7830408460221682E-03
  1.7836509489361058E-03
  1.7842701180399534E-03
  1.7848983148203823E-03
  1.7855355019361703E-03
  1.7861816432005991E-03
  1.7868367035643543E-03
  1.7875006490989124E-03
  1.7881734469804022E-03
  1.7888550654739275E-03
  1.7895454739183560E-03
  1.7902446427115258E-03
  1.7909525432959026E-03
  1.7916691481446418E-03
  1.7923944307480677E-03
  1.7931283656005485E-03
  1.7938709281877597E-03
  1.7946220949743316E-03
  1.7953818433918626E-03
  1.7961501518273032E-03
  1.7969269996116824E-03
  1.7977123670091923E-03
  1.7985062352066103E-03
  1.7993085863030410E-03
  1.8001194032999917E-03
  1.8009386700917705E-03
  1.8017663714561722E-03
  1.8026024930455024E-03
  1.8034470213778584E-03
  1.8042999438287373E-03
  1.8051612486229057E-03
  1.8060309248265629E-03
  1.8069089623397694E-03
  1.8077953518891481E-03
  1.8086900850208538E-03
  1.8095931540937891E-03
  1.8105045522730904E-03
  1.8114242735238516E-03
  1.8123523126050950E-03
  1.8132886650639927E-03
  1.8142333272303094E-03
  1.8151862962110900E-03
  1.8161475698855749E-03
  1.8171171469003337E-03
  1.8180950266646323E-03
  1.8190812093460058E-03
  1.8200756958660568E-03
  1.8210784878964696E-03
  1.8220895878552149E-03
  1.8231089989029809E-03
  1.8241367249398027E-03
  1.8251727706018867E-03
  1.8262171412586421E-03
  1.8272698430099024E-03
  1.8283308826833485E-03
  1.8294002678321134E-03
  1.8304780067325875E-03
  1.8315641083824100E-03
  1.8326585824986357E-03
  1.8337614395161038E-03
  1.8348726905859762E-03
  1.8359923475744614E-03
  1.8371204230617200E-03
  1.8382569303409492E-03
  1.8394018834176388E-03
  1.8405552970090109E-03
  1.8417171865436300E-03
  1.8428875681611888E-03
  1.8440664587124670E-03
  1.8452538757594650E-03
  1.8464498375757013E-03
  1.8476543631466926E-03
  1.8488674721705931E-03
  0.0000000000000000E+00
  1.7642670510783713E-03
  1.7642740115879393E-03
  1.7642947887321332E-03
  1.7643292287013118E-03
  1.7643771813008284E-03
  1.7644384998604160E-03
  1.7645130411464687E-03
  1.7646006652771286E-03
  1.7647012356400633E-03
  1.7648146188128460E-03
  1.7649406844858497E-03
  1.7650793053875283E-03
  1.7652303572120633E-03
  1.7653937185492263E-03
  1.7655692708164264E-03
  1.7657568981928392E-03
  1.7659564875555616E-03
  1.7661679284177066E-03
  1.7663911128683841E-03
  1.7666259355144987E-03
  1.7668722934242988E-03
  1.7671300860726245E-03
  1.7673992152877893E-03
  1.7676795852000484E-03
  1.7679711021915982E-03
  1.7682736748480534E-03
  1.7685872139113546E-03
  1.7689116322340650E-03
  1.7692468447349993E-03
  1.7695927683561562E-03
  1.7699493220208991E-03
  1.7703164265933549E-03
  1.7706940048389872E-03
  1.7710819813863091E-03
  1.7714802826896937E-03
  1.7718888369932652E-03
  1.7723075742958081E-03
  1.7727364263166957E-03
  1.7731753264627825E-03
  1.7736242097962395E-03
  1.7740830130033099E-03
  1.7745516743639448E-03
  1.7750301337223016E-03
  1.7755183324580832E-03
  1.7760162134586766E-03
  1.7765237210920844E-03
  1.7770408011806220E-03
  1.7775674009753524E-03
  1.7781034691312372E-03
  1.7786489556829966E-03
  1.7792038120216453E-03
  1.7797679908716801E-03
  1.7803414462689300E-03
  1.7809241335390025E-03
  1.7815160092763652E-03
  1.7821170313239961E-03
  1.7827271587536227E-03
  1.7833463518465084E-03
  1.7839745720747919E-03
  1.7846117820833525E-03
  1.7852579456721866E-03
  1.7859130277792963E-03
  1.7865769944640549E-03
  1.7872498128910575E-03
  1.7879314513144322E-03
  1.7886218790626042E-03
  1.7893210665235028E-03
  1.7900289851301918E-03
  1.7907456073469330E-03
  1.7914709066556419E-03
  1.7922048575427561E-03
  1.7929474354864889E-03
  1.7936986169444602E-03
  1.7944583793417089E-03
  1.7952267010590529E-03
  1.7960035614218233E-03
  1.7967889406889234E-03
  1.7975828200422533E-03
  1.7983851815764355E-03
  1.7991960082888901E-03
  1.8000152840702121E-03
  1.8008429936948699E-03
  1.8016791228121997E-03
  1.8025236579376931E-03
  1.8033765864445964E-03
  1.8042378965557721E-03
  1.8051075773358532E-03
  1.8059856186836718E-03
  1.8068720113249507E-03
  1.8077667468052658E-03
  1.8086698174832627E-03
  1.8095812165241311E-03
  1.8105009378933271E-03
  1.8114289763505433E-03
  1.8123653274439136E-03
  1.8133099875044674E-03
  1.8142629536408031E-03
  1.8152242237340003E-03
  1.8161937964327561E-03
  1.8171716711487403E-03
  1.8181578480521746E-03
  1.8191523280676220E-03
  1.8201551128699919E-03
  1.8211662048807620E-03
  1.8221856072643859E-03
  1.8232133239249305E-03
  1.8242493595028988E-03
  1.8252937193722562E-03
  1.8263464096376517E-03
  1.8274074371318380E-03
  1.8284768094132800E-03
  1.8295545347639486E-03
  1.8306406221873220E-03
  1.8317350814065466E-03
  1.8328379228628035E-03
  1.8339491577138464E-03
  1.8350687978327298E-03
  1.8361968558067094E-03
  1.8373333449363245E-03
  1.8384782792346638E-03
  1.8396316734267898E-03
  1.8407935429493657E-03
  1.8419639039504293E-03
  1.8431427732893567E-03
  1.8443301685369953E-03
  1.8455261079759651E-03
  1.8467306106011367E-03
  1.8479436961202739E-03
  0.0000000000000000E+00
  1.7633427879580532E-03
  1.7633497495758304E-03
  1.7633705299712999E-03
  1.7634049752276201E-03
  1.7634529350466117E-03
  1.7635142626580053E-03
  1.7635888147315988E-03
  1.7636764512922276E-03
  1.7637770356374210E-03
  1.7638904342576766E-03
  1.7640165167592339E-03
  1.7641551557892755E-03
  1.7643062269634508E-03
  1.7644696087956604E-03
  1.7646451826300042E-03
  1.7648328325748301E-03
  1.7650324454387919E-03
  1.7652439106688779E-03
  1.7654671202903031E-03
  1.7657019688482362E-03
  1.7659483533512771E-03
  1.7662061732166333E-03
  1.7664753302169349E-03
  1.7667557284286454E-03
  1.7670472741819867E-03
  1.7673498760123656E-03
  1.7676634446132254E-03
  1.7679878927902805E-03
  1.7683231354170986E-03
  1.7686690893919759E-03
  1.7690256735960754E-03
  1.7693928088527732E-03
  1.7697704178881854E-03
  1.7701584252928400E-03
  1.7705567574844462E-03
  1.7709653426717384E-03
  1.7713841108193500E-03
  1.7718129936137039E-03
  1.7722519244298674E-03
  1.7727008382993521E-03
  1.7731596718788343E-03
  1.7736283634197619E-03
  1.7741068527388157E-03
  1.7745950811892200E-03
  1.7750929916328523E-03
  1.7756005284131500E-03
  1.7761176373287705E-03
  1.7766442656080058E-03
  1.7771803618839110E-03
  1.7777258761701345E-03
  1.7782807598374268E-03
  1.7788449655908201E-03
  1.7794184474474303E-03
  1.7800011607149121E-03
  1.7805930619704969E-03
  1.7811941090406338E-03
  1.7818042609812066E-03
  1.7824234780583043E-03
  1.7830517217295376E-03
  1.7836889546258893E-03
  1.7843351405340791E-03
  1.7849902443794240E-03
  1.7856542322092031E-03
  1.7863270711764826E-03
  1.7870087295244158E-03
  1.7876991765709944E-03
  1.7883983826942390E-03
  1.7891063193178204E-03
  1.7898229588971071E-03
  1.7905482749056116E-03
  1.7912822418218474E-03
  1.7920248351165646E-03
  1.7927760312403829E-03
  1.7935358076117793E-03
  1.7943041426054503E-03
  1.7950810155410266E-03
  1.7958664066721319E-03
  1.7966602971757884E-03
  1.7974626691421433E-03
  1.7982735055645297E-03
  1.7990927903298399E-03
  1.7999205082092136E-03
  1.8007566448490196E-03
  1.8016011867621540E-03
  1.8024541213196106E-03
  1.8033154367423500E-03
  1.8041851220934478E-03
  1.8050631672705045E-03
  1.8059495629983485E-03
  1.8068443008219808E-03
  1.8077473730997908E-03
  1.8086587729970259E-03
  1.8095784944795071E-03
  1.8105065323075974E-03
  1.8114428820303985E-03
  1.8123875399802042E-03
  1.8133405032671685E-03
  1.8143017697742141E-03
  1.8152713381521669E-03
  1.8162492078151048E-03
  1.8172353789359344E-03
  1.8182298524421798E-03
  1.8192326300119869E-03
  1.8202437140703300E-03
  1.8212631077854354E-03
  1.8222908150654059E-03
  1.8233268405550374E-03
  1.8243711896328552E-03
  1.8254238684083247E-03
  1.8264848837192735E-03
  1.8275542431294932E-03
  1.8286319549265461E-03
  1.8297180281197434E-03
  1.8308124724383244E-03
  1.8319152983298133E-03
  1.8330265169585590E-03
  1.8341461402044603E-03
  1.8352741806618659E-03
  1.8364106516386648E-03
  1.8375555671555372E-03
  1.8387089419453942E-03
  1.8398707914529899E-03
  1.8410411318347108E-03
  1.8422199799585292E-03
  1.8434073534041417E-03
  1.8446032704632668E-03
  1.8458077501401304E-03
  1.8470208121521036E-03
  0.0000000000000000E+00
  1.7624194160333951E-03
  1.7624263787595093E-03
  1.7624471624066104E-03
  1.7624816129506247E-03
  1.7625295799898017E-03
  1.7625909166538404E-03
  1.7626654795159166E-03
  1.7627531285075292E-03
  1.7628537268360449E-03
  1.7629671409048601E-03
  1.7630932402360664E-03
  1.7632318973955475E-03
  1.7633829879204106E-03
  1.7635463902486645E-03
  1.7637219856510890E-03
  1.7639096581651846E-03
  1.7641092945311554E-03
  1.7643207841298520E-03
  1.7645440189225817E-03
  1.7647788933927745E-03
  1.7650253044893692E-03
  1.7652831515719343E-03
  1.7655523363574134E-03
  1.7658327628684665E-03
  1.7661243373833411E-03
  1.7664269683872337E-03
  1.7667405665250837E-03
  1.7670650445557557E-03
  1.7674003173075673E-03
  1.7677463016351122E-03
  1.7681029163773520E-03
  1.7684700823169081E-03
  1.7688477221405540E-03
  1.7692357604008331E-03
  1.7696341234787879E-03
  1.7700427395477641E-03
  1.7704615385382482E-03
  1.7708904521037147E-03
  1.7713294135874439E-03
  1.7717783579902918E-03
  1.7722372219393704E-03
  1.7727059436576254E-03
  1.7731844629342655E-03
  1.7736727210960397E-03
  1.7741706609793221E-03
  1.7746782269029817E-03
  1.7751953646420256E-03
  1.7757220214019835E-03
  1.7762581457940010E-03
  1.7768036878106602E-03
  1.7773585988024559E-03
  1.7779228314549487E-03
  1.7784963397665611E-03
  1.7790790790269885E-03
  1.7796710057962342E-03
  1.7802720778842237E-03
  1.7808822543310015E-03
  1.7815014953874826E-03
  1.7821297624967577E-03
  1.7827670182759183E-03
  1.7834132264984098E-03
  1.7840683520768722E-03
  1.7847323610464909E-03
  1.7854052205488100E-03
  1.7860868988160109E-03
  1.7867773651556566E-03
  1.7874765899358630E-03
  1.7881845445709157E-03
  1.7889012015072907E-03
  1.7896265342101036E-03
  1.7903605171499450E-03
  1.7911031257901106E-03
  1.7918543365742212E-03
  1.7926141269141971E-03
  1.7933824751786159E-03
  1.7941593606814145E-03
  1.7949447636709370E-03
  1.7957386653193353E-03
  1.7965410477122825E-03
  1.7973518938390308E-03
  1.7981711875827710E-03
  1.7989989137113169E-03
  1.7998350578680797E-03
  1.8006796065633557E-03
  1.8015325471658931E-03
  1.8023938678947554E-03
  1.8032635578114583E-03
  1.8041416068123812E-03
  1.8050280056214553E-03
  1.8059227457831123E-03
  1.8068258196554875E-03
  1.8077372204038881E-03
  1.8086569419945055E-03
  1.8095849791883699E-03
  1.8105213275355591E-03
  1.8114659833696311E-03
  1.8124189438022992E-03
  1.8133802067183300E-03
  1.8143497707706797E-03
  1.8153276353758368E-03
  1.8163138007093967E-03
  1.8173082677018456E-03
  1.8183110380345644E-03
  1.8193221141360302E-03
  1.8203414991782437E-03
  1.8213691970733381E-03
  1.8224052124704146E-03
  1.8234495507525512E-03
  1.8245022180340342E-03
  1.8255632211577649E-03
  1.8266325676928683E-03
  1.8277102659324913E-03
  1.8287963248917851E-03
  1.8298907543060816E-03
  1.8309935646292478E-03
  1.8321047670322270E-03
  1.8332243734017640E-03
  1.8343523963393056E-03
  1.8354888491600846E-03
  1.8366337458923746E-03
  1.8377871012769350E-03
  1.8389489307666159E-03
  1.8401192505261468E-03
  1.8412980774320997E-03
  1.8424854290730163E-03
  1.8436813237497204E-03
  1.8448857804757876E-03
  1.8460988189781971E-03
  0.0000000000000000E+00
  1.7614969340191036E-03
  1.7615038978536809E-03
  1.7615246847527727E-03
  1.7615591405850310E-03
  1.7616071148451042E-03
  1.7616684605626270E-03
  1.7617430342141251E-03
  1.7618306956377339E-03
  1.7619313079506342E-03
  1.7620447374690970E-03
  1.7621708536310447E-03
  1.7623095289210455E-03
  1.7624606387976389E-03
  1.7626240616229359E-03
  1.7627996785943738E-03
  1.7629873736785971E-03
  1.7631870335473457E-03
  1.7633985475153189E-03
  1.7636218074799149E-03
  1.7638567078628040E-03
  1.7641031455532623E-03
  1.7643610198532134E-03
  1.7646302324239068E-03
  1.7649106872341938E-03
  1.7652022905103432E-03
  1.7655049506873361E-03
  1.7658185783616062E-03
  1.7661430862451651E-03
  1.7664783891210777E-03
  1.7668244038002363E-03
  1.7671810490793958E-03
  1.7675482457004284E-03
  1.7679259163107591E-03
  1.7683139854249496E-03
  1.7687123793873770E-03
  1.7691210263360007E-03
  1.7695398561671607E-03
  1.7699688005013829E-03
  1.7704077926501646E-03
  1.7708567675837085E-03
  1.7713156618995661E-03
  1.7717844137921824E-03
  1.7722629630232954E-03
  1.7727512508931859E-03
  1.7732492202127250E-03
  1.7737568152762192E-03
  1.7742739818350293E-03
  1.7748006670719198E-03
  1.7753368195761398E-03
  1.7758823893192048E-03
  1.7764373276313583E-03
  1.7770015871786976E-03
  1.7775751219409480E-03
  1.7781578871898570E-03
  1.7787498394682018E-03
  1.7793509365693881E-03
  1.7799611375176247E-03
  1.7805804025486616E-03
  1.7812086930910705E-03
  1.7818459717480572E-03
  1.7824922022797954E-03
  1.7831473495862542E-03
  1.7838113796905307E-03
  1.7844842597226479E-03
  1.7851659579038249E-03
  1.7858564435311980E-03
  1.7865556869629843E-03
  1.7872636596040837E-03
  1.7879803338920895E-03
  1.7887056832837213E-03
  1.7894396822416535E-03
  1.7901823062217307E-03
  1.7909335316605760E-03
  1.7916933359635612E-03
  1.7924616974931489E-03
  1.7932385955575832E-03
  1.7940240103999359E-03
  1.7948179231874889E-03
  1.7956203160014496E-03
  1.7964311718269878E-03
  1.7972504745436006E-03
  1.7980782089157758E-03
  1.7989143605839737E-03
  1.7997589160558916E-03
  1.8006118626980384E-03
  1.8014731887275798E-03
  1.8023428832044783E-03
  1.8032209360238929E-03
  1.8041073379088633E-03
  1.8050020804032515E-03
  1.8059051558649440E-03
  1.8068165574593104E-03
  1.8077362791529105E-03
  1.8086643157074530E-03
  1.8096006626739860E-03
  1.8105453163873388E-03
  1.8114982739607837E-03
  1.8124595332809363E-03
  1.8134290930028839E-03
  1.8144069525455270E-03
  1.8153931120871510E-03
  1.8163875725612083E-03
  1.8173903356523142E-03
  1.8184014037924542E-03
  1.8194207801573983E-03
  1.8204484686633205E-03
  1.8214844739636174E-03
  1.8225288014459325E-03
  1.8235814572293691E-03
  1.8246424481619028E-03
  1.8257117818179943E-03
  1.8267894664963751E-03
  1.8278755112180382E-03
  1.8289699257244075E-03
  1.8300727204756948E-03
  1.8311839066494401E-03
  1.8323034961392336E-03
  1.8334315015536182E-03
  1.8345679362151718E-03
  1.8357128141597658E-03
  1.8368661501360053E-03
  1.8380279596048345E-03
  1.8391982587393294E-03
  1.8403770644246599E-03
  1.8415643942582159E-03
  1.8427602665499197E-03
  1.8439647003227015E-03
  1.8451777153131483E-03
  0.0000000000000000E+00
  1.7605753406323543E-03
  1.7605823055755242E-03
  1.7606030957269625E-03
  1.7606375568480139E-03
  1.7606855383296934E-03
  1.7607468931015418E-03
  1.7608214775434005E-03
  1.7609091514000188E-03
  1.7610097776983641E-03
  1.7611232226675613E-03
  1.7612493556613429E-03
  1.7613880490829385E-03
  1.7615391783123114E-03
  1.7617026216356448E-03
  1.7618782601770302E-03
  1.7620659778322355E-03
  1.7622656612045291E-03
  1.7624771995424450E-03
  1.7627004846794609E-03
  1.7629354109754834E-03
  1.7631818752601163E-03
  1.7634397767776300E-03
  1.7637090171335715E-03
  1.7639895002429825E-03
  1.7642811322801457E-03
  1.7645838216298242E-03
  1.7648974788399422E-03
  1.7652220165756550E-03
  1.7655573495747757E-03
  1.7659033946044902E-03
  1.7662600704193483E-03
  1.7666272977204705E-03
  1.7670049991159373E-03
  1.7673930990823247E-03
  1.7677915239273478E-03
  1.7682002017535801E-03
  1.7686190624232152E-03
  1.7690480375238337E-03
  1.7694870603351546E-03
  1.7699360657967259E-03
  1.7703949904765411E-03
  1.7708637725405486E-03
  1.7713423517230235E-03
  1.7718306692977733E-03
  1.7723286680501726E-03
  1.7728362922499723E-03
  1.7733534876248872E-03
  1.7738802013349229E-03
  1.7744163819474342E-03
  1.7749619794128724E-03
  1.7755169450412369E-03
  1.7760812314791647E-03
  1.7766547926876906E-03
  1.7772375839206146E-03
  1.7778295617034952E-03
  1.7784306838132199E-03
  1.7790409092581700E-03
  1.7796601982589327E-03
  1.7802885122295642E-03
  1.7809258137593919E-03
  1.7815720665953199E-03
  1.7822272356246525E-03
  1.7828912868584040E-03
  1.7835641874150809E-03
  1.7842459055049398E-03
  1.7849364104146987E-03
  1.7856356724926805E-03
  1.7863436631344010E-03
  1.7870603547685785E-03
  1.7877857208435399E-03
  1.7885197358140459E-03
  1.7892623751284958E-03
  1.7900136152165210E-03
  1.7907734334769458E-03
  1.7915418082661209E-03
  1.7923187188866050E-03
  1.7931041455761985E-03
  1.7938980694973204E-03
  1.7947004727267121E-03
  1.7955113382454690E-03
  1.7963306499293938E-03
  1.7971583925396580E-03
  1.7979945517137661E-03
  1.7988391139568275E-03
  1.7996920666331101E-03
  1.8005533979578879E-03
  1.8014230969895728E-03
  1.8023011536221034E-03
  1.8031875585776346E-03
  1.8040823033994612E-03
  1.8049853804452223E-03
  1.8058967828803525E-03
  1.8068165046717845E-03
  1.8077445405819067E-03
  1.8086808861627417E-03
  1.8096255377503894E-03
  1.8105784924596848E-03
  1.8115397481790955E-03
  1.8125093035658397E-03
  1.8134871580412350E-03
  1.8144733117862585E-03
  1.8154677657373284E-03
  1.8164705215822970E-03
  1.8174815817566606E-03
  1.8185009494399611E-03
  1.8195286285524128E-03
  1.8205646237517113E-03
  1.8216089404300632E-03
  1.8226615847113904E-03
  1.8237225634487497E-03
  1.8247918842219334E-03
  1.8258695553352601E-03
  1.8269555858155648E-03
  1.8280499854103661E-03
  1.8291527645862195E-03
  1.8302639345272622E-03
  1.8313835071339316E-03
  1.8325114950218672E-03
  1.8336479115209927E-03
  1.8347927706747758E-03
  1.8359460872396682E-03
  1.8371078766847091E-03
  1.8382781551913229E-03
  1.8394569396532738E-03
  1.8406442476768009E-03
  1.8418400975809279E-03
  1.8430445083979362E-03
  1.8442574998740208E-03
  0.0000000000000000E+00
  1.7596546345927920E-03
  1.7596616006446807E-03
  1.7596823940488218E-03
  1.7597168604592188E-03
  1.7597648491632148E-03
  1.7598262129902256E-03
  1.7599008082233834E-03
  1.7599884945140229E-03
  1.7600891347988752E-03
  1.7602025952198927E-03
  1.7603287450465978E-03
  1.7604674566008662E-03
  1.7606186051840589E-03
  1.7607820690064267E-03
  1.7609577291186895E-03
  1.7611454693457326E-03
  1.7613451762223350E-03
  1.7615567389308608E-03
  1.7617800492408509E-03
  1.7620150014504422E-03
  1.7622614923295575E-03
  1.7625194210648054E-03
  1.7627886892060301E-03
  1.7630692006144521E-03
  1.7633608614123671E-03
  1.7636635799343130E-03
  1.7639772666797041E-03
  1.7643018342668390E-03
  1.7646371973882703E-03
  1.7649832727674813E-03
  1.7653399791168162E-03
  1.7657072370966410E-03
  1.7660849692756912E-03
  1.7664731000925594E-03
  1.7668715558182982E-03
  1.7672802645200974E-03
  1.7676991560260059E-03
  1.7681281618906620E-03
  1.7685672153620049E-03
  1.7690162513489310E-03
  1.7694752063898824E-03
  1.7699440186223121E-03
  1.7704226277530303E-03
  1.7709109750293826E-03
  1.7714090032112466E-03
  1.7719166565438194E-03
  1.7724338807311743E-03
  1.7729606229105661E-03
  1.7734968316274532E-03
  1.7740424568112336E-03
  1.7745974497516608E-03
  1.7751617630759177E-03
  1.7757353507263517E-03
  1.7763181679388237E-03
  1.7769101712216727E-03
  1.7775113183352790E-03
  1.7781215682721946E-03
  1.7787408812378496E-03
  1.7793692186317944E-03
  1.7800065430294753E-03
  1.7806528181645365E-03
  1.7813080089116213E-03
  1.7819720812696617E-03
  1.7826450023456554E-03
  1.7833267403389037E-03
  1.7840172645257047E-03
  1.7847165452444934E-03
  1.7854245538814130E-03
  1.7861412628562999E-03
  1.7868666456090996E-03
  1.7876006765866633E-03
  1.7883433312299469E-03
  1.7890945859615932E-03
  1.7898544181738872E-03
  1.7906228062170679E-03
  1.7913997293880143E-03
  1.7921851679192598E-03
  1.7929791029683638E-03
  1.7937815166076047E-03
  1.7945923918140081E-03
  1.7954117124596859E-03
  1.7962394633024951E-03
  1.7970756299769913E-03
  1.7979201989856942E-03
  1.7987731576906384E-03
  1.7996344943052099E-03
  1.8005041978862691E-03
  1.8013822583265431E-03
  1.8022686663473001E-03
  1.8031634134912705E-03
  1.8040664921158515E-03
  1.8049778953865446E-03
  1.8058976172706592E-03
  1.8068256525312603E-03
  1.8077619967213532E-03
  1.8087066461783098E-03
  1.8096595980185302E-03
  1.8106208501323337E-03
  1.8115904011790761E-03
  1.8125682505824899E-03
  1.8135543985262467E-03
  1.8145488459497330E-03
  1.8155515945440426E-03
  1.8165626467481785E-03
  1.8175820057454615E-03
  1.8186096754601419E-03
  1.8196456605542219E-03
  1.8206899664244686E-03
  1.8217425991996275E-03
  1.8228035657378331E-03
  1.8238728736242121E-03
  1.8249505311686727E-03
  1.8260365474038933E-03
  1.8271309320834843E-03
  1.8282336956803487E-03
  1.8293448493852218E-03
  1.8304644051053869E-03
  1.8315923754635803E-03
  1.8327287737970746E-03
  1.8338736141569332E-03
  1.8350269113074533E-03
  1.8361886807257716E-03
  1.8373589386016579E-03
  1.8385377018374726E-03
  1.8397249880483049E-03
  1.8409208155622757E-03
  1.8421252034210235E-03
  1.8433381713803467E-03
  0.0000000000000000E+00
  1.7587348146225184E-03
  1.7587417817832534E-03
  1.7587625784404551E-03
  1.7587970501407452E-03
  1.7588450460677685E-03
  1.7589064189507809E-03
  1.7589810249761771E-03
  1.7590687237018488E-03
  1.7591693779742670E-03
  1.7592828538481905E-03
  1.7594090205089096E-03
  1.7595477501969250E-03
  1.7596989181349820E-03
  1.7598624024573769E-03
  1.7600380841414488E-03
  1.7602258469411824E-03
  1.7604255773228576E-03
  1.7606371644026556E-03
  1.7608604998861721E-03
  1.7610954780097653E-03
  1.7613419954836701E-03
  1.7615999514368262E-03
  1.7618692473633638E-03
  1.7621497870706829E-03
  1.7624414766290852E-03
  1.7627442243228820E-03
  1.7630579406029698E-03
  1.7633825380407894E-03
  1.7637179312836352E-03
  1.7640640370112817E-03
  1.7644207738938666E-03
  1.7647880625510045E-03
  1.7651658255120838E-03
  1.7655539871777148E-03
  1.7659524737822874E-03
  1.7663612133576112E-03
  1.7667801356975878E-03
  1.7672091723239193E-03
  1.7676482564527641E-03
  1.7680973229623740E-03
  1.7685563083616371E-03
  1.7690251507595162E-03
  1.7695037898353603E-03
  1.7699921668100540E-03
  1.7704902244179844E-03
  1.7709979068797964E-03
  1.7715151598759274E-03
  1.7720419305208826E-03
  1.7725781673382300E-03
  1.7731238202363167E-03
  1.7736788404846551E-03
  1.7742431806909811E-03
  1.7748167947789566E-03
  1.7753996379665071E-03
  1.7759916667447575E-03
  1.7765928388575843E-03
  1.7772031132817169E-03
  1.7778224502074324E-03
  1.7784508110197759E-03
  1.7790881582803223E-03
  1.7797344557094578E-03
  1.7803896681691700E-03
  1.7810537616463127E-03
  1.7817267032363812E-03
  1.7824084611277222E-03
  1.7830990045862231E-03
  1.7837983039404337E-03
  1.7845063305671218E-03
  1.7852230568772586E-03
  1.7859484563024055E-03
  1.7866825032815060E-03
  1.7874251732480828E-03
  1.7881764426177929E-03
  1.7889362887763816E-03
  1.7897046900679885E-03
  1.7904816257838091E-03
  1.7912670761511173E-03
  1.7920610223226138E-03
  1.7928634463661222E-03
  1.7936743312545978E-03
  1.7944936608564684E-03
  1.7953214199262783E-03
  1.7961575940956378E-03
  1.7970021698644843E-03
  1.7978551345926167E-03
  1.7987164764915373E-03
  1.7995861846165600E-03
  1.8004642488592020E-03
  1.8013506599398473E-03
  1.8022454094006695E-03
  1.8031484895988199E-03
  1.8040598936998739E-03
  1.8049796156715183E-03
  1.8059076502775009E-03
  1.8068439930718082E-03
  1.8077886403930878E-03
  1.8087415893593068E-03
  1.8097028378626400E-03
  1.8106723845645798E-03
  1.8116502288912780E-03
  1.8126363710291029E-03
  1.8136308119204110E-03
  1.8146335532595367E-03
  1.8156445974889953E-03
  1.8166639477958837E-03
  1.8176916081084956E-03
  1.8187275830931361E-03
  1.8197718781511373E-03
  1.8208244994160666E-03
  1.8218854537511411E-03
  1.8229547487468196E-03
  1.8240323927186030E-03
  1.8251183947050108E-03
  1.8262127644657501E-03
  1.8273155124800724E-03
  1.8284266499453076E-03
  1.8295461887755879E-03
  1.8306741416007479E-03
  1.8318105217654079E-03
  1.8329553433282268E-03
  1.8341086210613498E-03
  1.8352703704500103E-03
  1.8364406076923220E-03
  1.8376193496992454E-03
  1.8388066140947155E-03
  1.8400024192159548E-03
  1.8412067841139532E-03
  1.8424197285541162E-03
  0.0000000000000000E+00
  1.7578158794460917E-03
  1.7578228477158006E-03
  1.7578436476264180E-03
  1.7578781246171526E-03
  1.7579261277679119E-03
  1.7579875097077640E-03
  1.7580621265263362E-03
  1.7581498376880507E-03
  1.7582505059490945E-03
  1.7583639972770086E-03
  1.7584901807728309E-03
  1.7586289285956673E-03
  1.7587801158896303E-03
  1.7589436207130452E-03
  1.7591193239698539E-03
  1.7593071093431304E-03
  1.7595068632306401E-03
  1.7597184746823726E-03
  1.7599418353399677E-03
  1.7601768393779962E-03
  1.7604233834469943E-03
  1.7606813666182278E-03
  1.7609506903301091E-03
  1.7612312583362108E-03
  1.7615229766548325E-03
  1.7618257535200585E-03
  1.7621394993342669E-03
  1.7624641266220323E-03
  1.7627995499853932E-03
  1.7631456860604123E-03
  1.7635024534750211E-03
  1.7638697728080796E-03
  1.7642475665496315E-03
  1.7646357590623048E-03
  1.7650342765438288E-03
  1.7654430469906293E-03
  1.7658620001624712E-03
  1.7662910675481120E-03
  1.7667301823319386E-03
  1.7671792793615573E-03
  1.7676382951163055E-03
  1.7681071676766593E-03
  1.7685858366945093E-03
  1.7690742433642830E-03
  1.7695723303948784E-03
  1.7700800419823942E-03
  1.7705973237836349E-03
  1.7711241228903574E-03
  1.7716603878042492E-03
  1.7722060684126054E-03
  1.7727611159647047E-03
  1.7733254830488362E-03
  1.7738991235699843E-03
  1.7744819927281411E-03
  1.7750740469972255E-03
  1.7756752441046091E-03
  1.7762855430112081E-03
  1.7769049038921499E-03
  1.7775332881179780E-03
  1.7781706582364004E-03
  1.7788169779545510E-03
  1.7794722121217627E-03
  1.7801363267128216E-03
  1.7808092888117186E-03
  1.7814910665958554E-03
  1.7821816293207111E-03
  1.7828809473049534E-03
  1.7835889919159862E-03
  1.7843057355559095E-03
  1.7850311516479094E-03
  1.7857652146230304E-03
  1.7865078999073579E-03
  1.7872591839095727E-03
  1.7880190440088845E-03
  1.7887874585433320E-03
  1.7895644067984387E-03
  1.7903498689962173E-03
  1.7911438262845194E-03
  1.7919462607267113E-03
  1.7927571552916863E-03
  1.7935764938441887E-03
  1.7944042611354534E-03
  1.7952404427941538E-03
  1.7960850253176410E-03
  1.7969379960634884E-03
  1.7977993432413142E-03
  1.7986690559048885E-03
  1.7995471239445231E-03
  1.8004335380797218E-03
  1.8013282898521003E-03
  1.8022313716185721E-03
  1.8031427765447844E-03
  1.8040624985988078E-03
  1.8049905325450727E-03
  1.8059268739385507E-03
  1.8068715191191659E-03
  1.8078244652064580E-03
  1.8087857100944548E-03
  1.8097552524467928E-03
  1.8107330916920423E-03
  1.8117192280192697E-03
  1.8127136623738024E-03
  1.8137163964532213E-03
  1.8147274327035528E-03
  1.8157467743156711E-03
  1.8167744252219162E-03
  1.8178103900928972E-03
  1.8188546743345116E-03
  1.8199072840851523E-03
  1.8209682262131147E-03
  1.8220375083141988E-03
  1.8231151387094922E-03
  1.8242011264433609E-03
  1.8252954812816081E-03
  1.8263982137098323E-03
  1.8275093349319628E-03
  1.8286288568689789E-03
  1.8297567921578136E-03
  1.8308931541504358E-03
  1.8320379569131025E-03
  1.8331912152258032E-03
  1.8343529445818691E-03
  1.8355231611877627E-03
  1.8367018819630380E-03
  1.8378891245404794E-03
  1.8390849072664104E-03
  1.8402892492011707E-03
  1.8415021701197766E-03
  0.0000000000000000E+00
  1.7568978277905177E-03
  1.7569047971693274E-03
  1.7569256003337180E-03
  1.7569600826154459E-03
  1.7570080929906503E-03
  1.7570694839881796E-03
  1.7571441116008646E-03
  1.7572318351996329E-03
  1.7573325174503598E-03
  1.7574460242333488E-03
  1.7575722245653630E-03
  1.7577109905240931E-03
  1.7578621971750025E-03
  1.7580257225004291E-03
  1.7582014473309024E-03
  1.7583892552785725E-03
  1.7585890326726789E-03
  1.7588006684970060E-03
  1.7590240543292296E-03
  1.7592590842821236E-03
  1.7595056549465160E-03
  1.7597636653359976E-03
  1.7600330168332501E-03
  1.7603136131380168E-03
  1.7606053602165904E-03
  1.7609081662528230E-03
  1.7612219416005706E-03
  1.7615465987375443E-03
  1.7618820522205176E-03
  1.7622282186418438E-03
  1.7625850165872469E-03
  1.7629523665948334E-03
  1.7633301911152998E-03
  1.7637184144732932E-03
  1.7641169628298820E-03
  1.7645257641461134E-03
  1.7649447481476121E-03
  1.7653738462901957E-03
  1.7658129917264812E-03
  1.7662621192734312E-03
  1.7667211653808370E-03
  1.7671900681006881E-03
  1.7676687670574228E-03
  1.7681572034190119E-03
  1.7686553198688702E-03
  1.7691630605785522E-03
  1.7696803711812336E-03
  1.7702071987459290E-03
  1.7707434917524443E-03
  1.7712892000670325E-03
  1.7718442749187387E-03
  1.7724086688764120E-03
  1.7729823358263615E-03
  1.7735652309506518E-03
  1.7741573107059997E-03
  1.7747585328032774E-03
  1.7753688561875903E-03
  1.7759882410189206E-03
  1.7766166486533170E-03
  1.7772540416246246E-03
  1.7779003836267294E-03
  1.7785556394963136E-03
  1.7792197751960981E-03
  1.7798927577985799E-03
  1.7805745554702152E-03
  1.7812651374560790E-03
  1.7819644740649650E-03
  1.7826725366549107E-03
  1.7833892976191587E-03
  1.7841147303725166E-03
  1.7848488093381379E-03
  1.7855915099346746E-03
  1.7863428085638324E-03
  1.7871026825982933E-03
  1.7878711103699986E-03
  1.7886480711588023E-03
  1.7894335451814599E-03
  1.7902275135809767E-03
  1.7910299584162688E-03
  1.7918408626521692E-03
  1.7926602101497413E-03
  1.7934879856569188E-03
  1.7943241747994337E-03
  1.7951687640720612E-03
  1.7960217408301469E-03
  1.7968830932814318E-03
  1.7977528104781476E-03
  1.7986308823094001E-03
  1.7995172994938141E-03
  1.8004120535724550E-03
  1.8013151369019981E-03
  1.8022265426481676E-03
  1.8031462647794168E-03
  1.8040742980608650E-03
  1.8050106380484688E-03
  1.8059552810834351E-03
  1.8069082242868726E-03
  1.8078694655546709E-03
  1.8088390035526061E-03
  1.8098168377116716E-03
  1.8108029682236356E-03
  1.8117973960367988E-03
  1.8128001228519880E-03
  1.8138111511187395E-03
  1.8148304840317150E-03
  1.8158581255272935E-03
  1.8168940802803944E-03
  1.8179383537014811E-03
  1.8189909519337720E-03
  1.8200518818506455E-03
  1.8211211510532378E-03
  1.8221987678682309E-03
  1.8232847413458342E-03
  1.8243790812579486E-03
  1.8254817980965193E-03
  1.8265929030720767E-03
  1.8277124081124488E-03
  1.8288403258616681E-03
  1.8299766696790499E-03
  1.8311214536384493E-03
  1.8322746925277034E-03
  1.8334364018482412E-03
  1.8346065978148698E-03
  1.8357852973557411E-03
  1.8369725181124879E-03
  1.8381682784405333E-03
  1.8393725974095707E-03
  1.8405854948042174E-03
  0.0000000000000000E+00
  1.7559806583852444E-03
  1.7559876288732823E-03
  1.7560084352918016E-03
  1.7560429228650721E-03
  1.7560909404654309E-03
  1.7561523405214741E-03
  1.7562269789292095E-03
  1.7563147149660416E-03
  1.7564154112075087E-03
  1.7565289334466551E-03
  1.7566551506159483E-03
  1.7567939347116462E-03
  1.7569451607205406E-03
  1.7571087065489694E-03
  1.7572844529540354E-03
  1.7574722834769476E-03
  1.7576720843784095E-03
  1.7578837445759896E-03
  1.7581071555833922E-03
  1.7583422114515787E-03
  1.7585888087116692E-03
  1.7588468463195640E-03
  1.7591162256022149E-03
  1.7593968502055259E-03
  1.7596886260437818E-03
  1.7599914612505976E-03
  1.7603052661313034E-03
  1.7606299531167427E-03
  1.7609654367184242E-03
  1.7613116334849925E-03
  1.7616684619599589E-03
  1.7620358426406768E-03
  1.7624136979384967E-03
  1.7628019521400862E-03
  1.7632005313698523E-03
  1.7636093635534649E-03
  1.7640283783824091E-03
  1.7644575072795681E-03
  1.7648966833657877E-03
  1.7653458414273911E-03
  1.7658049178846229E-03
  1.7662738507609938E-03
  1.7667525796534883E-03
  1.7672410457036276E-03
  1.7677391915693432E-03
  1.7682469613976525E-03
  1.7687643007981042E-03
  1.7692911568169740E-03
  1.7698274779121919E-03
  1.7703732139289707E-03
  1.7709283160761283E-03
  1.7714927369030763E-03
  1.7720664302774570E-03
  1.7726493513634057E-03
  1.7732414566004441E-03
  1.7738427036829521E-03
  1.7744530515402251E-03
  1.7750724603171053E-03
  1.7757008913551527E-03
  1.7763383071743540E-03
  1.7769846714553493E-03
  1.7776399490221787E-03
  1.7783041058254999E-03
  1.7789771089263184E-03
  1.7796589264801514E-03
  1.7803495277216776E-03
  1.7810488829498147E-03
  1.7817569635132460E-03
  1.7824737417963519E-03
  1.7831991912055751E-03
  1.7839332861561740E-03
  1.7846760020593757E-03
  1.7854273153099177E-03
  1.7861872032739520E-03
  1.7869556442773298E-03
  1.7877326175942394E-03
  1.7885181034361863E-03
  1.7893120829413282E-03
  1.7901145381641350E-03
  1.7909254520653845E-03
  1.7917448085024660E-03
  1.7925725922200097E-03
  1.7934087888408137E-03
  1.7942533848570785E-03
  1.7951063676219289E-03
  1.7959677253412271E-03
  1.7968374470656728E-03
  1.7977155226831655E-03
  1.7986019429114598E-03
  1.7994966992910667E-03
  1.8003997841784314E-03
  1.8013111907393543E-03
  1.8022309129426789E-03
  1.8031589455542109E-03
  1.8040952841308969E-03
  1.8050399250152266E-03
  1.8059928653298841E-03
  1.8069541029726178E-03
  1.8079236366113490E-03
  1.8089014656794996E-03
  1.8098875903715338E-03
  1.8108820116387321E-03
  1.8118847311851653E-03
  1.8128957514638904E-03
  1.8139150756733453E-03
  1.8149427077539606E-03
  1.8159786523849609E-03
  1.8170229149813786E-03
  1.8180755016912601E-03
  1.8191364193930657E-03
  1.8202056756932714E-03
  1.8212832789241530E-03
  1.8223692381417634E-03
  1.8234635631241038E-03
  1.8245662643694683E-03
  1.8256773530949855E-03
  1.8267968412353341E-03
  1.8279247414416449E-03
  1.8290610670805840E-03
  1.8302058322336035E-03
  1.8313590516963868E-03
  1.8325207409784609E-03
  1.8336909163029788E-03
  1.8348695946066907E-03
  1.8360567935400780E-03
  1.8372525314676606E-03
  1.8384568274684859E-03
  1.8396697013367792E-03
  0.0000000000000000E+00
  1.7550643699621559E-03
  1.7550713415595497E-03
  1.7550921512325532E-03
  1.7551266440979164E-03
  1.7551746689241376E-03
  1.7552360780395324E-03
  1.7553107272432534E-03
  1.7553984757191575E-03
  1.7554991859524238E-03
  1.7556127236488094E-03
  1.7557389576564673E-03
  1.7558777598902038E-03
  1.7560290052581222E-03
  1.7561925715905426E-03
  1.7563683395711259E-03
  1.7565561926701284E-03
  1.7567560170797054E-03
  1.7569677016511962E-03
  1.7571911378343220E-03
  1.7574262196182304E-03
  1.7576728434743195E-03
  1.7579309083007922E-03
  1.7582003153688659E-03
  1.7584809682705995E-03
  1.7587727728682675E-03
  1.7590756372452389E-03
  1.7593894716583195E-03
  1.7597141884914808E-03
  1.7600497022109670E-03
  1.7603959293217065E-03
  1.7607527883250031E-03
  1.7611201996774544E-03
  1.7614980857510669E-03
  1.7618863707945249E-03
  1.7622849808955794E-03
  1.7626938439445213E-03
  1.7631128895986990E-03
  1.7635420492480625E-03
  1.7639812559816902E-03
  1.7644304445552639E-03
  1.7648895513594914E-03
  1.7653585143894001E-03
  1.7658372732145290E-03
  1.7663257689499510E-03
  1.7668239442281185E-03
  1.7673317431715133E-03
  1.7678491113660619E-03
  1.7683759958353070E-03
  1.7689123450153046E-03
  1.7694581087302319E-03
  1.7700132381686848E-03
  1.7705776858606408E-03
  1.7711514056550756E-03
  1.7717343526982079E-03
  1.7723264834123634E-03
  1.7729277554754332E-03
  1.7735381278009108E-03
  1.7741575605185035E-03
  1.7747860149552835E-03
  1.7754234536173834E-03
  1.7760698401722054E-03
  1.7767251394311485E-03
  1.7773893173328162E-03
  1.7780623409267234E-03
  1.7787441783574543E-03
  1.7794347988492924E-03
  1.7801341726912906E-03
  1.7808422712227751E-03
  1.7815590668192748E-03
  1.7822845328788657E-03
  1.7830186438089204E-03
  1.7837613750132442E-03
  1.7845127028796070E-03
  1.7852726047676386E-03
  1.7860410589971066E-03
  1.7868180448365300E-03
  1.7876035424921714E-03
  1.7883975330973470E-03
  1.7891999987020859E-03
  1.7900109222631080E-03
  1.7908302876341352E-03
  1.7916580795564994E-03
  1.7924942836500661E-03
  1.7933388864044670E-03
  1.7941918751706056E-03
  1.7950532381524730E-03
  1.7959229643992344E-03
  1.7968010437975919E-03
  1.7976874670644276E-03
  1.7985822257397071E-03
  1.7994853121796428E-03
  1.8003967195501184E-03
  1.8013164418203642E-03
  1.8022444737568809E-03
  1.8031808109176034E-03
  1.8041254496463108E-03
  1.8050783870672605E-03
  1.8060396210800662E-03
  1.8070091503547946E-03
  1.8079869743272948E-03
  1.8089730931947331E-03
  1.8099675079113699E-03
  1.8109702201845252E-03
  1.8119812324707710E-03
  1.8130005479723324E-03
  1.8140281706336852E-03
  1.8150641051383652E-03
  1.8161083569059732E-03
  1.8171609320893844E-03
  1.8182218375721454E-03
  1.8192910809660681E-03
  1.8203686706090266E-03
  1.8214546155629189E-03
  1.8225489256118439E-03
  1.8236516112604476E-03
  1.8247626837324571E-03
  1.8258821549694024E-03
  1.8270100376295156E-03
  1.8281463450868091E-03
  1.8292910914303345E-03
  1.8304442914636237E-03
  1.8316059607042989E-03
  1.8327761153838617E-03
  1.8339547724476588E-03
  1.8351419495550199E-03
  1.8363376650795639E-03
  1.8375419381096907E-03
  1.8387547884492308E-03
  0.0000000000000000E+00
  1.7541489612555681E-03
  1.7541559339624450E-03
  1.7541767468902904E-03
  1.7542112450482940E-03
  1.7542592771010853E-03
  1.7543206952766680E-03
  1.7543953552773112E-03
  1.7544831161932959E-03
  1.7545838404194158E-03
  1.7546973935741238E-03
  1.7548236444212312E-03
  1.7549624647940766E-03
  1.7551137295220571E-03
  1.7552773163594564E-03
  1.7554531059164817E-03
  1.7556409815924216E-03
  1.7558408295108689E-03
  1.7560525384569276E-03
  1.7562759998163235E-03
  1.7565111075163781E-03
  1.7567577579687638E-03
  1.7570158500139787E-03
  1.7572852848674978E-03
  1.7575659660675313E-03
  1.7578577994243371E-03
  1.7581606929710370E-03
  1.7584745569159067E-03
  1.7587993035960430E-03
  1.7591348474324268E-03
  1.7594811048862664E-03
  1.7598379944166592E-03
  1.7602054364394438E-03
  1.7605833532872838E-03
  1.7609716691708833E-03
  1.7613703101413351E-03
  1.7617792040535516E-03
  1.7621982805307486E-03
  1.7626274709299442E-03
  1.7630667083084494E-03
  1.7635159273913126E-03
  1.7639750645397011E-03
  1.7644440577201663E-03
  1.7649228464748021E-03
  1.7654113718922350E-03
  1.7659095765794456E-03
  1.7664174046343832E-03
  1.7669348016193553E-03
  1.7674617145351742E-03
  1.7679980917960261E-03
  1.7685438832050588E-03
  1.7690990399306474E-03
  1.7696635144833410E-03
  1.7702372606934549E-03
  1.7708202336892923E-03
  1.7714123898759900E-03
  1.7720136869149540E-03
  1.7726240837038800E-03
  1.7732435403573425E-03
  1.7738720181879352E-03
  1.7745094796879381E-03
  1.7751558885115222E-03
  1.7758112094574468E-03
  1.7764754084522683E-03
  1.7771484525340138E-03
  1.7778303098363417E-03
  1.7785209495731432E-03
  1.7792203420236084E-03
  1.7799284585177141E-03
  1.7806452714221406E-03
  1.7813707541266036E-03
  1.7821048810305901E-03
  1.7828476275304911E-03
  1.7835989700071115E-03
  1.7843588858135657E-03
  1.7851273532635344E-03
  1.7859043516198813E-03
  1.7866898610836232E-03
  1.7874838627832414E-03
  1.7882863387643250E-03
  1.7890972719795464E-03
  1.7899166462789554E-03
  1.7907444464005926E-03
  1.7915806579613970E-03
  1.7924252674484304E-03
  1.7932782622103807E-03
  1.7941396304493708E-03
  1.7950093612130341E-03
  1.7958874443868799E-03
  1.7967738706869212E-03
  1.7976686316525776E-03
  1.7985717196398335E-03
  1.7994831278146583E-03
  1.8004028501466722E-03
  1.8013308814030734E-03
  1.8022672171427903E-03
  1.8032118537108872E-03
  1.8041647882332033E-03
  1.8051260186112146E-03
  1.8060955435171405E-03
  1.8070733623892544E-03
  1.8080594754274330E-03
  1.8090538835889127E-03
  1.8100565885842647E-03
  1.8110675928735833E-03
  1.8120868996628753E-03
  1.8131145129006681E-03
  1.8141504372748060E-03
  1.8151946782094647E-03
  1.8162472418623448E-03
  1.8173081351220829E-03
  1.8183773656058296E-03
  1.8194549416570528E-03
  1.8205408723434998E-03
  1.8216351674553697E-03
  1.8227378375036581E-03
  1.8238488937186935E-03
  1.8249683480488568E-03
  1.8260962131594807E-03
  1.8272325024319260E-03
  1.8283772299628441E-03
  1.8295304105636154E-03
  1.8306920597599575E-03
  1.8318621937917204E-03
  1.8330408296128480E-03
  1.8342279848915159E-03
  1.8354236780104452E-03
  1.8366279280673872E-03
  1.8378407548757759E-03
  0.0000000000000000E+00
  1.7532344310022215E-03
  1.7532414048187072E-03
  1.7532622210017495E-03
  1.7532967244529437E-03
  1.7533447637330135E-03
  1.7534061909696209E-03
  1.7534808617681206E-03
  1.7535686351251938E-03
  1.7536693733452243E-03
  1.7537829419593332E-03
  1.7539092096469772E-03
  1.7540480481599997E-03
  1.7541993322490780E-03
  1.7543629395924451E-03
  1.7545387507268341E-03
  1.7547266489805566E-03
  1.7549265204086315E-03
  1.7551382537299113E-03
  1.7553617402661207E-03
  1.7555968738827462E-03
  1.7558435509317241E-03
  1.7561016701958430E-03
  1.7563711328348307E-03
  1.7566518423330396E-03
  1.7569437044487055E-03
  1.7572466271647052E-03
  1.7575605206407755E-03
  1.7578852971671427E-03
  1.7582208711195112E-03
  1.7585671589153795E-03
  1.7589240789716294E-03
  1.7592915516633468E-03
  1.7596694992838484E-03
  1.7600578460058580E-03
  1.7604565178438122E-03
  1.7608654426172492E-03
  1.7612845499152510E-03
  1.7617137710619040E-03
  1.7621530390827549E-03
  1.7626022886722229E-03
  1.7630614561619346E-03
  1.7635304794899715E-03
  1.7640092981709840E-03
  1.7644978532671571E-03
  1.7649960873600018E-03
  1.7655039445229372E-03
  1.7660213702946558E-03
  1.7665483116532450E-03
  1.7670847169910253E-03
  1.7676305360901170E-03
  1.7681857200986806E-03
  1.7687502215078404E-03
  1.7693239941292556E-03
  1.7699069930733195E-03
  1.7704991747279821E-03
  1.7711004967381700E-03
  1.7717109179857845E-03
  1.7723303985702767E-03
  1.7729588997897586E-03
  1.7735963841226695E-03
  1.7742428152099472E-03
  1.7748981578377223E-03
  1.7755623779205020E-03
  1.7762354424848375E-03
  1.7769173196534565E-03
  1.7776079786298719E-03
  1.7783073896834110E-03
  1.7790155241347041E-03
  1.7797323543415895E-03
  1.7804578536854247E-03
  1.7811919965578210E-03
  1.7819347583477529E-03
  1.7826861154290670E-03
  1.7834460451483659E-03
  1.7842145258132490E-03
  1.7849915366809264E-03
  1.7857770579471756E-03
  1.7865710707356439E-03
  1.7873735570874852E-03
  1.7881844999513275E-03
  1.7890038831735555E-03
  1.7898316914889182E-03
  1.7906679105114337E-03
  1.7915125267255957E-03
  1.7923655274778814E-03
  1.7932269009685471E-03
  1.7940966362437014E-03
  1.7949747231876571E-03
  1.7958611525155661E-03
  1.7967559157663036E-03
  1.7976590052956288E-03
  1.7985704142695984E-03
  1.7994901366582300E-03
  1.8004181672294157E-03
  1.8013545015430812E-03
  1.8022991359455812E-03
  1.8032520675643358E-03
  1.8042132943026897E-03
  1.8051828148350115E-03
  1.8061606286020062E-03
  1.8071467358062583E-03
  1.8081411374079853E-03
  1.8091438351210121E-03
  1.8101548314089506E-03
  1.8111741294815993E-03
  1.8122017332915324E-03
  1.8132376475309103E-03
  1.8142818776284780E-03
  1.8153344297467692E-03
  1.8163953107795039E-03
  1.8174645283491793E-03
  1.8185420908048561E-03
  1.8196280072201333E-03
  1.8207222873913070E-03
  1.8218249418357256E-03
  1.8229359817903202E-03
  1.8240554192103225E-03
  1.8251832667681661E-03
  1.8263195378525612E-03
  1.8274642465677595E-03
  1.8286174077329880E-03
  1.8297790368820637E-03
  1.8309491502631820E-03
  1.8321277648388841E-03
  1.8333148982861952E-03
  1.8345105689969335E-03
  1.8357147960782040E-03
  1.8369275993530448E-03
  0.0000000000000000E+00
  1.7523207779412758E-03
  1.7523277528674979E-03
  1.7523485723060937E-03
  1.7523830810510252E-03
  1.7524311275590812E-03
  1.7524925638575468E-03
  1.7525672454548390E-03
  1.7526550312540084E-03
  1.7527557834690032E-03
  1.7528693675435943E-03
  1.7529956520728575E-03
  1.7531345087271274E-03
  1.7532858121783379E-03
  1.7534494400286574E-03
  1.7536252727413332E-03
  1.7538131935736822E-03
  1.7540130885121382E-03
  1.7542248462092929E-03
  1.7544483579228581E-03
  1.7546835174564773E-03
  1.7549302211023424E-03
  1.7551883675855269E-03
  1.7554578580100007E-03
  1.7557385958062585E-03
  1.7560304866805086E-03
  1.7563334385653755E-03
  1.7566473615720584E-03
  1.7569721679439048E-03
  1.7573077720113483E-03
  1.7576540901481710E-03
  1.7580110407290389E-03
  1.7583785440882854E-03
  1.7587565224798792E-03
  1.7591449000385676E-03
  1.7595436027421283E-03
  1.7599525583747279E-03
  1.7603716964913147E-03
  1.7608009483830475E-03
  1.7612402470437128E-03
  1.7616895271370980E-03
  1.7621487249652964E-03
  1.7626177784379185E-03
  1.7630966270421754E-03
  1.7635852118138161E-03
  1.7640834753088804E-03
  1.7645913615762659E-03
  1.7651088161310545E-03
  1.7656357859286073E-03
  1.7661722193393879E-03
  1.7667180661244911E-03
  1.7672732774118673E-03
  1.7678378056732217E-03
  1.7684116047015593E-03
  1.7689946295893670E-03
  1.7695868367074172E-03
  1.7701881836841564E-03
  1.7707986293857014E-03
  1.7714181338963771E-03
  1.7720466584998276E-03
  1.7726841656606463E-03
  1.7733306190065492E-03
  1.7739859833110407E-03
  1.7746502244765843E-03
  1.7753233095182557E-03
  1.7760052065478650E-03
  1.7766958847585399E-03
  1.7773953144097560E-03
  1.7781034668128055E-03
  1.7788203143166801E-03
  1.7795458302943892E-03
  1.7802799891296684E-03
  1.7810227662040841E-03
  1.7817741378845292E-03
  1.7825340815110942E-03
  1.7833025753853037E-03
  1.7840795987587189E-03
  1.7848651318218788E-03
  1.7856591556936043E-03
  1.7864616524106165E-03
  1.7872726049175008E-03
  1.7880919970569846E-03
  1.7889198135605266E-03
  1.7897560400392252E-03
  1.7906006629750111E-03
  1.7914536697121557E-03
  1.7923150484490510E-03
  1.7931847882302807E-03
  1.7940628789389697E-03
  1.7949493112894069E-03
  1.7958440768199293E-03
  1.7967471678860733E-03
  1.7976585776539856E-03
  1.7985783000940810E-03
  1.7995063299749510E-03
  1.8004426628575197E-03
  1.8013872950894366E-03
  1.8023402237997022E-03
  1.8033014468935330E-03
  1.8042709630474499E-03
  1.8052487717045921E-03
  1.8062348730702529E-03
  1.8072292681076312E-03
  1.8082319585338077E-03
  1.8092429468159184E-03
  1.8102622361675467E-03
  1.8112898305453233E-03
  1.8123257346457195E-03
  1.8133699539020561E-03
  1.8144224944816978E-03
  1.8154833632834520E-03
  1.8165525679351617E-03
  1.8176301167914816E-03
  1.8187160189318610E-03
  1.8198102841586992E-03
  1.8209129229956953E-03
  1.8220239466863824E-03
  1.8231433671928451E-03
  1.8242711971946175E-03
  1.8254074500877605E-03
  1.8265521399841254E-03
  1.8277052817107882E-03
  1.8288668908096623E-03
  1.8300369835372915E-03
  1.8312155768648148E-03
  1.8324026884781023E-03
  1.8335983367780758E-03
  1.8348025408811868E-03
  1.8360153206200818E-03
  0.0000000000000000E+00
  1.7514080008143031E-03
  1.7514149768503885E-03
  1.7514357995448934E-03
  1.7514703135841109E-03
  1.7515183673208602E-03
  1.7515798126820207E-03
  1.7516545050790388E-03
  1.7517423033213098E-03
  1.7518430695323249E-03
  1.7519566690684773E-03
  1.7520829704404418E-03
  1.7522218452370255E-03
  1.7523731680514035E-03
  1.7525368164096609E-03
  1.7527126707015432E-03
  1.7529006141133612E-03
  1.7531005325629510E-03
  1.7533123146366337E-03
  1.7535358515280946E-03
  1.7537710369791291E-03
  1.7540177672221745E-03
  1.7542759409245824E-03
  1.7545454591345606E-03
  1.7548262252287381E-03
  1.7551181448612939E-03
  1.7554211259145944E-03
  1.7557350784512993E-03
  1.7560599146678726E-03
  1.7563955488494791E-03
  1.7567418973261765E-03
  1.7570988784304234E-03
  1.7574664124557922E-03
  1.7578444216169084E-03
  1.7582328300105397E-03
  1.7586315635778106E-03
  1.7590405500675125E-03
  1.7594597190004647E-03
  1.7598890016349001E-03
  1.7603283309328450E-03
  1.7607776415274579E-03
  1.7612368696913016E-03
  1.7617059533055197E-03
  1.7621848318298884E-03
  1.7626734462737191E-03
  1.7631717391675915E-03
  1.7636796545358780E-03
  1.7641971378700545E-03
  1.7647241361027658E-03
  1.7652605975826163E-03
  1.7658064720496817E-03
  1.7663617106117057E-03
  1.7669262657209793E-03
  1.7675000911518586E-03
  1.7680831419789277E-03
  1.7686753745557835E-03
  1.7692767464944029E-03
  1.7698872166451161E-03
  1.7705067450771318E-03
  1.7711352930596235E-03
  1.7717728230433522E-03
  1.7724192986428113E-03
  1.7730746846188830E-03
  1.7737389468619937E-03
  1.7744120523757476E-03
  1.7750939692610409E-03
  1.7757846667006236E-03
  1.7764841149441213E-03
  1.7771922852934893E-03
  1.7779091500888839E-03
  1.7786346826949673E-03
  1.7793688574876049E-03
  1.7801116498409549E-03
  1.7808630361149643E-03
  1.7816229936432162E-03
  1.7823915007211650E-03
  1.7831685365947221E-03
  1.7839540814491984E-03
  1.7847481163985864E-03
  1.7855506234751826E-03
  1.7863615856195322E-03
  1.7871809866707052E-03
  1.7880088113568784E-03
  1.7888450452862303E-03
  1.7896896749381383E-03
  1.7905426876546630E-03
  1.7914040716323399E-03
  1.7922738159142316E-03
  1.7931519103822761E-03
  1.7940383457499039E-03
  1.7949331135549151E-03
  1.7958362061526263E-03
  1.7967476167092770E-03
  1.7976673391956817E-03
  1.7985953683811366E-03
  1.7995316998275640E-03
  1.8004763298839098E-03
  1.8014292556807596E-03
  1.8023904751252029E-03
  1.8033599868959151E-03
  1.8043377904384693E-03
  1.8053238859608710E-03
  1.8063182744293064E-03
  1.8073209575641086E-03
  1.8083319378359405E-03
  1.8093512184621755E-03
  1.8103788034034964E-03
  1.8114146973606915E-03
  1.8124589057716568E-03
  1.8135114348085887E-03
  1.8145722913753862E-03
  1.8156414831052331E-03
  1.8167190183583856E-03
  1.8178049062201427E-03
  1.8188991564990046E-03
  1.8200017797250243E-03
  1.8211127871483369E-03
  1.8222321907378828E-03
  1.8233600031802922E-03
  1.8244962378789825E-03
  1.8256409089534012E-03
  1.8267940312384746E-03
  1.8279556202842140E-03
  1.8291256923555100E-03
  1.8303042644320976E-03
  1.8314913542086977E-03
  1.8326869800953298E-03
  1.8338911612177963E-03
  1.8351039174183499E-03
  0.0000000000000000E+00
  1.7504960983652836E-03
  1.7505030755113598E-03
  1.7505239014621293E-03
  1.7505584207961808E-03
  1.7506064817623306E-03
  1.7506679361870205E-03
  1.7507426393846978E-03
  1.7508304500710777E-03
  1.7509312302791654E-03
  1.7510448452779572E-03
  1.7511711634937055E-03
  1.7513100564336694E-03
  1.7514613986122486E-03
  1.7516250674794258E-03
  1.7518009433514351E-03
  1.7519889093435643E-03
  1.7521888513050395E-03
  1.7524006577558985E-03
  1.7526242198257962E-03
  1.7528594311946647E-03
  1.7531061880351822E-03
  1.7533643889569705E-03
  1.7536339349524684E-03
  1.7539147293444356E-03
  1.7542066777350167E-03
  1.7545096879563156E-03
  1.7548236700224474E-03
  1.7551485360829972E-03
  1.7554842003778492E-03
  1.7558305791933453E-03
  1.7561875908197256E-03
  1.7565551555098098E-03
  1.7569331954388750E-03
  1.7573216346657135E-03
  1.7577203990947947E-03
  1.7581294164395376E-03
  1.7585486161866327E-03
  1.7589779295613891E-03
  1.7594172894940753E-03
  1.7598666305872251E-03
  1.7603258890838732E-03
  1.7607950028366969E-03
  1.7612739112780416E-03
  1.7617625553907861E-03
  1.7622608776800492E-03
  1.7627688221456860E-03
  1.7632863342555702E-03
  1.7638133609196296E-03
  1.7643498504646170E-03
  1.7648957526095928E-03
  1.7654510184420998E-03
  1.7660156003950159E-03
  1.7665894522240540E-03
  1.7671725289859018E-03
  1.7677647870169818E-03
  1.7683661839128049E-03
  1.7689766785079235E-03
  1.7695962308564312E-03
  1.7702248022130403E-03
  1.7708623550146776E-03
  1.7715088528626210E-03
  1.7721642605051371E-03
  1.7728285438206159E-03
  1.7735016698011993E-03
  1.7741836065368684E-03
  1.7748743232000048E-03
  1.7755737900303872E-03
  1.7762819783206363E-03
  1.7769988604020809E-03
  1.7777244096310370E-03
  1.7784586003755042E-03
  1.7792014080022425E-03
  1.7799528088642490E-03
  1.7807127802886089E-03
  1.7814813005647050E-03
  1.7822583489328109E-03
  1.7830439055730061E-03
  1.7838379515944640E-03
  1.7846404690250544E-03
  1.7854514408012900E-03
  1.7862708507585859E-03
  1.7870986836218412E-03
  1.7879349249963201E-03
  1.7887795613588428E-03
  1.7896325800492721E-03
  1.7904939692622820E-03
  1.7913637180394200E-03
  1.7922418162614430E-03
  1.7931282546409218E-03
  1.7940230247151248E-03
  1.7949261188391521E-03
  1.7958375301793377E-03
  1.7967572527068996E-03
  1.7976852811918366E-03
  1.7986216111970791E-03
  1.7995662390728657E-03
  1.8005191619513731E-03
  1.8014803777415633E-03
  1.8024498851242699E-03
  1.8034276835475020E-03
  1.8044137732219801E-03
  1.8054081551168756E-03
  1.8064108309557806E-03
  1.8074218032128830E-03
  1.8084410751093491E-03
  1.8094686506099176E-03
  1.8105045344196920E-03
  1.8115487319811450E-03
  1.8126012494713076E-03
  1.8136620937991691E-03
  1.8147312726032607E-03
  1.8158087942494346E-03
  1.8168946678288427E-03
  1.8179889031560883E-03
  1.8190915107675781E-03
  1.8202025019200519E-03
  1.8213218885892986E-03
  1.8224496834690572E-03
  1.8235858999700921E-03
  1.8247305522194536E-03
  1.8258836550599138E-03
  1.8270452240495847E-03
  1.8282152754617025E-03
  1.8293938262846014E-03
  1.8305808942218501E-03
  1.8317764976925640E-03
  1.8329806558319004E-03
  1.8341933884917139E-03
  0.0000000000000000E+00
  1.7495850693406004E-03
  1.7495920475967938E-03
  1.7496128768041824E-03
  1.7496474014336162E-03
  1.7496954696298726E-03
  1.7497569331189262E-03
  1.7498316471181970E-03
  1.7499194702496903E-03
  1.7500202644559041E-03
  1.7501338949184120E-03
  1.7502602299790267E-03
  1.7503991410634358E-03
  1.7505505026072471E-03
  1.7507141919843288E-03
  1.7508900894373813E-03
  1.7510780780106620E-03
  1.7512780434847731E-03
  1.7514898743134584E-03
  1.7517134615623294E-03
  1.7519486988494496E-03
  1.7521954822877306E-03
  1.7524537104290532E-03
  1.7527232842100868E-03
  1.7530041068997114E-03
  1.7532960840480340E-03
  1.7535991234368931E-03
  1.7539131350318589E-03
  1.7542380309356286E-03
  1.7545737253428094E-03
  1.7549201344960216E-03
  1.7552771766432926E-03
  1.7556447719966812E-03
  1.7560228426921228E-03
  1.7564113127504291E-03
  1.7568101080394176E-03
  1.7572191562371382E-03
  1.7576383867961515E-03
  1.7580677309088457E-03
  1.7585071214737365E-03
  1.7589564930627299E-03
  1.7594157818893378E-03
  1.7598849257777752E-03
  1.7603638641329568E-03
  1.7608525379113351E-03
  1.7613508895925700E-03
  1.7618588631520046E-03
  1.7623764040339128E-03
  1.7629034591255103E-03
  1.7634399767317015E-03
  1.7639859065505361E-03
  1.7645411996493577E-03
  1.7651058084416382E-03
  1.7656796866644502E-03
  1.7662627893565894E-03
  1.7668550728373097E-03
  1.7674564946856619E-03
  1.7680670137204214E-03
  1.7686865899805724E-03
  1.7693151847063689E-03
  1.7699527603209130E-03
  1.7705992804122688E-03
  1.7712547097160900E-03
  1.7719190140987392E-03
  1.7725921605408952E-03
  1.7732741171216345E-03
  1.7739648530029676E-03
  1.7746643384148350E-03
  1.7753725446405296E-03
  1.7760894440025511E-03
  1.7768150098488786E-03
  1.7775492165396480E-03
  1.7782920394342236E-03
  1.7790434548786607E-03
  1.7798034401935458E-03
  1.7805719736622024E-03
  1.7813490345192590E-03
  1.7821346029395764E-03
  1.7829286600275086E-03
  1.7837311878065045E-03
  1.7845421692090462E-03
  1.7853615880669012E-03
  1.7861894291016887E-03
  1.7870256779157639E-03
  1.7878703209833972E-03
  1.7887233456422517E-03
  1.7895847400851473E-03
  1.7904544933521178E-03
  1.7913325953227389E-03
  1.7922190367087310E-03
  1.7931138090468276E-03
  1.7940169046919189E-03
  1.7949283168104361E-03
  1.7958480393740004E-03
  1.7967760671533204E-03
  1.7977123957123298E-03
  1.7986570214025715E-03
  1.7996099413578085E-03
  1.8005711534888806E-03
  1.8015406564787805E-03
  1.8025184497779570E-03
  1.8035045335998449E-03
  1.8044989089166048E-03
  1.8055015774550893E-03
  1.8065125416930124E-03
  1.8075318048553350E-03
  1.8085593709108510E-03
  1.8095952445689844E-03
  1.8106394312767859E-03
  1.8116919372161199E-03
  1.8127527693010688E-03
  1.8138219351755088E-03
  1.8148994432108949E-03
  1.8159853025042280E-03
  1.8170795228762183E-03
  1.8181821148696247E-03
  1.8192930897477911E-03
  1.8204124594933635E-03
  1.8215402368071799E-03
  1.8226764351073584E-03
  1.8238210685285489E-03
  1.8249741519213737E-03
  1.8261357008520422E-03
  1.8273057316021400E-03
  1.8284842611685957E-03
  1.8296713072638259E-03
  1.8308668883160485E-03
  1.8320710234697684E-03
  1.8332837325864449E-03
  0.0000000000000000E+00
  1.7486749124890309E-03
  1.7486818918554690E-03
  1.7487027243198320E-03
  1.7487372542451950E-03
  1.7487853296722653E-03
  1.7488468022265153E-03
  1.7489215270283132E-03
  1.7490093626059246E-03
  1.7491101708113162E-03
  1.7492238167386180E-03
  1.7493501686451772E-03
  1.7494890978750968E-03
  1.7496404787851736E-03
  1.7498041886731394E-03
  1.7499801077081524E-03
  1.7501681188634231E-03
  1.7503681078509178E-03
  1.7505799630580772E-03
  1.7508035754864582E-03
  1.7510388386922477E-03
  1.7512856487285778E-03
  1.7515439040895902E-03
  1.7518135056561693E-03
  1.7520943566433193E-03
  1.7523863625490989E-03
  1.7526894311050807E-03
  1.7530034722282829E-03
  1.7533283979745140E-03
  1.7536641224931049E-03
  1.7540105619829522E-03
  1.7543676346498647E-03
  1.7547352606651469E-03
  1.7551133621253874E-03
  1.7555018630134225E-03
  1.7559006891604135E-03
  1.7563097682090456E-03
  1.7567290295777518E-03
  1.7571584044260001E-03
  1.7575978256205512E-03
  1.7580472277026937E-03
  1.7585065468564147E-03
  1.7589757208774706E-03
  1.7594546891433508E-03
  1.7599433925840817E-03
  1.7604417736538699E-03
  1.7609497763035476E-03
  1.7614673459537930E-03
  1.7619944294691157E-03
  1.7625309751325741E-03
  1.7630769326212117E-03
  1.7636322529821799E-03
  1.7641968886095449E-03
  1.7647707932217456E-03
  1.7653539218396876E-03
  1.7659462307654634E-03
  1.7665476775616670E-03
  1.7671582210313003E-03
  1.7677778211982464E-03
  1.7684064392883025E-03
  1.7690440377107484E-03
  1.7696905800404427E-03
  1.7703460310004304E-03
  1.7710103564450481E-03
  1.7716835233435205E-03
  1.7723654997640185E-03
  1.7730562548581941E-03
  1.7737557588461473E-03
  1.7744639830018470E-03
  1.7751808996389722E-03
  1.7759064820971678E-03
  1.7766407047287104E-03
  1.7773835428855718E-03
  1.7781349729068720E-03
  1.7788949721067020E-03
  1.7796635187623258E-03
  1.7804405921027389E-03
  1.7812261722975798E-03
  1.7820202404463892E-03
  1.7828227785682018E-03
  1.7836337695914706E-03
  1.7844531973443159E-03
  1.7852810465450865E-03
  1.7861173027932296E-03
  1.7869619525604670E-03
  1.7878149831822661E-03
  1.7886763828495987E-03
  1.7895461406009869E-03
  1.7904242463148287E-03
  1.7913106907019925E-03
  1.7922054652986872E-03
  1.7931085624595905E-03
  1.7940199753512334E-03
  1.7949396979456478E-03
  1.7958677250142494E-03
  1.7968040521219824E-03
  1.7977486756216897E-03
  1.7987015926487285E-03
  1.7996628011158174E-03
  1.8006322997081103E-03
  1.8016100878784963E-03
  1.8025961658431273E-03
  1.8035905345771563E-03
  1.8045931958106960E-03
  1.8056041520249900E-03
  1.8066234064487937E-03
  1.8076509630549607E-03
  1.8086868265572340E-03
  1.8097310024072417E-03
  1.8107834967916881E-03
  1.8118443166297469E-03
  1.8129134695706415E-03
  1.8139909639914283E-03
  1.8150768089949623E-03
  1.8161710144080562E-03
  1.8172735907798262E-03
  1.8183845493802214E-03
  1.8195039021987396E-03
  1.8206316619433247E-03
  1.8217678420394449E-03
  1.8229124566293527E-03
  1.8240655205715194E-03
  1.8252270494402523E-03
  1.8263970595254848E-03
  1.8275755678327441E-03
  1.8287625920832928E-03
  1.8299581507144485E-03
  1.8311622628800661E-03
  1.8323749484512090E-03
  0.0000000000000000E+00
  1.7477656265617435E-03
  1.7477726070385528E-03
  1.7477934427602465E-03
  1.7478279779820859E-03
  1.7478760606406748E-03
  1.7479375422609568E-03
  1.7480122778662113E-03
  1.7481001258909461E-03
  1.7482009480965671E-03
  1.7483146094897384E-03
  1.7484409782433231E-03
  1.7485799256198170E-03
  1.7487313258971865E-03
  1.7488950562970171E-03
  1.7490709969149080E-03
  1.7492590306530051E-03
  1.7494590431546312E-03
  1.7496709227409115E-03
  1.7498945603493369E-03
  1.7501298494742089E-03
  1.7503766861088760E-03
  1.7506349686897285E-03
  1.7509045980418662E-03
  1.7511854773264064E-03
  1.7514775119893552E-03
  1.7517806097120179E-03
  1.7520946803628566E-03
  1.7524196359507925E-03
  1.7527553905798722E-03
  1.7531018604052683E-03
  1.7534589635905746E-03
  1.7538266202663355E-03
  1.7542047524897965E-03
  1.7545932842058158E-03
  1.7549921412089069E-03
  1.7554012511063804E-03
  1.7558205432825511E-03
  1.7562499488639667E-03
  1.7566894006856360E-03
  1.7571388332582312E-03
  1.7575981827362176E-03
  1.7580673868868959E-03
  1.7585463850603314E-03
  1.7590351181601311E-03
  1.7595335286150508E-03
  1.7600415603514145E-03
  1.7605591587663109E-03
  1.7610862707015437E-03
  1.7616228444183332E-03
  1.7621688295727173E-03
  1.7627241771916594E-03
  1.7632888396498271E-03
  1.7638627706470288E-03
  1.7644459251862851E-03
  1.7650382595525301E-03
  1.7656397312919051E-03
  1.7662502991916450E-03
  1.7668699232605333E-03
  1.7674985647099181E-03
  1.7681361859352618E-03
  1.7687827504982187E-03
  1.7694382231092313E-03
  1.7701025696106169E-03
  1.7707757569601463E-03
  1.7714577532150950E-03
  1.7721485275167528E-03
  1.7728480500753909E-03
  1.7735562921556577E-03
  1.7742732260624132E-03
  1.7749988251269718E-03
  1.7757330636937573E-03
  1.7764759171073538E-03
  1.7772273616999471E-03
  1.7779873747791396E-03
  1.7787559346161385E-03
  1.7795330204343107E-03
  1.7803186123980762E-03
  1.7811126916021675E-03
  1.7819152400612055E-03
  1.7827262406996201E-03
  1.7835456773418897E-03
  1.7843735347030912E-03
  1.7852097983797721E-03
  1.7860544548411077E-03
  1.7869074914203737E-03
  1.7877688963066944E-03
  1.7886386585370838E-03
  1.7895167679887649E-03
  1.7904032153717624E-03
  1.7912979922217582E-03
  1.7922010908932205E-03
  1.7931125045527855E-03
  1.7940322271728941E-03
  1.7949602535256770E-03
  1.7958965791770862E-03
  1.7968412004812726E-03
  1.7977941145751856E-03
  1.7987553193734261E-03
  1.7997248135633104E-03
  1.8007025966001713E-03
  1.8016886687028807E-03
  1.8026830308495822E-03
  1.8036856847736535E-03
  1.8046966329598691E-03
  1.8057158786407793E-03
  1.8067434257932982E-03
  1.8077792791354919E-03
  1.8088234441235667E-03
  1.8098759269490655E-03
  1.8109367345362562E-03
  1.8120058745397113E-03
  1.8130833553420889E-03
  1.8141691860520982E-03
  1.8152633765026569E-03
  1.8163659372492373E-03
  1.8174768795683942E-03
  1.8185962154564810E-03
  1.8197239576285440E-03
  1.8208601195174063E-03
  1.8220047152729189E-03
  1.8231577597614050E-03
  1.8243192685652690E-03
  1.8254892579827920E-03
  1.8266677450281005E-03
  1.8278547474313042E-03
  1.8290502836388180E-03
  1.8302543728138485E-03
  1.8314670348370627E-03
  0.0000000000000000E+00
  1.7468572103122918E-03
  1.7468641918995987E-03
  1.7468850308789770E-03
  1.7469195713978407E-03
  1.7469676612886550E-03
  1.7470291519758011E-03
  1.7471038983854457E-03
  1.7471917588583069E-03
  1.7472925950652073E-03
  1.7474062719253227E-03
  1.7475326575270113E-03
  1.7476716230511423E-03
  1.7478230426968334E-03
  1.7479867936095088E-03
  1.7481627558111898E-03
  1.7483508121329519E-03
  1.7485508481494549E-03
  1.7487627521154993E-03
  1.7489864149045026E-03
  1.7492217299488713E-03
  1.7494685931821611E-03
  1.7497269029830046E-03
  1.7499965601207089E-03
  1.7502774677024991E-03
  1.7505695311223319E-03
  1.7508726580112320E-03
  1.7511867581891075E-03
  1.7515117436179858E-03
  1.7518475283566308E-03
  1.7521940285164905E-03
  1.7525511622189373E-03
  1.7529188495537616E-03
  1.7532970125388636E-03
  1.7536855750811234E-03
  1.7540844629384039E-03
  1.7544936036826512E-03
  1.7549129266640564E-03
  1.7553423629762489E-03
  1.7557818454224921E-03
  1.7562313084828398E-03
  1.7566906882822417E-03
  1.7571599225595430E-03
  1.7576389506373921E-03
  1.7581277133929740E-03
  1.7586261532296016E-03
  1.7591342140490945E-03
  1.7596518412249500E-03
  1.7601789815762780E-03
  1.7607155833424572E-03
  1.7612615961585310E-03
  1.7618169710312747E-03
  1.7623816603159620E-03
  1.7629556176937734E-03
  1.7635387981498533E-03
  1.7641311579519796E-03
  1.7647326546298453E-03
  1.7653432469549226E-03
  1.7659628949209002E-03
  1.7665915597246816E-03
  1.7672292037479147E-03
  1.7678757905390597E-03
  1.7685312847959555E-03
  1.7691956523489057E-03
  1.7698688601442323E-03
  1.7705508762283189E-03
  1.7712416697321014E-03
  1.7719412108560212E-03
  1.7726494708554140E-03
  1.7733664220263242E-03
  1.7740920376917411E-03
  1.7748262921882386E-03
  1.7755691608530187E-03
  1.7763206200113349E-03
  1.7770806469643060E-03
  1.7778492199770888E-03
  1.7786263182674197E-03
  1.7794119219945110E-03
  1.7802060122482863E-03
  1.7810085710389589E-03
  1.7818195812869381E-03
  1.7826390268130630E-03
  1.7834668923291475E-03
  1.7843031634288342E-03
  1.7851478265787611E-03
  1.7860008691100138E-03
  1.7868622792098722E-03
  1.7877320459138480E-03
  1.7886101590979904E-03
  1.7894966094714802E-03
  1.7903913885694775E-03
  1.7912944887462469E-03
  1.7922059031685292E-03
  1.7931256258091775E-03
  1.7940536514410390E-03
  1.7949899756310810E-03
  1.7959345947347579E-03
  1.7968875058906192E-03
  1.7978487070151442E-03
  1.7988181967978185E-03
  1.7997959746964207E-03
  1.8007820409325418E-03
  1.8017763964873214E-03
  1.8027790430973991E-03
  1.8037899832510855E-03
  1.8048092201847280E-03
  1.8058367578793024E-03
  1.8068726010571953E-03
  1.8079167551791971E-03
  1.8089692264416899E-03
  1.8100300217740355E-03
  1.8110991488361565E-03
  1.8121766160163141E-03
  1.8132624324290732E-03
  1.8143566079134570E-03
  1.8154591530312948E-03
  1.8165700790657483E-03
  1.8176893980200251E-03
  1.8188171226162777E-03
  1.8199532662946810E-03
  1.8210978432126883E-03
  1.8222508682444699E-03
  1.8234123569805332E-03
  1.8245823257275044E-03
  1.8257607915081076E-03
  1.8269477720613005E-03
  1.8281432858425982E-03
  1.8293473520245573E-03
  1.8305599904974465E-03
  0.0000000000000000E+00
  1.7459496624966072E-03
  1.7459566451945394E-03
  1.7459774874319575E-03
  1.7460120332483918E-03
  1.7460601303721356E-03
  1.7461216301269795E-03
  1.7461963873419441E-03
  1.7462842602639350E-03
  1.7463851104731662E-03
  1.7464988028013007E-03
  1.7466252052521702E-03
  1.7467641889249992E-03
  1.7469156279400406E-03
  1.7470793993665380E-03
  1.7472553831529235E-03
  1.7474434620591843E-03
  1.7476435215913093E-03
  1.7478554499377604E-03
  1.7480791379078740E-03
  1.7483144788721498E-03
  1.7485613687043466E-03
  1.7488197057253289E-03
  1.7490893906486069E-03
  1.7493703265275093E-03
  1.7496624187039345E-03
  1.7499655747586272E-03
  1.7502797044629383E-03
  1.7506047197319958E-03
  1.7509405345792813E-03
  1.7512870650725140E-03
  1.7516442292908507E-03
  1.7520119472833207E-03
  1.7523901410284794E-03
  1.7527787343952325E-03
  1.7531776531047936E-03
  1.7535868246937420E-03
  1.7540061784781483E-03
  1.7544356455187289E-03
  1.7548751585869972E-03
  1.7553246521323975E-03
  1.7557840622503607E-03
  1.7562533266512873E-03
  1.7567323846304033E-03
  1.7572211770384813E-03
  1.7577196462533896E-03
  1.7582277361524498E-03
  1.7587453920855764E-03
  1.7592725608491797E-03
  1.7598091906608085E-03
  1.7603552311345099E-03
  1.7609106332568795E-03
  1.7614753493638015E-03
  1.7620493331178338E-03
  1.7626325394862444E-03
  1.7632249247196618E-03
  1.7638264463313332E-03
  1.7644370630769774E-03
  1.7650567349351911E-03
  1.7656854230884362E-03
  1.7663230899045523E-03
  1.7669696989188045E-03
  1.7676252148164406E-03
  1.7682896034157496E-03
  1.7689628316516146E-03
  1.7696448675595265E-03
  1.7703356802600723E-03
  1.7710352399438719E-03
  1.7717435178569482E-03
  1.7724604862865380E-03
  1.7731861185473067E-03
  1.7739203889679844E-03
  1.7746632728783923E-03
  1.7754147465968619E-03
  1.7761747874180270E-03
  1.7769433736009982E-03
  1.7777204843578921E-03
  1.7785060998427079E-03
  1.7793002011405709E-03
  1.7801027702572855E-03
  1.7809137901092481E-03
  1.7817332445136589E-03
  1.7825611181790733E-03
  1.7833973966962359E-03
  1.7842420665292460E-03
  1.7850951150070057E-03
  1.7859565303149532E-03
  1.7868263014870968E-03
  1.7877044183983205E-03
  1.7885908717569616E-03
  1.7894856530976644E-03
  1.7903887547744874E-03
  1.7913001699542816E-03
  1.7922198926103171E-03
  1.7931479175161567E-03
  1.7940842402397828E-03
  1.7950288571379619E-03
  1.7959817653508412E-03
  1.7969429627967878E-03
  1.7979124481674522E-03
  1.7988902209230600E-03
  1.7998762812879263E-03
  1.8008706302461873E-03
  1.8018732695377498E-03
  1.8028842016544568E-03
  1.8039034298364561E-03
  1.8049309580687872E-03
  1.8059667910781607E-03
  1.8070109343299495E-03
  1.8080633940253763E-03
  1.8091241770989001E-03
  1.8101932912157920E-03
  1.8112707447699207E-03
  1.8123565468817048E-03
  1.8134507073962747E-03
  1.8145532368818178E-03
  1.8156641466281016E-03
  1.8167834486451913E-03
  1.8179111556623443E-03
  1.8190472811270863E-03
  1.8201918392044757E-03
  1.8213448447765323E-03
  1.8225063134418597E-03
  1.8236762615154371E-03
  1.8248547060285816E-03
  1.8260416647291025E-03
  1.8272371560816099E-03
  1.8284411992680110E-03
  1.8296538141881786E-03
  0.0000000000000000E+00
  1.7450429818729959E-03
  1.7450499656816788E-03
  1.7450708111774922E-03
  1.7451053622920426E-03
  1.7451534666494226E-03
  1.7452149754727953E-03
  1.7452897434940128E-03
  1.7453776288661345E-03
  1.7454784930787453E-03
  1.7455922008759723E-03
  1.7457186201771000E-03
  1.7458576219996874E-03
  1.7460090803851070E-03
  1.7461728723264028E-03
  1.7463488776984044E-03
  1.7465369791899964E-03
  1.7467370622384864E-03
  1.7469490149659870E-03
  1.7471727281177416E-03
  1.7474080950023345E-03
  1.7476550114337186E-03
  1.7479133756749868E-03
  1.7481830883838449E-03
  1.7484640525597187E-03
  1.7487561734924446E-03
  1.7490593587124841E-03
  1.7493735179426244E-03
  1.7496985630510967E-03
  1.7500344080060945E-03
  1.7503809688316102E-03
  1.7507381635645811E-03
  1.7511059122132769E-03
  1.7514841367169086E-03
  1.7518727609064065E-03
  1.7522717104663354E-03
  1.7526809128979124E-03
  1.7531002974830860E-03
  1.7535297952496593E-03
  1.7539693389374050E-03
  1.7544188629651535E-03
  1.7548783033988246E-03
  1.7553475979203723E-03
  1.7558266857976084E-03
  1.7563155078548930E-03
  1.7568140064446558E-03
  1.7573221254197204E-03
  1.7578398101064235E-03
  1.7583670072784828E-03
  1.7589036651316189E-03
  1.7594497332588867E-03
  1.7600051626267075E-03
  1.7605699055515762E-03
  1.7611439156774360E-03
  1.7617271479536819E-03
  1.7623195586137991E-03
  1.7629211051545951E-03
  1.7635317463160325E-03
  1.7641514420616250E-03
  1.7647801535593981E-03
  1.7654178431633879E-03
  1.7660644743956683E-03
  1.7667200119288993E-03
  1.7673844215693631E-03
  1.7680576702405028E-03
  1.7687397259669253E-03
  1.7694305578588746E-03
  1.7701301360971483E-03
  1.7708384319184650E-03
  1.7715554176012565E-03
  1.7722810664518697E-03
  1.7730153527911953E-03
  1.7737582519416779E-03
  1.7745097402147273E-03
  1.7752697948985022E-03
  1.7760383942460694E-03
  1.7768155174639241E-03
  1.7776011447008650E-03
  1.7783952570372143E-03
  1.7791978364743802E-03
  1.7800088659247421E-03
  1.7808283292018729E-03
  1.7816562110110634E-03
  1.7824924969401703E-03
  1.7833371734507584E-03
  1.7841902278695426E-03
  1.7850516483801273E-03
  1.7859214240150234E-03
  1.7867995446479480E-03
  1.7876860009864016E-03
  1.7885807845645100E-03
  1.7894838877361328E-03
  1.7903953036682335E-03
  1.7913150263344990E-03
  1.7922430505092147E-03
  1.7931793717613817E-03
  1.7941239864490747E-03
  1.7950768917140445E-03
  1.7960380854765453E-03
  1.7970075664303987E-03
  1.7979853340382779E-03
  1.7989713885272238E-03
  1.7999657308843699E-03
  1.8009683628528927E-03
  1.8019792869281694E-03
  1.8029985063541532E-03
  1.8040260251199426E-03
  1.8050618479565766E-03
  1.8061059803340131E-03
  1.8071584284583152E-03
  1.8082191992690390E-03
  1.8092883004368102E-03
  1.8103657403610990E-03
  1.8114515281681823E-03
  1.8125456737092995E-03
  1.8136481875589948E-03
  1.8147590810136444E-03
  1.8158783660901694E-03
  1.8170060555249324E-03
  1.8181421627728148E-03
  1.8192867020064730E-03
  1.8204396881157825E-03
  1.8216011367074437E-03
  1.8227710641047833E-03
  1.8239494873477176E-03
  1.8251364241929000E-03
  1.8263318931140426E-03
  1.8275359133024019E-03
  1.8287485046674518E-03
  0.0000000000000000E+00
  1.7441371672021308E-03
  1.7441441521216918E-03
  1.7441650008762535E-03
  1.7441995572894688E-03
  1.7442476688811872E-03
  1.7443091867739224E-03
  1.7443839656023207E-03
  1.7444718634255770E-03
  1.7445727416426165E-03
  1.7446864649100079E-03
  1.7448129010624691E-03
  1.7449519210358743E-03
  1.7451033987926968E-03
  1.7452672112497679E-03
  1.7454432382082957E-03
  1.7456313622860539E-03
  1.7458314688516491E-03
  1.7460434459608397E-03
  1.7462671842947625E-03
  1.7465025771000822E-03
  1.7467495201309345E-03
  1.7470079115926326E-03
  1.7472776520870746E-03
  1.7475586445597766E-03
  1.7478507942485096E-03
  1.7481540086334475E-03
  1.7484681973888097E-03
  1.7487932723359307E-03
  1.7491291473977131E-03
  1.7494757385544198E-03
  1.7498329638007660E-03
  1.7502007431042658E-03
  1.7505789983647835E-03
  1.7509676533752753E-03
  1.7513666337836589E-03
  1.7517758670557858E-03
  1.7521952824394902E-03
  1.7526248109296634E-03
  1.7530643852343350E-03
  1.7535139397417271E-03
  1.7539734104882506E-03
  1.7544427351274137E-03
  1.7549218528996203E-03
  1.7554107046028203E-03
  1.7559092325640073E-03
  1.7564173806115136E-03
  1.7569350940480968E-03
  1.7574623196247908E-03
  1.7579990055154883E-03
  1.7585451012922600E-03
  1.7591005579013514E-03
  1.7596653276398806E-03
  1.7602393641331716E-03
  1.7608226223127580E-03
  1.7614150583949810E-03
  1.7620166298602149E-03
  1.7626272954326732E-03
  1.7632470150607882E-03
  1.7638757498981525E-03
  1.7645134622850038E-03
  1.7651601157302329E-03
  1.7658156748939118E-03
  1.7664801055703222E-03
  1.7671533746714742E-03
  1.7678354502110925E-03
  1.7685263012890819E-03
  1.7692258980764241E-03
  1.7699342118005393E-03
  1.7706512147310531E-03
  1.7713768801660037E-03
  1.7721111824184415E-03
  1.7728540968034437E-03
  1.7736055996255017E-03
  1.7743656681662992E-03
  1.7751342806728667E-03
  1.7759114163460831E-03
  1.7766970553295457E-03
  1.7774911786987843E-03
  1.7782937684508069E-03
  1.7791048074939856E-03
  1.7799242796382648E-03
  1.7807521695856808E-03
  1.7815884629212000E-03
  1.7824331461038544E-03
  1.7832862064581835E-03
  1.7841476321659557E-03
  1.7850174122581862E-03
  1.7858955366074312E-03
  1.7867819959203560E-03
  1.7876767817305713E-03
  1.7885798863917406E-03
  1.7894913030709425E-03
  1.7904110257422846E-03
  1.7913390491807743E-03
  1.7922753689564338E-03
  1.7932199814286527E-03
  1.7941728837407853E-03
  1.7951340738149753E-03
  1.7961035503472147E-03
  1.7970813128026317E-03
  1.7980673614109905E-03
  1.7990616971624268E-03
  1.8000643218033863E-03
  1.8010752378327841E-03
  1.8020944484983753E-03
  1.8031219577933268E-03
  1.8041577704530016E-03
  1.8052018919519454E-03
  1.8062543285010636E-03
  1.8073150870450106E-03
  1.8083841752597671E-03
  1.8094616015504057E-03
  1.8105473750490643E-03
  1.8116415056130895E-03
  1.8127440038233848E-03
  1.8138548809829343E-03
  1.8149741491155177E-03
  1.8161018209646019E-03
  1.8172379099924228E-03
  1.8183824303792413E-03
  1.8195353970227809E-03
  1.8206968255378428E-03
  1.8218667322561014E-03
  1.8230451342260716E-03
  1.8242320492132542E-03
  1.8254274957004582E-03
  1.8266314928882912E-03
  1.8278440606958289E-03
  0.0000000000000000E+00
  1.7432322172470456E-03
  1.7432392032776108E-03
  1.7432600552912763E-03
  1.7432946170037023E-03
  1.7433427358304657E-03
  1.7434042627933921E-03
  1.7434790524299036E-03
  1.7435669627052940E-03
  1.7436678549278086E-03
  1.7437815936664387E-03
  1.7439080466713076E-03
  1.7440470847965908E-03
  1.7441985819258400E-03
  1.7443624148996595E-03
  1.7445384634456247E-03
  1.7447266101103774E-03
  1.7449267401938211E-03
  1.7451387416853390E-03
  1.7453625052019574E-03
  1.7455979239284097E-03
  1.7458448935590090E-03
  1.7461033122412818E-03
  1.7463730805213087E-03
  1.7466541012906955E-03
  1.7469462797351386E-03
  1.7472495232845244E-03
  1.7475637415645014E-03
  1.7478888463495022E-03
  1.7482247515171372E-03
  1.7485713730039396E-03
  1.7489286287624044E-03
  1.7492964387192834E-03
  1.7496747247350984E-03
  1.7500634105648313E-03
  1.7504624218197531E-03
  1.7508716859303531E-03
  1.7512911321103492E-03
  1.7517206913217247E-03
  1.7521602962407682E-03
  1.7526098812250970E-03
  1.7530693822816140E-03
  1.7535387370353874E-03
  1.7540178846994121E-03
  1.7545067660452343E-03
  1.7550053233744139E-03
  1.7555135004907957E-03
  1.7560312426735647E-03
  1.7565584966510676E-03
  1.7570952105753805E-03
  1.7576413339975895E-03
  1.7581968178437726E-03
  1.7587616143916699E-03
  1.7593356772479985E-03
  1.7599189613264267E-03
  1.7605114228261619E-03
  1.7611130192111460E-03
  1.7617237091898475E-03
  1.7623434526956253E-03
  1.7629722108676443E-03
  1.7636099460323460E-03
  1.7642566216854397E-03
  1.7649122024744207E-03
  1.7655766541815698E-03
  1.7662499437074686E-03
  1.7669320390549671E-03
  1.7676229093136315E-03
  1.7683225246446371E-03
  1.7690308562661032E-03
  1.7697478764388611E-03
  1.7704735584526386E-03
  1.7712078766126565E-03
  1.7719508062266204E-03
  1.7727023235921129E-03
  1.7734624059843477E-03
  1.7742310316443189E-03
  1.7750081797672952E-03
  1.7757938304916777E-03
  1.7765879648882052E-03
  1.7773905649494904E-03
  1.7782016135799029E-03
  1.7790210945857607E-03
  1.7798489926658476E-03
  1.7806852934022456E-03
  1.7815299832514599E-03
  1.7823830495358513E-03
  1.7832444804353606E-03
  1.7841142649795084E-03
  1.7849923930396922E-03
  1.7858788553217445E-03
  1.7867736433587688E-03
  1.7876767495042321E-03
  1.7885881669253284E-03
  1.7895078895965916E-03
  1.7904359122937542E-03
  1.7913722305878598E-03
  1.7923168408396160E-03
  1.7932697401939824E-03
  1.7942309265749949E-03
  1.7952003986808217E-03
  1.7961781559790403E-03
  1.7971641987021465E-03
  1.7981585278432756E-03
  1.7991611451521486E-03
  1.8001720531312169E-03
  1.8011912550320410E-03
  1.8022187548518570E-03
  1.8032545573303544E-03
  1.8042986679466647E-03
  1.8053510929165392E-03
  1.8064118391897342E-03
  1.8074809144475793E-03
  1.8085583271007601E-03
  1.8096440862872688E-03
  1.8107382018705633E-03
  1.8118406844379066E-03
  1.8129515452988917E-03
  1.8140707964841556E-03
  1.8151984507442718E-03
  1.8163345215488323E-03
  1.8174790230856999E-03
  1.8186319702604477E-03
  1.8197933786959779E-03
  1.8209632647323143E-03
  1.8221416454265677E-03
  1.8233285385530864E-03
  1.8245239626037773E-03
  1.8257279367885995E-03
  1.8269404810362299E-03
  0.0000000000000000E+00
  1.7423281307731330E-03
  1.7423351179148300E-03
  1.7423559731879533E-03
  1.7423905402001341E-03
  1.7424386662626468E-03
  1.7425002022965963E-03
  1.7425750027421486E-03
  1.7426629254706737E-03
  1.7427638316997130E-03
  1.7428775859106506E-03
  1.7430040557690032E-03
  1.7431431120472204E-03
  1.7432946285499216E-03
  1.7434584820414630E-03
  1.7436345521757725E-03
  1.7438227214283508E-03
  1.7440228750303802E-03
  1.7442349009048634E-03
  1.7444586896047027E-03
  1.7446941342526940E-03
  1.7449411304833165E-03
  1.7451995763863055E-03
  1.7454693724519178E-03
  1.7457504215178420E-03
  1.7460426287177007E-03
  1.7463459014310796E-03
  1.7466601492350619E-03
  1.7469852838571712E-03
  1.7473212191297265E-03
  1.7476678709455280E-03
  1.7480251572148493E-03
  1.7483929978236812E-03
  1.7487713145932034E-03
  1.7491600312404241E-03
  1.7495590733399638E-03
  1.7499683682869578E-03
  1.7503878452610052E-03
  1.7508174351911837E-03
  1.7512570707220443E-03
  1.7517066861805998E-03
  1.7521662175442507E-03
  1.7526356024096263E-03
  1.7531147799623153E-03
  1.7536036909474642E-03
  1.7541022776412047E-03
  1.7546104838228936E-03
  1.7551282547481474E-03
  1.7556555371226340E-03
  1.7561922790766133E-03
  1.7567384301401920E-03
  1.7572939412192866E-03
  1.7578587645722601E-03
  1.7584328537872270E-03
  1.7590161637599988E-03
  1.7596086506726481E-03
  1.7602102719726940E-03
  1.7608209863528639E-03
  1.7614407537314444E-03
  1.7620695352331777E-03
  1.7627072931707139E-03
  1.7633539910265918E-03
  1.7640095934357235E-03
  1.7646740661684027E-03
  1.7653473761137814E-03
  1.7660294912638418E-03
  1.7667203806978179E-03
  1.7674200145670785E-03
  1.7681283640804501E-03
  1.7688454014899704E-03
  1.7695711000770655E-03
  1.7703054341391259E-03
  1.7710483789764959E-03
  1.7717999108798476E-03
  1.7725600071179313E-03
  1.7733286459257101E-03
  1.7741058064928447E-03
  1.7748914689525443E-03
  1.7756856143707593E-03
  1.7764882247357139E-03
  1.7772992829477748E-03
  1.7781187728096385E-03
  1.7789466790168447E-03
  1.7797829871485889E-03
  1.7806276836588527E-03
  1.7814807558678262E-03
  1.7823421919536187E-03
  1.7832119809442657E-03
  1.7840901127100079E-03
  1.7849765779558474E-03
  1.7858713682143796E-03
  1.7867744758388821E-03
  1.7876858939966682E-03
  1.7886056166626964E-03
  1.7895336386134293E-03
  1.7904699554209340E-03
  1.7914145634472397E-03
  1.7923674598389117E-03
  1.7933286425218815E-03
  1.7942981101964929E-03
  1.7952758623327779E-03
  1.7962618991659649E-03
  1.7972562216921938E-03
  1.7982588316644546E-03
  1.7992697315887443E-03
  1.8002889247204273E-03
  1.8013164150608087E-03
  1.8023522073539087E-03
  1.8033963070834462E-03
  1.8044487204700200E-03
  1.8055094544684848E-03
  1.8065785167655278E-03
  1.8076559157774394E-03
  1.8087416606480736E-03
  1.8098357612469989E-03
  1.8109382281678377E-03
  1.8120490727267932E-03
  1.8131683069613602E-03
  1.8142959436292215E-03
  1.8154319962073212E-03
  1.8165764788911243E-03
  1.8177294065940609E-03
  1.8188907949471284E-03
  1.8200606602986990E-03
  1.8212390197144812E-03
  1.8224258909776748E-03
  1.8236212925892802E-03
  1.8248252437686064E-03
  1.8260377644539335E-03
  0.0000000000000000E+00
  1.7414249065481342E-03
  1.7414318948010894E-03
  1.7414527533340240E-03
  1.7414873256465068E-03
  1.7415354589454719E-03
  1.7415970040512768E-03
  1.7416718153067969E-03
  1.7417597504894580E-03
  1.7418606707260672E-03
  1.7419744404103832E-03
  1.7421009271232917E-03
  1.7422400015555013E-03
  1.7423915374326748E-03
  1.7425554114429110E-03
  1.7427315031664718E-03
  1.7429196950077034E-03
  1.7431198721290576E-03
  1.7433319223871409E-03
  1.7435557362707275E-03
  1.7437912068406604E-03
  1.7440382296715809E-03
  1.7442967027954252E-03
  1.7445665266466218E-03
  1.7448476040089359E-03
  1.7451398399639078E-03
  1.7454431418408300E-03
  1.7457574191682044E-03
  1.7460825836266500E-03
  1.7464185490031904E-03
  1.7467652311468917E-03
  1.7471225479258061E-03
  1.7474904191851649E-03
  1.7478687667068008E-03
  1.7482575141697502E-03
  1.7486565871119898E-03
  1.7490659128932941E-03
  1.7494854206591508E-03
  1.7499150413057315E-03
  1.7503547074458514E-03
  1.7508043533759230E-03
  1.7512639150438452E-03
  1.7517333300178116E-03
  1.7522125374560111E-03
  1.7527014780771896E-03
  1.7532000941320530E-03
  1.7537083293754792E-03
  1.7542261290395187E-03
  1.7547534398071616E-03
  1.7552902097868572E-03
  1.7558363884877378E-03
  1.7563919267955582E-03
  1.7569567769493146E-03
  1.7575308925185207E-03
  1.7581142283811337E-03
  1.7587067407021006E-03
  1.7593083869125166E-03
  1.7599191256893771E-03
  1.7605389169358969E-03
  1.7611677217624041E-03
  1.7618055024677616E-03
  1.7624522225213354E-03
  1.7631078465454701E-03
  1.7637723402984670E-03
  1.7644456706580609E-03
  1.7651278056053643E-03
  1.7658187142092843E-03
  1.7665183666113905E-03
  1.7672267340112203E-03
  1.7679437886520238E-03
  1.7686695038069240E-03
  1.7694038537654894E-03
  1.7701468138207066E-03
  1.7708983602563436E-03
  1.7716584703346883E-03
  1.7724271222846768E-03
  1.7732042952903668E-03
  1.7739899694797789E-03
  1.7747841259140805E-03
  1.7755867465771085E-03
  1.7763978143652338E-03
  1.7772173130775335E-03
  1.7780452274063026E-03
  1.7788815429278595E-03
  1.7797262460936627E-03
  1.7805793242217343E-03
  1.7814407654883602E-03
  1.7823105589200880E-03
  1.7831886943860051E-03
  1.7840751625902904E-03
  1.7849699550650311E-03
  1.7858730641633182E-03
  1.7867844830525880E-03
  1.7877042057082258E-03
  1.7886322269074259E-03
  1.7895685422232843E-03
  1.7905131480191495E-03
  1.7914660414431994E-03
  1.7924272204232598E-03
  1.7933966836618542E-03
  1.7943744306314719E-03
  1.7953604615700740E-03
  1.7963547774768034E-03
  1.7973573801079298E-03
  1.7983682719729904E-03
  1.7993874563311579E-03
  1.8004149371878078E-03
  1.8014507192912906E-03
  1.8024948081299176E-03
  1.8035472099291307E-03
  1.8046079316488884E-03
  1.8056769809812344E-03
  1.8067543663480678E-03
  1.8078400968991036E-03
  1.8089341825100215E-03
  1.8100366337808038E-03
  1.8111474620342654E-03
  1.8122666793147599E-03
  1.8133942983870760E-03
  1.8145303327355149E-03
  1.8156747965631462E-03
  1.8168277047912473E-03
  1.8179890730589195E-03
  1.8191589177228818E-03
  1.8203372558574444E-03
  1.8215241052546474E-03
  1.8227194844245937E-03
  1.8239234125959406E-03
  1.8251359097165700E-03
  0.0000000000000000E+00
  1.7405225433421365E-03
  1.7405295327064766E-03
  1.7405503944995771E-03
  1.7405849721129078E-03
  1.7406331126490269E-03
  1.7406946668275163E-03
  1.7407694888939350E-03
  1.7408574365317300E-03
  1.7409583707769559E-03
  1.7410721559357194E-03
  1.7411986595042570E-03
  1.7413377520915133E-03
  1.7414893073441824E-03
  1.7416532018740833E-03
  1.7418293151878017E-03
  1.7420175296185135E-03
  1.7422177302599277E-03
  1.7424298049022473E-03
  1.7426536439701019E-03
  1.7428891404623781E-03
  1.7431361898938714E-03
  1.7433946902387103E-03
  1.7436645418754872E-03
  1.7439456475340407E-03
  1.7442379122438272E-03
  1.7445412432838339E-03
  1.7448555501339870E-03
  1.7451807444279937E-03
  1.7455167399075824E-03
  1.7458634523780836E-03
  1.7462207996653259E-03
  1.7465887015737807E-03
  1.7469670798459355E-03
  1.7473558581228552E-03
  1.7477549619058729E-03
  1.7481643185194031E-03
  1.7485838570748243E-03
  1.7490135084354032E-03
  1.7494532051822234E-03
  1.7499028815810983E-03
  1.7503624735504273E-03
  1.7508319186299722E-03
  1.7513111559505239E-03
  1.7518001262044336E-03
  1.7522987716169832E-03
  1.7528070359185746E-03
  1.7533248643176965E-03
  1.7538522034746679E-03
  1.7543890014761272E-03
  1.7549352078102378E-03
  1.7554907733425996E-03
  1.7560556502928431E-03
  1.7566297922118879E-03
  1.7572131539598389E-03
  1.7578056916845244E-03
  1.7584073628006186E-03
  1.7590181259693879E-03
  1.7596379410789852E-03
  1.7602667692253225E-03
  1.7609045726934853E-03
  1.7615513149396695E-03
  1.7622069605736539E-03
  1.7628714753417558E-03
  1.7635448261102955E-03
  1.7642269808495232E-03
  1.7649179086180208E-03
  1.7656175795475620E-03
  1.7663259648284010E-03
  1.7670430366950036E-03
  1.7677687684121979E-03
  1.7685031342617318E-03
  1.7692461095292376E-03
  1.7699976704915830E-03
  1.7707577944045981E-03
  1.7715264594911980E-03
  1.7723036449298407E-03
  1.7730893308433606E-03
  1.7738834982881466E-03
  1.7746861292436535E-03
  1.7754972066022553E-03
  1.7763167141594193E-03
  1.7771446366041976E-03
  1.7779809595100315E-03
  1.7788256693258644E-03
  1.7796787533675520E-03
  1.7805401998095575E-03
  1.7814099976769474E-03
  1.7822881368376592E-03
  1.7831746079950460E-03
  1.7840694026806975E-03
  1.7849725132475143E-03
  1.7858839328630607E-03
  1.7868036555031524E-03
  1.7877316759457170E-03
  1.7886679897648815E-03
  1.7896125933253167E-03
  1.7905654837768153E-03
  1.7915266590491008E-03
  1.7924961178468765E-03
  1.7934738596450926E-03
  1.7944598846844429E-03
  1.7954541939670784E-03
  1.7964567892525456E-03
  1.7974676730539276E-03
  1.7984868486342056E-03
  1.7995143200028253E-03
  1.8005500919124737E-03
  1.8015941698560486E-03
  1.8026465600638432E-03
  1.8037072695009176E-03
  1.8047763058646727E-03
  1.8058536775826188E-03
  1.8069393938103325E-03
  1.8080334644296030E-03
  1.8091359000467783E-03
  1.8102467119912806E-03
  1.8113659123143260E-03
  1.8124935137878084E-03
  1.8136295299033872E-03
  1.8147739748717345E-03
  1.8159268636219808E-03
  1.8170882118013264E-03
  1.8182580357748402E-03
  1.8194363526254278E-03
  1.8206231801539781E-03
  1.8218185368796937E-03
  1.8230224420405776E-03
  1.8242349155941134E-03
  0.0000000000000000E+00
  1.7396210399275671E-03
  1.7396280304034170E-03
  1.7396488954570381E-03
  1.7396834783717614E-03
  1.7397316261457405E-03
  1.7397931893977435E-03
  1.7398680222759874E-03
  1.7399559823699157E-03
  1.7400569306248027E-03
  1.7401707312590840E-03
  1.7402972516843195E-03
  1.7404363624276772E-03
  1.7405879370568620E-03
  1.7407518521073992E-03
  1.7409279870121788E-03
  1.7411162240331983E-03
  1.7413164481954071E-03
  1.7415285472225945E-03
  1.7417524114752394E-03
  1.7419879338902591E-03
  1.7422350099225966E-03
  1.7424935374885653E-03
  1.7427634169109186E-03
  1.7430445508655611E-03
  1.7433368443298589E-03
  1.7436402045324917E-03
  1.7439545409048073E-03
  1.7442797650335986E-03
  1.7446157906152956E-03
  1.7449625334114950E-03
  1.7453199112057983E-03
  1.7456878437619168E-03
  1.7460662527829945E-03
  1.7464550618721240E-03
  1.7468541964939935E-03
  1.7472635839376647E-03
  1.7476831532804037E-03
  1.7481128353525753E-03
  1.7485525627035346E-03
  1.7490022695684979E-03
  1.7494618918363677E-03
  1.7499313670184763E-03
  1.7504106342182202E-03
  1.7508996341015599E-03
  1.7513983088683573E-03
  1.7519066022245403E-03
  1.7524244593550395E-03
  1.7529518268975068E-03
  1.7534886529167763E-03
  1.7540348868800451E-03
  1.7545904796327603E-03
  1.7551553833751947E-03
  1.7557295516396733E-03
  1.7563129392684604E-03
  1.7569055023922604E-03
  1.7575071984093406E-03
  1.7581179859652370E-03
  1.7587378249330468E-03
  1.7593666763942716E-03
  1.7600045026202201E-03
  1.7606512670539278E-03
  1.7613069342926097E-03
  1.7619714700706039E-03
  1.7626448412428190E-03
  1.7633270157686478E-03
  1.7640179626963550E-03
  1.7647176521479206E-03
  1.7654260553043198E-03
  1.7661431443912383E-03
  1.7668688926652124E-03
  1.7676032744001757E-03
  1.7683462648744100E-03
  1.7690978403578858E-03
  1.7698579780999828E-03
  1.7706266563175946E-03
  1.7714038541835854E-03
  1.7721895518156073E-03
  1.7729837302652746E-03
  1.7737863715076630E-03
  1.7745974584311573E-03
  1.7754169748276124E-03
  1.7762449053828444E-03
  1.7770812356674209E-03
  1.7779259521277736E-03
  1.7787790420775932E-03
  1.7796404936895258E-03
  1.7805102959871585E-03
  1.7813884388372808E-03
  1.7822749129424284E-03
  1.7831697098336880E-03
  1.7840728218637804E-03
  1.7849842422003955E-03
  1.7859039648197865E-03
  1.7868319845006121E-03
  1.7877682968180360E-03
  1.7887128981380533E-03
  1.7896657856120712E-03
  1.7906269571717160E-03
  1.7915964115238724E-03
  1.7925741481459498E-03
  1.7935601672813821E-03
  1.7945544699353288E-03
  1.7955570578706143E-03
  1.7965679336038663E-03
  1.7975871004018802E-03
  1.7986145622781739E-03
  1.7996503239897659E-03
  1.8006943910341508E-03
  1.8017467696464671E-03
  1.8028074667968811E-03
  1.8038764901881536E-03
  1.8049538482534043E-03
  1.8060395501540696E-03
  1.8071336057780556E-03
  1.8082360257380707E-03
  1.8093468213701508E-03
  1.8104660047323690E-03
  1.8115935886037315E-03
  1.8127295864832501E-03
  1.8138740125892034E-03
  1.8150268818585735E-03
  1.8161882099466619E-03
  1.8173580132268849E-03
  1.8185363087907449E-03
  1.8197231144479809E-03
  1.8209184487268917E-03
  1.8221223308748291E-03
  1.8233347808588791E-03
  0.0000000000000000E+00
  1.7387203950791862E-03
  1.7387273866666740E-03
  1.7387482549811682E-03
  1.7387828431978292E-03
  1.7388309982103696E-03
  1.7388925705367172E-03
  1.7389674142277134E-03
  1.7390553867787726E-03
  1.7391563490443645E-03
  1.7392701651552313E-03
  1.7393967024382374E-03
  1.7395358313387506E-03
  1.7396874253454713E-03
  1.7398513609176113E-03
  1.7400275174143552E-03
  1.7402157770265059E-03
  1.7404160247102443E-03
  1.7406281481229303E-03
  1.7408520375608843E-03
  1.7410875858990479E-03
  1.7413346885324999E-03
  1.7415932433197344E-03
  1.7418631505276556E-03
  1.7421443127782329E-03
  1.7424366349967357E-03
  1.7427400243615380E-03
  1.7430543902553976E-03
  1.7433796442181955E-03
  1.7437156999010610E-03
  1.7440624730218526E-03
  1.7444198813219474E-03
  1.7447878445242954E-03
  1.7451662842926973E-03
  1.7455551241922721E-03
  1.7459542896510693E-03
  1.7463637079227921E-03
  1.7467833080506007E-03
  1.7472130208319578E-03
  1.7476527787844917E-03
  1.7481025161128253E-03
  1.7485621686763680E-03
  1.7490316739580257E-03
  1.7495109710338002E-03
  1.7500000005432651E-03
  1.7504987046608692E-03
  1.7510070270680691E-03
  1.7515249129262400E-03
  1.7520523088503707E-03
  1.7525891628834942E-03
  1.7531354244718455E-03
  1.7536910444407262E-03
  1.7542559749710517E-03
  1.7548301695765609E-03
  1.7554135830816758E-03
  1.7560061715999891E-03
  1.7566078925133591E-03
  1.7572187044516004E-03
  1.7578385672727555E-03
  1.7584674420439237E-03
  1.7591052910226382E-03
  1.7597520776387798E-03
  1.7604077664770041E-03
  1.7610723232596756E-03
  1.7617457148302960E-03
  1.7624279091374038E-03
  1.7631188752189517E-03
  1.7638185831871289E-03
  1.7645270042136363E-03
  1.7652441105153859E-03
  1.7659698753406258E-03
  1.7667042729554790E-03
  1.7674472786308815E-03
  1.7681988686299092E-03
  1.7689590201954966E-03
  1.7697277115385208E-03
  1.7705049218262536E-03
  1.7712906311711724E-03
  1.7720848206201178E-03
  1.7728874721437905E-03
  1.7736985686265896E-03
  1.7745180938567630E-03
  1.7753460325168919E-03
  1.7761823701746772E-03
  1.7770270932740376E-03
  1.7778801891265052E-03
  1.7787416459029105E-03
  1.7796114526253670E-03
  1.7804895991595179E-03
  1.7813760762070820E-03
  1.7822708752986505E-03
  1.7831739887867626E-03
  1.7840854098392406E-03
  1.7850051324327727E-03
  1.7859331513467580E-03
  1.7868694621573930E-03
  1.7878140612320032E-03
  1.7887669457236123E-03
  1.7897281135657492E-03
  1.7906975634674833E-03
  1.7916752949086899E-03
  1.7926613081355367E-03
  1.7936556041561974E-03
  1.7946581847367768E-03
  1.7956690523974507E-03
  1.7966882104088261E-03
  1.7977156627884943E-03
  1.7987514142978138E-03
  1.7997954704388674E-03
  1.8008478374516481E-03
  1.8019085223114268E-03
  1.8029775327263221E-03
  1.8040548771350656E-03
  1.8051405647049618E-03
  1.8062346053300253E-03
  1.8073370096293290E-03
  1.8084477889455221E-03
  1.8095669553435372E-03
  1.8106945216094900E-03
  1.8118305012497500E-03
  1.8129749084901995E-03
  1.8141277582756734E-03
  1.8152890662695722E-03
  1.8164588488536629E-03
  1.8176371231280451E-03
  1.8188239069113050E-03
  1.8200192187408377E-03
  1.8212230778733450E-03
  1.8224355042855142E-03
  0.0000000000000000E+00
  1.7378206075740828E-03
  1.7378276002733342E-03
  1.7378484718490567E-03
  1.7378830653681987E-03
  1.7379312276200045E-03
  1.7379928090215245E-03
  1.7380676635261995E-03
  1.7381556485353887E-03
  1.7382566248127290E-03
  1.7383704564012475E-03
  1.7384970105430940E-03
  1.7386361576018159E-03
  1.7387877709870889E-03
  1.7389517270818011E-03
  1.7391279051714127E-03
  1.7393161873755164E-03
  1.7395164585815150E-03
  1.7397286063803314E-03
  1.7399525210041130E-03
  1.7401880952658162E-03
  1.7404352245006512E-03
  1.7406938065092838E-03
  1.7409637415027673E-03
  1.7412449320491235E-03
  1.7415372830215251E-03
  1.7418407015480323E-03
  1.7421550969628173E-03
  1.7424803807588414E-03
  1.7428164665419326E-03
  1.7431632699862110E-03
  1.7435207087908261E-03
  1.7438887026379674E-03
  1.7442671731520913E-03
  1.7446560438603490E-03
  1.7450552401541443E-03
  1.7454646892518270E-03
  1.7458843201624539E-03
  1.7463140636505895E-03
  1.7467538522021331E-03
  1.7472036199911172E-03
  1.7476633028474617E-03
  1.7481328382256485E-03
  1.7486121651742914E-03
  1.7491012243065784E-03
  1.7495999577715462E-03
  1.7501083092261835E-03
  1.7506262238083179E-03
  1.7511536481102760E-03
  1.7516905301532960E-03
  1.7522368193626547E-03
  1.7527924665435115E-03
  1.7533574238574269E-03
  1.7539316447995593E-03
  1.7545150841764953E-03
  1.7551076980847175E-03
  1.7557094438896800E-03
  1.7563202802054817E-03
  1.7569401668751138E-03
  1.7575690649512773E-03
  1.7582069366777378E-03
  1.7588537454712211E-03
  1.7595094559038338E-03
  1.7601740336859672E-03
  1.7608474456497197E-03
  1.7615296597327823E-03
  1.7622206449627983E-03
  1.7629203714421750E-03
  1.7636288103333399E-03
  1.7643459338444344E-03
  1.7650717152154253E-03
  1.7658061287046277E-03
  1.7665491495756352E-03
  1.7673007540846375E-03
  1.7680609194681229E-03
  1.7688296239309585E-03
  1.7696068466348282E-03
  1.7703925676870360E-03
  1.7711867681296553E-03
  1.7719894299290161E-03
  1.7728005359655312E-03
  1.7736200700238481E-03
  1.7744480167833179E-03
  1.7752843618087755E-03
  1.7761290915416328E-03
  1.7769821932912635E-03
  1.7778436552266898E-03
  1.7787134663685494E-03
  1.7795916165813462E-03
  1.7804780965659827E-03
  1.7813728978525584E-03
  1.7822760127934362E-03
  1.7831874345565699E-03
  1.7841071571190869E-03
  1.7850351752611274E-03
  1.7859714845599268E-03
  1.7869160813841400E-03
  1.7878689628884109E-03
  1.7888301270081737E-03
  1.7897995724546847E-03
  1.7907772987102834E-03
  1.7917633060238797E-03
  1.7927575954066592E-03
  1.7937601686280082E-03
  1.7947710282116532E-03
  1.7957901774320153E-03
  1.7968176203107631E-03
  1.7978533616135881E-03
  1.7988974068471730E-03
  1.7999497622563589E-03
  1.8010104348215260E-03
  1.8020794322561511E-03
  1.8031567630045820E-03
  1.8042424362399814E-03
  1.8053364618624843E-03
  1.8064388504975260E-03
  1.8075496134943667E-03
  1.8086687629248043E-03
  1.8097963115820603E-03
  1.8109322729798621E-03
  1.8120766613516977E-03
  1.8132294916502537E-03
  1.8143907795470328E-03
  1.8155605414321484E-03
  1.8167387944143017E-03
  1.8179255563209231E-03
  1.8191208456985050E-03
  1.8203246818131009E-03
  1.8215370846509941E-03
  0.0000000000000000E+00
  1.7369216761916708E-03
  1.7369286700028108E-03
  1.7369495448401142E-03
  1.7369841436622843E-03
  1.7370323131540568E-03
  1.7370939036315779E-03
  1.7371687689508579E-03
  1.7372567664191716E-03
  1.7373577567093049E-03
  1.7374716037765428E-03
  1.7375981747782970E-03
  1.7377373399962794E-03
  1.7378889727611225E-03
  1.7380529493793719E-03
  1.7382291490627511E-03
  1.7384174538596321E-03
  1.7386177485886208E-03
  1.7388299207741966E-03
  1.7390538605843214E-03
  1.7392894607699606E-03
  1.7395366166064448E-03
  1.7397952258366085E-03
  1.7400651886156429E-03
  1.7403464074576208E-03
  1.7406387871836129E-03
  1.7409422348713629E-03
  1.7412566598064502E-03
  1.7415819734349187E-03
  1.7419180893172908E-03
  1.7422649230839460E-03
  1.7426223923918084E-03
  1.7429904168823043E-03
  1.7433689181405500E-03
  1.7437578196557208E-03
  1.7441570467825844E-03
  1.7445665267041366E-03
  1.7449861883953278E-03
  1.7454159625878286E-03
  1.7458557817358145E-03
  1.7463055799827301E-03
  1.7467652931290037E-03
  1.7472348586006986E-03
  1.7477142154190455E-03
  1.7482033041708457E-03
  1.7487020669797321E-03
  1.7492104474782296E-03
  1.7497283907806163E-03
  1.7502558434565661E-03
  1.7507927535055231E-03
  1.7513390703318104E-03
  1.7518947447204487E-03
  1.7524597288136525E-03
  1.7530339760880012E-03
  1.7536174413322497E-03
  1.7542100806257736E-03
  1.7548118513176301E-03
  1.7554227120062053E-03
  1.7560426225194463E-03
  1.7566715438956564E-03
  1.7573094383648397E-03
  1.7579562693305756E-03
  1.7586120013524181E-03
  1.7592766001287951E-03
  1.7599500324804067E-03
  1.7606322663341000E-03
  1.7613232707072136E-03
  1.7620230156923729E-03
  1.7627314724427432E-03
  1.7634486131576962E-03
  1.7641744110689203E-03
  1.7649088404269302E-03
  1.7656518764879794E-03
  1.7664034955013762E-03
  1.7671636746971675E-03
  1.7679323922742127E-03
  1.7687096273886127E-03
  1.7694953601425031E-03
  1.7702895715731904E-03
  1.7710922436426401E-03
  1.7719033592272849E-03
  1.7727229021081718E-03
  1.7735508569614242E-03
  1.7743872093490180E-03
  1.7752319457098585E-03
  1.7760850533511696E-03
  1.7769465204401618E-03
  1.7778163359960038E-03
  1.7786944898820622E-03
  1.7795809727984282E-03
  1.7804757762747104E-03
  1.7813788926630972E-03
  1.7822903151316787E-03
  1.7832100376580244E-03
  1.7841380550230176E-03
  1.7850743628049334E-03
  1.7860189573737598E-03
  1.7869718358857639E-03
  1.7879329962782859E-03
  1.7889024372647719E-03
  1.7898801583300279E-03
  1.7908661597257074E-03
  1.7918604424660086E-03
  1.7928630083236040E-03
  1.7938738598257716E-03
  1.7948930002507446E-03
  1.7959204336242742E-03
  1.7969561647163878E-03
  1.7980001990383632E-03
  1.7990525428398974E-03
  1.8001132031064738E-03
  1.8011821875569369E-03
  1.8022595046412447E-03
  1.8033451635384265E-03
  1.8044391741547305E-03
  1.8055415471219585E-03
  1.8066522937959842E-03
  1.8077714262554666E-03
  1.8088989573007382E-03
  1.8100349004528831E-03
  1.8111792699529955E-03
  1.8123320807616147E-03
  1.8134933485583417E-03
  1.8146630897416429E-03
  1.8158413214288145E-03
  1.8170280614561349E-03
  1.8182233283791959E-03
  1.8194271414733953E-03
  1.8206395207346197E-03
  0.0000000000000000E+00
  1.7360235997136775E-03
  1.7360305946368341E-03
  1.7360514727360720E-03
  1.7360860768618138E-03
  1.7361342535942533E-03
  1.7361958531486041E-03
  1.7362707292834152E-03
  1.7363587392118511E-03
  1.7364597435158193E-03
  1.7365736060628409E-03
  1.7367001939255717E-03
  1.7368393773038650E-03
  1.7369910294492944E-03
  1.7371550265920471E-03
  1.7373312478700938E-03
  1.7375195752605713E-03
  1.7377198935132803E-03
  1.7379320900862410E-03
  1.7381560550832243E-03
  1.7383916811931940E-03
  1.7386388636315947E-03
  1.7388975000834162E-03
  1.7391674906479886E-03
  1.7394487377854304E-03
  1.7397411462647039E-03
  1.7400446231132303E-03
  1.7403590775679977E-03
  1.7406844210281251E-03
  1.7410205670088316E-03
  1.7413674310967535E-03
  1.7417249309065884E-03
  1.7420929860390000E-03
  1.7424715180397602E-03
  1.7428604503600756E-03
  1.7432597083180744E-03
  1.7436692190614010E-03
  1.7440889115309026E-03
  1.7445187164253563E-03
  1.7449585661672151E-03
  1.7454083948693357E-03
  1.7458681383026662E-03
  1.7463377338648488E-03
  1.7468171205497294E-03
  1.7473062389177355E-03
  1.7478050310670938E-03
  1.7483134406058674E-03
  1.7488314126247963E-03
  1.7493588936708987E-03
  1.7498958317218316E-03
  1.7504421761609678E-03
  1.7509978777531948E-03
  1.7515628886213823E-03
  1.7521371622235371E-03
  1.7527206533305857E-03
  1.7533133180048050E-03
  1.7539151135788566E-03
  1.7545259986354164E-03
  1.7551459329873940E-03
  1.7557748776587019E-03
  1.7564127948655843E-03
  1.7570596479984787E-03
  1.7577154016043927E-03
  1.7583800213697947E-03
  1.7590534741039907E-03
  1.7597357277229888E-03
  1.7604267512338252E-03
  1.7611265147193535E-03
  1.7618349893234729E-03
  1.7625521472367969E-03
  1.7632779616827386E-03
  1.7640124069040130E-03
  1.7647554581495422E-03
  1.7655070916617517E-03
  1.7662672846642537E-03
  1.7670360153499061E-03
  1.7678132628692299E-03
  1.7685990073191926E-03
  1.7693932297323444E-03
  1.7701959120662834E-03
  1.7710070371934688E-03
  1.7718265888913489E-03
  1.7726545518328282E-03
  1.7734909115770209E-03
  1.7743356545603321E-03
  1.7751887680878377E-03
  1.7760502403249417E-03
  1.7769200602893458E-03
  1.7777982178432824E-03
  1.7786847036860333E-03
  1.7795795093467205E-03
  1.7804826271773612E-03
  1.7813940503461822E-03
  1.7823137728311994E-03
  1.7832417894140412E-03
  1.7841780956740247E-03
  1.7851226879824758E-03
  1.7860755634972842E-03
  1.7870367201576990E-03
  1.7880061566793576E-03
  1.7889838725495366E-03
  1.7899698680226314E-03
  1.7909641441158594E-03
  1.7919667026051775E-03
  1.7929775460214174E-03
  1.7939966776466282E-03
  1.7950241015106418E-03
  1.7960598223878245E-03
  1.7971038457940511E-03
  1.7981561779838748E-03
  1.7992168259478871E-03
  1.8002857974102943E-03
  1.8013631008266704E-03
  1.8024487453819100E-03
  1.8035427409883774E-03
  1.8046450982842418E-03
  1.8057558286319888E-03
  1.8068749441171399E-03
  1.8080024575471401E-03
  1.8091383824504292E-03
  1.8102827330757085E-03
  1.8114355243913688E-03
  1.8125967720851153E-03
  1.8137664925637609E-03
  1.8149447029532002E-03
  1.8161314210985585E-03
  1.8173266655645247E-03
  1.8185304556358453E-03
  1.8197428113180065E-03
  0.0000000000000000E+00
  1.7351263769241456E-03
  1.7351333729594448E-03
  1.7351542543209701E-03
  1.7351888637508279E-03
  1.7352370477246371E-03
  1.7352986563566454E-03
  1.7353735433079122E-03
  1.7354615656974654E-03
  1.7355625840163103E-03
  1.7356764620441801E-03
  1.7358030667689543E-03
  1.7359422683086083E-03
  1.7360939398356396E-03
  1.7362579575038585E-03
  1.7364342003774716E-03
  1.7366225503623650E-03
  1.7368228921395227E-03
  1.7370351131004945E-03
  1.7372591032848495E-03
  1.7374947553195422E-03
  1.7377419643601212E-03
  1.7380006280337302E-03
  1.7382706463838289E-03
  1.7385519218165728E-03
  1.7388443590488141E-03
  1.7391478650576500E-03
  1.7394623490314710E-03
  1.7397877223224731E-03
  1.7401238984005641E-03
  1.7404707928086391E-03
  1.7408283231191690E-03
  1.7411964088920547E-03
  1.7415749716337230E-03
  1.7419639347574123E-03
  1.7423632235446117E-03
  1.7427727651076169E-03
  1.7431924883531717E-03
  1.7436223239471625E-03
  1.7440622042803225E-03
  1.7445120634349248E-03
  1.7449718371524332E-03
  1.7454414628020774E-03
  1.7459208793503245E-03
  1.7464100273312257E-03
  1.7469088488176066E-03
  1.7474172873930746E-03
  1.7479352881248301E-03
  1.7484627975372456E-03
  1.7489997635861906E-03
  1.7495461356340949E-03
  1.7501018644257129E-03
  1.7506669020645792E-03
  1.7512412019901281E-03
  1.7518247189554645E-03
  1.7524174090057694E-03
  1.7530192294573129E-03
  1.7536301388770699E-03
  1.7542500970629123E-03
  1.7548790650243661E-03
  1.7555170049639239E-03
  1.7561638802588808E-03
  1.7568196554437071E-03
  1.7574842961929136E-03
  1.7581577693044186E-03
  1.7588400426833929E-03
  1.7595310853265782E-03
  1.7602308673070569E-03
  1.7609393597594720E-03
  1.7616565348656790E-03
  1.7623823658408191E-03
  1.7631168269198140E-03
  1.7638598933442566E-03
  1.7646115413496981E-03
  1.7653717481533190E-03
  1.7661404919419744E-03
  1.7669177518606126E-03
  1.7677035080010393E-03
  1.7684977413910490E-03
  1.7693004339838774E-03
  1.7701115686480128E-03
  1.7709311291573141E-03
  1.7717591001814609E-03
  1.7725954672767141E-03
  1.7734402168769843E-03
  1.7742933362851975E-03
  1.7751548136649580E-03
  1.7760246380325035E-03
  1.7769027992489332E-03
  1.7777892880127249E-03
  1.7786840958525169E-03
  1.7795872151201541E-03
  1.7804986389840073E-03
  1.7814183614225387E-03
  1.7823463772181252E-03
  1.7832826819511296E-03
  1.7842272719942149E-03
  1.7851801445068975E-03
  1.7861412974303382E-03
  1.7871107294823688E-03
  1.7880884401527334E-03
  1.7890744296985780E-03
  1.7900686991401368E-03
  1.7910712502566535E-03
  1.7920820855825146E-03
  1.7931012084035913E-03
  1.7941286227537905E-03
  1.7951643334118226E-03
  1.7962083458981635E-03
  1.7972606664722177E-03
  1.7983213021296896E-03
  1.7993902606001488E-03
  1.8004675503447841E-03
  1.8015531805543586E-03
  1.8026471611473532E-03
  1.8037495027683006E-03
  1.8048602167863048E-03
  1.8059793152937504E-03
  1.8071068111051908E-03
  1.8082427177564268E-03
  1.8093870495037626E-03
  1.8105398213234451E-03
  1.8117010489112802E-03
  1.8128707486824290E-03
  1.8140489377713842E-03
  1.8152356340321197E-03
  1.8164308560384207E-03
  1.8176346230843801E-03
  1.8188469551850852E-03
  0.0000000000000000E+00
  1.7342300066094233E-03
  1.7342370037569904E-03
  1.7342578883811569E-03
  1.7342925031156740E-03
  1.7343406943315543E-03
  1.7344023120420471E-03
  1.7344772098106950E-03
  1.7345652446623609E-03
  1.7346662769971224E-03
  1.7347801705069055E-03
  1.7349067920947893E-03
  1.7350460117968524E-03
  1.7351977027064988E-03
  1.7353617409011479E-03
  1.7355380053712247E-03
  1.7357263779513507E-03
  1.7359267432536828E-03
  1.7361389886032899E-03
  1.7363630039755296E-03
  1.7365986819353352E-03
  1.7368459175783558E-03
  1.7371046084738793E-03
  1.7373746546094865E-03
  1.7376559583373705E-03
  1.7379484243222668E-03
  1.7382519594909430E-03
  1.7385664729831908E-03
  1.7388918761042781E-03
  1.7392280822788027E-03
  1.7395750070059190E-03
  1.7399325678158634E-03
  1.7403006842277779E-03
  1.7406792777087455E-03
  1.7410682716340364E-03
  1.7414675912484990E-03
  1.7418771636290833E-03
  1.7422969176484327E-03
  1.7427267839395428E-03
  1.7431666948614305E-03
  1.7436165844657860E-03
  1.7440763884645962E-03
  1.7445460441986758E-03
  1.7450254906071177E-03
  1.7455146681976011E-03
  1.7460135190175531E-03
  1.7465219866261295E-03
  1.7470400160669983E-03
  1.7475675538418834E-03
  1.7481045478848745E-03
  1.7486509475374639E-03
  1.7492067035242765E-03
  1.7497717679295145E-03
  1.7503460941740432E-03
  1.7509296369931536E-03
  1.7515223524149325E-03
  1.7521241977392656E-03
  1.7527351315174281E-03
  1.7533551135322609E-03
  1.7539841047789087E-03
  1.7546220674461135E-03
  1.7552689648980379E-03
  1.7559247616566157E-03
  1.7565894233844052E-03
  1.7572629168679406E-03
  1.7579452100015631E-03
  1.7586362717717224E-03
  1.7593360722417347E-03
  1.7600445825369890E-03
  1.7607617748305871E-03
  1.7614876223294065E-03
  1.7622220992605778E-03
  1.7629651808583704E-03
  1.7637168433514601E-03
  1.7644770639506022E-03
  1.7652458208366585E-03
  1.7660230931490024E-03
  1.7668088609742840E-03
  1.7676031053355426E-03
  1.7684058081816609E-03
  1.7692169523771564E-03
  1.7700365216923007E-03
  1.7708645007935570E-03
  1.7717008752343346E-03
  1.7725456314460488E-03
  1.7733987567294851E-03
  1.7742602392464464E-03
  1.7751300680117104E-03
  1.7760082328852499E-03
  1.7768947245647381E-03
  1.7777895345783303E-03
  1.7786926552777083E-03
  1.7796040798313858E-03
  1.7805238022182742E-03
  1.7814518172215019E-03
  1.7823881204224797E-03
  1.7833327081952085E-03
  1.7842855777008353E-03
  1.7852467268824352E-03
  1.7862161544600341E-03
  1.7871938599258520E-03
  1.7881798435397788E-03
  1.7891741063250726E-03
  1.7901766500642647E-03
  1.7911874772952978E-03
  1.7922065913078633E-03
  1.7932339961399524E-03
  1.7942696965746170E-03
  1.7953136981369311E-03
  1.7963660070911575E-03
  1.7974266304381144E-03
  1.7984955759127326E-03
  1.7995728519818181E-03
  1.8006584678420040E-03
  1.8017524334178873E-03
  1.8028547593603686E-03
  1.8039654570451682E-03
  1.8050845385715305E-03
  1.8062120167611252E-03
  1.8073479051571089E-03
  1.8084922180233930E-03
  1.8096449703440779E-03
  1.8108061778230708E-03
  1.8119758568838822E-03
  1.8131540246696031E-03
  1.8143406990430546E-03
  1.8155358985871169E-03
  1.8167396426052342E-03
  1.8179519511220897E-03
  0.0000000000000000E+00
  1.7333344875581586E-03
  1.7333414858181212E-03
  1.7333623737052818E-03
  1.7333969937450020E-03
  1.7334451922036535E-03
  1.7335068189934576E-03
  1.7335817275804094E-03
  1.7336697748951840E-03
  1.7337708212469018E-03
  1.7338847302396617E-03
  1.7340113686917194E-03
  1.7341506065572411E-03
  1.7343023168505159E-03
  1.7344663755725562E-03
  1.7346426616399906E-03
  1.7348310568161673E-03
  1.7350314456443989E-03
  1.7352437153832642E-03
  1.7354677559438987E-03
  1.7357034598292076E-03
  1.7359507220749296E-03
  1.7362094401924908E-03
  1.7364795141135904E-03
  1.7367608461364508E-03
  1.7370533408736860E-03
  1.7373569052017309E-03
  1.7376714482117757E-03
  1.7379968811621581E-03
  1.7383331174321654E-03
  1.7386800724772031E-03
  1.7390376637852827E-03
  1.7394058108347805E-03
  1.7397844350534350E-03
  1.7401734597785521E-03
  1.7405728102183407E-03
  1.7409824134144028E-03
  1.7414021982052857E-03
  1.7418320951910966E-03
  1.7422720366991351E-03
  1.7427219567505152E-03
  1.7431817910277447E-03
  1.7436514768432328E-03
  1.7441309531086963E-03
  1.7446201603054468E-03
  1.7451190404555175E-03
  1.7456275370936177E-03
  1.7461455952398784E-03
  1.7466731613733888E-03
  1.7472101834064614E-03
  1.7477566106596485E-03
  1.7483123938374571E-03
  1.7488774850047560E-03
  1.7494518375638513E-03
  1.7500354062322198E-03
  1.7506281470208605E-03
  1.7512300172132780E-03
  1.7518409753450538E-03
  1.7524609811840014E-03
  1.7530899957108890E-03
  1.7537279811007127E-03
  1.7543749007045075E-03
  1.7550307190316737E-03
  1.7556954017328241E-03
  1.7563689155831127E-03
  1.7570512284660526E-03
  1.7577423093578088E-03
  1.7584421283119347E-03
  1.7591506564445709E-03
  1.7598678659200709E-03
  1.7605937299370481E-03
  1.7613282227148493E-03
  1.7620713194804231E-03
  1.7628229964555802E-03
  1.7635832308446487E-03
  1.7643520008225001E-03
  1.7651292855229398E-03
  1.7659150650274650E-03
  1.7667093203543669E-03
  1.7675120334481732E-03
  1.7683231871694390E-03
  1.7691427652848488E-03
  1.7699707524576546E-03
  1.7708071342384176E-03
  1.7716518970560629E-03
  1.7725050282092337E-03
  1.7733665158579414E-03
  1.7742363490155036E-03
  1.7751145175407656E-03
  1.7760010121306057E-03
  1.7768958243126981E-03
  1.7777989464385594E-03
  1.7787103716768507E-03
  1.7796300940069393E-03
  1.7805581082127038E-03
  1.7814944098766055E-03
  1.7824389953739884E-03
  1.7833918618676309E-03
  1.7843530073025247E-03
  1.7853224304008890E-03
  1.7863001306574228E-03
  1.7872861083347671E-03
  1.7882803644591976E-03
  1.7892829008165430E-03
  1.7902937199482986E-03
  1.7913128251479786E-03
  1.7923402204576590E-03
  1.7933759106647368E-03
  1.7944199012988860E-03
  1.7954721986292281E-03
  1.7965328096616936E-03
  1.7976017421365781E-03
  1.7986790045263061E-03
  1.7997646060333803E-03
  1.8008585565885151E-03
  1.8019608668489800E-03
  1.8030715481971095E-03
  1.8041906127390156E-03
  1.8053180733034768E-03
  1.8064539434410100E-03
  1.8075982374231338E-03
  1.8087509702418008E-03
  1.8099121576090216E-03
  1.8110818159566564E-03
  1.8122599624363924E-03
  1.8134466149198984E-03
  1.8146417919991510E-03
  1.8158455129869426E-03
  1.8170577979175553E-03
  0.0000000000000000E+00
  1.7324398185612976E-03
  1.7324468179337803E-03
  1.7324677090842871E-03
  1.7325023344297544E-03
  1.7325505401318787E-03
  1.7326121760018213E-03
  1.7326870954080011E-03
  1.7327751551868755E-03
  1.7328762155565914E-03
  1.7329901400333894E-03
  1.7331167953506857E-03
  1.7332560513807110E-03
  1.7334077810586266E-03
  1.7335718603090186E-03
  1.7337481679747073E-03
  1.7339365857477495E-03
  1.7341369981026050E-03
  1.7343492922313483E-03
  1.7345733579808855E-03
  1.7348090877920849E-03
  1.7350563766407685E-03
  1.7353151219804911E-03
  1.7355852236870641E-03
  1.7358665840047330E-03
  1.7361591074939902E-03
  1.7364627009809313E-03
  1.7367772735081420E-03
  1.7371027362870267E-03
  1.7374390026515616E-03
  1.7377859880134041E-03
  1.7381436098183347E-03
  1.7385117875039673E-03
  1.7388904424586974E-03
  1.7392794979818611E-03
  1.7396788792450348E-03
  1.7400885132544733E-03
  1.7405083288146268E-03
  1.7409382564927160E-03
  1.7413782285843284E-03
  1.7418281790800016E-03
  1.7422880436327693E-03
  1.7427577595266340E-03
  1.7432372656459435E-03
  1.7437265024456453E-03
  1.7442254119223795E-03
  1.7447339375864111E-03
  1.7452520244343479E-03
  1.7457796189226378E-03
  1.7463166689418224E-03
  1.7468631237915215E-03
  1.7474189341561237E-03
  1.7479840520811722E-03
  1.7485584309504182E-03
  1.7491420254635256E-03
  1.7497347916144150E-03
  1.7503366866702104E-03
  1.7509476691508056E-03
  1.7515676988089904E-03
  1.7521967366111622E-03
  1.7528347447185761E-03
  1.7534816864691407E-03
  1.7541375263597327E-03
  1.7548022300290199E-03
  1.7554757642407807E-03
  1.7561580968677088E-03
  1.7568491968756833E-03
  1.7575490343085028E-03
  1.7582575802730634E-03
  1.7589748069249712E-03
  1.7597006874545851E-03
  1.7604351960734716E-03
  1.7611783080012605E-03
  1.7619299994528987E-03
  1.7626902476262957E-03
  1.7634590306903361E-03
  1.7642363277732623E-03
  1.7650221189514190E-03
  1.7658163852383552E-03
  1.7666191085742478E-03
  1.7674302718156925E-03
  1.7682498587257912E-03
  1.7690778539645876E-03
  1.7699142430797970E-03
  1.7707590124978571E-03
  1.7716121495152772E-03
  1.7724736422902734E-03
  1.7733434798347112E-03
  1.7742216520063132E-03
  1.7751081495011583E-03
  1.7760029638464463E-03
  1.7769060873935349E-03
  1.7778175133112348E-03
  1.7787372355793632E-03
  1.7796652489825600E-03
  1.7806015491043370E-03
  1.7815461323213841E-03
  1.7824989957981119E-03
  1.7834601374814307E-03
  1.7844295560957605E-03
  1.7854072511382752E-03
  1.7863932228743692E-03
  1.7873874723333427E-03
  1.7883900013043142E-03
  1.7894008123323433E-03
  1.7904199087147655E-03
  1.7914472944977407E-03
  1.7924829744730129E-03
  1.7935269541748584E-03
  1.7945792398772580E-03
  1.7956398385912541E-03
  1.7967087580625133E-03
  1.7977860067690773E-03
  1.7988715939193159E-03
  1.7999655294500658E-03
  1.8010678240249630E-03
  1.8021784890329610E-03
  1.8032975365870343E-03
  1.8044249795230753E-03
  1.8055608313989604E-03
  1.8067051064938144E-03
  1.8078578198074456E-03
  1.8090189870599641E-03
  1.8101886246915805E-03
  1.8113667498625809E-03
  1.8125533804534810E-03
  1.8137485350653531E-03
  1.8149522330203373E-03
  1.8161644943623155E-03
  0.0000000000000000E+00
  1.7315459984120736E-03
  1.7315529988972036E-03
  1.7315738933114098E-03
  1.7316085239631673E-03
  1.7316567369094636E-03
  1.7317183818603707E-03
  1.7317933120867002E-03
  1.7318813843306699E-03
  1.7319824587194214E-03
  1.7320963986813189E-03
  1.7322230708649168E-03
  1.7323623450604933E-03
  1.7325140941240589E-03
  1.7326781939037638E-03
  1.7328545231685985E-03
  1.7330429635393203E-03
  1.7332433994215206E-03
  1.7334557179407638E-03
  1.7336798088797118E-03
  1.7339155646171876E-03
  1.7341628800690884E-03
  1.7344216526310947E-03
  1.7346917821231193E-03
  1.7349731707354305E-03
  1.7352657229763877E-03
  1.7355693456217508E-03
  1.7358839476654948E-03
  1.7362094402720886E-03
  1.7365457367301935E-03
  1.7368927524077198E-03
  1.7372504047082178E-03
  1.7376186130285327E-03
  1.7379972987177235E-03
  1.7383863850371560E-03
  1.7387857971217723E-03
  1.7391954619424819E-03
  1.7396153082696398E-03
  1.7400452666375844E-03
  1.7404852693101904E-03
  1.7409352502474242E-03
  1.7413951450728458E-03
  1.7418648910420545E-03
  1.7423444270120334E-03
  1.7428336934113657E-03
  1.7433326322113085E-03
  1.7438411868976817E-03
  1.7443593024435713E-03
  1.7448869252827924E-03
  1.7454240032841193E-03
  1.7459704857262410E-03
  1.7465263232734345E-03
  1.7470914679519204E-03
  1.7476658731268989E-03
  1.7482494934802264E-03
  1.7488422849887470E-03
  1.7494442049032124E-03
  1.7500552117278312E-03
  1.7506752652003748E-03
  1.7513043262728748E-03
  1.7519423570928469E-03
  1.7525893209850824E-03
  1.7532451824339348E-03
  1.7539099070661328E-03
  1.7545834616340863E-03
  1.7552658139996684E-03
  1.7559569331184824E-03
  1.7566567890245741E-03
  1.7573653528155982E-03
  1.7580825966384223E-03
  1.7588084936751513E-03
  1.7595430181295741E-03
  1.7602861452140088E-03
  1.7610378511365434E-03
  1.7617981130886716E-03
  1.7625669092332949E-03
  1.7633442186930947E-03
  1.7641300215392724E-03
  1.7649242987806328E-03
  1.7657270323530115E-03
  1.7665382051090413E-03
  1.7673578008082515E-03
  1.7681858041074772E-03
  1.7690222005515936E-03
  1.7698669765645548E-03
  1.7707201194407348E-03
  1.7715816173365651E-03
  1.7724514592624555E-03
  1.7733296350750103E-03
  1.7742161354695153E-03
  1.7751109519726972E-03
  1.7760140769357551E-03
  1.7769255035276518E-03
  1.7778452257286653E-03
  1.7787732383241898E-03
  1.7797095368987930E-03
  1.7806541178305144E-03
  1.7816069782853987E-03
  1.7825681162122748E-03
  1.7835375303377665E-03
  1.7845152201615281E-03
  1.7855011859517042E-03
  1.7864954287406245E-03
  1.7874979503207000E-03
  1.7885087532405520E-03
  1.7895278408013413E-03
  1.7905552170533160E-03
  1.7915908867925626E-03
  1.7926348555579647E-03
  1.7936871296283647E-03
  1.7947477160199180E-03
  1.7958166224836586E-03
  1.7968938575032493E-03
  1.7979794302929294E-03
  1.7990733507956564E-03
  1.8001756296814368E-03
  1.8012862783458401E-03
  1.8024053089087072E-03
  1.8035327342130407E-03
  1.8046685678240796E-03
  1.8058128240285563E-03
  1.8069655178341313E-03
  1.8081266649690184E-03
  1.8092962818817768E-03
  1.8104743857412923E-03
  1.8116609944369250E-03
  1.8128561265788469E-03
  1.8140598014985407E-03
  1.8152720392494910E-03
  0.0000000000000000E+00
