  2.0120180000000000E+06
  0.0000000000000000E+00
  1.0000000000000000E+00
  2.0119269571139845E+06
  3.1324940792731647E-02
  9.6867505920726837E-01
  2.0122176920488200E+06
  6.1101749733643608E-02
  9.3889825026635643E-01
  2.0122159484918716E+06
  8.9902578372352882E-02
  9.1009742162764706E-01
  2.0122208909328824E+06
  1.1731974540909214E-01
  8.8268025459090782E-01
  2.0122211749433943E+06
  1.4344972659436606E-01
  8.5655027340563394E-01
  2.0122214201364345E+06
  1.6837942271104453E-01
  8.3162057728895555E-01
  2.0122216566076437E+06
  1.9218807856320300E-01
  8.0781192143679703E-01
  2.0122218849694708E+06
  2.1494810839219380E-01
  7.8505189160780620E-01
  2.0122221055613973E+06
  2.3672581653971603E-01
  7.6327418346028397E-01
  2.0122223187071260E+06
  2.5758202878083042E-01
  7.4241797121916964E-01
  2.0122225247138797E+06
  2.7757264695767880E-01
  7.2242735304232120E-01
  2.0122227238730758E+06
  2.9674913756898630E-01
  7.0325086243101376E-01
  2.0122229164626605E+06
  3.1515896331184701E-01
  6.8484103668815299E-01
  2.0122231027488166E+06
  3.3284596519842563E-01
  6.6715403480157442E-01
  2.0122232829835359E+06
  3.4985070172801236E-01
  6.5014929827198753E-01
  2.0122234574074831E+06
  3.6621075064166447E-01
  6.3378924935833547E-01
  2.0122236262512859E+06
  3.8196097798827056E-01
  6.1803902201172944E-01
  2.0122237897346232E+06
  3.9713377856009180E-01
  6.0286622143990820E-01
  2.0122239480666828E+06
  4.1175929118998689E-01
  5.8824070881001311E-01
  2.0122241014479350E+06
  4.2586559192414003E-01
  5.7413440807586003E-01
  2.0122242500688015E+06
  4.3947886767814570E-01
  5.6052113232185430E-01
  2.0122243941124207E+06
  4.5262357263872022E-01
  5.4737642736127978E-01
  2.0122245337518533E+06
  4.6532256937858413E-01
  5.3467743062141593E-01
  2.0122246691549208E+06
  4.7759725639973788E-01
  5.2240274360026218E-01
  2.0122248004796875E+06
  4.8946768360385218E-01
  5.1053231639614782E-01
  2.0122249278787323E+06
  5.0095265700232050E-01
  4.9904734299767944E-01
  2.0122250514968522E+06
  5.1206983381791260E-01
  4.8793016618208745E-01
  2.0122251714732770E+06
  5.2283580899114945E-01
  4.7716419100885055E-01
  2.0122252879406840E+06
  5.3326619398427000E-01
  4.6673380601572995E-01
  2.0122254010259258E+06
  5.4337568867120078E-01
  4.5662431132879916E-01
  2.0122255108503927E+06
  5.5317814701102219E-01
  4.4682185298897775E-01
  2.0122256175300470E+06
  5.6268663712317712E-01
  4.3731336287682288E-01
  2.0122257211757267E+06
  5.7191349631336863E-01
  4.2808650368663143E-01
  2.0122258218933714E+06
  5.8087038153844617E-01
  4.1912961846155389E-01
  2.0122259197847648E+06
  5.8956831574530300E-01
  4.1043168425469700E-01
  2.0122260149468193E+06
  5.9801773047208662E-01
  4.0198226952791333E-01
  2.0122261074721126E+06
  6.0622850505876724E-01
  3.9377149494123270E-01
  2.0122261974499573E+06
  6.1421000277778870E-01
  3.8578999722221130E-01
  2.0122262849647130E+06
  6.2197110416340162E-01
  3.7802889583659838E-01
  2.0122263700974588E+06
  6.2952023778982680E-01
  3.7047976221017331E-01
  2.0122264529264190E+06
  6.3686540872322428E-01
  3.6313459127677572E-01
  2.0122265335258867E+06
  6.4401422485001936E-01
  3.5598577514998075E-01
  2.0122266119666675E+06
  6.5097392126425024E-01
  3.4902607873574976E-01
  2.0122266883173767E+06
  6.5775138287884893E-01
  3.4224861712115107E-01
  2.0122267626427300E+06
  6.6435316540995737E-01
  3.3564683459004269E-01
  2.0122268350052685E+06
  6.7078551486924176E-01
  3.2921448513075835E-01
  2.0122269054652757E+06
  6.7705438568651910E-01
  3.2294561431348101E-01
  2.0122269740790578E+06
  6.8316545757369207E-01
  3.1683454242630799E-01
  2.0122270409022584E+06
  6.8912415123080473E-01
  3.1087584876919522E-01
  2.0122271059870478E+06
  6.9493564298595412E-01
  3.0506435701404594E-01
  2.0122271693833177E+06
  7.0060487845251684E-01
  2.9939512154748321E-01
  2.0122272311392056E+06
  7.0613658527982248E-01
  2.9386341472017746E-01
  2.0122272913016044E+06
  7.1153528506670283E-01
  2.8846471493329728E-01
  2.0122273499139659E+06
  7.1680530450135438E-01
  2.8319469549864568E-01
  2.0122274070187495E+06
  7.2195078578550786E-01
  2.7804921421449208E-01
  2.0122274626565296E+06
  7.2697569639598181E-01
  2.7302430360401808E-01
  2.0122275168671974E+06
  7.3188383823225200E-01
  2.6811616176774805E-01
  2.0122275696867683E+06
  7.3667885619462992E-01
  2.6332114380537008E-01
  2.0122276211516031E+06
  7.4136424623397790E-01
  2.5863575376602221E-01
  2.0122276712962161E+06
  7.4594336291055974E-01
  2.5405663708944026E-01
  2.0122277201533348E+06
  7.5041942649660487E-01
  2.4958057350339527E-01
  2.0122277677548632E+06
  7.5479552965440233E-01
  2.4520447034559770E-01
  2.0122278141305742E+06
  7.5907464371923639E-01
  2.4092535628076364E-01
  2.0122278593105185E+06
  7.6325962461417618E-01
  2.3674037538582385E-01
  2.0122279033218545E+06
  7.6735321842164872E-01
  2.3264678157835125E-01
  2.0122279461919714E+06
  7.7135806663481954E-01
  2.2864193336518046E-01
  2.0122279879467802E+06
  7.7527671111003760E-01
  2.2472328888996235E-01
  2.0122280286109389E+06
  7.7911159874002645E-01
  2.2088840125997353E-01
  2.0122280682085396E+06
  7.8286508586601744E-01
  2.1713491413398250E-01
  2.0122281067626616E+06
  7.8653944244569318E-01
  2.1346055755430679E-01
  2.0122281442945777E+06
  7.9013685599256345E-01
  2.0986314400743647E-01
  2.0122281808263676E+06
  7.9365943530127270E-01
  2.0634056469872730E-01
  2.0122282163788308E+06
  7.9710921397229040E-01
  2.0289078602770957E-01
  2.0122282509712586E+06
  8.0048815374848292E-01
  1.9951184625151713E-01
  2.0122282846221097E+06
  8.0379814767517921E-01
  1.9620185232482082E-01
  2.0122283173508316E+06
  8.0704102309453440E-01
  1.9295897690546551E-01
  2.0122283491744390E+06
  8.1021854448424302E-01
  1.8978145551575692E-01
  2.0122283801101672E+06
  8.1333241614996565E-01
  1.8666758385003437E-01
  2.0122284101735242E+06
  8.1638428478019076E-01
  1.8361571521980932E-01
  2.0122284393825163E+06
  8.1937574187167139E-01
  1.8062425812832864E-01
  2.0122284677509167E+06
  8.2230832603301818E-01
  1.7769167396698188E-01
  2.0122284952934412E+06
  8.2518352517353888E-01
  1.7481647482646115E-01
  2.0122285220247938E+06
  8.2800277858394544E-01
  1.7199722141605453E-01
  2.0122285479593850E+06
  8.3076747891510516E-01
  1.6923252108489478E-01
  2.0122285731098964E+06
  8.3347897406062799E-01
  1.6652102593937210E-01
  2.0122285974885200E+06
  8.3613856894869898E-01
  1.6386143105130110E-01
  2.0122286211097566E+06
  8.3874752724822466E-01
  1.6125247275177540E-01
  2.0122286439837548E+06
  8.4130707299403729E-01
  1.5869292700596263E-01
  2.0122286661237956E+06
  8.4381839213560583E-01
  1.5618160786439420E-01
  2.0122286875403172E+06
  8.4628263401342585E-01
  1.5371736598657421E-01
  2.0122287082448245E+06
  8.4870091276699944E-01
  1.5129908723300051E-01
  2.0122287282480134E+06
  8.5107430867808020E-01
  1.4892569132191993E-01
  2.0122287475597821E+06
  8.5340386945263025E-01
  1.4659613054736984E-01
  2.0122287661908902E+06
  8.5569061144473235E-01
  1.4430938855526759E-01
  2.0122287841509078E+06
  8.5793552082550084E-01
  1.4206447917449913E-01
  2.0122288014490961E+06
  8.6013955469985870E-01
  1.3986044530014136E-01
  2.0122288180954210E+06
  8.6230364217387534E-01
  1.3769635782612466E-01
  2.0122288340984145E+06
  8.6442868537520345E-01
  1.3557131462479657E-01
  2.0122288494669271E+06
  8.6651556042900335E-01
  1.3348443957099665E-01
  2.0122288642095269E+06
  8.6856511839160788E-01
  1.3143488160839212E-01
  2.0122288783341907E+06
  8.7057818614404969E-01
  1.2942181385595022E-01
  2.0122288918495383E+06
  8.7255556724745231E-01
  1.2744443275254777E-01
  2.0122289047635456E+06
  8.7449804276217169E-01
  1.2550195723782837E-01
  2.0122289170836159E+06
  8.7640637203247373E-01
  1.2359362796752625E-01
  2.0122289288172047E+06
  8.7828129343842820E-01
  1.2171870656157184E-01
  2.0122289399719534E+06
  8.8012352511660630E-01
  1.1987647488339363E-01
  2.0122289505550168E+06
  8.8193376565108961E-01
  1.1806623434891050E-01
  2.0122289605734386E+06
  8.8371269473620195E-01
  1.1628730526379803E-01
  2.0122289700333746E+06
  8.8546097381231792E-01
  1.1453902618768198E-01
  2.0122289789430141E+06
  8.8717924667600656E-01
  1.1282075332399343E-01
  2.0122289873074407E+06
  8.8886814006572035E-01
  1.1113185993427958E-01
  2.0122289951337129E+06
  8.9052826422416587E-01
  1.0947173577583422E-01
  2.0122290024282872E+06
  8.9216021343843310E-01
  1.0783978656156690E-01
  2.0122290091971026E+06
  8.9376456655890757E-01
  1.0623543344109244E-01
  2.0122290154459681E+06
  8.9534188749792887E-01
  1.0465811250207116E-01
  2.0122290211811629E+06
  8.9689272570911882E-01
  1.0310727429088126E-01
  2.0122290264086130E+06
  8.9841761664824793E-01
  1.0158238335175211E-01
  2.0122290311331055E+06
  8.9991708221646516E-01
  1.0008291778353484E-01
  2.0122290353615866E+06
  9.0139163118667709E-01
  9.8608368813322911E-02
  2.0122290390984872E+06
  9.0284175961382085E-01
  9.7158240386179207E-02
  2.0122290423495802E+06
  9.0426795122973691E-01
  9.5732048770263187E-02
  2.0122290451199568E+06
  9.0567067782331478E-01
  9.4329322176685299E-02
  2.0122290474151664E+06
  9.0705039960655065E-01
  9.2949600393449350E-02
  2.0122290492399663E+06
  9.0840756556712221E-01
  9.1592434432877817E-02
  2.0122290505994773E+06
  9.0974261380806021E-01
  9.0257386191939792E-02
  2.0122290514989302E+06
  9.1105597187506548E-01
  8.8944028124934585E-02
  2.0122290519426339E+06
  9.1234805707199274E-01
  8.7651942928007209E-02
  2.0122290519356185E+06
  9.1361927676500165E-01
  8.6380723234998291E-02
  2.0122290514828018E+06
  9.1487002867584599E-01
  8.5129971324153911E-02
  2.0122290505886439E+06
  9.1610070116475428E-01
  8.3899298835245772E-02
  2.0122290492577050E+06
  9.1731167350333054E-01
  8.2688326496669434E-02
  2.0122290474940401E+06
  9.1850331613788727E-01
  8.1496683862112784E-02
  2.0122290453029599E+06
  9.1967599094359709E-01
  8.0324009056402856E-02
  2.0122290426884217E+06
  9.2083005146984120E-01
  7.9169948530158782E-02
  2.0122290396540796E+06
  9.2196584317710384E-01
  7.8034156822896161E-02
  2.0122290362054363E+06
  9.2308370366575732E-01
  7.6916296334242601E-02
  2.0122290323450428E+06
  9.2418396289705851E-01
  7.5816037102941575E-02
  2.0122290280785870E+06
  9.2526694340666393E-01
  7.4733056593336039E-02
  2.0122290234098104E+06
  9.2633296051096381E-01
  7.3667039489036204E-02
  2.0122290183422395E+06
  9.2738232250651054E-01
  7.2617677493489532E-02
  2.0122290128797584E+06
  9.2841533086281536E-01
  7.1584669137184614E-02
  2.0122290070263296E+06
  9.2943228040876835E-01
  7.0567719591231676E-02
  2.0122290007868945E+06
  9.3043345951292733E-01
  6.9566540487072615E-02
  2.0122289941637076E+06
  9.3141915025791333E-01
  6.8580849742086739E-02
  2.0122289871615530E+06
  9.3238962860913266E-01
  6.7610371390867244E-02
  2.0122289797835830E+06
  9.3334516457804739E-01
  6.6654835421952607E-02
  2.0122289720337370E+06
  9.3428602238019254E-01
  6.5713977619807504E-02
  2.0122289639157418E+06
  9.3521246058814311E-01
  6.4787539411856818E-02
  2.0122289554330488E+06
  9.3612473227961646E-01
  6.3875267720383544E-02
  2.0122289465893363E+06
  9.3702308518089028E-01
  6.2976914819109761E-02
  2.0122289373878636E+06
  9.3790776180571112E-01
  6.2092238194288898E-02
  2.0122289278322514E+06
  9.3877899958985722E-01
  6.1221000410142723E-02
  2.0122289179262565E+06
  9.3963703102151586E-01
  6.0362968978484192E-02
  2.0122289076722795E+06
  9.4048208376762465E-01
  5.9517916232375401E-02
  2.0122288970747192E+06
  9.4131438079632745E-01
  5.8685619203672497E-02
  2.0122288861364345E+06
  9.4213414049567956E-01
  5.7865859504320473E-02
  2.0122288748606213E+06
  9.4294157678873858E-01
  5.7058423211261436E-02
  2.0122288632505799E+06
  9.4373689924517090E-01
  5.6263100754829112E-02
  2.0122288513098196E+06
  9.4452031318949459E-01
  5.5479686810505323E-02
  2.0122288390412203E+06
  9.4529201980607902E-01
  5.4707980193920924E-02
  2.0122288264481633E+06
  9.4605221624101377E-01
  5.3947783758986234E-02
  2.0122288135333809E+06
  9.4680109570095650E-01
  5.3198904299043399E-02
  2.0122288003004240E+06
  9.4753884754906559E-01
  5.2461152450934356E-02
  2.0122287867519171E+06
  9.4826565739811530E-01
  5.1734342601884725E-02
  2.0122287728909838E+06
  9.4898170720089359E-01
  5.1018292799106517E-02
  2.0122287587208010E+06
  9.4968717533797298E-01
  5.0312824662026967E-02
  2.0122287442440577E+06
  9.5038223670294608E-01
  4.9617763297053842E-02
  2.0122287294640832E+06
  9.5106706278520814E-01
  4.8932937214791812E-02
  2.0122287143835216E+06
  9.5174182175037314E-01
  4.8258178249626922E-02
  2.0122286990048175E+06
  9.5240667851839966E-01
  4.7593321481600323E-02
  2.0122286833316712E+06
  9.5306179483950570E-01
  4.6938205160494358E-02
  2.0122286673666167E+06
  9.5370732936794200E-01
  4.6292670632057956E-02
  2.0122286511121155E+06
  9.5434343773369901E-01
  4.5656562266300979E-02
  2.0122286345711572E+06
  9.5497027261221135E-01
  4.5029727387788612E-02
  2.0122286177462398E+06
  9.5558798379212895E-01
  4.4412016207870997E-02
  2.0122286006402022E+06
  9.5619671824121444E-01
  4.3803281758785603E-02
  2.0122285832562351E+06
  9.5679662017042943E-01
  4.3203379829570489E-02
  2.0122285655960778E+06
  9.5738783109626890E-01
  4.2612168903731137E-02
  2.0122285476630738E+06
  9.5797048990139622E-01
  4.2029510098603715E-02
  2.0122285294598937E+06
  9.5854473289363862E-01
  4.1455267106361438E-02
  2.0122285109882536E+06
  9.5911069386338876E-01
  4.0889306136611188E-02
  2.0122284922516334E+06
  9.5966850413946980E-01
  4.0331495860530149E-02
  2.0122284732525465E+06
  9.6021829264350567E-01
  3.9781707356494396E-02
  2.0122284539926811E+06
  9.6076018594284796E-01
  3.9239814057151996E-02
  2.0122284344753642E+06
  9.6129430830210416E-01
  3.8705691697895915E-02
  2.0122284147031258E+06
  9.6182078173330654E-01
  3.8179218266693481E-02
  2.0122283946772898E+06
  9.6233972604477003E-01
  3.7660273955229973E-02
  2.0122283744019314E+06
  9.6285125888867373E-01
  3.7148741111326267E-02
  2.0122283538779828E+06
  9.6335549580740887E-01
  3.6644504192591083E-02
  2.0122283331086009E+06
  9.6385255027872918E-01
  3.6147449721270750E-02
  2.0122283120956845E+06
  9.6434253375974022E-01
  3.5657466240259873E-02
  2.0122282908426374E+06
  9.6482555572976259E-01
  3.5174444270237366E-02
  2.0122282693502642E+06
  9.6530172373210521E-01
  3.4698276267894727E-02
  2.0122282476221584E+06
  9.6577114341477655E-01
  3.4228856585223441E-02
  2.0122282256601241E+06
  9.6623391857017005E-01
  3.3766081429829883E-02
  2.0122282034662829E+06
  9.6669015117375245E-01
  3.3309848826247546E-02
  2.0122281810426803E+06
  9.6713994142178350E-01
  3.2860058578216507E-02
  2.0122281583924261E+06
  9.6758338776809749E-01
  3.2416612231902488E-02
  2.0122281355167853E+06
  9.6802058695997295E-01
  3.1979413040027105E-02
  2.0122281124182958E+06
  9.6845163407311641E-01
  3.1548365926883551E-02
  2.0122280890992079E+06
  9.6887662254578866E-01
  3.1123377454211308E-02
  2.0122280655616580E+06
  9.6929564421209458E-01
  3.0704355787905462E-02
  2.0122280418077109E+06
  9.6970878933446347E-01
  3.0291210665536483E-02
  2.0122280178399361E+06
  9.7011614663534274E-01
  2.9883853364657282E-02
  2.0122279936593706E+06
  9.7051780332812521E-01
  2.9482196671874728E-02
  2.0122279692686652E+06
  9.7091384514733536E-01
  2.9086154852664650E-02
  2.0122279446702222E+06
  9.7130435637809165E-01
  2.8695643621908351E-02
  2.0122279198656739E+06
  9.7168941988486879E-01
  2.8310580115131101E-02
  2.0122278948575538E+06
  9.7206911713957755E-01
  2.7930882860422380E-02
  2.0122278696469427E+06
  9.7244352824898073E-01
  2.7556471751019170E-02
  2.0122278442362838E+06
  9.7281273198146634E-01
  2.7187268018533616E-02
  2.0122278186279587E+06
  9.7317680579319277E-01
  2.6823194206807253E-02
  2.0122277928233098E+06
  9.7353582585362541E-01
  2.6464174146374645E-02
  2.0122277668251896E+06
  9.7388986707048042E-01
  2.6110132929519591E-02
  2.0122277406344311E+06
  9.7423900311409228E-01
  2.5760996885907717E-02
  2.0122277142535807E+06
  9.7458330644122049E-01
  2.5416693558779475E-02
  2.0122276876839087E+06
  9.7492284831831089E-01
  2.5077151681689079E-02
  2.0122276609281823E+06
  9.7525769884422631E-01
  2.4742301155773680E-02
  2.0122276339878973E+06
  9.7558792697246066E-01
  2.4412073027539238E-02
  2.0122276068642768E+06
  9.7591360053285092E-01
  2.4086399467149060E-02
  2.0122275795604514E+06
  9.7623478625279869E-01
  2.3765213747201221E-02
  2.0122275520769800E+06
  9.7655154977801750E-01
  2.3448450221982556E-02
  2.0122275244161077E+06
  9.7686395569281415E-01
  2.3136044307185872E-02
  2.0122274965798170E+06
  9.7717206753992114E-01
  2.2827932460078873E-02
  2.0122274685695951E+06
  9.7747594783988767E-01
  2.2524052160112329E-02
  2.0122274403876737E+06
  9.7777565811004352E-01
  2.2224341889956485E-02
  2.0122274120353637E+06
  9.7807125888304580E-01
  2.1928741116954125E-02
  2.0122273835137500E+06
  9.7836280972502010E-01
  2.1637190274979946E-02
  2.0122273548257481E+06
  9.7865036925330462E-01
  2.1349630746695408E-02
  2.0122273259728667E+06
  9.7893399515381097E-01
  2.1066004846188986E-02
  2.0122272969558989E+06
  9.7921374419800811E-01
  2.0786255801991893E-02
  2.0122272677776935E+06
  9.7948967225953998E-01
  2.0510327740460028E-02
  2.0122272384385595E+06
  9.7976183433048791E-01
  2.0238165669512184E-02
  2.0122272089414911E+06
  9.8003028453728380E-01
  1.9969715462716219E-02
  2.0122271792875170E+06
  9.8029507615628608E-01
  1.9704923843713900E-02
  2.0122271494779270E+06
  9.8055626162902387E-01
  1.9443738370976130E-02
  2.0122271195143913E+06
  9.8081389257711971E-01
  1.9186107422880294E-02
  2.0122270893987461E+06
  9.8106801981689840E-01
  1.8931980183101601E-02
  2.0122270591329713E+06
  9.8131869337368915E-01
  1.8681306626310765E-02
  2.0122270287179374E+06
  9.8156596249582961E-01
  1.8434037504170359E-02
  2.0122269981554383E+06
  9.8180987566837763E-01
  1.8190124331622391E-02
  2.0122269674470339E+06
  9.8205048062653977E-01
  1.7949519373460239E-02
  2.0122269365942625E+06
  9.8228782436882223E-01
  1.7712175631177843E-02
  2.0122269055981149E+06
  9.8252195316991087E-01
  1.7478046830089144E-02
  2.0122268744611230E+06
  9.8275291259328834E-01
  1.7247087406711690E-02
  2.0122268431836795E+06
  9.8298074750359221E-01
  1.7019252496407768E-02
  2.0122268117679774E+06
  9.8320550207872304E-01
  1.6794497921276942E-02
  2.0122267802152052E+06
  9.8342721982170622E-01
  1.6572780178293740E-02
  2.0122267485268631E+06
  9.8364594357231494E-01
  1.6354056427685094E-02
  2.0122267167042284E+06
  9.8386171551845858E-01
  1.6138284481541351E-02
  2.0122266847488799E+06
  9.8407457720734426E-01
  1.5925422792655745E-02
  2.0122266526621729E+06
  9.8428456955641341E-01
  1.5715430443586538E-02
  2.0122266204453527E+06
  9.8449173286406322E-01
  1.5508267135936837E-02
  2.0122265881001072E+06
  9.8469610682015296E-01
  1.5303893179847068E-02
  2.0122265556276599E+06
  9.8489773051630514E-01
  1.5102269483694888E-02
  2.0122265230291770E+06
  9.8509664245600226E-01
  1.4903357543997834E-02
  2.0122264903060501E+06
  9.8529288056448594E-01
  1.4707119435514119E-02
  2.0122264574598614E+06
  9.8548648219846324E-01
  1.4513517801536820E-02
  2.0122264244922323E+06
  9.8567748415562284E-01
  1.4322515844377130E-02
  2.0122263914032574E+06
  9.8586592268396755E-01
  1.4134077316032377E-02
  2.0122263581954071E+06
  9.8605183349096570E-01
  1.3948166509034370E-02
  2.0122263248696059E+06
  9.8623525175252580E-01
  1.3764748247474272E-02
  2.0122262914270421E+06
  9.8641621212180020E-01
  1.3583787878199815E-02
  2.0122262578688425E+06
  9.8659474873781894E-01
  1.3405251262181034E-02
  2.0122262241964680E+06
  9.8677089523395922E-01
  1.3229104766040722E-02
  2.0122261904113751E+06
  9.8694468474625419E-01
  1.3055315253745831E-02
  2.0122261565143003E+06
  9.8711614992154362E-01
  1.2883850078456428E-02
  2.0122261225066758E+06
  9.8728532292547155E-01
  1.2714677074528466E-02
  2.0122260883897450E+06
  9.8745223545033278E-01
  1.2547764549667179E-02
  2.0122260541650124E+06
  9.8761691872277246E-01
  1.2383081277227623E-02
  2.0122260198332760E+06
  9.8777940351134086E-01
  1.2220596488659138E-02
  2.0122259853953854E+06
  9.8793972013390929E-01
  1.2060279866090701E-02
  2.0122259508531280E+06
  9.8809789846494600E-01
  1.1902101535053996E-02
  2.0122259162074148E+06
  9.8825396794265885E-01
  1.1746032057341137E-02
  2.0122258814593987E+06
  9.8840795757600564E-01
  1.1592042423994317E-02
  2.0122258466102756E+06
  9.8855989595157567E-01
  1.1440104048424368E-02
  2.0122258116610551E+06
  9.8870981124034441E-01
  1.1290188759655531E-02
  2.0122257766128439E+06
  9.8885773120430631E-01
  1.1142268795693702E-02
  2.0122257414673117E+06
  9.8900368320298448E-01
  1.0996316797015475E-02
  2.0122257062245121E+06
  9.8914769419982440E-01
  1.0852305800175642E-02
  2.0122256708860786E+06
  9.8928979076846990E-01
  1.0710209231530182E-02
  2.0122256354535830E+06
  9.8942999909892715E-01
  1.0570000901072818E-02
  2.0122255999272019E+06
  9.8956834500361768E-01
  1.0431654996382390E-02
  2.0122255643081535E+06
  9.8970485392332119E-01
  1.0295146076678752E-02
  2.0122255285978168E+06
  9.8983955093301479E-01
  1.0160449066985211E-02
  2.0122254927973105E+06
  9.8997246074760514E-01
  1.0027539252394845E-02
  2.0122254569073145E+06
  9.9010360772756101E-01
  9.8963922724389104E-03
  2.0122254209290778E+06
  9.9023301588444501E-01
  9.7669841155550580E-03
  2.0122253848636299E+06
  9.9036070888634675E-01
  9.6392911136532981E-03
  2.0122253487118185E+06
  9.9048671006322220E-01
  9.5132899367777312E-03
  2.0122253124745011E+06
  9.9061104241213782E-01
  9.3889575878621356E-03
  2.0122252761530380E+06
  9.9073372860242259E-01
  9.2662713975773491E-03
  2.0122252397478782E+06
  9.9085479098073126E-01
  9.1452090192687616E-03
  2.0122252032603906E+06
  9.9097425157601804E-01
  9.0257484239819191E-03
  2.0122251666914884E+06
  9.9109213210442548E-01
  8.9078678955745762E-03
  2.0122251300420105E+06
  9.9120845397408652E-01
  8.7915460259134371E-03
  2.0122250933132970E+06
  9.9132323828984625E-01
  8.6767617101537985E-03
  2.0122250565053155E+06
  9.9143650585789955E-01
  8.5634941421005029E-03
  2.0122250196200653E+06
  9.9154827719035132E-01
  8.4517228096486832E-03
  2.0122249826574097E+06
  9.9165857250969769E-01
  8.3414274903023996E-03
  2.0122249456195410E+06
  9.9176741175322991E-01
  8.2325882467700773E-03
  2.0122249085058749E+06
  9.9187481457736526E-01
  8.1251854226347623E-03
  2.0122248713181652E+06
  9.9198080036190206E-01
  8.0191996380980339E-03
  2.0122248340575595E+06
  9.9208538821420389E-01
  7.9146117857960621E-03
  2.0122247967243101E+06
  9.9218859697331363E-01
  7.8114030266863187E-03
  2.0122247593196351E+06
  9.9229044521399634E-01
  7.7095547860036385E-03
  2.0122247218441237E+06
  9.9239095125071575E-01
  7.6090487492842286E-03
  2.0122246842985058E+06
  9.9249013314154355E-01
  7.5098668584564114E-03
  2.0122246466840911E+06
  9.9258800869200337E-01
  7.4119913079966487E-03
  2.0122246090015024E+06
  9.9268459545885013E-01
  7.3154045411497944E-03
  2.0122245712513302E+06
  9.9277991075378791E-01
  7.2200892462121061E-03
  2.0122245334347761E+06
  9.9287397164712388E-01
  7.1260283528760821E-03
  2.0122244955519820E+06
  9.9296679497136431E-01
  7.0332050286356787E-03
  2.0122244576047694E+06
  9.9305839732474910E-01
  6.9416026752509479E-03
  2.0122244195928723E+06
  9.9314879507472908E-01
  6.8512049252709610E-03
  2.0122243815181812E+06
  9.9323800436138621E-01
  6.7619956386137390E-03
  2.0122243433800184E+06
  9.9332604110079770E-01
  6.6739588992023383E-03
  2.0122243051802795E+06
  9.9341292098834411E-01
  6.5870790116559184E-03
  2.0122242669196175E+06
  9.9349865950196525E-01
  6.5013404980347944E-03
  2.0122242285981590E+06
  9.9358327190536155E-01
  6.4167280946384351E-03
  2.0122241902173753E+06
  9.9366677325114450E-01
  6.3332267488554325E-03
  2.0122241517775757E+06
  9.9374917838393551E-01
  6.2508216160645693E-03
  2.0122241132796213E+06
  9.9383050194341416E-01
  6.1694980565858860E-03
  2.0122240747242514E+06
  9.9391075836731912E-01
  6.0892416326809142E-03
  2.0122240361116743E+06
  9.9398996189439881E-01
  6.0100381056012106E-03
  2.0122239974436746E+06
  9.9406812656731580E-01
  5.9318734326842077E-03
  2.0122239587199327E+06
  9.9414526623550448E-01
  5.8547337644955710E-03
  2.0122239199417951E+06
  9.9422139455798275E-01
  5.7786054420172449E-03
  2.0122238811092230E+06
  9.9429652500611976E-01
  5.7034749938802724E-03
  2.0122238422234540E+06
  9.9437067086635833E-01
  5.6293291336416904E-03
  2.0122238032858162E+06
  9.9444384524289542E-01
  5.5561547571045975E-03
  2.0122237642953848E+06
  9.9451606106031931E-01
  5.4839389396806769E-03
  2.0122237252542300E+06
  9.9458733106620567E-01
  5.4126689337944123E-03
  2.0122236861618937E+06
  9.9465766783367171E-01
  5.3423321663282047E-03
  2.0122236470200848E+06
  9.9472708376389229E-01
  5.2729162361077418E-03
  2.0122236078286429E+06
  9.9479559108857329E-01
  5.2044089114268001E-03
  2.0122235685884899E+06
  9.9486320187238919E-01
  5.1367981276108964E-03
  2.0122235293002611E+06
  9.9492992801538105E-01
  5.0700719846189582E-03
  2.0122234899646428E+06
  9.9499578125531751E-01
  5.0042187446825113E-03
  2.0122234505820149E+06
  9.9506077317001840E-01
  4.9392268299815649E-03
  2.0122234111530655E+06
  9.9512491517964330E-01
  4.8750848203566672E-03
  2.0122233716786543E+06
  9.9518821854894368E-01
  4.8117814510564320E-03
  2.0122233321593239E+06
  9.9525069438948011E-01
  4.7493056105199225E-03
  2.0122232925950028E+06
  9.9531235366180670E-01
  4.6876463381933598E-03
  2.0122232529873103E+06
  9.9537320717761957E-01
  4.6267928223804175E-03
  2.0122232133360263E+06
  9.9543326560187428E-01
  4.5667343981256794E-03
  2.0122231736421720E+06
  9.9549253945486937E-01
  4.5074605451305644E-03
  2.0122231339060429E+06
  9.9555103911429876E-01
  4.4489608857012312E-03
  2.0122230941286359E+06
  9.9560877481727206E-01
  4.3912251827278783E-03
  2.0122230543093910E+06
  9.9566575666230506E-01
  4.3342433376949430E-03
  2.0122230144502639E+06
  9.9572199461127842E-01
  4.2780053887215737E-03
  2.0122229745511110E+06
  9.9577749849136787E-01
  4.2225015086320159E-03
  2.0122229346125510E+06
  9.9583227799694474E-01
  4.1677220030552553E-03
  2.0122228946350347E+06
  9.9588634269144649E-01
  4.1136573085534941E-03
  2.0122228546191894E+06
  9.9593970200922100E-01
  4.0602979907789711E-03
  2.0122228145657864E+06
  9.9599236525734136E-01
  4.0076347426586251E-03
  2.0122227744744376E+06
  9.9604434161739386E-01
  3.9556583826061541E-03
  2.0122227343467560E+06
  9.9609564014723906E-01
  3.9043598527610064E-03
  2.0122226941825154E+06
  9.9614626978274612E-01
  3.8537302172538365E-03
  2.0122226539825804E+06
  9.9619623933950208E-01
  3.8037606604979864E-03
  2.0122226137471304E+06
  9.9624555751449340E-01
  3.7544424855065896E-03
  2.0122225734774848E+06
  9.9629423288776520E-01
  3.7057671122348516E-03
  2.0122225331730542E+06
  9.9634227392405295E-01
  3.6577260759470590E-03
  2.0122224928344535E+06
  9.9638968897439206E-01
  3.6103110256079595E-03
  2.0122224524632837E+06
  9.9643648627770187E-01
  3.5635137222980780E-03
  2.0122224120588577E+06
  9.9648267396234746E-01
  3.5173260376525997E-03
  2.0122223716220385E+06
  9.9652826004767669E-01
  3.4717399523234048E-03
  2.0122223311528524E+06
  9.9657325244553618E-01
  3.4267475544638862E-03
  2.0122222906522381E+06
  9.9661765896176391E-01
  3.3823410382361908E-03
  2.0122222501207581E+06
  9.9666148729765947E-01
  3.3385127023405014E-03
  2.0122222095588865E+06
  9.9670474505143403E-01
  3.2952549485660149E-03
  2.0122221689665029E+06
  9.9674743971963664E-01
  3.2525602803632511E-03
  2.0122221283447468E+06
  9.9678957869856266E-01
  3.2104213014373527E-03
  2.0122220876931315E+06
  9.9683116928563797E-01
  3.1688307143620470E-03
  2.0122220470130865E+06
  9.9687221868078602E-01
  3.1277813192139006E-03
  2.0122220063042981E+06
  9.9691273398777336E-01
  3.0872660122266081E-03
  2.0122219655675809E+06
  9.9695272221553510E-01
  3.0472777844649133E-03
  2.0122219248029732E+06
  9.9699219027948216E-01
  3.0078097205179046E-03
  2.0122218840113494E+06
  9.9703114500278867E-01
  2.9688549972113577E-03
  2.0122218431932468E+06
  9.9706959311766108E-01
  2.9304068823388161E-03
  2.0122218023481877E+06
  9.9710754126658896E-01
  2.8924587334111232E-03
  2.0122217614774345E+06
  9.9714499600357587E-01
  2.8550039964240848E-03
  2.0122217205809734E+06
  9.9718196379535595E-01
  2.8180362046440234E-03
  2.0122216796593850E+06
  9.9721845102258910E-01
  2.7815489774109057E-03
  2.0122216387131680E+06
  9.9725446398104123E-01
  2.7455360189587619E-03
  2.0122215977419210E+06
  9.9729000888274688E-01
  2.7099911172531492E-03
  2.0122215567471809E+06
  9.9732509185715468E-01
  2.6749081428453698E-03
  2.0122215157286315E+06
  9.9735971895225672E-01
  2.6402810477432052E-03
  2.0122214746863130E+06
  9.9739389613570206E-01
  2.6061038642978666E-03
  2.0122214336214922E+06
  9.9742762929589313E-01
  2.5723707041069598E-03
  2.0122213925336038E+06
  9.9746092424306687E-01
  2.5390757569331785E-03
  2.0122213573358294E+06
  9.9749378671036149E-01
  2.5062132896384896E-03
  2.0122213162209021E+06
  9.9752622235486577E-01
  2.4737776451341752E-03
  2.0122212750800999E+06
  9.9755823675865685E-01
  2.4417632413431716E-03
  2.0122212339183837E+06
  9.9758983542981794E-01
  2.4101645701820758E-03
  2.0122211927350401E+06
  9.9762102380344664E-01
  2.3789761965533839E-03
  2.0122211515312418E+06
  9.9765180724264602E-01
  2.3481927573539446E-03
  2.0122211103068711E+06
  9.9768219103950273E-01
  2.3178089604972037E-03
  2.0122210690627510E+06
  9.9771218041605070E-01
  2.2878195839493446E-03
  2.0122210277983460E+06
  9.9774178052522089E-01
  2.2582194747790955E-03
  2.0122209865150140E+06
  9.9777099645177891E-01
  2.2290035482210469E-03
  2.0122209452125323E+06
  9.9779983321324783E-01
  2.2001667867521889E-03
  2.0122209038907164E+06
  9.9782829576081844E-01
  2.1717042391815491E-03
  2.0122208625507341E+06
  9.9785638898024720E-01
  2.1436110197526836E-03
  2.0122208211929044E+06
  9.9788411769274110E-01
  2.1158823072588216E-03
  2.0122207798171123E+06
  9.9791148665582952E-01
  2.0885133441705286E-03
  2.0122207384234809E+06
  9.9793850056422440E-01
  2.0614994357756101E-03
  2.0122206970127837E+06
  9.9796516405066882E-01
  2.0348359493311636E-03
  2.0122206555852585E+06
  9.9799148168677243E-01
  2.0085183132275146E-03
  2.0122206141408018E+06
  9.9801745798383612E-01
  1.9825420161639126E-03
  2.0122205726799623E+06
  9.9804309739366426E-01
  1.9569026063357966E-03
  2.0122205312032304E+06
  9.9806840430936650E-01
  1.9315956906334345E-03
  2.0122204897108315E+06
  9.9809338306614814E-01
  1.9066169338518002E-03
  2.0122204482023290E+06
  9.9811803794208842E-01
  1.8819620579114858E-03
  2.0122204066792605E+06
  9.9814237315890952E-01
  1.8576268410905210E-03
  2.0122203651406541E+06
  9.9816639288273312E-01
  1.8336071172668960E-03
  2.0122203235876670E+06
  9.9819010122482832E-01
  1.8098987751716685E-03
  2.0122202820201912E+06
  9.9821350224234751E-01
  1.7864977576524674E-03
  2.0122202404388818E+06
  9.9823659993905278E-01
  1.7634000609472508E-03
  2.0122201988430743E+06
  9.9825939826603183E-01
  1.7406017339681717E-03
  2.0122201572338357E+06
  9.9828190112240456E-01
  1.7180988775953874E-03
  2.0122201156116419E+06
  9.9830411235601935E-01
  1.6958876439806896E-03
  2.0122200739760366E+06
  9.9832603576413925E-01
  1.6739642358607678E-03
  2.0122200323275623E+06
  9.9834767509412004E-01
  1.6523249058800150E-03
  2.0122199906662682E+06
  9.9836903404407729E-01
  1.6309659559227056E-03
  2.0122199489928982E+06
  9.9839011626354557E-01
  1.6098837364544121E-03
  2.0122199073076886E+06
  9.9841092535412745E-01
  1.5890746458725124E-03
  2.0122198656098160E+06
  9.9843146487013434E-01
  1.5685351298656961E-03
  2.0122198239006205E+06
  9.9845173831921774E-01
  1.5482616807822873E-03
  2.0122197821802697E+06
  9.9847174916299275E-01
  1.5282508370072917E-03
  2.0122197404487282E+06
  9.9849150081765192E-01
  1.5084991823480199E-03
  2.0122196987060481E+06
  9.9851099665457177E-01
  1.4890033454281735E-03
  2.0122196569526759E+06
  9.9853024000090984E-01
  1.4697599990902684E-03
  2.0122196151887067E+06
  9.9854923414019381E-01
  1.4507658598062639E-03
  2.0122195734146866E+06
  9.9856798231290367E-01
  1.4320176870963022E-03
  2.0122195316305833E+06
  9.9858648771704461E-01
  1.4135122829554135E-03
  2.0122194898366944E+06
  9.9860475350871192E-01
  1.3952464912880863E-03
  2.0122194480328825E+06
  9.9862278280264949E-01
  1.3772171973505905E-03
  2.0122194062198915E+06
  9.9864057867279898E-01
  1.3594213272009391E-03
  2.0122193643977686E+06
  9.9865814415284360E-01
  1.3418558471563658E-03
  2.0122193225668129E+06
  9.9867548223674185E-01
  1.3245177632582416E-03
  2.0122192807267907E+06
  9.9869259587925574E-01
  1.3074041207442779E-03
  2.0122192388785677E+06
  9.9870948799647208E-01
  1.2905120035279635E-03
  2.0122191970214450E+06
  9.9872616146631499E-01
  1.2738385336850822E-03
  2.0122191551567242E+06
  9.9874261912905282E-01
  1.2573808709472510E-03
  2.0122191132838505E+06
  9.9875886378779766E-01
  1.2411362122023450E-03
  2.0122190714032468E+06
  9.9877489820899834E-01
  1.2251017910017382E-03
  2.0122190295151649E+06
  9.9879072512292577E-01
  1.2092748770742374E-03
  2.0122189876195972E+06
  9.9880634722415329E-01
  1.1936527758466453E-03
  2.0122189457167599E+06
  9.9882176717202920E-01
  1.1782328279708186E-03
  2.0122189038070810E+06
  9.9883698759114281E-01
  1.1630124088571657E-03
  2.0122188618905933E+06
  9.9885201107178556E-01
  1.1479889282144660E-03
  2.0122188199672387E+06
  9.9886684017040406E-01
  1.1331598295959431E-03
  2.0122187780379292E+06
  9.9888147741004851E-01
  1.1185225899514779E-03
  2.0122187361021214E+06
  9.9889592528081406E-01
  1.1040747191859062E-03
  2.0122186941600668E+06
  9.9891018624027672E-01
  1.0898137597232771E-03
  2.0122186522120580E+06
  9.9892426271392298E-01
  1.0757372860770295E-03
  2.0122186102588146E+06
  9.9893815709557399E-01
  1.0618429044259620E-03
  2.0122185682993638E+06
  9.9895187174780398E-01
  1.0481282521959477E-03
  2.0122185263346271E+06
  9.9896540900235276E-01
  1.0345909976472931E-03
  2.0122184843654060E+06
  9.9897877116053235E-01
  1.0212288394676702E-03
  2.0122184423902098E+06
  9.9899196049362937E-01
  1.0080395063705447E-03
  2.0122184004103919E+06
  9.9900497924330101E-01
  9.9502075669900976E-04
  2.0122183584261884E+06
  9.9901782962196506E-01
  9.8217037803497191E-04
  2.0122183590509379E+06
  9.9903051381318642E-01
  9.6948618681359203E-04
  2.0122183169957208E+06
  9.9904303397205541E-01
  9.5696602794459256E-04
  2.0122182748882342E+06
  9.9905539222556894E-01
  9.4460777443110104E-04
  2.0122182327748963E+06
  9.9906759067299278E-01
  9.3240932700715110E-04
  2.0122181906561533E+06
  9.9907963138623179E-01
  9.2036861376811616E-04
  2.0122181485327291E+06
  9.9909151641018867E-01
  9.0848358981128496E-04
  2.0122181064039485E+06
  9.9910324776311965E-01
  8.9675223688038012E-04
  2.0122180642702507E+06
  9.9911482743698510E-01
  8.8517256301485190E-04
  2.0122180221318395E+06
  9.9912625739779615E-01
  8.7374260220388273E-04
  2.0122179799890341E+06
  9.9913753958595497E-01
  8.6246041404502299E-04
  2.0122179378414671E+06
  9.9914867591659251E-01
  8.5132408340740835E-04
  2.0122178956897312E+06
  9.9915966827990044E-01
  8.4033172009948573E-04
  2.0122178535339229E+06
  9.9917051854145877E-01
  8.2948145854118817E-04
  2.0122178113741521E+06
  9.9918122854255953E-01
  8.1877145744049676E-04
  2.0122177692103644E+06
  9.9919180010052566E-01
  8.0819989947433432E-04
  2.0122177270427982E+06
  9.9920223500902627E-01
  7.9776499097371581E-04
  2.0122176848716920E+06
  9.9921253503838692E-01
  7.8746496161312114E-04
  2.0122176426971308E+06
  9.9922270193589602E-01
  7.7729806410400492E-04
  2.0122176005195617E+06
  9.9923273742610752E-01
  7.6726257389240376E-04
  2.0122175583385539E+06
  9.9924264321113943E-01
  7.5735678886058031E-04
  2.0122175161544885E+06
  9.9925242097096734E-01
  7.4757902903265091E-04
  2.0122174739676141E+06
  9.9926207236371589E-01
  7.3792763628413181E-04
  2.0122174317777231E+06
  9.9927159902594465E-01
  7.2840097405536624E-04
  2.0122173895852452E+06
  9.9928100257293129E-01
  7.1899742706875783E-04
  2.0122173473900303E+06
  9.9929028459895031E-01
  7.0971540104978516E-04
  2.0122173051930177E+06
  9.9929944667754822E-01
  7.0055332245172214E-04
  2.0122172629929511E+06
  9.9930849036181602E-01
  6.9150963818402330E-04
  2.0122172207911797E+06
  9.9931741718465561E-01
  6.8258281534432205E-04
  2.0122171785871666E+06
  9.9932622865904597E-01
  6.7377134095399646E-04
  2.0122171363811041E+06
  9.9933492627830278E-01
  6.6507372169724598E-04
  2.0122170941736375E+06
  9.9934351151633638E-01
  6.5648848366363984E-04
  2.0122170519640618E+06
  9.9935198582790585E-01
  6.4801417209408218E-04
  2.0122170097531655E+06
  9.9936035064886986E-01
  6.3964935113015105E-04
  2.0122169686259595E+06
  9.9936860739643329E-01
  6.3139260356676638E-04
  2.0122169264147019E+06
  9.9937675746939181E-01
  6.2324253060816351E-04
  2.0122168842012736E+06
  9.9938480224837301E-01
  6.1519775162698488E-04
  2.0122168419871309E+06
  9.9939274309607318E-01
  6.0725690392678556E-04
  2.0122167997713077E+06
  9.9940058135749255E-01
  5.9941864250748569E-04
  2.0122167575550699E+06
  9.9940831836016586E-01
  5.9168163983402673E-04
  2.0122167153372816E+06
  9.9941595541439188E-01
  5.8404458560806880E-04
  2.0122166731193513E+06
  9.9942349381345730E-01
  5.7650618654271363E-04
  2.0122166309006906E+06
  9.9943093483385981E-01
  5.6906516614021053E-04
  2.0122165886812683E+06
  9.9943827973552746E-01
  5.6172026447260347E-04
  2.0122165464616935E+06
  9.9944552976203471E-01
  5.5447023796527937E-04
  2.0122165042412959E+06
  9.9945268614081662E-01
  5.4731385918337994E-04
  2.0122164620210431E+06
  9.9945975008337906E-01
  5.4024991662103474E-04
  2.0122164198004664E+06
  9.9946672278550663E-01
  5.3327721449338505E-04
  2.0122163775803784E+06
  9.9947360542746866E-01
  5.2639457253134657E-04
  2.0122163353595396E+06
  9.9948039917422082E-01
  5.1960082577909446E-04
  2.0122162931392086E+06
  9.9948710517560579E-01
  5.1289482439421171E-04
  2.0122162509190699E+06
  9.9949372456654950E-01
  5.0627543345048041E-04
  2.0122162086993898E+06
  9.9950025846725665E-01
  4.9974153274327923E-04
  2.0122161664797587E+06
  9.9950670798340246E-01
  4.9329201659753887E-04
  2.0122161242611581E+06
  9.9951307420632174E-01
  4.8692579367823883E-04
  2.0122160820432398E+06
  9.9951935821319660E-01
  4.8064178680339953E-04
  2.0122160398253307E+06
  9.9952556106724044E-01
  4.7443893275953670E-04
  2.0122159976087869E+06
  9.9953168381788049E-01
  4.6831618211955287E-04
  2.0122159553927679E+06
  9.9953772750093695E-01
  4.6227249906302448E-04
  2.0122159131781068E+06
  9.9954369313880120E-01
  4.5630686119885850E-04
  2.0122158709644664E+06
  9.9954958174060970E-01
  4.5041825939028026E-04
  2.0122158287516944E+06
  9.9955539430241780E-01
  4.4460569758212763E-04
  2.0122157865402156E+06
  9.9956113180736961E-01
  4.3886819263041897E-04
  2.0122157443301538E+06
  9.9956679522586589E-01
  4.3320477413416077E-04
  2.0122157021210524E+06
  9.9957238551573058E-01
  4.2761448426937139E-04
  2.0122156599138412E+06
  9.9957790362237475E-01
  4.2209637762528158E-04
  2.0122156177082080E+06
  9.9958335047895730E-01
  4.1664952104269499E-04
  2.0122155755037598E+06
  9.9958872700654555E-01
  4.1127299345446823E-04
  2.0122155333012424E+06
  9.9959403411427195E-01
  4.0596588572809107E-04
  2.0122154911006407E+06
  9.9959927269948967E-01
  4.0072730051032938E-04
  2.0122154489016086E+06
  9.9960444364792611E-01
  3.9555635207391595E-04
  2.0122154067049467E+06
  9.9960954783383382E-01
  3.9045216616624782E-04
  2.0122153645101334E+06
  9.9961458612013998E-01
  3.8541387986007318E-04
  2.0122153223170550E+06
  9.9961955935859381E-01
  3.8044064140613817E-04
  2.0122152801262753E+06
  9.9962446838991226E-01
  3.7553161008776575E-04
  2.0122152379379827E+06
  9.9962931404392275E-01
  3.7068595607734326E-04
  2.0122151957517262E+06
  9.9963409713970530E-01
  3.6590286029469462E-04
  2.0122151535681344E+06
  9.9963881848573266E-01
  3.6118151426730514E-04
  2.0122151113869406E+06
  9.9964347888000771E-01
  3.5652111999238235E-04
  2.0122150692083326E+06
  9.9964807911019926E-01
  3.5192088980072516E-04
  2.0122150270319774E+06
  9.9965261995377763E-01
  3.4738004622237418E-04
  2.0122149848583280E+06
  9.9965710217814596E-01
  3.4289782185402569E-04
  2.0122149426874104E+06
  9.9966152654077178E-01
  3.3847345922818179E-04
  2.0122149005193741E+06
  9.9966589378931592E-01
  3.3410621068401085E-04
  2.0122148583541932E+06
  9.9967020466176015E-01
  3.2979533823990713E-04
  2.0122148161919445E+06
  9.9967445988653225E-01
  3.2554011346770792E-04
  2.0122147740325774E+06
  9.9967866018263141E-01
  3.2133981736856754E-04
  2.0122147318762229E+06
  9.9968280625974959E-01
  3.1719374025044933E-04
  2.0122146897233897E+06
  9.9968689881839279E-01
  3.1310118160722322E-04
  2.0122146475730569E+06
  9.9969093855000069E-01
  3.0906144999934547E-04
  2.0122146054263506E+06
  9.9969492613706390E-01
  3.0507386293609709E-04
  2.0122145632829913E+06
  9.9969886225324067E-01
  3.0113774675936337E-04
  2.0122145211426523E+06
  9.9970274756347111E-01
  2.9725243652893509E-04
  2.0122144790062120E+06
  9.9970658272409074E-01
  2.9341727590930552E-04
  2.0122144368732537E+06
  9.9971036838294214E-01
  2.8963161705795057E-04
  2.0122143947436023E+06
  9.9971410517948489E-01
  2.8589482051506645E-04
  2.0122143526173686E+06
  9.9971779374490521E-01
  2.8220625509474921E-04
  2.0122143104950502E+06
  9.9972143470222241E-01
  2.7856529777759619E-04
  2.0122142683766952E+06
  9.9972502866639523E-01
  2.7497133360470999E-04
  2.0122142262615429E+06
  9.9972857624442690E-01
  2.7142375557308681E-04
  2.0122141841504015E+06
  9.9973207803546760E-01
  2.6792196453237130E-04
  2.0122141420431961E+06
  9.9973553463091713E-01
  2.6446536908295877E-04
  2.0122140999395801E+06
  9.9973894661452456E-01
  2.6105338547542661E-04
  2.0122140578404218E+06
  9.9974231456248863E-01
  2.5768543751128161E-04
  2.0122140157454100E+06
  9.9974563904355496E-01
  2.5436095644499810E-04
  2.0122139944838132E+06
  9.9974892061911269E-01
  2.5107938088733927E-04
  2.0122139524704160E+06
  9.9975215984328980E-01
  2.4784015671014626E-04
  2.0122139104479747E+06
  9.9975535726304854E-01
  2.4464273695141547E-04
  2.0122138684300876E+06
  9.9975851341827671E-01
  2.4148658172332585E-04
  2.0122138264159802E+06
  9.9976162884188002E-01
  2.3837115811995438E-04
  2.0122137844063973E+06
  9.9976470405987306E-01
  2.3529594012685007E-04
  2.0122137424006108E+06
  9.9976773959146825E-01
  2.3226040853167380E-04
  2.0122137003990836E+06
  9.9977073594916399E-01
  2.2926405083600564E-04
  2.0122136584019496E+06
  9.9977369363883173E-01
  2.2630636116830022E-04
  2.0122136164092903E+06
  9.9977661315980204E-01
  2.2338684019797712E-04
  2.0122135744208256E+06
  9.9977949500494934E-01
  2.2050499505063008E-04
  2.0122135324366002E+06
  9.9978233966077568E-01
  2.1766033922434076E-04
  2.0122134904569255E+06
  9.9978514760749293E-01
  2.1485239250708282E-04
  2.0122134484822622E+06
  9.9978791931910471E-01
  2.1208068089520300E-04
  2.0122134065116749E+06
  9.9979065526348709E-01
  2.0934473651296176E-04
  2.0122133645458969E+06
  9.9979335590246687E-01
  2.0664409753312280E-04
  2.0122133225847317E+06
  9.9979602169190152E-01
  2.0397830809857614E-04
  2.0122132806284185E+06
  9.9979865308175508E-01
  2.0134691824498253E-04
  2.0122132386766095E+06
  9.9980125051617552E-01
  1.9874948382442217E-04
  2.0122131967296966E+06
  9.9980381443356992E-01
  1.9618556643004112E-04
  2.0122131547874697E+06
  9.9980634526667822E-01
  1.9365473332167405E-04
  2.0122131128501284E+06
  9.9980884344264764E-01
  1.9115655735243853E-04
  2.0122130709178306E+06
  9.9981130938310370E-01
  1.8869061689628184E-04
  2.0122130289903108E+06
  9.9981374350422358E-01
  1.8625649577647146E-04
  2.0122129870676880E+06
  9.9981614621680504E-01
  1.8385378319501472E-04
  2.0122129451508007E+06
  9.9981851792633691E-01
  1.8148207366299867E-04
  2.0122129032380260E+06
  9.9982085903306817E-01
  1.7914096693183359E-04
  2.0122128613308340E+06
  9.9982316993207465E-01
  1.7683006792539111E-04
  2.0122128194287079E+06
  9.9982545101332698E-01
  1.7454898667302555E-04
  2.0122127775316557E+06
  9.9982770266175647E-01
  1.7229733824346489E-04
  2.0122127356398671E+06
  9.9982992525732040E-01
  1.7007474267956255E-04
  2.0122126937534236E+06
  9.9983211917506609E-01
  1.6788082493389558E-04
  2.0122126518723231E+06
  9.9983428478519476E-01
  1.6571521480520095E-04
  2.0122126099964222E+06
  9.9983642245312443E-01
  1.6357754687563802E-04
  2.0122125683351548E+06
  9.9983853253955113E-01
  1.6146746044886536E-04
  2.0122125264701748E+06
  9.9984061540051106E-01
  1.5938459948892415E-04
  2.0122124846111396E+06
  9.9984267138744010E-01
  1.5732861255990927E-04
  2.0122124427572724E+06
  9.9984470084723354E-01
  1.5529915276643510E-04
  2.0122124009086932E+06
  9.9984670412230503E-01
  1.5329587769486521E-04
  2.0122123590660139E+06
  9.9984868155064466E-01
  1.5131844935530937E-04
  2.0122123172290332E+06
  9.9985063346587555E-01
  1.4936653412437229E-04
  2.0122122753968204E+06
  9.9985256019731128E-01
  1.4743980268864729E-04
  2.0122122335709927E+06
  9.9985446207001105E-01
  1.4553792998894295E-04
  2.0122121917508212E+06
  9.9985633940483476E-01
  1.4366059516523371E-04
  2.0122121499357086E+06
  9.9985819251849761E-01
  1.4180748150232543E-04
  2.0122121081271265E+06
  9.9986002172362376E-01
  1.3997827637622656E-04
  2.0122120698117092E+06
  9.9986182732879869E-01
  1.3817267120121445E-04
  2.0122120280294423E+06
  9.9986360963862231E-01
  1.3639036137760936E-04
  2.0122119862508560E+06
  9.9986536895375988E-01
  1.3463104624013736E-04
  2.0122119444787090E+06
  9.9986710557099290E-01
  1.3289442900712121E-04
  2.0122119027118520E+06
  9.9986881978326980E-01
  1.3118021673019155E-04
  2.0122118609508132E+06
  9.9987051187975529E-01
  1.2948812024471098E-04
  2.0122118191962175E+06
  9.9987218214587914E-01
  1.2781785412083044E-04
  2.0122117774472286E+06
  9.9987383086338477E-01
  1.2616913661518160E-04
  2.0122117357041363E+06
  9.9987545831037683E-01
  1.2454168962319466E-04
  2.0122116939673075E+06
  9.9987706476136795E-01
  1.2293523863203635E-04
  2.0122116522368758E+06
  9.9987865048732583E-01
  1.2134951267415596E-04
  2.0122116105116780E+06
  9.9988021575571862E-01
  1.1978424428143601E-04
  2.0122115687931580E+06
  9.9988176083056002E-01
  1.1823916943993668E-04
  2.0122115270806395E+06
  9.9988328597245479E-01
  1.1671402754522633E-04
  2.0122114853743070E+06
  9.9988479143864162E-01
  1.1520856135829328E-04
  2.0122114436735194E+06
  9.9988627748303793E-01
  1.1372251696202631E-04
  2.0122114019795170E+06
  9.9988774435628169E-01
  1.1225564371826215E-04
  2.0122113602916854E+06
  9.9988919230577455E-01
  1.1080769422538784E-04
  2.0122113186102700E+06
  9.9989062157572361E-01
  1.0937842427649398E-04
  2.0122112769347026E+06
  9.9989203240718183E-01
  1.0796759281806916E-04
  2.0122112352657693E+06
  9.9989342503809076E-01
  1.0657496190923174E-04
  2.0122111936029303E+06
  9.9989479970331852E-01
  1.0520029668148709E-04
  2.0122111519465975E+06
  9.9989615663470099E-01
  1.0384336529900928E-04
  2.0122111102965453E+06
  9.9989749606108058E-01
  1.0250393891943544E-04
  2.0122110686531363E+06
  9.9989881820834492E-01
  1.0118179165516919E-04
  2.0122110270157340E+06
  9.9990012329946487E-01
  9.9876700535184986E-05
  2.0122109853851008E+06
  9.9990141155453272E-01
  9.8588445467327670E-05
  2.0122109437607005E+06
  9.9990268319079889E-01
  9.7316809201100049E-05
  2.0122109021431531E+06
  9.9990393842270908E-01
  9.6061577290933035E-05
  2.0122108605317839E+06
  9.9990517746194008E-01
  9.4822538059931389E-05
  2.0122108189270922E+06
  9.9990640051743584E-01
  9.3599482564088606E-05
  2.0122107773292118E+06
  9.9990760779544308E-01
  9.2392204556966247E-05
  2.0122107357376872E+06
  9.9990879949954514E-01
  9.1200500454829888E-05
  2.0122106941529971E+06
  9.9990997583069774E-01
  9.0024169302237096E-05
  2.0122106525749317E+06
  9.9991113698726186E-01
  8.8863012738070967E-05
  2.0122106110031381E+06
  9.9991228316503800E-01
  8.7716834962013279E-05
  2.0122105694382649E+06
  9.9991341455729854E-01
  8.6585442701451939E-05
  2.0122105278801562E+06
  9.9991453135482122E-01
  8.5468645178817342E-05
  2.0122104863285054E+06
  9.9991563374592074E-01
  8.4366254079340587E-05
  2.0122104447835677E+06
  9.9991672191648073E-01
  8.3278083519230646E-05
  2.0122104032458330E+06
  9.9991779604998576E-01
  8.2203950014261972E-05
  2.0122103617148125E+06
  9.9991885632755129E-01
  8.1143672448769782E-05
  2.0122103201903759E+06
  9.9991990292795496E-01
  8.0097072045046472E-05
  2.0122102786730889E+06
  9.9992093602766685E-01
  7.9063972333133847E-05
  2.0122102371624776E+06
  9.9992195580087895E-01
  7.8044199121006888E-05
  2.0122101956585201E+06
  9.9992296241953493E-01
  7.7037580465143116E-05
  2.0122101541615846E+06
  9.9992395605335849E-01
  7.6043946641472869E-05
  2.0122101126717397E+06
  9.9992493686988337E-01
  7.5063130116705438E-05
  2.0122100711886119E+06
  9.9992590503447998E-01
  7.4094965520026885E-05
  2.0122100297124479E+06
  9.9992686071038483E-01
  7.3139289615163183E-05
  2.0122099882433766E+06
  9.9992780405872717E-01
  7.2195941272805626E-05
  2.0122099467812188E+06
  9.9992873523855652E-01
  7.1264761443392863E-05
  2.0122099053262158E+06
  9.9992965440686965E-01
  7.0345593130245065E-05
  2.0122098638780043E+06
  9.9993056171863703E-01
  6.9438281363045338E-05
  2.0122098224373001E+06
  9.9993145732682831E-01
  6.8542673171664945E-05
  2.0122097810030216E+06
  9.9993234138243969E-01
  6.7658617560326548E-05
  2.0122097395760086E+06
  9.9993321403451785E-01
  6.6785965482102190E-05
  2.0122096981564087E+06
  9.9993407543018631E-01
  6.5924569813740816E-05
  2.0122096567438485E+06
  9.9993492571466924E-01
  6.5074285330821627E-05
  2.0122096153382331E+06
  9.9993576503131676E-01
  6.4234968683228678E-05
  2.0122095739398897E+06
  9.9993659352162900E-01
  6.3406478370942978E-05
  2.0122095325491279E+06
  9.9993741132527991E-01
  6.2588674720147339E-05
  2.0122094911647954E+06
  9.9993821858014031E-01
  6.1781419859640690E-05
  2.0122094497880065E+06
  9.9993901542230246E-01
  6.0984577697557141E-05
  2.0122094084183252E+06
  9.9993980198610166E-01
  6.0198013898386248E-05
  2.0122093670562289E+06
  9.9994057840413964E-01
  5.9421595860290551E-05
  2.0122093257009287E+06
  9.9994134480730723E-01
  5.8655192692716214E-05
  2.0122092843532243E+06
  9.9994210132480577E-01
  5.7898675194293488E-05
  2.0122092430126257E+06
  9.9994284808416889E-01
  5.7151915831022742E-05
  2.0122092016793196E+06
  9.9994358521128524E-01
  5.6414788714742570E-05
  2.0122091603535234E+06
  9.9994431283041818E-01
  5.5687169581876445E-05
  2.0122091190352640E+06
  9.9994503106422761E-01
  5.4968935772454113E-05
  2.0122090777238591E+06
  9.9994574003379066E-01
  5.4259966209404311E-05
  2.0122090364202312E+06
  9.9994643985862186E-01
  5.3560141378114791E-05
  2.0122089951239477E+06
  9.9994713065669372E-01
  5.2869343306257396E-05
  2.0122089538349574E+06
  9.9994781254445608E-01
  5.2187455543873165E-05
  2.0122089125530731E+06
  9.9994848563685623E-01
  5.1514363143715506E-05
  2.0122088712789705E+06
  9.9994915004735818E-01
  5.0849952641846878E-05
  2.0122088300125953E+06
  9.9994980588796156E-01
  5.0194112038486955E-05
  2.0122087887533316E+06
  9.9995045326922083E-01
  4.9546730779108013E-05
  2.0122087475017374E+06
  9.9995109230026424E-01
  4.8907699735774387E-05
  2.0122087062574145E+06
  9.9995172308881120E-01
  4.8276911188723896E-05
  2.0122086650205224E+06
  9.9995234574119174E-01
  4.7654258808186648E-05
  2.0122086244333684E+06
  9.9995296036236359E-01
  4.7039637636439181E-05
  2.0122085832145202E+06
  9.9995356705592986E-01
  4.6432944070091523E-05
  2.0122085420034137E+06
  9.9995416592415742E-01
  4.5834075842598114E-05
  2.0122085007991525E+06
  9.9995475706799297E-01
  4.5242932007004028E-05
  2.0122084596031653E+06
  9.9995534058708113E-01
  4.4659412918906065E-05
  2.0122084184142218E+06
  9.9995591657978045E-01
  4.4083420219637371E-05
  2.0122083772331364E+06
  9.9995648514318036E-01
  4.3514856819668862E-05
  2.0122083360593407E+06
  9.9995704637311789E-01
  4.2953626882225329E-05
  2.0122082948939265E+06
  9.9995760036419290E-01
  4.2399635807112951E-05
  2.0122082537353183E+06
  9.9995814720978526E-01
  4.1852790214755940E-05
  2.0122082125849724E+06
  9.9995868700206958E-01
  4.1312997930439652E-05
  2.0122081714419771E+06
  9.9995921983203129E-01
  4.0780167968756877E-05
  2.0122081303066348E+06
  9.9995974578948166E-01
  4.0254210518255495E-05
  2.0122080891791738E+06
  9.9996026496307366E-01
  3.9735036926284206E-05
  2.0122080480596386E+06
  9.9996077744031597E-01
  3.9222559684034366E-05
  2.0122080069474257E+06
  9.9996128330758816E-01
  3.8716692411774584E-05
  2.0122079658434920E+06
  9.9996178265015578E-01
  3.8217349844276863E-05
  2.0122079247465336E+06
  9.9996227555218364E-01
  3.7724447816430090E-05
  2.0122079065929521E+06
  9.9996276209675106E-01
  3.7237903249040242E-05
  2.0122078425827273E+06
  9.9996324236586509E-01
  3.6757634134848053E-05
  2.0122078252534105E+06
  9.9996371644047544E-01
  3.6283559524536849E-05
  2.0122077604234368E+06
  9.9996418440048651E-01
  3.5815599513390844E-05
  2.0122077439908916E+06
  9.9996464632477255E-01
  3.5353675227409418E-05
  2.0122076783365828E+06
  9.9996510229118962E-01
  3.4897708810425882E-05
  2.0122076627214202E+06
  9.9996555237658946E-01
  3.4447623410545731E-05
  2.0122075962385652E+06
  9.9996599665683239E-01
  3.4003343167611121E-05
  2.0122075814877979E+06
  9.9996643520680006E-01
  3.3564793199972595E-05
  2.0122075141717510E+06
  9.9996686810040769E-01
  3.3131899592289629E-05
  2.0122075002896530E+06
  9.9996729541061735E-01
  3.2704589382627559E-05
  2.0122074321357755E+06
  9.9996771720944944E-01
  3.2282790550585444E-05
  2.0122074191269754E+06
  9.9996813356799519E-01
  3.1866432004710077E-05
  2.0122073501306758E+06
  9.9996854455642914E-01
  3.1455443570942492E-05
  2.0122073379997888E+06
  9.9996895024401955E-01
  3.1049755980341390E-05
  2.0122072681566863E+06
  9.9996935069914206E-01
  3.0649300857839405E-05
  2.0122072569081064E+06
  9.9996974598928978E-01
  3.0254010710268442E-05
  2.0122071862142042E+06
  9.9997013618108455E-01
  2.9863818915417657E-05
  2.0122071758522359E+06
  9.9997052134028963E-01
  2.9478659710352933E-05
  2.0122071043031786E+06
  9.9997090153181922E-01
  2.9098468180768749E-05
  2.0122070948323184E+06
  9.9997127681975040E-01
  2.8723180249594407E-05
  2.0122070224232925E+06
  9.9997164726733334E-01
  2.8352732666631963E-05
  2.0122070138481890E+06
  9.9997201293700255E-01
  2.7987062997442256E-05
  2.0122069405747235E+06
  9.9997237389038685E-01
  2.7626109613261104E-05
  2.0122069328998132E+06
  9.9997273018831978E-01
  2.7269811680158239E-05
  2.0122068587585017E+06
  9.9997308189085077E-01
  2.6918109149224515E-05
  2.0122068519874674E+06
  9.9997342905725395E-01
  2.6570942745996694E-05
  2.0122067769733542E+06
  9.9997377174603908E-01
  2.6228253960908676E-05
  2.0122067711114408E+06
  9.9997411001496106E-01
  2.5889985038975682E-05
  2.0122066952205368E+06
  9.9997444392102952E-01
  2.5556078970502132E-05
  2.0122066902714046E+06
  9.9997477352051889E-01
  2.5226479481019053E-05
  2.0122066134988188E+06
  9.9997509886897773E-01
  2.4901131022241763E-05
  2.0122066094677439E+06
  9.9997542002123774E-01
  2.4579978762253960E-05
  2.0122065318095773E+06
  9.9997573703142328E-01
  2.4262968576708776E-05
  2.0122065287001939E+06
  9.9997604995296074E-01
  2.3950047039253663E-05
  2.0122064501525462E+06
  9.9997635883858704E-01
  2.3641161412968122E-05
  2.0122064479688816E+06
  9.9997666374035898E-01
  2.3336259641023259E-05
  2.0122063685278825E+06
  9.9997696470966169E-01
  2.3035290338349990E-05
  2.0122063672745810E+06
  9.9997726179721758E-01
  2.2738202782527669E-05
  2.0122062869347977E+06
  9.9997755505309427E-01
  2.2444946905676401E-05
  2.0122062866159878E+06
  9.9997784452671434E-01
  2.2155473285569200E-05
  2.0122062053745831E+06
  9.9997813026686233E-01
  2.1869733137742450E-05
  2.0122062059944666E+06
  9.9997841232169316E-01
  2.1587678306825793E-05
  2.0122061238466727E+06
  9.9997869073874113E-01
  2.1309261258865316E-05
  2.0122061254095125E+06
  9.9997896556492716E-01
  2.1034435072865669E-05
  2.0122060423505649E+06
  9.9997923684656664E-01
  2.0763153433320097E-05
  2.0122060448613374E+06
  9.9997950462937812E-01
  2.0495370621959778E-05
  2.0122059608878179E+06
  9.9997976895848950E-01
  2.0231041510485119E-05
  2.0122059643491998E+06
  9.9998002987844747E-01
  1.9970121552517106E-05
  2.0122058794573986E+06
  9.9998028743322342E-01
  1.9712566776524632E-05
  2.0122058901033851E+06
  9.9998054166622197E-01
  1.9458333777972867E-05
  2.0122058043192425E+06
  9.9998079262028761E-01
  1.9207379712446159E-05
  2.0122058097216990E+06
  9.9998104033771207E-01
  1.8959662287971331E-05
  2.0122057230078641E+06
  9.9998128486024174E-01
  1.8715139758343725E-05
  2.0122057293746432E+06
  9.9998152622908432E-01
  1.8473770915642718E-05
  2.0122056417302117E+06
  9.9998176448491638E-01
  1.8235515083718527E-05
  2.0122056490646403E+06
  9.9998199966788903E-01
  1.8000332110903025E-05
  2.0122055604852771E+06
  9.9998223181763635E-01
  1.7768182363669935E-05
  2.0122055687917848E+06
  9.9998246097328047E-01
  1.7539026719524050E-05
  2.0122054792741763E+06
  9.9998268717343908E-01
  1.7312826560832362E-05
  2.0122054885560938E+06
  9.9998291045623211E-01
  1.7089543767887429E-05
  2.0122053980952264E+06
  9.9998313085928714E-01
  1.6869140712904914E-05
  2.0122054083575984E+06
  9.9998334841974679E-01
  1.6651580253256634E-05
  2.0122053169503012E+06
  9.9998356317427428E-01
  1.6436825725630273E-05
  2.0122053281965454E+06
  9.9998377515906056E-01
  1.6224840939427871E-05
  2.0122052358382931E+06
  9.9998398440982894E-01
  1.6015590171083270E-05
  2.0122052480727339E+06
  9.9998419096184232E-01
  1.5809038157622025E-05
  2.0122051547599414E+06
  9.9998439484990886E-01
  1.5605150091132367E-05
  2.0122051679864950E+06
  9.9998459610838752E-01
  1.5403891612482645E-05
  2.0122050737153846E+06
  9.9998479477119406E-01
  1.5205228805941686E-05
  2.0122050879373888E+06
  9.9998499087180692E-01
  1.5009128193049666E-05
  2.0122049927038606E+06
  9.9998518444327267E-01
  1.4815556727384064E-05
  2.0122050079259970E+06
  9.9998537551821143E-01
  1.4624481788580310E-05
  2.0122049117261418E+06
  9.9998556412882278E-01
  1.4435871177239153E-05
  2.0122049279521918E+06
  9.9998575030689085E-01
  1.4249693109093526E-05
  2.0122048307820533E+06
  9.9998593408379000E-01
  1.4065916210053623E-05
  2.0122048480157279E+06
  9.9998611549048955E-01
  1.3884509510516271E-05
  2.0122047498720568E+06
  9.9998629455755950E-01
  1.3705442440544078E-05
  2.0122047681170041E+06
  9.9998647131517571E-01
  1.3528684824313812E-05
  2.0122046689958251E+06
  9.9998664579312457E-01
  1.3354206875425959E-05
  2.0122046882563513E+06
  9.9998681802080847E-01
  1.3181979191488780E-05
  2.0122045881532689E+06
  9.9998698802725039E-01
  1.3011972749554751E-05
  2.0122046085550252E+06
  9.9998715584109921E-01
  1.2844158900837005E-05
  2.0122045073454366E+06
  9.9998732149063363E-01
  1.2678509366269280E-05
  2.0122045287706836E+06
  9.9998748500376866E-01
  1.2514996231351070E-05
  2.0122044266941526E+06
  9.9998764640805815E-01
  1.2353591941828447E-05
  2.0122044490242330E+06
  9.9998780573070134E-01
  1.2194269298664606E-05
  2.0122043459552438E+06
  9.9998796299854620E-01
  1.2037001453837644E-05
  2.0122043693153658E+06
  9.9998811823809453E-01
  1.1881761905434287E-05
  2.0122042652500418E+06
  9.9998827147550640E-01
  1.1728524493561143E-05
  2.0122042896442101E+06
  9.9998842273660438E-01
  1.1577263395558376E-05
  2.0122041845795114E+06
  9.9998857204687797E-01
  1.1427953122021706E-05
  2.0122042100118864E+06
  9.9998871943148782E-01
  1.1280568512132907E-05
  2.0122041039431829E+06
  9.9998886491527028E-01
  1.1135084729789690E-05
  2.0122041304168676E+06
  9.9998900852274097E-01
  1.0991477259050167E-05
  2.0122040233414317E+06
  9.9998915027809965E-01
  1.0849721900367533E-05
  2.0122040508599991E+06
  9.9998929020523386E-01
  1.0709794766145799E-05
  2.0122039427736935E+06
  9.9998942832772297E-01
  1.0571672277076679E-05
  2.0122039713409981E+06
  9.9998956466884215E-01
  1.0435331157803579E-05
  2.0122038622407026E+06
  9.9998969925156667E-01
  1.0300748433357925E-05
  2.0122038918606781E+06
  9.9998983209857506E-01
  1.0167901424928990E-05
  2.0122037817424985E+06
  9.9998996323225364E-01
  1.0036767746396863E-05
  2.0122038124183204E+06
  9.9999009267469985E-01
  9.9073253002054502E-06
  2.0122037012785769E+06
  9.9999022044772601E-01
  9.7795522739896177E-06
  2.0122037330138476E+06
  9.9999034657286334E-01
  9.6534271365487824E-06
  2.0122036208495980E+06
  9.9999047107136552E-01
  9.5289286345656163E-06
  2.0122036536482305E+06
  9.9999059396421131E-01
  9.4060357886778915E-06
  2.0122035404552573E+06
  9.9999071527210981E-01
  9.2847278902862730E-06
  2.0122035743203044E+06
  9.9999083501550223E-01
  9.1649844977219036E-06
  2.0122034600955895E+06
  9.9999095321456677E-01
  9.0467854331409585E-06
  2.0122034950309198E+06
  9.9999106988922115E-01
  8.9301107787856631E-06
  2.0122033797710922E+06
  9.9999118505912610E-01
  8.8149408739631912E-06
  2.0122034168908396E+06
  9.9999129874368864E-01
  8.7012563113978552E-06
  2.0122033005984940E+06
  9.9999141096206567E-01
  8.5890379342925161E-06
  2.0122033376890356E+06
  9.9999152173316730E-01
  8.4782668327682654E-06
  2.0122032203549114E+06
  9.9999163107565903E-01
  8.3689243410072122E-06
  2.0122032585255264E+06
  9.9999173900796623E-01
  8.2609920337792258E-06
  2.0122031401459186E+06
  9.9999184554827636E-01
  8.1544517236608677E-06
  2.0122031794008734E+06
  9.9999195071454239E-01
  8.0492854576477797E-06
  2.0122030599723589E+06
  9.9999205452448559E-01
  7.9454755144490540E-06
  2.0122031003142954E+06
  9.9999215699559885E-01
  7.8430044011821937E-06
  2.0122029798338921E+06
  9.9999225814514925E-01
  7.7418548507410800E-06
  2.0122030212668949E+06
  9.9999235799018149E-01
  7.6420098185714259E-06
  2.0122028997306617E+06
  9.9999245654751989E-01
  7.5434524801104466E-06
  2.0122029422658300E+06
  9.9999255383377228E-01
  7.4461662276407969E-06
  2.0122028196632436E+06
  9.9999264986533221E-01
  7.3501346677999724E-06
  2.0122028632954473E+06
  9.9999274465838150E-01
  7.2553416185108869E-06
  2.0122027396306803E+06
  9.9999283822889351E-01
  7.1617711065590805E-06
  2.0122027843635492E+06
  9.9999293059263539E-01
  7.0694073645980532E-06
  2.0122026596423041E+06
  9.9999302176517124E-01
  6.9782348287924917E-06
  2.0122027054706025E+06
  9.9999311176186412E-01
  6.8882381358965051E-06
  2.0122025796810361E+06
  9.9999320059787900E-01
  6.7994021209610772E-06
  2.0122026266163650E+06
  9.9999328828818546E-01
  6.7117118144834308E-06
  2.0122025485381656E+06
  9.9999337484755979E-01
  6.6251524401769587E-06
  2.0122025967198459E+06
  9.9999346029058778E-01
  6.5397094122031372E-06
  2.0122024688837463E+06
  9.9999354463166701E-01
  6.4553683329558817E-06
  2.0122025181547839E+06
  9.9999362788500956E-01
  6.3721149904083596E-06
  2.0122023892409010E+06
  9.9999371006464410E-01
  6.2899353559689237E-06
  2.0122024396276982E+06
  9.9999379118441822E-01
  6.2088155818404814E-06
  2.0122023096333449E+06
  9.9999387125800099E-01
  6.1287419989680396E-06
  2.0122023611385392E+06
  9.9999395029888560E-01
  6.0497011144556329E-06
  2.0122022300605513E+06
  9.9999402832039042E-01
  5.9716796095697643E-06
  2.0122022826880689E+06
  9.9999410533566280E-01
  5.8946643372192852E-06
  2.0122021505229494E+06
  9.9999418135767992E-01
  5.8186423200132966E-06
  2.0122022042748274E+06
  9.9999425639925221E-01
  5.7436007478023535E-06
  2.0122020710198579E+06
  9.9999433047302422E-01
  5.6695269757893947E-06
  2.0122021258998434E+06
  9.9999440359147795E-01
  5.5964085221307638E-06
  2.0122019915523387E+06
  9.9999447576693379E-01
  5.5242330660987317E-06
  2.0122020475629861E+06
  9.9999454701155421E-01
  5.4529884457409053E-06
  2.0122019121196563E+06
  9.9999461733734396E-01
  5.3826626560929062E-06
  2.0122019692649348E+06
  9.9999468675615311E-01
  5.3132438468947305E-06
  2.0122018327219775E+06
  9.9999475527967918E-01
  5.2447203208522879E-06
  2.0122018910045833E+06
  9.9999482291946862E-01
  5.1770805314092971E-06
  2.0122017533600281E+06
  9.9999488968691896E-01
  5.1103130810563263E-06
  2.0122018127821733E+06
  9.9999495559328078E-01
  5.0444067191568958E-06
  2.0122016740325345E+06
  9.9999502064965973E-01
  4.9793503403027457E-06
  2.0122017345978620E+06
  9.9999508486701782E-01
  4.9151329821928069E-06
  2.0122015947405421E+06
  9.9999514825617597E-01
  4.8517438240334606E-06
  2.0122016564521184E+06
  9.9999521082781551E-01
  4.7891721844690916E-06
  2.0122015154839088E+06
  9.9999527259247989E-01
  4.7274075200260607E-06
  2.0122015783442687E+06
  9.9999533356057690E-01
  4.6664394230936313E-06
  2.0122014362628544E+06
  9.9999539374237956E-01
  4.6062576204105233E-06
  2.0122015002750764E+06
  9.9999545314802896E-01
  4.5468519710949066E-06
  2.0122013570772447E+06
  9.9999551178753476E-01
  4.4882124651723571E-06
  2.0122014222440571E+06
  9.9999556967077829E-01
  4.4303292216537982E-06
  2.0122012779267081E+06
  9.9999562680751286E-01
  4.3731924871037313E-06
  2.0122013442514474E+06
  9.9999568320736620E-01
  4.3167926337649027E-06
  2.0122011988116598E+06
  9.9999573887984183E-01
  4.2611201581657502E-06
  2.0122012662970233E+06
  9.9999579383432069E-01
  4.2061656792906578E-06
  2.0122011197326551E+06
  9.9999584808006270E-01
  4.1519199372255299E-06
  2.0122011883807550E+06
  9.9999590162620866E-01
  4.0983737913725470E-06
  2.0122010406889571E+06
  9.9999595448178091E-01
  4.0455182191328611E-06
  2.0122011105030244E+06
  9.9999600665568589E-01
  3.9933443141647072E-06
  2.0122009616807401E+06
  9.9999605815671488E-01
  3.9418432851022092E-06
  2.0122010326638042E+06
  9.9999610899354618E-01
  3.8910064538558481E-06
  2.0122008827083115E+06
  9.9999615917474571E-01
  3.8408252543663833E-06
  2.0122009548630510E+06
  9.9999620870876904E-01
  3.7912912309466353E-06
  2.0122008037720267E+06
  9.9999625760396293E-01
  3.7423960370695493E-06
  2.0122008771003287E+06
  9.9999630586856625E-01
  3.6941314337502780E-06
  2.0122007248710897E+06
  9.9999635351071159E-01
  3.6464892883675240E-06
  2.0122007993763450E+06
  9.9999640053842698E-01
  3.5994615730849128E-06
  2.0122006460056971E+06
  9.9999644695963630E-01
  3.5530403637046604E-06
  2.0122007216908967E+06
  9.9999649278216185E-01
  3.5072178381273397E-06
  2.0122005671763944E+06
  9.9999653801372468E-01
  3.4619862752369743E-06
  2.0122006440438142E+06
  9.9999658266194669E-01
  3.4173380533982518E-06
  2.0122004883830685E+06
  9.9999662673435064E-01
  3.3732656493722098E-06
  2.0122005664347415E+06
  9.9999667023836314E-01
  3.3297616368499764E-06
  2.0122004096255559E+06
  9.9999671318131456E-01
  3.2868186853982160E-06
  2.0122004888647930E+06
  9.9999675557044088E-01
  3.2444295590284929E-06
  2.0122003309041578E+06
  9.9999679741288483E-01
  3.2025871151716965E-06
  2.0122004113331719E+06
  9.9999683871569667E-01
  3.1612843032821438E-06
  2.0122002522187626E+06
  9.9999687948583615E-01
  3.1205141638401862E-06
  2.0122003338404652E+06
  9.9999691973017302E-01
  3.0802698269902298E-06
  2.0122001735693361E+06
  9.9999695945548850E-01
  3.0405445115707390E-06
  2.0122002564091519E+06
  9.9999699866847624E-01
  3.0013315237853622E-06
  2.0122000949562290E+06
  9.9999703737574386E-01
  2.9626242562595700E-06
  2.0122001789935867E+06
  9.9999707558381323E-01
  2.9244161867440646E-06
  2.0122000163788977E+06
  9.9999711329912278E-01
  2.8867008771973955E-06
  2.0122001016167579E+06
  9.9999715052802740E-01
  2.8494719725208126E-06
  2.0121999378616938E+06
  9.9999718727680043E-01
  2.8127231996661378E-06
  2.0122000244851524E+06
  9.9999722355163367E-01
  2.7764483664013480E-06
  2.0121998593574411E+06
  9.9999725935863959E-01
  2.7406413604429891E-06
  2.0121999471876523E+06
  9.9999729470385179E-01
  2.7052961482516842E-06
  2.0121997810995101E+06
  9.9999732959322585E-01
  2.6704067741885517E-06
  2.0121998699288580E+06
  9.9999736403264061E-01
  2.6359673593398568E-06
  2.0121997026697714E+06
  9.9999739802789933E-01
  2.6019721006966175E-06
  2.0121997927083808E+06
  9.9999743158472998E-01
  2.5684152700079591E-06
  2.0121996242763028E+06
  9.9999746470878703E-01
  2.5352912129831562E-06
  2.0121997155269850E+06
  9.9999749740565180E-01
  2.5025943481729025E-06
  2.0121995459193441E+06
  9.9999752968083389E-01
  2.4703191661933121E-06
  2.0121996383841441E+06
  9.9999756153977137E-01
  2.4384602286343648E-06
  2.0121994675986215E+06
  9.9999759298783264E-01
  2.4070121673052700E-06
  2.0121995612803611E+06
  9.9999762403031678E-01
  2.3759696831694346E-06
  2.0121993893145651E+06
  9.9999765467245438E-01
  2.3453275456106050E-06
  2.0121994842146463E+06
  9.9999768491940866E-01
  2.3150805913937095E-06
  2.0121993110669323E+06
  9.9999771477627608E-01
  2.2852237239512154E-06
  2.0121994071887292E+06
  9.9999774424808763E-01
  2.2557519123692150E-06
  2.0121992328565428E+06
  9.9999777333980922E-01
  2.2266601906934536E-06
  2.0121993302010335E+06
  9.9999780205634303E-01
  2.1979436569400276E-06
  2.0121991546822563E+06
  9.9999783040252754E-01
  2.1695974724205511E-06
  2.0121992532523593E+06
  9.9999785838313926E-01
  2.1416168607768869E-06
  2.0121990765443887E+06
  9.9999788600289274E-01
  2.1139971073249144E-06
  2.0121991763423935E+06
  9.9999791326644194E-01
  2.0867335581126963E-06
  2.0121989984432212E+06
  9.9999794017838073E-01
  2.0598216192823660E-06
  2.0121990994712696E+06
  9.9999796674324393E-01
  2.0332567561511538E-06
  2.0121989203794028E+06
  9.9999799296550740E-01
  2.0070344925908756E-06
  2.0121990226388979E+06
  9.9999801884958983E-01
  1.9811504101312821E-06
  2.0121988423517148E+06
  9.9999804439985274E-01
  1.9556001473566756E-06
  2.0121989458453213E+06
  9.9999806962060100E-01
  1.9303793990310256E-06
  2.0121987643611874E+06
  9.9999809451608446E-01
  1.9054839155112481E-06
  2.0121988690912675E+06
  9.9999811909049807E-01
  1.8809095018935657E-06
  2.0121986864078259E+06
  9.9999814334798254E-01
  1.8566520174429822E-06
  2.0121987923758354E+06
  9.9999816729262525E-01
  1.8327073747603689E-06
  2.0121986084906105E+06
  9.9999819092846076E-01
  1.8090715392277089E-06
  2.0121987156993905E+06
  9.9999821425947188E-01
  1.7857405281954088E-06
  2.0121985306107213E+06
  9.9999823728958948E-01
  1.7627104104428516E-06
  2.0121986390618507E+06
  9.9999826002269465E-01
  1.7399773053854508E-06
  2.0121984527684920E+06
  9.9999828246261746E-01
  1.7175373825501171E-06
  2.0121985624633455E+06
  9.9999830461313910E-01
  1.6953868608015649E-06
  2.0121983749622952E+06
  9.9999832647799214E-01
  1.6735220078322713E-06
  2.0121984859037115E+06
  9.9999834806086063E-01
  1.6519391394075679E-06
  2.0121982971937552E+06
  9.9999836936538111E-01
  1.6306346188697160E-06
  2.0121984093830758E+06
  9.9999839039514360E-01
  1.6096048564013080E-06
  2.0121982194619647E+06
  9.9999841115369148E-01
  1.5888463085430705E-06
  2.0121983329016382E+06
  9.9999843164452251E-01
  1.5683554774751491E-06
  2.0121981417677512E+06
  9.9999845187108949E-01
  1.5481289105482528E-06
  2.0121982564602131E+06
  9.9999847183680035E-01
  1.5281631995823850E-06
  2.0121980641105101E+06
  9.9999849154501963E-01
  1.5084549804109581E-06
  2.0121981800572725E+06
  9.9999851099906778E-01
  1.4890009321965632E-06
  2.0121979864901404E+06
  9.9999853020222307E-01
  1.4697977769876917E-06
  2.0121981036927646E+06
  9.9999854915772102E-01
  1.4508422790511209E-06
  2.0121979089078133E+06
  9.9999856786875552E-01
  1.4321312444409137E-06
  2.0121980273673499E+06
  9.9999858633847960E-01
  1.4136615203470039E-06
  2.0121978313639569E+06
  9.9999860457000533E-01
  1.3954299946761421E-06
  2.0121979496450590E+06
  9.9999862256640459E-01
  1.3774335954162876E-06
  2.0121977538672187E+06
  9.9999864033070973E-01
  1.3596692902290905E-06
  2.0121978734272711E+06
  9.9999865786591424E-01
  1.3421340858300710E-06
  2.0121976763985788E+06
  9.9999867517497243E-01
  1.3248250275917434E-06
  2.0121978070018266E+06
  9.9999869226080107E-01
  1.3077391989394234E-06
  2.0121976087597248E+06
  9.9999870912627897E-01
  1.2908737209656198E-06
  2.0121977309448656E+06
  9.9999872577424820E-01
  1.2742257518387097E-06
  2.0121975314423228E+06
  9.9999874220751361E-01
  1.2577924864299083E-06
  2.0121976549247904E+06
  9.9999875842884423E-01
  1.2415711557367344E-06
  2.0121974541636312E+06
  9.9999877444097340E-01
  1.2255590265183003E-06
  2.0121975789448908E+06
  9.9999879024659932E-01
  1.2097534007340510E-06
  2.0121973769218060E+06
  9.9999880584838474E-01
  1.1941516151889287E-06
  2.0121975030050788E+06
  9.9999882124895900E-01
  1.1787510409857252E-06
  2.0121972997178487E+06
  9.9999883645091681E-01
  1.1635490831801004E-06
  2.0121974271057132E+06
  9.9999885145681966E-01
  1.1485431802462120E-06
  2.0121972225517095E+06
  9.9999886626919621E-01
  1.1337308037413284E-06
  2.0121973512469251E+06
  9.9999888089054223E-01
  1.1191094577844073E-06
  2.0121971454234824E+06
  9.9999889532332131E-01
  1.1046766787300408E-06
  2.0121972754283105E+06
  9.9999890956996540E-01
  1.0904300346596719E-06
  2.0121970683329201E+06
  9.9999892363287490E-01
  1.0763671250646119E-06
  2.0121971996503207E+06
  9.9999893751441959E-01
  1.0624855803495904E-06
  2.0121969912802228E+06
  9.9999895121693838E-01
  1.0487830615245943E-06
  2.0121971239125479E+06
  9.9999896474274030E-01
  1.0352572597204427E-06
  2.0121969142654177E+06
  9.9999897809410410E-01
  1.0219058958892146E-06
  2.0121970482158207E+06
  9.9999899127327962E-01
  1.0087267203315663E-06
  2.0121968372890537E+06
  9.9999900428248756E-01
  9.9571751240549781E-07
  2.0121969725587911E+06
  9.9999901712391992E-01
  9.8287608006512539E-07
  2.0121967603498197E+06
  9.9999902979974042E-01
  9.7020025957756448E-07
  2.0121968969424709E+06
  9.9999904231208492E-01
  9.5768791507288110E-07
  2.0121966834492150E+06
  9.9999905466306171E-01
  9.4533693826885919E-07
  2.0121968230105855E+06
  9.9999906685475193E-01
  9.3314524803186541E-07
  2.0121966082389315E+06
  9.9999907888920991E-01
  9.2111079010935262E-07
  2.0121967474920554E+06
  9.9999909076846338E-01
  9.0923153670114196E-07
  2.0121965314299199E+06
  9.9999910249451385E-01
  8.9750548619961219E-07
  2.0121966720130334E+06
  9.9999911406933717E-01
  8.8593066277142765E-07
  2.0121964546602364E+06
  9.9999912549488390E-01
  8.7450511610472989E-07
  2.0121965966114744E+06
  9.9999913677307894E-01
  8.6322692100115788E-07
  2.0121963779277874E+06
  9.9999914790582278E-01
  8.5209417713006404E-07
  2.0121965212146584E+06
  9.9999915889499136E-01
  8.4110500863041448E-07
  2.0121963012342572E+06
  9.9999916974243619E-01
  8.3025756387187952E-07
  2.0121964458581954E+06
  9.9999918044998493E-01
  8.1955001506636832E-07
  2.0121962245786285E+06
  9.9999919101944201E-01
  8.0898055803579698E-07
  2.0121963705423444E+06
  9.9999920145258814E-01
  7.9854741183303868E-07
  2.0121961479990189E+06
  9.9999921175118145E-01
  7.8824881851617011E-07
  2.0121962952678266E+06
  9.9999922191695723E-01
  7.7808304277861514E-07
  2.0121960714209818E+06
  9.9999923195162832E-01
  7.6804837172969529E-07
  2.0121962200374724E+06
  9.9999924185688538E-01
  7.5814311453374077E-07
  2.0121959948807964E+06
  9.9999925163439785E-01
  7.4836560219676867E-07
  2.0121961448435863E+06
  9.9999926128581285E-01
  7.3871418721434055E-07
  2.0121959183796840E+06
  9.9999927081275675E-01
  7.2918724336421002E-07
  2.0121960696911355E+06
  9.9999928021683471E-01
  7.1978316536270639E-07
  2.0121958419166668E+06
  9.9999928949963124E-01
  7.1050036866318791E-07
  2.0121959945789916E+06
  9.9999929866271087E-01
  7.0133728912074880E-07
  2.0121957654920728E+06
  9.9999930770761725E-01
  6.9229238279631031E-07
  2.0121959195078160E+06
  9.9999931663587427E-01
  6.8336412562945526E-07
  2.0121956891104840E+06
  9.9999932544898673E-01
  6.7455101324800101E-07
  2.0121958444774551E+06
  9.9999933414843944E-01
  6.6585156064876084E-07
  2.0121956127632693E+06
  9.9999934273569802E-01
  6.5726430201245132E-07
  2.0121957694875558E+06
  9.9999935121220962E-01
  6.4878779039218695E-07
  2.0121955364547942E+06
  9.9999935957940245E-01
  6.4042059753356988E-07
  2.0121956945385395E+06
  9.9999936783868637E-01
  6.3216131357073579E-07
  2.0121954601848898E+06
  9.9999937599145317E-01
  6.2400854685148491E-07
  2.0121956196303794E+06
  9.9999938403907640E-01
  6.1596092364068739E-07
  2.0121953839538274E+06
  9.9999939198291210E-01
  6.0801708795031939E-07
  2.0121955447633383E+06
  9.9999939982429875E-01
  6.0017570125005793E-07
  2.0121953077614647E+06
  9.9999940756455763E-01
  5.9243544230207626E-07
  2.0121954699370335E+06
  9.9999941520499314E-01
  5.8479500687865108E-07
  2.0121952316079666E+06
  9.9999942274689235E-01
  5.7725310760159743E-07
  2.0121953951515900E+06
  9.9999943019152626E-01
  5.6980847366671251E-07
  2.0121951554930627E+06
  9.9999943754014931E-01
  5.6245985068771892E-07
  2.0121953204066379E+06
  9.9999944479399949E-01
  5.5520600042738387E-07
  2.0121950794171032E+06
  9.9999945195429940E-01
  5.4804570064584034E-07
  2.0121952457028737E+06
  9.9999945902225518E-01
  5.4097774483822395E-07
  2.0121950033801633E+06
  9.9999946599905787E-01
  5.3400094208725151E-07
  2.0121951710402146E+06
  9.9999947288588320E-01
  5.2711411680721326E-07
  2.0121949273819262E+06
  9.9999947968389147E-01
  5.2031610860069576E-07
  2.0121950964177207E+06
  9.9999948639422798E-01
  5.1360577200877327E-07
  2.0121948514231020E+06
  9.9999949301802371E-01
  5.0698197637175940E-07
  2.0121950218369269E+06
  9.9999949955639433E-01
  5.0044360558544736E-07
  2.0121947755027604E+06
  9.9999950601044196E-01
  4.9398955796577730E-07
  2.0121949472965652E+06
  9.9999951238125406E-01
  4.8761874601098361E-07
  2.0121946996215903E+06
  9.9999951866990378E-01
  4.8133009627006530E-07
  2.0121948727975185E+06
  9.9999952487745081E-01
  4.7512254911069806E-07
  2.0121946237797465E+06
  9.9999953100494132E-01
  4.6899505859140285E-07
  2.0121947983392077E+06
  9.9999953705340783E-01
  4.6294659223508063E-07
  2.0121945479764598E+06
  9.9999954302386906E-01
  4.5697613090477883E-07
  2.0121947239216736E+06
  9.9999954891733134E-01
  4.5108266858271333E-07
  2.0121944722124089E+06
  9.9999955473478774E-01
  4.4526521224953031E-07
  2.0121946498218596E+06
  9.9999956047721839E-01
  4.3952278166868231E-07
  2.0121943964879280E+06
  9.9999956614559071E-01
  4.3385440926909637E-07
  2.0121945754898242E+06
  9.9999957174086007E-01
  4.2825913993474988E-07
  2.0121943210834961E+06
  9.9999957726396915E-01
  4.2273603089068514E-07
  2.0121945011985560E+06
  9.9999958271584843E-01
  4.1728415149765262E-07
  2.0121942454401555E+06
  9.9999958809741685E-01
  4.1190258314132981E-07
  2.0121944269480468E+06
  9.9999959340958089E-01
  4.0659041903197716E-07
  2.0121941698363200E+06
  9.9999959865323584E-01
  4.0134676409674667E-07
  2.0121943527390091E+06
  9.9999960382926523E-01
  3.9617073478420565E-07
  2.0121940942715169E+06
  9.9999960893854112E-01
  3.9106145895967759E-07
  2.0121942785707384E+06
  9.9999961398192427E-01
  3.8601807571450465E-07
  2.0121940187458575E+06
  9.9999961896026479E-01
  3.8103973526434180E-07
  2.0121942044439560E+06
  9.9999962387440122E-01
  3.7612559876303670E-07
  2.0121939432600481E+06
  9.9999962872516179E-01
  3.7127483820379707E-07
  2.0121941303574895E+06
  9.9999963351336374E-01
  3.6648663623757715E-07
  2.0121938678133362E+06
  9.9999963823981397E-01
  3.6176018607703835E-07
  2.0121940563125620E+06
  9.9999964290530863E-01
  3.5709469131933502E-07
  2.0121937924062859E+06
  9.9999964751063408E-01
  3.5248936585278549E-07
  2.0121939823086867E+06
  9.9999965205656638E-01
  3.4794343368395231E-07
  2.0121937170384889E+06
  9.9999965654387124E-01
  3.4345612884695006E-07
  2.0121939083461137E+06
  9.9999966097330484E-01
  3.3902669523471745E-07
  2.0121936417098583E+06
  9.9999966534561346E-01
  3.3465438651088477E-07
  2.0121938344243600E+06
  9.9999966966153397E-01
  3.3033846594513543E-07
  2.0121935664216913E+06
  9.9999967392179367E-01
  3.2607820632756540E-07
  2.0121937605438067E+06
  9.9999967812711021E-01
  3.2187288980803333E-07
  2.0121934911722408E+06
  9.9999968227819225E-01
  3.1772180781294274E-07
  2.0121936867042873E+06
  9.9999968637573911E-01
  3.1362426088848401E-07
  2.0121934159628977E+06
  9.9999969042044146E-01
  3.0957955861977108E-07
  2.0121936129061459E+06
  9.9999969441298053E-01
  3.0558701947788160E-07
  2.0121933407927481E+06
  9.9999969835402924E-01
  3.0164597074128310E-07
  2.0121935391495214E+06
  9.9999970224425161E-01
  2.9775574834657875E-07
  2.0121932656620156E+06
  9.9999970608430322E-01
  2.9391569681215687E-07
  2.0121934654331773E+06
  9.9999970987483089E-01
  2.9012516909255584E-07
  2.0121931905717142E+06
  9.9999971361647355E-01
  2.8638352650427559E-07
  2.0121933917583053E+06
  9.9999971730986137E-01
  2.8269013858366872E-07
  2.0121931348385348E+06
  9.9999972095561696E-01
  2.7904438301485797E-07
  2.0121933183194681E+06
  9.9999972455435449E-01
  2.7544564549128655E-07
  2.0121930598450934E+06
  9.9999972810668036E-01
  2.7189331964469256E-07
  2.0121932447057152E+06
  9.9999973161319311E-01
  2.6838680691177521E-07
  2.0121932071216332E+06
  9.9999973507448359E-01
  2.6492551646363557E-07
  2.0121929472431596E+06
  9.9999973849113488E-01
  2.6150886507871665E-07
  2.0121931343245460E+06
  9.9999974186372298E-01
  2.5813627706096393E-07
  2.0121930964386160E+06
  9.9999974519281587E-01
  2.5480718414592545E-07
  2.0121928347453719E+06
  9.9999974847897466E-01
  2.5152102538710536E-07
  2.0121930240360054E+06
  9.9999975172275291E-01
  2.4827724707613240E-07
  2.0121929858509405E+06
  9.9999975492469739E-01
  2.4507530265245045E-07
  2.0121927223506058E+06
  9.9999975808534736E-01
  2.4191465259386604E-07
  2.0121929138452255E+06
  9.9999976120523559E-01
  2.3879476433990813E-07
  2.0121928753655811E+06
  9.9999976428488779E-01
  2.3571511220497048E-07
  2.0121926100470601E+06
  9.9999976732482276E-01
  2.3267517727289942E-07
  2.0121928037531886E+06
  9.9999977032555265E-01
  2.2967444732341481E-07
  2.0121927649709017E+06
  9.9999977328758327E-01
  2.2671241674857574E-07
  2.0121927281297084E+06
  9.9999977621141356E-01
  2.2378858645125577E-07
  2.0121926913320953E+06
  9.9999977909753623E-01
  2.2090246377659444E-07
  2.0121926545458720E+06
  9.9999978194643768E-01
  2.1805356242218324E-07
  2.0121926177708353E+06
  9.9999978475859763E-01
  2.1524140235730708E-07
  2.0121925810063714E+06
  9.9999978753449026E-01
  2.1246550974205204E-07
  2.0121925442533495E+06
  9.9999979027458319E-01
  2.0972541684746378E-07
  2.0121925075105641E+06
  9.9999979297933805E-01
  2.0702066197673574E-07
  2.0121924707793267E+06
  9.9999979564921060E-01
  2.0435078938741551E-07
  2.0121924340592381E+06
  9.9999979828465069E-01
  2.0171534921461221E-07
  2.0121923973497872E+06
  9.9999980088610252E-01
  1.9911389739519552E-07
  2.0121923606515666E+06
  9.9999980345400441E-01
  1.9654599559297280E-07
  2.0121923239641991E+06
  9.9999980598878890E-01
  1.9401121112482992E-07
  2.0121922872882185E+06
  9.9999980849088310E-01
  1.9150911688782470E-07
  2.0121922506236359E+06
  9.9999981096070867E-01
  1.8903929128722247E-07
  2.0121922139695757E+06
  9.9999981339868182E-01
  1.8660131816545707E-07
  2.0121921773264462E+06
  9.9999981580521324E-01
  1.8419478673200956E-07
  2.0121921406941370E+06
  9.9999981818070849E-01
  1.8181929149419162E-07
  2.0121921040734095E+06
  9.9999982052556780E-01
  1.7947443218882094E-07
  2.0121920674635128E+06
  9.9999982284018629E-01
  1.7715981371477719E-07
  2.0121920308641752E+06
  9.9999982512495389E-01
  1.7487504606642895E-07
  2.0121919942765837E+06
  9.9999982738025572E-01
  1.7261974426791874E-07
  2.0121919576996469E+06
  9.9999982960647171E-01
  1.7039352830829537E-07
  2.0121919211341068E+06
  9.9999983180397689E-01
  1.6819602307748349E-07
  2.0121918846245348E+06
  9.9999983397314174E-01
  1.6602685830307773E-07
  2.0121918480812558E+06
  9.9999983611433152E-01
  1.6388566848795400E-07
  2.0121918115489967E+06
  9.9999983822790717E-01
  1.6177209284868246E-07
  2.0121917750275754E+06
  9.9999984031422473E-01
  1.5968577525473761E-07
  2.0121917385170124E+06
  9.9999984237363582E-01
  1.5762636416849127E-07
  2.0121917020178249E+06
  9.9999984440648748E-01
  1.5559351258597894E-07
  2.0121916655295521E+06
  9.9999984641312201E-01
  1.5358687797843056E-07
  2.0121916290527373E+06
  9.9999984839387768E-01
  1.5160612223455574E-07
  2.0121915925868494E+06
  9.9999985034908845E-01
  1.4965091160357243E-07
  2.0121915561315697E+06
  9.9999985227908339E-01
  1.4772091663897083E-07
  2.0121915196873876E+06
  9.9999985418418791E-01
  1.4581581214300303E-07
  2.0121914832546066E+06
  9.9999985606472286E-01
  1.4393527711188749E-07
  2.0121914468329940E+06
  9.9999985792100521E-01
  1.4207899468172141E-07
  2.0121914104225028E+06
  9.9999985975334793E-01
  1.4024665207508911E-07
  2.0121913740226503E+06
  9.9999986156205944E-01
  1.3843794054836051E-07
  2.0121913376343846E+06
  9.9999986334744462E-01
  1.3665255533966895E-07
  2.0121913012564096E+06
  9.9999986510980432E-01
  1.3489019561755849E-07
  2.0121912648900910E+06
  9.9999986684943554E-01
  1.3315056443029603E-07
  2.0121912285347246E+06
  9.9999986856663126E-01
  1.3143336865583466E-07
  2.0121911921902467E+06
  9.9999987026168113E-01
  1.2973831895242405E-07
  2.0121911558570177E+06
  9.9999987193487028E-01
  1.2806512970985720E-07
  2.0121911195347684E+06
  9.9999987358648101E-01
  1.2641351900134534E-07
  2.0121910832238854E+06
  9.9999987521679146E-01
  1.2478320853601470E-07
  2.0121910469237613E+06
  9.9999987682607638E-01
  1.2317392361201460E-07
  2.0121910106346500E+06
  9.9999987841460691E-01
  1.2158539307023185E-07
  2.0121909743568376E+06
  9.9999987998265072E-01
  1.2001734924860039E-07
  2.0121909380899125E+06
  9.9999988153047203E-01
  1.1846952793700105E-07
  2.0121909018341287E+06
  9.9999988305833176E-01
  1.1694166833274373E-07
  2.0121908655895113E+06
  9.9999988456648703E-01
  1.1543351299662187E-07
  2.0121908293556243E+06
  9.9999988605519219E-01
  1.1394480780953516E-07
  2.0121907931333061E+06
  9.9999988752469804E-01
  1.1247530192967131E-07
  2.0121907569215577E+06
  9.9999988897525216E-01
  1.1102474775023959E-07
  2.0121907207214944E+06
  9.9999989040709913E-01
  1.0959290085775034E-07
  2.0121906845319089E+06
  9.9999989182047999E-01
  1.0817951999083115E-07
  2.0121906483539261E+06
  9.9999989321563298E-01
  1.0678436699957571E-07
  2.0121906121864046E+06
  9.9999989459279326E-01
  1.0540720680541603E-07
  2.0121905760300430E+06
  9.9999989595219274E-01
  1.0404780736151244E-07
  2.0121905398851805E+06
  9.9999989729406036E-01
  1.0270593961365428E-07
  2.0121905037514803E+06
  9.9999989861862248E-01
  1.0138137746166508E-07
  2.0121904676280438E+06
  9.9999989992610228E-01
  1.0007389772130509E-07
  2.0121904315166303E+06
  9.9999990121671989E-01
  9.8783280086665753E-08
  2.0121903954157997E+06
  9.9999990249069282E-01
  9.7509307093048374E-08
  2.0121903593257440E+06
  9.9999990374823600E-01
  9.6251764080322359E-08
  2.0121903232470688E+06
  9.9999990498956082E-01
  9.5010439156755589E-08
  2.0121902871797050E+06
  9.9999990621487689E-01
  9.3785123163310862E-08
  2.0121902511231313E+06
  9.9999990742439027E-01
  9.2575609638403788E-08
  2.0121902150777876E+06
  9.9999990861830523E-01
  9.1381694783114192E-08
  2.0121901790434336E+06
  9.9999990979682263E-01
  9.0203177426847031E-08
  2.0121901430200986E+06
  9.9999991096014096E-01
  8.9039858993435124E-08
  2.0121901070076043E+06
  9.9999991210845651E-01
  8.7891543467680375E-08
  2.0121900710065879E+06
  9.9999991324196258E-01
  8.6758037362325374E-08
  2.0121900350164177E+06
  9.9999991436085034E-01
  8.5639149685451421E-08
  2.0121899990374965E+06
  9.9999991546530809E-01
  8.4534691908297027E-08
  2.0121899630694308E+06
  9.9999991655552201E-01
  8.3444477933491373E-08
  2.0121899271122341E+06
  9.9999991763167595E-01
  8.2368324063697709E-08
  2.0121898932308401E+06
  9.9999991869395111E-01
  8.1306048970660439E-08
  2.0121898573064685E+06
  9.9999991974252633E-01
  8.0257473664659035E-08
  2.0121898213931958E+06
  9.9999992077757849E-01
  7.9222421464324507E-08
  2.0121897854910640E+06
  9.9999992179928199E-01
  7.8200717966900781E-08
  2.0121897495994980E+06
  9.9999992280780892E-01
  7.7192191018840354E-08
  2.0121897137191328E+06
  9.9999992380332936E-01
  7.6196670686800755E-08
  2.0121896778497864E+06
  9.9999992478601074E-01
  7.5213989229011240E-08
  2.0121896419915981E+06
  9.9999992575601893E-01
  7.4243981067008813E-08
  2.0121896061441458E+06
  9.9999992671351723E-01
  7.3286482757739025E-08
  2.0121895703086008E+06
  9.9999992765866696E-01
  7.2341332966015836E-08
  2.0121895344835110E+06
  9.9999992859162756E-01
  7.1408372437337682E-08
  2.0121894986694134E+06
  9.9999992951255601E-01
  7.0487443971052858E-08
  2.0121894628665403E+06
  9.9999993042160762E-01
  6.9578392393872513E-08
  2.0121894270749360E+06
  9.9999993131893539E-01
  6.8681064533723995E-08
  2.0121893912942968E+06
  9.9999993220469074E-01
  6.7795309193941774E-08
  2.0121893555248792E+06
  9.9999993307902291E-01
  6.6920977127791573E-08
  2.0121893197663892E+06
  9.9999993394207898E-01
  6.6057921013322557E-08
  2.0121892840188071E+06
  9.9999993479400451E-01
  6.5205995428543988E-08
  2.0121892482823913E+06
  9.9999993563494316E-01
  6.4365056826922386E-08
  2.0121892125573757E+06
  9.9999993646503649E-01
  6.3534963513193987E-08
  2.0121891768493315E+06
  9.9999993728442438E-01
  6.2715575619489839E-08
  2.0121891411460098E+06
  9.9999993809324494E-01
  6.1906755081768482E-08
  2.0121891054541667E+06
  9.9999993889163441E-01
  6.1108365616552312E-08
  2.0121890697731543E+06
  9.9999993967972733E-01
  6.0320272697964553E-08
  2.0121890341032096E+06
  9.9999994045765650E-01
  5.9542343535062069E-08
  2.0121889984444072E+06
  9.9999994122555291E-01
  5.8774447049460392E-08
  2.0121889627964951E+06
  9.9999994198354625E-01
  5.8016453853247400E-08
  2.0121889408191752E+06
  9.9999994273176374E-01
  5.7268236227181955E-08
  2.0121889052470394E+06
  9.9999994347033194E-01
  5.6529668099205290E-08
  2.0121888696815700E+06
  9.9999994419937499E-01
  5.5800625023086221E-08
  2.0121888341270406E+06
  9.9999994491901589E-01
  5.5080984157598001E-08
  2.0121887985838703E+06
  9.9999994562937577E-01
  5.4370624245738099E-08
  2.0121887630516714E+06
  9.9999994633057432E-01
  5.3669425594313278E-08
  2.0121887275310720E+06
  9.9999994702272987E-01
  5.2977270053771874E-08
  2.0121886920209825E+06
  9.9999994770595901E-01
  5.2294040998295778E-08
  2.0121886565223611E+06
  9.9999994838037665E-01
  5.1619623306149481E-08
  2.0121886210346755E+06
  9.9999994904609668E-01
  5.0953903340282337E-08
  2.0121885855580985E+06
  9.9999994970323103E-01
  5.0296768929181209E-08
  2.0121885500924333E+06
  9.9999995035189060E-01
  4.9648109347969844E-08
  2.0121885146383971E+06
  9.9999995099218475E-01
  4.9007815299752144E-08
  2.0121884791950637E+06
  9.9999995162422117E-01
  4.8375778897196049E-08
  2.0121884437631359E+06
  9.9999995224810634E-01
  4.7751893644354671E-08
  2.0121884086819016E+06
  9.9999995286394561E-01
  4.7136054418722218E-08
  2.0121883732741547E+06
  9.9999995347184256E-01
  4.6528157453521920E-08
  2.0121883378772421E+06
  9.9999995407189968E-01
  4.5928100320219116E-08
  2.0121883024913676E+06
  9.9999995466421809E-01
  4.5335781911265655E-08
  2.0121882671166107E+06
  9.9999995524889762E-01
  4.4751102423061684E-08
  2.0121882317526373E+06
  9.9999995582603673E-01
  4.4173963339139525E-08
  2.0121881964003120E+06
  9.9999995639573258E-01
  4.3604267413564148E-08
  2.0121881610585828E+06
  9.9999995695808142E-01
  4.3041918654547128E-08
  2.0121881257281967E+06
  9.9999995751317772E-01
  4.2486822308272716E-08
  2.0121880904090479E+06
  9.9999995806111508E-01
  4.1938884842931983E-08
  2.0121880551004931E+06
  9.9999995860198598E-01
  4.1398013932962963E-08
  2.0121880198031233E+06
  9.9999995913588158E-01
  4.0864118443494234E-08
  2.0121879845253115E+06
  9.9999995966289157E-01
  4.0337108414988904E-08
  2.0121879492576234E+06
  9.9999996018310500E-01
  3.9816895048086710E-08
  2.0121879140007331E+06
  9.9999996069660924E-01
  3.9303390688641674E-08
  2.0121878787543548E+06
  9.9999996120349122E-01
  3.8796508812952731E-08
  2.0121878435194795E+06
  9.9999996170383598E-01
  3.8296164013184611E-08
  2.0121878082956115E+06
  9.9999996219772802E-01
  3.7802271982976945E-08
  2.0121877730826871E+06
  9.9999996268525049E-01
  3.7314749503239132E-08
  2.0121877378808199E+06
  9.9999996316648554E-01
  3.6833514428127835E-08
  2.0121877026902523E+06
  9.9999996364151433E-01
  3.6358485671205887E-08
  2.0121876675107521E+06
  9.9999996411041692E-01
  3.5889583191779570E-08
  2.0121876323421348E+06
  9.9999996457327212E-01
  3.5426727981411918E-08
  2.0121875971844189E+06
  9.9999996503015787E-01
  3.4969842050610024E-08
  2.0121875620379231E+06
  9.9999996548115166E-01
  3.4518848415684182E-08
  2.0121875269024100E+06
  9.9999996592632889E-01
  3.4073671085776249E-08
  2.0121874917777986E+06
  9.9999996636576494E-01
  3.3634235050055552E-08
  2.0121874566641841E+06
  9.9999996679953373E-01
  3.3200466265079790E-08
  2.0121874215622470E+06
  9.9999996722770834E-01
  3.2772291642318889E-08
  2.0121873864707788E+06
  9.9999996765036103E-01
  3.2349639035839991E-08
  2.0121873513902524E+06
  9.9999996806756275E-01
  3.1932437230150989E-08
  2.0121873163210622E+06
  9.9999996847938410E-01
  3.1520615928200886E-08
  2.0121872812624555E+06
  9.9999996888589426E-01
  3.1114105739535043E-08
  2.0121872462153689E+06
  9.9999996928716184E-01
  3.0712838168603265E-08
  2.0121872111789985E+06
  9.9999996968325444E-01
  3.0316745603218326E-08
  2.0121871761535935E+06
  9.9999997007423869E-01
  2.9925761303163646E-08
  2.0121871411392901E+06
  9.9999997046018063E-01
  2.9539819388947756E-08
  2.0121871061358184E+06
  9.9999997084114511E-01
  2.9158854830703730E-08
  2.0121870711432360E+06
  9.9999997121719653E-01
  2.8782803437232125E-08
  2.0121870361619086E+06
  9.9999997158839826E-01
  2.8411601845184733E-08
  2.0121870011914605E+06
  9.9999997195481249E-01
  2.8045187508388286E-08
  2.0121869662319820E+06
  9.9999997231650128E-01
  2.7683498687305321E-08
  2.0121869312838016E+06
  9.9999997267352547E-01
  2.7326474438631616E-08
  2.0121868963465700E+06
  9.9999997302594534E-01
  2.6974054605027218E-08
  2.0121868614200701E+06
  9.9999997337382018E-01
  2.6626179804980263E-08
  2.0121868265042992E+06
  9.9999997371720850E-01
  2.6282791422801367E-08
  2.0121867916002818E+06
  9.9999997405616836E-01
  2.5943831598746960E-08
  2.0121867567065747E+06
  9.9999997439075672E-01
  2.5609243219270340E-08
  2.0121867218241757E+06
  9.9999997472103008E-01
  2.5278969907398018E-08
  2.0121866869525937E+06
  9.9999997504704408E-01
  2.4952956013230583E-08
  2.0121866521421582E+06
  9.9999997536885332E-01
  2.4631146604565618E-08
  2.0121866172926931E+06
  9.9999997568651255E-01
  2.4313487457642197E-08
  2.0121865824546656E+06
  9.9999997600007495E-01
  2.3999925048003864E-08
  2.0121865476273205E+06
  9.9999997630959336E-01
  2.3690406541480359E-08
  2.0121865128108743E+06
  9.9999997661512019E-01
  2.3384879785285150E-08
  2.0121864780051906E+06
  9.9999997691670661E-01
  2.3083293299227726E-08
  2.0121864432102034E+06
  9.9999997721440381E-01
  2.2785596267039501E-08
  2.0121864084264063E+06
  9.9999997750826142E-01
  2.2491738527811356E-08
  2.0121863736540566E+06
  9.9999997779832950E-01
  2.2201670567541744E-08
  2.0121863388918773E+06
  9.9999997808465646E-01
  2.1915343510793784E-08
  2.0121863041411622E+06
  9.9999997836729093E-01
  2.1632709112459759E-08
  2.0121862694014565E+06
  9.9999997864628021E-01
  2.1353719749632205E-08
  2.0121862346721615E+06
  9.9999997892167158E-01
  2.1078328413579441E-08
  2.0121861999541265E+06
  9.9999997919351136E-01
  2.0806488701824790E-08
  2.0121861652467295E+06
  9.9999997946184527E-01
  2.0538154810328023E-08
  2.0121861305505431E+06
  9.9999997972671850E-01
  2.0273281525767441E-08
  2.0121860958652464E+06
  9.9999997998817580E-01
  2.0011824217921501E-08
  2.0121860611907600E+06
  9.9999998024626113E-01
  1.9753738832149002E-08
  2.0121860265270497E+06
  9.9999998050101813E-01
  1.9498981881965852E-08
  2.0121859918738049E+06
  9.9999998075248953E-01
  1.9247510441717796E-08
  2.0121859572323386E+06
  9.9999998100071785E-01
  1.8999282139347555E-08
  2.0121859226014842E+06
  9.9999998124574485E-01
  1.8754255149255370E-08
  2.0121858879814111E+06
  9.9999998148761182E-01
  1.8512388185251434E-08
  2.0121858533722502E+06
  9.9999998172635951E-01
  1.8273640493599377E-08
  2.0121858187741309E+06
  9.9999998196202822E-01
  1.8037971846149343E-08
  2.0121857841863148E+06
  9.9999998219465747E-01
  1.7805342533559748E-08
  2.0121857496101928E+06
  9.9999998242428667E-01
  1.7575713358606336E-08
  2.0121857150444265E+06
  9.9999998265095447E-01
  1.7349045629577633E-08
  2.0121856804894884E+06
  9.9999998287469893E-01
  1.7125301153755442E-08
  2.0121856459457434E+06
  9.9999998309555782E-01
  1.6904442230979653E-08
  2.0121856114124702E+06
  9.9999998331356832E-01
  1.6686431647295699E-08
  2.0121855768904001E+06
  9.9999998352876740E-01
  1.6471232668684301E-08
  2.0121855423787497E+06
  9.9999998374119103E-01
  1.6258809034871803E-08
  2.0121855078781473E+06
  9.9999998395087508E-01
  1.6049124953220505E-08
  2.0121854733885981E+06
  9.9999998415785496E-01
  1.5842145092697708E-08
  2.0121854389097202E+06
  9.9999998436216542E-01
  1.5637834577922527E-08
  2.0121854044417206E+06
  9.9999998456384098E-01
  1.5436158983289540E-08
  2.0121853699846915E+06
  9.9999998476291574E-01
  1.5237084327168236E-08
  2.0121853355383414E+06
  9.9999998495942288E-01
  1.5040577066177115E-08
  2.0121853011027537E+06
  9.9999998515339594E-01
  1.4846604089531809E-08
  2.0121852666780062E+06
  9.9999998534486723E-01
  1.4655132713466061E-08
  2.0121852322639385E+06
  9.9999998553386926E-01
  1.4466130675724564E-08
  2.0121851978608277E+06
  9.9999998572043380E-01
  1.4279566130126919E-08
  2.0121851634686850E+06
  9.9999998590459238E-01
  1.4095407641201629E-08
  2.0121851290872830E+06
  9.9999998608637586E-01
  1.3913624178889395E-08
  2.0121850947165107E+06
  9.9999998626581488E-01
  1.3734185113314552E-08
  2.0121850603565935E+06
  9.9999998644293975E-01
  1.3557060209624175E-08
  2.0121850260078814E+06
  9.9999998661778045E-01
  1.3382219622893480E-08
  2.0121849916694076E+06
  9.9999998679036606E-01
  1.3209633893097158E-08
  2.0121849573418559E+06
  9.9999998696072601E-01
  1.3039273940145378E-08
  2.0121849230245745E+06
  9.9999998712888893E-01
  1.2871111058983965E-08
  2.0121848887185953E+06
  9.9999998729488304E-01
  1.2705116914757682E-08
  2.0121848544233625E+06
  9.9999998745873653E-01
  1.2541263538035850E-08
  2.0121848201392621E+06
  9.9999998762047659E-01
  1.2379523320099669E-08
  2.0121847858653904E+06
  9.9999998778013099E-01
  1.2219869008290203E-08
  2.0121847516026762E+06
  9.9999998793772626E-01
  1.2062273701416382E-08
  2.0121847173567144E+06
  9.9999998809328916E-01
  1.1906710845222314E-08
  2.0121846831149955E+06
  9.9999998824684577E-01
  1.1753154227912932E-08
  2.0121846488847891E+06
  9.9999998839842208E-01
  1.1601577975737399E-08
  2.0121846146647744E+06
  9.9999998854804351E-01
  1.1451956548629470E-08
  2.0121845804559255E+06
  9.9999998869573525E-01
  1.1304264735904113E-08
  2.0121845462574090E+06
  9.9999998884152230E-01
  1.1158477652009566E-08
  2.0121845120700765E+06
  9.9999998898542919E-01
  1.1014570732334201E-08
  2.0121844778931399E+06
  9.9999998912748034E-01
  1.0872519729067514E-08
  2.0121844437271934E+06
  9.9999998926769929E-01
  1.0732300707114372E-08
  2.0121844095716472E+06
  9.9999998940610990E-01
  1.0593890040062131E-08
  2.0121843754263595E+06
  9.9999998954273561E-01
  1.0457264406199610E-08
  2.0121843412925161E+06
  9.9999998967759918E-01
  1.0322400784587466E-08
  2.0121843071690700E+06
  9.9999998981072358E-01
  1.0189276451179276E-08
  2.0121842730566640E+06
  9.9999998994213102E-01
  1.0057868974992554E-08
  2.0121842389549767E+06
  9.9999999007184381E-01
  9.9281562143292777E-09
  2.0121842048640091E+06
  9.9999999019988373E-01
  9.8001163130450493E-09
  2.0121841707832250E+06
  9.9999999032627229E-01
  9.6737276968664251E-09
  2.0121841367134289E+06
  9.9999999045103094E-01
  9.5489690697556994E-09
  2.0121841026544399E+06
  9.9999999057418065E-01
  9.4258194103226514E-09
  2.0121840686065250E+06
  9.9999999069574197E-01
  9.3042579682824473E-09
  2.0121840345687650E+06
  9.9999999081573576E-01
  9.1842642609593279E-09
  2.0121840005418214E+06
  9.9999999093418190E-01
  9.0658180698353434E-09
  2.0121839665252564E+06
  9.9999999105110060E-01
  8.9488994371436312E-09
  2.0121839325199095E+06
  9.9999999116651139E-01
  8.8334886625055397E-09
  2.0121838985250921E+06
  9.9999999128043371E-01
  8.7195662996112139E-09
  2.0121838645407425E+06
  9.9999999139288676E-01
  8.6071131529429955E-09
  2.0121838305671716E+06
  9.9999999150388963E-01
  8.4961102745409814E-09
  2.0121837966042950E+06
  9.9999999161346109E-01
  8.3865389608104006E-09
  2.0121837626518540E+06
  9.9999999172161935E-01
  8.2783807493701031E-09
  2.0121837287101152E+06
  9.9999999182838251E-01
  8.1716174159417432E-09
  2.0121836947792405E+06
  9.9999999193376898E-01
  8.0662309712790104E-09
  2.0121836608587494E+06
  9.9999999203779644E-01
  7.9622036581365356E-09
  2.0121836269490933E+06
  9.9999999214048207E-01
  7.8595179482778231E-09
  2.0121835930500063E+06
  9.9999999224184355E-01
  7.7581565395218568E-09
  2.0121835591615934E+06
  9.9999999234189763E-01
  7.6581023528277055E-09
  2.0121835252835874E+06
  9.9999999244066151E-01
  7.5593385294167681E-09
  2.0121834914162736E+06
  9.9999999253815153E-01
  7.4618484279321114E-09
  2.0121834575597455E+06
  9.9999999263438444E-01
  7.3656156216345171E-09
  2.0121834237135397E+06
  9.9999999272937612E-01
  7.2706238956345612E-09
  2.0121833898781408E+06
  9.9999999282314267E-01
  7.1768572441605147E-09
  2.0121833560537817E+06
  9.9999999291570019E-01
  7.0842998678614081E-09
  2.0121833222393312E+06
  9.9999999300706377E-01
  6.9929361711448926E-09
  2.0121832884357770E+06
  9.9999999309724918E-01
  6.9027507595494435E-09
  2.0121832546427809E+06
  9.9999999318627153E-01
  6.8137284371504433E-09
  2.0121832208606026E+06
  9.9999999327414579E-01
  6.7258542039997185E-09
  2.0121831870888707E+06
  9.9999999336088674E-01
  6.6391132535981046E-09
  2.0121831533276476E+06
  9.9999999344650903E-01
  6.5534909704006167E-09
  2.0121831195772844E+06
  9.9999999353102709E-01
  6.4689729273537482E-09
  2.0121830858371314E+06
  9.9999999361445513E-01
  6.3855448834645931E-09
  2.0121830521076950E+06
  9.9999999369680725E-01
  6.3031927814012795E-09
  2.0121830183886609E+06
  9.9999999377809723E-01
  6.2219027451243516E-09
  2.0121829846803360E+06
  9.9999999385833893E-01
  6.1416610775487118E-09
  2.0121829509825832E+06
  9.9999999393754568E-01
  6.0624542582357013E-09
  2.0121829172953574E+06
  9.9999999401573103E-01
  5.9842689411149781E-09
  2.0121828836188128E+06
  9.9999999409290807E-01
  5.9070919522357086E-09
  2.0121828499527085E+06
  9.9999999416908969E-01
  5.8309102875468428E-09
  2.0121828162969479E+06
  9.9999999424428887E-01
  5.7557111107059556E-09
  2.0121827826519923E+06
  9.9999999431851816E-01
  5.6814817509163849E-09
  2.0121827490177762E+06
  9.9999999439179021E-01
  5.6082097007922127E-09
  2.0121827153940280E+06
  9.9999999446411747E-01
  5.5358826142508617E-09
  2.0121826817798209E+06
  9.9999999453551180E-01
  5.4644883044327901E-09
  2.0121826481769315E+06
  9.9999999460598532E-01
  5.3940147416480458E-09
  2.0121826145845577E+06
  9.9999999467554990E-01
  5.3244500513493340E-09
  2.0121825810028678E+06
  9.9999999474421752E-01
  5.2557825121311705E-09
  2.0121825474315723E+06
  9.9999999481199942E-01
  5.1880005537548797E-09
  2.0121825138709974E+06
  9.9999999487890723E-01
  5.1210927551990475E-09
  2.0121824803200620E+06
  9.9999999494495218E-01
  5.0550478427351266E-09
  2.0121824467804034E+06
  9.9999999501014536E-01
  4.9898546880278233E-09
  2.0121824132510007E+06
  9.9999999507449766E-01
  4.9255023062600374E-09
  2.0121823797319289E+06
  9.9999999513802007E-01
  4.8619798542819800E-09
  2.0121823462236756E+06
  9.9999999520072347E-01
  4.7992766287840888E-09
  2.0121823127258085E+06
  9.9999999526261796E-01
  4.7373820644935905E-09
  2.0121822817652642E+06
  9.9999999532371431E-01
  4.6762857323942846E-09
  2.0121822483010415E+06
  9.9999999538402262E-01
  4.6159773379697681E-09
  2.0121822148467430E+06
  9.9999999544355322E-01
  4.5564467194671553E-09
  2.0121821814023547E+06
  9.9999999550231611E-01
  4.4976838461870466E-09
  2.0121821479686894E+06
  9.9999999556032115E-01
  4.4396788167921798E-09
  2.0121821145454822E+06
  9.9999999561757813E-01
  4.3824218576393046E-09
  2.0121820811328907E+06
  9.9999999567409659E-01
  4.3259033211323817E-09
  2.0121820477306629E+06
  9.9999999572988640E-01
  4.2701136840970038E-09
  2.0121820143388270E+06
  9.9999999578495646E-01
  4.2150435461757396E-09
  2.0121819809577735E+06
  9.9999999583931631E-01
  4.1606836282442459E-09
  2.0121819479681030E+06
  9.9999999589297517E-01
  4.1070247708477502E-09
  2.0121819146100422E+06
  9.9999999594594202E-01
  4.0540579326577735E-09
  2.0121818812625438E+06
  9.9999999599822587E-01
  4.0017741889484799E-09
  2.0121818479255093E+06
  9.9999999604983525E-01
  3.9501647300931766E-09
  2.0121818145985969E+06
  9.9999999610077916E-01
  3.8992208600797756E-09
  2.0121817812824291E+06
  9.9999999615106594E-01
  3.8489339950455578E-09
  2.0121817479767001E+06
  9.9999999620070434E-01
  3.7992956618308381E-09
  2.0121817146812649E+06
  9.9999999624970248E-01
  3.7502974965512592E-09
  2.0121816813966804E+06
  9.9999999629806879E-01
  3.7019312431885124E-09
  2.0121816481220427E+06
  9.9999999634581127E-01
  3.6541887521992174E-09
  2.0121816148577952E+06
  9.9999999639293802E-01
  3.6070619791417694E-09
  2.0121815816044058E+06
  9.9999999643945703E-01
  3.5605429833208620E-09
  2.0121815483612460E+06
  9.9999999648537607E-01
  3.5146239264495215E-09
  2.0121815151289413E+06
  9.9999999653070293E-01
  3.4692970713283739E-09
  2.0121814819062925E+06
  9.9999999657544514E-01
  3.4245547805419538E-09
  2.0121814486943504E+06
  9.9999999661961048E-01
  3.3803895151718271E-09
  2.0121814154929551E+06
  9.9999999666320616E-01
  3.3367938335263209E-09
  2.0121813823021855E+06
  9.9999999670623962E-01
  3.2937603898866133E-09
  2.0121813491217797E+06
  9.9999999674871809E-01
  3.2512819332690067E-09
  2.0121813159512503E+06
  9.9999999679064866E-01
  3.2093513062031601E-09
  2.0121812827913587E+06
  9.9999999683203855E-01
  3.1679614435260994E-09
  2.0121812496425065E+06
  9.9999999687289465E-01
  3.1271053711917280E-09
  2.0121812165035494E+06
  9.9999999691322383E-01
  3.0867762050957523E-09
  2.0121811833748494E+06
  9.9999999695303288E-01
  3.0469671499157295E-09
  2.0121811502561662E+06
  9.9999999699232855E-01
  3.0076714979660707E-09
  2.0121811171481900E+06
  9.9999999703111742E-01
  2.9688826280678241E-09
  2.0121810840517741E+06
  9.9999999706940601E-01
  2.9305940044330333E-09
  2.0121810509643387E+06
  9.9999999710720089E-01
  2.8927991755634770E-09
  2.0121810179396700E+06
  9.9999999714450827E-01
  2.8554917731636112E-09
  2.0121809848739228E+06
  9.9999999718133448E-01
  2.8186655110675463E-09
  2.0121809518184131E+06
  9.9999999721768584E-01
  2.7823141841798186E-09
  2.0121809187732539E+06
  9.9999999725356836E-01
  2.7464316674298963E-09
  2.0121808857384266E+06
  9.9999999728898814E-01
  2.7110119147400975E-09
  2.0121808527143477E+06
  9.9999999732395106E-01
  2.6760489580068591E-09
  2.0121808197002911E+06
  9.9999999735846312E-01
  2.6415369060951227E-09
  2.0121807866965930E+06
  9.9999999739252998E-01
  2.6074699438457108E-09
  2.0121807537031758E+06
  9.9999999742615764E-01
  2.5738423310954809E-09
  2.0121807207198734E+06
  9.9999999745935153E-01
  2.5406484017101461E-09
  2.0121806877475674E+06
  9.9999999749211743E-01
  2.5078825626295274E-09
  2.0121806547852205E+06
  9.9999999752446067E-01
  2.4755392929251661E-09
  2.0121806218332958E+06
  9.9999999755638691E-01
  2.4436131428700433E-09
  2.0121805888917348E+06
  9.9999999758790126E-01
  2.4120987330203436E-09
  2.0121805559601709E+06
  9.9999999761900926E-01
  2.3809907533090251E-09
  2.0121805230394532E+06
  9.9999999764971603E-01
  2.3502839621510846E-09
  2.0121804901286932E+06
  9.9999999768002679E-01
  2.3199731855603857E-09
  2.0121804572284713E+06
  9.9999999770994663E-01
  2.2900533162778550E-09
  2.0121804243386905E+06
  9.9999999773948067E-01
  2.2605193129109118E-09
  2.0121803914586285E+06
  9.9999999776863380E-01
  2.2313661990840413E-09
  2.0121803585891495E+06
  9.9999999779741089E-01
  2.2025890626002558E-09
  2.0121803257300674E+06
  9.9999999782581694E-01
  2.1741830546134445E-09
  2.0121802928811833E+06
  9.9999999785385663E-01
  2.1461433888113247E-09
  2.0121802600429645E+06
  9.9999999788153471E-01
  2.1184653406089976E-09
  2.0121802272144998E+06
  9.9999999790885574E-01
  2.0911442463528411E-09
  2.0121801943966958E+06
  9.9999999793582450E-01
  2.0641755025347296E-09
  2.0121801615890090E+06
  9.9999999796244543E-01
  2.0375545650163399E-09
  2.0121801287915453E+06
  9.9999999798872297E-01
  2.0112769482634848E-09
  2.0121800960041932E+06
  9.9999999801466177E-01
  1.9853382245903139E-09
  2.0121800632278589E+06
  9.9999999804026607E-01
  1.9597340234132780E-09
  2.0121800304610885E+06
  9.9999999806553996E-01
  1.9344600305146803E-09
  2.0121799975811017E+06
  9.9999999809048801E-01
  1.9095119873157612E-09
  2.0121799647670437E+06
  9.9999999811511431E-01
  1.8848856901591232E-09
  2.0121799319634330E+06
  9.9999999813942297E-01
  1.8605769896004701E-09
  2.0121798991714465E+06
  9.9999999816341822E-01
  1.8365817897093976E-09
  2.0121798663894769E+06
  9.9999999818710394E-01
  1.8128960473792614E-09
  2.0121798336187005E+06
  9.9999999821048413E-01
  1.7895157716459296E-09
  2.0121798008636800E+06
  9.9999999823356300E-01
  1.7664370230153160E-09
  2.0121797681137936E+06
  9.9999999825634411E-01
  1.7436559127995865E-09
  2.0121797353742882E+06
  9.9999999827883146E-01
  1.7211686024619297E-09
  2.0121797026458692E+06
  9.9999999830102870E-01
  1.6989713029697839E-09
  2.0121796699278606E+06
  9.9999999832293973E-01
  1.6770602741563913E-09
  2.0121796372204572E+06
  9.9999999834456821E-01
  1.6554318240905953E-09
  2.0121796045234853E+06
  9.9999999836591780E-01
  1.6340823084547629E-09
  2.0121795897360744E+06
  9.9999999838699183E-01
  1.6130081299307298E-09
  2.0121795571231891E+06
  9.9999999840779430E-01
  1.5922057375948368E-09
  2.0121795245144395E+06
  9.9999999842832832E-01
  1.5716716263154644E-09
  2.0121794919167466E+06
  9.9999999844859766E-01
  1.5514023361678326E-09
  2.0121794593293031E+06
  9.9999999846860554E-01
  1.5313944518479676E-09
  2.0121794267524090E+06
  9.9999999848835541E-01
  1.5116446020978522E-09
  2.0121793941861042E+06
  9.9999999850785048E-01
  1.4921494591373934E-09
  2.0121793616307424E+06
  9.9999999852709431E-01
  1.4729057381036896E-09
  2.0121793290857817E+06
  9.9999999854608990E-01
  1.4539101964975503E-09
  2.0121792965520984E+06
  9.9999999856484045E-01
  1.4351596336371457E-09
  2.0121792640281201E+06
  9.9999999858334909E-01
  1.4166508901186991E-09
  2.0121792315151801E+06
  9.9999999860161926E-01
  1.3983808472841410E-09
  2.0121791990130609E+06
  9.9999999861965361E-01
  1.3803464266956274E-09
  2.0121791665218144E+06
  9.9999999863745537E-01
  1.3625445896168347E-09
  2.0121791340408274E+06
  9.9999999865502764E-01
  1.3449723365009351E-09
  2.0121791015706526E+06
  9.9999999867237332E-01
  1.3276267064851953E-09
  2.0121790691107160E+06
  9.9999999868949518E-01
  1.3105047768920754E-09
  2.0121790366619262E+06
  9.9999999870639633E-01
  1.2936036627367667E-09
  2.0121790042234056E+06
  9.9999999872307954E-01
  1.2769205162410853E-09
  2.0121789717957543E+06
  9.9999999873954748E-01
  1.2604525263536293E-09
  2.0121789393783908E+06
  9.9999999875580303E-01
  1.2441969182761283E-09
  2.0121789069719256E+06
  9.9999999877184909E-01
  1.2281509529958975E-09
  2.0121788745762310E+06
  9.9999999878768808E-01
  1.2123119268243265E-09
  2.0121788421909905E+06
  9.9999999880332280E-01
  1.1966771709413134E-09
  2.0121788098161905E+06
  9.9999999881875601E-01
  1.1812440509455808E-09
  2.0121787774519648E+06
  9.9999999883399004E-01
  1.1660099664107883E-09
  2.0121787450982733E+06
  9.9999999884902768E-01
  1.1509723504473715E-09
  2.0121787127556915E+06
  9.9999999886387125E-01
  1.1361286692700248E-09
  2.0121786804233422E+06
  9.9999999887852353E-01
  1.1214764217707730E-09
  2.0121786481018306E+06
  9.9999999889298685E-01
  1.1070131390975391E-09
  2.0121786157907469E+06
  9.9999999890726365E-01
  1.0927363842381551E-09
  2.0121785834904299E+06
  9.9999999892135627E-01
  1.0786437516097330E-09
  2.0121785512008185E+06
  9.9999999893526714E-01
  1.0647328666533313E-09
  2.0121785189214644E+06
  9.9999999894899860E-01
  1.0510013854338503E-09
  2.0121784866523980E+06
  9.9999999896255309E-01
  1.0374469942450882E-09
  2.0121784543943016E+06
  9.9999999897593250E-01
  1.0240674092198897E-09
  2.0121784221469567E+06
  9.9999999898913960E-01
  1.0108603759453205E-09
  2.0121783899123692E+06
  9.9999999900217640E-01
  9.9782366908281302E-10
  2.0121783576874966E+06
  9.9999999901504488E-01
  9.8495509199319376E-10
  2.0121783254738785E+06
  9.9999999902774761E-01
  9.7225247636656812E-10
  2.0121782932704475E+06
  9.9999999904028636E-01
  9.5971368185696220E-10
  2.0121782610776115E+06
  9.9999999905266335E-01
  9.4733659572168012E-10
  2.0121782288958346E+06
  9.9999999906488091E-01
  9.3511913246532147E-10
  2.0121781967244076E+06
  9.9999999907694082E-01
  9.2305923348837625E-10
  2.0121781645633252E+06
  9.9999999908884507E-01
  9.1115486674035985E-10
  2.0121781324128485E+06
  9.9999999910059589E-01
  8.9940402637742328E-10
  2.0121781002731035E+06
  9.9999999911219528E-01
  8.8780473242436996E-10
  2.0121780681440521E+06
  9.9999999912364490E-01
  8.7635503044103983E-10
  2.0121780360249295E+06
  9.9999999913494697E-01
  8.6505299119299266E-10
  2.0121780039170149E+06
  9.9999999914610327E-01
  8.5389671032643736E-10
  2.0121779718192595E+06
  9.9999999915711579E-01
  8.4288430804735854E-10
  2.0121779397321844E+06
  9.9999999916798610E-01
  8.3201392880477606E-10
  2.0121779076562698E+06
  9.9999999917871629E-01
  8.2128374097809040E-10
  2.0121778755901302E+06
  9.9999999918930804E-01
  8.1069193656846044E-10
  2.0121778435347127E+06
  9.9999999919976335E-01
  8.0023673089416480E-10
  2.0121778114900547E+06
  9.9999999921008365E-01
  7.8991636228988597E-10
  2.0121777794560115E+06
  9.9999999922027094E-01
  7.7972909180987980E-10
  2.0121777474325679E+06
  9.9999999923032679E-01
  7.6967320293496614E-10
  2.0121777154192852E+06
  9.9999999924025307E-01
  7.5974700128330203E-10
  2.0121776834167782E+06
  9.9999999925005112E-01
  7.4994881432488411E-10
  2.0121776514246417E+06
  9.9999999925972294E-01
  7.4027699109973485E-10
  2.0121776194433286E+06
  9.9999999926927008E-01
  7.3072990193972002E-10
  2.0121775874722996E+06
  9.9999999927869399E-01
  7.2130593819395564E-10
  2.0121775555120911E+06
  9.9999999928799654E-01
  7.1200351195775644E-10
  2.0121775235619750E+06
  9.9999999929717898E-01
  7.0282105580507949E-10
  2.0121774916227518E+06
  9.9999999930624295E-01
  6.9375702252441694E-10
  2.0121774596932437E+06
  9.9999999931519012E-01
  6.8480988485809897E-10
  2.0121774277748852E+06
  9.9999999932402184E-01
  6.7597813524495521E-10
  2.0121773958672353E+06
  9.9999999933273975E-01
  6.6726028556629452E-10
  2.0121773639700490E+06
  9.9999999934134509E-01
  6.5865486689516328E-10
  2.0121773320835701E+06
  9.9999999934983952E-01
  6.5016042924883730E-10
  2.0121773002070012E+06
  9.9999999935822448E-01
  6.4177554134450290E-10
  2.0121772683416354E+06
  9.9999999936650119E-01
  6.3349879035809271E-10
  2.0121772364861988E+06
  9.9999999937467121E-01
  6.2532878168622815E-10
  2.0121772046415750E+06
  9.9999999938273587E-01
  6.1726413871123610E-10
  2.0121771728074271E+06
  9.9999999939069650E-01
  6.0930350256918993E-10
  2.0121771409836530E+06
  9.9999999939855444E-01
  6.0144553192095013E-10
  2.0121771091699856E+06
  9.9999999940631112E-01
  5.9368890272615021E-10
  2.0121770773675865E+06
  9.9999999941396767E-01
  5.8603230802010024E-10
  2.0121770455756751E+06
  9.9999999942152551E-01
  5.7847445769357001E-10
  2.0121770137940214E+06
  9.9999999942898599E-01
  5.7101407827540965E-10
  2.0121769820227637E+06
  9.9999999943635010E-01
  5.6364991271797345E-10
  2.0121769502620869E+06
  9.9999999944361928E-01
  5.5638072018531275E-10
  2.0121769185120701E+06
  9.9999999945079476E-01
  5.4920527584409909E-10
  2.0121768867817346E+06
  9.9999999945787765E-01
  5.4212237065724183E-10
  2.0121768550593071E+06
  9.9999999946486917E-01
  5.3513081118017434E-10
  2.0121768233475827E+06
  9.9999999947177065E-01
  5.2822941935975863E-10
  2.0121767916461898E+06
  9.9999999947858298E-01
  5.2141703233578936E-10
  2.0121767599554791E+06
  9.9999999948530749E-01
  5.1469250224505615E-10
  2.0121767282750388E+06
  9.9999999949194540E-01
  5.0805469602793212E-10
  2.0121766966050586E+06
  9.9999999949849749E-01
  5.0150249523745742E-10
  2.0121766649457866E+06
  9.9999999950496510E-01
  4.9503479585088436E-10
  2.0121766332973226E+06
  9.9999999951134944E-01
  4.8865050808365543E-10
  2.0121766016589478E+06
  9.9999999951765139E-01
  4.8234855620577525E-10
  2.0121765700314408E+06
  9.9999999952387209E-01
  4.7612787836055734E-10
  2.0121765384134026E+06
  9.9999999953001262E-01
  4.6998742638570263E-10
  2.0121765068066320E+06
  9.9999999953607377E-01
  4.6392616563668774E-10
  2.0121764752105679E+06
  9.9999999954205687E-01
  4.5794307481243263E-10
  2.0121764436249677E+06
  9.9999999954796293E-01
  4.5203714578321376E-10
  2.0121764120499596E+06
  9.9999999955379271E-01
  4.4620738342079794E-10
  2.0121763804852786E+06
  9.9999999955954710E-01
  4.4045280543076811E-10
  2.0121763489310620E+06
  9.9999999956522756E-01
  4.3477244218700836E-10
  2.0121763173872440E+06
  9.9999999957083463E-01
  4.2916533656832563E-10
  2.0121762858539964E+06
  9.9999999957636954E-01
  4.2363054379717838E-10
  2.0121762543314167E+06
  9.9999999958183294E-01
  4.1816713128048531E-10
  2.0121762228191004E+06
  9.9999999958722585E-01
  4.1277417845248639E-10
  2.0121761913174451E+06
  9.9999999959254915E-01
  4.0745077661963196E-10
  2.0121761598262284E+06
  9.9999999959780395E-01
  4.0219602880746820E-10
  2.0121761283452369E+06
  9.9999999960299102E-01
  3.9700904960950314E-10
  2.0121760968751695E+06
  9.9999999960811103E-01
  3.9188896503801595E-10
  2.0121760654149493E+06
  9.9999999961316510E-01
  3.8683491237679632E-10
  2.0121760339653976E+06
  9.9999999961815400E-01
  3.8184604003577749E-10
  2.0121760025267536E+06
  9.9999999962307851E-01
  3.7692150740754713E-10
  2.0121759710977923E+06
  9.9999999962793951E-01
  3.7206048472570742E-10
  2.0121759396800115E+06
  9.9999999963273789E-01
  3.6726215292506320E-10
  2.0121759082722603E+06
  9.9999999963747432E-01
  3.6252570350361035E-10
  2.0121758768750362E+06
  9.9999999964214970E-01
  3.5785033838630962E-10
  2.0121758454881385E+06
  9.9999999964676467E-01
  3.5323526979061084E-10
  2.0121758141119143E+06
  9.9999999965132025E-01
  3.4867972009371514E-10
  2.0121757827457206E+06
  9.9999999965581710E-01
  3.4418292170154854E-10
  2.0121757513904835E+06
  9.9999999966025588E-01
  3.3974411691942488E-10
  2.0121757200455663E+06
  9.9999999966463748E-01
  3.3536255782437711E-10
  2.0121756887109412E+06
  9.9999999966896247E-01
  3.3103750613913402E-10
  2.0121756573865984E+06
  9.9999999967323172E-01
  3.2676823310772467E-10
  2.0121756260732601E+06
  9.9999999967744602E-01
  3.2255401937268417E-10
  2.0121755947699773E+06
  9.9999999968160580E-01
  3.1839415485384553E-10
  2.0121755634771541E+06
  9.9999999968571196E-01
  3.1428793862869272E-10
  2.0121755321947217E+06
  9.9999999968976527E-01
  3.1023467881425834E-10
  2.0121755009228121E+06
  9.9999999969376641E-01
  3.0623369245054364E-10
  2.0121754696611697E+06
  9.9999999969771569E-01
  3.0228430538544157E-10
  2.0121754384101834E+06
  9.9999999970161413E-01
  2.9838585216114600E-10
  2.0121754071693053E+06
  9.9999999970546227E-01
  2.9453767590202286E-10
  2.0121753759389366E+06
  9.9999999970926090E-01
  2.9073912820392983E-10
  2.0121753447192085E+06
  9.9999999971301046E-01
  2.8698956902496184E-10
  2.0121753135092224E+06
  9.9999999971671161E-01
  2.8328836657760726E-10
  2.0121752823107305E+06
  9.9999999972036502E-01
  2.7963489722229256E-10
  2.0121752511218470E+06
  9.9999999972397147E-01
  2.7602854536230289E-10
  2.0121752199434885E+06
  9.9999999972753129E-01
  2.7246870334005480E-10
  2.0121751887756176E+06
  9.9999999973104525E-01
  2.6895477133470905E-10
  2.0121751580357875E+06
  9.9999999973451392E-01
  2.6548615726110158E-10
  2.0121751268914705E+06
  9.9999999973793774E-01
  2.6206227666998545E-10
  2.0121750957563119E+06
  9.9999999974131748E-01
  2.5868255264953583E-10
  2.0121750646321597E+06
  9.9999999974465359E-01
  2.5534641572816472E-10
  2.0121750335186843E+06
  9.9999999974794662E-01
  2.5205330377855348E-10
  2.0121750024148561E+06
  9.9999999975119724E-01
  2.4880266192293940E-10
  2.0121749713747809E+06
  9.9999999975440612E-01
  2.4559394243962193E-10
  2.0121749163352638E+06
  9.9999999975757337E-01
  2.4242660467067208E-10
  2.0121748853893974E+06
  9.9999999976069986E-01
  2.3930011493059855E-10
  2.0121748544499914E+06
  9.9999999976378606E-01
  2.3621394641725786E-10
  2.0121748235209724E+06
  9.9999999976683240E-01
  2.3316757912200259E-10
  2.0121747926029067E+06
  9.9999999976983955E-01
  2.3016049974267490E-10
  2.0121747616954301E+06
  9.9999999977280785E-01
  2.2719220159699294E-10
  2.0121747307985194E+06
  9.9999999977573784E-01
  2.2426218453717557E-10
  2.0121746999120754E+06
  9.9999999977863008E-01
  2.2136995486567004E-10
  2.0121746690361355E+06
  9.9999999978148502E-01
  2.1851502525196534E-10
  2.0121746381709948E+06
  9.9999999978430310E-01
  2.1569691465047871E-10
  2.0121746073160367E+06
  9.9999999978708487E-01
  2.1291514821950126E-10
  2.0121745764715872E+06
  9.9999999978983078E-01
  2.1016925724118877E-10
  2.0121745456378183E+06
  9.9999999979254117E-01
  2.0745877904258419E-10
  2.0121745148145976E+06
  9.9999999979521681E-01
  2.0478325691765950E-10
  2.0121744869616954E+06
  9.9999999979785770E-01
  2.0214224005036143E-10
  2.0121744561781432E+06
  9.9999999980046472E-01
  1.9953528343867545E-10
  2.0121744254000869E+06
  9.9999999980303811E-01
  1.9696194781955874E-10
  2.0121743946322310E+06
  9.9999999980557819E-01
  1.9442179959503710E-10
  2.0121743638749192E+06
  9.9999999980808552E-01
  1.9191441075908267E-10
  2.0121743331286625E+06
  9.9999999981056054E-01
  1.8943935882550916E-10
  2.0121743023921163E+06
  9.9999999981300380E-01
  1.8699622675678465E-10
  2.0121742716665985E+06
  9.9999999981541543E-01
  1.8458460289376126E-10
  2.0121742409517162E+06
  9.9999999981779597E-01
  1.8220408088631356E-10
  2.0121742102471946E+06
  9.9999999982014576E-01
  1.7985425962486861E-10
  2.0121741795537346E+06
  9.9999999982246535E-01
  1.7753474317282136E-10
  2.0121741488701522E+06
  9.9999999982475485E-01
  1.7524514069982042E-10
  2.0121741181970786E+06
  9.9999999982701493E-01
  1.7298506641591393E-10
  2.0121740875348174E+06
  9.9999999982924581E-01
  1.7075413950654625E-10
  2.0121740568832816E+06
  9.9999999983144794E-01
  1.6855198406839167E-10
  2.0121740262421118E+06
  9.9999999983362187E-01
  1.6637822904601572E-10
  2.0121739956116343E+06
  9.9999999983576748E-01
  1.6423250816935457E-10
  2.0121739649917111E+06
  9.9999999983788557E-01
  1.6211445989199843E-10
  2.0121739343824326E+06
  9.9999999983997634E-01
  1.6002372733027300E-10
  2.0121739037831516E+06
  9.9999999984204002E-01
  1.5795995820310642E-10
  2.0121738731941716E+06
  9.9999999984407717E-01
  1.5592280477267006E-10
  2.0121738426165723E+06
  9.9999999984608812E-01
  1.5391192378578678E-10
  2.0121738120492562E+06
  9.9999999984807297E-01
  1.5192697641609312E-10
  2.0121737814928426E+06
  9.9999999985003230E-01
  1.4996762820694942E-10
  2.0121737509464873E+06
  9.9999999985196653E-01
  1.4803354901508370E-10
  2.0121737204103994E+06
  9.9999999985387555E-01
  1.4612441295496487E-10
  2.0121736898849362E+06
  9.9999999985576005E-01
  1.4423989834389121E-10
  2.0121736593704633E+06
  9.9999999985762034E-01
  1.4237968764778859E-10
  2.0121736288659256E+06
  9.9999999985945653E-01
  1.4054346742770690E-10
  2.0121735983721141E+06
  9.9999999986126908E-01
  1.3873092828700718E-10
  2.0121735678892648E+06
  9.9999999986305821E-01
  1.3694176481922828E-10
  2.0121735374155631E+06
  9.9999999986482435E-01
  1.3517567555662765E-10
  2.0121735069533770E+06
  9.9999999986656773E-01
  1.3343236291938530E-10
  2.0121734765018569E+06
  9.9999999986828836E-01
  1.3171153316546226E-10
  2.0121734460607560E+06
  9.9999999986998711E-01
  1.3001289634110606E-10
  2.0121734156292691E+06
  9.9999999987166388E-01
  1.2833616623199486E-10
  2.0121733852085525E+06
  9.9999999987331889E-01
  1.2668106031501102E-10
  2.0121733547988781E+06
  9.9999999987495269E-01
  1.2504729971063719E-10
  2.0121733243994669E+06
  9.9999999987656529E-01
  1.2343460913596608E-10
  2.0121732940107975E+06
  9.9999999987815724E-01
  1.2184271685831570E-10
  2.0121732636325394E+06
  9.9999999987972865E-01
  1.2027135464944445E-10
  2.0121732332639082E+06
  9.9999999988127974E-01
  1.1872025774035443E-10
  2.0121732029066845E+06
  9.9999999988281085E-01
  1.1718916477667960E-10
  2.0121731725594224E+06
  9.9999999988432220E-01
  1.1567781777464836E-10
  2.0121731422231158E+06
  9.9999999988581401E-01
  1.1418596207761393E-10
  2.0121731118971279E+06
  9.9999999988728672E-01
  1.1271334631314581E-10
  2.0121730815817218E+06
  9.9999999988874022E-01
  1.1125972235067446E-10
  2.0121730512763748E+06
  9.9999999989017518E-01
  1.0982484525968182E-10
  2.0121730209815819E+06
  9.9999999989159150E-01
  1.0840847326843177E-10
  2.0121729906977357E+06
  9.9999999989298971E-01
  1.0701036772323229E-10
  2.0121729604236605E+06
  9.9999999989436972E-01
  1.0563029304822315E-10
  2.0121729301604561E+06
  9.9999999989573196E-01
  1.0426801670568240E-10
  2.0121728999073457E+06
  9.9999999989707677E-01
  1.0292330915684392E-10
  2.0121728696649177E+06
  9.9999999989840416E-01
  1.0159594382322202E-10
  2.0121728394328905E+06
  9.9999999989971433E-01
  1.0028569704843282E-10
  2.0121728092113964E+06
  9.9999999990100763E-01
  9.8992348060509267E-11
  2.0121727790002793E+06
  9.9999999990228439E-01
  9.7715678934702149E-11
  2.0121727487996370E+06
  9.9999999990354449E-01
  9.6455474556759897E-11
  2.0121727186096215E+06
  9.9999999990478838E-01
  9.5211522586683278E-11
  2.0121726884294099E+06
  9.9999999990601640E-01
  9.3983613422946359E-11
  2.0121726582600330E+06
  9.9999999990722843E-01
  9.2771540167179629E-11
  2.0121726281008739E+06
  9.9999999990842492E-01
  9.1575098589308267E-11
  2.0121725979520434E+06
  9.9999999990960597E-01
  9.0394087093140018E-11
  2.0121725678140738E+06
  9.9999999991077171E-01
  8.9228306682397047E-11
  2.0121725376862851E+06
  9.9999999991192245E-01
  8.8077560927185968E-11
  2.0121725075688553E+06
  9.9999999991305832E-01
  8.6941655930899450E-11
  2.0121724774612619E+06
  9.9999999991417954E-01
  8.5820400297546371E-11
  2.0121724473650223E+06
  9.9999999991528643E-01
  8.4713605099501056E-11
  2.0121724172785787E+06
  9.9999999991637889E-01
  8.3621083845670635E-11
  2.0121723872025379E+06
  9.9999999991745736E-01
  8.2542652450071401E-11
  2.0121723571368747E+06
  9.9999999991852195E-01
  8.1478129200811094E-11
  2.0121723270819788E+06
  9.9999999991957256E-01
  8.0427334729471091E-11
  2.0121722970370881E+06
  9.9999999992060984E-01
  7.9390091980883699E-11
  2.0121722670025944E+06
  9.9999999992163369E-01
  7.8366226183298560E-11
  2.0121722369784790E+06
  9.9999999992264443E-01
  7.7355564818934530E-11
  2.0121722069648942E+06
  9.9999999992364208E-01
  7.6357937594910804E-11
  2.0121721769618965E+06
  9.9999999992462685E-01
  7.5373176414553486E-11
  2.0121721469687282E+06
  9.9999999992559896E-01
  7.4401115349071718E-11
  2.0121721169864484E+06
  9.9999999992655841E-01
  7.3441590609599186E-11
  2.0121720870138709E+06
  9.9999999992750566E-01
  7.2494440519596310E-11
  2.0121720570520803E+06
  9.9999999992844046E-01
  7.1559505487608381E-11
  2.0121720271005454E+06
  9.9999999992936339E-01
  7.0636627980375004E-11
  2.0121719971596396E+06
  9.9999999993027444E-01
  6.9725652496286162E-11
  2.0121719672286392E+06
  9.9999999993117350E-01
  6.8826425539180771E-11
  2.0121719373079829E+06
  9.9999999993206123E-01
  6.7938795592483180E-11
  2.0121719073977640E+06
  9.9999999993293742E-01
  6.7062613093673217E-11
  2.0121718774977184E+06
  9.9999999993380218E-01
  6.6197730409085361E-11
  2.0121718476083388E+06
  9.9999999993465605E-01
  6.5344001809032845E-11
  2.0121718177293027E+06
  9.9999999993549871E-01
  6.4501283443253023E-11
  2.0121717878603695E+06
  9.9999999993633060E-01
  6.3669433316668753E-11
  2.0121717580017366E+06
  9.9999999993715161E-01
  6.2848311265463141E-11
  2.0121717281533058E+06
  9.9999999993796229E-01
  6.2037778933462022E-11
  2.0121716983152721E+06
  9.9999999993876232E-01
  6.1237699748821570E-11
  2.0121716684872899E+06
  9.9999999993955213E-01
  6.0447938901016700E-11
  2.0121716386699183E+06
  9.9999999994033162E-01
  5.9668363318125590E-11
  2.0121716088630958E+06
  9.9999999994110123E-01
  5.8898841644407710E-11
  2.0121715790664386E+06
  9.9999999994186073E-01
  5.8139244218170717E-11
  2.0121715492800386E+06
  9.9999999994261046E-01
  5.7389443049923151E-11
  2.0121715195035562E+06
  9.9999999994335065E-01
  5.6649311800808359E-11
  2.0121714897373037E+06
  9.9999999994408129E-01
  5.5918725761317216E-11
  2.0121714599818876E+06
  9.9999999994480249E-01
  5.5197561830274606E-11
  2.0121714302364790E+06
  9.9999999994551436E-01
  5.4485698494097626E-11
