  4.8982478324327957E+02
  4.8974394570439307E+02
  4.8966199930564648E+02
  4.8957892300837199E+02
  4.8949469526852960E+02
  4.8940929402208485E+02
  4.8932269666989293E+02
  4.8923488006207009E+02
  4.8914582048183479E+02
  4.8905549362879771E+02
  4.8896387460166966E+02
  4.8887093788038544E+02
  4.8877665730759799E+02
  4.8868100606953089E+02
  4.8858395667616111E+02
  4.8848548094070742E+02
  4.8838554995839047E+02
  4.8828413408444203E+02
  4.8818120291132692E+02
  4.8807672524515607E+02
  4.8797066908124316E+02
  4.8786300157878014E+02
  4.8775368903459571E+02
  4.8764269685595247E+02
  4.8752998953234487E+02
  4.8741553060626649E+02
  4.8729928264288412E+02
  4.8718120719859002E+02
  4.8706126478837945E+02
  4.8693941485199173E+02
  4.8681561571879394E+02
  4.8668982457131040E+02
  4.8656199740737458E+02
  4.8643208900083033E+02
  4.8630005286071599E+02
  4.8616584118887283E+02
  4.8602940483590396E+02
  4.8589069325541624E+02
  4.8574965445645790E+02
  4.8560623495408788E+02
  4.8546037971798262E+02
  4.8531203211899145E+02
  4.8516113387355296E+02
  4.8500762498588006E+02
  4.8485144368779601E+02
  4.8469252637613181E+02
  4.8453080754756269E+02
  4.8436621973076876E+02
  4.8419869341579437E+02
  4.8402815698048124E+02
  4.8385453661382638E+02
  4.8367775623613613E+02
  4.8349773741580901E+02
  4.8331439928260193E+02
  4.8312765843720160E+02
  4.8293742885693115E+02
  4.8274362179739762E+02
  4.8254614568989626E+02
  4.8234490603435427E+02
  4.8213980528760214E+02
  4.8193074274674569E+02
  4.8171761442738739E+02
  4.8150031293645856E+02
  4.8127872733937596E+02
  4.8105274302125798E+02
  4.8082224154188799E+02
  4.8058710048412127E+02
  4.8034719329538962E+02
  4.8010238912197127E+02
  4.7985255263564687E+02
  4.7959754385234470E+02
  4.7933721794238244E+02
  4.7907142503184593E+02
  4.7880000999467455E+02
  4.7852281223493884E+02
  4.7823966545881922E+02
  4.7795039743573329E+02
  4.7765482974805150E+02
  4.7735277752877784E+02
  4.7704404918657406E+02
  4.7672844611744569E+02
  4.7640576240237192E+02
  4.7607578449013187E+02
  4.7573829086452474E+02
  4.7539305169513716E+02
  4.7503982847077515E+02
  4.7467837361460522E+02
  4.7430843008001096E+02
  4.7392973092611646E+02
  4.7354199887185098E+02
  4.7314494582737422E+02
  4.7273827240162558E+02
  4.7232166738466509E+02
  4.7189480720341766E+02
  4.7145735534934380E+02
  4.7100896177648190E+02
  4.7054926226821016E+02
  4.7007787777098969E+02
  4.6959441369326049E+02
  4.6909845916753437E+02
  4.6858958627365399E+02
  4.6806734922105449E+02
  4.6753128348774442E+02
  4.6698090491361927E+02
  4.6641570874557726E+02
  4.6583516863177852E+02
  4.6523873556225891E+02
  4.6462583675296810E+02
  4.6399587447014221E+02
  4.6334822479180536E+02
  4.6268223630301185E+02
  4.6199722872130701E+02
  4.6129249144874507E+02
  4.6056728204662068E+02
  4.5982082462895431E+02
  4.5905230817063142E+02
  4.5826088472592465E+02
  4.5744566755307284E+02
  4.5660572914041904E+02
  4.5574009912957314E+02
  4.5484776213098655E+02
  4.5392765542729455E+02
  4.5297866655982085E+02
  4.5199963079366330E+02
  4.5098932845694986E+02
  4.4994648215001700E+02
  4.4886975382054754E+02
  4.4775774170113812E+02
  4.4660897710621362E+02
  4.8982487509538311E+02
  4.8974403834651793E+02
  4.8966209274979894E+02
  4.8957901726681484E+02
  4.8949479035378664E+02
  4.8940938994694682E+02
  4.8932279344742830E+02
  4.8923497770562886E+02
  4.8914591900505940E+02
  4.8905559304562826E+02
  4.8896397492635521E+02
  4.8887103912749063E+02
  4.8877675949201137E+02
  4.8868110920647592E+02
  4.8858406078120470E+02
  4.8848558602976999E+02
  4.8838565604775545E+02
  4.8828424119076692E+02
  4.8818131105165577E+02
  4.8807683443692741E+02
  4.8797077934230259E+02
  4.8786311292739526E+02
  4.8775380148946493E+02
  4.8764281043621872E+02
  4.8753010425761300E+02
  4.8741564649661154E+02
  4.8729939971886881E+02
  4.8718132548127886E+02
  4.8706138429935373E+02
  4.8693953561336781E+02
  4.8681573775323596E+02
  4.8668994790205102E+02
  4.8656212205823164E+02
  4.8643221499622609E+02
  4.8630018022569413E+02
  4.8616596994912231E+02
  4.8602953501777733E+02
  4.8589082488594920E+02
  4.8574978756339618E+02
  4.8560636956590815E+02
  4.8546051586391837E+02
  4.8531216982905477E+02
  4.8516127317856461E+02
  4.8500776591749496E+02
  4.8485158627853144E+02
  4.8469267065939812E+02
  4.8453095355769187E+02
  4.8436636750304962E+02
  4.8419884298650265E+02
  4.8402830838691750E+02
  4.8385468989434986E+02
  4.8367791143020315E+02
  4.8349789456401203E+02
  4.8331455842671147E+02
  4.8312781962020904E+02
  4.8293759212309232E+02
  4.8274378719228002E+02
  4.8254631326042841E+02
  4.8234507582887471E+02
  4.8213997735591477E+02
  4.8193091714017322E+02
  4.8171779119883166E+02
  4.8150049214045697E+02
  4.8127890903217036E+02
  4.8105292726085673E+02
  4.8082242838813755E+02
  4.8058728999877616E+02
  4.8034738554219211E+02
  4.8010258416672906E+02
  4.7985275054631484E+02
  4.7959774469911633E+02
  4.7933742179777641E+02
  4.7907163197080837E+02
  4.7880022009467370E+02
  4.7852302557607408E+02
  4.7823988212393101E+02
  4.7795061751052242E+02
  4.7765505332119676E+02
  4.7735300469206845E+02
  4.7704428003504353E+02
  4.7672868074951259E+02
  4.7640600091999306E+02
  4.7607602699895648E+02
  4.7573853747406025E+02
  4.7539330251892682E+02
  4.7504008362657652E+02
  4.7467863322458783E+02
  4.7430869427095962E+02
  4.7392999982964579E+02
  4.7354227262463047E+02
  4.7314522457137161E+02
  4.7273855628435746E+02
  4.7232195655946413E+02
  4.7189510182971475E+02
  4.7145765559296694E+02
  4.7100926780997150E+02
  4.7054957427115147E+02
  4.7007819593036828E+02
  4.6959473820383198E+02
  4.6909879023222373E+02
  4.6858992410397479E+02
  4.6806769403755197E+02
  4.6753163552046720E+02
  4.6698126440262052E+02
  4.6641607594144500E+02
  4.6583554379619875E+02
  4.6523911896861460E+02
  4.6462622868697548E+02
  4.6399627523052749E+02
  4.6334863469102424E+02
  4.6268265566801301E+02
  4.6199765789435151E+02
  4.6129293078826890E+02
  4.6056773192816217E+02
  4.5982128544614176E+02
  4.5905278033622704E+02
  4.5826136867295475E+02
  4.5744616373601673E+02
  4.5660623803649065E+02
  4.5574062124008577E+02
  4.5484829798280583E+02
  4.5392820557440479E+02
  4.5297923158498304E+02
  4.5200021131020566E+02
  4.5098992511067161E+02
  4.4994709562123040E+02
  4.4887038482627088E+02
  4.4775839099743229E+02
  4.4660964549069644E+02
  4.8982496694654355E+02
  4.8974413098768861E+02
  4.8966218619298724E+02
  4.8957911152428176E+02
  4.8949488543805523E+02
  4.8940948587081056E+02
  4.8932289022395298E+02
  4.8923507534816559E+02
  4.8914601752724906E+02
  4.8905569246141232E+02
  4.8896407524998187E+02
  4.8887114037352347E+02
  4.8877686167534017E+02
  4.8868121234232240E+02
  4.8858416488513615E+02
  4.8848569111770661E+02
  4.8838576213598088E+02
  4.8828434829593800E+02
  4.8818141919081478E+02
  4.8807694362751323E+02
  4.8797088960216223E+02
  4.8786322427479365E+02
  4.8775391394310162E+02
  4.8764292401523778E+02
  4.8753021898161700E+02
  4.8741576238567575E+02
  4.8729951679355497E+02
  4.8718144376265116E+02
  4.8706150380899300E+02
  4.8693965637338982E+02
  4.8681585978630488E+02
  4.8669007123139880E+02
  4.8656224670767693E+02
  4.8643234099018997E+02
  4.8630030758922067E+02
  4.8616609870789750E+02
  4.8602966519815311E+02
  4.8589095651496308E+02
  4.8574992066879241E+02
  4.8560650417616398E+02
  4.8546065200826399E+02
  4.8531230753750407E+02
  4.8516141248193730E+02
  4.8500790684744589E+02
  4.8485172886757567E+02
  4.8469281494094605E+02
  4.8453109956607523E+02
  4.8436651527355468E+02
  4.8419899255540707E+02
  4.8402845979151977E+02
  4.8385484317300796E+02
  4.8367806662237263E+02
  4.8349805171028572E+02
  4.8331471756885793E+02
  4.8312798080122002E+02
  4.8293775538722070E+02
  4.8274395258509423E+02
  4.8254648082885461E+02
  4.8234524562125085E+02
  4.8214014942204398E+02
  4.8193109153137715E+02
  4.8171796796800942E+02
  4.8150067134214783E+02
  4.8127909072261258E+02
  4.8105311149805709E+02
  4.8082261523194211E+02
  4.8058747951093864E+02
  4.8034757778645184E+02
  4.8010277920889223E+02
  4.7985294845433634E+02
  4.7959794554318614E+02
  4.7933762565041383E+02
  4.7907183890695524E+02
  4.7880043019179772E+02
  4.7852323891427278E+02
  4.7824009878604318E+02
  4.7795083758224524E+02
  4.7765527689120751E+02
  4.7735323185215429E+02
  4.7704451088023495E+02
  4.7672891537822750E+02
  4.7640623943418319E+02
  4.7607626950426925E+02
  4.7573878408000166E+02
  4.7539355333903507E+02
  4.7504033877860752E+02
  4.7467889283070804E+02
  4.7430895845794845E+02
  4.7393026872911429E+02
  4.7354254637324681E+02
  4.7314550331109814E+02
  4.7273884016270699E+02
  4.7232224572976440E+02
  4.7189539645139178E+02
  4.7145795583184508E+02
  4.7100957383858611E+02
  4.7054988626908124E+02
  4.7007851408459283E+02
  4.6959506270910214E+02
  4.6909912129145869E+02
  4.6859026192868015E+02
  4.6806803884826729E+02
  4.6753198754723365E+02
  4.6698162388548377E+02
  4.6641644313098328E+02
  4.6583591895408989E+02
  4.6523950236823345E+02
  4.6462662061402824E+02
  4.6399667598372969E+02
  4.6334904458282114E+02
  4.6268307502534299E+02
  4.6199808705946140E+02
  4.6129337011958296E+02
  4.6056818180120518E+02
  4.5982174625452404E+02
  4.5905325249270027E+02
  4.5826185261052564E+02
  4.5744665990914893E+02
  4.5660674692237819E+02
  4.5574114334002013E+02
  4.5484883382363427E+02
  4.5392875571008483E+02
  4.5297979659825461E+02
  4.5200079181436848E+02
  4.5099052175149899E+02
  4.4994770907900448E+02
  4.4887101581797418E+02
  4.4775904027909326E+02
  4.4661031385989492E+02
  4.8982505879676000E+02
  4.8974422362790489E+02
  4.8966227963521004E+02
  4.8957920578077290E+02
  4.8949498052133794E+02
  4.8940958179367544E+02
  4.8932298699946767E+02
  4.8923517298967988E+02
  4.8914611604840553E+02
  4.8905579187615018E+02
  4.8896417557254927E+02
  4.8887124161848448E+02
  4.8877696385758304E+02
  4.8868131547707088E+02
  4.8858426898795653E+02
  4.8848579620451738E+02
  4.8838586822306547E+02
  4.8828445539995488E+02
  4.8818152732880458E+02
  4.8807705281691551E+02
  4.8797099986082242E+02
  4.8786333562097775E+02
  4.8775402639550759E+02
  4.8764303759300958E+02
  4.8753033370435645E+02
  4.8741587827345791E+02
  4.8729963386694152E+02
  4.8718156204270684E+02
  4.8706162331729678E+02
  4.8693977713205760E+02
  4.8681598181800149E+02
  4.8669019455935518E+02
  4.8656237135571013E+02
  4.8643246698271929E+02
  4.8630043495129246E+02
  4.8616622746519778E+02
  4.8602979537703249E+02
  4.8589108814245742E+02
  4.8575005377264705E+02
  4.8560663878485411E+02
  4.8546078815102032E+02
  4.8531244524433930E+02
  4.8516155178367114E+02
  4.8500804777573006E+02
  4.8485187145492790E+02
  4.8469295922077430E+02
  4.8453124557271082E+02
  4.8436666304228532E+02
  4.8419914212250734E+02
  4.8402861119428610E+02
  4.8385499644980041E+02
  4.8367822181264523E+02
  4.8349820885462913E+02
  4.8331487670904193E+02
  4.8312814198023176E+02
  4.8293791864931688E+02
  4.8274411797583923E+02
  4.8254664839517392E+02
  4.8234541541148394E+02
  4.8214032148599000E+02
  4.8193126592035691E+02
  4.8171814473492219E+02
  4.8150085054152902E+02
  4.8127927241070120E+02
  4.8105329573285991E+02
  4.8082280207330109E+02
  4.8058766902060711E+02
  4.8034777002816952E+02
  4.8010297424846192E+02
  4.7985314635971156E+02
  4.7959814638455583E+02
  4.7933782950029422E+02
  4.7907204584028773E+02
  4.7880064028604710E+02
  4.7852345224953444E+02
  4.7824031544515498E+02
  4.7795105765090165E+02
  4.7765550045808465E+02
  4.7735345900903513E+02
  4.7704474172214890E+02
  4.7672915000358915E+02
  4.7640647794494350E+02
  4.7607651200607165E+02
  4.7573903068234864E+02
  4.7539380415546157E+02
  4.7504059392686844E+02
  4.7467915243296426E+02
  4.7430922264097836E+02
  4.7393053762452416E+02
  4.7354282011769953E+02
  4.7314578204655379E+02
  4.7273912403667310E+02
  4.7232253489556513E+02
  4.7189569106845022E+02
  4.7145825606597896E+02
  4.7100987986232315E+02
  4.7055019826199918E+02
  4.7007883223366377E+02
  4.6959538720907130E+02
  4.6909945234523843E+02
  4.6859059974777165E+02
  4.6806838365320004E+02
  4.6753233956804269E+02
  4.6698198336220690E+02
  4.6641681031419193E+02
  4.6583629410545274E+02
  4.6523988576111509E+02
  4.6462701253412666E+02
  4.6399707672975035E+02
  4.6334945446719769E+02
  4.6268349437500126E+02
  4.6199851621663709E+02
  4.6129380944268701E+02
  4.6056863166574851E+02
  4.5982220705410543E+02
  4.5905372464005177E+02
  4.5826233653863920E+02
  4.5744715607246826E+02
  4.5660725579808127E+02
  4.5574166542937763E+02
  4.5484936965347055E+02
  4.5392930583433736E+02
  4.5298036159963715E+02
  4.5200137230615525E+02
  4.5099111837943178E+02
  4.4994832252333782E+02
  4.4887164679565973E+02
  4.4775968954612131E+02
  4.4661098221380996E+02
  4.8982515064603382E+02
  4.8974431626716671E+02
  4.8966237307646787E+02
  4.8957930003628860E+02
  4.8949507560363293E+02
  4.8940967771554205E+02
  4.8932308377397237E+02
  4.8923527063017264E+02
  4.8914621456852780E+02
  4.8905589128984178E+02
  4.8896427589405789E+02
  4.8887134286237398E+02
  4.8877706603874213E+02
  4.8868141861072138E+02
  4.8858437308966421E+02
  4.8848590129020232E+02
  4.8838597430901092E+02
  4.8828456250281681E+02
  4.8818163546562539E+02
  4.8807716200513323E+02
  4.8797111011828264E+02
  4.8786344696594620E+02
  4.8775413884668205E+02
  4.8764315116953310E+02
  4.8753044842583114E+02
  4.8741599415995813E+02
  4.8729975093902885E+02
  4.8718168032144439E+02
  4.8706174282426628E+02
  4.8693989788937131E+02
  4.8681610384832459E+02
  4.8669031788591940E+02
  4.8656249600233127E+02
  4.8643259297381803E+02
  4.8630056231191048E+02
  4.8616635622102302E+02
  4.8602992555441477E+02
  4.8589121976843290E+02
  4.8575018687495941E+02
  4.8560677339197849E+02
  4.8546092429218851E+02
  4.8531258294956098E+02
  4.8516169108376437E+02
  4.8500818870234986E+02
  4.8485201404058915E+02
  4.8469310349888366E+02
  4.8453139157760035E+02
  4.8436681080924046E+02
  4.8419929168780192E+02
  4.8402876259521901E+02
  4.8385514972472782E+02
  4.8367837700102052E+02
  4.8349836599704236E+02
  4.8331503584726215E+02
  4.8312830315724744E+02
  4.8293808190938063E+02
  4.8274428336451552E+02
  4.8254681595938860E+02
  4.8234558519957147E+02
  4.8214049354775193E+02
  4.8193144030711301E+02
  4.8171832149956867E+02
  4.8150102973860305E+02
  4.8127945409643786E+02
  4.8105347996526456E+02
  4.8082298891221558E+02
  4.8058785852778385E+02
  4.8034796226734414E+02
  4.8010316928543767E+02
  4.7985334426243969E+02
  4.7959834722322370E+02
  4.7933803334741754E+02
  4.7907225277080522E+02
  4.7880085037742185E+02
  4.7852366558186094E+02
  4.7824053210126732E+02
  4.7795127771649254E+02
  4.7765572402182841E+02
  4.7735368616271296E+02
  4.7704497256078622E+02
  4.7672938462559887E+02
  4.7640671645227326E+02
  4.7607675450436312E+02
  4.7573927728110186E+02
  4.7539405496820916E+02
  4.7504084907135837E+02
  4.7467941203135723E+02
  4.7430948682004845E+02
  4.7393080651587485E+02
  4.7354309385799007E+02
  4.7314606077773885E+02
  4.7273940790625738E+02
  4.7232282405686846E+02
  4.7189598568088866E+02
  4.7145855629536663E+02
  4.7101018588118603E+02
  4.7055051024990547E+02
  4.7007915037758062E+02
  4.6959571170373937E+02
  4.6909978339356405E+02
  4.6859093756124707E+02
  4.6806872845235046E+02
  4.6753269158289555E+02
  4.6698234283279146E+02
  4.6641717749107244E+02
  4.6583666925028768E+02
  4.6524026914726124E+02
  4.6462740444727092E+02
  4.6399747746858861E+02
  4.6334986434415219E+02
  4.6268391371698817E+02
  4.6199894536587891E+02
  4.6129424875758173E+02
  4.6056908152179352E+02
  4.5982266784488337E+02
  4.5905419677828053E+02
  4.5826282045729346E+02
  4.5744765222597641E+02
  4.5660776466360016E+02
  4.5574218750815783E+02
  4.5484990547231700E+02
  4.5392985594716208E+02
  4.5298092658912992E+02
  4.5200195278556475E+02
  4.5099171499447186E+02
  4.4994893595423144E+02
  4.4887227775932570E+02
  4.4776033879851752E+02
  4.4661165055244265E+02
  4.8982524249436352E+02
  4.8974440890547498E+02
  4.8966246651676124E+02
  4.8957939429082813E+02
  4.8949517068494174E+02
  4.8940977363641048E+02
  4.8932318054746611E+02
  4.8923536826964340E+02
  4.8914631308761528E+02
  4.8905599070248695E+02
  4.8896437621450735E+02
  4.8887144410519187E+02
  4.8877716821881586E+02
  4.8868152174327309E+02
  4.8858447719026020E+02
  4.8848600637476176E+02
  4.8838608039381614E+02
  4.8828466960452454E+02
  4.8818174360127762E+02
  4.8807727119216662E+02
  4.8797122037454324E+02
  4.8786355830969927E+02
  4.8775425129662574E+02
  4.8764326474480981E+02
  4.8753056314604197E+02
  4.8741611004517739E+02
  4.8729986800981794E+02
  4.8718179859886646E+02
  4.8706186232990086E+02
  4.8694001864533215E+02
  4.8681622587727566E+02
  4.8669044121109079E+02
  4.8656262064754003E+02
  4.8643271896348341E+02
  4.8630068967107536E+02
  4.8616648497537312E+02
  4.8603005573030055E+02
  4.8589135139288993E+02
  4.8575031997573018E+02
  4.8560690799753763E+02
  4.8546106043176542E+02
  4.8531272065316767E+02
  4.8516183038221965E+02
  4.8500832962730385E+02
  4.8485215662455795E+02
  4.8469324777527441E+02
  4.8453153758074382E+02
  4.8436695857442027E+02
  4.8419944125129285E+02
  4.8402891399431746E+02
  4.8385530299778901E+02
  4.8367853218749832E+02
  4.8349852313752757E+02
  4.8331519498352014E+02
  4.8312846433226633E+02
  4.8293824516741182E+02
  4.8274444875112346E+02
  4.8254698352149683E+02
  4.8234575498551504E+02
  4.8214066560733045E+02
  4.8193161469164482E+02
  4.8171849826194983E+02
  4.8150120893336720E+02
  4.8127963577982189E+02
  4.8105366419527149E+02
  4.8082317574868597E+02
  4.8058804803246625E+02
  4.8034815450397599E+02
  4.8010336431981995E+02
  4.7985354216252159E+02
  4.7959854805919156E+02
  4.7933823719178372E+02
  4.7907245969850732E+02
  4.7880106046592198E+02
  4.7852387891125011E+02
  4.7824074875437861E+02
  4.7795149777901776E+02
  4.7765594758243662E+02
  4.7735391331318544E+02
  4.7704520339614641E+02
  4.7672961924425653E+02
  4.7640695495617427E+02
  4.7607699699914417E+02
  4.7573952387626042E+02
  4.7539430577727506E+02
  4.7504110421207798E+02
  4.7467967162588712E+02
  4.7430975099515928E+02
  4.7393107540316623E+02
  4.7354336759411672E+02
  4.7314633950465361E+02
  4.7273969177145858E+02
  4.7232311321367217E+02
  4.7189628028870840E+02
  4.7145885652000942E+02
  4.7101049189517204E+02
  4.7055082223279976E+02
  4.7007946851634500E+02
  4.6959603619310730E+02
  4.6910011443643509E+02
  4.6859127536910842E+02
  4.6806907324571972E+02
  4.6753304359179145E+02
  4.6698270229723749E+02
  4.6641754466162274E+02
  4.6583704438859451E+02
  4.6524065252667123E+02
  4.6462779635346112E+02
  4.6399787820024488E+02
  4.6335027421368613E+02
  4.6268433305130458E+02
  4.6199937450718653E+02
  4.6129468806426718E+02
  4.6056953136934089E+02
  4.5982312862685927E+02
  4.5905466890738876E+02
  4.5826330436649113E+02
  4.5744814836967385E+02
  4.5660827351893522E+02
  4.5574270957636281E+02
  4.5485044128017262E+02
  4.5393040604855952E+02
  4.5298149156673361E+02
  4.5200253325259649E+02
  4.5099231159661770E+02
  4.4994954937168620E+02
  4.4887290870897391E+02
  4.4776098803628219E+02
  4.4661231887579248E+02
  4.8982533434175053E+02
  4.8974450154282971E+02
  4.8966255995609021E+02
  4.8957948854439149E+02
  4.8949526576526233E+02
  4.8940986955627909E+02
  4.8932327731994980E+02
  4.8923546590809178E+02
  4.8914641160566902E+02
  4.8905609011408512E+02
  4.8896447653389822E+02
  4.8887154534693769E+02
  4.8877727039780433E+02
  4.8868162487472699E+02
  4.8858458128974485E+02
  4.8848611145819558E+02
  4.8838618647748098E+02
  4.8828477670507766E+02
  4.8818185173576012E+02
  4.8807738037801522E+02
  4.8797133062960381E+02
  4.8786366965223698E+02
  4.8775436374533734E+02
  4.8764337831883779E+02
  4.8753067786498866E+02
  4.8741622592911546E+02
  4.8729998507930799E+02
  4.8718191687497040E+02
  4.8706198183419968E+02
  4.8694013939993937E+02
  4.8681634790485339E+02
  4.8669056453487030E+02
  4.8656274529133606E+02
  4.8643284495171565E+02
  4.8630081702878743E+02
  4.8616661372824922E+02
  4.8603018590468952E+02
  4.8589148301582725E+02
  4.8575045307495827E+02
  4.8560704260153176E+02
  4.8546119656975429E+02
  4.8531285835516155E+02
  4.8516196967903562E+02
  4.8500847055059307E+02
  4.8485229920683611E+02
  4.8469339204994617E+02
  4.8453168358213952E+02
  4.8436710633782451E+02
  4.8419959081297878E+02
  4.8402906539158090E+02
  4.8385545626898499E+02
  4.8367868737207954E+02
  4.8349868027608204E+02
  4.8331535411781516E+02
  4.8312862550528723E+02
  4.8293840842341029E+02
  4.8274461413566240E+02
  4.8254715108149941E+02
  4.8234592476931499E+02
  4.8214083766472572E+02
  4.8193178907395321E+02
  4.8171867502206624E+02
  4.8150138812582418E+02
  4.8127981746085368E+02
  4.8105384842288032E+02
  4.8082336258271079E+02
  4.8058823753465708E+02
  4.8034834673806586E+02
  4.8010355935160817E+02
  4.7985374005995754E+02
  4.7959874889245754E+02
  4.7933844103339402E+02
  4.7907266662339555E+02
  4.7880127055154725E+02
  4.7852409223770343E+02
  4.7824096540449096E+02
  4.7795171783847712E+02
  4.7765617113991254E+02
  4.7735414046045423E+02
  4.7704543422822979E+02
  4.7672985385956230E+02
  4.7640719345664394E+02
  4.7607723949041468E+02
  4.7573977046782494E+02
  4.7539455658266075E+02
  4.7504135934902826E+02
  4.7467993121655525E+02
  4.7431001516631119E+02
  4.7393134428639792E+02
  4.7354364132608146E+02
  4.7314661822729761E+02
  4.7273997563227806E+02
  4.7232340236597747E+02
  4.7189657489190779E+02
  4.7145915673990777E+02
  4.7101079790428349E+02
  4.7055113421068347E+02
  4.7007978664995676E+02
  4.6959636067717412E+02
  4.6910044547385138E+02
  4.6859161317135539E+02
  4.6806941803330699E+02
  4.6753339559473159E+02
  4.6698306175554490E+02
  4.6641791182584399E+02
  4.6583741952037354E+02
  4.6524103589934464E+02
  4.6462818825269767E+02
  4.6399827892471927E+02
  4.6335068407579973E+02
  4.6268475237794934E+02
  4.6199980364056194E+02
  4.6129512736274444E+02
  4.6056998120839006E+02
  4.5982358940003388E+02
  4.5905514102737561E+02
  4.5826378826623181E+02
  4.5744864450356027E+02
  4.5660878236408757E+02
  4.5574323163399146E+02
  4.5485097707703835E+02
  4.5393095613853035E+02
  4.5298205653244833E+02
  4.5200311370725206E+02
  4.5099290818587269E+02
  4.4995016277570164E+02
  4.4887353964460573E+02
  4.4776163725941660E+02
  4.4661298718386092E+02
  4.8982542618819446E+02
  4.8974459417923060E+02
  4.8966265339445351E+02
  4.8957958279697937E+02
  4.8949536084459680E+02
  4.8940996547515039E+02
  4.8932337409142457E+02
  4.8923556354551829E+02
  4.8914651012268871E+02
  4.8905618952463749E+02
  4.8896457685222890E+02
  4.8887164658761105E+02
  4.8877737257570789E+02
  4.8868172800508233E+02
  4.8858468538811718E+02
  4.8848621654050373E+02
  4.8838629256000763E+02
  4.8828488380447720E+02
  4.8818195986907415E+02
  4.8807748956268159E+02
  4.8797144088346562E+02
  4.8786378099355971E+02
  4.8775447619281744E+02
  4.8764349189161862E+02
  4.8753079258267030E+02
  4.8741634181177130E+02
  4.8730010214749899E+02
  4.8718203514975801E+02
  4.8706210133716439E+02
  4.8694026015319247E+02
  4.8681646993105841E+02
  4.8669068785725779E+02
  4.8656286993372026E+02
  4.8643297093851578E+02
  4.8630094438504563E+02
  4.8616674247965017E+02
  4.8603031607758248E+02
  4.8589161463724599E+02
  4.8575058617264534E+02
  4.8560717720395962E+02
  4.8546133270615331E+02
  4.8531299605554091E+02
  4.8516210897421178E+02
  4.8500861147221798E+02
  4.8485244178742170E+02
  4.8469353632290000E+02
  4.8453182958178900E+02
  4.8436725409945450E+02
  4.8419974037286022E+02
  4.8402921678701051E+02
  4.8385560953831612E+02
  4.8367884255476343E+02
  4.8349883741270753E+02
  4.8331551325014675E+02
  4.8312878667631065E+02
  4.8293857167737661E+02
  4.8274477951813287E+02
  4.8254731863939617E+02
  4.8234609455097115E+02
  4.8214100971993736E+02
  4.8193196345403720E+02
  4.8171885177991624E+02
  4.8150156731597247E+02
  4.8127999913953295E+02
  4.8105403264809155E+02
  4.8082354941429196E+02
  4.8058842703435420E+02
  4.8034853896961323E+02
  4.8010375438080382E+02
  4.7985393795474681E+02
  4.7959894972302453E+02
  4.7933864487224645E+02
  4.7907287354546770E+02
  4.7880148063429874E+02
  4.7852430556122090E+02
  4.7824118205160312E+02
  4.7795193789487132E+02
  4.7765639469425469E+02
  4.7735436760451927E+02
  4.7704566505703662E+02
  4.7673008847151527E+02
  4.7640743195368401E+02
  4.7607748197817472E+02
  4.7574001705579497E+02
  4.7539480738436652E+02
  4.7504161448220816E+02
  4.7468019080335944E+02
  4.7431027933350310E+02
  4.7393161316557075E+02
  4.7354391505388270E+02
  4.7314689694567102E+02
  4.7274025948871531E+02
  4.7232369151378424E+02
  4.7189686949048854E+02
  4.7145945695506089E+02
  4.7101110390851966E+02
  4.7055144618355502E+02
  4.7008010477841555E+02
  4.6959668515594132E+02
  4.6910077650581445E+02
  4.6859195096798777E+02
  4.6806976281511191E+02
  4.6753374759171652E+02
  4.6698342120771406E+02
  4.6641827898373737E+02
  4.6583779464562531E+02
  4.6524141926528227E+02
  4.6462858014498050E+02
  4.6399867964201206E+02
  4.6335109393049294E+02
  4.6268517169692348E+02
  4.6200023276600388E+02
  4.6129556665301254E+02
  4.6057043103894119E+02
  4.5982405016440674E+02
  4.5905561313824109E+02
  4.5826427215651552E+02
  4.5744914062763627E+02
  4.5660929119905603E+02
  4.5574375368104450E+02
  4.5485151286291477E+02
  4.5393150621707343E+02
  4.5298262148627589E+02
  4.5200369414953218E+02
  4.5099350476223560E+02
  4.4995077616627947E+02
  4.4887417056622087E+02
  4.4776228646792117E+02
  4.4661365547664849E+02
  4.8982551803369404E+02
  4.8974468681467664E+02
  4.8966274683185281E+02
  4.8957967704859135E+02
  4.8949545592294459E+02
  4.8941006139302300E+02
  4.8932347086188838E+02
  4.8923566118192304E+02
  4.8914660863867482E+02
  4.8905628893414365E+02
  4.8896467716950229E+02
  4.8887174782721297E+02
  4.8877747475252733E+02
  4.8868183113434014E+02
  4.8858478948537748E+02
  4.8848632162168599E+02
  4.8838639864139236E+02
  4.8828499090272220E+02
  4.8818206800121834E+02
  4.8807759874616204E+02
  4.8797155113612791E+02
  4.8786389233366714E+02
  4.8775458863906698E+02
  4.8764360546315191E+02
  4.8753090729908700E+02
  4.8741645769314647E+02
  4.8730021921439101E+02
  4.8718215342323003E+02
  4.8706222083879339E+02
  4.8694038090509207E+02
  4.8681659195589128E+02
  4.8669081117825306E+02
  4.8656299457469214E+02
  4.8643309692388436E+02
  4.8630107173985016E+02
  4.8616687122957671E+02
  4.8603044624897871E+02
  4.8589174625714628E+02
  4.8575071926879014E+02
  4.8560731180482219E+02
  4.8546146884096243E+02
  4.8531313375430597E+02
  4.8516224826774891E+02
  4.8500875239217748E+02
  4.8485258436631597E+02
  4.8469368059413455E+02
  4.8453197557969253E+02
  4.8436740185930933E+02
  4.8419988993093847E+02
  4.8402936818060476E+02
  4.8385576280578158E+02
  4.8367899773555098E+02
  4.8349899454740319E+02
  4.8331567238051588E+02
  4.8312894784533756E+02
  4.8293873492931039E+02
  4.8274494489853498E+02
  4.8254748619518693E+02
  4.8234626433048203E+02
  4.8214118177296547E+02
  4.8193213783189759E+02
  4.8171902853550091E+02
  4.8150174650381194E+02
  4.8128018081586060E+02
  4.8105421687090507E+02
  4.8082373624342773E+02
  4.8058861653155918E+02
  4.8034873119861794E+02
  4.8010394940740542E+02
  4.7985413584688968E+02
  4.7959915055088993E+02
  4.7933884870834311E+02
  4.7907308046472633E+02
  4.7880169071417549E+02
  4.7852451888180184E+02
  4.7824139869571610E+02
  4.7795215794819876E+02
  4.7765661824546271E+02
  4.7735459474538004E+02
  4.7704589588256658E+02
  4.7673032308011688E+02
  4.7640767044729455E+02
  4.7607772446242433E+02
  4.7574026364017260E+02
  4.7539505818239115E+02
  4.7504186961161793E+02
  4.7468045038630083E+02
  4.7431054349673701E+02
  4.7393188204068446E+02
  4.7354418877752119E+02
  4.7314717565977367E+02
  4.7274054334076988E+02
  4.7232398065709299E+02
  4.7189716408445014E+02
  4.7145975716547014E+02
  4.7101140990788019E+02
  4.7055175815141615E+02
  4.7008042290172136E+02
  4.6959700962940707E+02
  4.6910110753232300E+02
  4.6859228875900533E+02
  4.6807010759113660E+02
  4.6753409958274449E+02
  4.6698378065374493E+02
  4.6641864613530174E+02
  4.6583816976434832E+02
  4.6524180262448436E+02
  4.6462897203031082E+02
  4.6399908035212457E+02
  4.6335150377776563E+02
  4.6268559100822750E+02
  4.6200066188351320E+02
  4.6129600593507342E+02
  4.6057088086099520E+02
  4.5982451091997871E+02
  4.5905608523998694E+02
  4.5826475603734252E+02
  4.5744963674190234E+02
  4.5660980002384275E+02
  4.5574427571752278E+02
  4.5485204863780257E+02
  4.5393205628419111E+02
  4.5298318642821528E+02
  4.5200427457943670E+02
  4.5099410132570637E+02
  4.4995138954342031E+02
  4.4887480147381922E+02
  4.4776293566179578E+02
  4.4661432375415620E+02
  4.8982560987825076E+02
  4.8974477944916936E+02
  4.8966284026828714E+02
  4.8957977129922841E+02
  4.8949555100030506E+02
  4.8941015730989739E+02
  4.8932356763134288E+02
  4.8923575881730585E+02
  4.8914670715362627E+02
  4.8905638834260293E+02
  4.8896477748571613E+02
  4.8887184906574322E+02
  4.8877757692826134E+02
  4.8868193426249843E+02
  4.8858489358152633E+02
  4.8848642670174212E+02
  4.8838650472163772E+02
  4.8828509799981236E+02
  4.8818217613219394E+02
  4.8807770792845884E+02
  4.8797166138759030E+02
  4.8786400367255948E+02
  4.8775470108408564E+02
  4.8764371903343766E+02
  4.8753102201424048E+02
  4.8741657357323953E+02
  4.8730033627998483E+02
  4.8718227169538443E+02
  4.8706234033908783E+02
  4.8694050165563857E+02
  4.8681671397935150E+02
  4.8669093449785595E+02
  4.8656311921425231E+02
  4.8643322290781953E+02
  4.8630119909320166E+02
  4.8616699997802851E+02
  4.8603057641887796E+02
  4.8589187787552669E+02
  4.8575085236339322E+02
  4.8560744640412031E+02
  4.8546160497418288E+02
  4.8531327145145718E+02
  4.8516238755964656E+02
  4.8500889331047114E+02
  4.8485272694351909E+02
  4.8469382486365106E+02
  4.8453212157584943E+02
  4.8436754961738927E+02
  4.8420003948721148E+02
  4.8402951957236507E+02
  4.8385591607138247E+02
  4.8367915291444120E+02
  4.8349915168017031E+02
  4.8331583150892186E+02
  4.8312910901236762E+02
  4.8293889817921217E+02
  4.8274511027686850E+02
  4.8254765374887211E+02
  4.8234643410785003E+02
  4.8214135382381045E+02
  4.8193231220753432E+02
  4.8171920528882049E+02
  4.8150192568934409E+02
  4.8128036248983420E+02
  4.8105440109132047E+02
  4.8082392307011912E+02
  4.8058880602627164E+02
  4.8034892342508022E+02
  4.8010414443141372E+02
  4.7985433373638693E+02
  4.7959935137605470E+02
  4.7933905254168201E+02
  4.7907328738117116E+02
  4.7880190079117807E+02
  4.7852473219944744E+02
  4.7824161533682923E+02
  4.7795237799846137E+02
  4.7765684179353696E+02
  4.7735482188303718E+02
  4.7704612670482032E+02
  4.7673055768536631E+02
  4.7640790893747487E+02
  4.7607796694316278E+02
  4.7574051022095574E+02
  4.7539530897673626E+02
  4.7504212473725818E+02
  4.7468070996538012E+02
  4.7431080765601132E+02
  4.7393215091173903E+02
  4.7354446249699731E+02
  4.7314745436960732E+02
  4.7274082718844278E+02
  4.7232426979590394E+02
  4.7189745867379276E+02
  4.7146005737113450E+02
  4.7101171590236589E+02
  4.7055207011426495E+02
  4.7008074101987467E+02
  4.6959733409757382E+02
  4.6910143855337861E+02
  4.6859262654441005E+02
  4.6807045236137941E+02
  4.6753445156781709E+02
  4.6698414009363802E+02
  4.6641901328053808E+02
  4.6583854487654600E+02
  4.6524218597695244E+02
  4.6462936390868765E+02
  4.6399948105505490E+02
  4.6335191361761918E+02
  4.6268601031186182E+02
  4.6200109099308952E+02
  4.6129644520892583E+02
  4.6057133067455271E+02
  4.5982497166674949E+02
  4.5905655733261165E+02
  4.5826523990871317E+02
  4.5745013284635763E+02
  4.5661030883844677E+02
  4.5574479774342683E+02
  4.5485258440170043E+02
  4.5393260633988342E+02
  4.5298375135826797E+02
  4.5200485499696589E+02
  4.5099469787628647E+02
  4.4995200290712307E+02
  4.4887543236740237E+02
  4.4776358484104190E+02
  4.4661499201638384E+02
  4.8982570172186479E+02
  4.8974487208270779E+02
  4.8966293370375683E+02
  4.8957986554888925E+02
  4.8949564607667844E+02
  4.8941025322577406E+02
  4.8932366439978682E+02
  4.8923585645166702E+02
  4.8914680566754328E+02
  4.8905648775001572E+02
  4.8896487780087057E+02
  4.8887195030320231E+02
  4.8877767910290953E+02
  4.8868203738955935E+02
  4.8858499767656343E+02
  4.8848653178067286E+02
  4.8838661080074428E+02
  4.8828520509574776E+02
  4.8818228426200051E+02
  4.8807781710957175E+02
  4.8797177163785398E+02
  4.8786411501023639E+02
  4.8775481352787261E+02
  4.8764383260247575E+02
  4.8753113672812930E+02
  4.8741668945205203E+02
  4.8730045334427842E+02
  4.8718238996622216E+02
  4.8706245983804718E+02
  4.8694062240483100E+02
  4.8681683600143919E+02
  4.8669105781606675E+02
  4.8656324385240117E+02
  4.8643334889032280E+02
  4.8630132644509996E+02
  4.8616712872500523E+02
  4.8603070658728166E+02
  4.8589200949238779E+02
  4.8575098545645460E+02
  4.8560758100185217E+02
  4.8546174110581347E+02
  4.8531340914699484E+02
  4.8516252684990587E+02
  4.8500903422710087E+02
  4.8485286951903026E+02
  4.8469396913144840E+02
  4.8453226757025891E+02
  4.8436769737369366E+02
  4.8420018904168091E+02
  4.8402967096229094E+02
  4.8385606933511735E+02
  4.8367930809143496E+02
  4.8349930881100710E+02
  4.8331599063536567E+02
  4.8312927017739980E+02
  4.8293906142708130E+02
  4.8274527565313315E+02
  4.8254782130045152E+02
  4.8234660388307401E+02
  4.8214152587247264E+02
  4.8193248658094649E+02
  4.8171938203987457E+02
  4.8150210487256760E+02
  4.8128054416145693E+02
  4.8105458530933868E+02
  4.8082410989436647E+02
  4.8058899551849163E+02
  4.8034911564900153E+02
  4.8010433945282853E+02
  4.7985453162323779E+02
  4.7959955219851946E+02
  4.7933925637226520E+02
  4.7907349429479996E+02
  4.7880211086530647E+02
  4.7852494551415685E+02
  4.7824183197494193E+02
  4.7795259804565887E+02
  4.7765706533847839E+02
  4.7735504901749022E+02
  4.7704635752379698E+02
  4.7673079228726408E+02
  4.7640814742422663E+02
  4.7607820942039234E+02
  4.7574075679814530E+02
  4.7539555976740070E+02
  4.7504237985912903E+02
  4.7468096954059615E+02
  4.7431107181132671E+02
  4.7393241977873538E+02
  4.7354473621231142E+02
  4.7314773307517004E+02
  4.7274111103173374E+02
  4.7232455893021637E+02
  4.7189775325851718E+02
  4.7146035757205505E+02
  4.7101202189197670E+02
  4.7055238207210408E+02
  4.7008105913287557E+02
  4.6959765856044004E+02
  4.6910176956898016E+02
  4.6859296432419984E+02
  4.6807079712584141E+02
  4.6753480354693369E+02
  4.6698449952739395E+02
  4.6641938041944690E+02
  4.6583891998221475E+02
  4.6524256932268452E+02
  4.6462975578011162E+02
  4.6399988175080512E+02
  4.6335232345005358E+02
  4.6268642960782597E+02
  4.6200152009473408E+02
  4.6129688447457022E+02
  4.6057178047961236E+02
  4.5982543240471955E+02
  4.5905702941611639E+02
  4.5826572377062854E+02
  4.5745062894100482E+02
  4.5661081764286882E+02
  4.5574531975875550E+02
  4.5485312015461068E+02
  4.5393315638414992E+02
  4.5298431627643345E+02
  4.5200543540212107E+02
  4.5099529441397709E+02
  4.4995261625739045E+02
  4.4887606324697055E+02
  4.4776423400565983E+02
  4.4661566026333264E+02
  4.8982579356453482E+02
  4.8974496471529278E+02
  4.8966302713826167E+02
  4.8957995979757442E+02
  4.8949574115206468E+02
  4.8941034914065096E+02
  4.8932376116722151E+02
  4.8923595408500631E+02
  4.8914690418042682E+02
  4.8905658715638288E+02
  4.8896497811496630E+02
  4.8887205153958865E+02
  4.8877778127647457E+02
  4.8868214051552263E+02
  4.8858510177048868E+02
  4.8848663685847873E+02
  4.8838671687870999E+02
  4.8828531219053036E+02
  4.8818239239063837E+02
  4.8807792628950040E+02
  4.8797188188691712E+02
  4.8786422634669805E+02
  4.8775492597042842E+02
  4.8764394617026676E+02
  4.8753125144075409E+02
  4.8741680532958247E+02
  4.8730057040727462E+02
  4.8718250823574306E+02
  4.8706257933567156E+02
  4.8694074315267051E+02
  4.8681695802215381E+02
  4.8669118113288550E+02
  4.8656336848913685E+02
  4.8643347487139351E+02
  4.8630145379554506E+02
  4.8616725747050759E+02
  4.8603083675418776E+02
  4.8589214110773094E+02
  4.8575111854797370E+02
  4.8560771559802009E+02
  4.8546187723585552E+02
  4.8531354684091809E+02
  4.8516266613852514E+02
  4.8500917514206498E+02
  4.8485301209285120E+02
  4.8469411339752759E+02
  4.8453241356292290E+02
  4.8436784512822294E+02
  4.8420033859434426E+02
  4.8402982235038280E+02
  4.8385622259698783E+02
  4.8367946326653185E+02
  4.8349946593991467E+02
  4.8331614975984633E+02
  4.8312943134043587E+02
  4.8293922467291884E+02
  4.8274544102732955E+02
  4.8254798884992528E+02
  4.8234677365615369E+02
  4.8214169791895142E+02
  4.8193266095213562E+02
  4.8171955878866356E+02
  4.8150228405348321E+02
  4.8128072583072702E+02
  4.8105476952495883E+02
  4.8082429671616995E+02
  4.8058918500821903E+02
  4.8034930787037939E+02
  4.8010453447164980E+02
  4.7985472950744276E+02
  4.7959975301828371E+02
  4.7933946020009188E+02
  4.7907370120561609E+02
  4.7880232093656139E+02
  4.7852515882592979E+02
  4.7824204861005518E+02
  4.7795281808979058E+02
  4.7765728888028582E+02
  4.7735527614873951E+02
  4.7704658833949759E+02
  4.7673102688581014E+02
  4.7640838590754765E+02
  4.7607845189411108E+02
  4.7574100337174116E+02
  4.7539581055438521E+02
  4.7504263497723036E+02
  4.7468122911195053E+02
  4.7431133596268364E+02
  4.7393268864167311E+02
  4.7354500992346311E+02
  4.7314801177646297E+02
  4.7274139487064315E+02
  4.7232484806003157E+02
  4.7189804783862326E+02
  4.7146065776823116E+02
  4.7101232787671216E+02
  4.7055269402493190E+02
  4.7008137724072441E+02
  4.6959798301800726E+02
  4.6910210057912832E+02
  4.6859330209837623E+02
  4.6807114188452277E+02
  4.6753515552009560E+02
  4.6698485895501187E+02
  4.6641974755202665E+02
  4.6583929508135788E+02
  4.6524295266168110E+02
  4.6463014764458308E+02
  4.6400028243937481E+02
  4.6335273327506798E+02
  4.6268684889612081E+02
  4.6200194918844619E+02
  4.6129732373200773E+02
  4.6057223027617624E+02
  4.5982589313388922E+02
  4.5905750149050181E+02
  4.5826620762308806E+02
  4.5745112502584192E+02
  4.5661132643710971E+02
  4.5574584176351055E+02
  4.5485365589653333E+02
  4.5393370641699232E+02
  4.5298488118271297E+02
  4.5200601579490188E+02
  4.5099589093877734E+02
  4.4995322959422174E+02
  4.4887669411252472E+02
  4.4776488315564893E+02
  4.4661632849500239E+02
  4.8982588540626136E+02
  4.8974505734692394E+02
  4.8966312057180164E+02
  4.8958005404528365E+02
  4.8949583622646406E+02
  4.8941044505453061E+02
  4.8932385793364529E+02
  4.8923605171732345E+02
  4.8914700269227689E+02
  4.8905668656170286E+02
  4.8896507842800378E+02
  4.8887215277490401E+02
  4.8877788344895424E+02
  4.8868224364038662E+02
  4.8858520586330235E+02
  4.8848674193515774E+02
  4.8838682295553713E+02
  4.8828541928415802E+02
  4.8818250051810645E+02
  4.8807803546824607E+02
  4.8797199213478194E+02
  4.8786433768194536E+02
  4.8775503841175299E+02
  4.8764405973680937E+02
  4.8753136615211463E+02
  4.8741692120583218E+02
  4.8730068746897115E+02
  4.8718262650394786E+02
  4.8706269883196165E+02
  4.8694086389915611E+02
  4.8681708004149579E+02
  4.8669130444831194E+02
  4.8656349312446076E+02
  4.8643360085103143E+02
  4.8630158114453667E+02
  4.8616738621453550E+02
  4.8603096691959797E+02
  4.8589227272155466E+02
  4.8575125163795161E+02
  4.8560785019262170E+02
  4.8546201336430784E+02
  4.8531368453322835E+02
  4.8516280542550624E+02
  4.8500931605536482E+02
  4.8485315466497963E+02
  4.8469425766188783E+02
  4.8453255955384094E+02
  4.8436799288097797E+02
  4.8420048814520453E+02
  4.8402997373663982E+02
  4.8385637585699243E+02
  4.8367961843973154E+02
  4.8349962306689361E+02
  4.8331630888236435E+02
  4.8312959250147429E+02
  4.8293938791672377E+02
  4.8274560639945781E+02
  4.8254815639729361E+02
  4.8234694342708997E+02
  4.8214186996324668E+02
  4.8193283532110092E+02
  4.8171973553518740E+02
  4.8150246323208989E+02
  4.8128090749764493E+02
  4.8105495373818178E+02
  4.8082448353552826E+02
  4.8058937449545317E+02
  4.8034950008921658E+02
  4.8010472948787879E+02
  4.7985492738900172E+02
  4.7959995383534732E+02
  4.7933966402516177E+02
  4.7907390811361637E+02
  4.7880253100494082E+02
  4.7852537213476779E+02
  4.7824226524216925E+02
  4.7795303813085701E+02
  4.7765751241895987E+02
  4.7735550327678504E+02
  4.7704681915192157E+02
  4.7673126148100454E+02
  4.7640862438744000E+02
  4.7607869436432020E+02
  4.7574124994174326E+02
  4.7539606133769075E+02
  4.7504289009156162E+02
  4.7468148867944183E+02
  4.7431160011008160E+02
  4.7393295750055216E+02
  4.7354528363045216E+02
  4.7314829047348667E+02
  4.7274167870517067E+02
  4.7232513718534886E+02
  4.7189834241411086E+02
  4.7146095795966255E+02
  4.7101263385657307E+02
  4.7055300597274965E+02
  4.7008169534342079E+02
  4.6959830747027439E+02
  4.6910243158382275E+02
  4.6859363986693990E+02
  4.6807148663742277E+02
  4.6753550748730180E+02
  4.6698521837649258E+02
  4.6642011467827962E+02
  4.6583967017397453E+02
  4.6524333599394356E+02
  4.6463053950210173E+02
  4.6400068312076422E+02
  4.6335314309266357E+02
  4.6268726817674639E+02
  4.6200237827422649E+02
  4.6129776298123795E+02
  4.6057268006424306E+02
  4.5982635385425931E+02
  4.5905797355576846E+02
  4.5826669146609220E+02
  4.5745162110087023E+02
  4.5661183522116977E+02
  4.5574636375769234E+02
  4.5485419162746786E+02
  4.5393425643841005E+02
  4.5298544607710659E+02
  4.5200659617530960E+02
  4.5099648745068794E+02
  4.4995384291761769E+02
  4.4887732496406414E+02
  4.4776553229101313E+02
  4.4661699671139530E+02
  4.8982597724704499E+02
  4.8974514997760110E+02
  4.8966321400437783E+02
  4.8958014829201790E+02
  4.8949593129987738E+02
  4.8941054096741107E+02
  4.8932395469905919E+02
  4.8923614934861877E+02
  4.8914710120309257E+02
  4.8905678596597693E+02
  4.8896517873998141E+02
  4.8887225400914724E+02
  4.8877798562034900E+02
  4.8868234676415324E+02
  4.8858530995500394E+02
  4.8848684701071170E+02
  4.8838692903122330E+02
  4.8828552637663182E+02
  4.8818260864440612E+02
  4.8807814464580667E+02
  4.8797210238144663E+02
  4.8786444901597719E+02
  4.8775515085184662E+02
  4.8764417330210432E+02
  4.8753148086221069E+02
  4.8741703708079996E+02
  4.8730080452936971E+02
  4.8718274477083588E+02
  4.8706281832691616E+02
  4.8694098464428777E+02
  4.8681720205946493E+02
  4.8669142776234708E+02
  4.8656361775837297E+02
  4.8643372682923666E+02
  4.8630170849207491E+02
  4.8616751495708860E+02
  4.8603109708351116E+02
  4.8589240433386016E+02
  4.8575138472638724E+02
  4.8560798478565874E+02
  4.8546214949117166E+02
  4.8531382222392398E+02
  4.8516294471084814E+02
  4.8500945696699984E+02
  4.8485329723541696E+02
  4.8469440192453021E+02
  4.8453270554301207E+02
  4.8436814063195749E+02
  4.8420063769426127E+02
  4.8403012512106307E+02
  4.8385652911513193E+02
  4.8367977361103465E+02
  4.8349978019194310E+02
  4.8331646800292009E+02
  4.8312975366051586E+02
  4.8293955115849622E+02
  4.8274577176951743E+02
  4.8254832394255612E+02
  4.8234711319588223E+02
  4.8214204200535897E+02
  4.8193300968784331E+02
  4.8171991227944545E+02
  4.8150264240838953E+02
  4.8128108916221038E+02
  4.8105513794900702E+02
  4.8082467035244247E+02
  4.8058956398019529E+02
  4.8034969230551036E+02
  4.8010492450151366E+02
  4.7985512526791484E+02
  4.7960015464971116E+02
  4.7933986784747549E+02
  4.7907411501880301E+02
  4.7880274107044681E+02
  4.7852558544066954E+02
  4.7824248187128421E+02
  4.7795325816885804E+02
  4.7765773595450128E+02
  4.7735573040162706E+02
  4.7704704996106938E+02
  4.7673149607284756E+02
  4.7640886286390293E+02
  4.7607893683101895E+02
  4.7574149650815212E+02
  4.7539631211731506E+02
  4.7504314520212432E+02
  4.7468174824307079E+02
  4.7431186425352087E+02
  4.7393322635537271E+02
  4.7354555733327948E+02
  4.7314856916623972E+02
  4.7274196253531699E+02
  4.7232542630616825E+02
  4.7189863698497948E+02
  4.7146125814635093E+02
  4.7101293983155989E+02
  4.7055331791555699E+02
  4.7008201344096449E+02
  4.6959863191724259E+02
  4.6910276258306436E+02
  4.6859397762988931E+02
  4.6807183138454337E+02
  4.6753585944855325E+02
  4.6698557779183568E+02
  4.6642048179820517E+02
  4.6584004526006396E+02
  4.6524371931947223E+02
  4.6463093135266894E+02
  4.6400108379497357E+02
  4.6335355290284048E+02
  4.6268768744970254E+02
  4.6200280735207616E+02
  4.6129820222226169E+02
  4.6057312984381474E+02
  4.5982681456582952E+02
  4.5905844561191520E+02
  4.5826717529964213E+02
  4.5745211716609123E+02
  4.5661234399504957E+02
  4.5574688574130084E+02
  4.5485472734741620E+02
  4.5393480644840429E+02
  4.5298601095961521E+02
  4.5200717654334454E+02
  4.5099708394971026E+02
  4.4995445622757899E+02
  4.4887795580159144E+02
  4.4776618141174924E+02
  4.4661766491251171E+02
  4.8982606908688564E+02
  4.8974524260732431E+02
  4.8966330743598894E+02
  4.8958024253777535E+02
  4.8949602637230237E+02
  4.8941063687929335E+02
  4.8932405146346332E+02
  4.8923624697889244E+02
  4.8914719971287388E+02
  4.8905688536920451E+02
  4.8896527905090124E+02
  4.8887235524231858E+02
  4.8877808779065873E+02
  4.8868244988682136E+02
  4.8858541404559412E+02
  4.8848695208514022E+02
  4.8838703510577062E+02
  4.8828563346795062E+02
  4.8818271676953697E+02
  4.8807825382218306E+02
  4.8797221262691181E+02
  4.8786456034879353E+02
  4.8775526329070880E+02
  4.8764428686615258E+02
  4.8753159557104300E+02
  4.8741715295448648E+02
  4.8730092158846867E+02
  4.8718286303640684E+02
  4.8706293782053666E+02
  4.8694110538806694E+02
  4.8681732407606211E+02
  4.8669155107498892E+02
  4.8656374239087381E+02
  4.8643385280601007E+02
  4.8630183583816006E+02
  4.8616764369816707E+02
  4.8603122724592890E+02
  4.8589253594464628E+02
  4.8575151781328174E+02
  4.8560811937713083E+02
  4.8546228561644568E+02
  4.8531395991300667E+02
  4.8516308399455090E+02
  4.8500959787696894E+02
  4.8485343980416303E+02
  4.8469454618545348E+02
  4.8453285153043709E+02
  4.8436828838116259E+02
  4.8420078724151284E+02
  4.8403027650365209E+02
  4.8385668237140720E+02
  4.8367992878044157E+02
  4.8349993731506271E+02
  4.8331662712151285E+02
  4.8312991481756097E+02
  4.8293971439823667E+02
  4.8274593713750920E+02
  4.8254849148571367E+02
  4.8234728296253138E+02
  4.8214221404528854E+02
  4.8193318405236164E+02
  4.8172008902143926E+02
  4.8150282158238122E+02
  4.8128127082442455E+02
  4.8105532215743460E+02
  4.8082485716691315E+02
  4.8058975346244569E+02
  4.8034988451926290E+02
  4.8010511951255563E+02
  4.7985532314418214E+02
  4.7960035546137442E+02
  4.7934007166703270E+02
  4.7907432192117483E+02
  4.7880295113307943E+02
  4.7852579874363596E+02
  4.7824269849739915E+02
  4.7795347820379453E+02
  4.7765795948690817E+02
  4.7735595752326611E+02
  4.7704728076694056E+02
  4.7673173066133972E+02
  4.7640910133693586E+02
  4.7607917929420796E+02
  4.7574174307096791E+02
  4.7539656289326069E+02
  4.7504340030891638E+02
  4.7468200780283854E+02
  4.7431212839300201E+02
  4.7393349520613594E+02
  4.7354583103194466E+02
  4.7314884785472367E+02
  4.7274224636108272E+02
  4.7232571542248979E+02
  4.7189893155122962E+02
  4.7146155832829595E+02
  4.7101324580167261E+02
  4.7055362985335302E+02
  4.7008233153335783E+02
  4.6959895635891041E+02
  4.6910309357685361E+02
  4.6859431538722635E+02
  4.6807217612588289E+02
  4.6753621140385025E+02
  4.6698593720104287E+02
  4.6642084891180338E+02
  4.6584042033962731E+02
  4.6524410263826536E+02
  4.6463132319628340E+02
  4.6400148446200274E+02
  4.6335396270559818E+02
  4.6268810671499045E+02
  4.6200323642199351E+02
  4.6129864145507884E+02
  4.6057357961489055E+02
  4.5982727526860083E+02
  4.5905891765894370E+02
  4.5826765912373759E+02
  4.5745261322150401E+02
  4.5661285275874792E+02
  4.5574740771433670E+02
  4.5485526305637751E+02
  4.5393535644697454E+02
  4.5298657583023879E+02
  4.5200775689900723E+02
  4.5099768043584442E+02
  4.4995506952410511E+02
  4.4887858662510581E+02
  4.4776683051786028E+02
  4.4661833309835049E+02
  4.8982616092578365E+02
  4.8974533523609301E+02
  4.8966340086663479E+02
  4.8958033678255742E+02
  4.8949612144374174E+02
  4.8941073279017843E+02
  4.8932414822685655E+02
  4.8923634460814344E+02
  4.8914729822162201E+02
  4.8905698477138662E+02
  4.8896537936076078E+02
  4.8887245647441921E+02
  4.8877818995988463E+02
  4.8868255300839206E+02
  4.8858551813507256E+02
  4.8848705715844324E+02
  4.8838714117917709E+02
  4.8828574055811561E+02
  4.8818282489349804E+02
  4.8807836299737590E+02
  4.8797232287117777E+02
  4.8786467168039542E+02
  4.8775537572833974E+02
  4.8764440042895319E+02
  4.8753171027861094E+02
  4.8741726882689272E+02
  4.8730103864626915E+02
  4.8718298130066171E+02
  4.8706305731282106E+02
  4.8694122613049217E+02
  4.8681744609128765E+02
  4.8669167438623992E+02
  4.8656386702196204E+02
  4.8643397878135107E+02
  4.8630196318279167E+02
  4.8616777243777068E+02
  4.8603135740685002E+02
  4.8589266755391469E+02
  4.8575165089863424E+02
  4.8560825396703717E+02
  4.8546242174013071E+02
  4.8531409760047461E+02
  4.8516322327661442E+02
  4.8500973878527446E+02
  4.8485358237121721E+02
  4.8469469044465831E+02
  4.8453299751611536E+02
  4.8436843612859275E+02
  4.8420093678696065E+02
  4.8403042788440717E+02
  4.8385683562581698E+02
  4.8368008394795095E+02
  4.8350009443625368E+02
  4.8331678623814349E+02
  4.8313007597260923E+02
  4.8293987763594544E+02
  4.8274610250343210E+02
  4.8254865902676539E+02
  4.8234745272703628E+02
  4.8214238608303509E+02
  4.8193335841465682E+02
  4.8172026576116713E+02
  4.8150300075406432E+02
  4.8128145248428638E+02
  4.8105550636346567E+02
  4.8082504397893933E+02
  4.8058994294220355E+02
  4.8035007673047323E+02
  4.8010531452100514E+02
  4.7985552101780371E+02
  4.7960055627033717E+02
  4.7934027548383358E+02
  4.7907452882073324E+02
  4.7880316119283765E+02
  4.7852601204366664E+02
  4.7824291512051553E+02
  4.7795369823566534E+02
  4.7765818301618276E+02
  4.7735618464170125E+02
  4.7704751156953597E+02
  4.7673196524647904E+02
  4.7640933980654046E+02
  4.7607942175388712E+02
  4.7574198963019023E+02
  4.7539681366552571E+02
  4.7504365541194051E+02
  4.7468226735874379E+02
  4.7431239252852515E+02
  4.7393376405283959E+02
  4.7354610472644845E+02
  4.7314912653893833E+02
  4.7274253018246640E+02
  4.7232600453431508E+02
  4.7189922611286215E+02
  4.7146185850549659E+02
  4.7101355176691055E+02
  4.7055394178613989E+02
  4.7008264962059792E+02
  4.6959928079528015E+02
  4.6910342456518850E+02
  4.6859465313894901E+02
  4.6807252086144200E+02
  4.6753656335319243E+02
  4.6698629660411262E+02
  4.6642121601907400E+02
  4.6584079541266487E+02
  4.6524448595032482E+02
  4.6463171503294677E+02
  4.6400188512185252E+02
  4.6335437250093798E+02
  4.6268852597260940E+02
  4.6200366548398137E+02
  4.6129908067968842E+02
  4.6057402937747088E+02
  4.5982773596257272E+02
  4.5905938969685434E+02
  4.5826814293837828E+02
  4.5745310926710823E+02
  4.5661336151226698E+02
  4.5574792967680077E+02
  4.5485579875435235E+02
  4.5393590643412193E+02
  4.5298714068897823E+02
  4.5200833724229744E+02
  4.5099827690909109E+02
  4.4995568280719840E+02
  4.4887921743460885E+02
  4.4776747960934659E+02
  4.4661900126891430E+02
  4.8982625276373761E+02
  4.8974542786390907E+02
  4.8966349429631623E+02
  4.8958043102636395E+02
  4.8949621651419329E+02
  4.8941082870006375E+02
  4.8932424498924155E+02
  4.8923644223637353E+02
  4.8914739672933632E+02
  4.8905708417252197E+02
  4.8896547966956240E+02
  4.8887255770544738E+02
  4.8877829212802504E+02
  4.8868265612886461E+02
  4.8858562222343937E+02
  4.8848716223062115E+02
  4.8838724725144408E+02
  4.8828584764712707E+02
  4.8818293301629018E+02
  4.8807847217138442E+02
  4.8797243311424467E+02
  4.8786478301078148E+02
  4.8775548816474048E+02
  4.8764451399050665E+02
  4.8753182498491441E+02
  4.8741738469801658E+02
  4.8730115570277064E+02
  4.8718309956360019E+02
  4.8706317680377208E+02
  4.8694134687156406E+02
  4.8681756810513917E+02
  4.8669179769609832E+02
  4.8656399165163799E+02
  4.8643410475525997E+02
  4.8630209052597098E+02
  4.8616790117589994E+02
  4.8603148756627377E+02
  4.8589279916166367E+02
  4.8575178398244572E+02
  4.8560838855537901E+02
  4.8546255786222662E+02
  4.8531423528632939E+02
  4.8516336255703953E+02
  4.8500987969191442E+02
  4.8485372493658127E+02
  4.8469483470214522E+02
  4.8453314350004717E+02
  4.8436858387424832E+02
  4.8420108633060516E+02
  4.8403057926332758E+02
  4.8385698887836111E+02
  4.8368023911356391E+02
  4.8350025155551526E+02
  4.8331694535281122E+02
  4.8313023712566041E+02
  4.8294004087162239E+02
  4.8274626786728737E+02
  4.8254882656571209E+02
  4.8234762248939700E+02
  4.8214255811859789E+02
  4.8193353277472801E+02
  4.8172044249862995E+02
  4.8150317992343957E+02
  4.8128163414179647E+02
  4.8105569056709840E+02
  4.8082523078852108E+02
  4.8059013241946906E+02
  4.8035026893914198E+02
  4.8010550952686043E+02
  4.7985571888877939E+02
  4.7960075707660059E+02
  4.7934047929787874E+02
  4.7907473571747738E+02
  4.7880337124972220E+02
  4.7852622534076181E+02
  4.7824313174063224E+02
  4.7795391826447093E+02
  4.7765840654232500E+02
  4.7735641175693252E+02
  4.7704774236885470E+02
  4.7673219982826811E+02
  4.7640957827271563E+02
  4.7607966421005654E+02
  4.7574223618582056E+02
  4.7539706443411166E+02
  4.7504391051119427E+02
  4.7468252691078669E+02
  4.7431265666009017E+02
  4.7393403289548542E+02
  4.7354637841678999E+02
  4.7314940521888320E+02
  4.7274281399946915E+02
  4.7232629364164200E+02
  4.7189952066987706E+02
  4.7146215867795354E+02
  4.7101385772727463E+02
  4.7055425371391647E+02
  4.7008296770268760E+02
  4.6959960522635015E+02
  4.6910375554807257E+02
  4.6859499088505976E+02
  4.6807286559122144E+02
  4.6753691529657993E+02
  4.6698665600104522E+02
  4.6642158312001862E+02
  4.6584117047917709E+02
  4.6524486925565145E+02
  4.6463210686265882E+02
  4.6400228577452316E+02
  4.6335478228885989E+02
  4.6268894522256051E+02
  4.6200409453803752E+02
  4.6129951989609333E+02
  4.6057447913155693E+02
  4.5982819664774553E+02
  4.5905986172564639E+02
  4.5826862674356596E+02
  4.5745360530290640E+02
  4.5661387025560674E+02
  4.5574845162869201E+02
  4.5485633444134220E+02
  4.5393645640984738E+02
  4.5298770553583410E+02
  4.5200891757321654E+02
  4.5099887336944983E+02
  4.4995629607685896E+02
  4.4887984823010004E+02
  4.4776812868620738E+02
  4.4661966942420304E+02
  4.8982634460074837E+02
  4.8974552049077118E+02
  4.8966358772503361E+02
  4.8958052526919505E+02
  4.8949631158365878E+02
  4.8941092460895203E+02
  4.8932434175061525E+02
  4.8923653986358175E+02
  4.8914749523601580E+02
  4.8905718357261145E+02
  4.8896557997730508E+02
  4.8887265893540410E+02
  4.8877839429508140E+02
  4.8868275924823894E+02
  4.8858572631069399E+02
  4.8848726730167169E+02
  4.8838735332257272E+02
  4.8828595473498365E+02
  4.8818304113791447E+02
  4.8807858134420906E+02
  4.8797254335611223E+02
  4.8786489433995325E+02
  4.8775560059991000E+02
  4.8764462755081223E+02
  4.8753193968995413E+02
  4.8741750056786020E+02
  4.8730127275797429E+02
  4.8718321782522145E+02
  4.8706329629338740E+02
  4.8694146761128223E+02
  4.8681769011761889E+02
  4.8669192100456542E+02
  4.8656411627990269E+02
  4.8643423072773606E+02
  4.8630221786769658E+02
  4.8616802991255548E+02
  4.8603161772420265E+02
  4.8589293076789363E+02
  4.8575191706471463E+02
  4.8560852314215509E+02
  4.8546269398273358E+02
  4.8531437297057062E+02
  4.8516350183582506E+02
  4.8501002059688989E+02
  4.8485386750025401E+02
  4.8469497895791358E+02
  4.8453328948223361E+02
  4.8436873161812866E+02
  4.8420123587244450E+02
  4.8403073064041382E+02
  4.8385714212904105E+02
  4.8368039427728047E+02
  4.8350040867284838E+02
  4.8331710446551659E+02
  4.8313039827671486E+02
  4.8294020410526730E+02
  4.8274643322907440E+02
  4.8254899410255274E+02
  4.8234779224961528E+02
  4.8214273015197853E+02
  4.8193370713257633E+02
  4.8172061923382813E+02
  4.8150335909050744E+02
  4.8128181579695433E+02
  4.8105587476833392E+02
  4.8082541759565908E+02
  4.8059032189424209E+02
  4.8035046114526830E+02
  4.8010570453012411E+02
  4.7985591675710953E+02
  4.7960095788016378E+02
  4.7934068310916751E+02
  4.7907494261140812E+02
  4.7880358130373315E+02
  4.7852643863492159E+02
  4.7824334835774994E+02
  4.7795413829021152E+02
  4.7765863006533351E+02
  4.7735663886896111E+02
  4.7704797316489851E+02
  4.7673243440670558E+02
  4.7640981673546179E+02
  4.7607990666271667E+02
  4.7574248273785599E+02
  4.7539731519901886E+02
  4.7504416560667977E+02
  4.7468278645896834E+02
  4.7431292078769656E+02
  4.7393430173407393E+02
  4.7354665210296992E+02
  4.7314968389455987E+02
  4.7274309781209058E+02
  4.7232658274447238E+02
  4.7189981522227345E+02
  4.7146245884566775E+02
  4.7101416368276443E+02
  4.7055456563668287E+02
  4.7008328577962521E+02
  4.6959992965212206E+02
  4.6910408652550308E+02
  4.6859532862555790E+02
  4.6807321031522127E+02
  4.6753726723401383E+02
  4.6698701539184248E+02
  4.6642195021463567E+02
  4.6584154553916284E+02
  4.6524525255424385E+02
  4.6463249868541908E+02
  4.6400268642001356E+02
  4.6335519206936374E+02
  4.6268936446484287E+02
  4.6200452358416385E+02
  4.6129995910429238E+02
  4.6057492887714750E+02
  4.5982865732412080E+02
  4.5906033374532166E+02
  4.5826911053929973E+02
  4.5745410132889708E+02
  4.5661437898876710E+02
  4.5574897357001163E+02
  4.5485687011734603E+02
  4.5393700637415037E+02
  4.5298827037080667E+02
  4.5200949789176411E+02
  4.5099946981692216E+02
  4.4995690933308708E+02
  4.4888047901157955E+02
  4.4776877774844473E+02
  4.4662033756421664E+02
  4.8982643643681638E+02
  4.8974561311667958E+02
  4.8966368115278613E+02
  4.8958061951105094E+02
  4.8949640665213752E+02
  4.8941102051684106E+02
  4.8932443851097969E+02
  4.8923663748976799E+02
  4.8914759374166221E+02
  4.8905728297165422E+02
  4.8896568028398929E+02
  4.8887276016428893E+02
  4.8877849646105301E+02
  4.8868286236651522E+02
  4.8858583039683765E+02
  4.8848737237159895E+02
  4.8838745939256040E+02
  4.8828606182168608E+02
  4.8818314925836961E+02
  4.8807869051584976E+02
  4.8797265359678056E+02
  4.8786500566790977E+02
  4.8775571303384805E+02
  4.8764474110987044E+02
  4.8753205439372954E+02
  4.8741761643642218E+02
  4.8730138981187906E+02
  4.8718333608552706E+02
  4.8706341578166922E+02
  4.8694158834964753E+02
  4.8681781212872704E+02
  4.8669204431164030E+02
  4.8656424090675500E+02
  4.8643435669878050E+02
  4.8630234520796921E+02
  4.8616815864773542E+02
  4.8603174788063410E+02
  4.8589306237260587E+02
  4.8575205014544309E+02
  4.8560865772736668E+02
  4.8546283010165087E+02
  4.8531451065319862E+02
  4.8516364111297236E+02
  4.8501016150020115E+02
  4.8485401006223509E+02
  4.8469512321196328E+02
  4.8453343546267411E+02
  4.8436887936023470E+02
  4.8420138541248105E+02
  4.8403088201566646E+02
  4.8385729537785625E+02
  4.8368054943910028E+02
  4.8350056578825200E+02
  4.8331726357625985E+02
  4.8313055942577296E+02
  4.8294036733687932E+02
  4.8274659858879323E+02
  4.8254916163728933E+02
  4.8234796200768949E+02
  4.8214290218317581E+02
  4.8193388148820139E+02
  4.8172079596676150E+02
  4.8150353825526798E+02
  4.8128199744976052E+02
  4.8105605896717333E+02
  4.8082560440035309E+02
  4.8059051136652334E+02
  4.8035065334885383E+02
  4.8010589953079392E+02
  4.7985611462279428E+02
  4.7960115868102656E+02
  4.7934088691770035E+02
  4.7907514950252363E+02
  4.7880379135486970E+02
  4.7852665192614614E+02
  4.7824356497186841E+02
  4.7795435831288808E+02
  4.7765885358520961E+02
  4.7735686597778721E+02
  4.7704820395766575E+02
  4.7673266898179236E+02
  4.7641005519477892E+02
  4.7608014911186717E+02
  4.7574272928629955E+02
  4.7539756596024546E+02
  4.7504442069839644E+02
  4.7468304600328747E+02
  4.7431318491134539E+02
  4.7393457056860382E+02
  4.7354692578498839E+02
  4.7314996256596606E+02
  4.7274338162033109E+02
  4.7232687184280564E+02
  4.7190010977005210E+02
  4.7146275900863833E+02
  4.7101446963338105E+02
  4.7055487755443988E+02
  4.7008360385141168E+02
  4.6960025407259474E+02
  4.6910441749748173E+02
  4.6859566636044332E+02
  4.6807355503344127E+02
  4.6753761916549337E+02
  4.6698737477650275E+02
  4.6642231730292690E+02
  4.6584192059262432E+02
  4.6524563584610286E+02
  4.6463289050122847E+02
  4.6400308705832600E+02
  4.6335560184245026E+02
  4.6268978369945745E+02
  4.6200495262235955E+02
  4.6130039830428626E+02
  4.6057537861424345E+02
  4.5982911799169750E+02
  4.5906080575587833E+02
  4.5826959432557982E+02
  4.5745459734508165E+02
  4.5661488771174862E+02
  4.5574949550076036E+02
  4.5485740578236494E+02
  4.5393755632703198E+02
  4.5298883519389585E+02
  4.5201007819794171E+02
  4.5100006625150905E+02
  4.4995752257588197E+02
  4.4888110977905046E+02
  4.4776942679605969E+02
  4.4662100568895789E+02
  4.8982652827194119E+02
  4.8974570574163340E+02
  4.8966377457957321E+02
  4.8958071375193055E+02
  4.8949650171962895E+02
  4.8941111642373238E+02
  4.8932453527033442E+02
  4.8923673511493223E+02
  4.8914769224627440E+02
  4.8905738236965072E+02
  4.8896578058961501E+02
  4.8887286139210340E+02
  4.8877859862593908E+02
  4.8868296548369307E+02
  4.8858593448186946E+02
  4.8848747744039980E+02
  4.8838756546140849E+02
  4.8828616890723470E+02
  4.8818325737765565E+02
  4.8807879968630715E+02
  4.8797276383624944E+02
  4.8786511699465160E+02
  4.8775582546655528E+02
  4.8764485466768156E+02
  4.8753216909624092E+02
  4.8741773230370217E+02
  4.8730150686448530E+02
  4.8718345434451606E+02
  4.8706353526861477E+02
  4.8694170908665950E+02
  4.8681793413846106E+02
  4.8669216761732349E+02
  4.8656436553219629E+02
  4.8643448266839255E+02
  4.8630247254678886E+02
  4.8616828738144255E+02
  4.8603187803556978E+02
  4.8589319397579891E+02
  4.8575218322462950E+02
  4.8560879231101336E+02
  4.8546296621897989E+02
  4.8531464833421154E+02
  4.8516378038848080E+02
  4.8501030240184684E+02
  4.8485415262252570E+02
  4.8469526746429483E+02
  4.8453358144136729E+02
  4.8436902710056557E+02
  4.8420153495071224E+02
  4.8403103338908534E+02
  4.8385744862480601E+02
  4.8368070459902407E+02
  4.8350072290172670E+02
  4.8331742268503984E+02
  4.8313072057283426E+02
  4.8294053056646032E+02
  4.8274676394644371E+02
  4.8254932916991970E+02
  4.8234813176361979E+02
  4.8214307421219013E+02
  4.8193405584160314E+02
  4.8172097269742932E+02
  4.8150371741771994E+02
  4.8128217910021471E+02
  4.8105624316361468E+02
  4.8082579120260357E+02
  4.8059070083631235E+02
  4.8035084554989726E+02
  4.8010609452887155E+02
  4.7985631248583292E+02
  4.7960135947918928E+02
  4.7934109072347667E+02
  4.7907535639082585E+02
  4.7880400140313321E+02
  4.7852686521443536E+02
  4.7824378158298776E+02
  4.7795457833249975E+02
  4.7765907710195222E+02
  4.7735709308340898E+02
  4.7704843474715756E+02
  4.7673290355352765E+02
  4.7641029365066760E+02
  4.7608039155750794E+02
  4.7574297583115049E+02
  4.7539781671779372E+02
  4.7504467578634433E+02
  4.7468330554374626E+02
  4.7431344903103582E+02
  4.7393483939907640E+02
  4.7354719946284564E+02
  4.7315024123310405E+02
  4.7274366542419131E+02
  4.7232716093664175E+02
  4.7190040431321398E+02
  4.7146305916686629E+02
  4.7101477557912426E+02
  4.7055518946718774E+02
  4.7008392191804808E+02
  4.6960057848776944E+02
  4.6910474846400786E+02
  4.6859600408971630E+02
  4.6807389974588193E+02
  4.6753797109101873E+02
  4.6698773415502751E+02
  4.6642268438489128E+02
  4.6584229563955961E+02
  4.6524601913122831E+02
  4.6463328231008683E+02
  4.6400348768945980E+02
  4.6335601160811910E+02
  4.6269020292640477E+02
  4.6200538165262554E+02
  4.6130083749607451E+02
  4.6057582834284551E+02
  4.5982957865047604E+02
  4.5906127775731926E+02
  4.5827007810240815E+02
  4.5745509335145914E+02
  4.5661539642455136E+02
  4.5575001742093900E+02
  4.5485794143639941E+02
  4.5393810626849199E+02
  4.5298940000510254E+02
  4.5201065849174898E+02
  4.5100066267320938E+02
  4.4995813580524685E+02
  4.4888174053251066E+02
  4.4777007582905134E+02
  4.4662167379842532E+02
  4.8982662010612273E+02
  4.8974579836563447E+02
  4.8966386800539721E+02
  4.8958080799183477E+02
  4.8949659678613375E+02
  4.8941121232962610E+02
  4.8932463202867893E+02
  4.8923683273907551E+02
  4.8914779074985290E+02
  4.8905748176660120E+02
  4.8896588089418123E+02
  4.8887296261884484E+02
  4.8877870078974115E+02
  4.8868306859977361E+02
  4.8858603856578952E+02
  4.8848758250807435E+02
  4.8838767152911754E+02
  4.8828627599162911E+02
  4.8818336549577299E+02
  4.8807890885558027E+02
  4.8797287407451955E+02
  4.8786522832017812E+02
  4.8775593789803145E+02
  4.8764496822424525E+02
  4.8753228379748748E+02
  4.8741784816970204E+02
  4.8730162391579239E+02
  4.8718357260218767E+02
  4.8706365475422677E+02
  4.8694182982231712E+02
  4.8681805614682395E+02
  4.8669229092161413E+02
  4.8656449015622530E+02
  4.8643460863657259E+02
  4.8630259988415480E+02
  4.8616841611367443E+02
  4.8603200818900916E+02
  4.8589332557747298E+02
  4.8575231630227466E+02
  4.8560892689309480E+02
  4.8546310233471985E+02
  4.8531478601361255E+02
  4.8516391966235045E+02
  4.8501044330182935E+02
  4.8485429518112358E+02
  4.8469541171490835E+02
  4.8453372741831492E+02
  4.8436917483912259E+02
  4.8420168448713991E+02
  4.8403118476066930E+02
  4.8385760186989199E+02
  4.8368085975705156E+02
  4.8350088001327236E+02
  4.8331758179185834E+02
  4.8313088171789877E+02
  4.8294069379400963E+02
  4.8274692930202673E+02
  4.8254949670044419E+02
  4.8234830151740664E+02
  4.8214324623902201E+02
  4.8193423019278157E+02
  4.8172114942583323E+02
  4.8150389657786451E+02
  4.8128236074831699E+02
  4.8105642735765912E+02
  4.8082597800240927E+02
  4.8059089030360974E+02
  4.8035103774839837E+02
  4.8010628952435627E+02
  4.7985651034622606E+02
  4.7960156027465297E+02
  4.7934129452649728E+02
  4.7907556327631443E+02
  4.7880421144852357E+02
  4.7852707849978958E+02
  4.7824399819110920E+02
  4.7795479834904609E+02
  4.7765930061556230E+02
  4.7735732018582820E+02
  4.7704866553337274E+02
  4.7673313812191259E+02
  4.7641053210312657E+02
  4.7608063399963936E+02
  4.7574322237240779E+02
  4.7539806747166261E+02
  4.7504493087052384E+02
  4.7468356508034265E+02
  4.7431371314676863E+02
  4.7393510822549149E+02
  4.7354747313654173E+02
  4.7315051989597316E+02
  4.7274394922367003E+02
  4.7232745002598153E+02
  4.7190069885175774E+02
  4.7146335932035049E+02
  4.7101508151999337E+02
  4.7055550137492543E+02
  4.7008423997953230E+02
  4.6960090289764531E+02
  4.6910507942508207E+02
  4.6859634181337748E+02
  4.6807424445254338E+02
  4.6753832301059009E+02
  4.6698809352741659E+02
  4.6642305146053036E+02
  4.6584267067997035E+02
  4.6524640240962111E+02
  4.6463367411199494E+02
  4.6400388831341513E+02
  4.6335642136637074E+02
  4.6269062214568510E+02
  4.6200581067496194E+02
  4.6130127667965837E+02
  4.6057627806295454E+02
  4.5983003930045743E+02
  4.5906174974964279E+02
  4.5827056186978365E+02
  4.5745558934803108E+02
  4.5661590512717663E+02
  4.5575053933054676E+02
  4.5485847707945044E+02
  4.5393865619853011E+02
  4.5298996480442679E+02
  4.5201123877318736E+02
  4.5100125908202460E+02
  4.4995874902117924E+02
  4.4888237127196192E+02
  4.4777072484742064E+02
  4.4662234189262063E+02
  4.8982671193936102E+02
  4.8974589098868074E+02
  4.8966396143025622E+02
  4.8958090223076420E+02
  4.8949669185165129E+02
  4.8941130823452056E+02
  4.8932472878601425E+02
  4.8923693036219680E+02
  4.8914788925239748E+02
  4.8905758116250593E+02
  4.8896598119768942E+02
  4.8887306384451540E+02
  4.8877880295245836E+02
  4.8868317171475587E+02
  4.8858614264859858E+02
  4.8848768757462420E+02
  4.8838777759568683E+02
  4.8828638307487017E+02
  4.8818347361272151E+02
  4.8807901802366951E+02
  4.8797298431158941E+02
  4.8786533964449040E+02
  4.8775605032827701E+02
  4.8764508177956162E+02
  4.8753239849747109E+02
  4.8741796403442066E+02
  4.8730174096580151E+02
  4.8718369085854403E+02
  4.8706377423850353E+02
  4.8694195055662243E+02
  4.8681817815381459E+02
  4.8669241422451341E+02
  4.8656461477884199E+02
  4.8643473460332001E+02
  4.8630272722006896E+02
  4.8616854484443144E+02
  4.8603213834095209E+02
  4.8589345717762973E+02
  4.8575244937837783E+02
  4.8560906147361180E+02
  4.8546323844887087E+02
  4.8531492369139858E+02
  4.8516405893458102E+02
  4.8501058420014641E+02
  4.8485443773803155E+02
  4.8469555596380388E+02
  4.8453387339351718E+02
  4.8436932257590411E+02
  4.8420183402176411E+02
  4.8403133613041979E+02
  4.8385775511311186E+02
  4.8368101491318185E+02
  4.8350103712288876E+02
  4.8331774089671404E+02
  4.8313104286096620E+02
  4.8294085701952679E+02
  4.8274709465554065E+02
  4.8254966422886503E+02
  4.8234847126905066E+02
  4.8214341826367098E+02
  4.8193440454173640E+02
  4.8172132615197205E+02
  4.8150407573570129E+02
  4.8128254239406840E+02
  4.8105661154930613E+02
  4.8082616479977202E+02
  4.8059107976841466E+02
  4.8035122994435892E+02
  4.8010648451724836E+02
  4.7985670820397451E+02
  4.7960176106741642E+02
  4.7934149832676269E+02
  4.7907577015898983E+02
  4.7880442149103953E+02
  4.7852729178220892E+02
  4.7824421479623078E+02
  4.7795501836252839E+02
  4.7765952412604031E+02
  4.7735754728504457E+02
  4.7704889631631329E+02
  4.7673337268694655E+02
  4.7641077055215737E+02
  4.7608087643826195E+02
  4.7574346891007343E+02
  4.7539831822185192E+02
  4.7504518595093356E+02
  4.7468382461307760E+02
  4.7431397725854339E+02
  4.7393537704784831E+02
  4.7354774680607619E+02
  4.7315079855457287E+02
  4.7274423301876885E+02
  4.7232773911082438E+02
  4.7190099338568376E+02
  4.7146365946909225E+02
  4.7101538745598879E+02
  4.7055581327765458E+02
  4.7008455803586651E+02
  4.6960122730222321E+02
  4.6910541038070437E+02
  4.6859667953142582E+02
  4.6807458915342482E+02
  4.6753867492420858E+02
  4.6698845289366977E+02
  4.6642341852984316E+02
  4.6584304571385695E+02
  4.6524678568128161E+02
  4.6463406590695269E+02
  4.6400428893019165E+02
  4.6335683111720653E+02
  4.6269104135729810E+02
  4.6200623968936924E+02
  4.6130171585503689E+02
  4.6057672777456872E+02
  4.5983049994164190E+02
  4.5906222173284954E+02
  4.5827104562770734E+02
  4.5745608533479873E+02
  4.5661641381962454E+02
  4.5575106122958420E+02
  4.5485901271151653E+02
  4.5393920611714947E+02
  4.5299052959186992E+02
  4.5201181904225689E+02
  4.5100185547795638E+02
  4.4995936222368294E+02
  4.4888300199740428E+02
  4.4777137385116919E+02
  4.4662300997154421E+02
  4.8982680377165627E+02
  4.8974598361077386E+02
  4.8966405485415038E+02
  4.8958099646871733E+02
  4.8949678691618305E+02
  4.8941140413841742E+02
  4.8932482554233889E+02
  4.8923702798429662E+02
  4.8914798775390898E+02
  4.8905768055736416E+02
  4.8896608150013736E+02
  4.8887316506911412E+02
  4.8877890511409186E+02
  4.8868327482864044E+02
  4.8858624673029601E+02
  4.8848779264004850E+02
  4.8838788366111675E+02
  4.8828649015695606E+02
  4.8818358172850157E+02
  4.8807912719057532E+02
  4.8797309454746102E+02
  4.8786545096758664E+02
  4.8775616275729180E+02
  4.8764519533363051E+02
  4.8753251319619056E+02
  4.8741807989785826E+02
  4.8730185801451199E+02
  4.8718380911358378E+02
  4.8706389372144628E+02
  4.8694207128957498E+02
  4.8681830015943194E+02
  4.8669253752602145E+02
  4.8656473940004793E+02
  4.8643486056863640E+02
  4.8630285455452974E+02
  4.8616867357371433E+02
  4.8603226849139901E+02
  4.8589358877626603E+02
  4.8575258245293912E+02
  4.8560919605256322E+02
  4.8546337456143317E+02
  4.8531506136757218E+02
  4.8516419820517297E+02
  4.8501072509679892E+02
  4.8485458029324883E+02
  4.8469570021098093E+02
  4.8453401936697270E+02
  4.8436947031091159E+02
  4.8420198355458456E+02
  4.8403148749833628E+02
  4.8385790835446767E+02
  4.8368117006741556E+02
  4.8350119423057708E+02
  4.8331789999960745E+02
  4.8313120400203746E+02
  4.8294102024301185E+02
  4.8274726000698740E+02
  4.8254983175517930E+02
  4.8234864101855106E+02
  4.8214359028613762E+02
  4.8193457888846882E+02
  4.8172150287584623E+02
  4.8150425489123052E+02
  4.8128272403746723E+02
  4.8105679573855639E+02
  4.8082635159469055E+02
  4.8059126923072802E+02
  4.8035142213777817E+02
  4.8010667950754748E+02
  4.7985690605907723E+02
  4.7960196185748038E+02
  4.7934170212427188E+02
  4.7907597703885051E+02
  4.7880463153068274E+02
  4.7852750506169269E+02
  4.7824443139835398E+02
  4.7795523837294553E+02
  4.7765974763338551E+02
  4.7735777438105816E+02
  4.7704912709597795E+02
  4.7673360724862897E+02
  4.7641100899775989E+02
  4.7608111887337583E+02
  4.7574371544414561E+02
  4.7539856896836318E+02
  4.7504544102757563E+02
  4.7468408414195079E+02
  4.7431424136636099E+02
  4.7393564586614821E+02
  4.7354802047145006E+02
  4.7315107720890427E+02
  4.7274451680948766E+02
  4.7232802819117120E+02
  4.7190128791499410E+02
  4.7146395961309139E+02
  4.7101569338711113E+02
  4.7055612517537435E+02
  4.7008487608704911E+02
  4.6960155170150284E+02
  4.6910574133087539E+02
  4.6859701724386304E+02
  4.6807493384852825E+02
  4.6753902683187340E+02
  4.6698881225378744E+02
  4.6642378559282963E+02
  4.6584342074121838E+02
  4.6524716894620900E+02
  4.6463445769495962E+02
  4.6400468953979123E+02
  4.6335724086062498E+02
  4.6269146056124509E+02
  4.6200666869584728E+02
  4.6130215502221210E+02
  4.6057717747768942E+02
  4.5983096057402912E+02
  4.5906269370694076E+02
  4.5827152937617871E+02
  4.5745658131176009E+02
  4.5661692250189401E+02
  4.5575158311805296E+02
  4.5485954833259996E+02
  4.5393975602434813E+02
  4.5299109436743203E+02
  4.5201239929895718E+02
  4.5100245186100278E+02
  4.4995997541275551E+02
  4.4888363270883957E+02
  4.4777202284029676E+02
  4.4662367803519663E+02
  4.8982689560300867E+02
  4.8974607623191309E+02
  4.8966414827708019E+02
  4.8958109070569498E+02
  4.8949688197972762E+02
  4.8941150004131521E+02
  4.8932492229765415E+02
  4.8923712560537399E+02
  4.8914808625438536E+02
  4.8905777995117637E+02
  4.8896618180152836E+02
  4.8887326629264157E+02
  4.8877900727463947E+02
  4.8868337794142644E+02
  4.8858635081088147E+02
  4.8848789770434814E+02
  4.8838798972540707E+02
  4.8828659723788849E+02
  4.8818368984311218E+02
  4.8807923635629692E+02
  4.8797320478213311E+02
  4.8786556228946876E+02
  4.8775627518507525E+02
  4.8764530888645282E+02
  4.8753262789364601E+02
  4.8741819576001421E+02
  4.8730197506192405E+02
  4.8718392736730658E+02
  4.8706401320305406E+02
  4.8694219202117353E+02
  4.8681842216367784E+02
  4.8669266082613734E+02
  4.8656486401984233E+02
  4.8643498653251976E+02
  4.8630298188753699E+02
  4.8616880230152344E+02
  4.8603239864034998E+02
  4.8589372037338484E+02
  4.8575271552595962E+02
  4.8560933062995002E+02
  4.8546351067240596E+02
  4.8531519904213218E+02
  4.8516433747412628E+02
  4.8501086599178655E+02
  4.8485472284677451E+02
  4.8469584445643977E+02
  4.8453416533868278E+02
  4.8436961804414483E+02
  4.8420213308560068E+02
  4.8403163886441882E+02
  4.8385806159395895E+02
  4.8368132521975423E+02
  4.8350135133633603E+02
  4.8331805910053959E+02
  4.8313136514111284E+02
  4.8294118346446555E+02
  4.8274742535636670E+02
  4.8254999927938917E+02
  4.8234881076590790E+02
  4.8214376230642182E+02
  4.8193475323297776E+02
  4.8172167959745548E+02
  4.8150443404445292E+02
  4.8128290567851508E+02
  4.8105697992540985E+02
  4.8082653838716499E+02
  4.8059145869054959E+02
  4.8035161432865527E+02
  4.8010687449525437E+02
  4.7985710391153424E+02
  4.7960216264484490E+02
  4.7934190591902484E+02
  4.7907618391589835E+02
  4.7880484156745274E+02
  4.7852771833824096E+02
  4.7824464799747881E+02
  4.7795545838029813E+02
  4.7765997113759835E+02
  4.7735800147386851E+02
  4.7704935787236747E+02
  4.7673384180696178E+02
  4.7641124743993322E+02
  4.7608136130497991E+02
  4.7574396197462556E+02
  4.7539881971119479E+02
  4.7504569610044939E+02
  4.7468434366696357E+02
  4.7431450547022109E+02
  4.7393591468039079E+02
  4.7354829413266305E+02
  4.7315135585896735E+02
  4.7274480059582555E+02
  4.7232831726702068E+02
  4.7190158243968619E+02
  4.7146425975234820E+02
  4.7101599931336085E+02
  4.7055643706808411E+02
  4.7008519413308244E+02
  4.6960187609548461E+02
  4.6910607227559490E+02
  4.6859735495068833E+02
  4.6807527853785268E+02
  4.6753937873358541E+02
  4.6698917160776898E+02
  4.6642415264949091E+02
  4.6584379576205487E+02
  4.6524755220440454E+02
  4.6463484947601717E+02
  4.6400509014221194E+02
  4.6335765059662668E+02
  4.6269187975752516E+02
  4.6200709769439652E+02
  4.6130259418118266E+02
  4.6057762717231861E+02
  4.5983142119762039E+02
  4.5906316567191743E+02
  4.5827201311519883E+02
  4.5745707727891710E+02
  4.5661743117398697E+02
  4.5575210499595187E+02
  4.5486008394270044E+02
  4.5394030592012757E+02
  4.5299165913111335E+02
  4.5201297954328930E+02
  4.5100304823116664E+02
  4.4996058858839967E+02
  4.4888426340626722E+02
  4.4777267181480357E+02
  4.4662434608357819E+02
  4.8982698743341751E+02
  4.8974616885209861E+02
  4.8966424169904542E+02
  4.8958118494169685E+02
  4.8949697704228544E+02
  4.8941159594321573E+02
  4.8932501905195949E+02
  4.8923722322543000E+02
  4.8914818475382890E+02
  4.8905787934394266E+02
  4.8896628210185980E+02
  4.8887336751509736E+02
  4.8877910943410257E+02
  4.8868348105311549E+02
  4.8858645489035570E+02
  4.8848800276752183E+02
  4.8838809578855677E+02
  4.8828670431766665E+02
  4.8818379795655409E+02
  4.8807934552083469E+02
  4.8797331501560581E+02
  4.8786567361013567E+02
  4.8775638761162742E+02
  4.8764542243802691E+02
  4.8753274258983646E+02
  4.8741831162088988E+02
  4.8730209210803690E+02
  4.8718404561971386E+02
  4.8706413268332733E+02
  4.8694231275141948E+02
  4.8681854416655119E+02
  4.8669278412486034E+02
  4.8656498863822435E+02
  4.8643511249497072E+02
  4.8630310921909137E+02
  4.8616893102785821E+02
  4.8603252878780444E+02
  4.8589385196898616E+02
  4.8575284859743937E+02
  4.8560946520577232E+02
  4.8546364678179037E+02
  4.8531533671507788E+02
  4.8516447674144143E+02
  4.8501100688511048E+02
  4.8485486539860983E+02
  4.8469598870018115E+02
  4.8453431130864607E+02
  4.8436976577560313E+02
  4.8420228261481304E+02
  4.8403179022866834E+02
  4.8385821483158583E+02
  4.8368148037019472E+02
  4.8350150844016576E+02
  4.8331821819950841E+02
  4.8313152627819090E+02
  4.8294134668388796E+02
  4.8274759070367810E+02
  4.8255016680149384E+02
  4.8234898051112151E+02
  4.8214393432452243E+02
  4.8193492757526326E+02
  4.8172185631679997E+02
  4.8150461319536765E+02
  4.8128308731721091E+02
  4.8105716410986628E+02
  4.8082672517719692E+02
  4.8059164814787908E+02
  4.8035180651699119E+02
  4.8010706948036818E+02
  4.7985730176134695E+02
  4.7960236342950890E+02
  4.7934210971102294E+02
  4.7907639079013188E+02
  4.7880505160134908E+02
  4.7852793161185480E+02
  4.7824486459360406E+02
  4.7795567838458652E+02
  4.7766019463867815E+02
  4.7735822856347653E+02
  4.7704958864548081E+02
  4.7673407636194372E+02
  4.7641148587867809E+02
  4.7608160373307464E+02
  4.7574420850151392E+02
  4.7539907045034784E+02
  4.7504595116955431E+02
  4.7468460318811503E+02
  4.7431476957012438E+02
  4.7393618349057596E+02
  4.7354856778971413E+02
  4.7315163450476143E+02
  4.7274508437778348E+02
  4.7232860633837458E+02
  4.7190187695976181E+02
  4.7146455988686159E+02
  4.7101630523473631E+02
  4.7055674895578636E+02
  4.7008551217396507E+02
  4.6960220048416909E+02
  4.6910640321486289E+02
  4.6859769265190261E+02
  4.6807562322139881E+02
  4.6753973062934432E+02
  4.6698953095561700E+02
  4.6642451969982687E+02
  4.6584417077636760E+02
  4.6524793545586738E+02
  4.6463524125012526E+02
  4.6400549073745600E+02
  4.6335806032521236E+02
  4.6269229894613903E+02
  4.6200752668501673E+02
  4.6130303333194968E+02
  4.6057807685845427E+02
  4.5983188181241439E+02
  4.5906363762777676E+02
  4.5827249684476823E+02
  4.5745757323626896E+02
  4.5661793983590417E+02
  4.5575262686328256E+02
  4.5486061954181878E+02
  4.5394085580448808E+02
  4.5299222388291435E+02
  4.5201355977525463E+02
  4.5100364458844666E+02
  4.4996120175061515E+02
  4.4888489408968775E+02
  4.4777332077469146E+02
  4.4662501411669052E+02
  4.8982707926288356E+02
  4.8974626147133120E+02
  4.8966433512004642E+02
  4.8958127917672380E+02
  4.8949707210385640E+02
  4.8941169184411825E+02
  4.8932511580525522E+02
  4.8923732084446465E+02
  4.8914828325223846E+02
  4.8905797873566252E+02
  4.8896638240113282E+02
  4.8887346873648210E+02
  4.8877921159248217E+02
  4.8868358416370563E+02
  4.8858655896871886E+02
  4.8848810782957042E+02
  4.8838820185056778E+02
  4.8828681139629202E+02
  4.8818390606882861E+02
  4.8807945468418910E+02
  4.8797342524787973E+02
  4.8786578492958841E+02
  4.8775650003694921E+02
  4.8764553598835488E+02
  4.8753285728476465E+02
  4.8741842748048464E+02
  4.8730220915285156E+02
  4.8718416387080435E+02
  4.8706425216226614E+02
  4.8694243348031114E+02
  4.8681866616805280E+02
  4.8669290742219306E+02
  4.8656511325519477E+02
  4.8643523845599083E+02
  4.8630323654919329E+02
  4.8616905975271840E+02
  4.8603265893376386E+02
  4.8589398356306765E+02
  4.8575298166737650E+02
  4.8560959978002961E+02
  4.8546378288958545E+02
  4.8531547438641138E+02
  4.8516461600711733E+02
  4.8501114777676901E+02
  4.8485500794875315E+02
  4.8469613294220335E+02
  4.8453445727686398E+02
  4.8436991350528689E+02
  4.8420243214222228E+02
  4.8403194159108375E+02
  4.8385836806734756E+02
  4.8368163551873988E+02
  4.8350166554206754E+02
  4.8331837729651528E+02
  4.8313168741327371E+02
  4.8294150990127844E+02
  4.8274775604892142E+02
  4.8255033432149395E+02
  4.8234915025419230E+02
  4.8214410634044157E+02
  4.8193510191532647E+02
  4.8172203303387954E+02
  4.8150479234397517E+02
  4.8128326895355571E+02
  4.8105734829192545E+02
  4.8082691196478407E+02
  4.8059183760271651E+02
  4.8035199870278592E+02
  4.8010726446289004E+02
  4.7985749960851342E+02
  4.7960256421147409E+02
  4.7934231350026471E+02
  4.7907659766155280E+02
  4.7880526163237226E+02
  4.7852814488253438E+02
  4.7824508118673162E+02
  4.7795589838581071E+02
  4.7766041813662588E+02
  4.7735845564988176E+02
  4.7704981941531889E+02
  4.7673431091357440E+02
  4.7641172431399531E+02
  4.7608184615766129E+02
  4.7574445502480859E+02
  4.7539932118582249E+02
  4.7504620623489132E+02
  4.7468486270540575E+02
  4.7431503366606955E+02
  4.7393645229670398E+02
  4.7354884144260558E+02
  4.7315191314628737E+02
  4.7274536815536152E+02
  4.7232889540523263E+02
  4.7190217147521980E+02
  4.7146486001663436E+02
  4.7101661115123972E+02
  4.7055706083847889E+02
  4.7008583020969695E+02
  4.6960252486755530E+02
  4.6910673414867927E+02
  4.6859803034750502E+02
  4.6807596789916573E+02
  4.6754008251915025E+02
  4.6698989029732940E+02
  4.6642488674383850E+02
  4.6584454578415631E+02
  4.6524831870059774E+02
  4.6463563301728453E+02
  4.6400589132552193E+02
  4.6335847004638197E+02
  4.6269271812708604E+02
  4.6200795566770938E+02
  4.6130347247451294E+02
  4.6057852653609729E+02
  4.5983234241841257E+02
  4.5906410957452238E+02
  4.5827298056488655E+02
  4.5745806918381788E+02
  4.5661844848764429E+02
  4.5575314872004481E+02
  4.5486115512995514E+02
  4.5394140567742949E+02
  4.5299278862283654E+02
  4.5201413999485288E+02
  4.5100424093284488E+02
  4.4996181489940210E+02
  4.4888552475910274E+02
  4.4777396971995978E+02
  4.4662568213453363E+02
  4.8982717109140697E+02
  4.8974635408960944E+02
  4.8966442854008329E+02
  4.8958137341077588E+02
  4.8949716716444129E+02
  4.8941178774402204E+02
  4.8932521255754119E+02
  4.8923741846247691E+02
  4.8914838174961432E+02
  4.8905807812633657E+02
  4.8896648269934803E+02
  4.8887356995679528E+02
  4.8877931374977669E+02
  4.8868368727319796E+02
  4.8858666304596977E+02
  4.8848821289049300E+02
  4.8838830791143948E+02
  4.8828691847376206E+02
  4.8818401417993294E+02
  4.8807956384635878E+02
  4.8797353547895437E+02
  4.8786589624782596E+02
  4.8775661246104033E+02
  4.8764564953743479E+02
  4.8753297197842801E+02
  4.8741854333879729E+02
  4.8730232619636803E+02
  4.8718428212057887E+02
  4.8706437163987005E+02
  4.8694255420785072E+02
  4.8681878816818147E+02
  4.8669303071813408E+02
  4.8656523787075361E+02
  4.8643536441557808E+02
  4.8630336387784274E+02
  4.8616918847610458E+02
  4.8603278907822590E+02
  4.8589411515563103E+02
  4.8575311473577335E+02
  4.8560973435272183E+02
  4.8546391899579237E+02
  4.8531561205613008E+02
  4.8516475527115460E+02
  4.8501128866676339E+02
  4.8485515049720698E+02
  4.8469627718250786E+02
  4.8453460324333628E+02
  4.8437006123319679E+02
  4.8420258166782742E+02
  4.8403209295166539E+02
  4.8385852130124431E+02
  4.8368179066538983E+02
  4.8350182264204011E+02
  4.8331853639156026E+02
  4.8313184854635921E+02
  4.8294167311663762E+02
  4.8274792139209643E+02
  4.8255050183938857E+02
  4.8234931999512008E+02
  4.8214427835417735E+02
  4.8193527625316625E+02
  4.8172220974869447E+02
  4.8150497149027404E+02
  4.8128345058754883E+02
  4.8105753247158822E+02
  4.8082709874992872E+02
  4.8059202705506243E+02
  4.8035219088603873E+02
  4.8010745944281922E+02
  4.7985769745303566E+02
  4.7960276499073944E+02
  4.7934251728675144E+02
  4.7907680453015973E+02
  4.7880547166052253E+02
  4.7852835815027817E+02
  4.7824529777686018E+02
  4.7795611838397053E+02
  4.7766064163144171E+02
  4.7735868273308444E+02
  4.7705005018188274E+02
  4.7673454546185530E+02
  4.7641196274588418E+02
  4.7608208857873888E+02
  4.7574470154451222E+02
  4.7539957191761795E+02
  4.7504646129646056E+02
  4.7468512221883520E+02
  4.7431529775805751E+02
  4.7393672109877508E+02
  4.7354911509133615E+02
  4.7315219178354567E+02
  4.7274565192855982E+02
  4.7232918446759351E+02
  4.7190246598606154E+02
  4.7146516014166377E+02
  4.7101691706287102E+02
  4.7055737271616323E+02
  4.7008614824027904E+02
  4.6960284924564462E+02
  4.6910706507704543E+02
  4.6859836803749630E+02
  4.6807631257115474E+02
  4.6754043440300319E+02
  4.6699024963290719E+02
  4.6642525378152413E+02
  4.6584492078542166E+02
  4.6524870193859743E+02
  4.6463602477749356E+02
  4.6400629190641206E+02
  4.6335887976013680E+02
  4.6269313730036873E+02
  4.6200838464247437E+02
  4.6130391160887297E+02
  4.6057897620524852E+02
  4.5983280301561547E+02
  4.5906458151215264E+02
  4.5827346427555420E+02
  4.5745856512156280E+02
  4.5661895712920892E+02
  4.5575367056623878E+02
  4.5486169070710935E+02
  4.5394195553895366E+02
  4.5299335335087824E+02
  4.5201472020208399E+02
  4.5100483726435965E+02
  4.4996242803476116E+02
  4.4888615541451190E+02
  4.4777461865061053E+02
  4.4662635013710826E+02
  4.8982726291898712E+02
  4.8974644670693471E+02
  4.8966452195915502E+02
  4.8958146764385100E+02
  4.8949726222403882E+02
  4.8941188364292833E+02
  4.8932530930881768E+02
  4.8923751607946781E+02
  4.8914848024595670E+02
  4.8905817751596476E+02
  4.8896658299650289E+02
  4.8887367117603702E+02
  4.8877941590598692E+02
  4.8868379038159372E+02
  4.8858676712210928E+02
  4.8848831795029065E+02
  4.8838841397117125E+02
  4.8828702555007834E+02
  4.8818412228986881E+02
  4.8807967300734560E+02
  4.8797364570883013E+02
  4.8786600756484847E+02
  4.8775672488390035E+02
  4.8764576308526722E+02
  4.8753308667082729E+02
  4.8741865919582978E+02
  4.8730244323858579E+02
  4.8718440036903741E+02
  4.8706449111613938E+02
  4.8694267493403697E+02
  4.8681891016693862E+02
  4.8669315401268301E+02
  4.8656536248490096E+02
  4.8643549037373378E+02
  4.8630349120503837E+02
  4.8616931719801619E+02
  4.8603291922119234E+02
  4.8589424674667612E+02
  4.8575324780262878E+02
  4.8560986892384966E+02
  4.8546405510041046E+02
  4.8531574972423670E+02
  4.8516489453355422E+02
  4.8501142955509448E+02
  4.8485529304396914E+02
  4.8469642142109404E+02
  4.8453474920806224E+02
  4.8437020895933131E+02
  4.8420273119162874E+02
  4.8403224431041281E+02
  4.8385867453327705E+02
  4.8368194581014285E+02
  4.8350197974008415E+02
  4.8331869548464385E+02
  4.8313200967744837E+02
  4.8294183632996442E+02
  4.8274808673320462E+02
  4.8255066935517874E+02
  4.8234948973390425E+02
  4.8214445036573102E+02
  4.8193545058878317E+02
  4.8172238646124606E+02
  4.8150515063426667E+02
  4.8128363221919068E+02
  4.8105771664885390E+02
  4.8082728553262888E+02
  4.8059221650491764E+02
  4.8035238306675035E+02
  4.8010765442015662E+02
  4.7985789529491223E+02
  4.7960296576730605E+02
  4.7934272107048270E+02
  4.7907701139595343E+02
  4.7880568168579941E+02
  4.7852857141508781E+02
  4.7824551436399020E+02
  4.7795633837906638E+02
  4.7766086512312489E+02
  4.7735890981308432E+02
  4.7705028094516985E+02
  4.7673478000678563E+02
  4.7641220117434477E+02
  4.7608233099630814E+02
  4.7574494806062290E+02
  4.7539982264573530E+02
  4.7504671635426098E+02
  4.7468538172840346E+02
  4.7431556184608917E+02
  4.7393698989678904E+02
  4.7354938873590612E+02
  4.7315247041653566E+02
  4.7274593569737817E+02
  4.7232947352546006E+02
  4.7190276049228726E+02
  4.7146546026195153E+02
  4.7101722296962868E+02
  4.7055768458883944E+02
  4.7008646626571158E+02
  4.6960317361843664E+02
  4.6910739599995986E+02
  4.6859870572187612E+02
  4.6807665723736568E+02
  4.6754078628090417E+02
  4.6699060896235011E+02
  4.6642562081288537E+02
  4.6584529578016327E+02
  4.6524908516986562E+02
  4.6463641653075371E+02
  4.6400669248012468E+02
  4.6335928946647527E+02
  4.6269355646598524E+02
  4.6200881360931038E+02
  4.6130435073503054E+02
  4.6057942586590735E+02
  4.5983326360402305E+02
  4.5906505344066790E+02
  4.5827394797677198E+02
  4.5745906104950427E+02
  4.5661946576059870E+02
  4.5575419240186488E+02
  4.5486222627328283E+02
  4.5394250538905891E+02
  4.5299391806704244E+02
  4.5201530039694904E+02
  4.5100543358299450E+02
  4.4996304115669375E+02
  4.4888678605591537E+02
  4.4777526756664247E+02
  4.4662701812441509E+02
  4.8982735474562423E+02
  4.8974653932330597E+02
  4.8966461537726281E+02
  4.8958156187595222E+02
  4.8949735728265017E+02
  4.8941197954083651E+02
  4.8932540605908343E+02
  4.8923761369543763E+02
  4.8914857874126517E+02
  4.8905827690454618E+02
  4.8896668329260109E+02
  4.8887377239420681E+02
  4.8877951806111236E+02
  4.8868389348889099E+02
  4.8858687119713790E+02
  4.8848842300896314E+02
  4.8838852002976404E+02
  4.8828713262524133E+02
  4.8818423039863654E+02
  4.8807978216714804E+02
  4.8797375593750706E+02
  4.8786611888065613E+02
  4.8775683730552964E+02
  4.8764587663185330E+02
  4.8753320136196288E+02
  4.8741877505158118E+02
  4.8730256027950554E+02
  4.8718451861617882E+02
  4.8706461059107477E+02
  4.8694279565886950E+02
  4.8681903216432289E+02
  4.8669327730584007E+02
  4.8656548709763666E+02
  4.8643561633045692E+02
  4.8630361853078176E+02
  4.8616944591845402E+02
  4.8603304936266306E+02
  4.8589437833620303E+02
  4.8575338086794221E+02
  4.8561000349341288E+02
  4.8546419120343944E+02
  4.8531588739072924E+02
  4.8516503379431447E+02
  4.8501157044175977E+02
  4.8485543558903953E+02
  4.8469656565796299E+02
  4.8453489517104214E+02
  4.8437035668369253E+02
  4.8420288071362603E+02
  4.8403239566732651E+02
  4.8385882776344511E+02
  4.8368210095299855E+02
  4.8350213683619921E+02
  4.8331885457576425E+02
  4.8313217080654147E+02
  4.8294199954126003E+02
  4.8274825207224427E+02
  4.8255083686886434E+02
  4.8234965947054513E+02
  4.8214462237510236E+02
  4.8193562492217751E+02
  4.8172256317153233E+02
  4.8150532977595174E+02
  4.8128381384848109E+02
  4.8105790082372357E+02
  4.8082747231288624E+02
  4.8059240595228005E+02
  4.8035257524492130E+02
  4.8010784939490145E+02
  4.7985809313414416E+02
  4.7960316654117287E+02
  4.7934292485145841E+02
  4.7907721825893367E+02
  4.7880589170820389E+02
  4.7852878467696206E+02
  4.7824573094812280E+02
  4.7795655837109746E+02
  4.7766108861167595E+02
  4.7735913688988234E+02
  4.7705051170518311E+02
  4.7673501454836537E+02
  4.7641243959937708E+02
  4.7608257341036824E+02
  4.7574519457314233E+02
  4.7540007337017431E+02
  4.7504697140829398E+02
  4.7468564123411147E+02
  4.7431582593016287E+02
  4.7393725869074672E+02
  4.7354966237631533E+02
  4.7315274904525728E+02
  4.7274621946181639E+02
  4.7232976257882967E+02
  4.7190305499389621E+02
  4.7146576037749708E+02
  4.7101752887151463E+02
  4.7055799645650637E+02
  4.7008678428599364E+02
  4.6960349798593097E+02
  4.6910772691742420E+02
  4.6859904340064566E+02
  4.6807700189779899E+02
  4.6754113815285251E+02
  4.6699096828565911E+02
  4.6642598783792278E+02
  4.6584567076838141E+02
  4.6524946839440253E+02
  4.6463680827706452E+02
  4.6400709304666071E+02
  4.6335969916539887E+02
  4.6269397562393601E+02
  4.6200924256822009E+02
  4.6130478985298481E+02
  4.6057987551807543E+02
  4.5983372418363507E+02
  4.5906552536006973E+02
  4.5827443166854056E+02
  4.5745955696764258E+02
  4.5661997438181237E+02
  4.5575471422692425E+02
  4.5486276182847553E+02
  4.5394305522774795E+02
  4.5299448277132751E+02
  4.5201588057944900E+02
  4.5100602988874846E+02
  4.4996365426519981E+02
  4.4888741668331551E+02
  4.4777591646805803E+02
  4.4662768609645440E+02
  4.8982744657131866E+02
  4.8974663193872277E+02
  4.8966470879440573E+02
  4.8958165610707692E+02
  4.8949745234027472E+02
  4.8941207543774698E+02
  4.8932550280834022E+02
  4.8923771131038558E+02
  4.8914867723554016E+02
  4.8905837629208293E+02
  4.8896678358763916E+02
  4.8887387361130595E+02
  4.8877962021515305E+02
  4.8868399659509021E+02
  4.8858697527105528E+02
  4.8848852806651041E+02
  4.8838862608721689E+02
  4.8828723969925028E+02
  4.8818433850623546E+02
  4.8807989132576756E+02
  4.8797386616498375E+02
  4.8786623019525007E+02
  4.8775694972592885E+02
  4.8764599017719178E+02
  4.8753331605183553E+02
  4.8741889090605179E+02
  4.8730267731912664E+02
  4.8718463686200414E+02
  4.8706473006467587E+02
  4.8694291638235001E+02
  4.8681915416033542E+02
  4.8669340059760594E+02
  4.8656561170896049E+02
  4.8643574228574874E+02
  4.8630374585507212E+02
  4.8616957463741772E+02
  4.8603317950263744E+02
  4.8589450992421098E+02
  4.8575351393171530E+02
  4.8561013806141113E+02
  4.8546432730488010E+02
  4.8531602505560909E+02
  4.8516517305343615E+02
  4.8501171132676131E+02
  4.8485557813242099E+02
  4.8469670989311373E+02
  4.8453504113227712E+02
  4.8437050440627826E+02
  4.8420303023381990E+02
  4.8403254702240685E+02
  4.8385898099174864E+02
  4.8368225609395915E+02
  4.8350229393038643E+02
  4.8331901366492406E+02
  4.8313233193363868E+02
  4.8294216275052474E+02
  4.8274841740921670E+02
  4.8255100438044434E+02
  4.8234982920504279E+02
  4.8214479438229176E+02
  4.8193579925334870E+02
  4.8172273987955452E+02
  4.8150550891532981E+02
  4.8128399547542040E+02
  4.8105808499619638E+02
  4.8082765909070048E+02
  4.8059259539715202E+02
  4.8035276742055157E+02
  4.8010804436705394E+02
  4.7985829097073099E+02
  4.7960336731233997E+02
  4.7934312862967818E+02
  4.7907742511910152E+02
  4.7880610172773515E+02
  4.7852899793590257E+02
  4.7824594752925611E+02
  4.7795677836006490E+02
  4.7766131209709539E+02
  4.7735936396347824E+02
  4.7705074246192066E+02
  4.7673524908659510E+02
  4.7641267802098190E+02
  4.7608281582092013E+02
  4.7574544108206959E+02
  4.7540032409093482E+02
  4.7504722645855890E+02
  4.7468590073595828E+02
  4.7431609001028085E+02
  4.7393752748064719E+02
  4.7354993601256410E+02
  4.7315302766971143E+02
  4.7274650322187529E+02
  4.7233005162770394E+02
  4.7190334949088890E+02
  4.7146606048830091E+02
  4.7101783476852864E+02
  4.7055830831916626E+02
  4.7008710230112587E+02
  4.6960382234812886E+02
  4.6910805782943811E+02
  4.6859938107380407E+02
  4.6807734655245474E+02
  4.6754149001884952E+02
  4.6699132760283368E+02
  4.6642635485663516E+02
  4.6584604575007700E+02
  4.6524985161220803E+02
  4.6463720001642690E+02
  4.6400749360601975E+02
  4.6336010885690820E+02
  4.6269439477422259E+02
  4.6200967151920230E+02
  4.6130522896273743E+02
  4.6058032516175200E+02
  4.5983418475445268E+02
  4.5906599727035717E+02
  4.5827491535085971E+02
  4.5746005287597785E+02
  4.5662048299285198E+02
  4.5575523604141614E+02
  4.5486329737268755E+02
  4.5394360505501982E+02
  4.5299504746373492E+02
  4.5201646074958370E+02
  4.5100662618162079E+02
  4.4996426736027922E+02
  4.4888804729671114E+02
  4.4777656535485778E+02
  4.4662835405322772E+02
  4.8982753839606988E+02
  4.8974672455318802E+02
  4.8966480221058441E+02
  4.8958175033722682E+02
  4.8949754739691241E+02
  4.8941217133365842E+02
  4.8932559955658763E+02
  4.8923780892431239E+02
  4.8914877572878123E+02
  4.8905847567857256E+02
  4.8896688388161942E+02
  4.8887397482733365E+02
  4.8877972236810962E+02
  4.8868409970019155E+02
  4.8858707934386103E+02
  4.8848863312293258E+02
  4.8838873214353117E+02
  4.8828734677210508E+02
  4.8818444661266557E+02
  4.8808000048320298E+02
  4.8797397639126211E+02
  4.8786634150862841E+02
  4.8775706214509614E+02
  4.8764610372128396E+02
  4.8753343074044318E+02
  4.8741900675924103E+02
  4.8730279435744967E+02
  4.8718475510651376E+02
  4.8706484953694252E+02
  4.8694303710447645E+02
  4.8681927615497591E+02
  4.8669352388797984E+02
  4.8656573631887414E+02
  4.8643586823960851E+02
  4.8630387317791025E+02
  4.8616970335490714E+02
  4.8603330964111598E+02
  4.8589464151070132E+02
  4.8575364699394629E+02
  4.8561027262784489E+02
  4.8546446340473221E+02
  4.8531616271887503E+02
  4.8516531231091926E+02
  4.8501185221009871E+02
  4.8485572067411039E+02
  4.8469685412654695E+02
  4.8453518709176569E+02
  4.8437065212709047E+02
  4.8420317975221076E+02
  4.8403269837565369E+02
  4.8385913421818839E+02
  4.8368241123302403E+02
  4.8350245102264432E+02
  4.8331917275212106E+02
  4.8313249305873893E+02
  4.8294232595775770E+02
  4.8274858274412196E+02
  4.8255117188992028E+02
  4.8234999893739831E+02
  4.8214496638729781E+02
  4.8193597358229806E+02
  4.8172291658531242E+02
  4.8150568805240056E+02
  4.8128417710000929E+02
  4.8105826916627194E+02
  4.8082784586607158E+02
  4.8059278483953244E+02
  4.8035295959364021E+02
  4.8010823933661379E+02
  4.7985848880467336E+02
  4.7960356808080820E+02
  4.7934333240514297E+02
  4.7907763197645551E+02
  4.7880631174439293E+02
  4.7852921119190825E+02
  4.7824616410739247E+02
  4.7795699834596843E+02
  4.7766153557938310E+02
  4.7735959103387120E+02
  4.7705097321538381E+02
  4.7673548362147505E+02
  4.7641291643915821E+02
  4.7608305822796325E+02
  4.7574568758740475E+02
  4.7540057480801704E+02
  4.7504748150505645E+02
  4.7468616023394497E+02
  4.7431635408644104E+02
  4.7393779626649149E+02
  4.7355020964465331E+02
  4.7315330628989744E+02
  4.7274678697755473E+02
  4.7233034067208285E+02
  4.7190364398326494E+02
  4.7146636059436332E+02
  4.7101814066066947E+02
  4.7055862017681756E+02
  4.7008742031110967E+02
  4.6960414670502962E+02
  4.6910838873600056E+02
  4.6859971874135300E+02
  4.6807769120133219E+02
  4.6754184187889416E+02
  4.6699168691387456E+02
  4.6642672186902325E+02
  4.6584642072524866E+02
  4.6525023482328282E+02
  4.6463759174884149E+02
  4.6400789415820350E+02
  4.6336051854100191E+02
  4.6269481391684423E+02
  4.6201010046225730E+02
  4.6130566806428840E+02
  4.6058077479693753E+02
  4.5983464531647610E+02
  4.5906646917153296E+02
  4.5827539902372905E+02
  4.5746054877451223E+02
  4.5662099159371650E+02
  4.5575575784534220E+02
  4.5486383290591942E+02
  4.5394415487087457E+02
  4.5299561214426438E+02
  4.5201704090735376E+02
  4.5100722246161411E+02
  4.4996488044193421E+02
  4.4888867789610293E+02
  4.4777721422704030E+02
  4.4662902199473581E+02
  4.8982763021987824E+02
  4.8974681716669789E+02
  4.8966489562579892E+02
  4.8958184456640117E+02
  4.8949764245256347E+02
  4.8941226722857226E+02
  4.8932569630382426E+02
  4.8923790653721750E+02
  4.8914887422098860E+02
  4.8905857506401657E+02
  4.8896698417454127E+02
  4.8887407604228935E+02
  4.8877982451998281E+02
  4.8868420280419565E+02
  4.8858718341555470E+02
  4.8848873817822903E+02
  4.8838883819870489E+02
  4.8828745384380642E+02
  4.8818455471792703E+02
  4.8808010963945475E+02
  4.8797408661634228E+02
  4.8786645282079161E+02
  4.8775717456303340E+02
  4.8764621726412793E+02
  4.8753354542778794E+02
  4.8741912261114987E+02
  4.8730291139447360E+02
  4.8718487334970621E+02
  4.8706496900787482E+02
  4.8694315782525024E+02
  4.8681939814824409E+02
  4.8669364717696186E+02
  4.8656586092737450E+02
  4.8643599419203605E+02
  4.8630400049929477E+02
  4.8616983207092255E+02
  4.8603343977809902E+02
  4.8589477309567320E+02
  4.8575378005463750E+02
  4.8561040719271358E+02
  4.8546459950299493E+02
  4.8531630038052833E+02
  4.8516545156676438E+02
  4.8501199309177173E+02
  4.8485586321410921E+02
  4.8469699835826134E+02
  4.8453533304950889E+02
  4.8437079984612865E+02
  4.8420332926879814E+02
  4.8403284972706706E+02
  4.8385928744276333E+02
  4.8368256637019255E+02
  4.8350260811297341E+02
  4.8331933183735566E+02
  4.8313265418184358E+02
  4.8294248916295925E+02
  4.8274874807695880E+02
  4.8255133939729080E+02
  4.8235016866761015E+02
  4.8214513839012255E+02
  4.8193614790902365E+02
  4.8172309328880539E+02
  4.8150586718716369E+02
  4.8128435872224600E+02
  4.8105845333395189E+02
  4.8082803263899859E+02
  4.8059297427942050E+02
  4.8035315176418743E+02
  4.8010843430358244E+02
  4.7985868663597080E+02
  4.7960376884657779E+02
  4.7934353617785308E+02
  4.7907783883099688E+02
  4.7880652175817863E+02
  4.7852942444497950E+02
  4.7824638068252915E+02
  4.7795721832880810E+02
  4.7766175905853731E+02
  4.7735981810106193E+02
  4.7705120396557186E+02
  4.7673571815300500E+02
  4.7641315485390697E+02
  4.7608330063149782E+02
  4.7574593408914842E+02
  4.7540082552142076E+02
  4.7504773654778586E+02
  4.7468641972807188E+02
  4.7431661815864459E+02
  4.7393806504827882E+02
  4.7355048327258191E+02
  4.7315358490581639E+02
  4.7274707072885485E+02
  4.7233062971196676E+02
  4.7190393847102575E+02
  4.7146666069568357E+02
  4.7101844654793871E+02
  4.7055893202946038E+02
  4.7008773831594419E+02
  4.6960447105663405E+02
  4.6910871963711429E+02
  4.6860005640329075E+02
  4.6807803584443241E+02
  4.6754219373298690E+02
  4.6699204621878170E+02
  4.6642708887508780E+02
  4.6584679569389874E+02
  4.6525061802762781E+02
  4.6463798347430753E+02
  4.6400829470321133E+02
  4.6336092821768170E+02
  4.6269523305180155E+02
  4.6201052939738628E+02
  4.6130610715763612E+02
  4.6058122442363265E+02
  4.5983510586970556E+02
  4.5906694106359345E+02
  4.5827588268715039E+02
  4.5746104466324351E+02
  4.5662150018440855E+02
  4.5575627963870227E+02
  4.5486436842817204E+02
  4.5394470467531374E+02
  4.5299617681291818E+02
  4.5201762105275952E+02
  4.5100781872872767E+02
  4.4996549351016336E+02
  4.4888930848149340E+02
  4.4777786308460878E+02
  4.4662968992097751E+02
  4.8982772204274238E+02
  4.8974690977925485E+02
  4.8966498904004897E+02
  4.8958193879459952E+02
  4.8949773750722869E+02
  4.8941236312248805E+02
  4.8932579305005248E+02
  4.8923800414910085E+02
  4.8914897271216245E+02
  4.8905867444841465E+02
  4.8896708446640406E+02
  4.8887417725617394E+02
  4.8877992667077001E+02
  4.8868430590710210E+02
  4.8858728748613748E+02
  4.8848884323239992E+02
  4.8838894425274020E+02
  4.8828756091435338E+02
  4.8818466282201967E+02
  4.8808021879452343E+02
  4.8797419684022242E+02
  4.8786656413174092E+02
  4.8775728697974068E+02
  4.8764633080572537E+02
  4.8753366011386771E+02
  4.8741923846177787E+02
  4.8730302843020002E+02
  4.8718499159158421E+02
  4.8706508847747193E+02
  4.8694327854467031E+02
  4.8681952014014064E+02
  4.8669377046455389E+02
  4.8656598553446480E+02
  4.8643612014303244E+02
  4.8630412781922718E+02
  4.8616996078546350E+02
  4.8603356991358504E+02
  4.8589490467912657E+02
  4.8575391311378655E+02
  4.8561054175601782E+02
  4.8546473559966978E+02
  4.8531643804056853E+02
  4.8516559082097115E+02
  4.8501213397178026E+02
  4.8485600575241750E+02
  4.8469714258825888E+02
  4.8453547900550564E+02
  4.8437094756339258E+02
  4.8420347878358240E+02
  4.8403300107664631E+02
  4.8385944066547353E+02
  4.8368272150546454E+02
  4.8350276520137521E+02
  4.8331949092062882E+02
  4.8313281530295149E+02
  4.8294265236612978E+02
  4.8274891340772888E+02
  4.8255150690255681E+02
  4.8235033839568013E+02
  4.8214531039076496E+02
  4.8193632223352762E+02
  4.8172326999003508E+02
  4.8150604631962079E+02
  4.8128454034213166E+02
  4.8105863749923515E+02
  4.8082821940948264E+02
  4.8059316371681791E+02
  4.8035334393219483E+02
  4.8010862926795897E+02
  4.7985888446462286E+02
  4.7960396960964778E+02
  4.7934373994780810E+02
  4.7907804568272445E+02
  4.7880673176909130E+02
  4.7852963769511678E+02
  4.7824659725466887E+02
  4.7795743830858333E+02
  4.7766198253456110E+02
  4.7736004516505119E+02
  4.7705143471248539E+02
  4.7673595268118419E+02
  4.7641339326522774E+02
  4.7608354303152498E+02
  4.7574618058730084E+02
  4.7540107623114704E+02
  4.7504799158674842E+02
  4.7468667921833713E+02
  4.7431688222689269E+02
  4.7393833382601014E+02
  4.7355075689635129E+02
  4.7315386351746764E+02
  4.7274735447577564E+02
  4.7233091874735459E+02
  4.7190423295417054E+02
  4.7146696079226371E+02
  4.7101875243033595E+02
  4.7055924387709632E+02
  4.7008805631562865E+02
  4.6960479540294176E+02
  4.6910905053277702E+02
  4.6860039405961811E+02
  4.6807838048175563E+02
  4.6754254558112859E+02
  4.6699240551755560E+02
  4.6642745587482852E+02
  4.6584717065602547E+02
  4.6525100122524088E+02
  4.6463837519282595E+02
  4.6400869524104371E+02
  4.6336133788694707E+02
  4.6269565217909388E+02
  4.6201095832458770E+02
  4.6130654624278316E+02
  4.6058167404183666E+02
  4.5983556641414009E+02
  4.5906741294654245E+02
  4.5827636634112287E+02
  4.5746154054217322E+02
  4.5662200876492597E+02
  4.5575680142149645E+02
  4.5486490393944592E+02
  4.5394525446833870E+02
  4.5299674146969494E+02
  4.5201820118580235E+02
  4.5100841498296262E+02
  4.4996610656496858E+02
  4.4888993905288169E+02
  4.4777851192756179E+02
  4.4663035783195579E+02
  4.8982781386466502E+02
  4.8974700239085843E+02
  4.8966508245333466E+02
  4.8958203302182386E+02
  4.8949783256090655E+02
  4.8941245901540572E+02
  4.8932588979527111E+02
  4.8923810175996266E+02
  4.8914907120230271E+02
  4.8905877383176664E+02
  4.8896718475720894E+02
  4.8887427846898748E+02
  4.8878002882047326E+02
  4.8868440900890977E+02
  4.8858739155560846E+02
  4.8848894828544695E+02
  4.8838905030563581E+02
  4.8828766798374699E+02
  4.8818477092494464E+02
  4.8808032794840818E+02
  4.8797430706290368E+02
  4.8786667544147548E+02
  4.8775739939521571E+02
  4.8764644434607595E+02
  4.8753377479868470E+02
  4.8741935431112449E+02
  4.8730314546462859E+02
  4.8718510983214520E+02
  4.8706520794573538E+02
  4.8694339926273858E+02
  4.8681964213066493E+02
  4.8669389375075320E+02
  4.8656611014014283E+02
  4.8643624609259632E+02
  4.8630425513770689E+02
  4.8617008949853147E+02
  4.8603370004757608E+02
  4.8589503626106205E+02
  4.8575404617139401E+02
  4.8561067631775825E+02
  4.8546487169475529E+02
  4.8531657569899448E+02
  4.8516573007353890E+02
  4.8501227485012481E+02
  4.8485614828903545E+02
  4.8469728681653845E+02
  4.8453562495975854E+02
  4.8437109527888180E+02
  4.8420362829656176E+02
  4.8403315242439265E+02
  4.8385959388631915E+02
  4.8368287663884172E+02
  4.8350292228784792E+02
  4.8331965000194049E+02
  4.8313297642206413E+02
  4.8294281556726878E+02
  4.8274907873643150E+02
  4.8255167440571819E+02
  4.8235050812160591E+02
  4.8214548238922504E+02
  4.8193649655580822E+02
  4.8172344668899990E+02
  4.8150622544977034E+02
  4.8128472195966577E+02
  4.8105882166212149E+02
  4.8082840617752328E+02
  4.8059335315172399E+02
  4.8035353609766076E+02
  4.8010882422974265E+02
  4.7985908229063102E+02
  4.7960417037001855E+02
  4.7934394371500707E+02
  4.7907825253163935E+02
  4.7880694177713121E+02
  4.7852985094231946E+02
  4.7824681382381078E+02
  4.7795765828529557E+02
  4.7766220600745351E+02
  4.7736027222583834E+02
  4.7705166545612377E+02
  4.7673618720601525E+02
  4.7641363167312130E+02
  4.7608378542804314E+02
  4.7574642708186082E+02
  4.7540132693719545E+02
  4.7504824662194306E+02
  4.7468693870474289E+02
  4.7431714629118318E+02
  4.7393860259968511E+02
  4.7355103051596046E+02
  4.7315414212485143E+02
  4.7274763821831783E+02
  4.7233120777824780E+02
  4.7190452743269850E+02
  4.7146726088410151E+02
  4.7101905830786137E+02
  4.7055955571972504E+02
  4.7008837431016434E+02
  4.6960511974395268E+02
  4.6910938142298966E+02
  4.6860073171033588E+02
  4.6807872511330152E+02
  4.6754289742331810E+02
  4.6699276481019513E+02
  4.6642782286824598E+02
  4.6584754561163066E+02
  4.6525138441612495E+02
  4.6463876690439594E+02
  4.6400909577169989E+02
  4.6336174754879869E+02
  4.6269607129872327E+02
  4.6201138724386385E+02
  4.6130698531972905E+02
  4.6058212365155146E+02
  4.5983602694978208E+02
  4.5906788482037859E+02
  4.5827684998564814E+02
  4.5746203641130199E+02
  4.5662251733527074E+02
  4.5575732319372628E+02
  4.5486543943974084E+02
  4.5394580424994604E+02
  4.5299730611459552E+02
  4.5201878130648191E+02
  4.5100901122431867E+02
  4.4996671960635047E+02
  4.4889056961026756E+02
  4.4777916075590110E+02
  4.4663102572766928E+02
  4.8982790568564491E+02
  4.8974709500150863E+02
  4.8966517586565539E+02
  4.8958212724807123E+02
  4.8949792761359879E+02
  4.8941255490732522E+02
  4.8932598653947883E+02
  4.8923819936980334E+02
  4.8914916969140921E+02
  4.8905887321407317E+02
  4.8896728504695454E+02
  4.8887437968073016E+02
  4.8878013096909274E+02
  4.8868451210962013E+02
  4.8858749562396929E+02
  4.8848905333736718E+02
  4.8838915635739164E+02
  4.8828777505198656E+02
  4.8818487902670086E+02
  4.8808043710110923E+02
  4.8797441728438622E+02
  4.8786678674999558E+02
  4.8775751180946077E+02
  4.8764655788517928E+02
  4.8753388948223784E+02
  4.8741947015919078E+02
  4.8730326249775800E+02
  4.8718522807138993E+02
  4.8706532741266420E+02
  4.8694351997945358E+02
  4.8681976411981719E+02
  4.8669401703556088E+02
  4.8656623474440994E+02
  4.8643637204072871E+02
  4.8630438245473363E+02
  4.8617021821012435E+02
  4.8603383018007179E+02
  4.8589516784147901E+02
  4.8575417922746107E+02
  4.8561081087793417E+02
  4.8546500778825350E+02
  4.8531671335580847E+02
  4.8516586932446921E+02
  4.8501241572680527E+02
  4.8485629082396241E+02
  4.8469743104309975E+02
  4.8453577091226407E+02
  4.8437124299259716E+02
  4.8420377780773850E+02
  4.8403330377030574E+02
  4.8385974710530166E+02
  4.8368303177032180E+02
  4.8350307937239194E+02
  4.8331980908129049E+02
  4.8313313753918061E+02
  4.8294297876637722E+02
  4.8274924406306661E+02
  4.8255184190677511E+02
  4.8235067784538967E+02
  4.8214565438550306E+02
  4.8193667087586613E+02
  4.8172362338570156E+02
  4.8150640457761330E+02
  4.8128490357484998E+02
  4.8105900582261171E+02
  4.8082859294312118E+02
  4.8059354258413890E+02
  4.8035372826058608E+02
  4.8010901918893546E+02
  4.7985928011399432E+02
  4.7960437112769051E+02
  4.7934414747945158E+02
  4.7907845937774164E+02
  4.7880715178229912E+02
  4.7853006418658748E+02
  4.7824703038995386E+02
  4.7795787825894388E+02
  4.7766242947721298E+02
  4.7736049928342277E+02
  4.7705189619648769E+02
  4.7673642172749487E+02
  4.7641387007758738E+02
  4.7608402782105412E+02
  4.7574667357282988E+02
  4.7540157763956563E+02
  4.7504850165337041E+02
  4.7468719818728886E+02
  4.7431741035151776E+02
  4.7393887136930431E+02
  4.7355130413140984E+02
  4.7315442072796770E+02
  4.7274792195648035E+02
  4.7233149680464572E+02
  4.7190482190661186E+02
  4.7146756097119908E+02
  4.7101936418051531E+02
  4.7055986755734540E+02
  4.7008869229955150E+02
  4.6960544407966790E+02
  4.6910971230775266E+02
  4.6860106935544326E+02
  4.6807906973907058E+02
  4.6754324925955700E+02
  4.6699312409670222E+02
  4.6642818985533995E+02
  4.6584792056071223E+02
  4.6525176760027875E+02
  4.6463915860901949E+02
  4.6400949629518186E+02
  4.6336215720323656E+02
  4.6269649041068857E+02
  4.6201181615521392E+02
  4.6130742438847352E+02
  4.6058257325277577E+02
  4.5983648747663057E+02
  4.5906835668510223E+02
  4.5827733362072490E+02
  4.5746253227063028E+02
  4.5662302589544294E+02
  4.5575784495539017E+02
  4.5486597492905753E+02
  4.5394635402014131E+02
  4.5299787074762060E+02
  4.5201936141479803E+02
  4.5100960745279696E+02
  4.4996733263430929E+02
  4.4889120015365313E+02
  4.4777980956962710E+02
  4.4663169360811958E+02
  4.8982799750568131E+02
  4.8974718761120420E+02
  4.8966526927701278E+02
  4.8958222147334504E+02
  4.8949802266530361E+02
  4.8941265079824780E+02
  4.8932608328267816E+02
  4.8923829697862237E+02
  4.8914926817948242E+02
  4.8905897259533344E+02
  4.8896738533564280E+02
  4.8887448089140094E+02
  4.8878023311662713E+02
  4.8868461520923302E+02
  4.8858759969121797E+02
  4.8848915838816362E+02
  4.8838926240800924E+02
  4.8828788211907221E+02
  4.8818498712728768E+02
  4.8808054625262673E+02
  4.8797452750466982E+02
  4.8786689805730083E+02
  4.8775762422247567E+02
  4.8764667142303563E+02
  4.8753400416452689E+02
  4.8741958600597638E+02
  4.8730337952958956E+02
  4.8718534630931896E+02
  4.8706544687825897E+02
  4.8694364069481537E+02
  4.8681988610759754E+02
  4.8669414031897719E+02
  4.8656635934726552E+02
  4.8643649798742905E+02
  4.8630450977030813E+02
  4.8617034692024413E+02
  4.8603396031107110E+02
  4.8589529942037797E+02
  4.8575431228198653E+02
  4.8561094543654451E+02
  4.8546514388016254E+02
  4.8531685101100948E+02
  4.8516600857376056E+02
  4.8501255660182170E+02
  4.8485643335719885E+02
  4.8469757526794336E+02
  4.8453591686302440E+02
  4.8437139070453821E+02
  4.8420392731711223E+02
  4.8403345511438488E+02
  4.8385990032241966E+02
  4.8368318689990656E+02
  4.8350323645500839E+02
  4.8331996815867853E+02
  4.8313329865430057E+02
  4.8294314196345380E+02
  4.8274940938763365E+02
  4.8255200940572701E+02
  4.8235084756702997E+02
  4.8214582637959853E+02
  4.8193684519370186E+02
  4.8172380008013812E+02
  4.8150658370314892E+02
  4.8128508518768211E+02
  4.8105918998070575E+02
  4.8082877970627658E+02
  4.8059373201406328E+02
  4.8035392042096993E+02
  4.8010921414553536E+02
  4.7985947793471257E+02
  4.7960457188266400E+02
  4.7934435124114145E+02
  4.7907866622103160E+02
  4.7880736178459392E+02
  4.7853027742792113E+02
  4.7824724695309988E+02
  4.7795809822952879E+02
  4.7766265294384220E+02
  4.7736072633780617E+02
  4.7705212693357720E+02
  4.7673665624562534E+02
  4.7641410847862483E+02
  4.7608427021055559E+02
  4.7574692006020729E+02
  4.7540182833825833E+02
  4.7504875668103028E+02
  4.7468745766597436E+02
  4.7431767440789594E+02
  4.7393914013486705E+02
  4.7355157774269981E+02
  4.7315469932681748E+02
  4.7274820569026417E+02
  4.7233178582654904E+02
  4.7190511637590936E+02
  4.7146786105355454E+02
  4.7101967004829828E+02
  4.7056017938995950E+02
  4.7008901028378989E+02
  4.6960576841008736E+02
  4.6911004318706637E+02
  4.6860140699494144E+02
  4.6807941435906332E+02
  4.6754360108984497E+02
  4.6699348337707607E+02
  4.6642855683611015E+02
  4.6584829550327316E+02
  4.6525215077770247E+02
  4.6463955030669524E+02
  4.6400989681148809E+02
  4.6336256685026109E+02
  4.6269690951498995E+02
  4.6201224505863877E+02
  4.6130786344901850E+02
  4.6058302284551132E+02
  4.5983694799468634E+02
  4.5906882854071358E+02
  4.5827781724635406E+02
  4.5746302812015739E+02
  4.5662353444544135E+02
  4.5575836670649051E+02
  4.5486651040739611E+02
  4.5394690377892005E+02
  4.5299843536877091E+02
  4.5201994151075246E+02
  4.5101020366839828E+02
  4.4996794564884425E+02
  4.4889183068303805E+02
  4.4778045836874031E+02
  4.4663236147330770E+02
  4.8982808932477508E+02
  4.8974728021994753E+02
  4.8966536268740600E+02
  4.8958231569764217E+02
  4.8949811771602219E+02
  4.8941274668817181E+02
  4.8932618002486748E+02
  4.8923839458641987E+02
  4.8914936666652261E+02
  4.8905907197554768E+02
  4.8896748562327178E+02
  4.8887458210100044E+02
  4.8878033526307740E+02
  4.8868471830774871E+02
  4.8858770375735565E+02
  4.8848926343783427E+02
  4.8838936845748623E+02
  4.8828798918500388E+02
  4.8818509522670735E+02
  4.8808065540296076E+02
  4.8797463772375477E+02
  4.8786700936339145E+02
  4.8775773663425872E+02
  4.8764678495964529E+02
  4.8753411884555265E+02
  4.8741970185148102E+02
  4.8730349656012271E+02
  4.8718546454593132E+02
  4.8706556634251928E+02
  4.8694376140882468E+02
  4.8682000809400535E+02
  4.8669426360100243E+02
  4.8656648394870945E+02
  4.8643662393269835E+02
  4.8630463708443006E+02
  4.8617047562888962E+02
  4.8603409044057372E+02
  4.8589543099775904E+02
  4.8575444533497216E+02
  4.8561107999359086E+02
  4.8546527997048247E+02
  4.8531698866459567E+02
  4.8516614782141386E+02
  4.8501269747517421E+02
  4.8485657588874466E+02
  4.8469771949107030E+02
  4.8453606281203957E+02
  4.8437153841470592E+02
  4.8420407682468249E+02
  4.8403360645663093E+02
  4.8386005353767320E+02
  4.8368334202759570E+02
  4.8350339353569586E+02
  4.8332012723410469E+02
  4.8313345976742488E+02
  4.8294330515849913E+02
  4.8274957471013403E+02
  4.8255217690257575E+02
  4.8235101728652819E+02
  4.8214599837151206E+02
  4.8193701950931552E+02
  4.8172397677231072E+02
  4.8150676282637767E+02
  4.8128526679816463E+02
  4.8105937413640288E+02
  4.8082896646698839E+02
  4.8059392144149513E+02
  4.8035411257881344E+02
  4.8010940909954383E+02
  4.7985967575278710E+02
  4.7960477263493817E+02
  4.7934455500007618E+02
  4.7907887306150798E+02
  4.7880757178401603E+02
  4.7853049066632201E+02
  4.7824746351324808E+02
  4.7795831819705006E+02
  4.7766287640733896E+02
  4.7736095338898707E+02
  4.7705235766739258E+02
  4.7673689076040648E+02
  4.7641434687623598E+02
  4.7608451259655016E+02
  4.7574716654399367E+02
  4.7540207903327359E+02
  4.7504901170492309E+02
  4.7468771714079963E+02
  4.7431793846031866E+02
  4.7393940889637366E+02
  4.7355185134982969E+02
  4.7315497792139928E+02
  4.7274848941966980E+02
  4.7233207484395712E+02
  4.7190541084059191E+02
  4.7146816113117006E+02
  4.7101997591120937E+02
  4.7056049121756570E+02
  4.7008932826287941E+02
  4.6960609273521004E+02
  4.6911037406093055E+02
  4.6860174462882969E+02
  4.6807975897327947E+02
  4.6754395291418206E+02
  4.6699384265131681E+02
  4.6642892381055748E+02
  4.6584867043931183E+02
  4.6525253394839712E+02
  4.6463994199742416E+02
  4.6401029732061977E+02
  4.6336297648987249E+02
  4.6269732861162896E+02
  4.6201267395413765E+02
  4.6130830250136131E+02
  4.6058347242975702E+02
  4.5983740850394946E+02
  4.5906930038721447E+02
  4.5827830086253715E+02
  4.5746352395988521E+02
  4.5662404298526855E+02
  4.5575888844702644E+02
  4.5486704587475765E+02
  4.5394745352628695E+02
  4.5299899997804590E+02
  4.5202052159434555E+02
  4.5101079987112280E+02
  4.4996855864995831E+02
  4.4889246119842329E+02
  4.4778110715324146E+02
  4.4663302932323353E+02
  4.8982818114292593E+02
  4.8974737282773714E+02
  4.8966545609683442E+02
  4.8958240992096484E+02
  4.8949821276575454E+02
  4.8941284257709776E+02
  4.8932627676604727E+02
  4.8923849219319590E+02
  4.8914946515252814E+02
  4.8905917135471628E+02
  4.8896758590984200E+02
  4.8887468330952862E+02
  4.8878043740844356E+02
  4.8868482140516619E+02
  4.8858780782238256E+02
  4.8848936848637976E+02
  4.8838947450582452E+02
  4.8828809624978254E+02
  4.8818520332495729E+02
  4.8808076455211119E+02
  4.8797474794164043E+02
  4.8786712066826715E+02
  4.8775784904481213E+02
  4.8764689849500792E+02
  4.8753423352531490E+02
  4.8741981769570498E+02
  4.8730361358935738E+02
  4.8718558278122794E+02
  4.8706568580544547E+02
  4.8694388212148084E+02
  4.8682013007904209E+02
  4.8669438688163632E+02
  4.8656660854874247E+02
  4.8643674987653560E+02
  4.8630476439709889E+02
  4.8617060433606133E+02
  4.8603422056858170E+02
  4.8589556257362204E+02
  4.8575457838641609E+02
  4.8561121454907294E+02
  4.8546541605921459E+02
  4.8531712631657018E+02
  4.8516628706742915E+02
  4.8501283834686200E+02
  4.8485671841860062E+02
  4.8469786371247818E+02
  4.8453620875930915E+02
  4.8437168612309841E+02
  4.8420422633044893E+02
  4.8403375779704311E+02
  4.8386020675106221E+02
  4.8368349715338888E+02
  4.8350355061445549E+02
  4.8332028630756929E+02
  4.8313362087855370E+02
  4.8294346835151288E+02
  4.8274974003056741E+02
  4.8255234439731890E+02
  4.8235118700388369E+02
  4.8214617036124417E+02
  4.8193719382270660E+02
  4.8172415346221914E+02
  4.8150694194730028E+02
  4.8128544840629530E+02
  4.8105955828970446E+02
  4.8082915322525713E+02
  4.8059411086643661E+02
  4.8035430473411662E+02
  4.8010960405096068E+02
  4.7985987356821659E+02
  4.7960497338451353E+02
  4.7934475875625571E+02
  4.7907907989917203E+02
  4.7880778178056710E+02
  4.7853070390178812E+02
  4.7824768007039808E+02
  4.7795853816150742E+02
  4.7766309986770432E+02
  4.7736118043696786E+02
  4.7705258839793299E+02
  4.7673712527183773E+02
  4.7641458527041976E+02
  4.7608475497903669E+02
  4.7574741302418835E+02
  4.7540232972461098E+02
  4.7504926672504899E+02
  4.7468797661176592E+02
  4.7431820250878474E+02
  4.7393967765382519E+02
  4.7355212495280102E+02
  4.7315525651171413E+02
  4.7274877314469660E+02
  4.7233236385687053E+02
  4.7190570530065838E+02
  4.7146846120404518E+02
  4.7102028176924949E+02
  4.7056080304016524E+02
  4.7008964623682050E+02
  4.6960641705503770E+02
  4.6911070492934573E+02
  4.6860208225710943E+02
  4.6808010358171896E+02
  4.6754430473256815E+02
  4.6699420191942522E+02
  4.6642929077868234E+02
  4.6584904536882925E+02
  4.6525291711236156E+02
  4.6464033368120550E+02
  4.6401069782257690E+02
  4.6336338612207038E+02
  4.6269774770060451E+02
  4.6201310284171188E+02
  4.6130874154550514E+02
  4.6058392200551407E+02
  4.5983786900442027E+02
  4.5906977222460432E+02
  4.5827878446927292E+02
  4.5746401978981322E+02
  4.5662455151492458E+02
  4.5575941017699824E+02
  4.5486758133114091E+02
  4.5394800326223969E+02
  4.5299956457544801E+02
  4.5202110166557651E+02
  4.5101139606097053E+02
  4.4996917163764954E+02
  4.4889309169980987E+02
  4.4778175592313136E+02
  4.4663369715789844E+02
  4.8982827296013414E+02
  4.8974746543457286E+02
  4.8966554950529905E+02
  4.8958250414331201E+02
  4.8949830781450004E+02
  4.8941293846502560E+02
  4.8932637350621684E+02
  4.8923858979895095E+02
  4.8914956363750053E+02
  4.8905927073283954E+02
  4.8896768619535533E+02
  4.8887478451698581E+02
  4.8878053955272549E+02
  4.8868492450148710E+02
  4.8858791188629766E+02
  4.8848947353379964E+02
  4.8838958055302334E+02
  4.8828820331340773E+02
  4.8818531142203932E+02
  4.8808087370007809E+02
  4.8797485815832727E+02
  4.8786723197192907E+02
  4.8775796145413545E+02
  4.8764701202912335E+02
  4.8753434820381267E+02
  4.8741993353864802E+02
  4.8730373061729438E+02
  4.8718570101520919E+02
  4.8706580526703743E+02
  4.8694400283278424E+02
  4.8682025206270646E+02
  4.8669451016087868E+02
  4.8656673314736429E+02
  4.8643687581894113E+02
  4.8630489170831567E+02
  4.8617073304175904E+02
  4.8603435069509391E+02
  4.8589569414796631E+02
  4.8575471143631836E+02
  4.8561134910299046E+02
  4.8546555214635879E+02
  4.8531726396693176E+02
  4.8516642631180650E+02
  4.8501297921688632E+02
  4.8485686094676566E+02
  4.8469800793216956E+02
  4.8453635470483403E+02
  4.8437183382971801E+02
  4.8420437583441242E+02
  4.8403390913562276E+02
  4.8386035996258744E+02
  4.8368365227728583E+02
  4.8350370769128659E+02
  4.8332044537907319E+02
  4.8313378198768606E+02
  4.8294363154249697E+02
  4.8274990534893323E+02
  4.8255251188995732E+02
  4.8235135671909609E+02
  4.8214634234879367E+02
  4.8193736813387488E+02
  4.8172433014986404E+02
  4.8150712106591544E+02
  4.8128563001207505E+02
  4.8105974244060951E+02
  4.8082933998108308E+02
  4.8059430028888767E+02
  4.8035449688687953E+02
  4.8010979899978599E+02
  4.7986007138100194E+02
  4.7960517413139030E+02
  4.7934496250968084E+02
  4.7907928673402336E+02
  4.7880799177424433E+02
  4.7853091713431996E+02
  4.7824789662455049E+02
  4.7795875812290200E+02
  4.7766332332493914E+02
  4.7736140748174529E+02
  4.7705281912519939E+02
  4.7673735977991902E+02
  4.7641482366117555E+02
  4.7608499735801581E+02
  4.7574765950079234E+02
  4.7540258041227025E+02
  4.7504952174140800E+02
  4.7468823607887180E+02
  4.7431846655329480E+02
  4.7393994640722025E+02
  4.7355239855161227E+02
  4.7315553509776288E+02
  4.7274905686534453E+02
  4.7233265286528956E+02
  4.7190599975611059E+02
  4.7146876127217899E+02
  4.7102058762241825E+02
  4.7056111485775750E+02
  4.7008996420561363E+02
  4.6960674136956993E+02
  4.6911103579231121E+02
  4.6860241987977946E+02
  4.6808044818438259E+02
  4.6754465654500410E+02
  4.6699456118140131E+02
  4.6642965774048520E+02
  4.6584942029182525E+02
  4.6525330026959784E+02
  4.6464072535804115E+02
  4.6401109831735988E+02
  4.6336379574685589E+02
  4.6269816678191762E+02
  4.6201353172136066E+02
  4.6130918058144874E+02
  4.6058437157278320E+02
  4.5983832949609877E+02
  4.5907024405288200E+02
  4.5827926806656257E+02
  4.5746451560994069E+02
  4.5662506003440893E+02
  4.5575993189640701E+02
  4.5486811677654867E+02
  4.5394855298677942E+02
  4.5300012916097575E+02
  4.5202168172444823E+02
  4.5101199223794345E+02
  4.4996978461192111E+02
  4.4889372218719711E+02
  4.4778240467840970E+02
  4.4663436497730356E+02
  4.8982836477639910E+02
  4.8974755804045566E+02
  4.8966564291279894E+02
  4.8958259836468363E+02
  4.8949840286225913E+02
  4.8941303435195596E+02
  4.8932647024537744E+02
  4.8923868740368391E+02
  4.8914966212144003E+02
  4.8905937010991613E+02
  4.8896778647980841E+02
  4.8887488572337139E+02
  4.8878064169592244E+02
  4.8868502759670889E+02
  4.8858801594910159E+02
  4.8848957858009516E+02
  4.8838968659908363E+02
  4.8828831037587844E+02
  4.8818541951795368E+02
  4.8808098284686093E+02
  4.8797496837381550E+02
  4.8786734327437546E+02
  4.8775807386222777E+02
  4.8764712556199157E+02
  4.8753446288104749E+02
  4.8742004938031045E+02
  4.8730384764393347E+02
  4.8718581924787424E+02
  4.8706592472729562E+02
  4.8694412354273510E+02
  4.8682037404499886E+02
  4.8669463343872951E+02
  4.8656685774457446E+02
  4.8643700175991489E+02
  4.8630501901808015E+02
  4.8617086174598290E+02
  4.8603448082011028E+02
  4.8589582572079291E+02
  4.8575484448468120E+02
  4.8561148365534410E+02
  4.8546568823191393E+02
  4.8531740161568001E+02
  4.8516656555454529E+02
  4.8501312008524616E+02
  4.8485700347323984E+02
  4.8469815215014211E+02
  4.8453650064861250E+02
  4.8437198153456342E+02
  4.8420452533657254E+02
  4.8403406047236905E+02
  4.8386051317224837E+02
  4.8368380739928790E+02
  4.8350386476618894E+02
  4.8332060444861418E+02
  4.8313394309482265E+02
  4.8294379473144869E+02
  4.8275007066523170E+02
  4.8255267938049309E+02
  4.8235152643216645E+02
  4.8214651433416179E+02
  4.8193754244282036E+02
  4.8172450683524499E+02
  4.8150730018222367E+02
  4.8128581161550477E+02
  4.8105992658911862E+02
  4.8082952673446681E+02
  4.8059448970884671E+02
  4.8035468903710142E+02
  4.8010999394601976E+02
  4.7986026919114295E+02
  4.7960537487556871E+02
  4.7934516626035116E+02
  4.7907949356606196E+02
  4.7880820176505017E+02
  4.7853113036391835E+02
  4.7824811317570538E+02
  4.7795897808123317E+02
  4.7766354677904144E+02
  4.7736163452332210E+02
  4.7705304984919184E+02
  4.7673759428465183E+02
  4.7641506204850498E+02
  4.7608523973348719E+02
  4.7574790597380525E+02
  4.7540283109625318E+02
  4.7504977675399965E+02
  4.7468849554211783E+02
  4.7431873059384935E+02
  4.7394021515656021E+02
  4.7355267214626468E+02
  4.7315581367954491E+02
  4.7274934058161443E+02
  4.7233294186921484E+02
  4.7190629420694665E+02
  4.7146906133557189E+02
  4.7102089347071626E+02
  4.7056142667034351E+02
  4.7009028216925890E+02
  4.6960706567880601E+02
  4.6911136664982814E+02
  4.6860275749684024E+02
  4.6808079278127013E+02
  4.6754500835149020E+02
  4.6699492043724536E+02
  4.6643002469596485E+02
  4.6584979520830069E+02
  4.6525368342010506E+02
  4.6464111702793031E+02
  4.6401149880496894E+02
  4.6336420536422895E+02
  4.6269858585556847E+02
  4.6201396059308547E+02
  4.6130961960919376E+02
  4.6058482113156282E+02
  4.5983878997898574E+02
  4.5907071587205041E+02
  4.5827975165440608E+02
  4.5746501142026955E+02
  4.5662556854372178E+02
  4.5576045360525330E+02
  4.5486865221097992E+02
  4.5394910269990714E+02
  4.5300069373462952E+02
  4.5202226177095883E+02
  4.5101258840204002E+02
  4.4997039757277150E+02
  4.4889435266058643E+02
  4.4778305341907850E+02
  4.4663503278144765E+02
  4.8982845659172159E+02
  4.8974765064538525E+02
  4.8966573631933494E+02
  4.8958269258508051E+02
  4.8949849790903204E+02
  4.8941313023788882E+02
  4.8932656698352923E+02
  4.8923878500739607E+02
  4.8914976060434560E+02
  4.8905946948594703E+02
  4.8896788676320404E+02
  4.8887498692868701E+02
  4.8878074383803619E+02
  4.8868513069083394E+02
  4.8858812001079463E+02
  4.8848968362526534E+02
  4.8838979264400473E+02
  4.8828841743719602E+02
  4.8818552761269939E+02
  4.8808109199246144E+02
  4.8797507858810457E+02
  4.8786745457560812E+02
  4.8775818626908887E+02
  4.8764723909361317E+02
  4.8753457755701851E+02
  4.8742016522069247E+02
  4.8730396466927357E+02
  4.8718593747922353E+02
  4.8706604418621941E+02
  4.8694424425133286E+02
  4.8682049602592014E+02
  4.8669475671518899E+02
  4.8656698234037339E+02
  4.8643712769945722E+02
  4.8630514632639108E+02
  4.8617099044873328E+02
  4.8603461094363132E+02
  4.8589595729210140E+02
  4.8575497753150182E+02
  4.8561161820613273E+02
  4.8546582431588115E+02
  4.8531753926281539E+02
  4.8516670479564584E+02
  4.8501326095194213E+02
  4.8485714599802458E+02
  4.8469829636639787E+02
  4.8453664659064611E+02
  4.8437212923763457E+02
  4.8420467483692966E+02
  4.8403421180728151E+02
  4.8386066638004559E+02
  4.8368396251939333E+02
  4.8350402183916373E+02
  4.8332076351619406E+02
  4.8313410419996393E+02
  4.8294395791837024E+02
  4.8275023597946347E+02
  4.8255284686892338E+02
  4.8235169614309444E+02
  4.8214668631734804E+02
  4.8193771674954473E+02
  4.8172468351836199E+02
  4.8150747929622565E+02
  4.8128599321658390E+02
  4.8106011073523212E+02
  4.8082971348540707E+02
  4.8059467912631612E+02
  4.8035488118478207E+02
  4.8011018888966163E+02
  4.7986046699863999E+02
  4.7960557561704820E+02
  4.7934537000826725E+02
  4.7907970039528874E+02
  4.7880841175298349E+02
  4.7853134359058254E+02
  4.7824832972386304E+02
  4.7795919803650088E+02
  4.7766377023001343E+02
  4.7736186156169691E+02
  4.7705328056991004E+02
  4.7673782878603470E+02
  4.7641530043240704E+02
  4.7608548210545086E+02
  4.7574815244322701E+02
  4.7540308177655874E+02
  4.7505003176282509E+02
  4.7468875500150494E+02
  4.7431899463044738E+02
  4.7394048390184383E+02
  4.7355294573675826E+02
  4.7315609225706004E+02
  4.7274962429350569E+02
  4.7233323086864510E+02
  4.7190658865316823E+02
  4.7146936139422576E+02
  4.7102119931414398E+02
  4.7056173847792275E+02
  4.7009060012775552E+02
  4.6960738998274729E+02
  4.6911169750189634E+02
  4.6860309510829245E+02
  4.6808113737238170E+02
  4.6754536015202524E+02
  4.6699527968695674E+02
  4.6643039164512288E+02
  4.6585017011825516E+02
  4.6525406656388333E+02
  4.6464150869087308E+02
  4.6401189928540401E+02
  4.6336461497418929E+02
  4.6269900492155648E+02
  4.6201438945688648E+02
  4.6131005862873820E+02
  4.6058527068185555E+02
  4.5983925045308138E+02
  4.5907118768210751E+02
  4.5828023523280393E+02
  4.5746550722080002E+02
  4.5662607704286501E+02
  4.5576097530353644E+02
  4.5486918763443600E+02
  4.5394965240162196E+02
  4.5300125829641127E+02
  4.5202284180510969E+02
  4.5101318455326231E+02
  4.4997101052020190E+02
  4.4889498311997835E+02
  4.4778370214513694E+02
  4.4663570057033331E+02
  4.8982854840610116E+02
  4.8974774324936078E+02
  4.8966582972490619E+02
  4.8958278680450178E+02
  4.8949859295481860E+02
  4.8941322612282255E+02
  4.8932666372067047E+02
  4.8923888261008619E+02
  4.8914985908621838E+02
  4.8905956886093293E+02
  4.8896798704554232E+02
  4.8887508813293005E+02
  4.8878084597906479E+02
  4.8868523378386163E+02
  4.8858822407137654E+02
  4.8848978866931094E+02
  4.8838989868778549E+02
  4.8828852449736007E+02
  4.8818563570627549E+02
  4.8808120113687778E+02
  4.8797518880119532E+02
  4.8786756587562667E+02
  4.8775829867472009E+02
  4.8764735262398864E+02
  4.8753469223172596E+02
  4.8742028105979387E+02
  4.8730408169331605E+02
  4.8718605570925604E+02
  4.8706616364380852E+02
  4.8694436495857707E+02
  4.8682061800546933E+02
  4.8669487999025785E+02
  4.8656710693476100E+02
  4.8643725363756715E+02
  4.8630527363325041E+02
  4.8617111915000885E+02
  4.8603474106565574E+02
  4.8589608886189239E+02
  4.8575511057678182E+02
  4.8561175275535754E+02
  4.8546596039825999E+02
  4.8531767690833823E+02
  4.8516684403510845E+02
  4.8501340181697486E+02
  4.8485728852111748E+02
  4.8469844058093651E+02
  4.8453679253093424E+02
  4.8437227693893198E+02
  4.8420482433548386E+02
  4.8403436314036048E+02
  4.8386081958597828E+02
  4.8368411763760315E+02
  4.8350417891021095E+02
  4.8332092258181268E+02
  4.8313426530310903E+02
  4.8294412110326078E+02
  4.8275040129162772E+02
  4.8255301435524865E+02
  4.8235186585187927E+02
  4.8214685829835236E+02
  4.8193789105404630E+02
  4.8172486019921570E+02
  4.8150765840792246E+02
  4.8128617481531137E+02
  4.8106029487894898E+02
  4.8082990023390448E+02
  4.8059486854129409E+02
  4.8035507332992364E+02
  4.8011038383071190E+02
  4.7986066480349194E+02
  4.7960577635582877E+02
  4.7934557375342786E+02
  4.7907990722170229E+02
  4.7880862173804519E+02
  4.7853155681431326E+02
  4.7824854626902390E+02
  4.7795941798870547E+02
  4.7766399367785448E+02
  4.7736208859687076E+02
  4.7705351128735396E+02
  4.7673806328406903E+02
  4.7641553881288252E+02
  4.7608572447390725E+02
  4.7574839890905878E+02
  4.7540333245318669E+02
  4.7505028676788396E+02
  4.7468901445703250E+02
  4.7431925866309143E+02
  4.7394075264307327E+02
  4.7355321932309249E+02
  4.7315637083030896E+02
  4.7274990800101881E+02
  4.7233351986358093E+02
  4.7190688309477616E+02
  4.7146966144813928E+02
  4.7102150515270040E+02
  4.7056205028049550E+02
  4.7009091808110423E+02
  4.6960771428139316E+02
  4.6911202834851548E+02
  4.6860343271413535E+02
  4.6808148195771810E+02
  4.6754571194661065E+02
  4.6699563893053590E+02
  4.6643075858795851E+02
  4.6585054502168799E+02
  4.6525444970093298E+02
  4.6464190034686982E+02
  4.6401229975866630E+02
  4.6336502457673811E+02
  4.6269942397988257E+02
  4.6201481831276266E+02
  4.6131049764008463E+02
  4.6058572022365945E+02
  4.5983971091838623E+02
  4.5907165948305556E+02
  4.5828071880175634E+02
  4.5746600301153228E+02
  4.5662658553183735E+02
  4.5576149699125847E+02
  4.5486972304691608E+02
  4.5395020209192597E+02
  4.5300182284632086E+02
  4.5202342182690165E+02
  4.5101378069160990E+02
  4.4997162345421344E+02
  4.4889561356537456E+02
  4.4778435085658663E+02
  4.4663636834395925E+02
  4.8982864021953810E+02
  4.8974783585238282E+02
  4.8966592312951394E+02
  4.8958288102294802E+02
  4.8949868799961797E+02
  4.8941332200675981E+02
  4.8932676045680256E+02
  4.8923898021175552E+02
  4.8914995756705650E+02
  4.8905966823487171E+02
  4.8896808732682058E+02
  4.8887518933610249E+02
  4.8878094811900922E+02
  4.8868533687579060E+02
  4.8858832813084729E+02
  4.8848989371223132E+02
  4.8839000473042773E+02
  4.8828863155637021E+02
  4.8818574379868403E+02
  4.8808131028011189E+02
  4.8797529901308747E+02
  4.8786767717443018E+02
  4.8775841107912106E+02
  4.8764746615311617E+02
  4.8753480690516949E+02
  4.8742039689761447E+02
  4.8730419871606080E+02
  4.8718617393797274E+02
  4.8706628310006357E+02
  4.8694448566446948E+02
  4.8682073998364632E+02
  4.8669500326393506E+02
  4.8656723152773782E+02
  4.8643737957424571E+02
  4.8630540093865818E+02
  4.8617124784981138E+02
  4.8603487118618591E+02
  4.8589622043016419E+02
  4.8575524362052130E+02
  4.8561188730301791E+02
  4.8546609647905001E+02
  4.8531781455224757E+02
  4.8516698327293233E+02
  4.8501354268034339E+02
  4.8485743104252072E+02
  4.8469858479375671E+02
  4.8453693846947647E+02
  4.8437242463845610E+02
  4.8420497383223426E+02
  4.8403451447160813E+02
  4.8386097279004770E+02
  4.8368427275391809E+02
  4.8350433597932926E+02
  4.8332108164546986E+02
  4.8313442640425865E+02
  4.8294428428611997E+02
  4.8275056660172510E+02
  4.8255318183947099E+02
  4.8235203555852240E+02
  4.8214703027717502E+02
  4.8193806535632672E+02
  4.8172503687780500E+02
  4.8150783751731109E+02
  4.8128635641168904E+02
  4.8106047902027035E+02
  4.8083008697996007E+02
  4.8059505795378095E+02
  4.8035526547252476E+02
  4.8011057876917101E+02
  4.7986086260570073E+02
  4.7960597709191165E+02
  4.7934577749583428E+02
  4.7908011404530384E+02
  4.7880883172023448E+02
  4.7853177003511098E+02
  4.7824876281118679E+02
  4.7795963793784654E+02
  4.7766421712256380E+02
  4.7736231562884285E+02
  4.7705374200152386E+02
  4.7673829777875397E+02
  4.7641577718993062E+02
  4.7608596683885588E+02
  4.7574864537129929E+02
  4.7540358312613813E+02
  4.7505054176917605E+02
  4.7468927390870033E+02
  4.7431952269177867E+02
  4.7394102138024681E+02
  4.7355349290526760E+02
  4.7315664939929167E+02
  4.7275019170415487E+02
  4.7233380885402300E+02
  4.7190717753176767E+02
  4.7146996149731194E+02
  4.7102181098638664E+02
  4.7056236207806137E+02
  4.7009123602930561E+02
  4.6960803857474411E+02
  4.6911235918968646E+02
  4.6860377031437065E+02
  4.6808182653727812E+02
  4.6754606373524661E+02
  4.6699599816798434E+02
  4.6643112552447263E+02
  4.6585091991860071E+02
  4.6525483283125465E+02
  4.6464229199592074E+02
  4.6401270022475364E+02
  4.6336543417187494E+02
  4.6269984303054815E+02
  4.6201524716071543E+02
  4.6131093664323157E+02
  4.6058616975697709E+02
  4.5984017137490065E+02
  4.5907213127489342E+02
  4.5828120236126426E+02
  4.5746649879246695E+02
  4.5662709401064041E+02
  4.5576201866841780E+02
  4.5487025844842094E+02
  4.5395075177081833E+02
  4.5300238738435854E+02
  4.5202400183633483E+02
  4.5101437681708461E+02
  4.4997223637480641E+02
  4.4889624399677240E+02
  4.4778499955342750E+02
  4.4663703610232824E+02
  4.8982873203203212E+02
  4.8974792845445199E+02
  4.8966601653315740E+02
  4.8958297524041950E+02
  4.8949878304343190E+02
  4.8941341788969919E+02
  4.8932685719192523E+02
  4.8923907781240342E+02
  4.8915005604686183E+02
  4.8905976760776559E+02
  4.8896818760704122E+02
  4.8887529053820396E+02
  4.8878105025787073E+02
  4.8868543996662294E+02
  4.8858843218920617E+02
  4.8848999875402689E+02
  4.8839011077193067E+02
  4.8828873861422647E+02
  4.8818585188992427E+02
  4.8808141942216167E+02
  4.8797540922378005E+02
  4.8786778847201907E+02
  4.8775852348229091E+02
  4.8764757968099764E+02
  4.8753492157735008E+02
  4.8742051273415427E+02
  4.8730431573750718E+02
  4.8718629216537408E+02
  4.8706640255498542E+02
  4.8694460636900908E+02
  4.8682086196045174E+02
  4.8669512653622115E+02
  4.8656735611930310E+02
  4.8643750550949358E+02
  4.8630552824261156E+02
  4.8617137654814076E+02
  4.8603500130521934E+02
  4.8589635199691912E+02
  4.8575537666272010E+02
  4.8561202184911377E+02
  4.8546623255825222E+02
  4.8531795219454455E+02
  4.8516712250911854E+02
  4.8501368354204715E+02
  4.8485757356223360E+02
  4.8469872900486001E+02
  4.8453708440627440E+02
  4.8437257233620505E+02
  4.8420512332718249E+02
  4.8403466580102088E+02
  4.8386112599225288E+02
  4.8368442786833782E+02
  4.8350449304651971E+02
  4.8332124070716571E+02
  4.8313458750341226E+02
  4.8294444746694859E+02
  4.8275073190975485E+02
  4.8255334932158888E+02
  4.8235220526302271E+02
  4.8214720225381609E+02
  4.8193823965638353E+02
  4.8172521355413073E+02
  4.8150801662439312E+02
  4.8128653800571618E+02
  4.8106066315919594E+02
  4.8083027372357247E+02
  4.8059524736377710E+02
  4.8035545761258470E+02
  4.8011077370503892E+02
  4.7986106040526499E+02
  4.7960617782529602E+02
  4.7934598123548682E+02
  4.7908032086609359E+02
  4.7880904169955130E+02
  4.7853198325297433E+02
  4.7824897935035210E+02
  4.7795985788392483E+02
  4.7766444056414184E+02
  4.7736254265761437E+02
  4.7705397271242055E+02
  4.7673853227009033E+02
  4.7641601556355255E+02
  4.7608620920029796E+02
  4.7574889182994889E+02
  4.7540383379541197E+02
  4.7505079676670198E+02
  4.7468953335650997E+02
  4.7431978671651126E+02
  4.7394129011336503E+02
  4.7355376648328479E+02
  4.7315692796400759E+02
  4.7275047540291177E+02
  4.7233409783997217E+02
  4.7190747196414577E+02
  4.7147026154174455E+02
  4.7102211681520225E+02
  4.7056267387062212E+02
  4.7009155397235929E+02
  4.6960836286280090E+02
  4.6911269002540917E+02
  4.6860410790899687E+02
  4.6808217111106381E+02
  4.6754641551793310E+02
  4.6699635739930079E+02
  4.6643149245466486E+02
  4.6585129480899337E+02
  4.6525521595484747E+02
  4.6464268363802677E+02
  4.6401310068366922E+02
  4.6336584375960041E+02
  4.6270026207355181E+02
  4.6201567600074486E+02
  4.6131137563818083E+02
  4.6058661928180669E+02
  4.5984063182262321E+02
  4.5907260305762242E+02
  4.5828168591132714E+02
  4.5746699456360290E+02
  4.5662760247927338E+02
  4.5576254033501658E+02
  4.5487079383895184E+02
  4.5395130143830045E+02
  4.5300295191052464E+02
  4.5202458183340951E+02
  4.5101497292968634E+02
  4.4997284928198007E+02
  4.4889687441417618E+02
  4.4778564823566103E+02
  4.4663770384543892E+02
  4.8982882384358328E+02
  4.8974802105556762E+02
  4.8966610993583635E+02
  4.8958306945691470E+02
  4.8949887808625908E+02
  4.8941351377164000E+02
  4.8932695392603858E+02
  4.8923917541202962E+02
  4.8915015452563398E+02
  4.8905986697961401E+02
  4.8896828788620297E+02
  4.8887539173923381E+02
  4.8878115239564670E+02
  4.8868554305635735E+02
  4.8858853624645457E+02
  4.8849010379469712E+02
  4.8839021681229480E+02
  4.8828884567092979E+02
  4.8818595997999654E+02
  4.8808152856302746E+02
  4.8797551943327448E+02
  4.8786789976839458E+02
  4.8775863588423164E+02
  4.8764769320763179E+02
  4.8753503624826675E+02
  4.8742062856941396E+02
  4.8730443275765617E+02
  4.8718641039145973E+02
  4.8706652200857224E+02
  4.8694472707219586E+02
  4.8682098393588535E+02
  4.8669524980711537E+02
  4.8656748070945764E+02
  4.8643763144330910E+02
  4.8630565554511395E+02
  4.8617150524499522E+02
  4.8603513142275841E+02
  4.8589648356215628E+02
  4.8575550970337821E+02
  4.8561215639364531E+02
  4.8546636863586599E+02
  4.8531808983522876E+02
  4.8516726174366744E+02
  4.8501382440208738E+02
  4.8485771608025624E+02
  4.8469887321424596E+02
  4.8453723034132679E+02
  4.8437272003218123E+02
  4.8420527282032663E+02
  4.8403481712860111E+02
  4.8386127919259405E+02
  4.8368458298086091E+02
  4.8350465011178215E+02
  4.8332139976690002E+02
  4.8313474860057028E+02
  4.8294461064574733E+02
  4.8275089721571857E+02
  4.8255351680160157E+02
  4.8235237496538025E+02
  4.8214737422827500E+02
  4.8193841395421924E+02
  4.8172539022819268E+02
  4.8150819572916936E+02
  4.8128671959739296E+02
  4.8106084729572467E+02
  4.8083046046474237E+02
  4.8059543677128295E+02
  4.8035564975010459E+02
  4.8011096863831540E+02
  4.7986125820218507E+02
  4.7960637855598117E+02
  4.7934618497238444E+02
  4.7908052768407032E+02
  4.7880925167599668E+02
  4.7853219646790359E+02
  4.7824919588652057E+02
  4.7796007782694056E+02
  4.7766466400259009E+02
  4.7736276968318418E+02
  4.7705420342004260E+02
  4.7673876675807668E+02
  4.7641625393374744E+02
  4.7608645155823189E+02
  4.7574913828500758E+02
  4.7540408446100935E+02
  4.7505105176046027E+02
  4.7468979280045932E+02
  4.7432005073728777E+02
  4.7394155884242781E+02
  4.7355404005714314E+02
  4.7315720652445805E+02
  4.7275075909729156E+02
  4.7233438682142605E+02
  4.7190776639190949E+02
  4.7147056158143857E+02
  4.7102242263914735E+02
  4.7056298565817639E+02
  4.7009187191026621E+02
  4.6960868714556193E+02
  4.6911302085568371E+02
  4.6860444549801537E+02
  4.6808251567907354E+02
  4.6754676729466968E+02
  4.6699671662448628E+02
  4.6643185937853553E+02
  4.6585166969286604E+02
  4.6525559907171333E+02
  4.6464307527318692E+02
  4.6401350113541150E+02
  4.6336625333991464E+02
  4.6270068110889321E+02
  4.6201610483285111E+02
  4.6131181462493100E+02
  4.6058706879814923E+02
  4.5984109226155709E+02
  4.5907307483124237E+02
  4.5828216945194566E+02
  4.5746749032494188E+02
  4.5662811093773746E+02
  4.5576306199105471E+02
  4.5487132921850827E+02
  4.5395185109437239E+02
  4.5300351642482082E+02
  4.5202516181812649E+02
  4.5101556902941456E+02
  4.4997346217573619E+02
  4.4889750481758466E+02
  4.4778629690328660E+02
  4.4663837157329380E+02
  4.8982891565419163E+02
  4.8974811365573066E+02
  4.8966620333755083E+02
  4.8958316367243600E+02
  4.8949897312809975E+02
  4.8941360965258275E+02
  4.8932705065914269E+02
  4.8923927301063594E+02
  4.8915025300337254E+02
  4.8905996635041657E+02
  4.8896838816430756E+02
  4.8887549293919307E+02
  4.8878125453233889E+02
  4.8868564614499473E+02
  4.8858864030259139E+02
  4.8849020883424214E+02
  4.8839032285151973E+02
  4.8828895272647895E+02
  4.8818606806890011E+02
  4.8808163770271119E+02
  4.8797562964156970E+02
  4.8786801106355460E+02
  4.8775874828493994E+02
  4.8764780673302045E+02
  4.8753515091792036E+02
  4.8742074440339240E+02
  4.8730454977650612E+02
  4.8718652861622940E+02
  4.8706664146082562E+02
  4.8694484777402954E+02
  4.8682110590994762E+02
  4.8669537307661864E+02
  4.8656760529820042E+02
  4.8643775737569416E+02
  4.8630578284616348E+02
  4.8617163394037681E+02
  4.8603526153880114E+02
  4.8589661512587543E+02
  4.8575564274249467E+02
  4.8561229093661348E+02
  4.8546650471189167E+02
  4.8531822747429993E+02
  4.8516740097657816E+02
  4.8501396526046432E+02
  4.8485785859658893E+02
  4.8469901742191462E+02
  4.8453737627463380E+02
  4.8437286772638339E+02
  4.8420542231166843E+02
  4.8403496845434825E+02
  4.8386143239107116E+02
  4.8368473809148924E+02
  4.8350480717511624E+02
  4.8332155882467322E+02
  4.8313490969573314E+02
  4.8294477382251358E+02
  4.8275106251961466E+02
  4.8255368427951112E+02
  4.8235254466559644E+02
  4.8214754620055317E+02
  4.8193858824983255E+02
  4.8172556689999197E+02
  4.8150837483163832E+02
  4.8128690118671869E+02
  4.8106103142985847E+02
  4.8083064720346982E+02
  4.8059562617629797E+02
  4.8035584188508483E+02
  4.8011116356899953E+02
  4.7986145599646164E+02
  4.7960657928396887E+02
  4.7934638870652765E+02
  4.7908073449923540E+02
  4.7880946164957055E+02
  4.7853240967990007E+02
  4.7824941241969151E+02
  4.7796029776689340E+02
  4.7766488743790654E+02
  4.7736299670555343E+02
  4.7705443412439143E+02
  4.7673900124271455E+02
  4.7641649230051559E+02
  4.7608669391265892E+02
  4.7574938473647700E+02
  4.7540433512292958E+02
  4.7505130675045388E+02
  4.7469005224055036E+02
  4.7432031475410986E+02
  4.7394182756743584E+02
  4.7355431362684226E+02
  4.7315748508064149E+02
  4.7275104278729390E+02
  4.7233467579838685E+02
  4.7190806081505849E+02
  4.7147086161639140E+02
  4.7102272845822284E+02
  4.7056329744072445E+02
  4.7009218984302538E+02
  4.6960901142302930E+02
  4.6911335168051039E+02
  4.6860478308142564E+02
  4.6808286024130888E+02
  4.6754711906545742E+02
  4.6699707584354059E+02
  4.6643222629608579E+02
  4.6585204457021899E+02
  4.6525598218185161E+02
  4.6464346690140241E+02
  4.6401390157998168E+02
  4.6336666291281722E+02
  4.6270110013657472E+02
  4.6201653365703379E+02
  4.6131225360348361E+02
  4.6058751830600585E+02
  4.5984155269170060E+02
  4.5907354659575310E+02
  4.5828265298312061E+02
  4.5746798607648412E+02
  4.5662861938603362E+02
  4.5576358363653213E+02
  4.5487186458709158E+02
  4.5395240073903437E+02
  4.5300408092724462E+02
  4.5202574179048668E+02
  4.5101616511627111E+02
  4.4997407505607612E+02
  4.4889813520699795E+02
  4.4778694555630648E+02
  4.4663903928589247E+02
  4.8982900746385803E+02
  4.8974820625493925E+02
  4.8966629673830187E+02
  4.8958325788698147E+02
  4.8949906816895464E+02
  4.8941370553252892E+02
  4.8932714739123708E+02
  4.8923937060821953E+02
  4.8915035148007757E+02
  4.8906006572017310E+02
  4.8896848844135303E+02
  4.8887559413808071E+02
  4.8878135666794697E+02
  4.8868574923253442E+02
  4.8858874435761800E+02
  4.8849031387266263E+02
  4.8839042888960580E+02
  4.8828905978087482E+02
  4.8818617615663487E+02
  4.8808174684121116E+02
  4.8797573984866665E+02
  4.8786812235750062E+02
  4.8775886068441969E+02
  4.8764792025716088E+02
  4.8753526558631074E+02
  4.8742086023609119E+02
  4.8730466679405862E+02
  4.8718664683968348E+02
  4.8706676091174450E+02
  4.8694496847451171E+02
  4.8682122788263774E+02
  4.8669549634473088E+02
  4.8656772988553286E+02
  4.8643788330664682E+02
  4.8630591014576112E+02
  4.8617176263428513E+02
  4.8603539165334865E+02
  4.8589674668807606E+02
  4.8575577578007153E+02
  4.8561242547801669E+02
  4.8546664078632887E+02
  4.8531836511175811E+02
  4.8516754020785038E+02
  4.8501410611717750E+02
  4.8485800111123109E+02
  4.8469916162786501E+02
  4.8453752220619526E+02
  4.8437301541881237E+02
  4.8420557180120721E+02
  4.8403511977826270E+02
  4.8386158558768489E+02
  4.8368489320022195E+02
  4.8350496423652271E+02
  4.8332171788048549E+02
  4.8313507078890007E+02
  4.8294493699724995E+02
  4.8275122782144388E+02
  4.8255385175531677E+02
  4.8235271436366969E+02
  4.8214771817064855E+02
  4.8193876254322367E+02
  4.8172574356952646E+02
  4.8150855393180200E+02
  4.8128708277369384E+02
  4.8106121556159667E+02
  4.8083083393975517E+02
  4.8059581557882223E+02
  4.8035603401752485E+02
  4.8011135849709308E+02
  4.7986165378809415E+02
  4.7960678000925850E+02
  4.7934659243791702E+02
  4.7908094131158822E+02
  4.7880967162027252E+02
  4.7853262288896337E+02
  4.7824962894986601E+02
  4.7796051770378330E+02
  4.7766511087009314E+02
  4.7736322372472074E+02
  4.7705466482546649E+02
  4.7673923572400429E+02
  4.7641673066385698E+02
  4.7608693626357950E+02
  4.7574963118435539E+02
  4.7540458578117318E+02
  4.7505156173668053E+02
  4.7469031167678213E+02
  4.7432057876697644E+02
  4.7394209628838968E+02
  4.7355458719238396E+02
  4.7315776363255929E+02
  4.7275132647291827E+02
  4.7233496477085430E+02
  4.7190835523359414E+02
  4.7147116164660588E+02
  4.7102303427242822E+02
  4.7056360921826700E+02
  4.7009250777063693E+02
  4.6960933569520199E+02
  4.6911368249988874E+02
  4.6860512065922859E+02
  4.6808320479776904E+02
  4.6754747083029628E+02
  4.6699743505646319E+02
  4.6643259320731443E+02
  4.6585241944105201E+02
  4.6525636528526201E+02
  4.6464385852267316E+02
  4.6401430201737861E+02
  4.6336707247830981E+02
  4.6270151915659540E+02
  4.6201696247329420E+02
  4.6131269257383860E+02
  4.6058796780537580E+02
  4.5984201311305469E+02
  4.5907401835115547E+02
  4.5828313650485120E+02
  4.5746848181823015E+02
  4.5662912782416032E+02
  4.5576410527144918E+02
  4.5487239994470076E+02
  4.5395295037228669E+02
  4.5300464541780019E+02
  4.5202632175049030E+02
  4.5101676119025552E+02
  4.4997468792299873E+02
  4.4889876558241815E+02
  4.4778759419472027E+02
  4.4663970698323618E+02
  4.8982909927258078E+02
  4.8974829885319497E+02
  4.8966639013808839E+02
  4.8958335210055128E+02
  4.8949916320882232E+02
  4.8941380141147664E+02
  4.8932724412232204E+02
  4.8923946820478238E+02
  4.8915044995574948E+02
  4.8906016508888410E+02
  4.8896858871734054E+02
  4.8887569533589789E+02
  4.8878145880247087E+02
  4.8868585231897634E+02
  4.8858884841153213E+02
  4.8849041890995818E+02
  4.8839053492655239E+02
  4.8828916683411700E+02
  4.8818628424320167E+02
  4.8808185597852713E+02
  4.8797585005456534E+02
  4.8786823365023213E+02
  4.8775897308266860E+02
  4.8764803378005479E+02
  4.8753538025343744E+02
  4.8742097606750878E+02
  4.8730478381031344E+02
  4.8718676506182106E+02
  4.8706688036133011E+02
  4.8694508917364078E+02
  4.8682134985395618E+02
  4.8669561961145183E+02
  4.8656785447145427E+02
  4.8643800923616880E+02
  4.8630603744390635E+02
  4.8617189132671928E+02
  4.8603552176640039E+02
  4.8589687824875961E+02
  4.8575590881610708E+02
  4.8561256001785597E+02
  4.8546677685917865E+02
  4.8531850274760444E+02
  4.8516767943748476E+02
  4.8501424697222734E+02
  4.8485814362418290E+02
  4.8469930583209918E+02
  4.8453766813601180E+02
  4.8437316310946727E+02
  4.8420572128894293E+02
  4.8403527110034469E+02
  4.8386173878243494E+02
  4.8368504830705899E+02
  4.8350512129600179E+02
  4.8332187693433599E+02
  4.8313523188007201E+02
  4.8294510016995571E+02
  4.8275139312120723E+02
  4.8255401922901791E+02
  4.8235288405960057E+02
  4.8214789013856358E+02
  4.8193893683439308E+02
  4.8172592023679863E+02
  4.8150873302965857E+02
  4.8128726435831987E+02
  4.8106139969093903E+02
  4.8083102067359795E+02
  4.8059600497885691E+02
  4.8035622614742488E+02
  4.8011155342259622E+02
  4.7986185157708258E+02
  4.7960698073184989E+02
  4.7934679616655194E+02
  4.7908114812112927E+02
  4.7880988158810237E+02
  4.7853283609509333E+02
  4.7824984547704372E+02
  4.7796073763761046E+02
  4.7766533429914881E+02
  4.7736345074068811E+02
  4.7705489552326782E+02
  4.7673947020194510E+02
  4.7641696902377282E+02
  4.7608717861099257E+02
  4.7574987762864316E+02
  4.7540483643573998E+02
  4.7505181671914119E+02
  4.7469057110915537E+02
  4.7432084277588763E+02
  4.7394236500528837E+02
  4.7355486075376655E+02
  4.7315804218021191E+02
  4.7275161015416489E+02
  4.7233525373882810E+02
  4.7190864964751472E+02
  4.7147146167208098E+02
  4.7102334008176445E+02
  4.7056392099080472E+02
  4.7009282569310250E+02
  4.6960965996208051E+02
  4.6911401331382024E+02
  4.6860545823142269E+02
  4.6808354934845448E+02
  4.6754782258918624E+02
  4.6699779426325551E+02
  4.6643296011222213E+02
  4.6585279430536582E+02
  4.6525674838194470E+02
  4.6464425013699878E+02
  4.6401470244760390E+02
  4.6336748203639138E+02
  4.6270193816895585E+02
  4.6201739128163291E+02
  4.6131313153599689E+02
  4.6058841729626050E+02
  4.5984247352561874E+02
  4.5907449009745096E+02
  4.5828362001713845E+02
  4.5746897755017903E+02
  4.5662963625211978E+02
  4.5576462689580637E+02
  4.5487293529133791E+02
  4.5395349999413025E+02
  4.5300520989648538E+02
  4.5202690169813638E+02
  4.5101735725136922E+02
  4.4997530077650458E+02
  4.4889939594384498E+02
  4.4778824281852843E+02
  4.4664037466532454E+02
  4.8982919108036162E+02
  4.8974839145049765E+02
  4.8966648353691147E+02
  4.8958344631314719E+02
  4.8949925824770457E+02
  4.8941389728942761E+02
  4.8932734085239787E+02
  4.8923956580032387E+02
  4.8915054843038843E+02
  4.8906026445654976E+02
  4.8896868899227059E+02
  4.8887579653264311E+02
  4.8878156093591105E+02
  4.8868595540432170E+02
  4.8858895246433678E+02
  4.8849052394612835E+02
  4.8839064096235967E+02
  4.8828927388620582E+02
  4.8818639232860079E+02
  4.8808196511466042E+02
  4.8797596025926464E+02
  4.8786834494174957E+02
  4.8775908547968652E+02
  4.8764814730170264E+02
  4.8753549491930079E+02
  4.8742109189764608E+02
  4.8730490082526973E+02
  4.8718688328264329E+02
  4.8706699980958155E+02
  4.8694520987141681E+02
  4.8682147182390389E+02
  4.8669574287678194E+02
  4.8656797905596443E+02
  4.8643813516425917E+02
  4.8630616474059889E+02
  4.8617202001767981E+02
  4.8603565187795681E+02
  4.8589700980792566E+02
  4.8575604185060189E+02
  4.8561269455613092E+02
  4.8546691293044012E+02
  4.8531864038183704E+02
  4.8516781866548166E+02
  4.8501438782561314E+02
  4.8485828613544498E+02
  4.8469945003461544E+02
  4.8453781406408359E+02
  4.8437331079834814E+02
  4.8420587077487630E+02
  4.8403542242059262E+02
  4.8386189197532087E+02
  4.8368520341200070E+02
  4.8350527835355263E+02
  4.8332203598622550E+02
  4.8313539296924779E+02
  4.8294526334063090E+02
  4.8275155841890296E+02
  4.8255418670061567E+02
  4.8235305375338930E+02
  4.8214806210429668E+02
  4.8193911112334115E+02
  4.8172609690180650E+02
  4.8150891212520969E+02
  4.8128744594059498E+02
  4.8106158381788532E+02
  4.8083120740499839E+02
  4.8059619437640055E+02
  4.8035641827478463E+02
  4.8011174834550746E+02
  4.7986204936342756E+02
  4.7960718145174258E+02
  4.7934699989243279E+02
  4.7908135492785766E+02
  4.7881009155306066E+02
  4.7853304929828880E+02
  4.7825006200122453E+02
  4.7796095756837468E+02
  4.7766555772507286E+02
  4.7736367775345389E+02
  4.7705512621779582E+02
  4.7673970467653646E+02
  4.7641720738026106E+02
  4.7608742095489879E+02
  4.7575012406934121E+02
  4.7540508708663032E+02
  4.7505207169783625E+02
  4.7469083053766923E+02
  4.7432110678084467E+02
  4.7394263371813207E+02
  4.7355513431099132E+02
  4.7315832072359854E+02
  4.7275189383103515E+02
  4.7233554270230837E+02
  4.7190894405682207E+02
  4.7147176169281602E+02
  4.7102364588622999E+02
  4.7056423275833566E+02
  4.7009314361042061E+02
  4.6960998422366447E+02
  4.6911434412230307E+02
  4.6860579579800981E+02
  4.6808389389336520E+02
  4.6754817434212657E+02
  4.6699815346391739E+02
  4.6643332701080976E+02
  4.6585316916315924E+02
  4.6525713147190129E+02
  4.6464464174438058E+02
  4.6401510287065656E+02
  4.6336789158706324E+02
  4.6270235717365591E+02
  4.6201782008204810E+02
  4.6131357048995670E+02
  4.6058886677865860E+02
  4.5984293392939520E+02
  4.5907496183463780E+02
  4.5828410351998389E+02
  4.5746947327233289E+02
  4.5663014466991132E+02
  4.5576514850960444E+02
  4.5487347062700161E+02
  4.5395404960456489E+02
  4.5300577436330167E+02
  4.5202748163342807E+02
  4.5101795329961197E+02
  4.4997591361659590E+02
  4.4890002629127758E+02
  4.4778889142773221E+02
  4.4664104233215880E+02
  4.8982928288719927E+02
  4.8974848404684610E+02
  4.8966657693476981E+02
  4.8958354052476761E+02
  4.8949935328559997E+02
  4.8941399316637882E+02
  4.8932743758146455E+02
  4.8923966339484440E+02
  4.8915064690399328E+02
  4.8906036382316967E+02
  4.8896878926614102E+02
  4.8887589772831859E+02
  4.8878166306826625E+02
  4.8868605848856902E+02
  4.8858905651603027E+02
  4.8849062898117484E+02
  4.8839074699702843E+02
  4.8828938093714112E+02
  4.8818650041283109E+02
  4.8808207424961051E+02
  4.8797607046276539E+02
  4.8786845623205181E+02
  4.8775919787547474E+02
  4.8764826082210402E+02
  4.8753560958390051E+02
  4.8742120772650293E+02
  4.8730501783892834E+02
  4.8718700150215022E+02
  4.8706711925649836E+02
  4.8694533056784064E+02
  4.8682159379247867E+02
  4.8669586614072108E+02
  4.8656810363906334E+02
  4.8643826109091788E+02
  4.8630629203583942E+02
  4.8617214870716674E+02
  4.8603578198801796E+02
  4.8589714136557370E+02
  4.8575617488355601E+02
  4.8561282909284256E+02
  4.8546704900011343E+02
  4.8531877801445751E+02
  4.8516795789184056E+02
  4.8501452867733462E+02
  4.8485842864501637E+02
  4.8469959423541502E+02
  4.8453795999041034E+02
  4.8437345848545601E+02
  4.8420602025900575E+02
  4.8403557373900873E+02
  4.8386204516634308E+02
  4.8368535851504686E+02
  4.8350543540917602E+02
  4.8332219503615318E+02
  4.8313555405642882E+02
  4.8294542650927559E+02
  4.8275172371453203E+02
  4.8255435417010909E+02
  4.8235322344503697E+02
  4.8214823406784888E+02
  4.8193928541006676E+02
  4.8172627356455121E+02
  4.8150909121845388E+02
  4.8128762752051944E+02
  4.8106176794243686E+02
  4.8083139413395628E+02
  4.8059638377145359E+02
  4.8035661039960422E+02
  4.8011194326582807E+02
  4.7986224714712927E+02
  4.7960738216893776E+02
  4.7934720361555952E+02
  4.7908156173177485E+02
  4.7881030151514744E+02
  4.7853326249855229E+02
  4.7825027852240743E+02
  4.7796117749607720E+02
  4.7766578114786802E+02
  4.7736390476301966E+02
  4.7705535690905094E+02
  4.7673993914777998E+02
  4.7641744573332414E+02
  4.7608766329529840E+02
  4.7575037050644892E+02
  4.7540533773384414E+02
  4.7505232667276522E+02
  4.7469108996232518E+02
  4.7432137078184684E+02
  4.7394290242692193E+02
  4.7355540786405800E+02
  4.7315859926271980E+02
  4.7275217750352755E+02
  4.7233583166129608E+02
  4.7190923846151583E+02
  4.7147206170881293E+02
  4.7102395168582615E+02
  4.7056454452086246E+02
  4.7009346152259218E+02
  4.6961030847995556E+02
  4.6911467492533922E+02
  4.6860613335898989E+02
  4.6808423843250296E+02
  4.6754852608912000E+02
  4.6699851265844904E+02
  4.6643369390307669E+02
  4.6585354401443510E+02
  4.6525751455513097E+02
  4.6464503334481827E+02
  4.6401550328653877E+02
  4.6336830113032426E+02
  4.6270277617069610E+02
  4.6201824887454217E+02
  4.6131400943572100E+02
  4.6058931625257145E+02
  4.5984339432438253E+02
  4.5907543356271719E+02
  4.5828458701338599E+02
  4.5746996898469041E+02
  4.5663065307753629E+02
  4.5576567011284419E+02
  4.5487400595169419E+02
  4.5395459920359212E+02
  4.5300633881824984E+02
  4.5202806155636432E+02
  4.5101854933498436E+02
  4.4997652644327184E+02
  4.4890065662471926E+02
  4.4778954002233098E+02
  4.4664170998374055E+02
  4.8982937469309485E+02
  4.8974857664224180E+02
  4.8966667033166374E+02
  4.8958363473541317E+02
  4.8949944832250964E+02
  4.8941408904233367E+02
  4.8932753430952141E+02
  4.8923976098834356E+02
  4.8915074537656534E+02
  4.8906046318874348E+02
  4.8896888953895410E+02
  4.8887599892292286E+02
  4.8878176519953820E+02
  4.8868616157171829E+02
  4.8858916056661184E+02
  4.8849073401509531E+02
  4.8839085303055884E+02
  4.8828948798692329E+02
  4.8818660849589349E+02
  4.8808218338337667E+02
  4.8797618066506800E+02
  4.8786856752114051E+02
  4.8775931027003247E+02
  4.8764837434125815E+02
  4.8753572424723637E+02
  4.8742132355407949E+02
  4.8730513485128955E+02
  4.8718711972034129E+02
  4.8706723870208174E+02
  4.8694545126291143E+02
  4.8682171575968238E+02
  4.8669598940326910E+02
  4.8656822822075128E+02
  4.8643838701614544E+02
  4.8630641932962760E+02
  4.8617227739517983E+02
  4.8603591209658373E+02
  4.8589727292170380E+02
  4.8575630791496991E+02
  4.8561296362798987E+02
  4.8546718506819849E+02
  4.8531891564546504E+02
  4.8516809711656111E+02
  4.8501466952739332E+02
  4.8485857115289906E+02
  4.8469973843449634E+02
  4.8453810591499132E+02
  4.8437360617079037E+02
  4.8420616974133327E+02
  4.8403572505559055E+02
  4.8386219835550219E+02
  4.8368551361619814E+02
  4.8350559246287082E+02
  4.8332235408412004E+02
  4.8313571514161532E+02
  4.8294558967588904E+02
  4.8275188900809479E+02
  4.8255452163749828E+02
  4.8235339313454148E+02
  4.8214840602921890E+02
  4.8193945969457081E+02
  4.8172645022503224E+02
  4.8150927030939187E+02
  4.8128780909809427E+02
  4.8106195206459239E+02
  4.8083158086047240E+02
  4.8059657316401717E+02
  4.8035680252188411E+02
  4.8011213818355805E+02
  4.7986244492818588E+02
  4.7960758288343453E+02
  4.7934740733593213E+02
  4.7908176853288023E+02
  4.7881051147436369E+02
  4.7853347569588283E+02
  4.7825049504059461E+02
  4.7796139742071614E+02
  4.7766600456753156E+02
  4.7736413176938436E+02
  4.7705558759703183E+02
  4.7674017361567530E+02
  4.7641768408296025E+02
  4.7608790563219202E+02
  4.7575061693996651E+02
  4.7540558837738274E+02
  4.7505258164392785E+02
  4.7469134938312226E+02
  4.7432163477889361E+02
  4.7394317113165721E+02
  4.7355568141296618E+02
  4.7315887779757514E+02
  4.7275246117164323E+02
  4.7233612061579015E+02
  4.7190953286159578E+02
  4.7147236172007024E+02
  4.7102425748055310E+02
  4.7056485627838384E+02
  4.7009377942961748E+02
  4.6961063273095255E+02
  4.6911500572292800E+02
  4.6860647091436294E+02
  4.6808458296586525E+02
  4.6754887783016414E+02
  4.6699887184685031E+02
  4.6643406078902359E+02
  4.6585391885919125E+02
  4.6525789763163459E+02
  4.6464542493831192E+02
  4.6401590369524843E+02
  4.6336871066617579E+02
  4.6270319516007640E+02
  4.6201867765911487E+02
  4.6131444837328826E+02
  4.6058976571799934E+02
  4.5984385471058113E+02
  4.5907590528169078E+02
  4.5828507049734560E+02
  4.5747046468725370E+02
  4.5663116147499403E+02
  4.5576619170552493E+02
  4.5487454126541468E+02
  4.5395514879121163E+02
  4.5300690326132928E+02
  4.5202864146694498E+02
  4.5101914535748841E+02
  4.4997713925653346E+02
  4.4890128694416859E+02
  4.4779018860232685E+02
  4.4664237762006860E+02
  4.8982946649804728E+02
  4.8974866923668480E+02
  4.8966676372759497E+02
  4.8958372894508290E+02
  4.8949954335843228E+02
  4.8941418491729104E+02
  4.8932763103656856E+02
  4.8923985858082119E+02
  4.8915084384810388E+02
  4.8906056255327275E+02
  4.8896898981070842E+02
  4.8887610011645535E+02
  4.8878186732972580E+02
  4.8868626465377145E+02
  4.8858926461608320E+02
  4.8849083904789171E+02
  4.8839095906294818E+02
  4.8828959503555228E+02
  4.8818671657778805E+02
  4.8808229251596117E+02
  4.8797629086617184E+02
  4.8786867880901605E+02
  4.8775942266336028E+02
  4.8764848785916564E+02
  4.8753583890931020E+02
  4.8742143938037538E+02
  4.8730525186235207E+02
  4.8718723793721597E+02
  4.8706735814633146E+02
  4.8694557195663015E+02
  4.8682183772551531E+02
  4.8669611266442570E+02
  4.8656835280102882E+02
  4.8643851293994169E+02
  4.8630654662196457E+02
  4.8617240608171966E+02
  4.8603604220365452E+02
  4.8589740447631618E+02
  4.8575644094484306E+02
  4.8561309816157313E+02
  4.8546732113469602E+02
  4.8531905327486038E+02
  4.8516823633964469E+02
  4.8501481037578810E+02
  4.8485871365908991E+02
  4.8469988263186139E+02
  4.8453825183782766E+02
  4.8437375385435126E+02
  4.8420631922185669E+02
  4.8403587637034053E+02
  4.8386235154279746E+02
  4.8368566871545420E+02
  4.8350574951463847E+02
  4.8332251313012597E+02
  4.8313587622480520E+02
  4.8294575284047272E+02
  4.8275205429959004E+02
  4.8255468910278415E+02
  4.8235356282190446E+02
  4.8214857798840768E+02
  4.8193963397685286E+02
  4.8172662688324999E+02
  4.8150944939802525E+02
  4.8128799067331846E+02
  4.8106213618435203E+02
  4.8083176758454579E+02
  4.8059676255408948E+02
  4.8035699464162491E+02
  4.8011233309869618E+02
  4.7986264270660007E+02
  4.7960778359523334E+02
  4.7934761105355113E+02
  4.7908197533117368E+02
  4.7881072143070708E+02
  4.7853368889027951E+02
  4.7825071155578456E+02
  4.7796161734229327E+02
  4.7766622798406490E+02
  4.7736435877254809E+02
  4.7705581828173979E+02
  4.7674040808022198E+02
  4.7641792242917046E+02
  4.7608814796557789E+02
  4.7575086336989483E+02
  4.7540583901724375E+02
  4.7505283661132540E+02
  4.7469160880006166E+02
  4.7432189877198641E+02
  4.7394343983233767E+02
  4.7355595495771786E+02
  4.7315915632816569E+02
  4.7275274483538146E+02
  4.7233640956579166E+02
  4.7190982725706209E+02
  4.7147266172658863E+02
  4.7102456327041091E+02
  4.7056516803090011E+02
  4.7009409733149607E+02
  4.6961095697665536E+02
  4.6911533651506988E+02
  4.6860680846412833E+02
  4.6808492749345413E+02
  4.6754922956526036E+02
  4.6699923102912157E+02
  4.6643442766865002E+02
  4.6585429369742889E+02
  4.6525828070141046E+02
  4.6464581652486203E+02
  4.6401630409678762E+02
  4.6336912019461772E+02
  4.6270361414179820E+02
  4.6201910643576593E+02
  4.6131488730265994E+02
  4.6059021517494244E+02
  4.5984431508799184E+02
  4.5907637699155708E+02
  4.5828555397186420E+02
  4.5747096038002172E+02
  4.5663166986228561E+02
  4.5576671328764735E+02
  4.5487507656816410E+02
  4.5395569836742391E+02
  4.5300746769254187E+02
  4.5202922136517185E+02
  4.5101974136712261E+02
  4.4997775205638146E+02
  4.4890191724962841E+02
  4.4779083716771999E+02
  4.4664304524114556E+02
  4.8982955830205742E+02
  4.8974876183017437E+02
  4.8966685712256168E+02
  4.8958382315377838E+02
  4.8949963839336914E+02
  4.8941428079125058E+02
  4.8932772776260703E+02
  4.8923995617227826E+02
  4.8915094231860974E+02
  4.8906066191675495E+02
  4.8896909008140500E+02
  4.8887620130891781E+02
  4.8878196945882962E+02
  4.8868636773472673E+02
  4.8858936866444265E+02
  4.8849094407956227E+02
  4.8839106509420048E+02
  4.8828970208302695E+02
  4.8818682465851390E+02
  4.8808240164736100E+02
  4.8797640106607673E+02
  4.8786879009567565E+02
  4.8775953505545709E+02
  4.8764860137582650E+02
  4.8753595357012017E+02
  4.8742155520539120E+02
  4.8730536887211770E+02
  4.8718735615277552E+02
  4.8706747758924723E+02
  4.8694569264899678E+02
  4.8682195968997559E+02
  4.8669623592419202E+02
  4.8656847737989398E+02
  4.8643863886230588E+02
  4.8630667391284794E+02
  4.8617253476678604E+02
  4.8603617230922924E+02
  4.8589753602941113E+02
  4.8575657397317593E+02
  4.8561323269359275E+02
  4.8546745719960484E+02
  4.8531919090264290E+02
  4.8516837556109078E+02
  4.8501495122251958E+02
  4.8485885616359104E+02
  4.8470002682750908E+02
  4.8453839775891930E+02
  4.8437390153613796E+02
  4.8420646870057874E+02
  4.8403602768325817E+02
  4.8386250472822832E+02
  4.8368582381281527E+02
  4.8350590656447832E+02
  4.8332267217417103E+02
  4.8313603730600005E+02
  4.8294591600302601E+02
  4.8275221958901960E+02
  4.8255485656596642E+02
  4.8235373250712547E+02
  4.8214874994541583E+02
  4.8193980825691352E+02
  4.8172680353920549E+02
  4.8150962848435108E+02
  4.8128817224619291E+02
  4.8106232030171628E+02
  4.8083195430617724E+02
  4.8059695194167182E+02
  4.8035718675882481E+02
  4.8011252801124431E+02
  4.7986284048237059E+02
  4.7960798430433442E+02
  4.7934781476841601E+02
  4.7908218212665554E+02
  4.7881093138417975E+02
  4.7853390208174341E+02
  4.7825092806797818E+02
  4.7796183726080767E+02
  4.7766645139746896E+02
  4.7736458577251199E+02
  4.7705604896317527E+02
  4.7674064254142081E+02
  4.7641816077195449E+02
  4.7608839029545823E+02
  4.7575110979623287E+02
  4.7540608965342932E+02
  4.7505309157495748E+02
  4.7469186821314162E+02
  4.7432216276112479E+02
  4.7394370852896407E+02
  4.7355622849831070E+02
  4.7315943485449094E+02
  4.7275302849474338E+02
  4.7233669851130031E+02
  4.7191012164791516E+02
  4.7147296172836826E+02
  4.7102486905539945E+02
  4.7056547977841097E+02
  4.7009441522822885E+02
  4.6961128121706452E+02
  4.6911566730176520E+02
  4.6860714600828749E+02
  4.6808527201526965E+02
  4.6754958129440899E+02
  4.6699959020526262E+02
  4.6643479454195716E+02
  4.6585466852914811E+02
  4.6525866376446078E+02
  4.6464620810446826E+02
  4.6401670449115494E+02
  4.6336952971564989E+02
  4.6270403311586040E+02
  4.6201953520449615E+02
  4.6131532622383469E+02
  4.6059066462340110E+02
  4.5984477545661525E+02
  4.5907684869231673E+02
  4.5828603743693981E+02
  4.5747145606299551E+02
  4.5663217823941091E+02
  4.5576723485921178E+02
  4.5487561185994304E+02
  4.5395624793222902E+02
  4.5300803211188719E+02
  4.5202980125104460E+02
  4.5102033736388836E+02
  4.4997836484281578E+02
  4.4890254754109600E+02
  4.4779148571851016E+02
  4.4664371284697063E+02
  4.8982965010512430E+02
  4.8974885442271068E+02
  4.8966695051656421E+02
  4.8958391736149861E+02
  4.8949973342731960E+02
  4.8941437666421245E+02
  4.8932782448763595E+02
  4.8924005376271418E+02
  4.8915104078808156E+02
  4.8906076127919317E+02
  4.8896919035104338E+02
  4.8887630250030804E+02
  4.8878207158684870E+02
  4.8868647081458448E+02
  4.8858947271169200E+02
  4.8849104911010971E+02
  4.8839117112431325E+02
  4.8828980912934810E+02
  4.8818693273807224E+02
  4.8808251077757910E+02
  4.8797651126478371E+02
  4.8786890138112096E+02
  4.8775964744632398E+02
  4.8764871489124062E+02
  4.8753606822966640E+02
  4.8742167102912691E+02
  4.8730548588058537E+02
  4.8718747436701983E+02
  4.8706759703082872E+02
  4.8694581334001020E+02
  4.8682208165306400E+02
  4.8669635918256660E+02
  4.8656860195734941E+02
  4.8643876478323972E+02
  4.8630680120228050E+02
  4.8617266345037910E+02
  4.8603630241330882E+02
  4.8589766758098790E+02
  4.8575670699996755E+02
  4.8561336722404792E+02
  4.8546759326292619E+02
  4.8531932852881346E+02
  4.8516851478089825E+02
  4.8501509206758737E+02
  4.8485899866640324E+02
  4.8470017102143953E+02
  4.8453854367826665E+02
  4.8437404921615177E+02
  4.8420661817749794E+02
  4.8403617899434266E+02
  4.8386265791179670E+02
  4.8368597890828011E+02
  4.8350606361239113E+02
  4.8332283121625557E+02
  4.8313619838519952E+02
  4.8294607916354818E+02
  4.8275238487638205E+02
  4.8255502402704519E+02
  4.8235390219020422E+02
  4.8214892190024204E+02
  4.8193998253475240E+02
  4.8172698019289680E+02
  4.8150980756837151E+02
  4.8128835381671740E+02
  4.8106250441668595E+02
  4.8083214102536726E+02
  4.8059714132676424E+02
  4.8035737887348597E+02
  4.8011272292120151E+02
  4.7986303825549771E+02
  4.7960818501073868E+02
  4.7934801848052734E+02
  4.7908238891932507E+02
  4.7881114133478115E+02
  4.7853411527027509E+02
  4.7825114457717575E+02
  4.7796205717626071E+02
  4.7766667480774123E+02
  4.7736481276927589E+02
  4.7705627964133714E+02
  4.7674087699927082E+02
  4.7641839911131262E+02
  4.7608863262183144E+02
  4.7575135621898147E+02
  4.7540634028593814E+02
  4.7505334653482396E+02
  4.7469212762236430E+02
  4.7432242674630862E+02
  4.7394397722153633E+02
  4.7355650203474659E+02
  4.7315971337655111E+02
  4.7275331214972823E+02
  4.7233698745231641E+02
  4.7191041603415522E+02
  4.7147326172541017E+02
  4.7102517483551929E+02
  4.7056579152091751E+02
  4.7009473311981543E+02
  4.6961160545218229E+02
  4.6911599808301366E+02
  4.6860748354683932E+02
  4.6808561653131108E+02
  4.6754993301760919E+02
  4.6699994937527413E+02
  4.6643516140894383E+02
  4.6585504335434962E+02
  4.6525904682078573E+02
  4.6464659967713129E+02
  4.6401710487835180E+02
  4.6336993922927365E+02
  4.6270445208226306E+02
  4.6201996396530535E+02
  4.6131576513681455E+02
  4.6059111406337570E+02
  4.5984523581645061E+02
  4.5907732038397029E+02
  4.5828652089257480E+02
  4.5747195173617445E+02
  4.5663268660637050E+02
  4.5576775642021965E+02
  4.5487614714075090E+02
  4.5395679748562856E+02
  4.5300859651936486E+02
  4.5203038112456420E+02
  4.5102093334778579E+02
  4.4997897761583704E+02
  4.4890317781857448E+02
  4.4779213425469953E+02
  4.4664438043754529E+02
  4.8982974190724946E+02
  4.8974894701429366E+02
  4.8966704390960246E+02
  4.8958401156824351E+02
  4.8949982846028365E+02
  4.8941447253617599E+02
  4.8932792121165562E+02
  4.8924015135212858E+02
  4.8915113925652076E+02
  4.8906086064058445E+02
  4.8896929061962419E+02
  4.8887640369062848E+02
  4.8878217371378440E+02
  4.8868657389334510E+02
  4.8858957675783046E+02
  4.8849115413953109E+02
  4.8839127715328686E+02
  4.8828991617451743E+02
  4.8818704081646160E+02
  4.8808261990661271E+02
  4.8797662146229175E+02
  4.8786901266535409E+02
  4.8775975983596078E+02
  4.8764882840540861E+02
  4.8753618288794979E+02
  4.8742178685158137E+02
  4.8730560288775513E+02
  4.8718759257994788E+02
  4.8706771647107695E+02
  4.8694593402967166E+02
  4.8682220361478238E+02
  4.8669648243955049E+02
  4.8656872653339406E+02
  4.8643889070274190E+02
  4.8630692849026042E+02
  4.8617279213249856E+02
  4.8603643251589398E+02
  4.8589779913104752E+02
  4.8575684002521939E+02
  4.8561350175293921E+02
  4.8546772932466007E+02
  4.8531946615337114E+02
  4.8516865399906834E+02
  4.8501523291099147E+02
  4.8485914116752474E+02
  4.8470031521365365E+02
  4.8453868959586782E+02
  4.8437419689439224E+02
  4.8420676765261362E+02
  4.8403633030359339E+02
  4.8386281109350080E+02
  4.8368613400185075E+02
  4.8350622065837507E+02
  4.8332299025637894E+02
  4.8313635946240447E+02
  4.8294624232204029E+02
  4.8275255016167830E+02
  4.8255519148601974E+02
  4.8235407187114066E+02
  4.8214909385288780E+02
  4.8194015681037001E+02
  4.8172715684432507E+02
  4.8150998665008524E+02
  4.8128853538489193E+02
  4.8106268852926041E+02
  4.8083232774211456E+02
  4.8059733070936619E+02
  4.8035757098560703E+02
  4.8011291782856739E+02
  4.7986323602598117E+02
  4.7960838571444424E+02
  4.7934822218988489E+02
  4.7908259570918364E+02
  4.7881135128251117E+02
  4.7853432845587338E+02
  4.7825136108337597E+02
  4.7796227708865064E+02
  4.7766689821488444E+02
  4.7736503976283825E+02
  4.7705651031622614E+02
  4.7674111145377276E+02
  4.7641863744724594E+02
  4.7608887494469917E+02
  4.7575160263813962E+02
  4.7540659091477198E+02
  4.7505360149092451E+02
  4.7469238702772759E+02
  4.7432269072753792E+02
  4.7394424591005463E+02
  4.7355677556702460E+02
  4.7315999189434655E+02
  4.7275359580033722E+02
  4.7233727638883926E+02
  4.7191071041578152E+02
  4.7147356171771287E+02
  4.7102548061076959E+02
  4.7056610325841945E+02
  4.7009505100625603E+02
  4.6961192968200470E+02
  4.6911632885881534E+02
  4.6860782107978486E+02
  4.6808596104157942E+02
  4.6755028473486232E+02
  4.6700030853915672E+02
  4.6643552826961189E+02
  4.6585541817303306E+02
  4.6525942987038417E+02
  4.6464699124285181E+02
  4.6401750525837792E+02
  4.6337034873548856E+02
  4.6270487104100795E+02
  4.6202039271819427E+02
  4.6131620404159850E+02
  4.6059156349486642E+02
  4.5984569616750002E+02
  4.5907779206651782E+02
  4.5828700433876912E+02
  4.5747244739956005E+02
  4.5663319496316473E+02
  4.5576827797067011E+02
  4.5487668241058913E+02
  4.5395734702762093E+02
  4.5300916091497646E+02
  4.5203096098573127E+02
  4.5102152931881653E+02
  4.4997959037544700E+02
  4.4890380808206379E+02
  4.4779278277628708E+02
  4.4664504801286904E+02
  4.8982983370843118E+02
  4.8974903960492361E+02
  4.8966713730167652E+02
  4.8958410577401412E+02
  4.8949992349226244E+02
  4.8941456840714244E+02
  4.8932801793466672E+02
  4.8924024894052138E+02
  4.8915123772392604E+02
  4.8906096000093129E+02
  4.8896939088714629E+02
  4.8887650487987798E+02
  4.8878227583963604E+02
  4.8868667697100835E+02
  4.8858968080285752E+02
  4.8849125916782742E+02
  4.8839138318112134E+02
  4.8829002321853261E+02
  4.8818714889368391E+02
  4.8808272903446351E+02
  4.8797673165860152E+02
  4.8786912394837117E+02
  4.8775987222436709E+02
  4.8764894191832985E+02
  4.8753629754496961E+02
  4.8742190267275652E+02
  4.8730571989362687E+02
  4.8718771079156045E+02
  4.8706783590999049E+02
  4.8694605471798013E+02
  4.8682232557512856E+02
  4.8669660569514349E+02
  4.8656885110802762E+02
  4.8643901662081333E+02
  4.8630705577678793E+02
  4.8617292081314497E+02
  4.8603656261698279E+02
  4.8589793067958954E+02
  4.8575697304893083E+02
  4.8561363628026669E+02
  4.8546786538480603E+02
  4.8531960377631577E+02
  4.8516879321560049E+02
  4.8501537375273267E+02
  4.8485928366695623E+02
  4.8470045940414963E+02
  4.8453883551172504E+02
  4.8437434457085851E+02
  4.8420691712592753E+02
  4.8403648161101268E+02
  4.8386296427334202E+02
  4.8368628909352651E+02
  4.8350637770243276E+02
  4.8332314929454066E+02
  4.8313652053761348E+02
  4.8294640547850230E+02
  4.8275271544490806E+02
  4.8255535894289011E+02
  4.8235424154993638E+02
  4.8214926580335140E+02
  4.8194033108376613E+02
  4.8172733349349119E+02
  4.8151016572949379E+02
  4.8128871695071655E+02
  4.8106287263943858E+02
  4.8083251445642031E+02
  4.8059752008947868E+02
  4.8035776309518786E+02
  4.8011311273334326E+02
  4.7986343379382078E+02
  4.7960858641545218E+02
  4.7934842589648832E+02
  4.7908280249623135E+02
  4.7881156122737048E+02
  4.7853454163853888E+02
  4.7825157758658014E+02
  4.7796249699797869E+02
  4.7766712161889723E+02
  4.7736526675320050E+02
  4.7705674098784220E+02
  4.7674134590492685E+02
  4.7641887577975228E+02
  4.7608911726405967E+02
  4.7575184905370872E+02
  4.7540684153992942E+02
  4.7505385644325992E+02
  4.7469264642923406E+02
  4.7432295470481358E+02
  4.7394451459451938E+02
  4.7355704909514475E+02
  4.7316027040787645E+02
  4.7275387944656882E+02
  4.7233756532087068E+02
  4.7191100479279521E+02
  4.7147386170527761E+02
  4.7102578638115153E+02
  4.7056641499091700E+02
  4.7009536888755088E+02
  4.6961225390653567E+02
  4.6911665962917067E+02
  4.6860815860712449E+02
  4.6808630554607413E+02
  4.6755063644616774E+02
  4.6700066769690932E+02
  4.6643589512396056E+02
  4.6585579298519764E+02
  4.6525981291325786E+02
  4.6464738280162874E+02
  4.6401790563123456E+02
  4.6337075823429495E+02
  4.6270528999209415E+02
  4.6202082146316224E+02
  4.6131664293818795E+02
  4.6059201291787281E+02
  4.5984615650976178E+02
  4.5907826373996039E+02
  4.5828748777552210E+02
  4.5747294305315245E+02
  4.5663370330979353E+02
  4.5576879951056395E+02
  4.5487721766945776E+02
  4.5395789655820892E+02
  4.5300972529872280E+02
  4.5203154083454569E+02
  4.5102212527697918E+02
  4.4998020312164419E+02
  4.4890443833156405E+02
  4.4779343128327497E+02
  4.4664571557294380E+02
  4.8982992550867090E+02
  4.8974913219460069E+02
  4.8966723069278788E+02
  4.8958419997880935E+02
  4.8950001852325431E+02
  4.8941466427711163E+02
  4.8932811465666788E+02
  4.8924034652789430E+02
  4.8915133619029882E+02
  4.8906105936023141E+02
  4.8896949115361042E+02
  4.8887660606805673E+02
  4.8878237796440385E+02
  4.8868678004757425E+02
  4.8858978484677419E+02
  4.8849136419499939E+02
  4.8839148920781781E+02
  4.8829013026139444E+02
  4.8818725696973763E+02
  4.8808283816113067E+02
  4.8797684185371281E+02
  4.8786923523017430E+02
  4.8775998461154416E+02
  4.8764905543000492E+02
  4.8753641220072643E+02
  4.8742201849265138E+02
  4.8730583689820025E+02
  4.8718782900185778E+02
  4.8706795534757106E+02
  4.8694617540493675E+02
  4.8682244753410293E+02
  4.8669672894934553E+02
  4.8656897568125044E+02
  4.8643914253745226E+02
  4.8630718306186390E+02
  4.8617304949231840E+02
  4.8603669271657742E+02
  4.8589806222661377E+02
  4.8575710607110153E+02
  4.8561377080603017E+02
  4.8546800144336322E+02
  4.8531974139764884E+02
  4.8516893243049554E+02
  4.8501551459280972E+02
  4.8485942616469788E+02
  4.8470060359292887E+02
  4.8453898142583716E+02
  4.8437449224555257E+02
  4.8420706659743934E+02
  4.8403663291659882E+02
  4.8386311745131991E+02
  4.8368644418330706E+02
  4.8350653474456180E+02
  4.8332330833074212E+02
  4.8313668161082785E+02
  4.8294656863293375E+02
  4.8275288072607071E+02
  4.8255552639765716E+02
  4.8235441122658943E+02
  4.8214943775163505E+02
  4.8194050535494068E+02
  4.8172751014039301E+02
  4.8151034480659678E+02
  4.8128889851419081E+02
  4.8106305674722228E+02
  4.8083270116828362E+02
  4.8059770946710063E+02
  4.8035795520222950E+02
  4.8011330763552769E+02
  4.7986363155901847E+02
  4.7960878711376284E+02
  4.7934862960033831E+02
  4.7908300928046663E+02
  4.7881177116935783E+02
  4.7853475481827195E+02
  4.7825179408678821E+02
  4.7796271690424493E+02
  4.7766734501978021E+02
  4.7736549374036309E+02
  4.7705697165618483E+02
  4.7674158035273291E+02
  4.7641911410883347E+02
  4.7608935957991508E+02
  4.7575209546568880E+02
  4.7540709216141101E+02
  4.7505411139183025E+02
  4.7469290582688285E+02
  4.7432321867813499E+02
  4.7394478327493005E+02
  4.7355732261910833E+02
  4.7316054891714111E+02
  4.7275416308842483E+02
  4.7233785424840949E+02
  4.7191129916519657E+02
  4.7147416168810389E+02
  4.7102609214666518E+02
  4.7056672671841062E+02
  4.7009568676369997E+02
  4.6961257812577344E+02
  4.6911699039407983E+02
  4.6860849612885704E+02
  4.6808665004479610E+02
  4.6755098815152610E+02
  4.6700102684853380E+02
  4.6643626197199046E+02
  4.6585616779084540E+02
  4.6526019594940578E+02
  4.6464777435346366E+02
  4.6401830599692107E+02
  4.6337116772569220E+02
  4.6270570893552235E+02
  4.6202125020021043E+02
  4.6131708182658252E+02
  4.6059246233239605E+02
  4.5984661684323686E+02
  4.5907873540429773E+02
  4.5828797120283554E+02
  4.5747343869695192E+02
  4.5663421164625856E+02
  4.5576932103990180E+02
  4.5487775291735682E+02
  4.5395844607739195E+02
  4.5301028967060387E+02
  4.5203212067100736E+02
  4.5102272122227646E+02
  4.4998081585443106E+02
  4.4890506856707606E+02
  4.4779407977566240E+02
  4.4664638311776980E+02
  4.8983001730796781E+02
  4.8974922478332417E+02
  4.8966732408293387E+02
  4.8958429418263017E+02
  4.8950011355326029E+02
  4.8941476014608287E+02
  4.8932821137765967E+02
  4.8924044411424524E+02
  4.8915143465563835E+02
  4.8906115871848658E+02
  4.8896959141901726E+02
  4.8887670725516313E+02
  4.8878248008808765E+02
  4.8868688312304289E+02
  4.8858988888957981E+02
  4.8849146922104728E+02
  4.8839159523337514E+02
  4.8829023730310206E+02
  4.8818736504462299E+02
  4.8808294728661576E+02
  4.8797695204762584E+02
  4.8786934651076405E+02
  4.8776009699749079E+02
  4.8764916894043319E+02
  4.8753652685522036E+02
  4.8742213431126521E+02
  4.8730595390147727E+02
  4.8718794721083970E+02
  4.8706807478381751E+02
  4.8694629609054078E+02
  4.8682256949170670E+02
  4.8669685220215700E+02
  4.8656910025306195E+02
  4.8643926845266191E+02
  4.8630731034548734E+02
  4.8617317817001720E+02
  4.8603682281467638E+02
  4.8589819377212092E+02
  4.8575723909173183E+02
  4.8561390533023001E+02
  4.8546813750033300E+02
  4.8531987901736903E+02
  4.8516907164375283E+02
  4.8501565543122354E+02
  4.8485956866074991E+02
  4.8470074777999162E+02
  4.8453912733820437E+02
  4.8437463991847278E+02
  4.8420721606714710E+02
  4.8403678422035284E+02
  4.8386327062743391E+02
  4.8368659927119222E+02
  4.8350669178476448E+02
  4.8332346736498221E+02
  4.8313684268204702E+02
  4.8294673178533571E+02
  4.8275304600516733E+02
  4.8255569385032135E+02
  4.8235458090110166E+02
  4.8214960969773739E+02
  4.8194067962389369E+02
  4.8172768678503252E+02
  4.8151052388139436E+02
  4.8128908007531589E+02
  4.8106324085261076E+02
  4.8083288787770579E+02
  4.8059789884223352E+02
  4.8035814730673263E+02
  4.8011350253512251E+02
  4.7986382932157125E+02
  4.7960898780937589E+02
  4.7934883330143504E+02
  4.7908321606189065E+02
  4.7881198110847447E+02
  4.7853496799507207E+02
  4.7825201058399983E+02
  4.7796293680744867E+02
  4.7766756841753300E+02
  4.7736572072432568E+02
  4.7705720232125589E+02
  4.7674181479719158E+02
  4.7641935243448887E+02
  4.7608960189226354E+02
  4.7575234187407898E+02
  4.7540734277921700E+02
  4.7505436633663544E+02
  4.7469316522067254E+02
  4.7432348264750266E+02
  4.7394505195128687E+02
  4.7355759613891411E+02
  4.7316082742214252E+02
  4.7275444672590424E+02
  4.7233814317145584E+02
  4.7191159353298485E+02
  4.7147446166619216E+02
  4.7102639790731035E+02
  4.7056703844089975E+02
  4.7009600463470389E+02
  4.6961290233971829E+02
  4.6911732115354226E+02
  4.6860883364498397E+02
  4.6808699453774506E+02
  4.6755133985093755E+02
  4.6700138599402925E+02
  4.6643662881370045E+02
  4.6585654258997613E+02
  4.6526057897882885E+02
  4.6464816589835584E+02
  4.6401870635543736E+02
  4.6337157720968196E+02
  4.6270612787129232E+02
  4.6202167892933932E+02
  4.6131752070678232E+02
  4.6059291173843712E+02
  4.5984707716792656E+02
  4.5907920705953069E+02
  4.5828845462070888E+02
  4.5747393433095851E+02
  4.5663471997255965E+02
  4.5576984255868439E+02
  4.5487828815428730E+02
  4.5395899558516999E+02
  4.5301085403061938E+02
  4.5203270049511900E+02
  4.5102331715470757E+02
  4.4998142857380691E+02
  4.4890569878860163E+02
  4.4779472825345135E+02
  4.4664705064734790E+02
  4.8983010910632260E+02
  4.8974931737109478E+02
  4.8966741747211626E+02
  4.8958438838547511E+02
  4.8950020858227987E+02
  4.8941485601405657E+02
  4.8932830809764300E+02
  4.8924054169957554E+02
  4.8915153311994470E+02
  4.8906125807569663E+02
  4.8896969168336460E+02
  4.8887680844120035E+02
  4.8878258221068756E+02
  4.8868698619741440E+02
  4.8858999293127488E+02
  4.8849157424596990E+02
  4.8839170125779356E+02
  4.8829034434365718E+02
  4.8818747311834062E+02
  4.8808305641091738E+02
  4.8797706224033948E+02
  4.8786945779013962E+02
  4.8776020938220660E+02
  4.8764928244961527E+02
  4.8753664150845066E+02
  4.8742225012859893E+02
  4.8730607090345541E+02
  4.8718806541850546E+02
  4.8706819421873053E+02
  4.8694641677479240E+02
  4.8682269144793833E+02
  4.8669697545357758E+02
  4.8656922482346368E+02
  4.8643939436643888E+02
  4.8630743762765945E+02
  4.8617330684624397E+02
  4.8603695291127980E+02
  4.8589832531611012E+02
  4.8575737211082185E+02
  4.8561403985286597E+02
  4.8546827355571480E+02
  4.8532001663547720E+02
  4.8516921085537308E+02
  4.8501579626797405E+02
  4.8485971115511228E+02
  4.8470089196533723E+02
  4.8453927324882682E+02
  4.8437478758961993E+02
  4.8420736553505259E+02
  4.8403693552227446E+02
  4.8386342380168452E+02
  4.8368675435718251E+02
  4.8350684882303904E+02
  4.8332362639726199E+02
  4.8313700375127058E+02
  4.8294689493570633E+02
  4.8275321128219838E+02
  4.8255586130088227E+02
  4.8235475057347105E+02
  4.8214978164165899E+02
  4.8194085389062468E+02
  4.8172786342740881E+02
  4.8151070295388507E+02
  4.8128926163409096E+02
  4.8106342495560443E+02
  4.8083307458468613E+02
  4.8059808821487570E+02
  4.8035833940869537E+02
  4.8011369743212623E+02
  4.7986402708148233E+02
  4.7960918850229211E+02
  4.7934903699977815E+02
  4.7908342284050360E+02
  4.7881219104472126E+02
  4.7853518116894008E+02
  4.7825222707821479E+02
  4.7796315670759054E+02
  4.7766779181215617E+02
  4.7736594770508754E+02
  4.7705743298305327E+02
  4.7674204923830217E+02
  4.7641959075671929E+02
  4.7608984420110676E+02
  4.7575258827888024E+02
  4.7540759339334772E+02
  4.7505462127767538E+02
  4.7469342461060546E+02
  4.7432374661291624E+02
  4.7394532062359065E+02
  4.7355786965456332E+02
  4.7316110592287833E+02
  4.7275473035900740E+02
  4.7233843209001020E+02
  4.7191188789615967E+02
  4.7147476163954252E+02
  4.7102670366308655E+02
  4.7056735015838467E+02
  4.7009632250056285E+02
  4.6961322654837068E+02
  4.6911765190755949E+02
  4.6860917115550546E+02
  4.6808733902492122E+02
  4.6755169154440222E+02
  4.6700174513339539E+02
  4.6643699564909247E+02
  4.6585691738258856E+02
  4.6526096200152637E+02
  4.6464855743630602E+02
  4.6401910670678342E+02
  4.6337198668626360E+02
  4.6270654679940480E+02
  4.6202210765054843E+02
  4.6131795957878722E+02
  4.6059336113599437E+02
  4.5984753748382940E+02
  4.5907967870565869E+02
  4.5828893802914303E+02
  4.5747442995517309E+02
  4.5663522828869617E+02
  4.5577036406691087E+02
  4.5487882338025065E+02
  4.5395954508154369E+02
  4.5301141837877151E+02
  4.5203328030687970E+02
  4.5102391307427257E+02
  4.4998204127977294E+02
  4.4890632899613888E+02
  4.4779537671664144E+02
  4.4664771816167803E+02
  4.8983020090373486E+02
  4.8974940995791223E+02
  4.8966751086033526E+02
  4.8958448258734512E+02
  4.8950030361031355E+02
  4.8941495188103249E+02
  4.8932840481661680E+02
  4.8924063928388460E+02
  4.8915163158321758E+02
  4.8906135743186093E+02
  4.8896979194665454E+02
  4.8887690962616608E+02
  4.8878268433220359E+02
  4.8868708927068934E+02
  4.8859009697185900E+02
  4.8849167926976810E+02
  4.8839180728107260E+02
  4.8829045138305941E+02
  4.8818758119089068E+02
  4.8808316553403608E+02
  4.8797717243185605E+02
  4.8786956906830056E+02
  4.8776032176569333E+02
  4.8764939595755084E+02
  4.8753675616041784E+02
  4.8742236594465265E+02
  4.8730618790413678E+02
  4.8718818362485649E+02
  4.8706831365231022E+02
  4.8694653745769199E+02
  4.8682281340279940E+02
  4.8669709870360674E+02
  4.8656934939245434E+02
  4.8643952027878578E+02
  4.8630756490837888E+02
  4.8617343552099732E+02
  4.8603708300638885E+02
  4.8589845685858211E+02
  4.8575750512837197E+02
  4.8561417437393800E+02
  4.8546840960950925E+02
  4.8532015425197301E+02
  4.8516935006535448E+02
  4.8501593710306082E+02
  4.8485985364778389E+02
  4.8470103614896607E+02
  4.8453941915770417E+02
  4.8437493525899362E+02
  4.8420751500115659E+02
  4.8403708682236248E+02
  4.8386357697407232E+02
  4.8368690944127752E+02
  4.8350700585938614E+02
  4.8332378542758141E+02
  4.8313716481849980E+02
  4.8294705808404734E+02
  4.8275337655716243E+02
  4.8255602874933879E+02
  4.8235492024369961E+02
  4.8214995358339911E+02
  4.8194102815513537E+02
  4.8172804006752216E+02
  4.8151088202407090E+02
  4.8128944319051624E+02
  4.8106360905620153E+02
  4.8083326128922482E+02
  4.8059827758502814E+02
  4.8035853150811857E+02
  4.8011389232653926E+02
  4.7986422483874924E+02
  4.7960938919250970E+02
  4.7934924069536754E+02
  4.7908362961630559E+02
  4.7881240097809558E+02
  4.7853539433987493E+02
  4.7825244356943421E+02
  4.7796337660467094E+02
  4.7766801520364970E+02
  4.7736617468264978E+02
  4.7705766364157870E+02
  4.7674228367606486E+02
  4.7641982907552358E+02
  4.7609008650644336E+02
  4.7575283468009172E+02
  4.7540784400380232E+02
  4.7505487621495104E+02
  4.7469368399668065E+02
  4.7432401057437596E+02
  4.7394558929184046E+02
  4.7355814316605563E+02
  4.7316138441935107E+02
  4.7275501398773417E+02
  4.7233872100407251E+02
  4.7191218225472295E+02
  4.7147506160815556E+02
  4.7102700941399507E+02
  4.7056766187086583E+02
  4.7009664036127594E+02
  4.6961355075173054E+02
  4.6911798265613112E+02
  4.6860950866042054E+02
  4.6808768350632516E+02
  4.6755204323192015E+02
  4.6700210426663307E+02
  4.6643736247816634E+02
  4.6585729216868458E+02
  4.6526134501750010E+02
  4.6464894896731454E+02
  4.6401950705096039E+02
  4.6337239615543740E+02
  4.6270696571986031E+02
  4.6202253636383830E+02
  4.6131839844259900E+02
  4.6059381052507007E+02
  4.5984799779094772E+02
  4.5908015034268294E+02
  4.5828942142813702E+02
  4.5747492556959583E+02
  4.5663573659466925E+02
  4.5577088556458273E+02
  4.5487935859524441E+02
  4.5396009456651416E+02
  4.5301198271505871E+02
  4.5203386010628952E+02
  4.5102450898097322E+02
  4.4998265397232836E+02
  4.4890695918968987E+02
  4.4779602516523329E+02
  4.4664838566076139E+02
  4.8983029270020467E+02
  4.8974950254377609E+02
  4.8966760424758996E+02
  4.8958457678824084E+02
  4.8950039863736077E+02
  4.8941504774701150E+02
  4.8932850153458105E+02
  4.8924073686717276E+02
  4.8915173004545773E+02
  4.8906145678698067E+02
  4.8896989220888679E+02
  4.8887701081006060E+02
  4.8878278645263566E+02
  4.8868719234286635E+02
  4.8859020101133268E+02
  4.8849178429244148E+02
  4.8839191330321324E+02
  4.8829055842130725E+02
  4.8818768926227239E+02
  4.8808327465597159E+02
  4.8797728262217362E+02
  4.8786968034524796E+02
  4.8776043414794862E+02
  4.8764950946423937E+02
  4.8753687081112173E+02
  4.8742248175942626E+02
  4.8730630490352041E+02
  4.8718830182989194E+02
  4.8706843308455529E+02
  4.8694665813923950E+02
  4.8682293535628861E+02
  4.8669722195224580E+02
  4.8656947396003369E+02
  4.8643964618970068E+02
  4.8630769218764732E+02
  4.8617356419427608E+02
  4.8603721310000259E+02
  4.8589858839953672E+02
  4.8575763814438119E+02
  4.8561430889344695E+02
  4.8546854566171584E+02
  4.8532029186685634E+02
  4.8516948927369907E+02
  4.8501607793648520E+02
  4.8485999613876760E+02
  4.8470118033087749E+02
  4.8453956506483718E+02
  4.8437508292659351E+02
  4.8420766446545798E+02
  4.8403723812061918E+02
  4.8386373014459639E+02
  4.8368706452347800E+02
  4.8350716289380631E+02
  4.8332394445593928E+02
  4.8313732588373409E+02
  4.8294722123035854E+02
  4.8275354183006004E+02
  4.8255619619569222E+02
  4.8235508991178591E+02
  4.8215012552295832E+02
  4.8194120241742377E+02
  4.8172821670537263E+02
  4.8151106109195069E+02
  4.8128962474459172E+02
  4.8106379315440586E+02
  4.8083344799132090E+02
  4.8059846695269130E+02
  4.8035872360500349E+02
  4.8011408721836284E+02
  4.7986442259337360E+02
  4.7960958988003097E+02
  4.7934944438820361E+02
  4.7908383638929615E+02
  4.7881261090860016E+02
  4.7853560750787818E+02
  4.7825266005765707E+02
  4.7796359649869004E+02
  4.7766823859201389E+02
  4.7736640165701215E+02
  4.7705789429683142E+02
  4.7674251811048015E+02
  4.7642006739090266E+02
  4.7609032880827425E+02
  4.7575308107771417E+02
  4.7540809461058234E+02
  4.7505513114846212E+02
  4.7469394337889855E+02
  4.7432427453188217E+02
  4.7394585795603706E+02
  4.7355841667339081E+02
  4.7316166291155832E+02
  4.7275529761208588E+02
  4.7233900991364317E+02
  4.7191247660867447E+02
  4.7147536157203047E+02
  4.7102731516003547E+02
  4.7056797357834347E+02
  4.7009695821684471E+02
  4.6961387494979817E+02
  4.6911831339925720E+02
  4.6860984615973041E+02
  4.6808802798195654E+02
  4.6755239491349158E+02
  4.6700246339374280E+02
  4.6643772930092103E+02
  4.6585766694826356E+02
  4.6526172802674893E+02
  4.6464934049138094E+02
  4.6401990738796911E+02
  4.6337280561720382E+02
  4.6270738463265917E+02
  4.6202296506920896E+02
  4.6131883729821726E+02
  4.6059425990566245E+02
  4.5984845808928014E+02
  4.5908062197060320E+02
  4.5828990481769296E+02
  4.5747542117422626E+02
  4.5663624489047959E+02
  4.5577140705170024E+02
  4.5487989379927154E+02
  4.5396064404008132E+02
  4.5301254703948229E+02
  4.5203443989334892E+02
  4.5102510487480959E+02
  4.4998326665147675E+02
  4.4890758936925550E+02
  4.4779667359922865E+02
  4.4664905314459946E+02
  4.8983038449573172E+02
  4.8974959512868736E+02
  4.8966769763388129E+02
  4.8958467098816118E+02
  4.8950049366342211E+02
  4.8941514361199302E+02
  4.8932859825153685E+02
  4.8924083444944000E+02
  4.8915182850666446E+02
  4.8906155614105370E+02
  4.8896999247006084E+02
  4.8887711199288486E+02
  4.8878288857198373E+02
  4.8868729541394600E+02
  4.8859030504969456E+02
  4.8849188931398999E+02
  4.8839201932421474E+02
  4.8829066545840317E+02
  4.8818779733248579E+02
  4.8808338377672408E+02
  4.8797739281129316E+02
  4.8786979162098078E+02
  4.8776054652897488E+02
  4.8764962296968196E+02
  4.8753698546056290E+02
  4.8742259757291941E+02
  4.8730642190160620E+02
  4.8718842003361158E+02
  4.8706855251546733E+02
  4.8694677881943403E+02
  4.8682305730840750E+02
  4.8669734519949355E+02
  4.8656959852620224E+02
  4.8643977209918489E+02
  4.8630781946546284E+02
  4.8617369286608294E+02
  4.8603734319212123E+02
  4.8589871993897339E+02
  4.8575777115884989E+02
  4.8561444341139196E+02
  4.8546868171233461E+02
  4.8532042948012742E+02
  4.8516962848040674E+02
  4.8501621876824601E+02
  4.8486013862806021E+02
  4.8470132451107253E+02
  4.8453971097022611E+02
  4.8437523059242108E+02
  4.8420781392795607E+02
  4.8403738941704296E+02
  4.8386388331325725E+02
  4.8368721960378417E+02
  4.8350731992629812E+02
  4.8332410348233708E+02
  4.8313748694697381E+02
  4.8294738437463906E+02
  4.8275370710089186E+02
  4.8255636363994205E+02
  4.8235525957773098E+02
  4.8215029746033656E+02
  4.8194137667749186E+02
  4.8172839334096051E+02
  4.8151124015752521E+02
  4.8128980629631832E+02
  4.8106397725021327E+02
  4.8083363469097600E+02
  4.8059865631786425E+02
  4.8035891569934830E+02
  4.8011428210759561E+02
  4.7986462034535555E+02
  4.7960979056485417E+02
  4.7934964807828743E+02
  4.7908404315947581E+02
  4.7881282083623324E+02
  4.7853582067294894E+02
  4.7825287654288485E+02
  4.7796381638964675E+02
  4.7766846197724743E+02
  4.7736662862817434E+02
  4.7705812494881212E+02
  4.7674275254154782E+02
  4.7642030570285635E+02
  4.7609057110660012E+02
  4.7575332747174849E+02
  4.7540834521368663E+02
  4.7505538607820790E+02
  4.7469420275725838E+02
  4.7432453848543486E+02
  4.7394612661618044E+02
  4.7355869017656977E+02
  4.7316194139950181E+02
  4.7275558123206150E+02
  4.7233929881872183E+02
  4.7191277095801286E+02
  4.7147566153116674E+02
  4.7102762090120837E+02
  4.7056828528081684E+02
  4.7009727606726761E+02
  4.6961419914257402E+02
  4.6911864413693763E+02
  4.6861018365343483E+02
  4.6808837245181564E+02
  4.6755274658911611E+02
  4.6700282251472441E+02
  4.6643809611735827E+02
  4.6585804172132629E+02
  4.6526211102927385E+02
  4.6464973200850596E+02
  4.6402030771780824E+02
  4.6337321507156412E+02
  4.6270780353780054E+02
  4.6202339376666106E+02
  4.6131927614564171E+02
  4.6059470927777392E+02
  4.5984891837882827E+02
  4.5908109358941999E+02
  4.5829038819780976E+02
  4.5747591676906609E+02
  4.5663675317612746E+02
  4.5577192852826238E+02
  4.5488042899233199E+02
  4.5396119350224575E+02
  4.5301311135204321E+02
  4.5203501966805959E+02
  4.5102570075578262E+02
  4.4998387931721527E+02
  4.4890821953483572E+02
  4.4779732201862629E+02
  4.4664972061319133E+02
  4.8983047629031660E+02
  4.8974968771264560E+02
  4.8966779101920866E+02
  4.8958476518710796E+02
  4.8950058868849754E+02
  4.8941523947597670E+02
  4.8932869496748236E+02
  4.8924093203068600E+02
  4.8915192696683823E+02
  4.8906165549408172E+02
  4.8897009273017727E+02
  4.8887721317463860E+02
  4.8878299069024780E+02
  4.8868739848392937E+02
  4.8859040908694641E+02
  4.8849199433441396E+02
  4.8839212534407847E+02
  4.8829077249434499E+02
  4.8818790540153111E+02
  4.8808349289629422E+02
  4.8797750299921381E+02
  4.8786990289549948E+02
  4.8776065890877067E+02
  4.8764973647387819E+02
  4.8753710010874062E+02
  4.8742271338513308E+02
  4.8730653889839442E+02
  4.8718853823601580E+02
  4.8706867194504537E+02
  4.8694689949827693E+02
  4.8682317925915402E+02
  4.8669746844535041E+02
  4.8656972309096165E+02
  4.8643989800723853E+02
  4.8630794674182721E+02
  4.8617382153641614E+02
  4.8603747328274488E+02
  4.8589885147689319E+02
  4.8575790417177944E+02
  4.8561457792777253E+02
  4.8546881776136604E+02
  4.8532056709178624E+02
  4.8516976768547659E+02
  4.8501635959834334E+02
  4.8486028111566310E+02
  4.8470146868955095E+02
  4.8453985687386978E+02
  4.8437537825647513E+02
  4.8420796338865205E+02
  4.8403754071163399E+02
  4.8386403648005518E+02
  4.8368737468219433E+02
  4.8350747695686425E+02
  4.8332426250677452E+02
  4.8313764800821758E+02
  4.8294754751688993E+02
  4.8275387236965673E+02
  4.8255653108208901E+02
  4.8235542924153401E+02
  4.8215046939553457E+02
  4.8194155093533806E+02
  4.8172856997428556E+02
  4.8151141922079307E+02
  4.8128998784569512E+02
  4.8106416134362706E+02
  4.8083382138818934E+02
  4.8059884568054792E+02
  4.8035910779115386E+02
  4.8011447699423792E+02
  4.7986481809469359E+02
  4.7960999124698048E+02
  4.7934985176561651E+02
  4.7908424992684490E+02
  4.7881303076099590E+02
  4.7853603383508693E+02
  4.7825309302511670E+02
  4.7796403627754165E+02
  4.7766868535935197E+02
  4.7736685559613767E+02
  4.7705835559751915E+02
  4.7674298696926809E+02
  4.7642054401138529E+02
  4.7609081340142029E+02
  4.7575357386219287E+02
  4.7540859581311514E+02
  4.7505564100418883E+02
  4.7469446213176133E+02
  4.7432480243503426E+02
  4.7394639527227071E+02
  4.7355896367559154E+02
  4.7316221988318114E+02
  4.7275586484766143E+02
  4.7233958771930992E+02
  4.7191306530273931E+02
  4.7147596148556772E+02
  4.7102792663751268E+02
  4.7056859697828753E+02
  4.7009759391254602E+02
  4.6961452333005809E+02
  4.6911897486917240E+02
  4.6861052114153483E+02
  4.6808871691590292E+02
  4.6755309825879499E+02
  4.6700318162957774E+02
  4.6643846292747719E+02
  4.6585841648787209E+02
  4.6526249402507489E+02
  4.6465012351869001E+02
  4.6402070804047889E+02
  4.6337362451851618E+02
  4.6270822243528443E+02
  4.6202382245619532E+02
  4.6131971498487229E+02
  4.6059515864140303E+02
  4.5984937865959131E+02
  4.5908156519913302E+02
  4.5829087156848908E+02
  4.5747641235411442E+02
  4.5663726145161218E+02
  4.5577244999427234E+02
  4.5488096417442529E+02
  4.5396174295300705E+02
  4.5301367565274188E+02
  4.5203559943042143E+02
  4.5102629662389143E+02
  4.4998449196954618E+02
  4.4890884968643184E+02
  4.4779797042342801E+02
  4.4665038806653820E+02
  4.8983056808395884E+02
  4.8974978029565096E+02
  4.8966788440357209E+02
  4.8958485938507829E+02
  4.8950068371258664E+02
  4.8941533533896285E+02
  4.8932879168241965E+02
  4.8924102961091108E+02
  4.8915202542597905E+02
  4.8906175484606479E+02
  4.8897019298923510E+02
  4.8887731435532112E+02
  4.8878309280742877E+02
  4.8868750155281458E+02
  4.8859051312308725E+02
  4.8849209935371397E+02
  4.8839223136280191E+02
  4.8829087952913409E+02
  4.8818801346940910E+02
  4.8808360201468076E+02
  4.8797761318593626E+02
  4.8787001416880531E+02
  4.8776077128733613E+02
  4.8764984997682859E+02
  4.8753721475565567E+02
  4.8742282919606623E+02
  4.8730665589388519E+02
  4.8718865643710541E+02
  4.8706879137329094E+02
  4.8694702017576788E+02
  4.8682330120852919E+02
  4.8669759168981750E+02
  4.8656984765430872E+02
  4.8644002391386113E+02
  4.8630807401673962E+02
  4.8617395020527624E+02
  4.8603760337187339E+02
  4.8589898301329617E+02
  4.8575803718316786E+02
  4.8561471244259064E+02
  4.8546895380880949E+02
  4.8532070470183277E+02
  4.8516990688890962E+02
  4.8501650042677795E+02
  4.8486042360157700E+02
  4.8470161286631208E+02
  4.8454000277576910E+02
  4.8437552591875664E+02
  4.8420811284754626E+02
  4.8403769200439342E+02
  4.8386418964498972E+02
  4.8368752975871041E+02
  4.8350763398550220E+02
  4.8332442152925034E+02
  4.8313780906746769E+02
  4.8294771065711069E+02
  4.8275403763635671E+02
  4.8255669852213231E+02
  4.8235559890319678E+02
  4.8215064132855144E+02
  4.8194172519096389E+02
  4.8172874660534774E+02
  4.8151159828175690E+02
  4.8129016939272219E+02
  4.8106434543464604E+02
  4.8083400808296147E+02
  4.8059903504074208E+02
  4.8035929988042136E+02
  4.8011467187829027E+02
  4.7986501584138915E+02
  4.7961019192640993E+02
  4.7935005545019339E+02
  4.7908445669140173E+02
  4.7881324068288797E+02
  4.7853624699429292E+02
  4.7825330950435233E+02
  4.7796425616237553E+02
  4.7766890873832716E+02
  4.7736708256090014E+02
  4.7705858624295541E+02
  4.7674322139364068E+02
  4.7642078231648946E+02
  4.7609105569273407E+02
  4.7575382024904940E+02
  4.7540884640886929E+02
  4.7505589592640553E+02
  4.7469472150240745E+02
  4.7432506638068025E+02
  4.7394666392430776E+02
  4.7355923717045698E+02
  4.7316249836259720E+02
  4.7275614845888612E+02
  4.7233987661540561E+02
  4.7191335964285383E+02
  4.7147626143522967E+02
  4.7102823236895017E+02
  4.7056890867075509E+02
  4.7009791175268037E+02
  4.6961484751225066E+02
  4.6911930559596226E+02
  4.6861085862402837E+02
  4.6808906137421769E+02
  4.6755344992252770E+02
  4.6700354073830346E+02
  4.6643882973127893E+02
  4.6585879124790245E+02
  4.6526287701415185E+02
  4.6465051502193302E+02
  4.6402110835598097E+02
  4.6337403395806189E+02
  4.6270864132511326E+02
  4.6202425113781112E+02
  4.6132015381591094E+02
  4.6059560799655134E+02
  4.5984983893157045E+02
  4.5908203679974366E+02
  4.5829135492972989E+02
  4.5747690792937311E+02
  4.5663776971693613E+02
  4.5577297144972829E+02
  4.5488149934555196E+02
  4.5396229239236720E+02
  4.5301423994157881E+02
  4.5203617918043443E+02
  4.5102689247913764E+02
  4.4998510460847024E+02
  4.4890947982404390E+02
  4.4779861881363445E+02
  4.4665105550464074E+02
  4.8983065987665822E+02
  4.8974987287770307E+02
  4.8966797778697116E+02
  4.8958495358207409E+02
  4.8950077873569023E+02
  4.8941543120095173E+02
  4.8932888839634836E+02
  4.8924112719011544E+02
  4.8915212388408702E+02
  4.8906185419700194E+02
  4.8897029324723593E+02
  4.8887741553493282E+02
  4.8878319492352489E+02
  4.8868760462060322E+02
  4.8859061715811760E+02
  4.8849220437188865E+02
  4.8839233738038786E+02
  4.8829098656277063E+02
  4.8818812153611867E+02
  4.8808371113188423E+02
  4.8797772337146017E+02
  4.8787012544089600E+02
  4.8776088366467280E+02
  4.8764996347853207E+02
  4.8753732940130789E+02
  4.8742294500571865E+02
  4.8730677288807863E+02
  4.8718877463687852E+02
  4.8706891080020165E+02
  4.8694714085190509E+02
  4.8682342315653341E+02
  4.8669771493289329E+02
  4.8656997221624613E+02
  4.8644014981905241E+02
  4.8630820129020054E+02
  4.8617407887266285E+02
  4.8603773345950725E+02
  4.8589911454818110E+02
  4.8575817019301638E+02
  4.8561484695584414E+02
  4.8546908985466587E+02
  4.8532084231026670E+02
  4.8517004609070369E+02
  4.8501664125354927E+02
  4.8486056608580094E+02
  4.8470175704135693E+02
  4.8454014867592412E+02
  4.8437567357926446E+02
  4.8420826230463774E+02
  4.8403784329532010E+02
  4.8386434280806168E+02
  4.8368768483333207E+02
  4.8350779101221309E+02
  4.8332458054976667E+02
  4.8313797012472253E+02
  4.8294787379530152E+02
  4.8275420290098953E+02
  4.8255686596007274E+02
  4.8235576856271700E+02
  4.8215081325938792E+02
  4.8194189944436829E+02
  4.8172892323414703E+02
  4.8151177734041488E+02
  4.8129035093739952E+02
  4.8106452952326913E+02
  4.8083419477529281E+02
  4.8059922439844593E+02
  4.8035949196714836E+02
  4.8011486675975181E+02
  4.7986521358544206E+02
  4.7961039260314141E+02
  4.7935025913201741E+02
  4.7908466345314838E+02
  4.7881345060190949E+02
  4.7853646015056682E+02
  4.7825352598059192E+02
  4.7796447604414760E+02
  4.7766913211417324E+02
  4.7736730952246353E+02
  4.7705881688511948E+02
  4.7674345581466611E+02
  4.7642102061816792E+02
  4.7609129798054346E+02
  4.7575406663231655E+02
  4.7540909700094886E+02
  4.7505615084485794E+02
  4.7469498086919594E+02
  4.7432533032237325E+02
  4.7394693257229164E+02
  4.7355951066116558E+02
  4.7316277683774859E+02
  4.7275643206573511E+02
  4.7234016550701011E+02
  4.7191365397835716E+02
  4.7147656138015600E+02
  4.7102853809551948E+02
  4.7056922035821896E+02
  4.7009822958767018E+02
  4.6961517168915094E+02
  4.6911963631730703E+02
  4.6861119610091828E+02
  4.6808940582676155E+02
  4.6755380158031534E+02
  4.6700389984090197E+02
  4.6643919652876355E+02
  4.6585916600141627E+02
  4.6526325999650470E+02
  4.6465090651823471E+02
  4.6402150866431452E+02
  4.6337444339020215E+02
  4.6270906020728620E+02
  4.6202467981150926E+02
  4.6132059263875647E+02
  4.6059605734321883E+02
  4.5985029919476534E+02
  4.5908250839125174E+02
  4.5829183828153293E+02
  4.5747740349484036E+02
  4.5663827797209728E+02
  4.5577349289463137E+02
  4.5488203450571342E+02
  4.5396284182032599E+02
  4.5301480421855342E+02
  4.5203675891809951E+02
  4.5102748832152122E+02
  4.4998571723398737E+02
  4.4891010994767237E+02
  4.4779926718924554E+02
  4.4665172292750066E+02
  4.8983075166841519E+02
  4.8974996545880191E+02
  4.8966807116940680E+02
  4.8958504777809657E+02
  4.8950087375780788E+02
  4.8941552706194273E+02
  4.8932898510926714E+02
  4.8924122476829854E+02
  4.8915222234116152E+02
  4.8906195354689424E+02
  4.8897039350417828E+02
  4.8887751671347394E+02
  4.8878329703853797E+02
  4.8868770768729445E+02
  4.8859072119203779E+02
  4.8849230938893891E+02
  4.8839244339683489E+02
  4.8829109359525199E+02
  4.8818822960166079E+02
  4.8808382024790495E+02
  4.8797783355578684E+02
  4.8787023671177400E+02
  4.8776099604077899E+02
  4.8765007697898841E+02
  4.8753744404569693E+02
  4.8742306081409174E+02
  4.8730688988097404E+02
  4.8718889283533673E+02
  4.8706903022577899E+02
  4.8694726152669153E+02
  4.8682354510316674E+02
  4.8669783817457824E+02
  4.8657009677677297E+02
  4.8644027572281226E+02
  4.8630832856220877E+02
  4.8617420753857692E+02
  4.8603786354564528E+02
  4.8589924608154894E+02
  4.8575830320132440E+02
  4.8561498146753496E+02
  4.8546922589893438E+02
  4.8532097991708946E+02
  4.8517018529086187E+02
  4.8501678207865695E+02
  4.8486070856833504E+02
  4.8470190121468426E+02
  4.8454029457433444E+02
  4.8437582123799973E+02
  4.8420841175992740E+02
  4.8403799458441489E+02
  4.8386449596926985E+02
  4.8368783990605891E+02
  4.8350794803699637E+02
  4.8332473956832223E+02
  4.8313813117998347E+02
  4.8294803693146264E+02
  4.8275436816355699E+02
  4.8255703339590968E+02
  4.8235593822009622E+02
  4.8215098518804348E+02
  4.8194207369555068E+02
  4.8172909986068402E+02
  4.8151195639676661E+02
  4.8129053247972791E+02
  4.8106471360949882E+02
  4.8083438146518176E+02
  4.8059941375366122E+02
  4.8035968405133690E+02
  4.8011506163862362E+02
  4.7986541132685215E+02
  4.7961059327717686E+02
  4.7935046281108708E+02
  4.7908487021208424E+02
  4.7881366051806071E+02
  4.7853667330390857E+02
  4.7825374245383603E+02
  4.7796469592285882E+02
  4.7766935548688934E+02
  4.7736753648082765E+02
  4.7705904752401091E+02
  4.7674369023234465E+02
  4.7642125891642161E+02
  4.7609154026484703E+02
  4.7575431301199552E+02
  4.7540934758935214E+02
  4.7505640575954567E+02
  4.7469524023212739E+02
  4.7432559426011267E+02
  4.7394720121622345E+02
  4.7355978414771886E+02
  4.7316305530863610E+02
  4.7275671566820876E+02
  4.7234045439412284E+02
  4.7191394830924793E+02
  4.7147686132034460E+02
  4.7102884381722259E+02
  4.7056953204068020E+02
  4.7009854741751565E+02
  4.6961549586076046E+02
  4.6911996703320739E+02
  4.6861153357220257E+02
  4.6808975027353364E+02
  4.6755415323215630E+02
  4.6700425893737264E+02
  4.6643956331993041E+02
  4.6585954074841436E+02
  4.6526364297213456E+02
  4.6465129800759593E+02
  4.6402190896548063E+02
  4.6337485281493520E+02
  4.6270947908180261E+02
  4.6202510847728928E+02
  4.6132103145340983E+02
  4.6059650668140489E+02
  4.5985075944917611E+02
  4.5908297997365810E+02
  4.5829232162389906E+02
  4.5747789905051900E+02
  4.5663878621709802E+02
  4.5577401432898148E+02
  4.5488256965490910E+02
  4.5396339123688290E+02
  4.5301536848366663E+02
  4.5203733864341734E+02
  4.5102808415104278E+02
  4.4998632984609867E+02
  4.4891074005731684E+02
  4.4779991555026322E+02
  4.4665239033511727E+02
  4.8983084345923089E+02
  4.8975005803894805E+02
  4.8966816455087894E+02
  4.8958514197314241E+02
  4.8950096877893867E+02
  4.8941562292193629E+02
  4.8932908182117745E+02
  4.8924132234546101E+02
  4.8915232079720323E+02
  4.8906205289574046E+02
  4.8897049376006231E+02
  4.8887761789094446E+02
  4.8878339915246750E+02
  4.8868781075288882E+02
  4.8859082522484613E+02
  4.8849241440486514E+02
  4.8839254941214307E+02
  4.8829120062658200E+02
  4.8818833766603547E+02
  4.8808392936274242E+02
  4.8797794373891429E+02
  4.8787034798143691E+02
  4.8776110841565469E+02
  4.8765019047820027E+02
  4.8753755868882303E+02
  4.8742317662118478E+02
  4.8730700687257252E+02
  4.8718901103247998E+02
  4.8706914965002318E+02
  4.8694738220012556E+02
  4.8682366704842860E+02
  4.8669796141487222E+02
  4.8657022133588873E+02
  4.8644040162514176E+02
  4.8630845583276647E+02
  4.8617433620301756E+02
  4.8603799363028969E+02
  4.8589937761339985E+02
  4.8575843620809309E+02
  4.8561511597766201E+02
  4.8546936194161509E+02
  4.8532111752229969E+02
  4.8517032448938238E+02
  4.8501692290210207E+02
  4.8486085104917987E+02
  4.8470204538629639E+02
  4.8454044047100052E+02
  4.8437596889496177E+02
  4.8420856121341399E+02
  4.8403814587167687E+02
  4.8386464912861476E+02
  4.8368799497689071E+02
  4.8350810505985311E+02
  4.8332489858491732E+02
  4.8313829223324836E+02
  4.8294820006559360E+02
  4.8275453342405854E+02
  4.8255720082964331E+02
  4.8235610787533432E+02
  4.8215115711451830E+02
  4.8194224794451338E+02
  4.8172927648495829E+02
  4.8151213545081470E+02
  4.8129071401970680E+02
  4.8106489769333314E+02
  4.8083456815262952E+02
  4.8059960310638701E+02
  4.8035987613298681E+02
  4.8011525651490609E+02
  4.7986560906561988E+02
  4.7961079394851481E+02
  4.7935066648740479E+02
  4.7908507696820971E+02
  4.7881387043134174E+02
  4.7853688645431833E+02
  4.7825395892408466E+02
  4.7796491579850795E+02
  4.7766957885647645E+02
  4.7736776343599252E+02
  4.7705927815962980E+02
  4.7674392464667579E+02
  4.7642149721125116E+02
  4.7609178254564563E+02
  4.7575455938808523E+02
  4.7540959817408174E+02
  4.7505666067046963E+02
  4.7469549959120206E+02
  4.7432585819389936E+02
  4.7394746985610209E+02
  4.7356005763011473E+02
  4.7316333377526064E+02
  4.7275699926630767E+02
  4.7234074327674512E+02
  4.7191424263552693E+02
  4.7147716125579655E+02
  4.7102914953405667E+02
  4.7056984371813797E+02
  4.7009886524221685E+02
  4.6961582002707820E+02
  4.6912029774366283E+02
  4.6861187103788308E+02
  4.6809009471453459E+02
  4.6755450487805268E+02
  4.6700461802771588E+02
  4.6643993010477999E+02
  4.6585991548889632E+02
  4.6526402594104172E+02
  4.6465168949001736E+02
  4.6402230925947845E+02
  4.6337526223226246E+02
  4.6270989794866358E+02
  4.6202553713515198E+02
  4.6132147025987138E+02
  4.6059695601111122E+02
  4.5985121969480332E+02
  4.5908345154696201E+02
  4.5829280495682815E+02
  4.5747839459640733E+02
  4.5663929445193747E+02
  4.5577453575277895E+02
  4.5488310479314021E+02
  4.5396394064203992E+02
  4.5301593273691998E+02
  4.5203791835638884E+02
  4.5102867996770357E+02
  4.4998694244480441E+02
  4.4891137015298028E+02
  4.4780056389668704E+02
  4.4665305772749133E+02
  4.8983093524910333E+02
  4.8975015061814076E+02
  4.8966825793138645E+02
  4.8958523616721487E+02
  4.8950106379908397E+02
  4.8941571878093293E+02
  4.8932917853207829E+02
  4.8924141992160213E+02
  4.8915241925221233E+02
  4.8906215224354253E+02
  4.8897059401488934E+02
  4.8887771906734440E+02
  4.8878350126531291E+02
  4.8868791381738629E+02
  4.8859092925654397E+02
  4.8849251941966645E+02
  4.8839265542631239E+02
  4.8829130765675876E+02
  4.8818844572924195E+02
  4.8808403847639755E+02
  4.8797805392084382E+02
  4.8787045924988593E+02
  4.8776122078930052E+02
  4.8765030397616425E+02
  4.8753767333068538E+02
  4.8742329242699742E+02
  4.8730712386287269E+02
  4.8718912922830776E+02
  4.8706926907293399E+02
  4.8694750287220774E+02
  4.8682378899231946E+02
  4.8669808465377679E+02
  4.8657034589359381E+02
  4.8644052752604085E+02
  4.8630858310187131E+02
  4.8617446486598578E+02
  4.8603812371343878E+02
  4.8589950914373304E+02
  4.8575856921332115E+02
  4.8561525048622525E+02
  4.8546949798270805E+02
  4.8532125512589784E+02
  4.8517046368626592E+02
  4.8501706372388372E+02
  4.8486099352833514E+02
  4.8470218955619026E+02
  4.8454058636592151E+02
  4.8437611655015138E+02
  4.8420871066509864E+02
  4.8403829715710697E+02
  4.8386480228609679E+02
  4.8368815004582763E+02
  4.8350826208078291E+02
  4.8332505759955154E+02
  4.8313845328451890E+02
  4.8294836319769490E+02
  4.8275469868249297E+02
  4.8255736826127441E+02
  4.8235627752843106E+02
  4.8215132903881266E+02
  4.8194242219125482E+02
  4.8172945310697054E+02
  4.8151231450255574E+02
  4.8129089555733611E+02
  4.8106508177477349E+02
  4.8083475483763618E+02
  4.8059979245662299E+02
  4.8036006821209691E+02
  4.8011545138859816E+02
  4.7986580680174444E+02
  4.7961099461715611E+02
  4.7935087016096981E+02
  4.7908528372152398E+02
  4.7881408034175172E+02
  4.7853709960179600E+02
  4.7825417539133764E+02
  4.7796513567109645E+02
  4.7766980222293455E+02
  4.7736799038795795E+02
  4.7705950879197735E+02
  4.7674415905765989E+02
  4.7642173550265551E+02
  4.7609202482293841E+02
  4.7575480576058715E+02
  4.7540984875513652E+02
  4.7505691557762901E+02
  4.7469575894641952E+02
  4.7432612212373277E+02
  4.7394773849192859E+02
  4.7356033110835529E+02
  4.7316361223762129E+02
  4.7275728286003113E+02
  4.7234103215487710E+02
  4.7191453695719565E+02
  4.7147746118651128E+02
  4.7102945524602529E+02
  4.7057015539059324E+02
  4.7009918306177434E+02
  4.6961614418810530E+02
  4.6912062844867432E+02
  4.6861220849795876E+02
  4.6809043914976411E+02
  4.6755485651800325E+02
  4.6700497711193253E+02
  4.6644029688331301E+02
  4.6586029022286328E+02
  4.6526440890322471E+02
  4.6465208096549804E+02
  4.6402270954630933E+02
  4.6337567164218359E+02
  4.6271031680786899E+02
  4.6202596578509787E+02
  4.6132190905814088E+02
  4.6059740533233679E+02
  4.5985167993164839E+02
  4.5908392311116489E+02
  4.5829328828032089E+02
  4.5747889013250676E+02
  4.5663980267661708E+02
  4.5577505716602553E+02
  4.5488363992040655E+02
  4.5396449003579653E+02
  4.5301649697831300E+02
  4.5203849805701248E+02
  4.5102927577150439E+02
  4.4998755503010443E+02
  4.4891200023466160E+02
  4.4780121222851699E+02
  4.4665372510462430E+02
  4.8983102703803365E+02
  4.8975024319638152E+02
  4.8966835131093103E+02
  4.8958533036031173E+02
  4.8950115881824280E+02
  4.8941581463893283E+02
  4.8932927524197032E+02
  4.8924151749672325E+02
  4.8915251770618801E+02
  4.8906225159029850E+02
  4.8897069426865778E+02
  4.8887782024267392E+02
  4.8878360337707466E+02
  4.8868801688078668E+02
  4.8859103328713235E+02
  4.8849262443334271E+02
  4.8839276143934342E+02
  4.8829141468578143E+02
  4.8818855379128013E+02
  4.8808414758886983E+02
  4.8797816410157566E+02
  4.8787057051712191E+02
  4.8776133316171683E+02
  4.8765041747288313E+02
  4.8753778797128581E+02
  4.8742340823153063E+02
  4.8730724085187654E+02
  4.8718924742282030E+02
  4.8706938849451075E+02
  4.8694762354293732E+02
  4.8682391093483943E+02
  4.8669820789128994E+02
  4.8657047044988951E+02
  4.8644065342550869E+02
  4.8630871036952465E+02
  4.8617459352748028E+02
  4.8603825379509288E+02
  4.8589964067254914E+02
  4.8575870221700922E+02
  4.8561538499322467E+02
  4.8546963402221456E+02
  4.8532139272788390E+02
  4.8517060288151191E+02
  4.8501720454400260E+02
  4.8486113600580086E+02
  4.8470233372436820E+02
  4.8454073225909832E+02
  4.8437626420356713E+02
  4.8420886011498163E+02
  4.8403844844070483E+02
  4.8386495544171657E+02
  4.8368830511287075E+02
  4.8350841909978499E+02
  4.8332521661222569E+02
  4.8313861433379589E+02
  4.8294852632776661E+02
  4.8275486393886280E+02
  4.8255753569080201E+02
  4.8235644717938607E+02
  4.8215150096092685E+02
  4.8194259643577516E+02
  4.8172962972672002E+02
  4.8151249355199315E+02
  4.8129107709261649E+02
  4.8106526585381874E+02
  4.8083494152020165E+02
  4.8059998180437015E+02
  4.8036026028866928E+02
  4.8011564625970044E+02
  4.7986600453522681E+02
  4.7961119528309996E+02
  4.7935107383178143E+02
  4.7908549047202706E+02
  4.7881429024929156E+02
  4.7853731274634208E+02
  4.7825439185559543E+02
  4.7796535554062314E+02
  4.7767002558626382E+02
  4.7736821733672429E+02
  4.7705973942105277E+02
  4.7674439346529738E+02
  4.7642197379063475E+02
  4.7609226709672657E+02
  4.7575505212950031E+02
  4.7541009933251655E+02
  4.7505717048102440E+02
  4.7469601829778082E+02
  4.7432638604961386E+02
  4.7394800712370170E+02
  4.7356060458243996E+02
  4.7316389069571869E+02
  4.7275756644937945E+02
  4.7234132102851765E+02
  4.7191483127425158E+02
  4.7147776111248987E+02
  4.7102976095312636E+02
  4.7057046705804561E+02
  4.7009950087618824E+02
  4.6961646834384027E+02
  4.6912095914824084E+02
  4.6861254595243059E+02
  4.6809078357922283E+02
  4.6755520815200958E+02
  4.6700533619002215E+02
  4.6644066365552885E+02
  4.6586066495031559E+02
  4.6526479185868556E+02
  4.6465247243403934E+02
  4.6402310982597237E+02
  4.6337608104470024E+02
  4.6271073565941970E+02
  4.6202639442712643E+02
  4.6132234784821907E+02
  4.6059785464508263E+02
  4.5985214015970973E+02
  4.5908439466626646E+02
  4.5829377159437740E+02
  4.5747938565881771E+02
  4.5664031089113621E+02
  4.5577557856871982E+02
  4.5488417503670911E+02
  4.5396503941815320E+02
  4.5301706120784542E+02
  4.5203907774529063E+02
  4.5102987156244342E+02
  4.4998816760199924E+02
  4.4891263030236144E+02
  4.4780186054575557E+02
  4.4665439246651573E+02
  4.8983111882602157E+02
  4.8975033577366798E+02
  4.8966844468951160E+02
  4.8958542455243355E+02
  4.8950125383641677E+02
  4.8941591049593376E+02
  4.8932937195085339E+02
  4.8924161507082260E+02
  4.8915261615913101E+02
  4.8906235093600907E+02
  4.8897079452136836E+02
  4.8887792141693154E+02
  4.8878370548775354E+02
  4.8868811994308953E+02
  4.8859113731660881E+02
  4.8849272944589478E+02
  4.8839286745123593E+02
  4.8829152171365178E+02
  4.8818866185215154E+02
  4.8808425670015907E+02
  4.8797827428110884E+02
  4.8787068178314325E+02
  4.8776144553290356E+02
  4.8765053096835470E+02
  4.8753790261062244E+02
  4.8742352403478333E+02
  4.8730735783958221E+02
  4.8718936561601748E+02
  4.8706950791475487E+02
  4.8694774421231506E+02
  4.8682403287598800E+02
  4.8669833112741242E+02
  4.8657059500477425E+02
  4.8644077932354520E+02
  4.8630883763572666E+02
  4.8617472218750180E+02
  4.8603838387525229E+02
  4.8589977219984871E+02
  4.8575883521915659E+02
  4.8561551949866083E+02
  4.8546977006013333E+02
  4.8532153032825761E+02
  4.8517074207512093E+02
  4.8501734536245851E+02
  4.8486127848157776E+02
  4.8470247789082964E+02
  4.8454087815053083E+02
  4.8437641185521028E+02
  4.8420900956306235E+02
  4.8403859972247017E+02
  4.8386510859547343E+02
  4.8368846017801860E+02
  4.8350857611686041E+02
  4.8332537562293965E+02
  4.8313877538107698E+02
  4.8294868945580782E+02
  4.8275502919316625E+02
  4.8255770311822704E+02
  4.8235661682820074E+02
  4.8215167288086019E+02
  4.8194277067807474E+02
  4.8172980634420713E+02
  4.8151267259912436E+02
  4.8129125862554787E+02
  4.8106544993046924E+02
  4.8083512820032524E+02
  4.8060017114962722E+02
  4.8036045236270184E+02
  4.8011584112821242E+02
  4.7986620226606675E+02
  4.7961139594634778E+02
  4.7935127749984059E+02
  4.7908569721972071E+02
  4.7881450015396166E+02
  4.7853752588795624E+02
  4.7825460831685734E+02
  4.7796557540708966E+02
  4.7767024894646386E+02
  4.7736844428229057E+02
  4.7705997004685673E+02
  4.7674462786958787E+02
  4.7642221207518992E+02
  4.7609250936700943E+02
  4.7575529849482547E+02
  4.7541034990622171E+02
  4.7505742538065658E+02
  4.7469627764528502E+02
  4.7432664997154194E+02
  4.7394827575142341E+02
  4.7356087805236831E+02
  4.7316416914955300E+02
  4.7275785003435402E+02
  4.7234160989766690E+02
  4.7191512558669780E+02
  4.7147806103373148E+02
  4.7103006665536054E+02
  4.7057077872049672E+02
  4.7009981868545771E+02
  4.6961679249428579E+02
  4.6912128984236347E+02
  4.6861288340129835E+02
  4.6809112800291035E+02
  4.6755555978007004E+02
  4.6700569526198581E+02
  4.6644103042142854E+02
  4.6586103967125206E+02
  4.6526517480742433E+02
  4.6465286389564022E+02
  4.6402351009846848E+02
  4.6337649043981162E+02
  4.6271115450331587E+02
  4.6202682306123938E+02
  4.6132278663010595E+02
  4.6059830394934909E+02
  4.5985260037898973E+02
  4.5908486621226666E+02
  4.5829425489899808E+02
  4.5747988117534021E+02
  4.5664081909549577E+02
  4.5577609996086397E+02
  4.5488471014204742E+02
  4.5396558878911054E+02
  4.5301762542551882E+02
  4.5203965742122375E+02
  4.5103046734052378E+02
  4.4998878016049127E+02
  4.4891326035608120E+02
  4.4780250884840189E+02
  4.4665505981316790E+02
  4.8983121061306787E+02
  4.8975042835000306E+02
  4.8966853806712840E+02
  4.8958551874358113E+02
  4.8950134885360319E+02
  4.8941600635193794E+02
  4.8932946865872708E+02
  4.8924171264390185E+02
  4.8915271461104032E+02
  4.8906245028067519E+02
  4.8897089477302177E+02
  4.8887802259011937E+02
  4.8878380759734773E+02
  4.8868822300429582E+02
  4.8859124134497506E+02
  4.8849283445732317E+02
  4.8839297346198919E+02
  4.8829162874036933E+02
  4.8818876991185459E+02
  4.8808436581026518E+02
  4.8797838445944370E+02
  4.8787079304795094E+02
  4.8776155790286020E+02
  4.8765064446258162E+02
  4.8753801724869732E+02
  4.8742363983675591E+02
  4.8730747482599037E+02
  4.8718948380790010E+02
  4.8706962733366498E+02
  4.8694786488034077E+02
  4.8682415481576516E+02
  4.8669845436214473E+02
  4.8657071955824802E+02
  4.8644090522015142E+02
  4.8630896490047706E+02
  4.8617485084605124E+02
  4.8603851395391644E+02
  4.8589990372563045E+02
  4.8575896821976517E+02
  4.8561565400253431E+02
  4.8546990609646434E+02
  4.8532166792702054E+02
  4.8517088126709217E+02
  4.8501748617925074E+02
  4.8486142095566464E+02
  4.8470262205557526E+02
  4.8454102404021950E+02
  4.8437655950508127E+02
  4.8420915900934125E+02
  4.8403875100240305E+02
  4.8386526174736645E+02
  4.8368861524127266E+02
  4.8350873313200947E+02
  4.8332553463169364E+02
  4.8313893642636481E+02
  4.8294885258182023E+02
  4.8275519444540402E+02
  4.8255787054354857E+02
  4.8235678647487390E+02
  4.8215184479861284E+02
  4.8194294491815270E+02
  4.8172998295943194E+02
  4.8151285164395085E+02
  4.8129144015613048E+02
  4.8106563400472584E+02
  4.8083531487800911E+02
  4.8060036049239557E+02
  4.8036064443419616E+02
  4.8011603599413473E+02
  4.7986639999426410E+02
  4.7961159660689873E+02
  4.7935148116514608E+02
  4.7908590396460352E+02
  4.7881471005576128E+02
  4.7853773902663852E+02
  4.7825482477512446E+02
  4.7796579527049471E+02
  4.7767047230353512E+02
  4.7736867122465844E+02
  4.7706020066938834E+02
  4.7674486227053177E+02
  4.7642245035632050E+02
  4.7609275163378788E+02
  4.7575554485656238E+02
  4.7541060047625211E+02
  4.7505768027652346E+02
  4.7469653698893268E+02
  4.7432691388951736E+02
  4.7394854437509258E+02
  4.7356115151814123E+02
  4.7316444759912446E+02
  4.7275813361495256E+02
  4.7234189876232659E+02
  4.7191541989453214E+02
  4.7147836095023752E+02
  4.7103037235272785E+02
  4.7057109037794464E+02
  4.7010013648958386E+02
  4.6961711663943976E+02
  4.6912162053104282E+02
  4.6861322084456174E+02
  4.6809147242082736E+02
  4.6755591140218655E+02
  4.6700605432782226E+02
  4.6644139718101195E+02
  4.6586141438567472E+02
  4.6526555774944057E+02
  4.6465325535030206E+02
  4.6402391036379782E+02
  4.6337689982751749E+02
  4.6271157333955705E+02
  4.6202725168743501E+02
  4.6132322540380204E+02
  4.6059875324513644E+02
  4.5985306058948686E+02
  4.5908533774916663E+02
  4.5829473819418382E+02
  4.5748037668207479E+02
  4.5664132728969565E+02
  4.5577662134245691E+02
  4.5488524523642184E+02
  4.5396613814866947E+02
  4.5301818963133326E+02
  4.5204023708481122E+02
  4.5103106310574418E+02
  4.4998939270557941E+02
  4.4891389039582060E+02
  4.4780315713645683E+02
  4.4665572714457977E+02
  4.8983130239917097E+02
  4.8975052092538448E+02
  4.8966863144378175E+02
  4.8958561293375385E+02
  4.8950144386980526E+02
  4.8941610220694565E+02
  4.8932956536559237E+02
  4.8924181021596002E+02
  4.8915281306191702E+02
  4.8906254962429546E+02
  4.8897099502361721E+02
  4.8887812376223701E+02
  4.8878390970585832E+02
  4.8868832606440463E+02
  4.8859134537223116E+02
  4.8849293946762600E+02
  4.8839307947160427E+02
  4.8829173576593365E+02
  4.8818887797038946E+02
  4.8808447491918918E+02
  4.8797849463658082E+02
  4.8787090431154513E+02
  4.8776167027158681E+02
  4.8765075795556129E+02
  4.8753813188550788E+02
  4.8742375563744935E+02
  4.8730759181110193E+02
  4.8718960199846669E+02
  4.8706974675124201E+02
  4.8694798554701458E+02
  4.8682427675417222E+02
  4.8669857759548631E+02
  4.8657084411031167E+02
  4.8644103111532661E+02
  4.8630909216377540E+02
  4.8617497950312674E+02
  4.8603864403108622E+02
  4.8590003524989561E+02
  4.8575910121883385E+02
  4.8561578850484398E+02
  4.8547004213120783E+02
  4.8532180552417043E+02
  4.8517102045742661E+02
  4.8501762699438098E+02
  4.8486156342806129E+02
  4.8470276621860341E+02
  4.8454116992816347E+02
  4.8437670715317870E+02
  4.8420930845381645E+02
  4.8403890228050534E+02
  4.8386541489739739E+02
  4.8368877030263144E+02
  4.8350889014523045E+02
  4.8332569363848677E+02
  4.8313909746965703E+02
  4.8294901570580254E+02
  4.8275535969557603E+02
  4.8255803796676793E+02
  4.8235695611940554E+02
  4.8215201671418606E+02
  4.8194311915601094E+02
  4.8173015957239448E+02
  4.8151303068647195E+02
  4.8129162168436295E+02
  4.8106581807658768E+02
  4.8083550155325094E+02
  4.8060054983267440E+02
  4.8036083650315271E+02
  4.8011623085746743E+02
  4.7986659771981897E+02
  4.7961179726475302E+02
  4.7935168482770018E+02
  4.7908611070667541E+02
  4.7881491995469088E+02
  4.7853795216238899E+02
  4.7825504123039622E+02
  4.7796601513083937E+02
  4.7767069565747710E+02
  4.7736889816382723E+02
  4.7706043128864985E+02
  4.7674509666812867E+02
  4.7642268863402671E+02
  4.7609299389706109E+02
  4.7575579121471151E+02
  4.7541085104260895E+02
  4.7505793516862775E+02
  4.7469679632872470E+02
  4.7432717780354102E+02
  4.7394881299470927E+02
  4.7356142497975890E+02
  4.7316472604443254E+02
  4.7275841719117733E+02
  4.7234218762249532E+02
  4.7191571419775602E+02
  4.7147866086200713E+02
  4.7103067804522885E+02
  4.7057140203039000E+02
  4.7010045428856688E+02
  4.6961744077930376E+02
  4.6912195121427732E+02
  4.6861355828222179E+02
  4.6809181683297408E+02
  4.6755626301835792E+02
  4.6700641338753258E+02
  4.6644176393427904E+02
  4.6586178909358250E+02
  4.6526594068473474E+02
  4.6465364679802457E+02
  4.6402431062196092E+02
  4.6337730920781888E+02
  4.6271199216814347E+02
  4.6202768030571525E+02
  4.6132366416930734E+02
  4.6059920253244496E+02
  4.5985352079120179E+02
  4.5908580927696590E+02
  4.5829522147993356E+02
  4.5748087217902111E+02
  4.5664183547373648E+02
  4.5577714271350021E+02
  4.5488578031983400E+02
  4.5396668749682971E+02
  4.5301875382528999E+02
  4.5204081673605560E+02
  4.5103165885810688E+02
  4.4999000523726431E+02
  4.4891452042158005E+02
  4.4780380540992189E+02
  4.4665639446075198E+02
  4.8983139418433149E+02
  4.8975061349981246E+02
  4.8966872481947075E+02
  4.8958570712295250E+02
  4.8950153888502081E+02
  4.8941619806095554E+02
  4.8932966207144830E+02
  4.8924190778699767E+02
  4.8915291151176109E+02
  4.8906264896687082E+02
  4.8897109527315456E+02
  4.8887822493328400E+02
  4.8878401181328530E+02
  4.8868842912341734E+02
  4.8859144939837671E+02
  4.8849304447680618E+02
  4.8839318548008089E+02
  4.8829184279034507E+02
  4.8818898602775693E+02
  4.8808458402693111E+02
  4.8797860481251934E+02
  4.8787101557392538E+02
  4.8776178263908423E+02
  4.8765087144729495E+02
  4.8753824652105652E+02
  4.8742387143686210E+02
  4.8730770879491558E+02
  4.8718972018771831E+02
  4.8706986616748571E+02
  4.8694810621233643E+02
  4.8682439869120702E+02
  4.8669870082743830E+02
  4.8657096866096526E+02
  4.8644115700907076E+02
  4.8630921942562247E+02
  4.8617510815872953E+02
  4.8603877410676137E+02
  4.8590016677264339E+02
  4.8575923421636105E+02
  4.8561592300558982E+02
  4.8547017816436471E+02
  4.8532194311970869E+02
  4.8517115964612384E+02
  4.8501776780784763E+02
  4.8486170589877094E+02
  4.8470291037991552E+02
  4.8454131581436337E+02
  4.8437685479950380E+02
  4.8420945789649107E+02
  4.8403905355677449E+02
  4.8386556804556528E+02
  4.8368892536209614E+02
  4.8350904715652524E+02
  4.8332585264331954E+02
  4.8313925851095581E+02
  4.8294917882775565E+02
  4.8275552494368208E+02
  4.8255820538788328E+02
  4.8235712576179685E+02
  4.8215218862757797E+02
  4.8194329339164784E+02
  4.8173033618309483E+02
  4.8151320972668799E+02
  4.8129180321024683E+02
  4.8106600214605555E+02
  4.8083568822605196E+02
  4.8060073917046452E+02
  4.8036102856956950E+02
  4.8011642571821102E+02
  4.7986679544273170E+02
  4.7961199791991038E+02
  4.7935188848750124E+02
  4.7908631744593708E+02
  4.7881512985075028E+02
  4.7853816529520890E+02
  4.7825525768267272E+02
  4.7796623498812204E+02
  4.7767091900829053E+02
  4.7736912509979697E+02
  4.7706066190463815E+02
  4.7674533106237931E+02
  4.7642292690830897E+02
  4.7609323615682973E+02
  4.7575603756927194E+02
  4.7541110160529144E+02
  4.7505819005696844E+02
  4.7469705566466041E+02
  4.7432744171361105E+02
  4.7394908161027382E+02
  4.7356169843722046E+02
  4.7316500448547760E+02
  4.7275870076302772E+02
  4.7234247647817386E+02
  4.7191600849636893E+02
  4.7147896076904044E+02
  4.7103098373286412E+02
  4.7057171367783479E+02
  4.7010077208240631E+02
  4.6961776491387712E+02
  4.6912228189206797E+02
  4.6861389571427787E+02
  4.6809216123935050E+02
  4.6755661462858552E+02
  4.6700677244111733E+02
  4.6644213068123042E+02
  4.6586216379497614E+02
  4.6526632361330695E+02
  4.6465403823880848E+02
  4.6402471087295777E+02
  4.6337771858071540E+02
  4.6271241098907694E+02
  4.6202810891607902E+02
  4.6132410292662206E+02
  4.6059965181127382E+02
  4.5985398098413532E+02
  4.5908628079566512E+02
  4.5829570475624877E+02
  4.5748136766618006E+02
  4.5664234364761904E+02
  4.5577766407399309E+02
  4.5488631539228436E+02
  4.5396723683359153E+02
  4.5301931800738816E+02
  4.5204139637495439E+02
  4.5103225459761040E+02
  4.4999061775554708E+02
  4.4891515043336148E+02
  4.4780445366879616E+02
  4.4665706176168686E+02
  4.8983148596854994E+02
  4.8975070607328780E+02
  4.8966881819419677E+02
  4.8958580131117600E+02
  4.8950163389925041E+02
  4.8941629391396754E+02
  4.8932975877629497E+02
  4.8924200535701374E+02
  4.8915300996057272E+02
  4.8906274830840016E+02
  4.8897119552163457E+02
  4.8887832610325989E+02
  4.8878411391962828E+02
  4.8868853218133222E+02
  4.8859155342341086E+02
  4.8849314948485977E+02
  4.8839329148741859E+02
  4.8829194981360320E+02
  4.8818909408395706E+02
  4.8808469313348888E+02
  4.8797871498726028E+02
  4.8787112683509196E+02
  4.8776189500535099E+02
  4.8765098493778186E+02
  4.8753836115534239E+02
  4.8742398723499520E+02
  4.8730782577743230E+02
  4.8718983837565469E+02
  4.8706998558239542E+02
  4.8694822687630563E+02
  4.8682452062687196E+02
  4.8669882405799865E+02
  4.8657109321020806E+02
  4.8644128290138457E+02
  4.8630934668601822E+02
  4.8617523681285991E+02
  4.8603890418094124E+02
  4.8590029829387390E+02
  4.8575936721234939E+02
  4.8561605750477230E+02
  4.8547031419593344E+02
  4.8532208071363499E+02
  4.8517129883318461E+02
  4.8501790861965179E+02
  4.8486184836778972E+02
  4.8470305453951102E+02
  4.8454146169881892E+02
  4.8437700244405659E+02
  4.8420960733736433E+02
  4.8403920483121220E+02
  4.8386572119187059E+02
  4.8368908041966705E+02
  4.8350920416589372E+02
  4.8332601164619228E+02
  4.8313941955025894E+02
  4.8294934194767865E+02
  4.8275569018972271E+02
  4.8255837280689644E+02
  4.8235729540204608E+02
  4.8215236053879056E+02
  4.8194346762506507E+02
  4.8173051279153270E+02
  4.8151338876459954E+02
  4.8129198473378221E+02
  4.8106618621312896E+02
  4.8083587489641195E+02
  4.8060092850576638E+02
  4.8036122063344817E+02
  4.8011662057636374E+02
  4.7986699316300235E+02
  4.7961219857237120E+02
  4.7935209214454989E+02
  4.7908652418238859E+02
  4.7881533974394006E+02
  4.7853837842509608E+02
  4.7825547413195414E+02
  4.7796645484234426E+02
  4.7767114235597580E+02
  4.7736935203256758E+02
  4.7706089251735574E+02
  4.7674556545328301E+02
  4.7642316517916623E+02
  4.7609347841309392E+02
  4.7575628392024498E+02
  4.7541135216429905E+02
  4.7505844494154525E+02
  4.7469731499673918E+02
  4.7432770561973001E+02
  4.7394935022178691E+02
  4.7356197189052665E+02
  4.7316528292226008E+02
  4.7275898433050344E+02
  4.7234276532936207E+02
  4.7191630279037116E+02
  4.7147926067133733E+02
  4.7103128941563273E+02
  4.7057202532027645E+02
  4.7010108987110311E+02
  4.6961808904316030E+02
  4.6912261256441604E+02
  4.6861423314073147E+02
  4.6809250563995647E+02
  4.6755696623286877E+02
  4.6700713148857574E+02
  4.6644249742186577E+02
  4.6586253848985473E+02
  4.6526670653515748E+02
  4.6465442967265284E+02
  4.6402511111678746E+02
  4.6337812794620805E+02
  4.6271282980235549E+02
  4.6202853751852842E+02
  4.6132454167574770E+02
  4.6060010108162544E+02
  4.5985444116828802E+02
  4.5908675230526484E+02
  4.5829618802312905E+02
  4.5748186314355274E+02
  4.5664285181134397E+02
  4.5577818542393601E+02
  4.5488685045377179E+02
  4.5396778615895676E+02
  4.5301988217762874E+02
  4.5204197600150985E+02
  4.5103285032425623E+02
  4.4999123026042867E+02
  4.4891578043116505E+02
  4.4780510191308218E+02
  4.4665772904738355E+02
  4.8983157775182656E+02
  4.8975079864581056E+02
  4.8966891156795901E+02
  4.8958589549842429E+02
  4.8950172891249451E+02
  4.8941638976598222E+02
  4.8932985548013329E+02
  4.8924210292600930E+02
  4.8915310840835127E+02
  4.8906284764888517E+02
  4.8897129576905644E+02
  4.8887842727216531E+02
  4.8878421602488845E+02
  4.8868863523815105E+02
  4.8859165744733457E+02
  4.8849325449179037E+02
  4.8839339749361858E+02
  4.8829205683570848E+02
  4.8818920213898900E+02
  4.8808480223886403E+02
  4.8797882516080227E+02
  4.8787123809504470E+02
  4.8776200737038846E+02
  4.8765109842702395E+02
  4.8753847578836491E+02
  4.8742410303184937E+02
  4.8730794275865111E+02
  4.8718995656227656E+02
  4.8707010499597243E+02
  4.8694834753892337E+02
  4.8682464256116538E+02
  4.8669894728716844E+02
  4.8657121775804018E+02
  4.8644140879226768E+02
  4.8630947394496212E+02
  4.8617536546551611E+02
  4.8603903425362716E+02
  4.8590042981358755E+02
  4.8575950020679755E+02
  4.8561619200239284E+02
  4.8547045022591522E+02
  4.8532221830594898E+02
  4.8517143801860828E+02
  4.8501804942979379E+02
  4.8486199083511912E+02
  4.8470319869739029E+02
  4.8454160758153034E+02
  4.8437715008683602E+02
  4.8420975677643429E+02
  4.8403935610381814E+02
  4.8386587433631280E+02
  4.8368923547534257E+02
  4.8350936117333453E+02
  4.8332617064710558E+02
  4.8313958058756862E+02
  4.8294950506557211E+02
  4.8275585543369709E+02
  4.8255854022380703E+02
  4.8235746504015503E+02
  4.8215253244782195E+02
  4.8194364185626119E+02
  4.8173068939770803E+02
  4.8151356780020586E+02
  4.8129216625496832E+02
  4.8106637027780778E+02
  4.8083606156433092E+02
  4.8060111783857849E+02
  4.8036141269478799E+02
  4.8011681543192822E+02
  4.7986719088063012E+02
  4.7961239922213588E+02
  4.7935229579884555E+02
  4.7908673091603021E+02
  4.7881554963426026E+02
  4.7853859155205305E+02
  4.7825569057824003E+02
  4.7796667469350626E+02
  4.7767136570053162E+02
  4.7736957896213926E+02
  4.7706112312680273E+02
  4.7674579984084045E+02
  4.7642340344660033E+02
  4.7609372066585331E+02
  4.7575653026762950E+02
  4.7541160271963309E+02
  4.7505869982235868E+02
  4.7469757432496311E+02
  4.7432796952189557E+02
  4.7394961882924747E+02
  4.7356224533967844E+02
  4.7316556135477975E+02
  4.7275926789360523E+02
  4.7234305417606055E+02
  4.7191659707976260E+02
  4.7147956056889939E+02
  4.7103159509353509E+02
  4.7057233695771708E+02
  4.7010140765465695E+02
  4.6961841316715351E+02
  4.6912294323132028E+02
  4.6861457056158082E+02
  4.6809285003479295E+02
  4.6755731783120802E+02
  4.6700749052990847E+02
  4.6644286415618529E+02
  4.6586291317822048E+02
  4.6526708945028668E+02
  4.6465482109955877E+02
  4.6402551135345192E+02
  4.6337853730429657E+02
  4.6271324860798126E+02
  4.6202896611306238E+02
  4.6132498041668254E+02
  4.6060055034349784E+02
  4.5985490134365995E+02
  4.5908722380576609E+02
  4.5829667128057588E+02
  4.5748235861113830E+02
  4.5664335996490945E+02
  4.5577870676333060E+02
  4.5488738550429736E+02
  4.5396833547292363E+02
  4.5302044633601304E+02
  4.5204255561572245E+02
  4.5103344603804646E+02
  4.4999184275190777E+02
  4.4891641041499020E+02
  4.4780575014277815E+02
  4.4665839631784343E+02
  4.8983166953416088E+02
  4.8975089121738074E+02
  4.8966900494075747E+02
  4.8958598968469943E+02
  4.8950182392475210E+02
  4.8941648561700111E+02
  4.8932995218296281E+02
  4.8924220049398440E+02
  4.8915320685509624E+02
  4.8906294698832522E+02
  4.8897139601542062E+02
  4.8887852844000071E+02
  4.8878431812906382E+02
  4.8868873829387189E+02
  4.8859176147014972E+02
  4.8849335949759643E+02
  4.8839350349867948E+02
  4.8829216385666086E+02
  4.8818931019285338E+02
  4.8808491134305666E+02
  4.8797893533314704E+02
  4.8787134935378310E+02
  4.8776211973419674E+02
  4.8765121191501993E+02
  4.8753859042012567E+02
  4.8742421882742195E+02
  4.8730805973857292E+02
  4.8719007474758274E+02
  4.8707022440821606E+02
  4.8694846820018989E+02
  4.8682476449408745E+02
  4.8669907051494909E+02
  4.8657134230446241E+02
  4.8644153468172050E+02
  4.8630960120245436E+02
  4.8617549411670046E+02
  4.8603916432481770E+02
  4.8590056133178444E+02
  4.8575963319970685E+02
  4.8561632649844836E+02
  4.8547058625430941E+02
  4.8532235589665203E+02
  4.8517157720239436E+02
  4.8501819023827187E+02
  4.8486213330075998E+02
  4.8470334285355261E+02
  4.8454175346249758E+02
  4.8437729772784303E+02
  4.8420990621370294E+02
  4.8403950737459166E+02
  4.8386602747889293E+02
  4.8368939052912458E+02
  4.8350951817884908E+02
  4.8332632964605830E+02
  4.8313974162288434E+02
  4.8294966818143689E+02
  4.8275602067560618E+02
  4.8255870763861492E+02
  4.8235763467612321E+02
  4.8215270435467386E+02
  4.8194381608523690E+02
  4.8173086600162213E+02
  4.8151374683350792E+02
  4.8129234777380475E+02
  4.8106655434009286E+02
  4.8083624822980903E+02
  4.8060130716890217E+02
  4.8036160475358952E+02
  4.8011701028490222E+02
  4.7986738859561615E+02
  4.7961259986920419E+02
  4.7935249945038947E+02
  4.7908693764686109E+02
  4.7881575952171033E+02
  4.7853880467607820E+02
  4.7825590702153164E+02
  4.7796689454160708E+02
  4.7767158904195958E+02
  4.7736980588851287E+02
  4.7706135373297730E+02
  4.7674603422505135E+02
  4.7642364171060927E+02
  4.7609396291510876E+02
  4.7575677661142686E+02
  4.7541185327129347E+02
  4.7505895469940850E+02
  4.7469783364932994E+02
  4.7432823342011068E+02
  4.7394988743265696E+02
  4.7356251878467390E+02
  4.7316583978303703E+02
  4.7275955145233326E+02
  4.7234334301826891E+02
  4.7191689136454340E+02
  4.7147986046172508E+02
  4.7103190076657114E+02
  4.7057264859015515E+02
  4.7010172543306783E+02
  4.6961873728585687E+02
  4.6912327389278084E+02
  4.6861490797682853E+02
  4.6809319442385930E+02
  4.6755766942360327E+02
  4.6700784956511558E+02
  4.6644323088418997E+02
  4.6586328786007158E+02
  4.6526747235869470E+02
  4.6465521251952617E+02
  4.6402591158295076E+02
  4.6337894665498152E+02
  4.6271366740595306E+02
  4.6202939469968055E+02
  4.6132541914942811E+02
  4.6060099959689353E+02
  4.5985536151025048E+02
  4.5908769529716750E+02
  4.5829715452858829E+02
  4.5748285406893814E+02
  4.5664386810831911E+02
  4.5577922809217671E+02
  4.5488792054386266E+02
  4.5396888477549493E+02
  4.5302101048253991E+02
  4.5204313521759263E+02
  4.5103404173897871E+02
  4.4999245522998638E+02
  4.4891704038483846E+02
  4.4780639835788702E+02
  4.4665906357306710E+02
  4.8983176131555291E+02
  4.8975098378799777E+02
  4.8966909831259227E+02
  4.8958608386999799E+02
  4.8950191893602425E+02
  4.8941658146702162E+02
  4.8933004888478308E+02
  4.8924229806093791E+02
  4.8915330530080934E+02
  4.8906304632671976E+02
  4.8897149626072746E+02
  4.8887862960676523E+02
  4.8878442023215712E+02
  4.8868884134849623E+02
  4.8859186549185267E+02
  4.8849346450227745E+02
  4.8839360950260181E+02
  4.8829227087646018E+02
  4.8818941824555014E+02
  4.8808502044606740E+02
  4.8797904550429399E+02
  4.8787146061130846E+02
  4.8776223209677414E+02
  4.8765132540176921E+02
  4.8753870505062287E+02
  4.8742433462171618E+02
  4.8730817671719791E+02
  4.8719019293157470E+02
  4.8707034381912661E+02
  4.8694858886010320E+02
  4.8682488642563982E+02
  4.8669919374133889E+02
  4.8657146684947509E+02
  4.8644166056974217E+02
  4.8630972845849504E+02
  4.8617562276641223E+02
  4.8603929439451372E+02
  4.8590069284846447E+02
  4.8575976619107524E+02
  4.8561646099294188E+02
  4.8547072228111722E+02
  4.8532249348574288E+02
  4.8517171638454352E+02
  4.8501833104508779E+02
  4.8486227576471089E+02
  4.8470348700799968E+02
  4.8454189934172109E+02
  4.8437744536707709E+02
  4.8421005564916999E+02
  4.8403965864353358E+02
  4.8386618061960934E+02
  4.8368954558101223E+02
  4.8350967518243635E+02
  4.8332648864305150E+02
  4.8313990265620515E+02
  4.8294983129527225E+02
  4.8275618591544986E+02
  4.8255887505131972E+02
  4.8235780430995050E+02
  4.8215287625934496E+02
  4.8194399031199123E+02
  4.8173104260327364E+02
  4.8151392586450453E+02
  4.8129252929029337E+02
  4.8106673839998399E+02
  4.8083643489284719E+02
  4.8060149649673588E+02
  4.8036179680985282E+02
  4.8011720513528724E+02
  4.7986758630796038E+02
  4.7961280051357630E+02
  4.7935270309918064E+02
  4.7908714437488260E+02
  4.7881596940629021E+02
  4.7853901779717097E+02
  4.7825612346182822E+02
  4.7796711438664744E+02
  4.7767181238025870E+02
  4.7737003281168774E+02
  4.7706158433588035E+02
  4.7674626860591576E+02
  4.7642387997119465E+02
  4.7609420516085913E+02
  4.7575702295163705E+02
  4.7541210381927937E+02
  4.7505920957269575E+02
  4.7469809296984050E+02
  4.7432849731437295E+02
  4.7395015603201477E+02
  4.7356279222551467E+02
  4.7316611820703167E+02
  4.7275983500668633E+02
  4.7234363185598676E+02
  4.7191718564471478E+02
  4.7148016034981572E+02
  4.7103220643474128E+02
  4.7057296021759203E+02
  4.7010204320633613E+02
  4.6961906139927100E+02
  4.6912360454879922E+02
  4.6861524538647240E+02
  4.6809353880715673E+02
  4.6755802101005480E+02
  4.6700820859419821E+02
  4.6644359760587969E+02
  4.6586366253540916E+02
  4.6526785526038049E+02
  4.6465560393255549E+02
  4.6402631180528340E+02
  4.6337935599826318E+02
  4.6271408619627238E+02
  4.6202982327838396E+02
  4.6132585787398409E+02
  4.6060144884181113E+02
  4.5985582166806154E+02
  4.5908816677947061E+02
  4.5829763776716732E+02
  4.5748334951695136E+02
  4.5664437624157136E+02
  4.5577974941047421E+02
  4.5488845557246589E+02
  4.5396943406666958E+02
  4.5302157461721180E+02
  4.5204371480712081E+02
  4.5103463742705463E+02
  4.4999306769466568E+02
  4.4891767034071046E+02
  4.4780704655840856E+02
  4.4665973081305532E+02
  4.8983185309600213E+02
  4.8975107635766159E+02
  4.8966919168346323E+02
  4.8958617805432323E+02
  4.8950201394631034E+02
  4.8941667731604440E+02
  4.8933014558559449E+02
  4.8924239562687160E+02
  4.8915340374548907E+02
  4.8906314566406911E+02
  4.8897159650497605E+02
  4.8887873077245894E+02
  4.8878452233416618E+02
  4.8868894440202382E+02
  4.8859196951244513E+02
  4.8849356950583535E+02
  4.8839371550538590E+02
  4.8829237789510694E+02
  4.8818952629707957E+02
  4.8808512954789427E+02
  4.8797915567424235E+02
  4.8787157186762050E+02
  4.8776234445812293E+02
  4.8765143888727221E+02
  4.8753881967985734E+02
  4.8742445041472956E+02
  4.8730829369452488E+02
  4.8719031111425033E+02
  4.8707046322870332E+02
  4.8694870951866585E+02
  4.8682500835581982E+02
  4.8669931696633739E+02
  4.8657159139307680E+02
  4.8644178645633315E+02
  4.8630985571308457E+02
  4.8617575141465130E+02
  4.8603942446271628E+02
  4.8590082436362724E+02
  4.8575989918090409E+02
  4.8561659548587141E+02
  4.8547085830633705E+02
  4.8532263107322217E+02
  4.8517185556505626E+02
  4.8501847185024064E+02
  4.8486241822697303E+02
  4.8470363116073008E+02
  4.8454204521919894E+02
  4.8437759300453854E+02
  4.8421020508283470E+02
  4.8403980991064356E+02
  4.8386633375846435E+02
  4.8368970063100534E+02
  4.8350983218409749E+02
  4.8332664763808424E+02
  4.8314006368753161E+02
  4.8294999440707716E+02
  4.8275635115322842E+02
  4.8255904246192233E+02
  4.8235797394163632E+02
  4.8215304816183669E+02
  4.8194416453652644E+02
  4.8173121920266362E+02
  4.8151410489319613E+02
  4.8129271080443334E+02
  4.8106692245748002E+02
  4.8083662155344388E+02
  4.8060168582208206E+02
  4.8036198886357727E+02
  4.8011739998308286E+02
  4.7986778401766190E+02
  4.7961300115525211E+02
  4.7935290674521991E+02
  4.7908735110009366E+02
  4.7881617928800068E+02
  4.7853923091533409E+02
  4.7825633989913030E+02
  4.7796733422862769E+02
  4.7767203571542944E+02
  4.7737025973166368E+02
  4.7706181493551321E+02
  4.7674650298343471E+02
  4.7642411822835720E+02
  4.7609444740310562E+02
  4.7575726928825873E+02
  4.7541235436359210E+02
  4.7505946444221888E+02
  4.7469835228649595E+02
  4.7432876120468330E+02
  4.7395042462732033E+02
  4.7356306566220081E+02
  4.7316639662676386E+02
  4.7276011855666599E+02
  4.7234392068921562E+02
  4.7191747992027479E+02
  4.7148046023317124E+02
  4.7103251209804671E+02
  4.7057327184002861E+02
  4.7010236097446119E+02
  4.6961938550739444E+02
  4.6912393519937410E+02
  4.6861558279051326E+02
  4.6809388318468359E+02
  4.6755837259056352E+02
  4.6700856761715499E+02
  4.6644396432125421E+02
  4.6586403720423380E+02
  4.6526823815534681E+02
  4.6465599533864781E+02
  4.6402671202045195E+02
  4.6337976533414064E+02
  4.6271450497893875E+02
  4.6203025184917351E+02
  4.6132629659035109E+02
  4.6060189807825202E+02
  4.5985628181709143E+02
  4.5908863825267537E+02
  4.5829812099631283E+02
  4.5748384495517951E+02
  4.5664488436466667E+02
  4.5578027071822373E+02
  4.5488899059010913E+02
  4.5396998334644803E+02
  4.5302213874002751E+02
  4.5204429438430731E+02
  4.5103523310227581E+02
  4.4999368014594478E+02
  4.4891830028260631E+02
  4.4780769474434248E+02
  4.4666039803780842E+02
  4.8983194487551032E+02
  4.8975116892637311E+02
  4.8966928505337097E+02
  4.8958627223767343E+02
  4.8950210895561094E+02
  4.8941677316407089E+02
  4.8933024228539722E+02
  4.8924249319178386E+02
  4.8915350218913591E+02
  4.8906324500037272E+02
  4.8897169674816746E+02
  4.8887883193708251E+02
  4.8878462443509170E+02
  4.8868904745445479E+02
  4.8859207353192676E+02
  4.8849367450826793E+02
  4.8839382150703125E+02
  4.8829248491260040E+02
  4.8818963434744103E+02
  4.8808523864853925E+02
  4.8797926584299285E+02
  4.8787168312271837E+02
  4.8776245681824111E+02
  4.8765155237152925E+02
  4.8753893430782932E+02
  4.8742456620646414E+02
  4.8730841067055536E+02
  4.8719042929561181E+02
  4.8707058263694722E+02
  4.8694883017587603E+02
  4.8682513028462984E+02
  4.8669944018994659E+02
  4.8657171593526806E+02
  4.8644191234149457E+02
  4.8630998296622289E+02
  4.8617588006141756E+02
  4.8603955452942330E+02
  4.8590095587727347E+02
  4.8576003216919327E+02
  4.8561672997723832E+02
  4.8547099432997038E+02
  4.8532276865908932E+02
  4.8517199474393186E+02
  4.8501861265373162E+02
  4.8486256068754562E+02
  4.8470377531174410E+02
  4.8454219109493471E+02
  4.8437774064022807E+02
  4.8421035451469788E+02
  4.8403996117592123E+02
  4.8386648689545603E+02
  4.8368985567910420E+02
  4.8350998918383181E+02
  4.8332680663115667E+02
  4.8314022471686428E+02
  4.8295015751685321E+02
  4.8275651638894112E+02
  4.8255920987042140E+02
  4.8235814357118244E+02
  4.8215322006214836E+02
  4.8194433875884027E+02
  4.8173139579979016E+02
  4.8151428391958376E+02
  4.8129289231622425E+02
  4.8106710651258300E+02
  4.8083680821159953E+02
  4.8060187514493856E+02
  4.8036218091476388E+02
  4.8011759482828978E+02
  4.7986798172472180E+02
  4.7961320179423143E+02
  4.7935311038850620E+02
  4.7908755782249477E+02
  4.7881638916684153E+02
  4.7853944403056511E+02
  4.7825655633343689E+02
  4.7796755406754750E+02
  4.7767225904747187E+02
  4.7737048664844184E+02
  4.7706204553187433E+02
  4.7674673735760757E+02
  4.7642435648209454E+02
  4.7609468964184754E+02
  4.7575751562129392E+02
  4.7541260490423082E+02
  4.7505971930797949E+02
  4.7469861159929548E+02
  4.7432902509104122E+02
  4.7395069321857432E+02
  4.7356333909473176E+02
  4.7316667504223369E+02
  4.7276040210227262E+02
  4.7234420951795471E+02
  4.7191777419122599E+02
  4.7148076011179057E+02
  4.7103281775648611E+02
  4.7057358345746303E+02
  4.7010267873744482E+02
  4.6961970961022899E+02
  4.6912426584450714E+02
  4.6861592018895277E+02
  4.6809422755644181E+02
  4.6755872416512835E+02
  4.6700892663398650E+02
  4.6644433103031417E+02
  4.6586441186654469E+02
  4.6526862104359208E+02
  4.6465638673780171E+02
  4.6402711222845534E+02
  4.6338017466261539E+02
  4.6271492375395252E+02
  4.6203068041204870E+02
  4.6132673529852980E+02
  4.6060234730621522E+02
  4.5985674195734168E+02
  4.5908910971678142E+02
  4.5829860421602638E+02
  4.5748434038362228E+02
  4.5664539247760428E+02
  4.5578079201542647E+02
  4.5488952559679296E+02
  4.5397053261483211E+02
  4.5302270285098746E+02
  4.5204487394915276E+02
  4.5103582876464134E+02
  4.4999429258382452E+02
  4.4891893021052630E+02
  4.4780834291569073E+02
  4.4666106524732737E+02
  4.8983203665407558E+02
  4.8975126149413148E+02
  4.8966937842231539E+02
  4.8958636642004888E+02
  4.8950220396392609E+02
  4.8941686901109995E+02
  4.8933033898419069E+02
  4.8924259075567630E+02
  4.8915360063175041E+02
  4.8906334433563211E+02
  4.8897179699030085E+02
  4.8887893310063538E+02
  4.8878472653493321E+02
  4.8868915050578909E+02
  4.8859217755029948E+02
  4.8849377950957648E+02
  4.8839392750753899E+02
  4.8829259192894114E+02
  4.8818974239663470E+02
  4.8808534774800120E+02
  4.8797937601054559E+02
  4.8787179437660291E+02
  4.8776256917713067E+02
  4.8765166585454045E+02
  4.8753904893453745E+02
  4.8742468199691905E+02
  4.8730852764528828E+02
  4.8719054747565821E+02
  4.8707070204385775E+02
  4.8694895083173429E+02
  4.8682525221206890E+02
  4.8669956341216522E+02
  4.8657184047604983E+02
  4.8644203822522445E+02
  4.8631011021790925E+02
  4.8617600870671049E+02
  4.8603968459463636E+02
  4.8590108738940239E+02
  4.8576016515594216E+02
  4.8561686446704203E+02
  4.8547113035201625E+02
  4.8532290624334507E+02
  4.8517213392117054E+02
  4.8501875345555857E+02
  4.8486270314643008E+02
  4.8470391946104201E+02
  4.8454233696892578E+02
  4.8437788827414482E+02
  4.8421050394475935E+02
  4.8404011243936816E+02
  4.8386664003058542E+02
  4.8369001072530909E+02
  4.8351014618163953E+02
  4.8332696562226977E+02
  4.8314038574420294E+02
  4.8295032062460041E+02
  4.8275668162258808E+02
  4.8255937727681874E+02
  4.8235831319858738E+02
  4.8215339196027946E+02
  4.8194451297893380E+02
  4.8173157239465695E+02
  4.8151446294366605E+02
  4.8129307382566645E+02
  4.8106729056529190E+02
  4.8083699486731570E+02
  4.8060206446530691E+02
  4.8036237296341272E+02
  4.8011778967090663E+02
  4.7986817942914018E+02
  4.7961340243051444E+02
  4.7935331402904143E+02
  4.7908776454208549E+02
  4.7881659904281344E+02
  4.7853965714286534E+02
  4.7825677276474926E+02
  4.7796777390340623E+02
  4.7767248237638643E+02
  4.7737071356202034E+02
  4.7706227612496548E+02
  4.7674697172843355E+02
  4.7642459473240928E+02
  4.7609493187708551E+02
  4.7575776195074093E+02
  4.7541285544119580E+02
  4.7505997416997701E+02
  4.7469887090823971E+02
  4.7432928897344834E+02
  4.7395096180577809E+02
  4.7356361252310819E+02
  4.7316695345344203E+02
  4.7276068564350413E+02
  4.7234449834220391E+02
  4.7191806845756628E+02
  4.7148105998567485E+02
  4.7103312341005937E+02
  4.7057389506989711E+02
  4.7010299649528605E+02
  4.6962003370777461E+02
  4.6912459648419656E+02
  4.6861625758178855E+02
  4.6809457192243104E+02
  4.6755907573375066E+02
  4.6700928564469399E+02
  4.6644469773305980E+02
  4.6586478652234302E+02
  4.6526900392511686E+02
  4.6465677813001781E+02
  4.6402751242929332E+02
  4.6338058398368798E+02
  4.6271534252131437E+02
  4.6203110896701065E+02
  4.6132717399851964E+02
  4.6060279652570216E+02
  4.5985720208881355E+02
  4.5908958117179003E+02
  4.5829908742630698E+02
  4.5748483580228037E+02
  4.5664590058038783E+02
  4.5578131330208157E+02
  4.5489006059251665E+02
  4.5397108187182045E+02
  4.5302326695009276E+02
  4.5204545350165779E+02
  4.5103642441415252E+02
  4.4999490500830620E+02
  4.4891956012447241E+02
  4.4780899107245261E+02
  4.4666173244161149E+02
  4.8983212843169883E+02
  4.8975135406093733E+02
  4.8966947179029586E+02
  4.8958646060145060E+02
  4.8950229897125530E+02
  4.8941696485713163E+02
  4.8933043568197593E+02
  4.8924268831854732E+02
  4.8915369907333161E+02
  4.8906344366984632E+02
  4.8897189723137717E+02
  4.8887903426311880E+02
  4.8878482863369243E+02
  4.8868925355602636E+02
  4.8859228156756063E+02
  4.8849388450976113E+02
  4.8839403350690787E+02
  4.8829269894412880E+02
  4.8818985044466154E+02
  4.8808545684628109E+02
  4.8797948617690031E+02
  4.8787190562927310E+02
  4.8776268153479015E+02
  4.8765177933630656E+02
  4.8753916355998427E+02
  4.8742479778609317E+02
  4.8730864461872449E+02
  4.8719066565438931E+02
  4.8707082144943507E+02
  4.8694907148624128E+02
  4.8682537413813753E+02
  4.8669968663299346E+02
  4.8657196501542080E+02
  4.8644216410752392E+02
  4.8631023746814520E+02
  4.8617613735053095E+02
  4.8603981465835426E+02
  4.8590121890001433E+02
  4.8576029814115253E+02
  4.8561699895528255E+02
  4.8547126637247419E+02
  4.8532304382598920E+02
  4.8517227309677213E+02
  4.8501889425572369E+02
  4.8486284560362481E+02
  4.8470406360862324E+02
  4.8454248284117307E+02
  4.8437803590628886E+02
  4.8421065337301826E+02
  4.8404026370098325E+02
  4.8386679316385192E+02
  4.8369016576961991E+02
  4.8351030317752083E+02
  4.8332712461142239E+02
  4.8314054676954709E+02
  4.8295048373031807E+02
  4.8275684685417019E+02
  4.8255954468111332E+02
  4.8235848282385126E+02
  4.8215356385623085E+02
  4.8194468719680629E+02
  4.8173174898726074E+02
  4.8151464196544481E+02
  4.8129325533275994E+02
  4.8106747461560690E+02
  4.8083718152059038E+02
  4.8060225378318654E+02
  4.8036256500952283E+02
  4.8011798451093449E+02
  4.7986837713091677E+02
  4.7961360306410165E+02
  4.7935351766682396E+02
  4.7908797125886724E+02
  4.7881680891591566E+02
  4.7853987025223432E+02
  4.7825698919306700E+02
  4.7796799373620524E+02
  4.7767270570217227E+02
  4.7737094047240157E+02
  4.7706250671478512E+02
  4.7674720609591418E+02
  4.7642483297929937E+02
  4.7609517410882006E+02
  4.7575800827660129E+02
  4.7541310597448762E+02
  4.7506022902821212E+02
  4.7469913021332786E+02
  4.7432955285190388E+02
  4.7395123038893001E+02
  4.7356388594733016E+02
  4.7316723186038843E+02
  4.7276096918036347E+02
  4.7234478716196423E+02
  4.7191836271929753E+02
  4.7148135985482440E+02
  4.7103342905876895E+02
  4.7057420667732987E+02
  4.7010331424798494E+02
  4.6962035780003055E+02
  4.6912492711844385E+02
  4.6861659496902308E+02
  4.6809491628265164E+02
  4.6755942729642970E+02
  4.6700964464927603E+02
  4.6644506442949046E+02
  4.6586516117162944E+02
  4.6526938679992151E+02
  4.6465716951529737E+02
  4.6402791262296728E+02
  4.6338099329735741E+02
  4.6271576128102407E+02
  4.6203153751405785E+02
  4.6132761269032204E+02
  4.6060324573671215E+02
  4.5985766221150578E+02
  4.5909005261770153E+02
  4.5829957062715522E+02
  4.5748533121115383E+02
  4.5664640867301517E+02
  4.5578183457818926E+02
  4.5489059557728132E+02
  4.5397163111741480E+02
  4.5302383103734468E+02
  4.5204603304182098E+02
  4.5103702005080987E+02
  4.4999551741938996E+02
  4.4892019002444380E+02
  4.4780963921462995E+02
  4.4666239962066328E+02
  4.8983222020837957E+02
  4.8975144662679048E+02
  4.8966956515731300E+02
  4.8958655478187711E+02
  4.8950239397759827E+02
  4.8941706070216611E+02
  4.8933053237875242E+02
  4.8924278588039857E+02
  4.8915379751388105E+02
  4.8906354300301547E+02
  4.8897199747139535E+02
  4.8887913542453106E+02
  4.8878493073136747E+02
  4.8868935660516667E+02
  4.8859238558371220E+02
  4.8849398950882090E+02
  4.8839413950513739E+02
  4.8829280595816510E+02
  4.8818995849152043E+02
  4.8808556594337830E+02
  4.8797959634205620E+02
  4.8787201688073071E+02
  4.8776279389121913E+02
  4.8765189281682586E+02
  4.8753927818416872E+02
  4.8742491357398825E+02
  4.8730876159086284E+02
  4.8719078383180567E+02
  4.8707094085367982E+02
  4.8694919213939642E+02
  4.8682549606283487E+02
  4.8669980985243171E+02
  4.8657208955338200E+02
  4.8644228998839213E+02
  4.8631036471692914E+02
  4.8617626599287848E+02
  4.8603994472057764E+02
  4.8590135040911031E+02
  4.8576043112482205E+02
  4.8561713344195977E+02
  4.8547140239134592E+02
  4.8532318140702108E+02
  4.8517241227073652E+02
  4.8501903505422672E+02
  4.8486298805913037E+02
  4.8470420775448900E+02
  4.8454262871167646E+02
  4.8437818353666057E+02
  4.8421080279947677E+02
  4.8404041496076650E+02
  4.8386694629525664E+02
  4.8369032081203716E+02
  4.8351046017147496E+02
  4.8332728359861613E+02
  4.8314070779289744E+02
  4.8295064683400682E+02
  4.8275701208368679E+02
  4.8255971208330504E+02
  4.8235865244697436E+02
  4.8215373575000268E+02
  4.8194486141245966E+02
  4.8173192557760251E+02
  4.8151482098491823E+02
  4.8129343683750517E+02
  4.8106765866352748E+02
  4.8083736817142477E+02
  4.8060244309857745E+02
  4.8036275705309515E+02
  4.8011817934837273E+02
  4.7986857483005167E+02
  4.7961380369499273E+02
  4.7935372130185448E+02
  4.7908817797283893E+02
  4.7881701878614803E+02
  4.7854008335867258E+02
  4.7825720561838995E+02
  4.7796821356594404E+02
  4.7767292902483052E+02
  4.7737116737958405E+02
  4.7706273730133313E+02
  4.7674744046004855E+02
  4.7642507122276663E+02
  4.7609541633704993E+02
  4.7575825459887420E+02
  4.7541335650410565E+02
  4.7506048388268408E+02
  4.7469938951456123E+02
  4.7432981672640773E+02
  4.7395149896803088E+02
  4.7356415936739671E+02
  4.7316751026307236E+02
  4.7276125271284911E+02
  4.7234507597723547E+02
  4.7191865697641890E+02
  4.7148165971923930E+02
  4.7103373470261147E+02
  4.7057451827976206E+02
  4.7010363199554166E+02
  4.6962068188699766E+02
  4.6912525774724901E+02
  4.6861693235065542E+02
  4.6809526063710257E+02
  4.6755977885316599E+02
  4.6701000364773466E+02
  4.6644543111960701E+02
  4.6586553581440251E+02
  4.6526976966800646E+02
  4.6465756089363867E+02
  4.6402831280947720E+02
  4.6338140260362479E+02
  4.6271618003308225E+02
  4.6203196605319243E+02
  4.6132805137393649E+02
  4.6060369493924725E+02
  4.5985812232541929E+02
  4.5909052405451598E+02
  4.5830005381857211E+02
  4.5748582661024250E+02
  4.5664691675548738E+02
  4.5578235584375182E+02
  4.5489113055108754E+02
  4.5397218035161472E+02
  4.5302439511274196E+02
  4.5204661256964664E+02
  4.5103761567461316E+02
  4.4999612981707611E+02
  4.4892081991044176E+02
  4.4781028734222360E+02
  4.4666306678448308E+02
  4.8983231198411920E+02
  4.8975153919169111E+02
  4.8966965852336568E+02
  4.8958664896132939E+02
  4.8950248898295547E+02
  4.8941715654620378E+02
  4.8933062907451978E+02
  4.8924288344122857E+02
  4.8915389595339678E+02
  4.8906364233513955E+02
  4.8897209771035637E+02
  4.8887923658487239E+02
  4.8878503282795924E+02
  4.8868945965321012E+02
  4.8859248959875237E+02
  4.8849409450675705E+02
  4.8839424550222924E+02
  4.8829291297104714E+02
  4.8819006653721141E+02
  4.8808567503929277E+02
  4.8797970650601559E+02
  4.8787212813097341E+02
  4.8776290624641956E+02
  4.8765200629609888E+02
  4.8753939280708903E+02
  4.8742502936060322E+02
  4.8730887856170523E+02
  4.8719090200790782E+02
  4.8707106025659084E+02
  4.8694931279119993E+02
  4.8682561798616138E+02
  4.8669993307047957E+02
  4.8657221408993286E+02
  4.8644241586783102E+02
  4.8631049196426187E+02
  4.8617639463375406E+02
  4.8604007478130745E+02
  4.8590148191668851E+02
  4.8576056410695242E+02
  4.8561726792707373E+02
  4.8547153840863132E+02
  4.8532331898644202E+02
  4.8517255144306495E+02
  4.8501917585106639E+02
  4.8486313051294701E+02
  4.8470435189863861E+02
  4.8454277458043509E+02
  4.8437833116525997E+02
  4.8421095222413305E+02
  4.8404056621871712E+02
  4.8386709942479808E+02
  4.8369047585255993E+02
  4.8351061716350324E+02
  4.8332744258384935E+02
  4.8314086881425385E+02
  4.8295080993566546E+02
  4.8275717731113770E+02
  4.8255987948339515E+02
  4.8235882206795731E+02
  4.8215390764159463E+02
  4.8194503562589250E+02
  4.8173210216568350E+02
  4.8151500000208677E+02
  4.8129361833990191E+02
  4.8106784270905456E+02
  4.8083755481981882E+02
  4.8060263241147982E+02
  4.8036294909412891E+02
  4.8011837418322233E+02
  4.7986877252654466E+02
  4.7961400432318777E+02
  4.7935392493413332E+02
  4.7908838468400052E+02
  4.7881722865351145E+02
  4.7854029646218032E+02
  4.7825742204071867E+02
  4.7796843339262267E+02
  4.7767315234436052E+02
  4.7737139428356835E+02
  4.7706296788461179E+02
  4.7674767482083735E+02
  4.7642530946280993E+02
  4.7609565856177630E+02
  4.7575850091755979E+02
  4.7541360703005051E+02
  4.7506073873339346E+02
  4.7469964881193897E+02
  4.7433008059696010E+02
  4.7395176754308125E+02
  4.7356443278331005E+02
  4.7316778866149525E+02
  4.7276153624096150E+02
  4.7234536478801726E+02
  4.7191895122893038E+02
  4.7148195957892011E+02
  4.7103404034159018E+02
  4.7057482987719362E+02
  4.7010394973795712E+02
  4.6962100596867629E+02
  4.6912558837061232E+02
  4.6861726972668555E+02
  4.6809560498578588E+02
  4.6756013040395999E+02
  4.6701036264006876E+02
  4.6644579780340956E+02
  4.6586591045066302E+02
  4.6527015252937127E+02
  4.6465795226504434E+02
  4.6402871298882303E+02
  4.6338181190249031E+02
  4.6271659877748823E+02
  4.6203239458441368E+02
  4.6132849004936259E+02
  4.6060414413330585E+02
  4.5985858243055344E+02
  4.5909099548223412E+02
  4.5830053700055697E+02
  4.5748632199954858E+02
  4.5664742482780417E+02
  4.5578287709876730E+02
  4.5489166551393447E+02
  4.5397272957442055E+02
  4.5302495917628681E+02
  4.5204719208513205E+02
  4.5103821128556427E+02
  4.4999674220136478E+02
  4.4892144978246620E+02
  4.4781093545523237E+02
  4.4666373393307072E+02
  4.8983240375891614E+02
  4.8975163175563841E+02
  4.8966975188845544E+02
  4.8958674313980674E+02
  4.8950258398732751E+02
  4.8941725238924465E+02
  4.8933072576927839E+02
  4.8924298100103812E+02
  4.8915399439188047E+02
  4.8906374166621816E+02
  4.8897219794825986E+02
  4.8887933774414438E+02
  4.8878513492346735E+02
  4.8868956270015741E+02
  4.8859259361268363E+02
  4.8849419950356861E+02
  4.8839435149818314E+02
  4.8829301998277629E+02
  4.8819017458173579E+02
  4.8808578413402438E+02
  4.8797981666877638E+02
  4.8787223938000363E+02
  4.8776301860039018E+02
  4.8765211977412656E+02
  4.8753950742874832E+02
  4.8742514514593921E+02
  4.8730899553124959E+02
  4.8719102018269405E+02
  4.8707117965816877E+02
  4.8694943344165119E+02
  4.8682573990811807E+02
  4.8670005628713710E+02
  4.8657233862507331E+02
  4.8644254174583949E+02
  4.8631061921014287E+02
  4.8617652327315687E+02
  4.8604020484054143E+02
  4.8590161342275064E+02
  4.8576069708754369E+02
  4.8561740241062495E+02
  4.8547167442432880E+02
  4.8532345656425127E+02
  4.8517269061375765E+02
  4.8501931664624374E+02
  4.8486327296507471E+02
  4.8470449604107193E+02
  4.8454292044745046E+02
  4.8437847879208675E+02
  4.8421110164698763E+02
  4.8404071747483692E+02
  4.8386725255247751E+02
  4.8369063089118839E+02
  4.8351077415360447E+02
  4.8332760156712322E+02
  4.8314102983361624E+02
  4.8295097303529553E+02
  4.8275734253652348E+02
  4.8256004688138199E+02
  4.8235899168679970E+02
  4.8215407953100629E+02
  4.8194520983710515E+02
  4.8173227875150144E+02
  4.8151517901695098E+02
  4.8129379983995005E+02
  4.8106802675218796E+02
  4.8083774146577144E+02
  4.8060282172189414E+02
  4.8036314113262495E+02
  4.8011856901548310E+02
  4.7986897022039608E+02
  4.7961420494868696E+02
  4.7935412856366031E+02
  4.7908859139235250E+02
  4.7881743851800542E+02
  4.7854050956275643E+02
  4.7825763846005304E+02
  4.7796865321624102E+02
  4.7767337566076282E+02
  4.7737162118435441E+02
  4.7706319846461946E+02
  4.7674790917828113E+02
  4.7642554769943058E+02
  4.7609590078299919E+02
  4.7575874723265923E+02
  4.7541385755232221E+02
  4.7506099358033998E+02
  4.7469990810546204E+02
  4.7433034446356169E+02
  4.7395203611408044E+02
  4.7356470619506825E+02
  4.7316806705565591E+02
  4.7276181976470087E+02
  4.7234565359430957E+02
  4.7191924547683340E+02
  4.7148225943386524E+02
  4.7103434597570396E+02
  4.7057514146962427E+02
  4.7010426747523087E+02
  4.6962133004506603E+02
  4.6912591898853356E+02
  4.6861760709711348E+02
  4.6809594932870039E+02
  4.6756048194881140E+02
  4.6701072162627855E+02
  4.6644616448089914E+02
  4.6586628508041247E+02
  4.6527053538401674E+02
  4.6465834362951335E+02
  4.6402911316100403E+02
  4.6338222119395385E+02
  4.6271701751424348E+02
  4.6203282310772215E+02
  4.6132892871660175E+02
  4.6060459331888882E+02
  4.5985904252691012E+02
  4.5909146690085532E+02
  4.5830102017311089E+02
  4.5748681737906975E+02
  4.5664793288996719E+02
  4.5578339834323793E+02
  4.5489220046582449E+02
  4.5397327878583411E+02
  4.5302552322797834E+02
  4.5204777158827903E+02
  4.5103880688366218E+02
  4.4999735457225836E+02
  4.4892207964051943E+02
  4.4781158355365898E+02
  4.4666440106642665E+02
  4.8983249553277039E+02
  4.8975172431863388E+02
  4.8966984525258226E+02
  4.8958683731731043E+02
  4.8950267899071395E+02
  4.8941734823128724E+02
  4.8933082246302786E+02
  4.8924307855982704E+02
  4.8915409282933132E+02
  4.8906384099625274E+02
  4.8897229818510505E+02
  4.8887943890234510E+02
  4.8878523701789243E+02
  4.8868966574600756E+02
  4.8859269762550315E+02
  4.8849430449925671E+02
  4.8839445749299864E+02
  4.8829312699335333E+02
  4.8819028262509210E+02
  4.8808589322757405E+02
  4.8797992683033942E+02
  4.8787235062781980E+02
  4.8776313095313157E+02
  4.8765223325090869E+02
  4.8753962204914455E+02
  4.8742526092999464E+02
  4.8730911249949696E+02
  4.8719113835616565E+02
  4.8707129905841373E+02
  4.8694955409075089E+02
  4.8682586182870290E+02
  4.8670017950240452E+02
  4.8657246315880371E+02
  4.8644266762241631E+02
  4.8631074645457295E+02
  4.8617665191108711E+02
  4.8604033489828282E+02
  4.8590174492729619E+02
  4.8576083006659502E+02
  4.8561753689261360E+02
  4.8547181043843887E+02
  4.8532359414044868E+02
  4.8517282978281156E+02
  4.8501945743975898E+02
  4.8486341541551371E+02
  4.8470464018178865E+02
  4.8454306631272169E+02
  4.8437862641714116E+02
  4.8421125106804061E+02
  4.8404086872912518E+02
  4.8386740567829486E+02
  4.8369078592792306E+02
  4.8351093114178019E+02
  4.8332776054843669E+02
  4.8314119085098423E+02
  4.8295113613289635E+02
  4.8275750775984432E+02
  4.8256021427726739E+02
  4.8235916130350120E+02
  4.8215425141823857E+02
  4.8194538404609767E+02
  4.8173245533505894E+02
  4.8151535802951167E+02
  4.8129398133764943E+02
  4.8106821079292797E+02
  4.8083792810928543E+02
  4.8060301102981958E+02
  4.8036333316858315E+02
  4.8011876384515443E+02
  4.7986916791160570E+02
  4.7961440557149007E+02
  4.7935433219043534E+02
  4.7908879809789499E+02
  4.7881764837963038E+02
  4.7854072266040185E+02
  4.7825785487639274E+02
  4.7796887303679949E+02
  4.7767359897403662E+02
  4.7737184808194343E+02
  4.7706342904135641E+02
  4.7674814353237878E+02
  4.7642578593262749E+02
  4.7609614300071775E+02
  4.7575899354417072E+02
  4.7541410807092092E+02
  4.7506124842352426E+02
  4.7470016739512931E+02
  4.7433060832621106E+02
  4.7395230468102881E+02
  4.7356497960267251E+02
  4.7316834544555519E+02
  4.7276210328406648E+02
  4.7234594239611454E+02
  4.7191953972012664E+02
  4.7148255928407548E+02
  4.7103465160495335E+02
  4.7057545305705543E+02
  4.7010458520736341E+02
  4.6962165411616689E+02
  4.6912624960101311E+02
  4.6861794446194119E+02
  4.6809629366584642E+02
  4.6756083348772120E+02
  4.6701108060636506E+02
  4.6644653115207353E+02
  4.6586665970364839E+02
  4.6527091823194274E+02
  4.6465873498704610E+02
  4.6402951332602294E+02
  4.6338263047801564E+02
  4.6271743624334715E+02
  4.6203325162311802E+02
  4.6132936737565416E+02
  4.6060504249599705E+02
  4.5985950261448926E+02
  4.5909193831038033E+02
  4.5830150333623442E+02
  4.5748731274880907E+02
  4.5664844094197633E+02
  4.5578391957716354E+02
  4.5489273540675617E+02
  4.5397382798585414E+02
  4.5302608726781750E+02
  4.5204835107908787E+02
  4.5103940246890812E+02
  4.4999796692975497E+02
  4.4892270948459952E+02
  4.4781223163750133E+02
  4.4666506818455275E+02
  4.8983258730568292E+02
  4.8975181688067653E+02
  4.8966993861574451E+02
  4.8958693149383879E+02
  4.8950277399311352E+02
  4.8941744407233404E+02
  4.8933091915576927E+02
  4.8924317611759523E+02
  4.8915419126574903E+02
  4.8906394032524150E+02
  4.8897239842089294E+02
  4.8887954005947608E+02
  4.8878533911123355E+02
  4.8868976879076104E+02
  4.8859280163721314E+02
  4.8849440949381949E+02
  4.8839456348667579E+02
  4.8829323400277724E+02
  4.8819039066728089E+02
  4.8808600231994092E+02
  4.8798003699070449E+02
  4.8787246187442224E+02
  4.8776324330464291E+02
  4.8765234672644425E+02
  4.8753973666827784E+02
  4.8742537671277142E+02
  4.8730922946644813E+02
  4.8719125652832258E+02
  4.8707141845732582E+02
  4.8694967473849965E+02
  4.8682598374791729E+02
  4.8670030271628190E+02
  4.8657258769112491E+02
  4.8644279349756448E+02
  4.8631087369755232E+02
  4.8617678054754504E+02
  4.8604046495452883E+02
  4.8590187643032493E+02
  4.8576096304410652E+02
  4.8561767137303838E+02
  4.8547194645096289E+02
  4.8532373171503542E+02
  4.8517296895022986E+02
  4.8501959823161081E+02
  4.8486355786426299E+02
  4.8470478432079017E+02
  4.8454321217624954E+02
  4.8437877404042337E+02
  4.8421140048729285E+02
  4.8404101998158234E+02
  4.8386755880224911E+02
  4.8369094096276359E+02
  4.8351108812802897E+02
  4.8332791952779110E+02
  4.8314135186635872E+02
  4.8295129922846860E+02
  4.8275767298109980E+02
  4.8256038167105027E+02
  4.8235933091806305E+02
  4.8215442330329103E+02
  4.8194555825286972E+02
  4.8173263191635442E+02
  4.8151553703976680E+02
  4.8129416283300134E+02
  4.8106839483127357E+02
  4.8083811475035793E+02
  4.8060320033525710E+02
  4.8036352520200376E+02
  4.8011895867223785E+02
  4.7986936560017369E+02
  4.7961460619159800E+02
  4.7935453581445796E+02
  4.7908900480062857E+02
  4.7881785823838618E+02
  4.7854093575511706E+02
  4.7825807128973929E+02
  4.7796909285429831E+02
  4.7767382228418359E+02
  4.7737207497633347E+02
  4.7706365961482254E+02
  4.7674837788313033E+02
  4.7642602416240152E+02
  4.7609638521493360E+02
  4.7575923985209556E+02
  4.7541435858584651E+02
  4.7506150326294647E+02
  4.7470042668094186E+02
  4.7433087218491067E+02
  4.7395257324392566E+02
  4.7356525300612321E+02
  4.7316862383119269E+02
  4.7276238679905998E+02
  4.7234623119342911E+02
  4.7191983395881095E+02
  4.7148285912955259E+02
  4.7103495722933707E+02
  4.7057576463948544E+02
  4.7010490293435436E+02
  4.6962197818198035E+02
  4.6912658020805134E+02
  4.6861828182116670E+02
  4.6809663799722512E+02
  4.6756118502068824E+02
  4.6701143958032731E+02
  4.6644689781693620E+02
  4.6586703432037331E+02
  4.6527130107314929E+02
  4.6465912633764191E+02
  4.6402991348387712E+02
  4.6338303975467579E+02
  4.6271785496480049E+02
  4.6203368013060117E+02
  4.6132980602651986E+02
  4.6060549166463022E+02
  4.5985996269329036E+02
  4.5909240971080953E+02
  4.5830198648992700E+02
  4.5748780810876508E+02
  4.5664894898383034E+02
  4.5578444080054402E+02
  4.5489327033673163E+02
  4.5397437717448224E+02
  4.5302665129580510E+02
  4.5204893055755997E+02
  4.5103999804130314E+02
  4.4999857927385693E+02
  4.4892333931470898E+02
  4.4781287970676334E+02
  4.4666573528744931E+02
  4.8983267907765361E+02
  4.8975190944176580E+02
  4.8967003197794440E+02
  4.8958702566939280E+02
  4.8950286899452846E+02
  4.8941753991238255E+02
  4.8933101584750142E+02
  4.8924327367434330E+02
  4.8915428970113436E+02
  4.8906403965318532E+02
  4.8897249865562429E+02
  4.8887964121553654E+02
  4.8878544120349187E+02
  4.8868987183441715E+02
  4.8859290564781242E+02
  4.8849451448725910E+02
  4.8839466947921420E+02
  4.8829334101104871E+02
  4.8819049870830253E+02
  4.8808611141112505E+02
  4.8798014714987204E+02
  4.8787257311981222E+02
  4.8776335565492553E+02
  4.8765246020073471E+02
  4.8753985128614926E+02
  4.8742549249426884E+02
  4.8730934643210117E+02
  4.8719137469916507E+02
  4.8707153785490493E+02
  4.8694979538489599E+02
  4.8682610566576136E+02
  4.8670042592876945E+02
  4.8657271222203548E+02
  4.8644291937128088E+02
  4.8631100093907946E+02
  4.8617690918253004E+02
  4.8604059500928059E+02
  4.8590200793183641E+02
  4.8576109602007830E+02
  4.8561780585190110E+02
  4.8547208246189962E+02
  4.8532386928800980E+02
  4.8517310811601141E+02
  4.8501973902180094E+02
  4.8486370031132441E+02
  4.8470492845807581E+02
  4.8454335803803332E+02
  4.8437892166193365E+02
  4.8421154990474275E+02
  4.8404117123220766E+02
  4.8386771192434259E+02
  4.8369109599571112E+02
  4.8351124511235207E+02
  4.8332807850518572E+02
  4.8314151287973959E+02
  4.8295146232201222E+02
  4.8275783820029039E+02
  4.8256054906273073E+02
  4.8235950053048333E+02
  4.8215459518616399E+02
  4.8194573245742220E+02
  4.8173280849538781E+02
  4.8151571604771846E+02
  4.8129434432600402E+02
  4.8106857886722662E+02
  4.8083830138899083E+02
  4.8060338963820521E+02
  4.8036371723288659E+02
  4.8011915349673092E+02
  4.7986956328610040E+02
  4.7961480680900962E+02
  4.7935473943573004E+02
  4.7908921150055176E+02
  4.7881806809427258E+02
  4.7854114884690205E+02
  4.7825828770009019E+02
  4.7796931266873747E+02
  4.7767404559120183E+02
  4.7737230186752674E+02
  4.7706389018501841E+02
  4.7674861223053671E+02
  4.7642626238875204E+02
  4.7609662742564512E+02
  4.7575948615643449E+02
  4.7541460909709883E+02
  4.7506175809860559E+02
  4.7470068596289912E+02
  4.7433113603965921E+02
  4.7395284180277338E+02
  4.7356552640541946E+02
  4.7316890221256944E+02
  4.7276267030968052E+02
  4.7234651998625657E+02
  4.7192012819288493E+02
  4.7148315897029477E+02
  4.7103526284885714E+02
  4.7057607621691648E+02
  4.7010522065620415E+02
  4.6962230224250396E+02
  4.6912691080964765E+02
  4.6861861917479087E+02
  4.6809698232283557E+02
  4.6756153654771384E+02
  4.6701179854816633E+02
  4.6644726447548447E+02
  4.6586740893058783E+02
  4.6527168390763740E+02
  4.6465951768130219E+02
  4.6403031363456893E+02
  4.6338344902393590E+02
  4.6271827367860328E+02
  4.6203410863017268E+02
  4.6133024466919886E+02
  4.6060594082478974E+02
  4.5986042276331409E+02
  4.5909288110214362E+02
  4.5830246963418966E+02
  4.5748830345893913E+02
  4.5664945701553228E+02
  4.5578496201338027E+02
  4.5489380525574938E+02
  4.5397492635171898E+02
  4.5302721531194123E+02
  4.5204951002369353E+02
  4.5104059360084705E+02
  4.4999919160456329E+02
  4.4892396913084724E+02
  4.4781352776144422E+02
  4.4666640237511587E+02
  4.8983277084868155E+02
  4.8975200200190216E+02
  4.8967012533918069E+02
  4.8958711984397257E+02
  4.8950296399495784E+02
  4.8941763575143477E+02
  4.8933111253822563E+02
  4.8924337123007052E+02
  4.8915438813548707E+02
  4.8906413898008481E+02
  4.8897259888929699E+02
  4.8887974237052623E+02
  4.8878554329466584E+02
  4.8868997487697749E+02
  4.8859300965730193E+02
  4.8849461947957457E+02
  4.8839477547061477E+02
  4.8829344801816745E+02
  4.8819060674815660E+02
  4.8808622050112723E+02
  4.8798025730784190E+02
  4.8787268436398847E+02
  4.8776346800397823E+02
  4.8765257367377802E+02
  4.8753996590275784E+02
  4.8742560827448557E+02
  4.8730946339645800E+02
  4.8719149286869225E+02
  4.8707165725115192E+02
  4.8694991602994094E+02
  4.8682622758223414E+02
  4.8670054913986638E+02
  4.8657283675153661E+02
  4.8644304524356693E+02
  4.8631112817915613E+02
  4.8617703781604268E+02
  4.8604072506253777E+02
  4.8590213943183153E+02
  4.8576122899451150E+02
  4.8561794032920051E+02
  4.8547221847124951E+02
  4.8532400685937313E+02
  4.8517324728015615E+02
  4.8501987981032818E+02
  4.8486384275669627E+02
  4.8470507259364518E+02
  4.8454350389807360E+02
  4.8437906928167138E+02
  4.8421169932039101E+02
  4.8404132248100103E+02
  4.8386786504457274E+02
  4.8369125102676406E+02
  4.8351140209474812E+02
  4.8332823748062106E+02
  4.8314167389112657E+02
  4.8295162541352568E+02
  4.8275800341741581E+02
  4.8256071645230833E+02
  4.8235967014076414E+02
  4.8215476706685712E+02
  4.8194590665975454E+02
  4.8173298507215981E+02
  4.8151589505336597E+02
  4.8129452581665845E+02
  4.8106876290078560E+02
  4.8083848802518298E+02
  4.8060357893866609E+02
  4.8036390926123147E+02
  4.8011934831863647E+02
  4.7986976096938542E+02
  4.7961500742372579E+02
  4.7935494305424913E+02
  4.7908941819766676E+02
  4.7881827794729048E+02
  4.7854136193575550E+02
  4.7825850410744846E+02
  4.7796953248011658E+02
  4.7767426889509352E+02
  4.7737252875552144E+02
  4.7706412075194424E+02
  4.7674884657459808E+02
  4.7642650061167990E+02
  4.7609686963285355E+02
  4.7575973245718626E+02
  4.7541485960467855E+02
  4.7506201293050367E+02
  4.7470094524100205E+02
  4.7433139989045645E+02
  4.7395311035757038E+02
  4.7356579980056210E+02
  4.7316918058968452E+02
  4.7276295381592831E+02
  4.7234680877459465E+02
  4.7192042242235186E+02
  4.7148345880630342E+02
  4.7103556846351239E+02
  4.7057638778934705E+02
  4.7010553837291292E+02
  4.6962262629774096E+02
  4.6912724140580264E+02
  4.6861895652281419E+02
  4.6809732664267813E+02
  4.6756188806879760E+02
  4.6701215750988217E+02
  4.6644763112772085E+02
  4.6586778353428957E+02
  4.6527206673540678E+02
  4.6465990901802678E+02
  4.6403071377809766E+02
  4.6338385828579436E+02
  4.6271869238475557E+02
  4.6203453712183250E+02
  4.6133068330369161E+02
  4.6060638997647305E+02
  4.5986088282456120E+02
  4.5909335248438271E+02
  4.5830295276902297E+02
  4.5748879879933139E+02
  4.5664996503708056E+02
  4.5578548321567285E+02
  4.5489434016381131E+02
  4.5397547551756395E+02
  4.5302777931622580E+02
  4.5205008947749076E+02
  4.5104118914754008E+02
  4.4999980392187655E+02
  4.4892459893301572E+02
  4.4781417580154312E+02
  4.4666706944755470E+02
  4.8983286261876805E+02
  4.8975209456108672E+02
  4.8967021869945285E+02
  4.8958721401757788E+02
  4.8950305899440116E+02
  4.8941773158948968E+02
  4.8933120922794052E+02
  4.8924346878477684E+02
  4.8915448656880733E+02
  4.8906423830593900E+02
  4.8897269912191246E+02
  4.8887984352444647E+02
  4.8878564538475717E+02
  4.8869007791844098E+02
  4.8859311366568107E+02
  4.8849472447076556E+02
  4.8839488146087695E+02
  4.8829355502413347E+02
  4.8819071478684378E+02
  4.8808632958994656E+02
  4.8798036746461332E+02
  4.8787279560695140E+02
  4.8776358035180147E+02
  4.8765268714557737E+02
  4.8754008051810376E+02
  4.8742572405342378E+02
  4.8730958035951738E+02
  4.8719161103690459E+02
  4.8707177664606422E+02
  4.8695003667363420E+02
  4.8682634949733711E+02
  4.8670067234957389E+02
  4.8657296127962695E+02
  4.8644317111442388E+02
  4.8631125541778221E+02
  4.8617716644808229E+02
  4.8604085511430060E+02
  4.8590227093030984E+02
  4.8576136196740401E+02
  4.8561807480493724E+02
  4.8547235447901278E+02
  4.8532414442912494E+02
  4.8517338644266476E+02
  4.8502002059719354E+02
  4.8486398520037994E+02
  4.8470521672749857E+02
  4.8454364975637037E+02
  4.8437921689963713E+02
  4.8421184873423817E+02
  4.8404147372796336E+02
  4.8386801816294087E+02
  4.8369140605592327E+02
  4.8351155907521814E+02
  4.8332839645409592E+02
  4.8314183490051926E+02
  4.8295178850301062E+02
  4.8275816863247638E+02
  4.8256088383978448E+02
  4.8235983974890479E+02
  4.8215493894537076E+02
  4.8194608085986738E+02
  4.8173316164667062E+02
  4.8151607405670791E+02
  4.8129470730496547E+02
  4.8106894693195056E+02
  4.8083867465893553E+02
  4.8060376823663881E+02
  4.8036410128703807E+02
  4.8011954313795246E+02
  4.7986995865002956E+02
  4.7961520803574649E+02
  4.7935514667001826E+02
  4.7908962489197103E+02
  4.7881848779743933E+02
  4.7854157502167948E+02
  4.7825872051181187E+02
  4.7796975228843547E+02
  4.7767449219585728E+02
  4.7737275564031842E+02
  4.7706435131559977E+02
  4.7674908091531427E+02
  4.7642673883118471E+02
  4.7609711183655884E+02
  4.7575997875435138E+02
  4.7541511010858585E+02
  4.7506226775863888E+02
  4.7470120451525042E+02
  4.7433166373730296E+02
  4.7395337890831632E+02
  4.7356607319155103E+02
  4.7316945896253935E+02
  4.7276323731780417E+02
  4.7234709755844449E+02
  4.7192071664720885E+02
  4.7148375863757792E+02
  4.7103587407330338E+02
  4.7057669935677802E+02
  4.7010585608448105E+02
  4.6962295034768931E+02
  4.6912757199651656E+02
  4.6861929386523690E+02
  4.6809767095675284E+02
  4.6756223958394020E+02
  4.6701251646547473E+02
  4.6644799777364432E+02
  4.6586815813148087E+02
  4.6527244955645807E+02
  4.6466030034781625E+02
  4.6403111391446413E+02
  4.6338426754025249E+02
  4.6271911108325850E+02
  4.6203496560558074E+02
  4.6133112192999823E+02
  4.6060683911968380E+02
  4.5986134287703157E+02
  4.5909382385752656E+02
  4.5830343589442623E+02
  4.5748929412994141E+02
  4.5665047304847621E+02
  4.5578600440742179E+02
  4.5489487506091746E+02
  4.5397602467201699E+02
  4.5302834330866011E+02
  4.5205066891895160E+02
  4.5104178468138377E+02
  4.5000041622579590E+02
  4.4892522872121486E+02
  4.4781482382706270E+02
  4.4666773650476568E+02
  4.8983295438791311E+02
  4.8975218711931871E+02
  4.8967031205876191E+02
  4.8958730819020832E+02
  4.8950315399285944E+02
  4.8941782742654783E+02
  4.8933130591664752E+02
  4.8924356633846332E+02
  4.8915458500109452E+02
  4.8906433763074807E+02
  4.8897279935347109E+02
  4.8887994467729624E+02
  4.8878574747376490E+02
  4.8869018095880784E+02
  4.8859321767294955E+02
  4.8849482946083219E+02
  4.8839498745000139E+02
  4.8829366202894710E+02
  4.8819082282436256E+02
  4.8808643867758428E+02
  4.8798047762018734E+02
  4.8787290684869981E+02
  4.8776369269839563E+02
  4.8765280061612953E+02
  4.8754019513218793E+02
  4.8742583983108193E+02
  4.8730969732127949E+02
  4.8719172920380225E+02
  4.8707189603964406E+02
  4.8695015731597664E+02
  4.8682647141106918E+02
  4.8670079555789044E+02
  4.8657308580630797E+02
  4.8644329698384968E+02
  4.8631138265495639E+02
  4.8617729507865096E+02
  4.8604098516456997E+02
  4.8590240242727248E+02
  4.8576149493875846E+02
  4.8561820927911089E+02
  4.8547249048518887E+02
  4.8532428199726513E+02
  4.8517352560353635E+02
  4.8502016138239617E+02
  4.8486412764237491E+02
  4.8470536085963619E+02
  4.8454379561292325E+02
  4.8437936451583073E+02
  4.8421199814628432E+02
  4.8404162497309420E+02
  4.8386817127944647E+02
  4.8369156108318924E+02
  4.8351171605376271E+02
  4.8332855542561185E+02
  4.8314199590791884E+02
  4.8295195159046716E+02
  4.8275833384547172E+02
  4.8256105122515908E+02
  4.8236000935490415E+02
  4.8215511082170491E+02
  4.8194625505776060E+02
  4.8173333821892004E+02
  4.8151625305774724E+02
  4.8129488879092378E+02
  4.8106913096072310E+02
  4.8083886129024796E+02
  4.8060395753212293E+02
  4.8036429331030740E+02
  4.8011973795468020E+02
  4.7987015632803241E+02
  4.7961540864507219E+02
  4.7935535028303480E+02
  4.7908983158346717E+02
  4.7881869764471895E+02
  4.7854178810467278E+02
  4.7825893691318100E+02
  4.7796997209369499E+02
  4.7767471549349261E+02
  4.7737298252191800E+02
  4.7706458187598520E+02
  4.7674931525268471E+02
  4.7642697704726663E+02
  4.7609735403676046E+02
  4.7576022504793031E+02
  4.7541536060881964E+02
  4.7506252258301197E+02
  4.7470146378564368E+02
  4.7433192758019868E+02
  4.7395364745501251E+02
  4.7356634657838612E+02
  4.7316973733113309E+02
  4.7276352081530649E+02
  4.7234738633780574E+02
  4.7192101086745720E+02
  4.7148405846411799E+02
  4.7103617967823146E+02
  4.7057701091920990E+02
  4.7010617379090792E+02
  4.6962327439235094E+02
  4.6912790258179001E+02
  4.6861963120205854E+02
  4.6809801526506072E+02
  4.6756259109314112E+02
  4.6701287541494440E+02
  4.6644836441325430E+02
  4.6586853272216081E+02
  4.6527283237079007E+02
  4.6466069167066934E+02
  4.6403151404366724E+02
  4.6338467678731024E+02
  4.6271952977411081E+02
  4.6203539408141830E+02
  4.6133156054811991E+02
  4.6060728825442044E+02
  4.5986180292072510E+02
  4.5909429522157609E+02
  4.5830391901040048E+02
  4.5748978945076954E+02
  4.5665098104972060E+02
  4.5578652558862734E+02
  4.5489540994706823E+02
  4.5397657381508088E+02
  4.5302890728924427E+02
  4.5205124834807759E+02
  4.5104238020237801E+02
  4.5000102851632232E+02
  4.4892585849544514E+02
  4.4781547183800245E+02
  4.4666840354674878E+02
  4.8983304615611519E+02
  4.8975227967659737E+02
  4.8967040541710787E+02
  4.8958740236186543E+02
  4.8950324899033109E+02
  4.8941792326260878E+02
  4.8933140260434533E+02
  4.8924366389112845E+02
  4.8915468343234994E+02
  4.8906443695451247E+02
  4.8897289958397124E+02
  4.8888004582907524E+02
  4.8878584956169016E+02
  4.8869028399807758E+02
  4.8859332167910839E+02
  4.8849493444977509E+02
  4.8839509343798716E+02
  4.8829376903260777E+02
  4.8819093086071484E+02
  4.8808654776403898E+02
  4.8798058777456367E+02
  4.8787301808923621E+02
  4.8776380504375987E+02
  4.8765291408543743E+02
  4.8754030974500910E+02
  4.8742595560746076E+02
  4.8730981428174584E+02
  4.8719184736938570E+02
  4.8707201543189103E+02
  4.8695027795696598E+02
  4.8682659332343059E+02
  4.8670091876481780E+02
  4.8657321033157854E+02
  4.8644342285184490E+02
  4.8631150989067908E+02
  4.8617742370774641E+02
  4.8604111521334465E+02
  4.8590253392271808E+02
  4.8576162790857302E+02
  4.8561834375172236E+02
  4.8547262648977875E+02
  4.8532441956379438E+02
  4.8517366476277186E+02
  4.8502030216593704E+02
  4.8486427008268066E+02
  4.8470550499005793E+02
  4.8454394146773217E+02
  4.8437951213025201E+02
  4.8421214755652909E+02
  4.8404177621639320E+02
  4.8386832439408988E+02
  4.8369171610856125E+02
  4.8351187303038051E+02
  4.8332871439516913E+02
  4.8314215691332475E+02
  4.8295211467589434E+02
  4.8275849905640234E+02
  4.8256121860843115E+02
  4.8236017895876415E+02
  4.8215528269585951E+02
  4.8194642925343322E+02
  4.8173351478890817E+02
  4.8151643205648185E+02
  4.8129507027453371E+02
  4.8106931498710202E+02
  4.8083904791912005E+02
  4.8060414682511953E+02
  4.8036448533103942E+02
  4.8011993276881952E+02
  4.7987035400339386E+02
  4.7961560925170113E+02
  4.7935555389330051E+02
  4.7909003827215361E+02
  4.7881890748913088E+02
  4.7854200118473585E+02
  4.7825915331155653E+02
  4.7797019189589571E+02
  4.7767493878800201E+02
  4.7737320940031981E+02
  4.7706481243310031E+02
  4.7674954958670986E+02
  4.7642721525992579E+02
  4.7609759623345906E+02
  4.7576047133792298E+02
  4.7541561110538180E+02
  4.7506277740362361E+02
  4.7470172305218284E+02
  4.7433219141914509E+02
  4.7395391599765770E+02
  4.7356661996106732E+02
  4.7317001569546551E+02
  4.7276380430843710E+02
  4.7234767511267893E+02
  4.7192130508309805E+02
  4.7148435828592449E+02
  4.7103648527829415E+02
  4.7057732247664131E+02
  4.7010649149219466E+02
  4.6962359843172322E+02
  4.6912823316162235E+02
  4.6861996853327992E+02
  4.6809835956760111E+02
  4.6756294259640106E+02
  4.6701323435829187E+02
  4.6644873104655227E+02
  4.6586890730633064E+02
  4.6527321517840528E+02
  4.6466108298658833E+02
  4.6403191416570917E+02
  4.6338508602696788E+02
  4.6271994845731450E+02
  4.6203582254934366E+02
  4.6133199915805540E+02
  4.6060773738068343E+02
  4.5986226295564290E+02
  4.5909476657653119E+02
  4.5830440211694577E+02
  4.5749028476181797E+02
  4.5665148904081258E+02
  4.5578704675929043E+02
  4.5489594482226414E+02
  4.5397712294675370E+02
  4.5302947125797823E+02
  4.5205182776486714E+02
  4.5104297571052314E+02
  4.5000164079345592E+02
  4.4892648825570615E+02
  4.4781611983436346E+02
  4.4666907057350613E+02
  4.8983313792337577E+02
  4.8975237223292396E+02
  4.8967049877448977E+02
  4.8958749653254716E+02
  4.8950334398681821E+02
  4.8941801909767292E+02
  4.8933149929103405E+02
  4.8924376144277386E+02
  4.8915478186257241E+02
  4.8906453627723175E+02
  4.8897299981341445E+02
  4.8888014697978502E+02
  4.8878595164853130E+02
  4.8869038703625137E+02
  4.8859342568415684E+02
  4.8849503943759390E+02
  4.8839519942483491E+02
  4.8829387603511628E+02
  4.8819103889589934E+02
  4.8808665684931196E+02
  4.8798069792774265E+02
  4.8787312932855798E+02
  4.8776391738789437E+02
  4.8765302755349768E+02
  4.8754042435656731E+02
  4.8742607138255988E+02
  4.8730993124091503E+02
  4.8719196553365407E+02
  4.8707213482280622E+02
  4.8695039859660517E+02
  4.8682671523442218E+02
  4.8670104197035505E+02
  4.8657333485543995E+02
  4.8644354871841063E+02
  4.8631163712495140E+02
  4.8617755233536911E+02
  4.8604124526062537E+02
  4.8590266541664664E+02
  4.8576176087684740E+02
  4.8561847822276997E+02
  4.8547276249278104E+02
  4.8532455712871206E+02
  4.8517380392037046E+02
  4.8502044294781547E+02
  4.8486441252129799E+02
  4.8470564911876352E+02
  4.8454408732079770E+02
  4.8437965974290108E+02
  4.8421229696497204E+02
  4.8404192745786207E+02
  4.8386847750687144E+02
  4.8369187113203941E+02
  4.8351203000507172E+02
  4.8332887336276616E+02
  4.8314231791673643E+02
  4.8295227775929283E+02
  4.8275866426526773E+02
  4.8256138598960115E+02
  4.8236034856048343E+02
  4.8215545456783468E+02
  4.8194660344688538E+02
  4.8173369135663512E+02
  4.8151661105291305E+02
  4.8129525175579607E+02
  4.8106949901108703E+02
  4.8083923454555247E+02
  4.8060433611562786E+02
  4.8036467734923332E+02
  4.8012012758036923E+02
  4.7987055167611408E+02
  4.7961580985563558E+02
  4.7935575750081472E+02
  4.7909024495803106E+02
  4.7881911733067290E+02
  4.7854221426186803E+02
  4.7825936970693874E+02
  4.7797041169503592E+02
  4.7767516207938354E+02
  4.7737343627552474E+02
  4.7706504298694557E+02
  4.7674978391739091E+02
  4.7642745346916189E+02
  4.7609783842665564E+02
  4.7576071762432906E+02
  4.7541586159827045E+02
  4.7506303222047330E+02
  4.7470198231486813E+02
  4.7433245525413929E+02
  4.7395418453625348E+02
  4.7356689333959588E+02
  4.7317029405553694E+02
  4.7276408779719532E+02
  4.7234796388306506E+02
  4.7192159929413015E+02
  4.7148465810299854E+02
  4.7103679087349400E+02
  4.7057763402907455E+02
  4.7010680918834055E+02
  4.6962392246580947E+02
  4.6912856373601369E+02
  4.6862030585890074E+02
  4.6809870386437495E+02
  4.6756329409372006E+02
  4.6701359329551684E+02
  4.6644909767353852E+02
  4.6586928188398929E+02
  4.6527359797930109E+02
  4.6466147429557242E+02
  4.6403231428058865E+02
  4.6338549525922514E+02
  4.6272036713286894E+02
  4.6203625100935892E+02
  4.6133243775980634E+02
  4.6060818649847272E+02
  4.5986272298178494E+02
  4.5909523792239293E+02
  4.5830488521406278E+02
  4.5749078006308508E+02
  4.5665199702175255E+02
  4.5578756791941146E+02
  4.5489647968650507E+02
  4.5397767206703747E+02
  4.5303003521486380E+02
  4.5205240716932252E+02
  4.5104357120581943E+02
  4.5000225305719766E+02
  4.4892711800199959E+02
  4.4781676781614675E+02
  4.4666973758503684E+02
  4.8983322968969435E+02
  4.8975246478829786E+02
  4.8967059213090886E+02
  4.8958759070225540E+02
  4.8950343898231921E+02
  4.8941811493173930E+02
  4.8933159597671528E+02
  4.8924385899339870E+02
  4.8915488029176248E+02
  4.8906463559890693E+02
  4.8897310004179985E+02
  4.8888024812942393E+02
  4.8878605373428974E+02
  4.8869049007332887E+02
  4.8859352968809475E+02
  4.8849514442428824E+02
  4.8839530541054455E+02
  4.8829398303647173E+02
  4.8819114692991633E+02
  4.8808676593340164E+02
  4.8798080807972372E+02
  4.8787324056666739E+02
  4.8776402973080053E+02
  4.8765314102031374E+02
  4.8754053896686418E+02
  4.8742618715637974E+02
  4.8731004819878677E+02
  4.8719208369660760E+02
  4.8707225421238701E+02
  4.8695051923489206E+02
  4.8682683714404220E+02
  4.8670116517450197E+02
  4.8657345937789125E+02
  4.8644367458354549E+02
  4.8631176435777218E+02
  4.8617768096151951E+02
  4.8604137530641123E+02
  4.8590279690905942E+02
  4.8576189384358315E+02
  4.8561861269225608E+02
  4.8547289849419724E+02
  4.8532469469201902E+02
  4.8517394307633276E+02
  4.8502058372803168E+02
  4.8486455495822651E+02
  4.8470579324575380E+02
  4.8454423317211979E+02
  4.8437980735377909E+02
  4.8421244637161482E+02
  4.8404207869749899E+02
  4.8386863061779133E+02
  4.8369202615362337E+02
  4.8351218697783713E+02
  4.8332903232840363E+02
  4.8314247891815484E+02
  4.8295244084066331E+02
  4.8275882947206799E+02
  4.8256155336866868E+02
  4.8236051816006335E+02
  4.8215562643763008E+02
  4.8194677763811882E+02
  4.8173386792209988E+02
  4.8151679004703971E+02
  4.8129543323471125E+02
  4.8106968303267894E+02
  4.8083942116954466E+02
  4.8060452540364827E+02
  4.8036486936489030E+02
  4.8012032238933188E+02
  4.7987074934619312E+02
  4.7961601045687490E+02
  4.7935596110557697E+02
  4.7909045164109932E+02
  4.7881932716934597E+02
  4.7854242733607038E+02
  4.7825958609932695E+02
  4.7797063149111722E+02
  4.7767538536763749E+02
  4.7737366314753132E+02
  4.7706527353752097E+02
  4.7675001824472679E+02
  4.7642769167497585E+02
  4.7609808061634828E+02
  4.7576096390714866E+02
  4.7541611208748816E+02
  4.7506328703356058E+02
  4.7470224157369807E+02
  4.7433271908518446E+02
  4.7395445307079950E+02
  4.7356716671397078E+02
  4.7317057241134830E+02
  4.7276437128158153E+02
  4.7234825264896267E+02
  4.7192189350055349E+02
  4.7148495791533770E+02
  4.7103709646382958E+02
  4.7057794557650732E+02
  4.7010712687934688E+02
  4.6962424649460871E+02
  4.6912889430496517E+02
  4.6862064317892151E+02
  4.6809904815538113E+02
  4.6756364558509853E+02
  4.6701395222661921E+02
  4.6644946429421185E+02
  4.6586965645513828E+02
  4.6527398077348039E+02
  4.6466186559762201E+02
  4.6403271438830643E+02
  4.6338590448408348E+02
  4.6272078580077380E+02
  4.6203667946146419E+02
  4.6133287635337240E+02
  4.6060863560778995E+02
  4.5986318299915160E+02
  4.5909570925916074E+02
  4.5830536830175220E+02
  4.5749127535457234E+02
  4.5665250499254262E+02
  4.5578808906899008E+02
  4.5489701453979154E+02
  4.5397822117593194E+02
  4.5303059915990099E+02
  4.5205298656144424E+02
  4.5104416668826894E+02
  4.5000286530754755E+02
  4.4892774773432615E+02
  4.4781741578335186E+02
  4.4667040458134335E+02
  4.8983332145507063E+02
  4.8975255734271929E+02
  4.8967068548636485E+02
  4.8958768487098865E+02
  4.8950353397683483E+02
  4.8941821076480949E+02
  4.8933169266138697E+02
  4.8924395654300315E+02
  4.8915497871991988E+02
  4.8906473491953653E+02
  4.8897320026912848E+02
  4.8888034927799271E+02
  4.8878615581896474E+02
  4.8869059310930902E+02
  4.8859363369092313E+02
  4.8849524940985970E+02
  4.8839541139511579E+02
  4.8829409003667485E+02
  4.8819125496276627E+02
  4.8808687501630999E+02
  4.8798091823050686E+02
  4.8787335180356251E+02
  4.8776414207247632E+02
  4.8765325448588351E+02
  4.8754065357589730E+02
  4.8742630292892039E+02
  4.8731016515536209E+02
  4.8719220185824730E+02
  4.8707237360063613E+02
  4.8695063987182840E+02
  4.8682695905229275E+02
  4.8670128837725917E+02
  4.8657358389893199E+02
  4.8644380044725102E+02
  4.8631189158914231E+02
  4.8617780958619807E+02
  4.8604150535070403E+02
  4.8590292839995624E+02
  4.8576202680877947E+02
  4.8561874716017894E+02
  4.8547303449402631E+02
  4.8532483225371442E+02
  4.8517408223065860E+02
  4.8502072450658505E+02
  4.8486469739346603E+02
  4.8470593737102865E+02
  4.8454437902169872E+02
  4.8437995496288380E+02
  4.8421259577645509E+02
  4.8404222993530493E+02
  4.8386878372684947E+02
  4.8369218117331474E+02
  4.8351234394867714E+02
  4.8332919129208221E+02
  4.8314263991757986E+02
  4.8295260392000444E+02
  4.8275899467680466E+02
  4.8256172074563437E+02
  4.8236068775750198E+02
  4.8215579830524683E+02
  4.8194695182713212E+02
  4.8173404448530431E+02
  4.8151696903886148E+02
  4.8129561471127715E+02
  4.8106986705187785E+02
  4.8083960779109759E+02
  4.8060471468918087E+02
  4.8036506137801013E+02
  4.8012051719570565E+02
  4.7987094701363145E+02
  4.7961621105541826E+02
  4.7935616470758833E+02
  4.7909065832135860E+02
  4.7881953700515197E+02
  4.7854264040734228E+02
  4.7825980248872128E+02
  4.7797085128413926E+02
  4.7767560865276465E+02
  4.7737389001634176E+02
  4.7706550408482678E+02
  4.7675025256871692E+02
  4.7642792987736806E+02
  4.7609832280253841E+02
  4.7576121018638224E+02
  4.7541636257303196E+02
  4.7506354184288728E+02
  4.7470250082867409E+02
  4.7433298291227874E+02
  4.7395472160129583E+02
  4.7356744008419219E+02
  4.7317085076289936E+02
  4.7276465476159575E+02
  4.7234854141037255E+02
  4.7192218770236889E+02
  4.7148525772294488E+02
  4.7103740204930227E+02
  4.7057825711894247E+02
  4.7010744456521246E+02
  4.6962457051811953E+02
  4.6912922486847600E+02
  4.6862098049334151E+02
  4.6809939244062144E+02
  4.6756399707053617E+02
  4.6701431115159943E+02
  4.6644983090857380E+02
  4.6587003101977689E+02
  4.6527436356094211E+02
  4.6466225689273642E+02
  4.6403311448886245E+02
  4.6338631370154229E+02
  4.6272120446103060E+02
  4.6203710790565827E+02
  4.6133331493875386E+02
  4.6060908470863490E+02
  4.5986364300774329E+02
  4.5909618058683537E+02
  4.5830585138001317E+02
  4.5749177063627900E+02
  4.5665301295318113E+02
  4.5578861020802645E+02
  4.5489754938212451E+02
  4.5397877027343696E+02
  4.5303116309308933E+02
  4.5205356594123111E+02
  4.5104476215787042E+02
  4.5000347754450689E+02
  4.4892837745268685E+02
  4.4781806373597993E+02
  4.4667107156242434E+02
  4.8983341321950542E+02
  4.8975264989618796E+02
  4.8967077884085700E+02
  4.8958777903874812E+02
  4.8950362897036462E+02
  4.8941830659688281E+02
  4.8933178934505020E+02
  4.8924405409158697E+02
  4.8915507714704438E+02
  4.8906483423912124E+02
  4.8897330049540000E+02
  4.8888045042549089E+02
  4.8878625790255671E+02
  4.8869069614419249E+02
  4.8859373769264118E+02
  4.8849535439430696E+02
  4.8839551737854907E+02
  4.8829419703572557E+02
  4.8819136299444938E+02
  4.8808698409803497E+02
  4.8798102838009248E+02
  4.8787346303924511E+02
  4.8776425441292361E+02
  4.8765336795020812E+02
  4.8754076818366968E+02
  4.8742641870018116E+02
  4.8731028211064034E+02
  4.8719232001857125E+02
  4.8707249298755141E+02
  4.8695076050741307E+02
  4.8682708095917252E+02
  4.8670141157862690E+02
  4.8657370841856346E+02
  4.8644392630952592E+02
  4.8631201881906162E+02
  4.8617793820940420E+02
  4.8604163539350236E+02
  4.8590305988933596E+02
  4.8576215977243635E+02
  4.8561888162653844E+02
  4.8547317049226876E+02
  4.8532496981379802E+02
  4.8517422138334831E+02
  4.8502086528347633E+02
  4.8486483982701765E+02
  4.8470608149458724E+02
  4.8454452486953329E+02
  4.8438010257021710E+02
  4.8421274517949485E+02
  4.8404238117128006E+02
  4.8386893683404537E+02
  4.8369233619111208E+02
  4.8351250091759027E+02
  4.8332935025380067E+02
  4.8314280091501104E+02
  4.8295276699731693E+02
  4.8275915987947513E+02
  4.8256188812049908E+02
  4.8236085735280130E+02
  4.8215597017068399E+02
  4.8194712601392638E+02
  4.8173422104624746E+02
  4.8151714802838097E+02
  4.8129579618549576E+02
  4.8107005106868337E+02
  4.8083979441021035E+02
  4.8060490397222486E+02
  4.8036525338859190E+02
  4.8012071199949071E+02
  4.7987114467842878E+02
  4.7961641165126645E+02
  4.7935636830684911E+02
  4.7909086499880902E+02
  4.7881974683808841E+02
  4.7854285347568498E+02
  4.7826001887512223E+02
  4.7797107107410210E+02
  4.7767583193476406E+02
  4.7737411688195425E+02
  4.7706573462886229E+02
  4.7675048688936312E+02
  4.7642816807633665E+02
  4.7609856498522544E+02
  4.7576145646203082E+02
  4.7541661305490521E+02
  4.7506379664845207E+02
  4.7470276007979635E+02
  4.7433324673542347E+02
  4.7395499012774218E+02
  4.7356771345026067E+02
  4.7317112911018972E+02
  4.7276493823723882E+02
  4.7234883016729452E+02
  4.7192248189957638E+02
  4.7148555752581797E+02
  4.7103770762991093E+02
  4.7057856865637751E+02
  4.7010776224593820E+02
  4.6962489453634424E+02
  4.6912955542654646E+02
  4.6862131780216231E+02
  4.6809973672009482E+02
  4.6756434855003363E+02
  4.6701467007045790E+02
  4.6645019751662420E+02
  4.6587040557790596E+02
  4.6527474634168584E+02
  4.6466264818091742E+02
  4.6403351458225779E+02
  4.6338672291160208E+02
  4.6272162311363763E+02
  4.6203753634194334E+02
  4.6133375351595100E+02
  4.6060953380100733E+02
  4.5986410300756040E+02
  4.5909665190541727E+02
  4.5830633444884711E+02
  4.5749226590820689E+02
  4.5665352090366889E+02
  4.5578913133652276E+02
  4.5489808421350489E+02
  4.5397931935955398E+02
  4.5303172701443009E+02
  4.5205414530868512E+02
  4.5104535761462535E+02
  4.5000408976807665E+02
  4.4892900715708038E+02
  4.4781871167403142E+02
  4.4667173852828216E+02
  4.8983350498299791E+02
  4.8975274244870428E+02
  4.8967087219438599E+02
  4.8958787320553256E+02
  4.8950372396290982E+02
  4.8941840242795894E+02
  4.8933188602770599E+02
  4.8924415163915091E+02
  4.8915517557313717E+02
  4.8906493355766150E+02
  4.8897340072061377E+02
  4.8888055157191923E+02
  4.8878635998506496E+02
  4.8869079917797990E+02
  4.8859384169324920E+02
  4.8849545937762957E+02
  4.8839562336084379E+02
  4.8829430403362323E+02
  4.8819147102496459E+02
  4.8808709317857790E+02
  4.8798113852848098E+02
  4.8787357427371404E+02
  4.8776436675214160E+02
  4.8765348141328644E+02
  4.8754088279017867E+02
  4.8742653447016295E+02
  4.8731039906462223E+02
  4.8719243817758127E+02
  4.8707261237313463E+02
  4.8695088114164571E+02
  4.8682720286468123E+02
  4.8670153477860401E+02
  4.8657383293678515E+02
  4.8644405217037024E+02
  4.8631214604752967E+02
  4.8617806683113787E+02
  4.8604176543480634E+02
  4.8590319137719899E+02
  4.8576229273455419E+02
  4.8561901609133588E+02
  4.8547330648892540E+02
  4.8532510737227091E+02
  4.8517436053440127E+02
  4.8502100605870635E+02
  4.8486498225888005E+02
  4.8470622561643086E+02
  4.8454467071562584E+02
  4.8438025017577843E+02
  4.8421289458073255E+02
  4.8404253240542312E+02
  4.8386908993937874E+02
  4.8369249120701670E+02
  4.8351265788457846E+02
  4.8332950921356144E+02
  4.8314296191044963E+02
  4.8295293007260068E+02
  4.8275932508008208E+02
  4.8256205549326120E+02
  4.8236102694596042E+02
  4.8215614203394171E+02
  4.8194730019850027E+02
  4.8173439760492965E+02
  4.8151732701559587E+02
  4.8129597765736605E+02
  4.8107023508309595E+02
  4.8083998102688287E+02
  4.8060509325278218E+02
  4.8036544539663663E+02
  4.8012090680068758E+02
  4.7987134234058561E+02
  4.7961661224441991E+02
  4.7935657190335843E+02
  4.7909107167345081E+02
  4.7881995666815652E+02
  4.7854306654109723E+02
  4.7826023525852946E+02
  4.7797129086100585E+02
  4.7767605521363748E+02
  4.7737434374436941E+02
  4.7706596516962850E+02
  4.7675072120666465E+02
  4.7642840627188343E+02
  4.7609880716440978E+02
  4.7576170273409269E+02
  4.7541686353310507E+02
  4.7506405145025576E+02
  4.7470301932706479E+02
  4.7433351055461793E+02
  4.7395525865013940E+02
  4.7356798681217646E+02
  4.7317140745321973E+02
  4.7276522170850973E+02
  4.7234911891972899E+02
  4.7192277609217598E+02
  4.7148585732395873E+02
  4.7103801320565674E+02
  4.7057888018881459E+02
  4.7010807992152428E+02
  4.6962521854928178E+02
  4.6912988597917678E+02
  4.6862165510538347E+02
  4.6810008099380241E+02
  4.6756470002359140E+02
  4.6701502898319387E+02
  4.6645056411836379E+02
  4.6587078012952492E+02
  4.6527512911571336E+02
  4.6466303946216470E+02
  4.6403391466849223E+02
  4.6338713211426261E+02
  4.6272204175859775E+02
  4.6203796477031779E+02
  4.6133419208496389E+02
  4.6060998288490754E+02
  4.5986456299860293E+02
  4.5909712321490673E+02
  4.5830681750825408E+02
  4.5749276117035492E+02
  4.5665402884400646E+02
  4.5578965245447711E+02
  4.5489861903393120E+02
  4.5397986843428367E+02
  4.5303229092392360E+02
  4.5205472466380633E+02
  4.5104595305853388E+02
  4.5000470197825581E+02
  4.4892963684750845E+02
  4.4781935959750746E+02
  4.4667240547891635E+02
  4.8983359674554868E+02
  4.8975283500026825E+02
  4.8967096554695161E+02
  4.8958796737134281E+02
  4.8950381895446799E+02
  4.8941849825803837E+02
  4.8933198270935122E+02
  4.8924424918569395E+02
  4.8915527399819729E+02
  4.8906503287515739E+02
  4.8897350094477059E+02
  4.8888065271727743E+02
  4.8878646206648972E+02
  4.8869090221067040E+02
  4.8859394569274679E+02
  4.8849556435982862E+02
  4.8839572934200123E+02
  4.8829441103036896E+02
  4.8819157905431302E+02
  4.8808720225793883E+02
  4.8798124867567088E+02
  4.8787368550696976E+02
  4.8776447909012990E+02
  4.8765359487511932E+02
  4.8754099739542596E+02
  4.8742665023886536E+02
  4.8731051601730678E+02
  4.8719255633527689E+02
  4.8707273175738476E+02
  4.8695100177452792E+02
  4.8682732476882035E+02
  4.8670165797719125E+02
  4.8657395745359719E+02
  4.8644417802978478E+02
  4.8631227327454667E+02
  4.8617819545139940E+02
  4.8604189547461601E+02
  4.8590332286354538E+02
  4.8576242569513278E+02
  4.8561915055457075E+02
  4.8547344248399486E+02
  4.8532524492913296E+02
  4.8517449968381874E+02
  4.8502114683227376E+02
  4.8486512468905460E+02
  4.8470636973655775E+02
  4.8454481655997375E+02
  4.8438039777956749E+02
  4.8421304398016991E+02
  4.8404268363773582E+02
  4.8386924304285054E+02
  4.8369264622102617E+02
  4.8351281484963988E+02
  4.8332966817136167E+02
  4.8314312290389353E+02
  4.8295309314585626E+02
  4.8275949027862339E+02
  4.8256222286392148E+02
  4.8236119653697989E+02
  4.8215631389502073E+02
  4.8194747438085517E+02
  4.8173457416134977E+02
  4.8151750600050690E+02
  4.8129615912688911E+02
  4.8107041909511543E+02
  4.8084016764111607E+02
  4.8060528253085107E+02
  4.8036563740214478E+02
  4.8012110159929625E+02
  4.7987154000010048E+02
  4.7961681283487832E+02
  4.7935677549711647E+02
  4.7909127834528368E+02
  4.7882016649535689E+02
  4.7854327960357904E+02
  4.7826045163894310E+02
  4.7797151064485041E+02
  4.7767627848938372E+02
  4.7737457060358793E+02
  4.7706619570712525E+02
  4.7675095552062157E+02
  4.7642864446400750E+02
  4.7609904934009148E+02
  4.7576194900256883E+02
  4.7541711400763381E+02
  4.7506430624829778E+02
  4.7470327857047863E+02
  4.7433377436986228E+02
  4.7395552716848641E+02
  4.7356826016993898E+02
  4.7317168579198955E+02
  4.7276550517540818E+02
  4.7234940766767704E+02
  4.7192307028016859E+02
  4.7148615711736562E+02
  4.7103831877653954E+02
  4.7057919171625298E+02
  4.7010839759197074E+02
  4.6962554255693283E+02
  4.6913021652636752E+02
  4.6862199240300509E+02
  4.6810042526174357E+02
  4.6756505149120824E+02
  4.6701538788980884E+02
  4.6645093071379097E+02
  4.6587115467463354E+02
  4.6527551188302402E+02
  4.6466343073647784E+02
  4.6403431474756502E+02
  4.6338754130952395E+02
  4.6272246039590908E+02
  4.6203839319078355E+02
  4.6133463064579371E+02
  4.6061043196033609E+02
  4.5986502298087038E+02
  4.5909759451530340E+02
  4.5830730055823341E+02
  4.5749325642272561E+02
  4.5665453677419578E+02
  4.5579017356189178E+02
  4.5489915384340526E+02
  4.5398041749762467E+02
  4.5303285482156980E+02
  4.5205530400659518E+02
  4.5104654848959660E+02
  4.5000531417504544E+02
  4.4893026652397180E+02
  4.4782000750640822E+02
  4.4667307241432826E+02
  4.8983368850715721E+02
  4.8975292755087906E+02
  4.8967105889855452E+02
  4.8958806153617940E+02
  4.8950391394504197E+02
  4.8941859408712060E+02
  4.8933207938998947E+02
  4.8924434673121658E+02
  4.8915537242222479E+02
  4.8906513219160786E+02
  4.8897360116786916E+02
  4.8888075386156549E+02
  4.8878656414683206E+02
  4.8869100524226479E+02
  4.8859404969113456E+02
  4.8849566934090336E+02
  4.8839583532202010E+02
  4.8829451802596185E+02
  4.8819168708249418E+02
  4.8808731133611798E+02
  4.8798135882166343E+02
  4.8787379673901302E+02
  4.8776459142688998E+02
  4.8765370833570768E+02
  4.8754111199941093E+02
  4.8742676600628818E+02
  4.8731063296869479E+02
  4.8719267449165761E+02
  4.8707285114030174E+02
  4.8695112240605823E+02
  4.8682744667158863E+02
  4.8670178117438871E+02
  4.8657408196899991E+02
  4.8644430388776971E+02
  4.8631240050011326E+02
  4.8617832407018869E+02
  4.8604202551293224E+02
  4.8590345434837621E+02
  4.8576255865417238E+02
  4.8561928501624232E+02
  4.8547357847747730E+02
  4.8532538248438340E+02
  4.8517463883159900E+02
  4.8502128760417941E+02
  4.8486526711754050E+02
  4.8470651385497007E+02
  4.8454496240257856E+02
  4.8438054538158576E+02
  4.8421319337780557E+02
  4.8404283486821691E+02
  4.8386939614446095E+02
  4.8369280123314309E+02
  4.8351297181277579E+02
  4.8332982712720269E+02
  4.8314328389534444E+02
  4.8295325621708338E+02
  4.8275965547510106E+02
  4.8256239023248025E+02
  4.8236136612585960E+02
  4.8215648575392055E+02
  4.8194764856099084E+02
  4.8173475071550956E+02
  4.8151768498311441E+02
  4.8129634059406447E+02
  4.8107060310474185E+02
  4.8084035425290961E+02
  4.8060547180643260E+02
  4.8036582940511465E+02
  4.8012129639531685E+02
  4.7987173765697503E+02
  4.7961701342264092E+02
  4.7935697908812404E+02
  4.7909148501430786E+02
  4.7882037631968859E+02
  4.7854349266313181E+02
  4.7826066801636398E+02
  4.7797173042563571E+02
  4.7767650176200220E+02
  4.7737479745960894E+02
  4.7706642624135196E+02
  4.7675118983123372E+02
  4.7642888265271023E+02
  4.7609929151227078E+02
  4.7576219526745979E+02
  4.7541736447848990E+02
  4.7506456104257910E+02
  4.7470353781003922E+02
  4.7433403818115704E+02
  4.7395579568278492E+02
  4.7356853352354960E+02
  4.7317196412649923E+02
  4.7276578863793662E+02
  4.7234969641113634E+02
  4.7192336446355233E+02
  4.7148645690604036E+02
  4.7103862434255927E+02
  4.7057950323869244E+02
  4.7010871525727720E+02
  4.6962586655929783E+02
  4.6913054706811937E+02
  4.6862232969502730E+02
  4.6810076952391870E+02
  4.6756540295288590E+02
  4.6701574679030284E+02
  4.6645129730290790E+02
  4.6587152921323400E+02
  4.6527589464361779E+02
  4.6466382200385777E+02
  4.6403471481947815E+02
  4.6338795049738746E+02
  4.6272287902557298E+02
  4.6203882160334081E+02
  4.6133506919843990E+02
  4.6061088102729298E+02
  4.5986548295436415E+02
  4.5909806580660853E+02
  4.5830778359878701E+02
  4.5749375166531689E+02
  4.5665504469423468E+02
  4.5579069465876643E+02
  4.5489968864192724E+02
  4.5398096654957948E+02
  4.5303341870737034E+02
  4.5205588333705259E+02
  4.5104714390781373E+02
  4.5000592635844708E+02
  4.4893089618647139E+02
  4.4782065540073495E+02
  4.4667373933451751E+02
  4.8983378026782424E+02
  4.8975302010053866E+02
  4.8967115224919303E+02
  4.8958815570004072E+02
  4.8950400893462984E+02
  4.8941868991520613E+02
  4.8933217606961881E+02
  4.8924444427571876E+02
  4.8915547084521904E+02
  4.8906523150701372E+02
  4.8897370138991090E+02
  4.8888085500478360E+02
  4.8878666622609103E+02
  4.8869110827276307E+02
  4.8859415368841201E+02
  4.8849577432085488E+02
  4.8839594130090092E+02
  4.8829462502040258E+02
  4.8819179510950789E+02
  4.8808742041311410E+02
  4.8798146896645937E+02
  4.8787390796984204E+02
  4.8776470376241912E+02
  4.8765382179504962E+02
  4.8754122660213324E+02
  4.8742688177243286E+02
  4.8731074991878620E+02
  4.8719279264672389E+02
  4.8707297052188704E+02
  4.8695124303623720E+02
  4.8682756857298659E+02
  4.8670190437019704E+02
  4.8657420648299257E+02
  4.8644442974432354E+02
  4.8631252772422886E+02
  4.8617845268750585E+02
  4.8604215554975497E+02
  4.8590358583169092E+02
  4.8576269161167232E+02
  4.8561941947635233E+02
  4.8547371446937393E+02
  4.8532552003802260E+02
  4.8517477797774330E+02
  4.8502142837442221E+02
  4.8486540954433735E+02
  4.8470665797166595E+02
  4.8454510824344044E+02
  4.8438069298183132E+02
  4.8421334277364122E+02
  4.8404298609686714E+02
  4.8386954924420917E+02
  4.8369295624336661E+02
  4.8351312877398601E+02
  4.8332998608108539E+02
  4.8314344488480248E+02
  4.8295341928628159E+02
  4.8275982066951303E+02
  4.8256255759893742E+02
  4.8236153571259899E+02
  4.8215665761064076E+02
  4.8194782273890667E+02
  4.8173492726740898E+02
  4.8151786396341828E+02
  4.8129652205889204E+02
  4.8107078711197505E+02
  4.8084054086226377E+02
  4.8060566107952576E+02
  4.8036602140554800E+02
  4.8012149118874925E+02
  4.7987193531120971E+02
  4.7961721400770921E+02
  4.7935718267637992E+02
  4.7909169168052347E+02
  4.7882058614115175E+02
  4.7854370571975437E+02
  4.7826088439079103E+02
  4.7797195020336238E+02
  4.7767672503149487E+02
  4.7737502431243405E+02
  4.7706665677230905E+02
  4.7675142413850131E+02
  4.7642912083798973E+02
  4.7609953368094779E+02
  4.7576244152876478E+02
  4.7541761494567498E+02
  4.7506481583309892E+02
  4.7470379704574549E+02
  4.7433430198850203E+02
  4.7395606419303346E+02
  4.7356880687300719E+02
  4.7317224245674885E+02
  4.7276607209609256E+02
  4.7234998515010932E+02
  4.7192365864232920E+02
  4.7148675668998288E+02
  4.7103892990371634E+02
  4.7057981475613389E+02
  4.7010903291744444E+02
  4.6962619055637600E+02
  4.6913087760443017E+02
  4.6862266698145021E+02
  4.6810111378032798E+02
  4.6756575440862366E+02
  4.6701610568467481E+02
  4.6645166388571363E+02
  4.6587190374532571E+02
  4.6527627739749511E+02
  4.6466421326430407E+02
  4.6403511488423010E+02
  4.6338835967785263E+02
  4.6272329764759019E+02
  4.6203925000798756E+02
  4.6133550774290319E+02
  4.6061133008577883E+02
  4.5986594291908432E+02
  4.5909853708882241E+02
  4.5830826662991473E+02
  4.5749424689812986E+02
  4.5665555260412521E+02
  4.5579121574510168E+02
  4.5490022342949794E+02
  4.5398151559014758E+02
  4.5303398258132484E+02
  4.5205646265517800E+02
  4.5104773931318675E+02
  4.5000653852845937E+02
  4.4893152583500597E+02
  4.4782130328048737E+02
  4.4667440623948568E+02
  4.8983387202754938E+02
  4.8975311264924466E+02
  4.8967124559886912E+02
  4.8958824986292910E+02
  4.8950410392323266E+02
  4.8941878574229486E+02
  4.8933227274823969E+02
  4.8924454181920112E+02
  4.8915556926718182E+02
  4.8906533082137514E+02
  4.8897380161089575E+02
  4.8888095614693162E+02
  4.8878676830426724E+02
  4.8869121130216405E+02
  4.8859425768457999E+02
  4.8849587929968158E+02
  4.8839604727864423E+02
  4.8829473201369012E+02
  4.8819190313535501E+02
  4.8808752948892823E+02
  4.8798157911005683E+02
  4.8787401919945819E+02
  4.8776481609672049E+02
  4.8765393525314545E+02
  4.8754134120359384E+02
  4.8742699753729613E+02
  4.8731086686758056E+02
  4.8719291080047583E+02
  4.8707308990213915E+02
  4.8695136366506455E+02
  4.8682769047301440E+02
  4.8670202756461526E+02
  4.8657433099557460E+02
  4.8644455559944890E+02
  4.8631265494689347E+02
  4.8617858130335071E+02
  4.8604228558508254E+02
  4.8590371731348887E+02
  4.8576282456763334E+02
  4.8561955393489967E+02
  4.8547385045968349E+02
  4.8532565759005132E+02
  4.8517491712225177E+02
  4.8502156914300332E+02
  4.8486555196944681E+02
  4.8470680208664692E+02
  4.8454525408255847E+02
  4.8438084058030529E+02
  4.8421349216767516E+02
  4.8404313732368604E+02
  4.8386970234209559E+02
  4.8369311125169713E+02
  4.8351328573326992E+02
  4.8333014503300819E+02
  4.8314360587226724E+02
  4.8295358235345174E+02
  4.8275998586186120E+02
  4.8256272496329308E+02
  4.8236170529719880E+02
  4.8215682946518262E+02
  4.8194799691460253E+02
  4.8173510381704688E+02
  4.8151804294141806E+02
  4.8129670352137185E+02
  4.8107097111681583E+02
  4.8084072746917815E+02
  4.8060585035013241E+02
  4.8036621340344408E+02
  4.8012168597959368E+02
  4.7987213296280271E+02
  4.7961741459008277E+02
  4.7935738626188544E+02
  4.7909189834393061E+02
  4.7882079595974682E+02
  4.7854391877344705E+02
  4.7826110076222545E+02
  4.7797216997803031E+02
  4.7767694829786035E+02
  4.7737525116206092E+02
  4.7706688729999718E+02
  4.7675165844242480E+02
  4.7642935901984833E+02
  4.7609977584612261E+02
  4.7576268778648341E+02
  4.7541786540918758E+02
  4.7506507061985718E+02
  4.7470405627759925E+02
  4.7433456579189772E+02
  4.7395633269923349E+02
  4.7356908021831271E+02
  4.7317252078273935E+02
  4.7276635554987843E+02
  4.7235027388459577E+02
  4.7192395281649874E+02
  4.7148705646919217E+02
  4.7103923546001022E+02
  4.7058012626857709E+02
  4.7010935057247275E+02
  4.6962651454816790E+02
  4.6913120813530287E+02
  4.6862300426227409E+02
  4.6810145803097186E+02
  4.6756610585842145E+02
  4.6701646457292662E+02
  4.6645203046220882E+02
  4.6587227827090834E+02
  4.6527666014465700E+02
  4.6466460451781705E+02
  4.6403551494182233E+02
  4.6338876885092009E+02
  4.6272371626195888E+02
  4.6203967840472671E+02
  4.6133594627918268E+02
  4.6061177913579473E+02
  4.5986640287503189E+02
  4.5909900836194424E+02
  4.5830874965161621E+02
  4.5749474212116490E+02
  4.5665606050386663E+02
  4.5579173682089731E+02
  4.5490075820611679E+02
  4.5398206461932898E+02
  4.5303454644343356E+02
  4.5205704196097304E+02
  4.5104833470571555E+02
  4.5000715068508538E+02
  4.4893215546957845E+02
  4.4782195114566605E+02
  4.4667507312923300E+02
  4.8983396378633211E+02
  4.8975320519699858E+02
  4.8967133894758194E+02
  4.8958834402484240E+02
  4.8950419891085033E+02
  4.8941888156838621E+02
  4.8933236942585211E+02
  4.8924463936166217E+02
  4.8915566768811300E+02
  4.8906543013469155E+02
  4.8897390183082268E+02
  4.8888105728800986E+02
  4.8878687038135917E+02
  4.8869131433046891E+02
  4.8859436167963787E+02
  4.8849598427738528E+02
  4.8839615325524875E+02
  4.8829483900582591E+02
  4.8819201116003518E+02
  4.8808763856356109E+02
  4.8798168925245750E+02
  4.8787413042786119E+02
  4.8776492842979258E+02
  4.8765404870999600E+02
  4.8754145580379230E+02
  4.8742711330088190E+02
  4.8731098381507883E+02
  4.8719302895291287E+02
  4.8707320928105804E+02
  4.8695148429254158E+02
  4.8682781237167200E+02
  4.8670215075764355E+02
  4.8657445550674851E+02
  4.8644468145314306E+02
  4.8631278216810688E+02
  4.8617870991772367E+02
  4.8604241561891700E+02
  4.8590384879376990E+02
  4.8576295752205596E+02
  4.8561968839188376E+02
  4.8547398644840729E+02
  4.8532579514046836E+02
  4.8517505626512320E+02
  4.8502170990992306E+02
  4.8486569439286654E+02
  4.8470694619991241E+02
  4.8454539991993329E+02
  4.8438098817700768E+02
  4.8421364155990778E+02
  4.8404328854867487E+02
  4.8386985543812023E+02
  4.8369326625813432E+02
  4.8351344269062849E+02
  4.8333030398297251E+02
  4.8314376685773817E+02
  4.8295374541859326E+02
  4.8276015105214469E+02
  4.8256289232554650E+02
  4.8236187487965901E+02
  4.8215700131754517E+02
  4.8194817108808030E+02
  4.8173528036442400E+02
  4.8151822191711483E+02
  4.8129688498150483E+02
  4.8107115511926401E+02
  4.8084091407365327E+02
  4.8060603961825160E+02
  4.8036640539880375E+02
  4.8012188076785003E+02
  4.7987233061175544E+02
  4.7961761516976134E+02
  4.7935758984464036E+02
  4.7909210500452906E+02
  4.7882100577547345E+02
  4.7854413182421069E+02
  4.7826131713066627E+02
  4.7797238974963858E+02
  4.7767717156109893E+02
  4.7737547800849205E+02
  4.7706711782441647E+02
  4.7675189274300340E+02
  4.7642959719828491E+02
  4.7610001800779509E+02
  4.7576293404061801E+02
  4.7541811586902929E+02
  4.7506532540285525E+02
  4.7470431550559908E+02
  4.7433482959134381E+02
  4.7395660120138331E+02
  4.7356935355946467E+02
  4.7317279910446979E+02
  4.7276663899929224E+02
  4.7235056261459471E+02
  4.7192424698606123E+02
  4.7148735624366992E+02
  4.7103954101144217E+02
  4.7058043777602239E+02
  4.7010966822236162E+02
  4.6962683853467308E+02
  4.6913153866073623E+02
  4.6862334153749856E+02
  4.6810180227584999E+02
  4.6756645730228018E+02
  4.6701682345505702E+02
  4.6645239703239309E+02
  4.6587265278998206E+02
  4.6527704288510182E+02
  4.6466499576439759E+02
  4.6403591499225485E+02
  4.6338917801658965E+02
  4.6272413486868169E+02
  4.6204010679355781E+02
  4.6133638480728018E+02
  4.6061222817733920E+02
  4.5986686282220506E+02
  4.5909947962597562E+02
  4.5830923266389237E+02
  4.5749523733442271E+02
  4.5665656839346093E+02
  4.5579225788615429E+02
  4.5490129297178498E+02
  4.5398261363712527E+02
  4.5303511029369764E+02
  4.5205762125443749E+02
  4.5104893008540029E+02
  4.5000776282832408E+02
  4.4893278509018802E+02
  4.4782259899627314E+02
  4.4667574000376101E+02
  4.8983405554417448E+02
  4.8975329774379998E+02
  4.8967143229533139E+02
  4.8958843818578163E+02
  4.8950429389748138E+02
  4.8941897739348104E+02
  4.8933246610245612E+02
  4.8924473690310350E+02
  4.8915576610801014E+02
  4.8906552944696381E+02
  4.8897400204969290E+02
  4.8888115842801756E+02
  4.8878697245736862E+02
  4.8869141735767784E+02
  4.8859446567358538E+02
  4.8849608925396518E+02
  4.8839625923071628E+02
  4.8829494599680936E+02
  4.8819211918354750E+02
  4.8808774763701092E+02
  4.8798179939366059E+02
  4.8787424165505058E+02
  4.8776504076163451E+02
  4.8765416216560192E+02
  4.8754157040272827E+02
  4.8742722906318744E+02
  4.8731110076128061E+02
  4.8719314710403580E+02
  4.8707332865864447E+02
  4.8695160491866665E+02
  4.8682793426895967E+02
  4.8670227394928236E+02
  4.8657458001651247E+02
  4.8644480730540801E+02
  4.8631290938786992E+02
  4.8617883853062477E+02
  4.8604254565125734E+02
  4.8590398027253582E+02
  4.8576309047493891E+02
  4.8561982284730573E+02
  4.8547412243554396E+02
  4.8532593268927496E+02
  4.8517519540635902E+02
  4.8502185067518019E+02
  4.8486583681459916E+02
  4.8470709031146208E+02
  4.8454554575556568E+02
  4.8438113577193826E+02
  4.8421379095033967E+02
  4.8404343977183157E+02
  4.8387000853228363E+02
  4.8369342126267770E+02
  4.8351359964606132E+02
  4.8333046293097760E+02
  4.8314392784121611E+02
  4.8295390848170683E+02
  4.8276031624036438E+02
  4.8256305968569859E+02
  4.8236204445997930E+02
  4.8215717316772850E+02
  4.8194834525933766E+02
  4.8173545690953972E+02
  4.8151840089050768E+02
  4.8129706643928927E+02
  4.8107133911931902E+02
  4.8084110067568872E+02
  4.8060622888388275E+02
  4.8036659739162553E+02
  4.8012207555351790E+02
  4.7987252825806769E+02
  4.7961781574674478E+02
  4.7935779342464383E+02
  4.7909231166231882E+02
  4.7882121558833296E+02
  4.7854434487204503E+02
  4.7826153349611383E+02
  4.7797260951818896E+02
  4.7767739482121181E+02
  4.7737570485172677E+02
  4.7706734834556613E+02
  4.7675212704023841E+02
  4.7642983537329951E+02
  4.7610026016596493E+02
  4.7576318029116601E+02
  4.7541836632519892E+02
  4.7506558018209233E+02
  4.7470457472974522E+02
  4.7433509338684058E+02
  4.7395686969948508E+02
  4.7356962689646531E+02
  4.7317307742194129E+02
  4.7276692244433525E+02
  4.7235085134010689E+02
  4.7192454115101611E+02
  4.7148765601341512E+02
  4.7103984655801167E+02
  4.7058074927847014E+02
  4.7010998586711167E+02
  4.6962716251589308E+02
  4.6913186918072978E+02
  4.6862367880712469E+02
  4.6810214651496307E+02
  4.6756680874020009E+02
  4.6701718233106618E+02
  4.6645276359626780E+02
  4.6587302730254737E+02
  4.6527742561883184E+02
  4.6466538700404550E+02
  4.6403631503552697E+02
  4.6338958717486196E+02
  4.6272455346775774E+02
  4.6204053517448040E+02
  4.6133682332719542E+02
  4.6061267721041384E+02
  4.5986732276060707E+02
  4.5909995088091677E+02
  4.5830971566674413E+02
  4.5749573253790322E+02
  4.5665707627290658E+02
  4.5579277894087255E+02
  4.5490182772650257E+02
  4.5398316264353593E+02
  4.5303567413211675E+02
  4.5205820053557181E+02
  4.5104952545224251E+02
  4.5000837495817592E+02
  4.4893341469683611E+02
  4.4782324683230689E+02
  4.4667640686306891E+02
  4.8983414730107359E+02
  4.8975339028964902E+02
  4.8967152564211773E+02
  4.8958853234574673E+02
  4.8950438888312823E+02
  4.8941907321757969E+02
  4.8933256277805174E+02
  4.8924483444352484E+02
  4.8915586452687535E+02
  4.8906562875819043E+02
  4.8897410226750537E+02
  4.8888125956695529E+02
  4.8878707453229595E+02
  4.8869152038378979E+02
  4.8859456966642307E+02
  4.8849619422942095E+02
  4.8839636520504524E+02
  4.8829505298664037E+02
  4.8819222720589300E+02
  4.8808785670927881E+02
  4.8798190953366520E+02
  4.8787435288102762E+02
  4.8776515309224874E+02
  4.8765427561996165E+02
  4.8754168500040157E+02
  4.8742734482421440E+02
  4.8731121770618478E+02
  4.8719326525384378E+02
  4.8707344803489934E+02
  4.8695172554344009E+02
  4.8682805616487616E+02
  4.8670239713953163E+02
  4.8657470452486638E+02
  4.8644493315624192E+02
  4.8631303660618192E+02
  4.8617896714205312E+02
  4.8604267568210349E+02
  4.8590411174978601E+02
  4.8576322342628225E+02
  4.8561995730116615E+02
  4.8547425842109493E+02
  4.8532607023647000E+02
  4.8517533454595912E+02
  4.8502199143877658E+02
  4.8486597923464217E+02
  4.8470723442129736E+02
  4.8454569158945361E+02
  4.8438128336509709E+02
  4.8421394033897127E+02
  4.8404359099315803E+02
  4.8387016162458474E+02
  4.8369357626532798E+02
  4.8351375659956858E+02
  4.8333062187702399E+02
  4.8314408882270095E+02
  4.8295407154279150E+02
  4.8276048142651860E+02
  4.8256322704374935E+02
  4.8236221403815932E+02
  4.8215734501573309E+02
  4.8194851942837562E+02
  4.8173563345239540E+02
  4.8151857986159712E+02
  4.8129724789472647E+02
  4.8107152311698070E+02
  4.8084128727528491E+02
  4.8060641814702643E+02
  4.8036678938191113E+02
  4.8012227033659815E+02
  4.7987272590173927E+02
  4.7961801632103385E+02
  4.7935799700189699E+02
  4.7909251831730040E+02
  4.7882142539832381E+02
  4.7854455791694920E+02
  4.7826174985856869E+02
  4.7797282928368048E+02
  4.7767761807819801E+02
  4.7737593169176432E+02
  4.7706757886344644E+02
  4.7675236133412926E+02
  4.7643007354489231E+02
  4.7610050232063321E+02
  4.7576342653812969E+02
  4.7541861677769799E+02
  4.7506583495756831E+02
  4.7470483395003845E+02
  4.7433535717838737E+02
  4.7395713819353745E+02
  4.7356990022931348E+02
  4.7317335573515248E+02
  4.7276720588500751E+02
  4.7235114006113247E+02
  4.7192483531136446E+02
  4.7148795577842782E+02
  4.7104015209971897E+02
  4.7058106077591913E+02
  4.7011030350672280E+02
  4.6962748649182771E+02
  4.6913219969528484E+02
  4.6862401607115271E+02
  4.6810249074831080E+02
  4.6756716017218116E+02
  4.6701754120095632E+02
  4.6645313015383249E+02
  4.6587340180860406E+02
  4.6527780834584627E+02
  4.6466577823676084E+02
  4.6403671507164125E+02
  4.6338999632573740E+02
  4.6272497205918683E+02
  4.6204096354749532E+02
  4.6133726183892833E+02
  4.6061312623501891E+02
  4.5986778269023603E+02
  4.5910042212676717E+02
  4.5831019866017027E+02
  4.5749622773160746E+02
  4.5665758414220494E+02
  4.5579329998505250E+02
  4.5490236247027030E+02
  4.5398371163856183E+02
  4.5303623795869186E+02
  4.5205877980437748E+02
  4.5105012080624107E+02
  4.5000898707464211E+02
  4.4893404428952181E+02
  4.4782389465376951E+02
  4.4667707370715863E+02
  4.8983423905703177E+02
  4.8975348283454554E+02
  4.8967161898794075E+02
  4.8958862650473736E+02
  4.8950448386778891E+02
  4.8941916904068103E+02
  4.8933265945263912E+02
  4.8924493198292612E+02
  4.8915596294470868E+02
  4.8906572806837352E+02
  4.8897420248426113E+02
  4.8888136070482307E+02
  4.8878717660613876E+02
  4.8869162340880541E+02
  4.8859467365815118E+02
  4.8849629920375219E+02
  4.8839647117823625E+02
  4.8829515997531882E+02
  4.8819233522707106E+02
  4.8808796578036447E+02
  4.8798201967247320E+02
  4.8787446410579111E+02
  4.8776526542163219E+02
  4.8765438907307669E+02
  4.8754179959681352E+02
  4.8742746058396233E+02
  4.8731133464979257E+02
  4.8719338340233782E+02
  4.8707356740982027E+02
  4.8695184616686379E+02
  4.8682817805942295E+02
  4.8670252032839090E+02
  4.8657482903181062E+02
  4.8644505900564695E+02
  4.8631316382304396E+02
  4.8617909575201008E+02
  4.8604280571145631E+02
  4.8590424322551860E+02
  4.8576335637608764E+02
  4.8562009175346333E+02
  4.8547439440505843E+02
  4.8532620778205523E+02
  4.8517547368392246E+02
  4.8502213220070990E+02
  4.8486612165299829E+02
  4.8470737852941636E+02
  4.8454583742159940E+02
  4.8438143095648394E+02
  4.8421408972580099E+02
  4.8404374221265437E+02
  4.8387031471502382E+02
  4.8369373126608525E+02
  4.8351391355114976E+02
  4.8333078082111183E+02
  4.8314424980219320E+02
  4.8295423460184804E+02
  4.8276064661060911E+02
  4.8256339439969872E+02
  4.8236238361420016E+02
  4.8215751686155875E+02
  4.8194869359519475E+02
  4.8173580999299031E+02
  4.8151875883038304E+02
  4.8129742934781677E+02
  4.8107170711225120E+02
  4.8084147387244195E+02
  4.8060660740768338E+02
  4.8036698136966004E+02
  4.8012246511709122E+02
  4.7987292354277048E+02
  4.7961821689262780E+02
  4.7935820057639978E+02
  4.7909272496947335E+02
  4.7882163520544702E+02
  4.7854477095892429E+02
  4.7826196621803030E+02
  4.7797304904611366E+02
  4.7767784133205714E+02
  4.7737615852860483E+02
  4.7706780937805866E+02
  4.7675259562467619E+02
  4.7643031171306325E+02
  4.7610074447179971E+02
  4.7576367278150775E+02
  4.7541886722652492E+02
  4.7506608972928410E+02
  4.7470509316647809E+02
  4.7433562096598598E+02
  4.7395740668354131E+02
  4.7357017355800963E+02
  4.7317363404410474E+02
  4.7276748932130903E+02
  4.7235142877767242E+02
  4.7192512946710571E+02
  4.7148825553870893E+02
  4.7104045763656342E+02
  4.7058137226837135E+02
  4.7011062114119528E+02
  4.6962781046247670E+02
  4.6913253020440118E+02
  4.6862435332958177E+02
  4.6810283497589364E+02
  4.6756751159822335E+02
  4.6701790006472504E+02
  4.6645349670508654E+02
  4.6587377630815314E+02
  4.6527819106614521E+02
  4.6466616946254476E+02
  4.6403711510059480E+02
  4.6339040546921507E+02
  4.6272539064296944E+02
  4.6204139191260276E+02
  4.6133770034247982E+02
  4.6061357525115307E+02
  4.5986824261109291E+02
  4.5910089336352621E+02
  4.5831068164417235E+02
  4.5749672291553549E+02
  4.5665809200135743E+02
  4.5579382101869550E+02
  4.5490289720308760E+02
  4.5398426062220369E+02
  4.5303680177342318E+02
  4.5205935906085375E+02
  4.5105071614739762E+02
  4.5000959917772320E+02
  4.4893467386824682E+02
  4.4782454246066112E+02
  4.4667774053603017E+02
  4.8983433081204686E+02
  4.8975357537848993E+02
  4.8967171233280061E+02
  4.8958872066275467E+02
  4.8950457885146500E+02
  4.8941926486278567E+02
  4.8933275612621748E+02
  4.8924502952130604E+02
  4.8915606136151013E+02
  4.8906582737751057E+02
  4.8897430269995982E+02
  4.8888146184162099E+02
  4.8878727867889938E+02
  4.8869172643272532E+02
  4.8859477764876920E+02
  4.8849640417696054E+02
  4.8839657715029011E+02
  4.8829526696284506E+02
  4.8819244324708217E+02
  4.8808807485026801E+02
  4.8798212981008356E+02
  4.8787457532934155E+02
  4.8776537774978738E+02
  4.8765450252494537E+02
  4.8754191419196388E+02
  4.8742757634243077E+02
  4.8731145159210439E+02
  4.8719350154951758E+02
  4.8707368678340924E+02
  4.8695196678893473E+02
  4.8682829995259999E+02
  4.8670264351586042E+02
  4.8657495353734572E+02
  4.8644518485362187E+02
  4.8631329103845422E+02
  4.8617922436049480E+02
  4.8604293573931585E+02
  4.8590437469973534E+02
  4.8576348932435332E+02
  4.8562022620419776E+02
  4.8547453038743606E+02
  4.8532634532602845E+02
  4.8517561282025025E+02
  4.8502227296098147E+02
  4.8486626406966531E+02
  4.8470752263581988E+02
  4.8454598325200089E+02
  4.8438157854609938E+02
  4.8421423911083087E+02
  4.8404389343031892E+02
  4.8387046780360259E+02
  4.8369388626494930E+02
  4.8351407050080599E+02
  4.8333093976323909E+02
  4.8314441077969195E+02
  4.8295439765887630E+02
  4.8276081179263480E+02
  4.8256356175354648E+02
  4.8236255318810208E+02
  4.8215768870520577E+02
  4.8194886775979506E+02
  4.8173598653132410E+02
  4.8151893779686566E+02
  4.8129761079855950E+02
  4.8107189110512741E+02
  4.8084166046715984E+02
  4.8060679666585185E+02
  4.8036717335487185E+02
  4.8012265989499616E+02
  4.7987312118116142E+02
  4.7961841746152709E+02
  4.7935840414815169E+02
  4.7909293161883869E+02
  4.7882184500970232E+02
  4.7854498399796995E+02
  4.7826218257449921E+02
  4.7797326880548775E+02
  4.7767806458279028E+02
  4.7737638536224961E+02
  4.7706803988940067E+02
  4.7675282991187839E+02
  4.7643054987781312E+02
  4.7610098661946415E+02
  4.7576391902130155E+02
  4.7541911767168051E+02
  4.7506634449723947E+02
  4.7470535237906432E+02
  4.7433588474963528E+02
  4.7395767516949667E+02
  4.7357044688255405E+02
  4.7317391234879727E+02
  4.7276777275323991E+02
  4.7235171748972493E+02
  4.7192542361824036E+02
  4.7148855529425839E+02
  4.7104076316854633E+02
  4.7058168375582591E+02
  4.7011093877052980E+02
  4.6962813442783948E+02
  4.6913286070807914E+02
  4.6862469058241294E+02
  4.6810317919771182E+02
  4.6756786301832642E+02
  4.6701825892237468E+02
  4.6645386325003136E+02
  4.6587415080119433E+02
  4.6527857377972890E+02
  4.6466656068139582E+02
  4.6403751512239046E+02
  4.6339081460529633E+02
  4.6272580921910634E+02
  4.6204182026980260E+02
  4.6133813883785018E+02
  4.6061402425881869E+02
  4.5986870252317800E+02
  4.5910136459119735E+02
  4.5831116461875058E+02
  4.5749721808968769E+02
  4.5665859985036201E+02
  4.5579434204180120E+02
  4.5490343192495681E+02
  4.5398480959446090E+02
  4.5303736557631174E+02
  4.5205993830500165E+02
  4.5105131147571331E+02
  4.5001021126741864E+02
  4.4893530343301171E+02
  4.4782519025298308E+02
  4.4667840734968462E+02
  4.8983442256612108E+02
  4.8975366792148202E+02
  4.8967180567669703E+02
  4.8958881481979654E+02
  4.8950467383415543E+02
  4.8941936068389310E+02
  4.8933285279878754E+02
  4.8924512705866692E+02
  4.8915615977727850E+02
  4.8906592668560421E+02
  4.8897440291460094E+02
  4.8888156297734912E+02
  4.8878738075057709E+02
  4.8869182945554866E+02
  4.8859488163827660E+02
  4.8849650914904498E+02
  4.8839668312120432E+02
  4.8829537394921914E+02
  4.8819255126592617E+02
  4.8808818391899030E+02
  4.8798223994649715E+02
  4.8787468655167879E+02
  4.8776549007671395E+02
  4.8765461597556890E+02
  4.8754202878585073E+02
  4.8742769209961995E+02
  4.8731156853312001E+02
  4.8719361969538284E+02
  4.8707380615566541E+02
  4.8695208740965523E+02
  4.8682842184440619E+02
  4.8670276670194079E+02
  4.8657507804147139E+02
  4.8644531070016660E+02
  4.8631341825241549E+02
  4.8617935296750733E+02
  4.8604306576568024E+02
  4.8590450617243670E+02
  4.8576362227107995E+02
  4.8562036065337014E+02
  4.8547466636822804E+02
  4.8532648286839145E+02
  4.8517575195494152E+02
  4.8502241371959167E+02
  4.8486640648464413E+02
  4.8470766674050805E+02
  4.8454612908066093E+02
  4.8438172613394318E+02
  4.8421438849405979E+02
  4.8404404464615277E+02
  4.8387062089031872E+02
  4.8369404126191978E+02
  4.8351422744853591E+02
  4.8333109870340934E+02
  4.8314457175519772E+02
  4.8295456071387684E+02
  4.8276097697259632E+02
  4.8256372910529291E+02
  4.8236272275986357E+02
  4.8215786054667427E+02
  4.8194904192217598E+02
  4.8173616306739814E+02
  4.8151911676104442E+02
  4.8129779224695483E+02
  4.8107207509561169E+02
  4.8084184705943801E+02
  4.8060698592153398E+02
  4.8036736533754726E+02
  4.8012285467031296E+02
  4.7987331881691182E+02
  4.7961861802773240E+02
  4.7935860771715352E+02
  4.7909313826539528E+02
  4.7882205481109014E+02
  4.7854519703408607E+02
  4.7826239892797560E+02
  4.7797348856180417E+02
  4.7767828783039738E+02
  4.7737661219269830E+02
  4.7706827039747486E+02
  4.7675306419573764E+02
  4.7643078803914091E+02
  4.7610122876362686E+02
  4.7576416525750972E+02
  4.7541936811316504E+02
  4.7506659926143408E+02
  4.7470561158779878E+02
  4.7433614852933556E+02
  4.7395794365140370E+02
  4.7357072020294612E+02
  4.7317419064923178E+02
  4.7276805618079987E+02
  4.7235200619729181E+02
  4.7192571776476865E+02
  4.7148885504507547E+02
  4.7104106869566778E+02
  4.7058199523828324E+02
  4.7011125639472482E+02
  4.6962845838791765E+02
  4.6913319120631905E+02
  4.6862502782964577E+02
  4.6810352341376563E+02
  4.6756821443249169E+02
  4.6701861777390354E+02
  4.6645422978866708E+02
  4.6587452528772775E+02
  4.6527895648659751E+02
  4.6466695189331563E+02
  4.6403791513702703E+02
  4.6339122373398135E+02
  4.6272622778759774E+02
  4.6204224861909552E+02
  4.6133857732503873E+02
  4.6061447325801595E+02
  4.5986916242649136E+02
  4.5910183580977861E+02
  4.5831164758390474E+02
  4.5749771325406374E+02
  4.5665910768922100E+02
  4.5579486305436973E+02
  4.5490396663587637E+02
  4.5398535855533527E+02
  4.5303792936735823E+02
  4.5206051753682198E+02
  4.5105190679118692E+02
  4.5001082334373024E+02
  4.4893593298381768E+02
  4.4782583803073521E+02
  4.4667907414812242E+02
  4.8983451431925374E+02
  4.8975376046352136E+02
  4.8967189901963138E+02
  4.8958890897586559E+02
  4.8950476881586007E+02
  4.8941945650400430E+02
  4.8933294947035034E+02
  4.8924522459500753E+02
  4.8915625819201472E+02
  4.8906602599265284E+02
  4.8897450312818557E+02
  4.8888166411200649E+02
  4.8878748282117118E+02
  4.8869193247727537E+02
  4.8859498562667460E+02
  4.8849661412000575E+02
  4.8839678909098257E+02
  4.8829548093444060E+02
  4.8819265928360358E+02
  4.8808829298652927E+02
  4.8798235008171253E+02
  4.8787479777280362E+02
  4.8776560240241093E+02
  4.8765472942494728E+02
  4.8754214337847645E+02
  4.8742780785553077E+02
  4.8731168547283795E+02
  4.8719373783993387E+02
  4.8707392552658928E+02
  4.8695220802902480E+02
  4.8682854373484224E+02
  4.8670288988663145E+02
  4.8657520254418756E+02
  4.8644543654528201E+02
  4.8631354546492452E+02
  4.8617948157304841E+02
  4.8604319579055141E+02
  4.8590463764362141E+02
  4.8576375521626852E+02
  4.8562049510098097E+02
  4.8547480234743313E+02
  4.8532662040914369E+02
  4.8517589108799666E+02
  4.8502255447654005E+02
  4.8486654889793488E+02
  4.8470781084348181E+02
  4.8454627490757684E+02
  4.8438187372001568E+02
  4.8421453787548757E+02
  4.8404419586015541E+02
  4.8387077397517390E+02
  4.8369419625699709E+02
  4.8351438439434048E+02
  4.8333125764161957E+02
  4.8314473272870981E+02
  4.8295472376684899E+02
  4.8276114215049364E+02
  4.8256389645493800E+02
  4.8236289232948650E+02
  4.8215803238596339E+02
  4.8194921608233835E+02
  4.8173633960121083E+02
  4.8151929572292107E+02
  4.8129797369300240E+02
  4.8107225908370378E+02
  4.8084203364927760E+02
  4.8060717517472892E+02
  4.8036755731768500E+02
  4.8012304944304259E+02
  4.7987351645002258E+02
  4.7961881859124321E+02
  4.7935881128340503E+02
  4.7909334490914381E+02
  4.7882226460960953E+02
  4.7854541006727271E+02
  4.7826261527845861E+02
  4.7797370831506134E+02
  4.7767851107487849E+02
  4.7737683901994984E+02
  4.7706850090227960E+02
  4.7675329847625255E+02
  4.7643102619704752E+02
  4.7610147090428745E+02
  4.7576441149013198E+02
  4.7541961855097867E+02
  4.7506685402186866E+02
  4.7470587079267972E+02
  4.7433641230508698E+02
  4.7395821212926262E+02
  4.7357099351918657E+02
  4.7317446894540637E+02
  4.7276833960399006E+02
  4.7235229490037165E+02
  4.7192601190669012E+02
  4.7148915479116147E+02
  4.7104137421792728E+02
  4.7058230671574307E+02
  4.7011157401378256E+02
  4.6962878234271039E+02
  4.6913352169911991E+02
  4.6862536507128118E+02
  4.6810386762405443E+02
  4.6756856584071863E+02
  4.6701897661931349E+02
  4.6645459632099283E+02
  4.6587489976775390E+02
  4.6527933918675194E+02
  4.6466734309830429E+02
  4.6403831514450445E+02
  4.6339163285526962E+02
  4.6272664634844415E+02
  4.6204267696048134E+02
  4.6133901580404660E+02
  4.6061492224874354E+02
  4.5986962232103372E+02
  4.5910230701927088E+02
  4.5831213053963580E+02
  4.5749820840866477E+02
  4.5665961551793345E+02
  4.5579538405640170E+02
  4.5490450133584801E+02
  4.5398590750482515E+02
  4.5303849314656162E+02
  4.5206109675631484E+02
  4.5105250209382064E+02
  4.5001143540665760E+02
  4.4893656252066319E+02
  4.4782648579391810E+02
  4.4667974093134359E+02
  4.8983460607144451E+02
  4.8975385300460886E+02
  4.8967199236160116E+02
  4.8958900313095961E+02
  4.8950486379658014E+02
  4.8941955232311938E+02
  4.8933304614090372E+02
  4.8924532213032745E+02
  4.8915635660571860E+02
  4.8906612529865629E+02
  4.8897460334071235E+02
  4.8888176524559481E+02
  4.8878758489068304E+02
  4.8869203549790620E+02
  4.8859508961396295E+02
  4.8849671908984260E+02
  4.8839689505962190E+02
  4.8829558791851019E+02
  4.8819276730011359E+02
  4.8808840205288715E+02
  4.8798246021573101E+02
  4.8787490899271495E+02
  4.8776571472687914E+02
  4.8765484287308021E+02
  4.8754225796984036E+02
  4.8742792361016222E+02
  4.8731180241126009E+02
  4.8719385598317058E+02
  4.8707404489618051E+02
  4.8695232864704275E+02
  4.8682866562390899E+02
  4.8670301306993230E+02
  4.8657532704549408E+02
  4.8644556238896689E+02
  4.8631367267598330E+02
  4.8617961017711764E+02
  4.8604332581392941E+02
  4.8590476911329097E+02
  4.8576388815991726E+02
  4.8562062954702856E+02
  4.8547493832505205E+02
  4.8532675794828396E+02
  4.8517603021941665E+02
  4.8502269523182667E+02
  4.8486669130953777E+02
  4.8470795494473941E+02
  4.8454642073275028E+02
  4.8438202130431671E+02
  4.8421468725511494E+02
  4.8404434707232843E+02
  4.8387092705816769E+02
  4.8369435125018219E+02
  4.8351454133822000E+02
  4.8333141657787195E+02
  4.8314489370022926E+02
  4.8295488681779301E+02
  4.8276130732632714E+02
  4.8256406380248137E+02
  4.8236306189696904E+02
  4.8215820422307422E+02
  4.8194939024028088E+02
  4.8173651613276331E+02
  4.8151947468249358E+02
  4.8129815513670331E+02
  4.8107244306940265E+02
  4.8084222023667758E+02
  4.8060736442543669E+02
  4.8036774929528679E+02
  4.8012324421318453E+02
  4.7987371408049273E+02
  4.7961901915205937E+02
  4.7935901484690550E+02
  4.7909355155008450E+02
  4.7882247440526231E+02
  4.7854562309753118E+02
  4.7826283162594933E+02
  4.7797392806526074E+02
  4.7767873431623269E+02
  4.7737706584400559E+02
  4.7706873140381583E+02
  4.7675353275342417E+02
  4.7643126435153260E+02
  4.7610171304144666E+02
  4.7576465771917088E+02
  4.7541986898512124E+02
  4.7506710877854249E+02
  4.7470612999370786E+02
  4.7433667607688955E+02
  4.7395848060307202E+02
  4.7357126683127535E+02
  4.7317474723732261E+02
  4.7276862302280978E+02
  4.7235258359896659E+02
  4.7192630604400557E+02
  4.7148945453251565E+02
  4.7104167973532481E+02
  4.7058261818820614E+02
  4.7011189162770171E+02
  4.6962910629221795E+02
  4.6913385218648256E+02
  4.6862570230731814E+02
  4.6810421182857914E+02
  4.6756891724300766E+02
  4.6701933545860305E+02
  4.6645496284700977E+02
  4.6587527424127234E+02
  4.6527972188019135E+02
  4.6466773429636106E+02
  4.6403871514482421E+02
  4.6339204196916228E+02
  4.6272706490164467E+02
  4.6204310529396105E+02
  4.6133945427487430E+02
  4.6061537123100277E+02
  4.5987008220680559E+02
  4.5910277821967418E+02
  4.5831261348594376E+02
  4.5749870355349077E+02
  4.5666012333650121E+02
  4.5579590504789735E+02
  4.5490503602487178E+02
  4.5398645644293333E+02
  4.5303905691392293E+02
  4.5206167596347996E+02
  4.5105309738361399E+02
  4.5001204745620203E+02
  4.4893719204355085E+02
  4.4782713354253286E+02
  4.4668040769934964E+02
  4.8983469782269350E+02
  4.8975394554474400E+02
  4.8967208570260829E+02
  4.8958909728507973E+02
  4.8950495877631403E+02
  4.8941964814123622E+02
  4.8933314281044886E+02
  4.8924541966462675E+02
  4.8915645501839026E+02
  4.8906622460361683E+02
  4.8897470355218212E+02
  4.8888186637811356E+02
  4.8878768695911157E+02
  4.8869213851744007E+02
  4.8859519360014161E+02
  4.8849682405855606E+02
  4.8839700102712311E+02
  4.8829569490142711E+02
  4.8819287531545734E+02
  4.8808851111806280E+02
  4.8798257034855158E+02
  4.8787502021141324E+02
  4.8776582705011839E+02
  4.8765495631996754E+02
  4.8754237255994144E+02
  4.8742803936351379E+02
  4.8731191934838580E+02
  4.8719397412509318E+02
  4.8707416426443945E+02
  4.8695244926371009E+02
  4.8682878751160405E+02
  4.8670313625184355E+02
  4.8657545154539127E+02
  4.8644568823122279E+02
  4.8631379988559212E+02
  4.8617973877971440E+02
  4.8604345583581295E+02
  4.8590490058144377E+02
  4.8576402110202804E+02
  4.8562076399151465E+02
  4.8547507430108470E+02
  4.8532689548581470E+02
  4.8517616934920017E+02
  4.8502283598545125E+02
  4.8486683371945310E+02
  4.8470809904428211E+02
  4.8454656655618032E+02
  4.8438216888684690E+02
  4.8421483663294100E+02
  4.8404449828267030E+02
  4.8387108013929975E+02
  4.8369450624147413E+02
  4.8351469828017463E+02
  4.8333157551216505E+02
  4.8314505466975618E+02
  4.8295504986670903E+02
  4.8276147250009541E+02
  4.8256423114792437E+02
  4.8236323146231263E+02
  4.8215837605800630E+02
  4.8194956439600520E+02
  4.8173669266205462E+02
  4.8151965363976279E+02
  4.8129833657805710E+02
  4.8107262705270938E+02
  4.8084240682163903E+02
  4.8060755367365704E+02
  4.8036794127035256E+02
  4.8012343898073880E+02
  4.7987391170832313E+02
  4.7961921971018177E+02
  4.7935921840765684E+02
  4.7909375818821752E+02
  4.7882268419804683E+02
  4.7854583612486067E+02
  4.7826304797044764E+02
  4.7797414781240201E+02
  4.7767895755446176E+02
  4.7737729266486531E+02
  4.7706896190208346E+02
  4.7675376702725220E+02
  4.7643150250259703E+02
  4.7610195517510442E+02
  4.7576490394462502E+02
  4.7542011941559315E+02
  4.7506736353145669E+02
  4.7470638919088327E+02
  4.7433693984474309E+02
  4.7395874907283411E+02
  4.7357154013921320E+02
  4.7317502552497939E+02
  4.7276890643725920E+02
  4.7235287229307448E+02
  4.7192660017671466E+02
  4.7148975426913870E+02
  4.7104198524786051E+02
  4.7058292965567250E+02
  4.7011220923648358E+02
  4.6962943023644073E+02
  4.6913418266840824E+02
  4.6862603953775823E+02
  4.6810455602734021E+02
  4.6756926863935843E+02
  4.6701969429177387E+02
  4.6645532936671748E+02
  4.6587564870828379E+02
  4.6528010456691749E+02
  4.6466812548748680E+02
  4.6403911513798607E+02
  4.6339245107565927E+02
  4.6272748344720156E+02
  4.6204353361953531E+02
  4.6133989273752098E+02
  4.6061582020479432E+02
  4.5987054208380664E+02
  4.5910324941098941E+02
  4.5831309642282952E+02
  4.5749919868854215E+02
  4.5666063114492312E+02
  4.5579642602885838E+02
  4.5490557070294727E+02
  4.5398700536965890E+02
  4.5303962066944291E+02
  4.5206225515831915E+02
  4.5105369266056721E+02
  4.5001265949236353E+02
  4.4893782155248033E+02
  4.4782778127657951E+02
  4.4668107445214076E+02
  4.8983478957300053E+02
  4.8975403808392582E+02
  4.8967217904265283E+02
  4.8958919143822635E+02
  4.8950505375506322E+02
  4.8941974395835797E+02
  4.8933323947898515E+02
  4.8924551719790645E+02
  4.8915655343003016E+02
  4.8906632390753077E+02
  4.8897480376259415E+02
  4.8888196750956121E+02
  4.8878778902645706E+02
  4.8869224153587822E+02
  4.8859529758520978E+02
  4.8849692902614544E+02
  4.8839710699348768E+02
  4.8829580188319193E+02
  4.8819298332963359E+02
  4.8808862018205610E+02
  4.8798268048017559E+02
  4.8787513142889918E+02
  4.8776593937212823E+02
  4.8765506976561034E+02
  4.8754248714878111E+02
  4.8742815511558695E+02
  4.8731203628421480E+02
  4.8719409226570087E+02
  4.8707428363136603E+02
  4.8695256987902650E+02
  4.8682890939793049E+02
  4.8670325943236514E+02
  4.8657557604387915E+02
  4.8644581407204919E+02
  4.8631392709375024E+02
  4.8617986738083908E+02
  4.8604358585620287E+02
  4.8590503204808090E+02
  4.8576415404259905E+02
  4.8562089843443721E+02
  4.8547521027553159E+02
  4.8532703302173462E+02
  4.8517630847734802E+02
  4.8502297673741464E+02
  4.8486697612767875E+02
  4.8470824314211018E+02
  4.8454671237786812E+02
  4.8438231646760431E+02
  4.8421498600896774E+02
  4.8404464949118164E+02
  4.8387123321857047E+02
  4.8369466123087267E+02
  4.8351485522020283E+02
  4.8333173444450000E+02
  4.8314521563729005E+02
  4.8295521291359711E+02
  4.8276163767180066E+02
  4.8256439849126542E+02
  4.8236340102551685E+02
  4.8215854789076053E+02
  4.8194973854950973E+02
  4.8173686918908635E+02
  4.8151983259472968E+02
  4.8129851801706349E+02
  4.8107281103362465E+02
  4.8084259340416105E+02
  4.8060774291939123E+02
  4.8036813324288102E+02
  4.8012363374570594E+02
  4.7987410933351293E+02
  4.7961942026560905E+02
  4.7935942196565702E+02
  4.7909396482354208E+02
  4.7882289398796416E+02
  4.7854604914926034E+02
  4.7826326431195349E+02
  4.7797436755648488E+02
  4.7767918078956427E+02
  4.7737751948252878E+02
  4.7706919239708299E+02
  4.7675400129773567E+02
  4.7643174065024078E+02
  4.7610219730526023E+02
  4.7576515016649364E+02
  4.7542036984239411E+02
  4.7506761828061076E+02
  4.7470664838420595E+02
  4.7433720360864891E+02
  4.7395901753854787E+02
  4.7357181344299892E+02
  4.7317530380837758E+02
  4.7276918984733851E+02
  4.7235316098269743E+02
  4.7192689430481749E+02
  4.7149005400103101E+02
  4.7104229075553593E+02
  4.7058324111814238E+02
  4.7011252684012720E+02
  4.6962975417537911E+02
  4.6913451314489583E+02
  4.6862637676260044E+02
  4.6810490022033673E+02
  4.6756962002977156E+02
  4.6702005311882539E+02
  4.6645569588011716E+02
  4.6587602316878849E+02
  4.6528048724692883E+02
  4.6466851667168214E+02
  4.6403951512399021E+02
  4.6339286017476030E+02
  4.6272790198511166E+02
  4.6204396193720248E+02
  4.6134033119198727E+02
  4.6061626917011711E+02
  4.5987100195203755E+02
  4.5910372059321634E+02
  4.5831357935029195E+02
  4.5749969381381925E+02
  4.5666113894320057E+02
  4.5579694699928297E+02
  4.5490610537007598E+02
  4.5398755428500345E+02
  4.5304018441312326E+02
  4.5206283434083213E+02
  4.5105428792468234E+02
  4.5001327151514374E+02
  4.4893845104745361E+02
  4.4782842899605936E+02
  4.4668174118971763E+02
  4.8983488132236624E+02
  4.8975413062215659E+02
  4.8967227238173365E+02
  4.8958928559039759E+02
  4.8950514873282771E+02
  4.8941983977448245E+02
  4.8933333614651428E+02
  4.8924561473016615E+02
  4.8915665184063693E+02
  4.8906642321040187E+02
  4.8897490397195037E+02
  4.8888206863993952E+02
  4.8878789109271963E+02
  4.8869234455322027E+02
  4.8859540156916893E+02
  4.8849703399261216E+02
  4.8839721295871328E+02
  4.8829590886380481E+02
  4.8819309134264290E+02
  4.8808872924486843E+02
  4.8798279061060214E+02
  4.8787524264517066E+02
  4.8776605169291008E+02
  4.8765518321000701E+02
  4.8754260173635754E+02
  4.8742827086638096E+02
  4.8731215321874737E+02
  4.8719421040499503E+02
  4.8707440299696032E+02
  4.8695269049299185E+02
  4.8682903128288660E+02
  4.8670338261149800E+02
  4.8657570054095754E+02
  4.8644593991144501E+02
  4.8631405430045697E+02
  4.8617999598049261E+02
  4.8604371587510013E+02
  4.8590516351320144E+02
  4.8576428698163193E+02
  4.8562103287579851E+02
  4.8547534624839193E+02
  4.8532717055604354E+02
  4.8517644760385997E+02
  4.8502311748771638E+02
  4.8486711853421775E+02
  4.8470838723822260E+02
  4.8454685819781139E+02
  4.8438246404659105E+02
  4.8421513538319311E+02
  4.8404480069786189E+02
  4.8387138629598019E+02
  4.8369481621837866E+02
  4.8351501215830581E+02
  4.8333189337487528E+02
  4.8314537660283133E+02
  4.8295537595845695E+02
  4.8276180284144186E+02
  4.8256456583250548E+02
  4.8236357058658177E+02
  4.8215871972133476E+02
  4.8194991270079623E+02
  4.8173704571385730E+02
  4.8152001154739310E+02
  4.8129869945372258E+02
  4.8107299501214663E+02
  4.8084277998424466E+02
  4.8060793216263818E+02
  4.8036832521287380E+02
  4.8012382850808558E+02
  4.7987430695606253E+02
  4.7961962081834275E+02
  4.7935962552090763E+02
  4.7909417145605863E+02
  4.7882310377501386E+02
  4.7854626217073132E+02
  4.7826348065046631E+02
  4.7797458729750946E+02
  4.7767940402154096E+02
  4.7737774629699669E+02
  4.7706942288881294E+02
  4.7675423556487647E+02
  4.7643197879446234E+02
  4.7610243943191534E+02
  4.7576539638477851E+02
  4.7542062026552429E+02
  4.7506787302600469E+02
  4.7470690757367606E+02
  4.7433746736860581E+02
  4.7395928600021409E+02
  4.7357208674263353E+02
  4.7317558208751763E+02
  4.7276947325304741E+02
  4.7235344966783396E+02
  4.7192718842831459E+02
  4.7149035372819236E+02
  4.7104259625835033E+02
  4.7058355257561459E+02
  4.7011284443863320E+02
  4.6963007810903309E+02
  4.6913484361594573E+02
  4.6862671398184528E+02
  4.6810524440756996E+02
  4.6756997141424739E+02
  4.6702041193975811E+02
  4.6645606238720831E+02
  4.6587639762278718E+02
  4.6528086992022617E+02
  4.6466890784894599E+02
  4.6403991510283640E+02
  4.6339326926646646E+02
  4.6272832051537887E+02
  4.6204439024696512E+02
  4.6134076963827465E+02
  4.6061671812697256E+02
  4.5987146181149802E+02
  4.5910419176635577E+02
  4.5831406226833258E+02
  4.5750018892932303E+02
  4.5666164673133335E+02
  4.5579746795917254E+02
  4.5490664002625789E+02
  4.5398810318896619E+02
  4.5304074814496221E+02
  4.5206341351102043E+02
  4.5105488317595859E+02
  4.5001388352454222E+02
  4.4893908052846842E+02
  4.4782907670097188E+02
  4.4668240791208103E+02
  4.8983497307079045E+02
  4.8975422315943456E+02
  4.8967236571985228E+02
  4.8958937974159574E+02
  4.8950524370960551E+02
  4.8941993558961025E+02
  4.8933343281303462E+02
  4.8924571226140631E+02
  4.8915675025021210E+02
  4.8906652251222789E+02
  4.8897500418024941E+02
  4.8888216976924787E+02
  4.8878799315789945E+02
  4.8869244756946580E+02
  4.8859550555201781E+02
  4.8849713895795401E+02
  4.8839731892280173E+02
  4.8829601584326491E+02
  4.8819319935448493E+02
  4.8808883830649785E+02
  4.8798290073983094E+02
  4.8787535386023075E+02
  4.8776616401246190E+02
  4.8765529665315870E+02
  4.8754271632267466E+02
  4.8742838661589576E+02
  4.8731227015198317E+02
  4.8719432854297497E+02
  4.8707452236122157E+02
  4.8695281110560586E+02
  4.8682915316647251E+02
  4.8670350578924138E+02
  4.8657582503662667E+02
  4.8644606574941116E+02
  4.8631418150571346E+02
  4.8618012457867468E+02
  4.8604384589250310E+02
  4.8590529497680637E+02
  4.8576441991912606E+02
  4.8562116731559752E+02
  4.8547548221966593E+02
  4.8532730808874123E+02
  4.8517658672873591E+02
  4.8502325823635630E+02
  4.8486726093906759E+02
  4.8470853133261932E+02
  4.8454700401601366E+02
  4.8438261162380633E+02
  4.8421528475561712E+02
  4.8404495190271285E+02
  4.8387153937152840E+02
  4.8369497120399137E+02
  4.8351516909448378E+02
  4.8333205230329258E+02
  4.8314553756637912E+02
  4.8295553900128880E+02
  4.8276196800901823E+02
  4.8256473317164421E+02
  4.8236374014550739E+02
  4.8215889154973183E+02
  4.8195008684986288E+02
  4.8173722223636776E+02
  4.8152019049775333E+02
  4.8129888088803534E+02
  4.8107317898827671E+02
  4.8084296656188877E+02
  4.8060812140339789E+02
  4.8036851718033006E+02
  4.8012402326787736E+02
  4.7987450457597282E+02
  4.7961982136838151E+02
  4.7935982907340758E+02
  4.7909437808576837E+02
  4.7882331355919609E+02
  4.7854647518927288E+02
  4.7826369698598711E+02
  4.7797480703547672E+02
  4.7767962725039229E+02
  4.7737797310826869E+02
  4.7706965337727536E+02
  4.7675446982867476E+02
  4.7643221693526368E+02
  4.7610268155506861E+02
  4.7576564259947787E+02
  4.7542087068498432E+02
  4.7506812776763928E+02
  4.7470716675929339E+02
  4.7433773112461427E+02
  4.7395955445783153E+02
  4.7357236003811704E+02
  4.7317586036239931E+02
  4.7276975665438755E+02
  4.7235373834848622E+02
  4.7192748254720590E+02
  4.7149065345062223E+02
  4.7104290175630285E+02
  4.7058386402809100E+02
  4.7011316203200158E+02
  4.6963040203740269E+02
  4.6913517408155781E+02
  4.6862705119549389E+02
  4.6810558858903988E+02
  4.6757032279278599E+02
  4.6702077075457157E+02
  4.6645642888799023E+02
  4.6587677207027889E+02
  4.6528125258681058E+02
  4.6466929901928040E+02
  4.6404031507452504E+02
  4.6339367835077724E+02
  4.6272873903800149E+02
  4.6204481854882158E+02
  4.6134120807638146E+02
  4.6061716707536112E+02
  4.5987192166218944E+02
  4.5910466293040730E+02
  4.5831454517695209E+02
  4.5750068403505247E+02
  4.5666215450932231E+02
  4.5579798890852862E+02
  4.5490717467149386E+02
  4.5398865208154734E+02
  4.5304131186496210E+02
  4.5206399266888280E+02
  4.5105547841439636E+02
  4.5001449552055868E+02
  4.4893970999552806E+02
  4.4782972439131970E+02
  4.4668307461923263E+02
  4.8983506481827277E+02
  4.8975431569576040E+02
  4.8967245905700679E+02
  4.8958947389182055E+02
  4.8950533868539947E+02
  4.8942003140374050E+02
  4.8933352947854701E+02
  4.8924580979162482E+02
  4.8915684865875551E+02
  4.8906662181300919E+02
  4.8897510438749038E+02
  4.8888227089748750E+02
  4.8878809522199657E+02
  4.8869255058461528E+02
  4.8859560953375643E+02
  4.8849724392217291E+02
  4.8839742488575342E+02
  4.8829612282157296E+02
  4.8819330736516088E+02
  4.8808894736694572E+02
  4.8798301086786273E+02
  4.8787546507407751E+02
  4.8776627633078607E+02
  4.8765541009506495E+02
  4.8754283090772742E+02
  4.8742850236413159E+02
  4.8731238708392368E+02
  4.8719444667964046E+02
  4.8707464172415092E+02
  4.8695293171686905E+02
  4.8682927504868820E+02
  4.8670362896559425E+02
  4.8657594953088659E+02
  4.8644619158594821E+02
  4.8631430870951965E+02
  4.8618025317538371E+02
  4.8604397590841228E+02
  4.8590542643889557E+02
  4.8576455285508086E+02
  4.8562130175383504E+02
  4.8547561818935372E+02
  4.8532744561982912E+02
  4.8517672585197636E+02
  4.8502339898333423E+02
  4.8486740334222986E+02
  4.8470867542530124E+02
  4.8454714983247197E+02
  4.8438275919925002E+02
  4.8421543412624129E+02
  4.8404510310573244E+02
  4.8387169244521505E+02
  4.8369512618771165E+02
  4.8351532602873630E+02
  4.8333221122975175E+02
  4.8314569852793460E+02
  4.8295570204209309E+02
  4.8276213317453102E+02
  4.8256490050868246E+02
  4.8236390970229371E+02
  4.8215906337595032E+02
  4.8195026099671202E+02
  4.8173739875661835E+02
  4.8152036944581062E+02
  4.8129906232000133E+02
  4.8107336296201407E+02
  4.8084315313709470E+02
  4.8060831064167087E+02
  4.8036870914524962E+02
  4.8012421802508197E+02
  4.7987470219324240E+02
  4.7962002191572731E+02
  4.7936003262315808E+02
  4.7909458471266913E+02
  4.7882352334051092E+02
  4.7854668820488638E+02
  4.7826391331851556E+02
  4.7797502677038619E+02
  4.7767985047611751E+02
  4.7737819991634433E+02
  4.7706988386246962E+02
  4.7675470408912889E+02
  4.7643245507264373E+02
  4.7610292367472084E+02
  4.7576588881059445E+02
  4.7542112110077318E+02
  4.7506838250551357E+02
  4.7470742594106014E+02
  4.7433799487667432E+02
  4.7395982291140189E+02
  4.7357263332944939E+02
  4.7317613863302290E+02
  4.7277004005135814E+02
  4.7235402702465149E+02
  4.7192777666149112E+02
  4.7149095316832131E+02
  4.7104320724939470E+02
  4.7058417547557139E+02
  4.7011347962023257E+02
  4.6963072596048795E+02
  4.6913550454173298E+02
  4.6862738840354444E+02
  4.6810593276474538E+02
  4.6757067416538717E+02
  4.6702112956326704E+02
  4.6645679538246480E+02
  4.6587714651126436E+02
  4.6528163524668139E+02
  4.6466969018268452E+02
  4.6404071503905715E+02
  4.6339408742769365E+02
  4.6272915755298044E+02
  4.6204524684277266E+02
  4.6134164650630993E+02
  4.6061761601528252E+02
  4.5987238150411110E+02
  4.5910513408537264E+02
  4.5831502807614964E+02
  4.5750117913100911E+02
  4.5666266227716784E+02
  4.5579850984734952E+02
  4.5490770930578384E+02
  4.5398920096274884E+02
  4.5304187557312139E+02
  4.5206457181442153E+02
  4.5105607363999746E+02
  4.5001510750319551E+02
  4.4894033944863133E+02
  4.4783037206710117E+02
  4.4668374131117145E+02
  4.8983515656481347E+02
  4.8975440823113422E+02
  4.8967255239319996E+02
  4.8958956804107009E+02
  4.8950543366020736E+02
  4.8942012721687530E+02
  4.8933362614305099E+02
  4.8924590732082447E+02
  4.8915694706626647E+02
  4.8906672111274600E+02
  4.8897520459367519E+02
  4.8888237202465581E+02
  4.8878819728501060E+02
  4.8869265359866785E+02
  4.8859571351438598E+02
  4.8849734888526717E+02
  4.8839753084756541E+02
  4.8829622979872937E+02
  4.8819341537466994E+02
  4.8808905642621141E+02
  4.8798312099469763E+02
  4.8787557628671107E+02
  4.8776638864788021E+02
  4.8765552353572633E+02
  4.8754294549151939E+02
  4.8742861811108952E+02
  4.8731250401456708E+02
  4.8719456481499179E+02
  4.8707476108574792E+02
  4.8695305232678152E+02
  4.8682939692953408E+02
  4.8670375214055821E+02
  4.8657607402373651E+02
  4.8644631742105520E+02
  4.8631443591187582E+02
  4.8618038177062198E+02
  4.8604410592282807E+02
  4.8590555789946904E+02
  4.8576468578949749E+02
  4.8562143619050994E+02
  4.8547575415745609E+02
  4.8532758314930572E+02
  4.8517686497358068E+02
  4.8502353972865143E+02
  4.8486754574370457E+02
  4.8470881951626853E+02
  4.8454729564718804E+02
  4.8438290677292321E+02
  4.8421558349506478E+02
  4.8404525430692087E+02
  4.8387184551704013E+02
  4.8369528116953921E+02
  4.8351548296106421E+02
  4.8333237015425158E+02
  4.8314585948749800E+02
  4.8295586508086950E+02
  4.8276229833798010E+02
  4.8256506784361926E+02
  4.8236407925694095E+02
  4.8215923519999018E+02
  4.8195043514134181E+02
  4.8173757527460884E+02
  4.8152054839156500E+02
  4.8129924374961945E+02
  4.8107354693336015E+02
  4.8084333970986154E+02
  4.8060849987745712E+02
  4.8036890110763284E+02
  4.8012441277969918E+02
  4.7987489980787342E+02
  4.7962022246037822E+02
  4.7936023617015758E+02
  4.7909479133676297E+02
  4.7882373311895930E+02
  4.7854690121757119E+02
  4.7826412964805195E+02
  4.7797524650223642E+02
  4.7768007369871737E+02
  4.7737842672122440E+02
  4.7707011434439545E+02
  4.7675493834623944E+02
  4.7643269320660272E+02
  4.7610316579087254E+02
  4.7576613501812540E+02
  4.7542137151289188E+02
  4.7506863723962834E+02
  4.7470768511897330E+02
  4.7433825862478676E+02
  4.7396009136092442E+02
  4.7357290661663063E+02
  4.7317641689938733E+02
  4.7277032344395815E+02
  4.7235431569633232E+02
  4.7192807077117095E+02
  4.7149125288129011E+02
  4.7104351273762603E+02
  4.7058448691805484E+02
  4.7011379720332729E+02
  4.6963104987828882E+02
  4.6913583499647166E+02
  4.6862772560599910E+02
  4.6810627693468882E+02
  4.6757102553205186E+02
  4.6702148836584360E+02
  4.6645716187063181E+02
  4.6587752094574410E+02
  4.6528201789983899E+02
  4.6467008133915829E+02
  4.6404111499643261E+02
  4.6339449649721558E+02
  4.6272957606031514E+02
  4.6204567512881908E+02
  4.6134208492805925E+02
  4.6061806494673687E+02
  4.5987284133726416E+02
  4.5910560523125014E+02
  4.5831551096592653E+02
  4.5750167421719351E+02
  4.5666317003486955E+02
  4.5579903077563779E+02
  4.5490824392912771E+02
  4.5398974983257028E+02
  4.5304243926944218E+02
  4.5206515094763535E+02
  4.5105666885276122E+02
  4.5001571947245196E+02
  4.4894096888778051E+02
  4.4783101972831844E+02
  4.4668440798789834E+02
  4.8983524831041200E+02
  4.8975450076555592E+02
  4.8967264572842834E+02
  4.8958966218934688E+02
  4.8950552863403090E+02
  4.8942022302901370E+02
  4.8933372280654652E+02
  4.8924600484900316E+02
  4.8915704547274430E+02
  4.8906682041143881E+02
  4.8897530479880260E+02
  4.8888247315075449E+02
  4.8878829934694159E+02
  4.8869275661162578E+02
  4.8859581749390600E+02
  4.8849745384723934E+02
  4.8839763680824115E+02
  4.8829633677473345E+02
  4.8819352338301167E+02
  4.8808916548429534E+02
  4.8798323112033535E+02
  4.8787568749813170E+02
  4.8776650096374561E+02
  4.8765563697514244E+02
  4.8754306007404955E+02
  4.8742873385676768E+02
  4.8731262094391406E+02
  4.8719468294902919E+02
  4.8707488044601240E+02
  4.8695317293534276E+02
  4.8682951880901010E+02
  4.8670387531413360E+02
  4.8657619851517734E+02
  4.8644644325473257E+02
  4.8631456311278134E+02
  4.8618051036438840E+02
  4.8604423593575046E+02
  4.8590568935852616E+02
  4.8576481872237486E+02
  4.8562157062562261E+02
  4.8547589012397231E+02
  4.8532772067717201E+02
  4.8517700409354944E+02
  4.8502368047230641E+02
  4.8486768814349074E+02
  4.8470896360552069E+02
  4.8454744146016043E+02
  4.8438305434482356E+02
  4.8421573286208832E+02
  4.8404540550627985E+02
  4.8387199858700484E+02
  4.8369543614947298E+02
  4.8351563989146604E+02
  4.8333252907679355E+02
  4.8314602044506762E+02
  4.8295602811761796E+02
  4.8276246349936497E+02
  4.8256523517645519E+02
  4.8236424880944872E+02
  4.8215940702185156E+02
  4.8195060928375278E+02
  4.8173775179033919E+02
  4.8152072733501643E+02
  4.8129942517689176E+02
  4.8107373090231351E+02
  4.8084352628018945E+02
  4.8060868911075653E+02
  4.8036909306747998E+02
  4.8012460753172974E+02
  4.7987509741986366E+02
  4.7962042300233514E+02
  4.7936043971440870E+02
  4.7909499795804936E+02
  4.7882394289454004E+02
  4.7854711422732726E+02
  4.7826434597459644E+02
  4.7797546623103011E+02
  4.7768029691819140E+02
  4.7737865352290919E+02
  4.7707034482305289E+02
  4.7675517260000748E+02
  4.7643293133714201E+02
  4.7610340790352268E+02
  4.7576638122207311E+02
  4.7542162192134083E+02
  4.7506889196998338E+02
  4.7470794429303481E+02
  4.7433852236895098E+02
  4.7396035980639931E+02
  4.7357317989966157E+02
  4.7317669516149465E+02
  4.7277060683218895E+02
  4.7235460436352798E+02
  4.7192836487624612E+02
  4.7149155258952817E+02
  4.7104381822099629E+02
  4.7058479835554294E+02
  4.7011411478128400E+02
  4.6963137379080661E+02
  4.6913616544577161E+02
  4.6862806280285753E+02
  4.6810662109886846E+02
  4.6757137689277920E+02
  4.6702184716230272E+02
  4.6645752835249033E+02
  4.6587789537371782E+02
  4.6528240054628299E+02
  4.6467047248870273E+02
  4.6404151494665115E+02
  4.6339490555934225E+02
  4.6272999456000707E+02
  4.6204610340696144E+02
  4.6134252334162949E+02
  4.6061851386972501E+02
  4.5987330116164776E+02
  4.5910607636804150E+02
  4.5831599384628265E+02
  4.5750216929360454E+02
  4.5666367778242852E+02
  4.5579955169339212E+02
  4.5490877854152745E+02
  4.5399029869101093E+02
  4.5304300295392517E+02
  4.5206573006852625E+02
  4.5105726405268808E+02
  4.5001633142832935E+02
  4.4894159831297429E+02
  4.4783166737497106E+02
  4.4668507464941416E+02
  4.8983534005506988E+02
  4.8975459329902469E+02
  4.8967273906269463E+02
  4.8958975633664789E+02
  4.8950562360686831E+02
  4.8942031884015472E+02
  4.8933381946903444E+02
  4.8924610237616275E+02
  4.8915714387819071E+02
  4.8906691970908713E+02
  4.8897540500287346E+02
  4.8888257427578418E+02
  4.8878840140778959E+02
  4.8869285962348647E+02
  4.8859592147231609E+02
  4.8849755880808704E+02
  4.8839774276777808E+02
  4.8829644374958536E+02
  4.8819363139018679E+02
  4.8808927454119760E+02
  4.8798334124477566E+02
  4.8787579870834020E+02
  4.8776661327838303E+02
  4.8765575041331397E+02
  4.8754317465531716E+02
  4.8742884960116686E+02
  4.8731273787196511E+02
  4.8719480108175202E+02
  4.8707499980494492E+02
  4.8695329354255296E+02
  4.8682964068711675E+02
  4.8670399848631854E+02
  4.8657632300521016E+02
  4.8644656908698067E+02
  4.8631469031223611E+02
  4.8618063895668314E+02
  4.8604436594717941E+02
  4.8590582081606800E+02
  4.8576495165371398E+02
  4.8562170505917311E+02
  4.8547602608890190E+02
  4.8532785820342787E+02
  4.8517714321188242E+02
  4.8502382121430031E+02
  4.8486783054158963E+02
  4.8470910769305851E+02
  4.8454758727139074E+02
  4.8438320191495416E+02
  4.8421588222731106E+02
  4.8404555670380813E+02
  4.8387215165510815E+02
  4.8369559112751489E+02
  4.8351579681994326E+02
  4.8333268799737709E+02
  4.8314618140064476E+02
  4.8295619115233870E+02
  4.8276262865868665E+02
  4.8256540250719013E+02
  4.8236441835981753E+02
  4.8215957884153431E+02
  4.8195078342394572E+02
  4.8173792830380921E+02
  4.8152090627616508E+02
  4.8129960660181666E+02
  4.8107391486887514E+02
  4.8084371284807924E+02
  4.8060887834156927E+02
  4.8036928502479134E+02
  4.8012480228117278E+02
  4.7987529502921461E+02
  4.7962062354159877E+02
  4.7936064325590900E+02
  4.7909520457652786E+02
  4.7882415266725360E+02
  4.7854732723415492E+02
  4.7826456229814841E+02
  4.7797568595676637E+02
  4.7768052013453968E+02
  4.7737888032139813E+02
  4.7707057529844292E+02
  4.7675540685043256E+02
  4.7643316946426000E+02
  4.7610365001267229E+02
  4.7576662742243622E+02
  4.7542187232611928E+02
  4.7506914669657897E+02
  4.7470820346324393E+02
  4.7433878610916747E+02
  4.7396062824782643E+02
  4.7357345317854174E+02
  4.7317697341934337E+02
  4.7277089021605082E+02
  4.7235489302623932E+02
  4.7192865897671538E+02
  4.7149185229303635E+02
  4.7104412369950603E+02
  4.7058510978803525E+02
  4.7011443235410457E+02
  4.6963169769804000E+02
  4.6913649588963631E+02
  4.6862839999411898E+02
  4.6810696525728548E+02
  4.6757172824757015E+02
  4.6702220595264362E+02
  4.6645789482804156E+02
  4.6587826979518564E+02
  4.6528278318601497E+02
  4.6467086363131767E+02
  4.6404191488971270E+02
  4.6339531461407529E+02
  4.6273041305205550E+02
  4.6204653167719874E+02
  4.6134296174702206E+02
  4.6061896278424661E+02
  4.5987376097726383E+02
  4.5910654749574707E+02
  4.5831647671721868E+02
  4.5750266436024390E+02
  4.5666418551984549E+02
  4.5580007260061359E+02
  4.5490931314298166E+02
  4.5399084753807392E+02
  4.5304356662656932E+02
  4.5206630917709356E+02
  4.5105785923977925E+02
  4.5001694337082756E+02
  4.4894222772421500E+02
  4.4783231500706091E+02
  4.4668574129572050E+02
  4.8983543179878546E+02
  4.8975468583154168E+02
  4.8967283239599766E+02
  4.8958985048297649E+02
  4.8950571857872092E+02
  4.8942041465029928E+02
  4.8933391613051356E+02
  4.8924619990230156E+02
  4.8915724228260564E+02
  4.8906701900569055E+02
  4.8897550520588692E+02
  4.8888267539974385E+02
  4.8878850346755524E+02
  4.8869296263425150E+02
  4.8859602544961587E+02
  4.8849766376781173E+02
  4.8839784872617838E+02
  4.8829655072328467E+02
  4.8819373939619487E+02
  4.8808938359691723E+02
  4.8798345136801800E+02
  4.8787590991733504E+02
  4.8776672559179059E+02
  4.8765586385024011E+02
  4.8754328923532358E+02
  4.8742896534428752E+02
  4.8731285479871985E+02
  4.8719491921316148E+02
  4.8707511916254492E+02
  4.8695341414841261E+02
  4.8682976256385302E+02
  4.8670412165711514E+02
  4.8657644749383257E+02
  4.8644669491779973E+02
  4.8631481751024063E+02
  4.8618076754750535E+02
  4.8604449595711435E+02
  4.8590595227209360E+02
  4.8576508458351475E+02
  4.8562183949116150E+02
  4.8547616205224591E+02
  4.8532799572807340E+02
  4.8517728232858008E+02
  4.8502396195463240E+02
  4.8486797293800021E+02
  4.8470925177888023E+02
  4.8454773308087880E+02
  4.8438334948331317E+02
  4.8421603159073425E+02
  4.8404570789950617E+02
  4.8387230472135082E+02
  4.8369574610366385E+02
  4.8351595374649503E+02
  4.8333284691600193E+02
  4.8314634235423063E+02
  4.8295635418503218E+02
  4.8276279381594384E+02
  4.8256556983582419E+02
  4.8236458790804721E+02
  4.8215975065903910E+02
  4.8195095756191904E+02
  4.8173810481501874E+02
  4.8152108521501123E+02
  4.8129978802439513E+02
  4.8107409883304462E+02
  4.8084389941353021E+02
  4.8060906756989579E+02
  4.8036947697956629E+02
  4.8012499702802910E+02
  4.7987549263592609E+02
  4.7962082407816808E+02
  4.7936084679465966E+02
  4.7909541119219881E+02
  4.7882436243710038E+02
  4.7854754023805373E+02
  4.7826477861870831E+02
  4.7797590567944451E+02
  4.7768074334776310E+02
  4.7737910711669122E+02
  4.7707080577056365E+02
  4.7675564109751446E+02
  4.7643340758795728E+02
  4.7610389211832029E+02
  4.7576687361921574E+02
  4.7542212272722719E+02
  4.7506940141941561E+02
  4.7470846262960129E+02
  4.7433904984543608E+02
  4.7396089668520614E+02
  4.7357372645327069E+02
  4.7317725167293480E+02
  4.7277117359554313E+02
  4.7235518168446430E+02
  4.7192895307257902E+02
  4.7149215199181390E+02
  4.7104442917315612E+02
  4.7058542121553131E+02
  4.7011474992178779E+02
  4.6963202159998957E+02
  4.6913682632806382E+02
  4.6862873717978391E+02
  4.6810730940993943E+02
  4.6757207959642489E+02
  4.6702256473686600E+02
  4.6645826129728550E+02
  4.6587864421014871E+02
  4.6528316581903408E+02
  4.6467125476700312E+02
  4.6404231482561863E+02
  4.6339572366141488E+02
  4.6273083153646098E+02
  4.6204695993953248E+02
  4.6134340014423532E+02
  4.6061941169030297E+02
  4.5987422078411117E+02
  4.5910701861436661E+02
  4.5831695957873404E+02
  4.5750315941711204E+02
  4.5666469324712000E+02
  4.5580059349730254E+02
  4.5490984773349248E+02
  4.5399139637375782E+02
  4.5304413028737571E+02
  4.5206688827333909E+02
  4.5105845441403466E+02
  4.5001755529994767E+02
  4.4894285712150150E+02
  4.4783296262458765E+02
  4.4668640792681703E+02
  4.8983552354155950E+02
  4.8975477836310694E+02
  4.8967292572833776E+02
  4.8958994462833067E+02
  4.8950581354958882E+02
  4.8942051045944754E+02
  4.8933401279098518E+02
  4.8924629742742030E+02
  4.8915734068598812E+02
  4.8906711830125005E+02
  4.8897560540784372E+02
  4.8888277652263349E+02
  4.8878860552623763E+02
  4.8869306564392008E+02
  4.8859612942580645E+02
  4.8849776872641240E+02
  4.8839795468344113E+02
  4.8829665769583266E+02
  4.8819384740103629E+02
  4.8808949265145617E+02
  4.8798356149006429E+02
  4.8787602112511757E+02
  4.8776683790397061E+02
  4.8765597728592064E+02
  4.8754340381406752E+02
  4.8742908108612914E+02
  4.8731297172417788E+02
  4.8719503734325605E+02
  4.8707523851881285E+02
  4.8695353475292137E+02
  4.8682988443921937E+02
  4.8670424482652180E+02
  4.8657657198104619E+02
  4.8644682074718816E+02
  4.8631494470679485E+02
  4.8618089613685697E+02
  4.8604462596555680E+02
  4.8590608372660364E+02
  4.8576521751177614E+02
  4.8562197392158828E+02
  4.8547629801400382E+02
  4.8532813325110749E+02
  4.8517742144364149E+02
  4.8502410269330358E+02
  4.8486811533272311E+02
  4.8470939586298800E+02
  4.8454787888862364E+02
  4.8438349704990156E+02
  4.8421618095235522E+02
  4.8404585909337408E+02
  4.8387245778573100E+02
  4.8369590107792084E+02
  4.8351611067112162E+02
  4.8333300583266816E+02
  4.8314650330582242E+02
  4.8295651721569709E+02
  4.8276295897113812E+02
  4.8256573716235732E+02
  4.8236475745413867E+02
  4.8215992247436589E+02
  4.8195113169767421E+02
  4.8173828132396852E+02
  4.8152126415155448E+02
  4.8129996944462647E+02
  4.8107428279482161E+02
  4.8084408597654266E+02
  4.8060925679573529E+02
  4.8036966893180539E+02
  4.8012519177229819E+02
  4.7987569023999754E+02
  4.7962102461204398E+02
  4.7936105033066048E+02
  4.7909561780506255E+02
  4.7882457220407969E+02
  4.7854775323902425E+02
  4.7826499493627625E+02
  4.7797612539906447E+02
  4.7768096655786121E+02
  4.7737933390878936E+02
  4.7707103623941782E+02
  4.7675587534125356E+02
  4.7643364570823479E+02
  4.7610413422046815E+02
  4.7576711981241078E+02
  4.7542237312466528E+02
  4.7506965613849326E+02
  4.7470872179210767E+02
  4.7433931357775657E+02
  4.7396116511853927E+02
  4.7357399972384957E+02
  4.7317752992226843E+02
  4.7277145697066641E+02
  4.7235547033820518E+02
  4.7192924716383811E+02
  4.7149245168586094E+02
  4.7104473464194638E+02
  4.7058573263803180E+02
  4.7011506748433447E+02
  4.6963234549665640E+02
  4.6913715676105477E+02
  4.6862907435985346E+02
  4.6810765355683191E+02
  4.6757243093934318E+02
  4.6702292351497130E+02
  4.6645862776022227E+02
  4.6587901861860666E+02
  4.6528354844534124E+02
  4.6467164589575901E+02
  4.6404271475436860E+02
  4.6339613270136022E+02
  4.6273125001322421E+02
  4.6204738819396164E+02
  4.6134383853327154E+02
  4.6061986058789279E+02
  4.5987468058219139E+02
  4.5910748972390053E+02
  4.5831744243083028E+02
  4.5750365446420795E+02
  4.5666520096425279E+02
  4.5580111438345898E+02
  4.5491038231305811E+02
  4.5399194519806247E+02
  4.5304469393634542E+02
  4.5206746735726233E+02
  4.5105904957545573E+02
  4.5001816721568912E+02
  4.4894348650483511E+02
  4.4783361022755184E+02
  4.4668707454270441E+02
  4.8983561528339214E+02
  4.8975487089371910E+02
  4.8967301905971522E+02
  4.8959003877271067E+02
  4.8950590851947084E+02
  4.8942060626759923E+02
  4.8933410945044750E+02
  4.8924639495151945E+02
  4.8915743908833758E+02
  4.8906721759576430E+02
  4.8897570560874362E+02
  4.8888287764445334E+02
  4.8878870758383789E+02
  4.8869316865249277E+02
  4.8859623340088808E+02
  4.8849787368388979E+02
  4.8839806063956496E+02
  4.8829676466722827E+02
  4.8819395540471095E+02
  4.8808960170481350E+02
  4.8798367161091312E+02
  4.8787613233168742E+02
  4.8776695021492060E+02
  4.8765609072035613E+02
  4.8754351839155072E+02
  4.8742919682669213E+02
  4.8731308864833983E+02
  4.8719515547203730E+02
  4.8707535787374809E+02
  4.8695365535607851E+02
  4.8683000631321596E+02
  4.8670436799453950E+02
  4.8657669646685008E+02
  4.8644694657514759E+02
  4.8631507190189961E+02
  4.8618102472473646E+02
  4.8604475597250553E+02
  4.8590621517959846E+02
  4.8576535043850043E+02
  4.8562210835045289E+02
  4.8547643397417596E+02
  4.8532827077253239E+02
  4.8517756055706701E+02
  4.8502424343031316E+02
  4.8486825772575838E+02
  4.8470953994538047E+02
  4.8454802469462561E+02
  4.8438364461471815E+02
  4.8421633031217715E+02
  4.8404601028541106E+02
  4.8387261084825127E+02
  4.8369605605028426E+02
  4.8351626759382327E+02
  4.8333316474737626E+02
  4.8314666425542271E+02
  4.8295668024433508E+02
  4.8276312412426836E+02
  4.8256590448679009E+02
  4.8236492699809082E+02
  4.8216009428751454E+02
  4.8195130583121198E+02
  4.8173845783065872E+02
  4.8152144308579443E+02
  4.8130015086251154E+02
  4.8107446675420721E+02
  4.8084427253711596E+02
  4.8060944601908875E+02
  4.8036986088150826E+02
  4.8012538651398000E+02
  4.7987588784143020E+02
  4.7962122514322562E+02
  4.7936125386391205E+02
  4.7909582441511884E+02
  4.7882478196819272E+02
  4.7854796623706642E+02
  4.7826521125085259E+02
  4.7797634511562785E+02
  4.7768118976483379E+02
  4.7737956069769183E+02
  4.7707126670500304E+02
  4.7675610958164981E+02
  4.7643388382509164E+02
  4.7610437631911594E+02
  4.7576736600202281E+02
  4.7542262351843362E+02
  4.7506991085381082E+02
  4.7470898095076154E+02
  4.7433957730612968E+02
  4.7396143354782572E+02
  4.7357427299027836E+02
  4.7317780816734404E+02
  4.7277174034142132E+02
  4.7235575898746191E+02
  4.7192954125049215E+02
  4.7149275137517861E+02
  4.7104504010587544E+02
  4.7058604405553666E+02
  4.7011538504174558E+02
  4.6963266938803923E+02
  4.6913748718860938E+02
  4.6862941153432649E+02
  4.6810799769796120E+02
  4.6757278227632520E+02
  4.6702328228695927E+02
  4.6645899421685209E+02
  4.6587939302055918E+02
  4.6528393106493570E+02
  4.6467203701758660E+02
  4.6404311467596261E+02
  4.6339654173391341E+02
  4.6273166848234490E+02
  4.6204781644048819E+02
  4.6134427691413026E+02
  4.6062030947701879E+02
  4.5987514037150356E+02
  4.5910796082434928E+02
  4.5831792527350677E+02
  4.5750414950153345E+02
  4.5666570867124415E+02
  4.5580163525908426E+02
  4.5491091688168137E+02
  4.5399249401098962E+02
  4.5304525757347756E+02
  4.5206804642886300E+02
  4.5105964472404213E+02
  4.5001877911805508E+02
  4.4894411587421723E+02
  4.4783425781595429E+02
  4.4668774114338436E+02
  4.8983570702428347E+02
  4.8975496342337937E+02
  4.8967311239012940E+02
  4.8959013291611717E+02
  4.8950600348836826E+02
  4.8942070207475427E+02
  4.8933420610890278E+02
  4.8924649247459905E+02
  4.8915753748965642E+02
  4.8906731688923463E+02
  4.8897580580858562E+02
  4.8888297876520392E+02
  4.8878880964035540E+02
  4.8869327165996907E+02
  4.8859633737485905E+02
  4.8849797864024379E+02
  4.8839816659455204E+02
  4.8829687163747178E+02
  4.8819406340721855E+02
  4.8808971075698878E+02
  4.8798378173056471E+02
  4.8787624353704388E+02
  4.8776706252464243E+02
  4.8765620415354658E+02
  4.8754363296777137E+02
  4.8742931256597581E+02
  4.8731320557120574E+02
  4.8719527359950416E+02
  4.8707547722735131E+02
  4.8695377595788625E+02
  4.8683012818584268E+02
  4.8670449116116754E+02
  4.8657682095124534E+02
  4.8644707240167764E+02
  4.8631519909555271E+02
  4.8618115331114524E+02
  4.8604488597796001E+02
  4.8590634663107676E+02
  4.8576548336368450E+02
  4.8562224277775613E+02
  4.8547656993276252E+02
  4.8532840829234669E+02
  4.8517769966885766E+02
  4.8502438416566179E+02
  4.8486840011710592E+02
  4.8470968402605865E+02
  4.8454817049888527E+02
  4.8438379217776418E+02
  4.8421647967019857E+02
  4.8404616147561808E+02
  4.8387276390891060E+02
  4.8369621102075507E+02
  4.8351642451460054E+02
  4.8333332366012633E+02
  4.8314682520302966E+02
  4.8295684327094540E+02
  4.8276328927533456E+02
  4.8256607180912175E+02
  4.8236509653990390E+02
  4.8216026609848490E+02
  4.8195147996253093E+02
  4.8173863433508791E+02
  4.8152162201773251E+02
  4.8130033227804972E+02
  4.8107465071120197E+02
  4.8084445909525135E+02
  4.8060963523995554E+02
  4.8037005282867574E+02
  4.8012558125307538E+02
  4.7987608544022294E+02
  4.7962142567171446E+02
  4.7936145739441395E+02
  4.7909603102236758E+02
  4.7882499172943835E+02
  4.7854817923218053E+02
  4.7826542756243651E+02
  4.7797656482913357E+02
  4.7768141296868100E+02
  4.7737978748339924E+02
  4.7707149716732158E+02
  4.7675634381870276E+02
  4.7643412193852811E+02
  4.7610461841426189E+02
  4.7576761218805069E+02
  4.7542287390853215E+02
  4.7507016556536934E+02
  4.7470924010556445E+02
  4.7433984103055553E+02
  4.7396170197306401E+02
  4.7357454625255639E+02
  4.7317808640816247E+02
  4.7277202370780623E+02
  4.7235604763223341E+02
  4.7192983533254130E+02
  4.7149305105976578E+02
  4.7104534556494514E+02
  4.7058635546804686E+02
  4.7011570259401941E+02
  4.6963299327413989E+02
  4.6913781761072772E+02
  4.6862974870320420E+02
  4.6810834183332872E+02
  4.6757313360737118E+02
  4.6702364105282948E+02
  4.6645936066717519E+02
  4.6587976741600676E+02
  4.6528431367781855E+02
  4.6467242813248572E+02
  4.6404351459040157E+02
  4.6339695075907264E+02
  4.6273208694382299E+02
  4.6204824467911061E+02
  4.6134471528681127E+02
  4.6062075835767871E+02
  4.5987560015204832E+02
  4.5910843191571360E+02
  4.5831840810676459E+02
  4.5750464452908795E+02
  4.5666621636809396E+02
  4.5580215612417771E+02
  4.5491145143936114E+02
  4.5399304281253944E+02
  4.5304582119877523E+02
  4.5206862548814303E+02
  4.5106023985979488E+02
  4.5001939100704288E+02
  4.4894474522964816E+02
  4.4783490538979629E+02
  4.4668840772885585E+02
  4.8983579876423335E+02
  4.8975505595208836E+02
  4.8967320571958066E+02
  4.8959022705854915E+02
  4.8950609845628088E+02
  4.8942079788091320E+02
  4.8933430276634891E+02
  4.8924658999665832E+02
  4.8915763588994281E+02
  4.8906741618166137E+02
  4.8897590600737220E+02
  4.8888307988488413E+02
  4.8878891169578941E+02
  4.8869337466634977E+02
  4.8859644134772032E+02
  4.8849808359547370E+02
  4.8839827254840145E+02
  4.8829697860656341E+02
  4.8819417140855950E+02
  4.8808981980798171E+02
  4.8798389184901987E+02
  4.8787635474118815E+02
  4.8776717483313587E+02
  4.8765631758549273E+02
  4.8754374754273078E+02
  4.8742942830398124E+02
  4.8731332249277551E+02
  4.8719539172565686E+02
  4.8707559657962292E+02
  4.8695389655834242E+02
  4.8683025005709948E+02
  4.8670461432640690E+02
  4.8657694543423196E+02
  4.8644719822677791E+02
  4.8631532628775619E+02
  4.8618128189608132E+02
  4.8604501598192189E+02
  4.8590647808103995E+02
  4.8576561628733100E+02
  4.8562237720349714E+02
  4.8547670588976297E+02
  4.8532854581055017E+02
  4.8517783877901331E+02
  4.8502452489934905E+02
  4.8486854250676538E+02
  4.8470982810502142E+02
  4.8454831630140251E+02
  4.8438393973903845E+02
  4.8421662902641953E+02
  4.8404631266399446E+02
  4.8387291696770887E+02
  4.8369636598933374E+02
  4.8351658143345219E+02
  4.8333348257091836E+02
  4.8314698614864449E+02
  4.8295700629552806E+02
  4.8276345442433717E+02
  4.8256623912935254E+02
  4.8236526607957876E+02
  4.8216043790727724E+02
  4.8195165409163053E+02
  4.8173881083725792E+02
  4.8152180094736815E+02
  4.8130051369124146E+02
  4.8107483466580379E+02
  4.8084464565094834E+02
  4.8060982445833582E+02
  4.8037024477330721E+02
  4.8012577598958455E+02
  4.7987628303637570E+02
  4.7962162619750887E+02
  4.7936166092216655E+02
  4.7909623762681008E+02
  4.7882520148781765E+02
  4.7854839222436522E+02
  4.7826564387102974E+02
  4.7797678453958224E+02
  4.7768163616940336E+02
  4.7738001426591143E+02
  4.7707172762637214E+02
  4.7675657805241434E+02
  4.7643436004854448E+02
  4.7610486050590839E+02
  4.7576785837049488E+02
  4.7542312429496087E+02
  4.7507042027316936E+02
  4.7470949925651496E+02
  4.7434010475103366E+02
  4.7396197039425601E+02
  4.7357481951068428E+02
  4.7317836464472339E+02
  4.7277230706982357E+02
  4.7235633627251991E+02
  4.7193012940998642E+02
  4.7149335073962436E+02
  4.7104565101915483E+02
  4.7058666687556126E+02
  4.7011602014115738E+02
  4.6963331715495696E+02
  4.6913814802741092E+02
  4.6863008586648596E+02
  4.6810868596293369E+02
  4.6757348493248230E+02
  4.6702399981258293E+02
  4.6645972711119163E+02
  4.6588014180495009E+02
  4.6528469628398966E+02
  4.6467281924045670E+02
  4.6404391449768457E+02
  4.6339735977683938E+02
  4.6273250539765934E+02
  4.6204867290983043E+02
  4.6134515365131483E+02
  4.6062120722987385E+02
  4.5987605992382686E+02
  4.5910890299799286E+02
  4.5831889093060300E+02
  4.5750513954687221E+02
  4.5666672405480296E+02
  4.5580267697874024E+02
  4.5491198598609901E+02
  4.5399359160271308E+02
  4.5304638481223600E+02
  4.5206920453510321E+02
  4.5106083498271369E+02
  4.5002000288265532E+02
  4.4894537457112739E+02
  4.4783555294907728E+02
  4.4668907429912150E+02
  4.8983589050324139E+02
  4.8975514847984454E+02
  4.8967329904806934E+02
  4.8959032120000847E+02
  4.8950619342320817E+02
  4.8942089368607486E+02
  4.8933439942278835E+02
  4.8924668751769735E+02
  4.8915773428919698E+02
  4.8906751547304282E+02
  4.8897600620510104E+02
  4.8888318100349528E+02
  4.8878901375014084E+02
  4.8869347767163418E+02
  4.8859654531947274E+02
  4.8849818854958124E+02
  4.8839837850111343E+02
  4.8829708557450311E+02
  4.8819427940873470E+02
  4.8808992885779355E+02
  4.8798400196627699E+02
  4.8787646594411927E+02
  4.8776728714039939E+02
  4.8765643101619304E+02
  4.8754386211642765E+02
  4.8742954404070798E+02
  4.8731343941304937E+02
  4.8719550985049614E+02
  4.8707571593056224E+02
  4.8695401715744805E+02
  4.8683037192698646E+02
  4.8670473749025621E+02
  4.8657706991580835E+02
  4.8644732405044857E+02
  4.8631545347850999E+02
  4.8618141047954606E+02
  4.8604514598439039E+02
  4.8590660952948781E+02
  4.8576574920943841E+02
  4.8562251162767649E+02
  4.8547684184517755E+02
  4.8532868332714349E+02
  4.8517797788753273E+02
  4.8502466563137455E+02
  4.8486868489473773E+02
  4.8470997218226898E+02
  4.8454846210217659E+02
  4.8438408729854211E+02
  4.8421677838084054E+02
  4.8404646385054133E+02
  4.8387307002464553E+02
  4.8369652095601987E+02
  4.8351673835037963E+02
  4.8333364147975152E+02
  4.8314714709226712E+02
  4.8295716931808391E+02
  4.8276361957127580E+02
  4.8256640644748251E+02
  4.8236543561711341E+02
  4.8216060971389197E+02
  4.8195182821851245E+02
  4.8173898733716891E+02
  4.8152197987470038E+02
  4.8130069510208733E+02
  4.8107501861801444E+02
  4.8084483220420725E+02
  4.8061001367422966E+02
  4.8037043671540238E+02
  4.8012597072350604E+02
  4.7987648062988990E+02
  4.7962182672061027E+02
  4.7936186444716958E+02
  4.7909644422844423E+02
  4.7882541124333045E+02
  4.7854860521362320E+02
  4.7826586017663050E+02
  4.7797700424697308E+02
  4.7768185936700064E+02
  4.7738024104522833E+02
  4.7707195808215459E+02
  4.7675681228278251E+02
  4.7643459815514058E+02
  4.7610510259405368E+02
  4.7576810454935537E+02
  4.7542337467771972E+02
  4.7507067497721061E+02
  4.7470975840361479E+02
  4.7434036846756464E+02
  4.7396223881140128E+02
  4.7357509276466175E+02
  4.7317864287702713E+02
  4.7277259042747193E+02
  4.7235662490832357E+02
  4.7193042348282626E+02
  4.7149365041475244E+02
  4.7104595646850470E+02
  4.7058697827808095E+02
  4.7011633768315932E+02
  4.6963364103049071E+02
  4.6913847843865659E+02
  4.6863042302417301E+02
  4.6810903008677747E+02
  4.6757383625165710E+02
  4.6702435856621901E+02
  4.6646009354890219E+02
  4.6588051618738854E+02
  4.6528507888344978E+02
  4.6467321034149870E+02
  4.6404431439781354E+02
  4.6339776878721318E+02
  4.6273292384385456E+02
  4.6204910113264719E+02
  4.6134559200764289E+02
  4.6062165609360517E+02
  4.5987651968683832E+02
  4.5910937407118774E+02
  4.5831937374502388E+02
  4.5750563455488674E+02
  4.5666723173137257E+02
  4.5580319782277246E+02
  4.5491252052189378E+02
  4.5399414038150945E+02
  4.5304694841386140E+02
  4.5206978356974315E+02
  4.5106143009279947E+02
  4.5002061474489221E+02
  4.4894600389865582E+02
  4.4783620049379857E+02
  4.4668974085417938E+02
  4.8983598224130736E+02
  4.8975524100664887E+02
  4.8967339237559503E+02
  4.8959041534049322E+02
  4.8950628838915020E+02
  4.8942098949024137E+02
  4.8933449607821876E+02
  4.8924678503771611E+02
  4.8915783268741882E+02
  4.8906761476338136E+02
  4.8897610640177345E+02
  4.8888328212103681E+02
  4.8878911580341008E+02
  4.8869358067582226E+02
  4.8859664929011552E+02
  4.8849829350256425E+02
  4.8839848445268694E+02
  4.8829719254129122E+02
  4.8819438740774234E+02
  4.8809003790642339E+02
  4.8798411208233739E+02
  4.8787657714583827E+02
  4.8776739944643543E+02
  4.8765654444564780E+02
  4.8754397668886327E+02
  4.8742965977615597E+02
  4.8731355633202634E+02
  4.8719562797402091E+02
  4.8707583528016903E+02
  4.8695413775520245E+02
  4.8683049379550482E+02
  4.8670486065271706E+02
  4.8657719439597690E+02
  4.8644744987269024E+02
  4.8631558066781281E+02
  4.8618153906153935E+02
  4.8604527598536549E+02
  4.8590674097641937E+02
  4.8576588213000804E+02
  4.8562264605029316E+02
  4.8547697779900619E+02
  4.8532882084212611E+02
  4.8517811699441683E+02
  4.8502480636173817E+02
  4.8486882728102137E+02
  4.8471011625780238E+02
  4.8454860790120915E+02
  4.8438423485627510E+02
  4.8421692773346109E+02
  4.8404661503525767E+02
  4.8387322307972187E+02
  4.8369667592081316E+02
  4.8351689526538149E+02
  4.8333380038662784E+02
  4.8314730803389722E+02
  4.8295733233861125E+02
  4.8276378471615141E+02
  4.8256657376351245E+02
  4.8236560515251074E+02
  4.8216078151832806E+02
  4.8195200234317571E+02
  4.8173916383481890E+02
  4.8152215879973119E+02
  4.8130087651058579E+02
  4.8107520256783278E+02
  4.8084501875502741E+02
  4.8061020288763774E+02
  4.8037062865496188E+02
  4.8012616545484093E+02
  4.7987667822076514E+02
  4.7962202724101775E+02
  4.7936206796942281E+02
  4.7909665082727224E+02
  4.7882562099597652E+02
  4.7854881819995239E+02
  4.7826607647924010E+02
  4.7797722395130654E+02
  4.7768208256147250E+02
  4.7738046782135046E+02
  4.7707218853467043E+02
  4.7675704650980839E+02
  4.7643483625831698E+02
  4.7610534467869905E+02
  4.7576835072463319E+02
  4.7542362505680950E+02
  4.7507092967749281E+02
  4.7471001754686324E+02
  4.7434063218014882E+02
  4.7396250722449957E+02
  4.7357536601449004E+02
  4.7317892110507307E+02
  4.7277287378075084E+02
  4.7235691353964233E+02
  4.7193071755106166E+02
  4.7149395008515103E+02
  4.7104626191299508E+02
  4.7058728967560535E+02
  4.7011665522002534E+02
  4.6963396490074246E+02
  4.6913880884446797E+02
  4.6863076017626452E+02
  4.6810937420485919E+02
  4.6757418756489704E+02
  4.6702471731373890E+02
  4.6646045998030615E+02
  4.6588089056332285E+02
  4.6528546147619733E+02
  4.6467360143561308E+02
  4.6404471429078734E+02
  4.6339817779019467E+02
  4.6273334228240827E+02
  4.6204952934756238E+02
  4.6134603035579374E+02
  4.6062210494887222E+02
  4.5987697944108356E+02
  4.5910984513529922E+02
  4.5831985655002677E+02
  4.5750612955313170E+02
  4.5666773939780199E+02
  4.5580371865627399E+02
  4.5491305504674750E+02
  4.5399468914892958E+02
  4.5304751200365251E+02
  4.5207036259206274E+02
  4.5106202519005296E+02
  4.5002122659375368E+02
  4.4894663321223567E+02
  4.4783684802396107E+02
  4.4669040739403300E+02
  4.8983607397843281E+02
  4.8975533353250074E+02
  4.8967348570215768E+02
  4.8959050948000350E+02
  4.8950638335410696E+02
  4.8942108529341033E+02
  4.8933459273264106E+02
  4.8924688255671612E+02
  4.8915793108460849E+02
  4.8906771405267415E+02
  4.8897620659738976E+02
  4.8888338323750838E+02
  4.8878921785559652E+02
  4.8869368367891536E+02
  4.8859675325964872E+02
  4.8849839845442506E+02
  4.8839859040312433E+02
  4.8829729950692672E+02
  4.8819449540558367E+02
  4.8809014695387197E+02
  4.8798422219720135E+02
  4.8787668834634428E+02
  4.8776751175124275E+02
  4.8765665787385899E+02
  4.8754409126003770E+02
  4.8742977551032453E+02
  4.8731367324970762E+02
  4.8719574609623237E+02
  4.8707595462844341E+02
  4.8695425835160700E+02
  4.8683061566265201E+02
  4.8670498381378877E+02
  4.8657731887473562E+02
  4.8644757569350259E+02
  4.8631570785566527E+02
  4.8618166764206154E+02
  4.8604540598484789E+02
  4.8590687242183532E+02
  4.8576601504903920E+02
  4.8562278047134822E+02
  4.8547711375124948E+02
  4.8532895835549880E+02
  4.8517825609966548E+02
  4.8502494709044197E+02
  4.8486896966561807E+02
  4.8471026033162167E+02
  4.8454875369849884E+02
  4.8438438241223713E+02
  4.8421707708428249E+02
  4.8404676621814377E+02
  4.8387337613293727E+02
  4.8369683088371528E+02
  4.8351705217845858E+02
  4.8333395929154437E+02
  4.8314746897353530E+02
  4.8295749535711150E+02
  4.8276394985896337E+02
  4.8256674107744180E+02
  4.8236577468576837E+02
  4.8216095332058683E+02
  4.8195217646562065E+02
  4.8173934033020959E+02
  4.8152233772245933E+02
  4.8130105791673907E+02
  4.8107538651525994E+02
  4.8084520530340973E+02
  4.8061039209855875E+02
  4.8037082059198707E+02
  4.8012636018358876E+02
  4.7987687580900007E+02
  4.7962222775873238E+02
  4.7936227148892721E+02
  4.7909685742329287E+02
  4.7882583074575621E+02
  4.7854903118335403E+02
  4.7826629277885786E+02
  4.7797744365258347E+02
  4.7768230575281973E+02
  4.7738069459427766E+02
  4.7707241898391783E+02
  4.7675728073349205E+02
  4.7643507435807356E+02
  4.7610558675984436E+02
  4.7576859689632710E+02
  4.7542387543223015E+02
  4.7507118437401670E+02
  4.7471027668626010E+02
  4.7434089588878504E+02
  4.7396277563355130E+02
  4.7357563926016780E+02
  4.7317919932886292E+02
  4.7277315712966282E+02
  4.7235720216647729E+02
  4.7193101161469315E+02
  4.7149424975082042E+02
  4.7104656735262637E+02
  4.7058760106813537E+02
  4.7011697275175652E+02
  4.6963428876571157E+02
  4.6913913924484382E+02
  4.6863109732276087E+02
  4.6810971831717950E+02
  4.6757453887220180E+02
  4.6702507605514222E+02
  4.6646082640540374E+02
  4.6588126493275388E+02
  4.6528584406223507E+02
  4.6467399252279995E+02
  4.6404511417660683E+02
  4.6339858678578389E+02
  4.6273376071332052E+02
  4.6204995755457480E+02
  4.6134646869576829E+02
  4.6062255379567557E+02
  4.5987743918656298E+02
  4.5911031619032633E+02
  4.5832033934561196E+02
  4.5750662454160664E+02
  4.5666824705409130E+02
  4.5580423947924641E+02
  4.5491358956065943E+02
  4.5399523790497403E+02
  4.5304807558160780E+02
  4.5207094160206327E+02
  4.5106262027447576E+02
  4.5002183842924131E+02
  4.4894726251186580E+02
  4.4783749553956483E+02
  4.4669107391868067E+02
  4.8983616571461670E+02
  4.8975542605740065E+02
  4.8967357902775740E+02
  4.8959060361854080E+02
  4.8950647831807936E+02
  4.8942118109558322E+02
  4.8933468938605569E+02
  4.8924698007469544E+02
  4.8915802948076754E+02
  4.8906781334092329E+02
  4.8897630679194765E+02
  4.8888348435291095E+02
  4.8878931990670071E+02
  4.8869378668091213E+02
  4.8859685722807200E+02
  4.8849850340516161E+02
  4.8839869635242366E+02
  4.8829740647141023E+02
  4.8819460340225777E+02
  4.8809025600013780E+02
  4.8798433231086790E+02
  4.8787679954563760E+02
  4.8776762405482077E+02
  4.8765677130082452E+02
  4.8754420582995010E+02
  4.8742989124321565E+02
  4.8731379016609321E+02
  4.8719586421712927E+02
  4.8707607397538595E+02
  4.8695437894666043E+02
  4.8683073752843057E+02
  4.8670510697347106E+02
  4.8657744335208611E+02
  4.8644770151288571E+02
  4.8631583504206816E+02
  4.8618179622111268E+02
  4.8604553598283599E+02
  4.8590700386573627E+02
  4.8576614796653149E+02
  4.8562291489084237E+02
  4.8547724970190689E+02
  4.8532909586726089E+02
  4.8517839520327897E+02
  4.8502508781748423E+02
  4.8486911204852737E+02
  4.8471040440372531E+02
  4.8454889949404611E+02
  4.8438452996642729E+02
  4.8421722643330224E+02
  4.8404691739920054E+02
  4.8387352918429144E+02
  4.8369698584472394E+02
  4.8351720908961124E+02
  4.8333411819450384E+02
  4.8314762991118101E+02
  4.8295765837358510E+02
  4.8276411499971198E+02
  4.8256690838927005E+02
  4.8236594421688795E+02
  4.8216112512066741E+02
  4.8195235058584774E+02
  4.8173951682334121E+02
  4.8152251664288394E+02
  4.8130123932054545E+02
  4.8107557046029484E+02
  4.8084539184935369E+02
  4.8061058130699399E+02
  4.8037101252647528E+02
  4.8012655490975106E+02
  4.7987707339459695E+02
  4.7962242827375326E+02
  4.7936247500568203E+02
  4.7909706401650692E+02
  4.7882604049266882E+02
  4.7854924416382727E+02
  4.7826650907548492E+02
  4.7797766335080343E+02
  4.7768252894104268E+02
  4.7738092136401013E+02
  4.7707264942989872E+02
  4.7675751495383349E+02
  4.7643531245441017E+02
  4.7610582883748936E+02
  4.7576884306443759E+02
  4.7542412580398064E+02
  4.7507143906678152E+02
  4.7471053582180616E+02
  4.7434115959347457E+02
  4.7396304403855635E+02
  4.7357591250169594E+02
  4.7317947754839543E+02
  4.7277344047420621E+02
  4.7235749078882748E+02
  4.7193130567372089E+02
  4.7149454941176111E+02
  4.7104687278739829E+02
  4.7058791245567085E+02
  4.7011729027835094E+02
  4.6963461262539732E+02
  4.6913946963978344E+02
  4.6863143446366274E+02
  4.6811006242373867E+02
  4.6757489017357119E+02
  4.6702543479042959E+02
  4.6646119282419590E+02
  4.6588163929568071E+02
  4.6528622664156154E+02
  4.6467438360305965E+02
  4.6404551405527172E+02
  4.6339899577398103E+02
  4.6273417913659205E+02
  4.6205038575368468E+02
  4.6134690702756740E+02
  4.6062300263401499E+02
  4.5987789892327623E+02
  4.5911078723627145E+02
  4.5832082213177955E+02
  4.5750711952031304E+02
  4.5666875470024240E+02
  4.5580476029168807E+02
  4.5491412406363008E+02
  4.5399578664964281E+02
  4.5304863914773063E+02
  4.5207152059974550E+02
  4.5106321534606639E+02
  4.5002245025135386E+02
  4.4894789179754684E+02
  4.4783814304061076E+02
  4.4669174042812466E+02
  4.8983625744985892E+02
  4.8975551858134958E+02
  4.8967367235239453E+02
  4.8959069775610425E+02
  4.8950657328106610E+02
  4.8942127689675931E+02
  4.8933478603846186E+02
  4.8924707759165494E+02
  4.8915812787589340E+02
  4.8906791262812766E+02
  4.8897640698544978E+02
  4.8888358546724368E+02
  4.8878942195672175E+02
  4.8869388968181306E+02
  4.8859696119538552E+02
  4.8849860835477472E+02
  4.8839880230058492E+02
  4.8829751343474209E+02
  4.8819471139776653E+02
  4.8809036504522282E+02
  4.8798444242333738E+02
  4.8787691074371861E+02
  4.8776773635717046E+02
  4.8765688472654517E+02
  4.8754432039860075E+02
  4.8743000697482722E+02
  4.8731390708118158E+02
  4.8719598233671258E+02
  4.8707619332099699E+02
  4.8695449954036354E+02
  4.8683085939283876E+02
  4.8670523013176444E+02
  4.8657756782802710E+02
  4.8644782733083935E+02
  4.8631596222702092E+02
  4.8618192479869123E+02
  4.8604566597933189E+02
  4.8590713530812150E+02
  4.8576628088248566E+02
  4.8562304930877428E+02
  4.8547738565097848E+02
  4.8532923337741289E+02
  4.8517853430525645E+02
  4.8502522854286491E+02
  4.8486925442974876E+02
  4.8471054847411506E+02
  4.8454904528785056E+02
  4.8438467751884798E+02
  4.8421737578052341E+02
  4.8404706857842689E+02
  4.8387368223378468E+02
  4.8369714080384034E+02
  4.8351736599883913E+02
  4.8333427709550500E+02
  4.8314779084683465E+02
  4.8295782138803088E+02
  4.8276428013839757E+02
  4.8256707569899800E+02
  4.8236611374586903E+02
  4.8216129691857020E+02
  4.8195252470385662E+02
  4.8173969331421199E+02
  4.8152269556100731E+02
  4.8130142072200533E+02
  4.8107575440293886E+02
  4.8084557839285952E+02
  4.8061077051294319E+02
  4.8037120445842788E+02
  4.8012674963332597E+02
  4.7987727097755442E+02
  4.7962262878608101E+02
  4.7936267851968842E+02
  4.7909727060691353E+02
  4.7882625023671523E+02
  4.7854945714137267E+02
  4.7826672536911980E+02
  4.7797788304596611E+02
  4.7768275212614043E+02
  4.7738114813054733E+02
  4.7707287987261248E+02
  4.7675774917083203E+02
  4.7643555054732678E+02
  4.7610607091163456E+02
  4.7576908922896558E+02
  4.7542437617206150E+02
  4.7507169375578763E+02
  4.7471079495350136E+02
  4.7434142329421780E+02
  4.7396331243951522E+02
  4.7357618573907456E+02
  4.7317975576367149E+02
  4.7277372381438045E+02
  4.7235777940669453E+02
  4.7193159972814340E+02
  4.7149484906797244E+02
  4.7104717821731140E+02
  4.7058822383821177E+02
  4.7011760779981051E+02
  4.6963493647980249E+02
  4.6913980002928849E+02
  4.6863177159896878E+02
  4.6811040652453647E+02
  4.6757524146900596E+02
  4.6702579351959992E+02
  4.6646155923668306E+02
  4.6588201365210352E+02
  4.6528660921417770E+02
  4.6467477467639162E+02
  4.6404591392678179E+02
  4.6339940475478733E+02
  4.6273459755222257E+02
  4.6205081394489292E+02
  4.6134734535119031E+02
  4.6062345146389117E+02
  4.5987835865122520E+02
  4.5911125827313236E+02
  4.5832130490853052E+02
  4.5750761448925158E+02
  4.5666926233625401E+02
  4.5580528109360188E+02
  4.5491465855566037E+02
  4.5399633538293767E+02
  4.5304920270201922E+02
  4.5207209958510941E+02
  4.5106381040482574E+02
  4.5002306206009416E+02
  4.4894852106927902E+02
  4.4783879052709921E+02
  4.4669240692236474E+02
  4.8983634918415942E+02
  4.8975561110434552E+02
  4.8967376567606931E+02
  4.8959079189269363E+02
  4.8950666824306842E+02
  4.8942137269693984E+02
  4.8933488268986042E+02
  4.8924717510759433E+02
  4.8915822626998772E+02
  4.8906801191428787E+02
  4.8897650717789395E+02
  4.8888368658050615E+02
  4.8878952400565976E+02
  4.8869399268161749E+02
  4.8859706516159065E+02
  4.8849871330326528E+02
  4.8839890824760948E+02
  4.8829762039692224E+02
  4.8819481939210760E+02
  4.8809047408912596E+02
  4.8798455253460946E+02
  4.8787702194058647E+02
  4.8776784865829143E+02
  4.8765699815102096E+02
  4.8754443496599021E+02
  4.8743012270516044E+02
  4.8731402399497529E+02
  4.8719610045498297E+02
  4.8707631266527568E+02
  4.8695462013271526E+02
  4.8683098125587759E+02
  4.8670535328866856E+02
  4.8657769230255894E+02
  4.8644795314736410E+02
  4.8631608941052298E+02
  4.8618205337479975E+02
  4.8604579597433451E+02
  4.8590726674899150E+02
  4.8576641379690193E+02
  4.8562318372514460E+02
  4.8547752159846465E+02
  4.8532937088595520E+02
  4.8517867340559900E+02
  4.8502536926658485E+02
  4.8486939680928316E+02
  4.8471069254279007E+02
  4.8454919107991338E+02
  4.8438482506949708E+02
  4.8421752512594315E+02
  4.8404721975582328E+02
  4.8387383528141805E+02
  4.8369729576106454E+02
  4.8351752290614183E+02
  4.8333443599454847E+02
  4.8314795178049565E+02
  4.8295798440044865E+02
  4.8276444527501917E+02
  4.8256724300662586E+02
  4.8236628327271131E+02
  4.8216146871429532E+02
  4.8195269881964731E+02
  4.8173986980282439E+02
  4.8152287447682886E+02
  4.8130160212111883E+02
  4.8107593834319186E+02
  4.8084576493392757E+02
  4.8061095971640685E+02
  4.8037139638784561E+02
  4.8012694435431501E+02
  4.7987746855787270E+02
  4.7962282929571563E+02
  4.7936288203094477E+02
  4.7909747719451343E+02
  4.7882645997789552E+02
  4.7854967011599064E+02
  4.7826694165976312E+02
  4.7797810273807283E+02
  4.7768297530811367E+02
  4.7738137489388993E+02
  4.7707311031205836E+02
  4.7675798338448931E+02
  4.7643578863682370E+02
  4.7610631298227997E+02
  4.7576933538991000E+02
  4.7542462653647380E+02
  4.7507194844103623E+02
  4.7471105408134622E+02
  4.7434168699101326E+02
  4.7396358083642741E+02
  4.7357645897230424E+02
  4.7318003397468988E+02
  4.7277400715018780E+02
  4.7235806802007795E+02
  4.7193189377796296E+02
  4.7149514871945473E+02
  4.7104748364236548E+02
  4.7058853521575816E+02
  4.7011792531613446E+02
  4.6963526032892486E+02
  4.6914013041335727E+02
  4.6863210872868126E+02
  4.6811075061957308E+02
  4.6757559275850645E+02
  4.6702615224265520E+02
  4.6646192564286429E+02
  4.6588238800202367E+02
  4.6528699178008230E+02
  4.6467516574279620E+02
  4.6404631379113920E+02
  4.6339981372820176E+02
  4.6273501596021350E+02
  4.6205124212820084E+02
  4.6134778366663784E+02
  4.6062390028530484E+02
  4.5987881837040857E+02
  4.5911172930091146E+02
  4.5832178767586481E+02
  4.5750810944842107E+02
  4.5666976996212719E+02
  4.5580580188498675E+02
  4.5491519303675142E+02
  4.5399688410485783E+02
  4.5304976624447545E+02
  4.5207267855815542E+02
  4.5106440545075543E+02
  4.5002367385546103E+02
  4.4894915032706450E+02
  4.4783943799903125E+02
  4.4669307340140091E+02
  4.8983644091751870E+02
  4.8975570362638985E+02
  4.8967385899878121E+02
  4.8959088602830894E+02
  4.8950676320408536E+02
  4.8942146849612379E+02
  4.8933497934025104E+02
  4.8924727262251469E+02
  4.8915832466305028E+02
  4.8906811119940483E+02
  4.8897660736928259E+02
  4.8888378769269974E+02
  4.8878962605351524E+02
  4.8869409568032626E+02
  4.8859716912668529E+02
  4.8849881825063170E+02
  4.8839901419349633E+02
  4.8829772735795103E+02
  4.8819492738528209E+02
  4.8809058313184755E+02
  4.8798466264468522E+02
  4.8787713313624261E+02
  4.8776796095818440E+02
  4.8765711157425125E+02
  4.8754454953211808E+02
  4.8743023843421463E+02
  4.8731414090747217E+02
  4.8719621857193818E+02
  4.8707643200822230E+02
  4.8695474072371746E+02
  4.8683110311754677E+02
  4.8670547644418406E+02
  4.8657781677568147E+02
  4.8644807896245902E+02
  4.8631621659257576E+02
  4.8618218194943569E+02
  4.8604592596784352E+02
  4.8590739818834584E+02
  4.8576654670977911E+02
  4.8562331813995331E+02
  4.8547765754436449E+02
  4.8532950839288634E+02
  4.8517881250430634E+02
  4.8502550998864353E+02
  4.8486953918712982E+02
  4.8471083660975029E+02
  4.8454933687023424E+02
  4.8438497261837495E+02
  4.8421767446956437E+02
  4.8404737093138982E+02
  4.8387398832719049E+02
  4.8369745071639647E+02
  4.8351767981152005E+02
  4.8333459489163363E+02
  4.8314811271216547E+02
  4.8295814741084024E+02
  4.8276461040957815E+02
  4.8256741031215296E+02
  4.8236645279741464E+02
  4.8216164050784261E+02
  4.8195287293322059E+02
  4.8174004628917623E+02
  4.8152305339034763E+02
  4.8130178351788703E+02
  4.8107612228105245E+02
  4.8084595147255772E+02
  4.8061114891738401E+02
  4.8037158831472692E+02
  4.8012713907271723E+02
  4.7987766613555226E+02
  4.7962302980265611E+02
  4.7936308553945224E+02
  4.7909768377930743E+02
  4.7882666971620910E+02
  4.7854988308767952E+02
  4.7826715794741608E+02
  4.7797832242712155E+02
  4.7768319848696257E+02
  4.7738160165403741E+02
  4.7707334074823711E+02
  4.7675821759480380E+02
  4.7643602672290115E+02
  4.7610655504942548E+02
  4.7576958154727129E+02
  4.7542487689721793E+02
  4.7507220312252610E+02
  4.7471131320533931E+02
  4.7434195068386259E+02
  4.7396384922929406E+02
  4.7357673220138383E+02
  4.7318031218145245E+02
  4.7277429048162622E+02
  4.7235835662897756E+02
  4.7193218782317842E+02
  4.7149544836620805E+02
  4.7104778906255990E+02
  4.7058884658831028E+02
  4.7011824282732380E+02
  4.6963558417276460E+02
  4.6914046079199341E+02
  4.6863244585279858E+02
  4.6811109470884901E+02
  4.6757594404207140E+02
  4.6702651095959419E+02
  4.6646229204274033E+02
  4.6588276234543980E+02
  4.6528737433927790E+02
  4.6467555680227423E+02
  4.6404671364834223E+02
  4.6340022269422445E+02
  4.6273543436056377E+02
  4.6205167030360667E+02
  4.6134822197391105E+02
  4.6062434909825521E+02
  4.5987927808082662E+02
  4.5911220031960733E+02
  4.5832227043378236E+02
  4.5750860439782252E+02
  4.5667027757786281E+02
  4.5580632266584405E+02
  4.5491572750690182E+02
  4.5399743281540361E+02
  4.5305032977509916E+02
  4.5207325751888442E+02
  4.5106500048385550E+02
  4.5002428563745559E+02
  4.4894977957090344E+02
  4.4784008545640677E+02
  4.4669373986523595E+02
  4.8983653264993637E+02
  4.8975579614748159E+02
  4.8967395232052951E+02
  4.8959098016295076E+02
  4.8950685816411789E+02
  4.8942156429431003E+02
  4.8933507598963308E+02
  4.8924737013641430E+02
  4.8915842305508050E+02
  4.8906821048347683E+02
  4.8897670755961377E+02
  4.8888388880382382E+02
  4.8878972810028898E+02
  4.8869419867793965E+02
  4.8859727309067034E+02
  4.8849892319687535E+02
  4.8839912013824596E+02
  4.8829783431782744E+02
  4.8819503537728991E+02
  4.8809069217338714E+02
  4.8798477275356436E+02
  4.8787724433068558E+02
  4.8776807325684814E+02
  4.8765722499623701E+02
  4.8754466409698352E+02
  4.8743035416199086E+02
  4.8731425781867307E+02
  4.8719633668758053E+02
  4.8707655134983776E+02
  4.8695486131336878E+02
  4.8683122497784655E+02
  4.8670559959831002E+02
  4.8657794124739587E+02
  4.8644820477612467E+02
  4.8631634377317806E+02
  4.8618231052260069E+02
  4.8604605595985942E+02
  4.8590752962618478E+02
  4.8576667962111890E+02
  4.8562345255319991E+02
  4.8547779348867965E+02
  4.8532964589820835E+02
  4.8517895160137812E+02
  4.8502565070904097E+02
  4.8486968156328896E+02
  4.8471098067499554E+02
  4.8454948265881211E+02
  4.8438512016548287E+02
  4.8421782381138451E+02
  4.8404752210512618E+02
  4.8387414137110233E+02
  4.8369760566983626E+02
  4.8351783671497446E+02
  4.8333475378676059E+02
  4.8314827364184225E+02
  4.8295831041920422E+02
  4.8276477554207344E+02
  4.8256757761558021E+02
  4.8236662231998019E+02
  4.8216181229921239E+02
  4.8195304704457510E+02
  4.8174022277326924E+02
  4.8152323230156333E+02
  4.8130196491230851E+02
  4.8107630621652254E+02
  4.8084613800874979E+02
  4.8061133811587581E+02
  4.8037178023907398E+02
  4.8012733378853295E+02
  4.7987786371059224E+02
  4.7962323030690499E+02
  4.7936328904521110E+02
  4.7909789036129393E+02
  4.7882687945165685E+02
  4.7855009605644267E+02
  4.7826737423207805E+02
  4.7797854211311380E+02
  4.7768342166268621E+02
  4.7738182841099132E+02
  4.7707357118114925E+02
  4.7675845180177714E+02
  4.7643626480555935E+02
  4.7610679711307034E+02
  4.7576982770105025E+02
  4.7542512725429134E+02
  4.7507245780025710E+02
  4.7471157232548239E+02
  4.7434221437276557E+02
  4.7396411761811453E+02
  4.7357700542631449E+02
  4.7318059038395864E+02
  4.7277457380869794E+02
  4.7235864523339410E+02
  4.7193248186378980E+02
  4.7149574800823302E+02
  4.7104809447789660E+02
  4.7058915795586864E+02
  4.7011856033337790E+02
  4.6963590801132432E+02
  4.6914079116519326E+02
  4.6863278297132177E+02
  4.6811143879236533E+02
  4.6757629531970258E+02
  4.6702686967041780E+02
  4.6646265843631136E+02
  4.6588313668235412E+02
  4.6528775689176331E+02
  4.6467594785482572E+02
  4.6404711349839209E+02
  4.6340063165285733E+02
  4.6273585275327434E+02
  4.6205209847111178E+02
  4.6134866027300905E+02
  4.6062479790274409E+02
  4.5987973778248022E+02
  4.5911267132922245E+02
  4.5832275318228409E+02
  4.5750909933745749E+02
  4.5667078518346017E+02
  4.5580684343617224E+02
  4.5491626196611332E+02
  4.5399798151457657E+02
  4.5305089329388994E+02
  4.5207383646729693E+02
  4.5106559550412589E+02
  4.5002489740607888E+02
  4.4895040880079620E+02
  4.4784073289922685E+02
  4.4669440631386897E+02
