0.000000000000000000e+00
4.593679999999999698e-05
4.603359999999999917e-05
4.613209999999997799e-05
4.623209999999999397e-05
4.633470000000000888e-05
4.643729999999996280e-05
4.654345000000000921e-05
4.664959999999999463e-05
4.676142499999997725e-05
4.687325000000001408e-05
4.698507500000000348e-05
4.709689999999993188e-05
4.721704999999997511e-05
4.733720000000001156e-05
4.745735000000000058e-05
4.757749999999998959e-05
4.770702499999996359e-05
4.783654999999993758e-05
4.796607499999991158e-05
4.809559999999999400e-05
4.823569999999988785e-05
4.837579999999999853e-05
4.851590000000010922e-05
4.865599999999994886e-05
4.880330000000001435e-05
4.895379999999996488e-05
4.910740000000003063e-05
8.752850000000000604e-04
9.110770000000001541e-04
9.442349999999999745e-04
8.639869999999998714e-04
8.683519999999999694e-04
8.724140000000001754e-04
8.762000000000000474e-04
8.797320000000000400e-04
8.830300000000001429e-04
8.861130000000000048e-04
8.889949999999999545e-04
8.916920000000001355e-04
8.942170000000001021e-04
8.965809999999998104e-04
8.987949999999998675e-04
9.008679999999999813e-04
9.028089999999999683e-04
9.046270000000000786e-04
9.063269999999999573e-04
8.537469999999999695e-04
8.539739999999999658e-04
8.541850000000000354e-04
8.543830000000001172e-04
8.545659999999998544e-04
8.547370000000001616e-04
8.548950000000000472e-04
8.550409999999998524e-04
8.551759999999999180e-04
8.553000000000000273e-04
8.554084999999999467e-04
8.555169999999999745e-04
8.556060000000000748e-04
8.556950000000000667e-04
8.557655000000000383e-04
8.558359999999999015e-04
8.558894999999998223e-04
8.559429999999999599e-04
8.559804999999998457e-04
8.560179999999999482e-04
8.560404999999999230e-04
8.560629999999998978e-04
8.560705000000001785e-04
8.560780000000000256e-04
8.560710000000001322e-04
8.560639999999999136e-04
8.557089999999998534e-04
8.491679999999999714e-04
8.535720000000000330e-04
8.366849999999997727e-04
8.241359999999999441e-04
8.394949999999998897e-04
8.383499999999997508e-04
8.374549999999998618e-04
8.367560000000002400e-04
8.362159999999999776e-04
8.358070000000000430e-04
8.355069999999999815e-04
8.352999999999998664e-04
8.351710000000000036e-04
8.351100000000001274e-04
8.351069999999998633e-04
8.351539999999999528e-04
8.352440000000000688e-04
8.353720000000000243e-04
8.355329999999999572e-04
8.357220000000000057e-04
8.359360000000002310e-04
8.361710000000001364e-04
8.364250000000001241e-04
8.366950000000001469e-04
8.369790000000000649e-04
8.372740000000000477e-04
8.375790000000000795e-04
8.378920000000000205e-04
8.382119999999999632e-04
8.385359999999999689e-04
8.388650000000002702e-04
8.391969999999999682e-04
8.395290000000000998e-04
8.398630000000000461e-04
8.401960000000000851e-04
8.405279999999997831e-04
8.408569999999999760e-04
8.411819999999999974e-04
8.415029999999999559e-04
8.418190000000001609e-04
8.421270000000000231e-04
8.424259999999999604e-04
8.427149999999998487e-04
8.429910000000000745e-04
8.432489999999999084e-04
8.434869999999999694e-04
8.436950000000001003e-04
8.438630000000002518e-04
8.438550000000000174e-04
8.185299999999999304e-04
8.182629999999999548e-04
8.180590000000001038e-04
8.179170000000000364e-04
8.178330000000001232e-04
8.178079999999999464e-04
0.000000000000000000e+00
4.593645917968750697e-05
4.603324335937498767e-05
4.613172753906251276e-05
4.623171171874998692e-05
4.633429589843751422e-05
4.643688007812497376e-05
4.654301347656250180e-05
4.664914687499999597e-05
4.676095546874999671e-05
4.687276406250000423e-05
4.698457265624998464e-05
4.709638124999999216e-05
4.721651406249995498e-05
4.733664687499996524e-05
4.745677968749997550e-05
4.757691249999999931e-05
4.770641679687502893e-05
4.783592109374997723e-05
4.796542539062504751e-05
4.809492968750001614e-05
4.823500820312503649e-05
4.837508671875004329e-05
4.851516523437503654e-05
4.865524375000005689e-05
4.880252578125001799e-05
4.895299531249998185e-05
4.910658359375017574e-05
8.743411718750000684e-04
9.102611289062501401e-04
9.435379609375000795e-04
8.634902929687500233e-04
8.678723750000001290e-04
8.719519335937499834e-04
8.757542265625001699e-04
8.793013476562501181e-04
8.826134062500001938e-04
8.857097070312501021e-04
8.886041015625000331e-04
8.913126523437498805e-04
8.938484062499998245e-04
8.962227539062497242e-04
8.984464296875001093e-04
9.005285351562498757e-04
9.024780468749998277e-04
9.043038945312499273e-04
9.060114921874994932e-04
8.532853398437499973e-04
8.535135625000002174e-04
8.537256718750001368e-04
8.539246796875001218e-04
8.541086406249998953e-04
8.542805156250000672e-04
8.544393398437501695e-04
8.545861015625001158e-04
8.547218007812497050e-04
8.548464375000000212e-04
8.549555332031248981e-04
8.550646289062502087e-04
8.551541113281250009e-04
8.552435937499997930e-04
8.553144941406251502e-04
8.553853945312501822e-04
8.554391972656251062e-04
8.554929999999999219e-04
8.555308066406250257e-04
8.555686132812500211e-04
8.555913261718751548e-04
8.556140390625001802e-04
8.556216914062501639e-04
8.556293437500000392e-04
8.556224218749998878e-04
8.556154999999998449e-04
8.555159999999997419e-04
8.487920000000001228e-04
8.535046250000002596e-04
8.364320000000000175e-04
8.237659375000003312e-04
8.390008750000003089e-04
8.378469999999999624e-04
8.369455000000001338e-04
8.362401562500000564e-04
8.356956093750003440e-04
8.352829843749999322e-04
8.349804062500000351e-04
8.347713671875000175e-04
8.346410156249999988e-04
8.345791796874996952e-04
8.345758125000000581e-04
8.346224843749999950e-04
8.347124843749996774e-04
8.348407109375005977e-04
8.350021562500005131e-04
8.351917578125002449e-04
8.354065312500003884e-04
8.356424453125001379e-04
8.358975000000000042e-04
8.361684599609378078e-04
8.364535292968750153e-04
8.367496767578125718e-04
8.370558710937499357e-04
8.373701240234376116e-04
8.376914082031247308e-04
8.380167392578128640e-04
8.383470859374998752e-04
8.386804384765623099e-04
8.390138378906251537e-04
8.393492216796876034e-04
8.396836210937499208e-04
8.400170205078124393e-04
8.403474199218750190e-04
8.406738037109375439e-04
8.409961718749999057e-04
8.413135146484374731e-04
8.416228261718749310e-04
8.419231376953127894e-04
8.422133867187501979e-04
8.424906005859378539e-04
8.427497597656253637e-04
8.429888291015626058e-04
8.431977890625001922e-04
8.433667451171879097e-04
8.433612636718752862e-04
8.180640791015623969e-04
8.177970039062499880e-04
8.175929716796874643e-04
8.174509628906249286e-04
8.173669697265627558e-04
8.173419999999998733e-04
0.000000000000000000e+00
4.593611835937498985e-05
4.603288671874998972e-05
4.613135507812496621e-05
4.623132343750000698e-05
4.633389179687498569e-05
4.643646015624996440e-05
4.654257695312501473e-05
4.664869375000000408e-05
4.676048593749996873e-05
4.687227812499998082e-05
4.698407031249993192e-05
4.709586249999996434e-05
4.721597812500000939e-05
4.733609375000002735e-05
4.745620937499995721e-05
4.757632500000000904e-05
4.770580859375003329e-05
4.783529218749998978e-05
4.796477578124992594e-05
4.809425937499996374e-05
4.823431640624999540e-05
4.837437343749987121e-05
4.851443046874990287e-05
4.865448749999998196e-05
4.880175156250007585e-05
4.895219062500005304e-05
4.910576718750011757e-05
8.733973437500001848e-04
9.094452578125001262e-04
9.428409218749998592e-04
8.629935859375000668e-04
8.673927499999998549e-04
8.714898671875001166e-04
8.753084531249999672e-04
8.788706953125004131e-04
8.821968124999999194e-04
8.853064140624999825e-04
8.882132031250002200e-04
8.909333046874998423e-04
8.934798125000001975e-04
8.958645078124999632e-04
8.980978593749999175e-04
9.001890703124999869e-04
9.021470937500001208e-04
9.039807890625004266e-04
9.056959843750003302e-04
8.528236796874996998e-04
8.530531250000000353e-04
8.532663437499998045e-04
8.534663593750004516e-04
8.536512812500002614e-04
8.538240312500001896e-04
8.539836796875000750e-04
8.541312031250000540e-04
8.542676015624999257e-04
8.543928750000003404e-04
8.545025664062498496e-04
8.546122578125002261e-04
8.547022226562499270e-04
8.547921875000000615e-04
8.548634882812501537e-04
8.549347890625000291e-04
8.549888945312500649e-04
8.550429999999998839e-04
8.550811132812499889e-04
8.551192265625004191e-04
8.551421523437498446e-04
8.551650781249998121e-04
8.551728828124998240e-04
8.551806875000001612e-04
8.551738437500004024e-04
8.551670000000002100e-04
8.553230000000001726e-04
8.484159999999999488e-04
8.534372499999995105e-04
8.361789999999996118e-04
8.233958749999996342e-04
8.385067500000001860e-04
8.373439999999996320e-04
8.364360000000001889e-04
8.357243124999999811e-04
8.351752187499996262e-04
8.347589687500003635e-04
8.344538124999998719e-04
8.342427343750001686e-04
8.341110312499998855e-04
8.340483593749999135e-04
8.340446249999998191e-04
8.340909687499997120e-04
8.341809687500000448e-04
8.343094218749998701e-04
8.344713124999998764e-04
8.346615156250002674e-04
8.348770625000005458e-04
8.351138906250002479e-04
8.353699999999997759e-04
8.356419199218750350e-04
8.359280585937500741e-04
8.362253535156249874e-04
8.365327421875001172e-04
8.368482480468750944e-04
8.371708164062501489e-04
8.374974785156252171e-04
8.378291718750002391e-04
8.381638769531251938e-04
8.384986757812499907e-04
8.388354433593752692e-04
8.391712421874998650e-04
8.395060410156249871e-04
8.398378398437500621e-04
8.401656074218751989e-04
8.404893437500003976e-04
8.408080292968753275e-04
8.411186523437502727e-04
8.414202753906248593e-04
8.417117734374997880e-04
8.419902011718748743e-04
8.422505195312501684e-04
8.424906582031251338e-04
8.427005781250001756e-04
8.428704902343750254e-04
8.428675273437503382e-04
8.175981582031250803e-04
8.173310078125000213e-04
8.171269433593751500e-04
8.169849257812502544e-04
8.169009394531249546e-04
8.168760000000000170e-04
0.000000000000000000e+00
4.593580097656250783e-05
4.603257695312498065e-05
4.613105292968750463e-05
4.623102890624999125e-05
4.633360488281249712e-05
4.643618085937496233e-05
4.654230449218750229e-05
4.664842812500000159e-05
4.676022734375001269e-05
4.687202656250002378e-05
4.698382578124998067e-05
4.709562499999997822e-05
4.721574687499999830e-05
4.733586874999999805e-05
4.745599062499995037e-05
4.757611250000000434e-05
4.770559882812492957e-05
4.783508515625002421e-05
4.796457148437507142e-05
4.809405781249997632e-05
4.823411679687508149e-05
4.837417578124996983e-05
4.851423476562502079e-05
4.865429374999991589e-05
4.880156328125006925e-05
4.895199531250004742e-05
4.910558359375007191e-05
8.724541718749997390e-04
9.086300664062505134e-04
9.421445859375000278e-04
8.624976054687503784e-04
8.669138749999998365e-04
8.710285742187501680e-04
8.748634765625001039e-04
8.784408632812502763e-04
8.817810624999999599e-04
8.849039882812502738e-04
8.878231953125000466e-04
8.905548710937501904e-04
8.931121562500000770e-04
8.955072226562498048e-04
8.977502734374997496e-04
8.998506132812498929e-04
9.018171718750000879e-04
9.036587382812498286e-04
9.053815546874996239e-04
8.523631210937501236e-04
8.525938125000002369e-04
8.528081640625000603e-04
8.530092109375002731e-04
8.531951171874998900e-04
8.533687656250001042e-04
8.535292617187500855e-04
8.536775703124998681e-04
8.538146914062496847e-04
8.539406250000002941e-04
8.540509355468749652e-04
8.541612460937502869e-04
8.542517167968749926e-04
8.543421874999999150e-04
8.544139121093751637e-04
8.544856367187504123e-04
8.545400683593750053e-04
8.545944999999999236e-04
8.546328574218751712e-04
8.546712148437500935e-04
8.546942910156255782e-04
8.547173671875000871e-04
8.547252617187498349e-04
8.547331562500002332e-04
8.547263281250000325e-04
8.547194999999998318e-04
8.551629999999999301e-04
8.480454999999999157e-04
8.533771250000002579e-04
8.359350000000001068e-04
8.230329375000002825e-04
8.380178749999996849e-04
8.368443750000003440e-04
8.359279999999998882e-04
8.352099375000003253e-04
8.346562656249997781e-04
8.342363593749998378e-04
8.339285937500005028e-04
8.337154453125001545e-04
8.335823593749997320e-04
8.335188203125003248e-04
8.335146875000001149e-04
8.335606718750001969e-04
8.336506406250002209e-04
8.337792890625003771e-04
8.339415937500004906e-04
8.341323671875001478e-04
8.343486562500001440e-04
8.345863671875001404e-04
8.348435000000001055e-04
8.351163798828132537e-04
8.354035878906248234e-04
8.357020302734377440e-04
8.360106132812500975e-04
8.363273720703125929e-04
8.366512246093750407e-04
8.369792177734376943e-04
8.373122578124999682e-04
8.376483154296873344e-04
8.379845136718752771e-04
8.383226650390628422e-04
8.386598632812501501e-04
8.389960615234375507e-04
8.393292597656247956e-04
8.396584111328129780e-04
8.399835156250003631e-04
8.403035439453124386e-04
8.406154785156251964e-04
8.409184130859375956e-04
8.412111601562500445e-04
8.414908017578124526e-04
8.417522792968757479e-04
8.419934873046873523e-04
8.422043671875001749e-04
8.423752353515628075e-04
8.423747910156252974e-04
8.171332373046873458e-04
8.168660117187501787e-04
8.166619150390624178e-04
8.165198886718751624e-04
8.164359091796874945e-04
8.164110000000001765e-04
0.000000000000000000e+00
4.593548359375000548e-05
4.603226718749999868e-05
4.613075078124998207e-05
4.623073437499999584e-05
4.633331796874996111e-05
4.643590156249999414e-05
4.654203203124998985e-05
4.664816249999997877e-05
4.675996874999999566e-05
4.687177499999993800e-05
4.698358125000002942e-05
4.709538749999999210e-05
4.721551562500001431e-05
4.733564374999998909e-05
4.745577187499997065e-05
4.757589999999993865e-05
4.770538906250000203e-05
4.783487812499995022e-05
4.796436718749995940e-05
4.809385624999994147e-05
4.823391718749996430e-05
4.837397812500000746e-05
4.851403906249999640e-05
4.865409999999995147e-05
4.880137499999995422e-05
4.895179999999991983e-05
4.910540000000003979e-05
8.715110000000001605e-04
9.078148750000001417e-04
9.414482500000000880e-04
8.620016250000000395e-04
8.664349999999998182e-04
8.705672812500000026e-04
8.744184999999999154e-04
8.780110312500000310e-04
8.813653125000003256e-04
8.845015624999999146e-04
8.874331874999998732e-04
8.901764374999999964e-04
8.927444999999998481e-04
8.951499374999998633e-04
8.974026875000000155e-04
8.995121562500001241e-04
9.014872499999999466e-04
9.033366874999999895e-04
9.050671250000000018e-04
8.519025625000002221e-04
8.521345000000002216e-04
8.523499843750005330e-04
8.525520625000002030e-04
8.527389531250002775e-04
8.529135000000001273e-04
8.530748437500002045e-04
8.532239374999996823e-04
8.533617812500002026e-04
8.534883750000000309e-04
8.535993046875004061e-04
8.537102343750001309e-04
8.538012109374999497e-04
8.538921875000002023e-04
8.539643359375000652e-04
8.540364843749999281e-04
8.540912421874997289e-04
8.541460000000000719e-04
8.541846015625003535e-04
8.542232031249999847e-04
8.542464296875001192e-04
8.542696562499998199e-04
8.542776406250003878e-04
8.542856250000000883e-04
8.542788124999999878e-04
8.542720000000001042e-04
8.550030000000000130e-04
8.476749999999995573e-04
8.533169999999998126e-04
8.356909999999995176e-04
8.226700000000003888e-04
8.375289999999995091e-04
8.363447500000000803e-04
8.354199999999999127e-04
8.346955625000001275e-04
8.341373125000002553e-04
8.337137500000002879e-04
8.334033750000001579e-04
8.331881562499999236e-04
8.330536874999999036e-04
8.329892812500004108e-04
8.329847500000003022e-04
8.330303750000002481e-04
8.331203124999999633e-04
8.332491562499997999e-04
8.334118750000002376e-04
8.336032187500001366e-04
8.338202499999997422e-04
8.340588437500005749e-04
8.343170000000002182e-04
8.345908398437502798e-04
8.348791171874998980e-04
8.351787070312502838e-04
8.354884843750005115e-04
8.358064960937501998e-04
8.361316328124999324e-04
8.364609570312498462e-04
8.367953437500003479e-04
8.371327539062503424e-04
8.374703515625001298e-04
8.378098867187500900e-04
8.381484843750001100e-04
8.384860820312501142e-04
8.388206796875000712e-04
8.391512148437499981e-04
8.394776874999995697e-04
8.397990585937500918e-04
8.401123046875000116e-04
8.404165507812500066e-04
8.407105468749999757e-04
8.409914023437503562e-04
8.412540390624999179e-04
8.414963164062498960e-04
8.417081562500003909e-04
8.418799804687500474e-04
8.418820546875003651e-04
8.166683164062504786e-04
8.164010156250000108e-04
8.161968867187501192e-04
8.160548515625003956e-04
8.159708789062498175e-04
8.159460000000000107e-04
0.000000000000000000e+00
4.593514511718749932e-05
4.603191523437499556e-05
4.613038535156252940e-05
4.623035546874998522e-05
4.633292558593748740e-05
4.643549570312504378e-05
4.654161191406250498e-05
4.664772812500000683e-05
4.675952031249999859e-05
4.687131249999996324e-05
4.698310468749999566e-05
4.709489687500006874e-05
4.721501015624995375e-05
4.733512343750000817e-05
4.745523671874998805e-05
4.757535000000000182e-05
4.770482539062496398e-05
4.783430078124991937e-05
4.796377617187501705e-05
4.809325156249993178e-05
4.823329804687502591e-05
4.837334453125001162e-05
4.851339101562498378e-05
4.865343750000007114e-05
4.880071093749997172e-05
4.895112187499998675e-05
4.910471406249994819e-05
8.705572812499999535e-04
9.069919296875005987e-04
9.407469531250003741e-04
8.615034765624998659e-04
8.659567499999999045e-04
8.701066249999998272e-04
8.739741718749997109e-04
8.775818593749999804e-04
8.809502343749999040e-04
8.840998203124998461e-04
8.870438749999998759e-04
8.897987109375000807e-04
8.923775624999997829e-04
8.947933828125000794e-04
8.970558437499997822e-04
8.991744531249996333e-04
9.011580937500000528e-04
9.030154140625002834e-04
9.047534843749994223e-04
8.514428046875001160e-04
8.516760000000003208e-04
8.518926289062502466e-04
8.520957500000003433e-04
8.522836367187497852e-04
8.524590937500002401e-04
8.526212968750002986e-04
8.527711875000001159e-04
8.529097656249997076e-04
8.530370312499998327e-04
8.531485917968749302e-04
8.532601523437500276e-04
8.533516464843751703e-04
8.534431406249999878e-04
8.535157246093747841e-04
8.535883085937503393e-04
8.536434042968750165e-04
8.536984999999999105e-04
8.537374707031255942e-04
8.537764414062499769e-04
8.537999433593752375e-04
8.538234453125000643e-04
8.538316445312500854e-04
8.538398437500001065e-04
8.538331718750000405e-04
8.538264999999997575e-04
8.548844999999999361e-04
8.473110000000002228e-04
8.532791250000006664e-04
8.354555000000000922e-04
8.223118125000000549e-04
8.370383749999997123e-04
8.358450000000003160e-04
8.349135000000001234e-04
8.341826250000002572e-04
8.336197343750001171e-04
8.331924531250001556e-04
8.328794062500001309e-04
8.326620546875002603e-04
8.325261406250000253e-04
8.324608046874999376e-04
8.324558125000001800e-04
8.325010156249996974e-04
8.325908593750001125e-04
8.327198359374999876e-04
8.328829062499999150e-04
8.330747578124999804e-04
8.332924687500004209e-04
8.335318828125003882e-04
8.337910000000000677e-04
8.340658154296876851e-04
8.343551777343750182e-04
8.346559306640624273e-04
8.349669179687498706e-04
8.352861982421876108e-04
8.356126347656251622e-04
8.359433056640625448e-04
8.362790546874997481e-04
8.366178330078122543e-04
8.369568457031252877e-04
8.372977802734377431e-04
8.376377929687499248e-04
8.379768056640625245e-04
8.383128183593750770e-04
8.386447529296876075e-04
8.389726093750002247e-04
8.392953388671874505e-04
8.396099121093751746e-04
8.399154853515627571e-04
8.402107460937501297e-04
8.404928310546877154e-04
8.407566425781255954e-04
8.410000048828124210e-04
8.412128203125001464e-04
8.413856162109376860e-04
8.413902246093754979e-04
8.162043173828128009e-04
8.159369570312502169e-04
8.157328115234375359e-04
8.155907832031252273e-04
8.155068330078125982e-04
8.154820000000000775e-04
0.000000000000000000e+00
4.593480664062497284e-05
4.603156328124999243e-05
4.613001992187494799e-05
4.622997656250000848e-05
4.633253320312499335e-05
4.643508984374997823e-05
4.654119179687500656e-05
4.664729375000000101e-05
4.675907187499999475e-05
4.687084999999998171e-05
4.698262812499998900e-05
4.709440624999995564e-05
4.721450468749998806e-05
4.733460312500002048e-05
4.745470156250001901e-05
4.757479999999997689e-05
4.770426171874998013e-05
4.783372343749999693e-05
4.796318515624993918e-05
4.809264687499993564e-05
4.823267890624996555e-05
4.837271093750000902e-05
4.851274296875000505e-05
4.865277500000000785e-05
4.880004687499998921e-05
4.895044374999999945e-05
4.910402812499991079e-05
8.696035625000000718e-04
9.061689843750004051e-04
9.400456562500001181e-04
8.610053281250002345e-04
8.654784999999999909e-04
8.696459687500004108e-04
8.735298437500000485e-04
8.771526874999999298e-04
8.805351562500001329e-04
8.836980781249998860e-04
8.866545624999998786e-04
8.894209843749998397e-04
8.920106250000002599e-04
8.944368281249995365e-04
8.967089999999999827e-04
8.988367499999997930e-04
9.008289375000003759e-04
9.026941406250001436e-04
9.044398437499999270e-04
8.509830468749999014e-04
8.512174999999997695e-04
8.514352734374998517e-04
8.516394375000002669e-04
8.518283203125002687e-04
8.520046875000000276e-04
8.521677500000000675e-04
8.523184375000001159e-04
8.524577499999998632e-04
8.525856875000000683e-04
8.526978789062497795e-04
8.528100703125001411e-04
8.529020820312498488e-04
8.529940937500000986e-04
8.530671132812498282e-04
8.531401328124998832e-04
8.531955664062503041e-04
8.532509999999999661e-04
8.532903398437500760e-04
8.533296796875000775e-04
8.533534570312497052e-04
8.533772343749994414e-04
8.533856484375001083e-04
8.533940625000002332e-04
8.533875312500000931e-04
8.533809999999999530e-04
8.547659999999998592e-04
8.469470000000000210e-04
8.532412500000000023e-04
8.352199999999999078e-04
8.219536249999992873e-04
8.365477499999998071e-04
8.353452499999995760e-04
8.344069999999999005e-04
8.336696874999999533e-04
8.331021562500000874e-04
8.326711562500003485e-04
8.323554374999998871e-04
8.321359531250000548e-04
8.319985937499998216e-04
8.319323281249998980e-04
8.319268749999997326e-04
8.319716562499997973e-04
8.320614062500003702e-04
8.321905156249997416e-04
8.323539374999998092e-04
8.325462968750000411e-04
8.327646875000005574e-04
8.330049218749998761e-04
8.332650000000001340e-04
8.335407910156250903e-04
8.338312382812501384e-04
8.341331542968752214e-04
8.344453515625003138e-04
8.347659003906255639e-04
8.350936367187501751e-04
8.354256542968754602e-04
8.357627656250005577e-04
8.361029121093753588e-04
8.364433398437500118e-04
8.367856738281256130e-04
8.371271015624999565e-04
8.374675292968752601e-04
8.378049570312500827e-04
8.381382910156252170e-04
8.384675312500001207e-04
8.387916191406254596e-04
8.391075195312501208e-04
8.394144199218748570e-04
8.397109453125001753e-04
8.399942597656249663e-04
8.402592460937500802e-04
8.405036933593754882e-04
8.407174843750004440e-04
8.408912519531254329e-04
8.408983945312499802e-04
8.157403183593754485e-04
8.154728984375000976e-04
8.152687363281253862e-04
8.151267148437503843e-04
8.150427871093752705e-04
8.150180000000000358e-04
0.000000000000000000e+00
4.593448378906248556e-05
4.603124257812499996e-05
4.612970136718749098e-05
4.622966015624998528e-05
4.633221894531249207e-05
4.643477773437499885e-05
4.654088105468751155e-05
4.664698437499997682e-05
4.675876406250000498e-05
4.687054374999997215e-05
4.698232343749999352e-05
4.709410312499998780e-05
4.721420234374995611e-05
4.733430156250002606e-05
4.745440078125005536e-05
4.757449999999993558e-05
4.770396367187503943e-05
4.783342734374996711e-05
4.796289101562501675e-05
4.809235468749995120e-05
4.823238789062487479e-05
4.837242109375006942e-05
4.851245429687496590e-05
4.865248749999998435e-05
4.879977343750000439e-05
4.895017187499992029e-05
4.910376406249988173e-05
8.686502812499999598e-04
9.053464921874999731e-04
9.393448281250000491e-04
8.605076640625000228e-04
8.650007499999998141e-04
8.691858281249996388e-04
8.730860468749998896e-04
8.767240625000001335e-04
8.801206406250000657e-04
8.832969140625001638e-04
8.862658437499995687e-04
8.890438671875001454e-04
8.916443124999997574e-04
8.940809140624996322e-04
8.963628124999997292e-04
8.984997187500000327e-04
9.005004687499997950e-04
9.023735703124999589e-04
9.041269218749999450e-04
8.505240234374997340e-04
8.507597500000000160e-04
8.509786835937501381e-04
8.511839062500003213e-04
8.513738007812498990e-04
8.515510937500000380e-04
8.517150312500001595e-04
8.518665312500001054e-04
8.520065937500000000e-04
8.521352187500000602e-04
8.522480566406250273e-04
8.523608945312504282e-04
8.524534394531249094e-04
8.525459843750002580e-04
8.526194550781250213e-04
8.526929257812500013e-04
8.527487128906247483e-04
8.528044999999999289e-04
8.528441464843751485e-04
8.528837929687501512e-04
8.529077832031253716e-04
8.529317734374997247e-04
8.529403398437498778e-04
8.529489062499997056e-04
8.529424531249998496e-04
8.529359999999998852e-04
8.547034999999999052e-04
8.465894999999997589e-04
8.532111250000000294e-04
8.349934999999995399e-04
8.216023125000002135e-04
8.360618750000000038e-04
8.348481249999998395e-04
8.339010000000004986e-04
8.331572812499996950e-04
8.325851406249999784e-04
8.321504531250004458e-04
8.318320937500000732e-04
8.316105078124999377e-04
8.314717343750000151e-04
8.314045703124998054e-04
8.313986874999999745e-04
8.314430781250000280e-04
8.315327656249997665e-04
8.316620390625004610e-04
8.318258437500001103e-04
8.320187421875004921e-04
8.322378437499998753e-04
8.324789296874997215e-04
8.327400000000001077e-04
8.330167666015626197e-04
8.333082988281250575e-04
8.336113779296872722e-04
8.339247851562499054e-04
8.342466025390625570e-04
8.345756386718753122e-04
8.349090029296874155e-04
8.352474765624999737e-04
8.355889912109373948e-04
8.359308339843751854e-04
8.362745673828129566e-04
8.366174101562501124e-04
8.369592529296874693e-04
8.372980957031248873e-04
8.376328291015625168e-04
8.379634531250001409e-04
8.382888994140628340e-04
8.386061269531248658e-04
8.389143544921875148e-04
8.392121445312499114e-04
8.394966884765627749e-04
8.397628496093751229e-04
8.400083818359377038e-04
8.402231484375003237e-04
8.403978876953127619e-04
8.404075644531251287e-04
8.152773193359376782e-04
8.150098398437501026e-04
8.148056611328124933e-04
8.146636464843752317e-04
8.145797412109377416e-04
8.145550000000001184e-04
0.000000000000000000e+00
4.593416093749999829e-05
4.603092187500000749e-05
4.612938281250000686e-05
4.622934375000000275e-05
4.633190468750000434e-05
4.643446562500000592e-05
4.654057031250001655e-05
4.664667500000000007e-05
4.675845625000001521e-05
4.687023750000001679e-05
4.698201874999998449e-05
4.709379999999999285e-05
4.721390000000001225e-05
4.733400000000001810e-05
4.745409999999999006e-05
4.757420000000000268e-05
4.770366562499992933e-05
4.783313125000004571e-05
4.796259687499997235e-05
4.809206250000002097e-05
4.823209687499996698e-05
4.837213125000007562e-05
4.851216562499998774e-05
4.865220000000004217e-05
4.879950000000001279e-05
4.894990000000005119e-05
4.910349999999998819e-05
8.676970000000000646e-04
9.045240000000000832e-04
9.386439999999999801e-04
8.600100000000000279e-04
8.645230000000000709e-04
8.687256874999997342e-04
8.726422499999998391e-04
8.762954375000000119e-04
8.797061249999997817e-04
8.828957499999998994e-04
8.858771250000001263e-04
8.886667499999998006e-04
8.912780000000003391e-04
8.937250000000001617e-04
8.960166249999999095e-04
8.981626874999997304e-04
9.001719999999998646e-04
9.020529999999998827e-04
9.038139999999999629e-04
8.500650000000000003e-04
8.503020000000000456e-04
8.505220937500000992e-04
8.507283750000002674e-04
8.509192812499996377e-04
8.510975000000002653e-04
8.512623125000000346e-04
8.514146249999999866e-04
8.515554375000000285e-04
8.516847500000000520e-04
8.517982343750003836e-04
8.519117187500000648e-04
8.520047968749996448e-04
8.520978749999999838e-04
8.521717968750002143e-04
8.522457187500000111e-04
8.523018593749999514e-04
8.523580000000000002e-04
8.523979531249997873e-04
8.524379062499996829e-04
8.524621093749997370e-04
8.524863125000002248e-04
8.524950312499998640e-04
8.525037499999997201e-04
8.524973750000002567e-04
8.524909999999999259e-04
8.546409999999997342e-04
8.462320000000001473e-04
8.531810000000001649e-04
8.347670000000000394e-04
8.212509999999998388e-04
8.355759999999995500e-04
8.343509999999997777e-04
8.333949999999997957e-04
8.326448750000001956e-04
8.320681250000000863e-04
8.316297499999997841e-04
8.313087500000003677e-04
8.310850625000002542e-04
8.309448749999999917e-04
8.308768125000001465e-04
8.308705000000001081e-04
8.309144999999999335e-04
8.310041250000000301e-04
8.311335625000000962e-04
8.312977500000003029e-04
8.314911874999998589e-04
8.317110000000000605e-04
8.319529374999996753e-04
8.322150000000002983e-04
8.324927421875000406e-04
8.327853593750001934e-04
8.330896015625002989e-04
8.334042187499999307e-04
8.337273046875002007e-04
8.340576406250001240e-04
8.343923515624999130e-04
8.347321874999999317e-04
8.350750703125002982e-04
8.354183281249999253e-04
8.357634609375000833e-04
8.361077187499999430e-04
8.364509765624998953e-04
8.367912343750002341e-04
8.371273671875000336e-04
8.374593750000000527e-04
8.377861796874999916e-04
8.381047343750001530e-04
8.384142890625001726e-04
8.387133437500000812e-04
8.389991171875000415e-04
8.392664531250001655e-04
8.395130703125000277e-04
8.397288124999999865e-04
8.399045234375004162e-04
8.399167343750000604e-04
8.148143203125001247e-04
8.145467812500002160e-04
8.143425859374999257e-04
8.142005781250002960e-04
8.141166953125002128e-04
8.140919999999999841e-04
0.000000000000000000e+00
4.593382402343749944e-05
4.603057304687498510e-05
4.612902207031249481e-05
4.622897109374999425e-05
4.633152011718751295e-05
4.643406914062497745e-05
4.654016113281250831e-05
4.664625312499999174e-05
4.675802187500001616e-05
4.686979062500002026e-05
4.698155937499995659e-05
4.709332812499992681e-05
4.721341484374999927e-05
4.733350156249997010e-05
4.745358828124996803e-05
4.757367500000000661e-05
4.770312382812502071e-05
4.783257265624996703e-05
4.796202148437496757e-05
4.809147031250002232e-05
4.823148710937499113e-05
4.837150390625000060e-05
4.851152070312496941e-05
4.865153749999991790e-05
4.879882343749988372e-05
4.894919687499992662e-05
4.910278906250007780e-05
8.667327812499997465e-04
9.036910859375000410e-04
9.379327656250000759e-04
8.595149453125001775e-04
8.640457499999999562e-04
8.682663867187500380e-04
8.721996328124998182e-04
8.758683320312503915e-04
8.792934687500001453e-04
8.824967851562499953e-04
8.854909453124997810e-04
8.882925117187501088e-04
8.909149062500004192e-04
8.933725039062498678e-04
8.956740546874999206e-04
8.978294726562496960e-04
8.998475468749999890e-04
9.017370195312505348e-04
9.035057421874998027e-04
8.496084648437500410e-04
8.498464375000001165e-04
8.500676796875003246e-04
8.502750078125003753e-04
8.504669140625003036e-04
8.506460468749997995e-04
8.508117226562501986e-04
8.509648359374997291e-04
8.511063867187501413e-04
8.512363750000002428e-04
8.513504941406249693e-04
8.514646132812499126e-04
8.515582128906252482e-04
8.516518124999998248e-04
8.517261738281250950e-04
8.518005351562500400e-04
8.518570175781251799e-04
8.519134999999999945e-04
8.519537597656252166e-04
8.519940195312501133e-04
8.520184355468754349e-04
8.520428515624997807e-04
8.520517226562499902e-04
8.520605937499998745e-04
8.520542968750003700e-04
8.520479999999997812e-04
8.546624999999999101e-04
8.458814999999999954e-04
8.531705000000002707e-04
8.345494999999997048e-04
8.209050000000000288e-04
8.350899999999997041e-04
8.338546250000001886e-04
8.328905000000003632e-04
8.321339375000002484e-04
8.315525468749999797e-04
8.311104531250000085e-04
8.307867812499999385e-04
8.305609609375000802e-04
8.304193281250004700e-04
8.303503359374997048e-04
8.303435625000001258e-04
8.303871406250004986e-04
8.304766718749998855e-04
8.306062421875005323e-04
8.307707812500001203e-04
8.309647265624999510e-04
8.311852187499996865e-04
8.314279765624999537e-04
8.316910000000000708e-04
8.319697021484374856e-04
8.322633886718750363e-04
8.325687783203126070e-04
8.328845898437500046e-04
8.332089287109375759e-04
8.335405488281250009e-04
8.338765908203125922e-04
8.342177734375001881e-04
8.345620087890624240e-04
8.349066660156251969e-04
8.352531826171878584e-04
8.355988398437501049e-04
8.359434970703126608e-04
8.362851542968750612e-04
8.366226708984376894e-04
8.369560468750002202e-04
8.372841943359373047e-04
8.376040605468756039e-04
8.379149267578128940e-04
8.382152304687499975e-04
8.385022177734376050e-04
8.387707128906252965e-04
8.390183994140624482e-04
8.392351015625001878e-04
8.394117685546877497e-04
8.394264980468753301e-04
8.143518994140623753e-04
8.140842851562500333e-04
8.138800576171876123e-04
8.137380410156252976e-04
8.136541650390627378e-04
8.136295000000001287e-04
0.000000000000000000e+00
4.593348710937499382e-05
4.603022421874999659e-05
4.612866132812500308e-05
4.622859843750001287e-05
4.633113554687502835e-05
4.643367265625001673e-05
4.653975195312500007e-05
4.664583125000001728e-05
4.675758749999999001e-05
4.686934375000003728e-05
4.698109999999996935e-05
4.709285625000002339e-05
4.721292968750000663e-05
4.733300312499998986e-05
4.745307656250002053e-05
4.757314999999999699e-05
4.770258203124996978e-05
4.783201406249995612e-05
4.796144609374993568e-05
4.809087812500009143e-05
4.823087734374994075e-05
4.837087656249999335e-05
4.851087578124997819e-05
4.865087500000007145e-05
4.879814687499996472e-05
4.894849374999999178e-05
4.910207812499981503e-05
8.657685625000000789e-04
9.028581718750001072e-04
9.372215312499998464e-04
8.590198906249998934e-04
8.635684999999998415e-04
8.678070859375001250e-04
8.717570156249999057e-04
8.754412265625000121e-04
8.788808125000001836e-04
8.820978203125001997e-04
8.851047656249998695e-04
8.879182734375000918e-04
8.905518124999999572e-04
8.930200078124996823e-04
8.953314843750001485e-04
8.974962578124996617e-04
8.995230937500000050e-04
9.014210390625002111e-04
9.031974843749999678e-04
8.491519296874998650e-04
8.493908750000000790e-04
8.496132656250000078e-04
8.498216406250002665e-04
8.500145468750001021e-04
8.501945937500002010e-04
8.503611328125003626e-04
8.505150468750000137e-04
8.506573359374997121e-04
8.507879999999998916e-04
8.509027539062502055e-04
8.510175078125003026e-04
8.511116289062500926e-04
8.512057499999999910e-04
8.512805507812497589e-04
8.513553515624999605e-04
8.514121757812501915e-04
8.514689999999998805e-04
8.515095664062501037e-04
8.515501328124997849e-04
8.515747617187497233e-04
8.515993906249994449e-04
8.516084140625000080e-04
8.516174375000001373e-04
8.516112187500003749e-04
8.516050000000000703e-04
8.546839999999998692e-04
8.455309999999994098e-04
8.531599999999999427e-04
8.343319999999999122e-04
8.205589999999995682e-04
8.346039999999998581e-04
8.333582499999994068e-04
8.323859999999999549e-04
8.316230000000004096e-04
8.310369687499998730e-04
8.305911562499999077e-04
8.302648124999998346e-04
8.300368593749997978e-04
8.298937812499997558e-04
8.298238593750003472e-04
8.298166249999998183e-04
8.298597812499998710e-04
8.299492187500000662e-04
8.300789218749998841e-04
8.302438124999997207e-04
8.304382656249998263e-04
8.306594374999997461e-04
8.309030156250004490e-04
8.311670000000001687e-04
8.314466621093749305e-04
8.317414179687497707e-04
8.320479550781250235e-04
8.323649609374998617e-04
8.326905527343747343e-04
8.330234570312498778e-04
8.333608300781246208e-04
8.337033593749997940e-04
8.340489472656250920e-04
8.343950039062496011e-04
8.347429042968749829e-04
8.350899609375000499e-04
8.354360175781247759e-04
8.357790742187502135e-04
8.361179746093752368e-04
8.364527187500001709e-04
8.367822089843751599e-04
8.371033867187501875e-04
8.374155644531252902e-04
8.377171171874996970e-04
8.380053183593754937e-04
8.382749726562498853e-04
8.385237285156251939e-04
8.387413906250002806e-04
8.389190136718751916e-04
8.389362617187500577e-04
8.138894785156250596e-04
8.136217890624997421e-04
8.134175292968752989e-04
8.132755039062504075e-04
8.131916347656250460e-04
8.131670000000001649e-04
0.000000000000000000e+00
4.593316582031249353e-05
4.602990664062500518e-05
4.612834746093750024e-05
4.622828828124999180e-05
4.633082910156248230e-05
4.643336992187497279e-05
4.653945214843750202e-05
4.664553437499999059e-05
4.675729374999997116e-05
4.686905312499997883e-05
4.698081250000000683e-05
4.709257187499998740e-05
4.721264765624995450e-05
4.733272343749999613e-05
4.745279921875001066e-05
4.757287500000001164e-05
4.770230585937501621e-05
4.783173671874996658e-05
4.796116757812498470e-05
4.809059843749999605e-05
4.823059570312502258e-05
4.837059296875004911e-05
4.851059023437494688e-05
4.865058749999995986e-05
4.879786093749995530e-05
4.894819687500004640e-05
4.910178906249996041e-05
8.648047812499999642e-04
9.020257109375000434e-04
9.365107656250002376e-04
8.585253203125001132e-04
8.630917499999998972e-04
8.673483007812495069e-04
8.713149296874999304e-04
8.750146679687497786e-04
8.784687187500004680e-04
8.816994335937497745e-04
8.847191796875000791e-04
8.875446445312500793e-04
8.901893437499998167e-04
8.926681523437498102e-04
8.949895703125000310e-04
8.971637148437501411e-04
8.991993281250000927e-04
9.011057617187498425e-04
9.028899453124996461e-04
8.486961289062501697e-04
8.489360625000000804e-04
8.491596171875003722e-04
8.493690546874999633e-04
8.495629765624999148e-04
8.497439531249999581e-04
8.499113710937503076e-04
8.500661015625001794e-04
8.502091445312502400e-04
8.503404999999995134e-04
8.504559042968750813e-04
8.505713085937499987e-04
8.506659667968752107e-04
8.507606250000000975e-04
8.508358808593748969e-04
8.509111367187498047e-04
8.509683183593751187e-04
8.510254999999999990e-04
8.510663730468751150e-04
8.511072460937499059e-04
8.511320878906251117e-04
8.511569296874999923e-04
8.511661054687505836e-04
8.511752812499999822e-04
8.511691406250000702e-04
8.511629999999998329e-04
8.548495000000005777e-04
8.451875000000001270e-04
8.531660000000005793e-04
8.341239999999998898e-04
8.202190000000002864e-04
8.341195000000003069e-04
8.328631250000004607e-04
8.318824999999998877e-04
8.311130312500001694e-04
8.305223281250001402e-04
8.300727656249999803e-04
8.297437187500004627e-04
8.295136015624999387e-04
8.293690468750003486e-04
8.292981640625000364e-04
8.292904375000002002e-04
8.293331406249999493e-04
8.294224531250001019e-04
8.295522578125005169e-04
8.297174687499999680e-04
8.299123984374998228e-04
8.301342187500002686e-04
8.303785859374997972e-04
8.306434999999997865e-04
8.309241533203125295e-04
8.312200097656252933e-04
8.315277255859372359e-04
8.318459570312501487e-04
8.321728330078126314e-04
8.325070527343746097e-04
8.328457880859381143e-04
8.331896953125001977e-04
8.335366669921872402e-04
8.338841542968753124e-04
8.342334697265627475e-04
8.345819570312499680e-04
8.349294443359376065e-04
8.352739316406250893e-04
8.356142470703122743e-04
8.359503906250000289e-04
8.362812548828125808e-04
8.366037753906250792e-04
8.369172958984375443e-04
8.372201289062498886e-04
8.375095751953123401e-04
8.377804199218752586e-04
8.380302763671875150e-04
8.382489296875001491e-04
8.384275400390626097e-04
8.384473378906251786e-04
8.134284013671874702e-04
8.131606679687500283e-04
8.129564072265624622e-04
8.128144042968750860e-04
8.127305732421876653e-04
8.127060000000000620e-04
0.000000000000000000e+00
4.593284453124999323e-05
4.602958906250001378e-05
4.612803359374999739e-05
4.622797812500000462e-05
4.633052265625001756e-05
4.643306718750000339e-05
4.653915234375000397e-05
4.664523749999999777e-05
4.675699999999998618e-05
4.686876250000000170e-05
4.698052499999997656e-05
4.709228750000001918e-05
4.721236562500001079e-05
4.733244375000000240e-05
4.745252187499993303e-05
4.757260000000001950e-05
4.770202968749998133e-05
4.783145937500000414e-05
4.796088906249997951e-05
4.809031875000001588e-05
4.823031406250003665e-05
4.837030937499997612e-05
4.851030468749994269e-05
4.865030000000010576e-05
4.879757500000003398e-05
4.894790000000001293e-05
4.910150000000006512e-05
8.638410000000000663e-04
9.011932499999998711e-04
9.358000000000003035e-04
8.580307499999998994e-04
8.626150000000000614e-04
8.668895156250000815e-04
8.708728437500002804e-04
8.745881093750001957e-04
8.780566250000001018e-04
8.813010468749999998e-04
8.843335937500000719e-04
8.871710156250000668e-04
8.898268749999998931e-04
8.923162968750001549e-04
8.946476562500002387e-04
8.968311718749995363e-04
8.988755624999998552e-04
9.007904843749996908e-04
9.025824062500000834e-04
8.482403281250003660e-04
8.484812500000000817e-04
8.487059687500001946e-04
8.489164687499998769e-04
8.491114062499998359e-04
8.492933125000000404e-04
8.494616093749999272e-04
8.496171562499999115e-04
8.497609531250000089e-04
8.498930000000001110e-04
8.500090546875001740e-04
8.501251093750002369e-04
8.502203046875004373e-04
8.503155000000002040e-04
8.503912109375000349e-04
8.504669218750000826e-04
8.505244609375001543e-04
8.505820000000001175e-04
8.506231796874998011e-04
8.506643593749999184e-04
8.506894140624998496e-04
8.507144687499999976e-04
8.507237968750002918e-04
8.507331249999998271e-04
8.507270624999999824e-04
8.507210000000000293e-04
8.550149999999997683e-04
8.448439999999999769e-04
8.531719999999999148e-04
8.339159999999999759e-04
8.198790000000003540e-04
8.336350000000001051e-04
8.323680000000002136e-04
8.313790000000001457e-04
8.306030625000000375e-04
8.300076875000001906e-04
8.295543750000001614e-04
8.292226250000001150e-04
8.289903437499999712e-04
8.288443125000003993e-04
8.287724687500002676e-04
8.287642499999999315e-04
8.288065000000000276e-04
8.288956874999998123e-04
8.290255937500006075e-04
8.291911250000001069e-04
8.293865312500002529e-04
8.296090000000003574e-04
8.298541562500005549e-04
8.301200000000001633e-04
8.304016445312500201e-04
8.306986015625000570e-04
8.310074960937502073e-04
8.313269531250003274e-04
8.316551132812504202e-04
8.319906484374999921e-04
8.323307460937497647e-04
8.326760312499998425e-04
8.330243867187499306e-04
8.333733046875000479e-04
8.337240351562497532e-04
8.340739531250002115e-04
8.344228710937497866e-04
8.347687890624997482e-04
8.351105195312498539e-04
8.354480624999996701e-04
8.357803007812501100e-04
8.361041640625001877e-04
8.364190273437500153e-04
8.367231406250002970e-04
8.370138320312499455e-04
8.372858671874999813e-04
8.375368242187499444e-04
8.377564687499999092e-04
8.379360664062498109e-04
8.379584140625005164e-04
8.129673242187499893e-04
8.126995468750002061e-04
8.124952851562498423e-04
8.123533046875001983e-04
8.122695117187499593e-04
8.122450000000001761e-04
0.000000000000000000e+00
4.593249042968749530e-05
4.602920585937500677e-05
4.612762128906248808e-05
4.622753671874999979e-05
4.633005214843748332e-05
4.643256757812497362e-05
4.653862285156250891e-05
4.664467812500002386e-05
4.675641093749999537e-05
4.686814375000001432e-05
4.697987656250004004e-05
4.709160937499996412e-05
4.721165703124998938e-05
4.733170468750003498e-05
4.745175234374999926e-05
4.757180000000001097e-05
4.770120039062498144e-05
4.783060078124999934e-05
4.796000117187501725e-05
4.808940156250000127e-05
4.822936679687495249e-05
4.836933203125012056e-05
4.850929726562486173e-05
4.864926250000000947e-05
4.879652031250004702e-05
4.894681562500002940e-05
4.910036718749995666e-05
8.628660937499996273e-04
9.003525078125002631e-04
9.350837968750000872e-04
8.575335859375001835e-04
8.621384999999998772e-04
8.664309882812498698e-04
8.704310234374999485e-04
8.741618242187498182e-04
8.776448124999995876e-04
8.809029492187499645e-04
8.839483046874998000e-04
8.867976914062502191e-04
8.894647187499999134e-04
8.919647617187501142e-04
8.943060703125003822e-04
8.964989648437498388e-04
8.985521406249997621e-04
9.004755585937501130e-04
9.022752265625001147e-04
8.477848945312499353e-04
8.480268125000002110e-04
8.482527031249999239e-04
8.484642734375001270e-04
8.486602343749998726e-04
8.488430781249998005e-04
8.490122617187503048e-04
8.491686328125001805e-04
8.493131914062505275e-04
8.494459375000001531e-04
8.495626503906249238e-04
8.496793632812502366e-04
8.497751035156249876e-04
8.498708437499998469e-04
8.499470175781249220e-04
8.500231914062504309e-04
8.500810957031249308e-04
8.501389999999999728e-04
8.501805488281252753e-04
8.502220976562499272e-04
8.502474277343750929e-04
8.502727578125002586e-04
8.502823007812503314e-04
8.502918437499999704e-04
8.502859218749998348e-04
8.502799999999998077e-04
8.555707500000004143e-04
8.445070000000002002e-04
8.472822500000002852e-04
8.117019999999998663e-04
8.136332499999996727e-04
8.331519999999997643e-04
8.318740000000002417e-04
8.308770000000000478e-04
8.300945312500003417e-04
8.294944218749998426e-04
8.290372968749998685e-04
8.287027812500001936e-04
8.284682734374999207e-04
8.283207031250002916e-04
8.282478359375001565e-04
8.282390624999998955e-04
8.282807968750000461e-04
8.283697968749999295e-04
8.284997421875001621e-04
8.286655312500001763e-04
8.288613515624995622e-04
8.290844062500002257e-04
8.293302890625000407e-04
8.295969999999998432e-04
8.298796201171873641e-04
8.301776621093750076e-04
8.304877197265622896e-04
8.308083867187499505e-04
8.311378154296876616e-04
8.314746503906250523e-04
8.318160947265625105e-04
8.321627421875001573e-04
8.325124658203126487e-04
8.328627988281251445e-04
8.332149287109373451e-04
8.335662617187499651e-04
8.339165947265624610e-04
8.342639277343749096e-04
8.346070576171877274e-04
8.349459843750001555e-04
8.352795810546872991e-04
8.356047714843748558e-04
8.359209619140622709e-04
8.362263398437500645e-04
8.365182607421875688e-04
8.367914707031252723e-04
8.370435126953126252e-04
8.372641328125000372e-04
8.374447021484374967e-04
8.374695839843749375e-04
8.125063251953124673e-04
8.122384882812500257e-04
8.120342099609378483e-04
8.118922363281248604e-04
8.118084658203130041e-04
8.117840000000001817e-04
0.000000000000000000e+00
4.593215195312500270e-05
4.602885390624999687e-05
4.612725585937500831e-05
4.622715781249999594e-05
4.632965976562500283e-05
4.643216171875000971e-05
4.653820273437498338e-05
4.664424375000000448e-05
4.675596249999997798e-05
4.686768124999995825e-05
4.697940000000001305e-05
4.709111875000002720e-05
4.721115156250003725e-05
4.733118437499996597e-05
4.745121718750002344e-05
4.757124999999999960e-05
4.770063671875001793e-05
4.783002343749999559e-05
4.795941015624998003e-05
4.808879687499996447e-05
4.822874765624991246e-05
4.836869843749995533e-05
4.850864921874999819e-05
4.864860000000012237e-05
4.879585625000009162e-05
4.894613750000003532e-05
4.909965625000008692e-05
8.618916249999999338e-04
8.995122187500003081e-04
9.343680624999997327e-04
8.570369062499998873e-04
8.616624999999997550e-04
8.659729765625000372e-04
8.699897343749999875e-04
8.737360859374998035e-04
8.772335625000002952e-04
8.805054296875002755e-04
8.835636093750000829e-04
8.864249765625001592e-04
8.891031874999999300e-04
8.916138671874999531e-04
8.939651406249999634e-04
8.961674296874998962e-04
8.982294062499998491e-04
9.001613359375001651e-04
9.019687656250002013e-04
8.473301953125000939e-04
8.475731250000001623e-04
8.478002031250003344e-04
8.480128593750003996e-04
8.482098593750001404e-04
8.483936562500003255e-04
8.485637421875001380e-04
8.487209531249997885e-04
8.488662890624999431e-04
8.489997499999998431e-04
8.491171367187498554e-04
8.492345234375000846e-04
8.493308242187501368e-04
8.494271250000001890e-04
8.495037773437499580e-04
8.495804296875002692e-04
8.496387148437501650e-04
8.496969999999999523e-04
8.497389179687501147e-04
8.497808359375001687e-04
8.498064414062498099e-04
8.498320468749997764e-04
8.498418046874997361e-04
8.498515625000000210e-04
8.498457812500000283e-04
8.498399999999999271e-04
8.561289999999999612e-04
8.441739999999998360e-04
8.532190000000001127e-04
8.131369999999998009e-04
8.192120000000001519e-04
8.326690000000000740e-04
8.313799999999997277e-04
8.303749999999999500e-04
8.295860624999999624e-04
8.289812812499998624e-04
8.285204062499999106e-04
8.281831875000003574e-04
8.279465156249999225e-04
8.277974687499999864e-04
8.277236406250003571e-04
8.277143749999998131e-04
8.277556562500003106e-04
8.278445312500001515e-04
8.279745781250000053e-04
8.281406874999997425e-04
8.283369843749996365e-04
8.285606875000006092e-04
8.288073593749999005e-04
8.290749999999998641e-04
8.293585957031253744e-04
8.296577226562497570e-04
8.299689433593751466e-04
8.302908203124995893e-04
8.306215175781251356e-04
8.309596523437499114e-04
8.313024433593749467e-04
8.316504531250001626e-04
8.320015449218750572e-04
8.323532929687501485e-04
8.327068222656251696e-04
8.330595703125001682e-04
8.334113183593748258e-04
8.337600664062501951e-04
8.341045957031247493e-04
8.344449062500002229e-04
8.347798613281250460e-04
8.351063789062501902e-04
8.354238964843748675e-04
8.357305390624998479e-04
8.360236894531252079e-04
8.362980742187501454e-04
8.365512011718751048e-04
8.367727968750002894e-04
8.369543378906249814e-04
8.369817539062501333e-04
8.120463261718746358e-04
8.117784296875001863e-04
8.115741347656251110e-04
8.114321679687500804e-04
8.113484199218751972e-04
8.113240000000000946e-04
0.000000000000000000e+00
4.593182910156250187e-05
4.602853320312501795e-05
4.612693730468751064e-05
4.622684140624999985e-05
4.632934550781248121e-05
4.643184960937498290e-05
4.653789199218748160e-05
4.664393437499995997e-05
4.675565468750000854e-05
4.686737499999998256e-05
4.697909531249996336e-05
4.709081562499999160e-05
4.721084921875000529e-05
4.733088281249998511e-05
4.745091640624997170e-05
4.757094999999994474e-05
4.770033867187496203e-05
4.782972734374993867e-05
4.795911601562500339e-05
4.808850468749996648e-05
4.822845664062494367e-05
4.836840859374994119e-05
4.850836054687501325e-05
4.864831249999995656e-05
4.879558281250007292e-05
4.894586562499994261e-05
4.909936718749998834e-05
8.609175937499999017e-04
8.986723828124995725e-04
9.336527968749999988e-04
8.565407109374998783e-04
8.611869999999999118e-04
8.655154804687499332e-04
8.695489765624997468e-04
8.733108945312498261e-04
8.768228749999999478e-04
8.801084882812499569e-04
8.831795078124992943e-04
8.860528710937499953e-04
8.887422812500003766e-04
8.912636132812499969e-04
8.936248671874999581e-04
8.958365664062494915e-04
8.979073593750000080e-04
8.998478164062500640e-04
9.016630234374998012e-04
8.468762304687497576e-04
8.471201875000000442e-04
8.473484687500001250e-04
8.475622265625001525e-04
8.477602812500000971e-04
8.479450468750000976e-04
8.481160507812501859e-04
8.482741171875000366e-04
8.484202460937497739e-04
8.485544375000001567e-04
8.486725136718752940e-04
8.487905898437496724e-04
8.488874667968750176e-04
8.489843437500000376e-04
8.490614902343750344e-04
8.491386367187499229e-04
8.491973183593750979e-04
8.492559999999998391e-04
8.492981621093748188e-04
8.493403242187497985e-04
8.493660800781252821e-04
8.493918359375001153e-04
8.494016835937502445e-04
8.494115312500001569e-04
8.494057656250003727e-04
8.493999999999999381e-04
8.525352500000000534e-04
8.438440000000000610e-04
8.532515000000001366e-04
8.145989999999998354e-04
8.188775000000002519e-04
8.321879999999997647e-04
8.308869999999998800e-04
8.298730000000000689e-04
8.290775312500000497e-04
8.284680156249998395e-04
8.280033281250001598e-04
8.276633437499996771e-04
8.274244453124997636e-04
8.272738593749997702e-04
8.271990078125000291e-04
8.271891874999999939e-04
8.272299531249996786e-04
8.273186406250001602e-04
8.274487265624999935e-04
8.276150937500004624e-04
8.278118046874995964e-04
8.280360937499996101e-04
8.282834921875002537e-04
8.285519999999999777e-04
8.288366025390622683e-04
8.291368457031248916e-04
8.294492607421870712e-04
8.297723789062500140e-04
8.301043759765621864e-04
8.304438417968748728e-04
8.307880107421872521e-04
8.311374140625000205e-04
8.314899052734376272e-04
8.318430996093755143e-04
8.321980595703125805e-04
8.325522539062498329e-04
8.329054482421875032e-04
8.332556425781249094e-04
8.336016025390625929e-04
8.339433281250000114e-04
8.342796728515623891e-04
8.346075488281249960e-04
8.349264248046873527e-04
8.352343632812501539e-04
8.355287744140625942e-04
8.358043652343750745e-04
8.360586083984372988e-04
8.362812109375002394e-04
8.364637548828131233e-04
8.364937363281249941e-04
8.115861708984375370e-04
8.113182460937500874e-04
8.111139658203125316e-04
8.109720371093751164e-04
8.108883427734375152e-04
8.108640000000000075e-04
0.000000000000000000e+00
4.593152187499999960e-05
4.602824375000000903e-05
4.612666562499998153e-05
4.622658749999999797e-05
4.632910937500000657e-05
4.643163124999998128e-05
4.653769062500000357e-05
4.664374999999999874e-05
4.675548749999999896e-05
4.686722499999998562e-05
4.697896250000001972e-05
4.709069999999995217e-05
4.721074999999998840e-05
4.733079999999998397e-05
4.745085000000002698e-05
4.757090000000000900e-05
4.770030625000003737e-05
4.782971249999996410e-05
4.795911874999999247e-05
4.808852499999998696e-05
4.822849375000001223e-05
4.836846250000007138e-05
4.850843125000000179e-05
4.864839999999994574e-05
4.879569999999996380e-05
4.894600000000009685e-05
4.909949999999988456e-05
8.599439999999996392e-04
8.978330000000002246e-04
9.329380000000001266e-04
8.560449999999999397e-04
8.607120000000000222e-04
8.650584999999998831e-04
8.691087499999997686e-04
8.728862500000002115e-04
8.764127500000002801e-04
8.797121250000003098e-04
8.827959999999997111e-04
8.856813750000002696e-04
8.883819999999998437e-04
8.909140000000000288e-04
8.932852500000000411e-04
8.955063749999998173e-04
8.975859999999999134e-04
8.995350000000001348e-04
9.013579999999996734e-04
8.464230000000000104e-04
8.466679999999999649e-04
8.468974999999999463e-04
8.471123750000003616e-04
8.473115000000000681e-04
8.474972499999997673e-04
8.476691875000000147e-04
8.478281250000001658e-04
8.479750624999999112e-04
8.481100000000000097e-04
8.482287812500000470e-04
8.483475624999998674e-04
8.484450312499999553e-04
8.485425000000001517e-04
8.486201562499998260e-04
8.486978125000001509e-04
8.487569062500003800e-04
8.488160000000000670e-04
8.488584062499997555e-04
8.489008125000000946e-04
8.489267187499997943e-04
8.489526250000000362e-04
8.489625624999999013e-04
8.489724999999996580e-04
8.489667499999997572e-04
8.489609999999998564e-04
8.489450000000001465e-04
8.435199999999997301e-04
8.533010000000001028e-04
8.160889999999997686e-04
8.185569999999999218e-04
8.317069999999998891e-04
8.303950000000000480e-04
8.293730000000000026e-04
8.285709999999999516e-04
8.279567499999997398e-04
8.274882500000001152e-04
8.271455000000000040e-04
8.269043750000000699e-04
8.267522500000004529e-04
8.266763749999999494e-04
8.266659999999996641e-04
8.267062499999999455e-04
8.267947499999999837e-04
8.269248750000004469e-04
8.270915000000002380e-04
8.272886249999996961e-04
8.275135000000001604e-04
8.277616250000002047e-04
8.280310000000001228e-04
8.283165781250004028e-04
8.286179062500001989e-04
8.289314843750001608e-04
8.292558124999998854e-04
8.295890781250003267e-04
8.299298437500000729e-04
8.302753593750001378e-04
8.306261250000001499e-04
8.309799843749999431e-04
8.313345937500002088e-04
8.316909531249999871e-04
8.320465624999999433e-04
8.324011718750001006e-04
8.327527812499998855e-04
8.331001406249998473e-04
8.334432500000000946e-04
8.337809531250000433e-04
8.341101562500001293e-04
8.344303593750000735e-04
8.347395625000002782e-04
8.350352031250003575e-04
8.353119687499999634e-04
8.355672968750004447e-04
8.357908750000000737e-04
8.359743906250004068e-04
8.360069062499998803e-04
8.111271718750003717e-04
8.108591875000000469e-04
8.106548906250005690e-04
8.105129687500002436e-04
8.104292968750000494e-04
8.104050000000000446e-04
0.000000000000000000e+00
4.593117714843748453e-05
4.602787929687500164e-05
4.612628144531249536e-05
4.622618359374997882e-05
4.632868574218748832e-05
4.643118789062501814e-05
4.653722675781251056e-05
4.664326562499997587e-05
4.675498281249997593e-05
4.686669999999997600e-05
4.697841718749992863e-05
4.709013437499999646e-05
4.721016328124990691e-05
4.733019218749995967e-05
4.745022109374996499e-05
4.757024999999994320e-05
4.769963476562494222e-05
4.782901953124996835e-05
4.795840429687495382e-05
4.808778906249997317e-05
4.822773554687495188e-05
4.836768203124985606e-05
4.850762851562499063e-05
4.864757499999997612e-05
4.879480937499999890e-05
4.894509374999989624e-05
4.909857812500004453e-05
8.589615624999996949e-04
8.969850468749996416e-04
9.322150312500000020e-04
8.555508906250002422e-04
8.602359999999999000e-04
8.646008046875001008e-04
8.686680937500000166e-04
8.724614609375002392e-04
8.760027656250003215e-04
8.793161875000004386e-04
8.824132031249996453e-04
8.853108750000001281e-04
8.880229999999999374e-04
8.905659375000002202e-04
8.929474531249998164e-04
8.951782734374996936e-04
8.972669999999998780e-04
8.992239999999999001e-04
8.457060000000001052e-04
8.459699999999999252e-04
8.462169999999996943e-04
8.464476445312501575e-04
8.466635624999998069e-04
8.468636835937498565e-04
8.470503437499997271e-04
8.472231406249996306e-04
8.473828749999997960e-04
8.475305468750003474e-04
8.476661562499998755e-04
8.477855683593752854e-04
8.479049804687501532e-04
8.480029667968751314e-04
8.481009531250001095e-04
8.481790449218751509e-04
8.482571367187500839e-04
8.483165683593752978e-04
8.483759999999998611e-04
8.484187753906249517e-04
8.484615507812501506e-04
8.484877324218750849e-04
8.485139140624999108e-04
8.485240664062498796e-04
8.485342187500001737e-04
8.485286093749998737e-04
8.485229999999996820e-04
8.485013749999997888e-04
8.431950000000001423e-04
8.533505000000000690e-04
8.176069999999994922e-04
8.182252499999999838e-04
8.312194999999999653e-04
8.298993750000000641e-04
8.288720000000000289e-04
8.280632812500000450e-04
8.274441093749999301e-04
8.269716093750001341e-04
8.266259062499997342e-04
8.263823671874998781e-04
8.262285156250000857e-04
8.261514296875000028e-04
8.261403125000002165e-04
8.261802343749995864e-04
8.262687343750001667e-04
8.263990859375002938e-04
8.265661562500003926e-04
8.267638828125001846e-04
8.269895312500004586e-04
8.272385703125003471e-04
8.275090000000002522e-04
8.277955849609375293e-04
8.280980292968748071e-04
8.284128017578124264e-04
8.287383710937503258e-04
8.290729365234375016e-04
8.294150332031248333e-04
8.297619267578124590e-04
8.301140859375005657e-04
8.304693447265626373e-04
8.308254003906251567e-04
8.311831904296878475e-04
8.315402460937499490e-04
8.318963017578125769e-04
8.322493574218748323e-04
8.325981474609377066e-04
8.329426718750002241e-04
8.332817646484375106e-04
8.336123261718747339e-04
8.339338876953124660e-04
8.342443867187497326e-04
8.345412880859376511e-04
8.348192597656253419e-04
8.350757041015626544e-04
8.353002890625000395e-04
8.354848076171875887e-04
8.355198886718749737e-04
8.106680166015627466e-04
8.104000039062500722e-04
8.101957216796878969e-04
8.100538378906252954e-04
8.099702197265626000e-04
8.099460000000002985e-04
0.000000000000000000e+00
4.593086367187501401e-05
4.602757734375000878e-05
4.612599101562498696e-05
4.622590468750000230e-05
4.632841835937500979e-05
4.643093203124996985e-05
4.653698164062497694e-05
4.664303125000001792e-05
4.675475937499996750e-05
4.686648750000000518e-05
4.697821562499997509e-05
4.708994374999997889e-05
4.720998281250001817e-05
4.733002187500001001e-05
4.745006093749998830e-05
4.757010000000001402e-05
4.769949453124996047e-05
4.782888906249996790e-05
4.795828359375001599e-05
4.808767812499997599e-05
4.822763359374994591e-05
4.836758906249997682e-05
4.850754453125004839e-05
4.864749999999998443e-05
4.879470000000001582e-05
4.894500000000004045e-05
4.909849999999997045e-05
8.579800000000001575e-04
8.961380000000000994e-04
9.314930000000001429e-04
8.550577499999998179e-04
8.597609999999999020e-04
8.641441093750000090e-04
8.682284375000002804e-04
8.720376718749998490e-04
8.755937812500000535e-04
8.789212499999997158e-04
8.820314062500001374e-04
8.849413750000000023e-04
8.876650000000002637e-04
8.902188749999999937e-04
8.926106562499999328e-04
8.948511718749999110e-04
8.969489999999999668e-04
8.989139999999998980e-04
8.452519999999996789e-04
8.455180000000003977e-04
8.457660000000001826e-04
8.459978515624999021e-04
8.462148750000001622e-04
8.464160546875000883e-04
8.466036875000004227e-04
8.467774062500001662e-04
8.469379999999998793e-04
8.470864687499997945e-04
8.472228125000003454e-04
8.473429179687500109e-04
8.474630234375001101e-04
8.475615898437499456e-04
8.476601562500002147e-04
8.477387460937502650e-04
8.478173359375000984e-04
8.478771679687502642e-04
8.479369999999997794e-04
8.479800195312502294e-04
8.480230390624999203e-04
8.480493710937498297e-04
8.480757031249997390e-04
8.480859453125002027e-04
8.480961875000001243e-04
8.480905937500003581e-04
8.480850000000001582e-04
8.480647499999998664e-04
8.428839999999996908e-04
8.534209999999999323e-04
8.191529999999997650e-04
8.179149999999995712e-04
8.307470000000001693e-04
8.294122499999992924e-04
8.283729999999998699e-04
8.275575000000000942e-04
8.269333437499998924e-04
8.264567812500000664e-04
8.261080624999998442e-04
8.258620468749998823e-04
8.257064062499999474e-04
8.256280468750001010e-04
8.256161250000000878e-04
8.256556562499998801e-04
8.257440937500001681e-04
8.258746093749996667e-04
8.260420624999997808e-04
8.262403281250000481e-04
8.264666875000003816e-04
8.267165781249999302e-04
8.269879999999998552e-04
8.272755917968752136e-04
8.275791523437500815e-04
8.278951191406252498e-04
8.282219296874999146e-04
8.285577949218753428e-04
8.289012226562498262e-04
8.292494941406252295e-04
8.296030468750003467e-04
8.299597050781251303e-04
8.303172070312500120e-04
8.306764277343750731e-04
8.310349296875001873e-04
8.313924316406249605e-04
8.317469335937500118e-04
8.320971542968750396e-04
8.324430937500000441e-04
8.327835761718751020e-04
8.331154960937502216e-04
8.334384160156249827e-04
8.337502109374999616e-04
8.340483730468750689e-04
8.343275507812500857e-04
8.345851113281249883e-04
8.348107031250003463e-04
8.349962246093751116e-04
8.350338710937498660e-04
8.102098613281251372e-04
8.099418203125001133e-04
8.097375527343753489e-04
8.095957070312498208e-04
8.095121425781253831e-04
8.094880000000000261e-04
0.000000000000000000e+00
4.593053457031252460e-05
4.602724414062501883e-05
4.612565371093749645e-05
4.622556328125001124e-05
4.632807285156250463e-05
4.643058242187499802e-05
4.653662714843747380e-05
4.664267187500000379e-05
4.675439531250002632e-05
4.686611874999999463e-05
4.697784218750003071e-05
4.708956562499999902e-05
4.720959921875000594e-05
4.732963281249997220e-05
4.744966640624995202e-05
4.756970000000001992e-05
4.769908867187499656e-05
4.782847734375000030e-05
4.795786601562497694e-05
4.808725468749997390e-05
4.822720351562497713e-05
4.836715234375005490e-05
4.850710117187494294e-05
4.864705000000008170e-05
4.879420000000000794e-05
4.894449999999999870e-05
4.909799999999995581e-05
8.569919999999999968e-04
8.952859999999999117e-04
9.307664999999999255e-04
8.545623749999999193e-04
8.592859999999999041e-04
8.636874140625000256e-04
8.677887812499997851e-04
8.716138828124997840e-04
8.751847968750000022e-04
8.785263125000002940e-04
8.816496093749998705e-04
8.845718750000003102e-04
8.873070000000003732e-04
8.898718124999997672e-04
8.922738593750003744e-04
8.945240703124998031e-04
8.966309999999998387e-04
8.986039999999996791e-04
8.447990000000002442e-04
8.450659999999998945e-04
8.453160000000001445e-04
8.455489960937502374e-04
8.457670625000001654e-04
8.459692382812500008e-04
8.461577812499999646e-04
8.463323593749999063e-04
8.464937500000000673e-04
8.466429531250002465e-04
8.467799687500001185e-04
8.469007050781252651e-04
8.470214414062503033e-04
8.471205253906251374e-04
8.472196093750002967e-04
8.472986347656252804e-04
8.473776601562500472e-04
8.474378300781254146e-04
8.474980000000001314e-04
8.475413886718752244e-04
8.475847773437502090e-04
8.476113847656249192e-04
8.476379921874999546e-04
8.476484492187500884e-04
8.476589062500004389e-04
8.476534531249999482e-04
8.476479999999998911e-04
8.476263749999999979e-04
8.425685000000000899e-04
8.534890000000000271e-04
8.207289999999998597e-04
8.175901249999999176e-04
8.302612500000000834e-04
8.289184999999998395e-04
8.278740000000003613e-04
8.270517812500000022e-04
8.264227031250002227e-04
8.259421406249996831e-04
8.255904687500000396e-04
8.253420390624999388e-04
8.251846718750000453e-04
8.251051015625001858e-04
8.250924374999999127e-04
8.251316406250004199e-04
8.252200781249999489e-04
8.253508203124999788e-04
8.255187187500004006e-04
8.257175859375001344e-04
8.259447187500006029e-04
8.261955234375002125e-04
8.264680000000001244e-04
8.267565673828130386e-04
8.270612128906252962e-04
8.273783427734377046e-04
8.277063632812504523e-04
8.280434970703128483e-04
8.283882246093747168e-04
8.287378427734375889e-04
8.290927578125002750e-04
8.294507841796878956e-04
8.298097011718749390e-04
8.301703212890628207e-04
8.305302382812498798e-04
8.308891552734376821e-04
8.312450722656252204e-04
8.315966923828125267e-04
8.319440156250003599e-04
8.322858564453125552e-04
8.326191035156250454e-04
8.329433505859376108e-04
8.332564101562498849e-04
8.335558017578126311e-04
8.338361542968750987e-04
8.340947998046876078e-04
8.343213671874998710e-04
8.345078603515626277e-04
8.345480410156253101e-04
8.097518623046875540e-04
8.094837617187500885e-04
8.092794775390624263e-04
8.091376386718750723e-04
8.090540966796877162e-04
8.090299999999997537e-04
0.000000000000000000e+00
4.593020546874999454e-05
4.602691093750000176e-05
4.612531640624999916e-05
4.622522187500000663e-05
4.632772734374999269e-05
4.643023281249997197e-05
4.653627265624996388e-05
4.664231249999997611e-05
4.675403124999997671e-05
4.686575000000000441e-05
4.697746874999995080e-05
4.708918749999995817e-05
4.720921562499999372e-05
4.732924374999997506e-05
4.744927187499999027e-05
4.756929999999995128e-05
4.769868281250001909e-05
4.782806562499999204e-05
4.795744843750003274e-05
4.808683125000001924e-05
4.822677343749996769e-05
4.836671562499993647e-05
4.850665781250000012e-05
4.864659999999990114e-05
4.879370000000005428e-05
4.894399999999997049e-05
4.909750000000002925e-05
8.560039999999999446e-04
8.944339999999999409e-04
9.300400000000001418e-04
8.540669999999998038e-04
8.588109999999999061e-04
8.632308437499999765e-04
8.673493749999998089e-04
8.711904687499999553e-04
8.747763125000001215e-04
8.781319999999998927e-04
8.812685624999997509e-04
8.842032500000001575e-04
8.869500000000000647e-04
8.895257500000000985e-04
8.919380624999998560e-04
8.941979687500001446e-04
8.963139999999998348e-04
8.982960000000002505e-04
8.443469999999998494e-04
8.446150000000001660e-04
8.448659999999998896e-04
8.451002031250001061e-04
8.453193750000002112e-04
8.455226093749999231e-04
8.457121250000001339e-04
8.458876250000001325e-04
8.460498749999998411e-04
8.461998750000001429e-04
8.463376249999999537e-04
8.464590546875001148e-04
8.465804843750000591e-04
8.466801484374997504e-04
8.467798124999999839e-04
8.468593359375001933e-04
8.469388593750004027e-04
8.469994296874999631e-04
8.470599999999999571e-04
8.471037578124999100e-04
8.471475156249994292e-04
8.471743984375000244e-04
8.472012812500001860e-04
8.472119531249999898e-04
8.472226249999999020e-04
8.472173124999999878e-04
8.472119999999999651e-04
8.471959999999994963e-04
8.422679999999999664e-04
8.535789999999998179e-04
8.223339999999999773e-04
8.172869999999999831e-04
8.297899999999997379e-04
8.284320000000000399e-04
8.273749999999999855e-04
8.265460624999998018e-04
8.259120625000000108e-04
8.254275000000000587e-04
8.250728750000002349e-04
8.248220312500003206e-04
8.246629375000001433e-04
8.245821562500001622e-04
8.245687499999998461e-04
8.246076250000000923e-04
8.246960624999999465e-04
8.248270312499999656e-04
8.249953750000002615e-04
8.251948437500001123e-04
8.254227500000002821e-04
8.256744687500000611e-04
8.259480000000000684e-04
8.262375742187500881e-04
8.265433359374999359e-04
8.268616601562502185e-04
8.271909218750002736e-04
8.275293554687499463e-04
8.278754140624997255e-04
8.282264101562500499e-04
8.285827187500000718e-04
8.289421445312498624e-04
8.293025078124999184e-04
8.296645585937502789e-04
8.300259218749999170e-04
8.303862851562500815e-04
8.307436484374999819e-04
8.310966992187497670e-04
8.314454374999996535e-04
8.317886679687500539e-04
8.321232734375000068e-04
8.324488789062499264e-04
8.327632343750004549e-04
8.330638867187501731e-04
8.333454453124999666e-04
8.336052070312502827e-04
8.338327812500001936e-04
8.340202773437502748e-04
8.340630234375001097e-04
8.092947070312500688e-04
8.090265781250003622e-04
8.088223085937500025e-04
8.086805078124999387e-04
8.085970195312500814e-04
8.085730000000001475e-04
0.000000000000000000e+00
4.592987636718750513e-05
4.602657773437501181e-05
4.612497910156252898e-05
4.622488046875000879e-05
4.632738183593747397e-05
4.642988320312498658e-05
4.653591816406248106e-05
4.664195312500000264e-05
4.675366718750000164e-05
4.686538125000001419e-05
4.697709531249997253e-05
4.708880937500003929e-05
4.720883203124990696e-05
4.732885468749996436e-05
4.744887734375000820e-05
4.756890000000001139e-05
4.769827070312498529e-05
4.782764140624999984e-05
4.795701210937500762e-05
4.808638281250000862e-05
4.822631210937500858e-05
4.836624140625005598e-05
4.850617070312502883e-05
4.864610000000006945e-05
4.879325000000001603e-05
4.894349999999997617e-05
4.909699999999987230e-05
8.550119999999999379e-04
8.935779999999999071e-04
9.293109999999999392e-04
8.535735000000001108e-04
8.583370000000000322e-04
8.627752734375001599e-04
8.669109687500001736e-04
8.707680546875002509e-04
8.743688281250002565e-04
8.777386875000001577e-04
8.808885156250000808e-04
8.838356250000001290e-04
8.865940000000004225e-04
8.891806875000000119e-04
8.916032656250000039e-04
8.938728671874999598e-04
8.959979999999999551e-04
8.979889999999999704e-04
8.438959999999999040e-04
8.441650000000002364e-04
8.444175000000002547e-04
8.446528789062502859e-04
8.448731250000002593e-04
8.450773867187499726e-04
8.452678437499999047e-04
8.454442343750001934e-04
8.456073125000004419e-04
8.457580781250003408e-04
8.458965312500001067e-04
8.460186230468754072e-04
8.461407148437502740e-04
8.462409277343753812e-04
8.463411406250001632e-04
8.464211308593747474e-04
8.465011210937498738e-04
8.465620605468752698e-04
8.466230000000002321e-04
8.466671269531251534e-04
8.467112539062497494e-04
8.467384121093749286e-04
8.467655703124998910e-04
8.467764570312500154e-04
8.467873437500000313e-04
8.467821718749997178e-04
8.467770000000001632e-04
8.467544999999997548e-04
8.419627500000004998e-04
8.536673750000000303e-04
8.239679999999996842e-04
8.169679999999997309e-04
8.293060000000001403e-04
8.279397499999997974e-04
8.268780000000000747e-04
8.260422187500001323e-04
8.254031718749999620e-04
8.249144843750002296e-04
8.245567812499998575e-04
8.243033984374999786e-04
8.241424531249996917e-04
8.240603359375000886e-04
8.240460625000003373e-04
8.240844843750000630e-04
8.241727968749998747e-04
8.243038671875000572e-04
8.244725312499998592e-04
8.246724765625000012e-04
8.249010312499996129e-04
8.251535390625004945e-04
8.254280000000000124e-04
8.257185810546874630e-04
8.260254589843750092e-04
8.263449775390621903e-04
8.266754804687498782e-04
8.270152138671872611e-04
8.273626035156251678e-04
8.277149775390621857e-04
8.280726796874999769e-04
8.284335048828125880e-04
8.287953144531247894e-04
8.291587958984376287e-04
8.295216054687500626e-04
8.298834150390621556e-04
8.302422246093750687e-04
8.305967060546875494e-04
8.309468593750001398e-04
8.312914794921877695e-04
8.316274433593750766e-04
8.319544072265625673e-04
8.322700585937499408e-04
8.325719716796878235e-04
8.328547363281251599e-04
8.331156142578123071e-04
8.333441953125001909e-04
8.335326943359378134e-04
8.335780058593749093e-04
8.088375517578129089e-04
8.085693945312498769e-04
8.083651396484374703e-04
8.082233769531249135e-04
8.081399423828126635e-04
8.081159999999998908e-04
0.000000000000000000e+00
4.592954726562498862e-05
4.602624453124998797e-05
4.612464179687500459e-05
4.622453906250000418e-05
4.632703632812498913e-05
4.642953359374998087e-05
4.653556367187500502e-05
4.664159374999997496e-05
4.675330312499999269e-05
4.686501249999997653e-05
4.697672187500003492e-05
4.708843124999995778e-05
4.720844843750001671e-05
4.732846562499996043e-05
4.744848281250000580e-05
4.756849999999997663e-05
4.769785859375001925e-05
4.782721718750002120e-05
4.795657578125000283e-05
4.808593437499998445e-05
4.822585078124999526e-05
4.836576718750012127e-05
4.850568359375001689e-05
4.864559999999989895e-05
4.879280000000007941e-05
4.894300000000007672e-05
4.909650000000001350e-05
8.540180000000001164e-04
8.927199999999998418e-04
9.285800000000002472e-04
8.530789999999994263e-04
8.578629999999999416e-04
8.623197031249998012e-04
8.664725625000002131e-04
8.703456406250001127e-04
8.739613437500003915e-04
8.773453750000004226e-04
8.805084687500001938e-04
8.834680000000004257e-04
8.862379999999998046e-04
8.888356249999999252e-04
8.912684687500003686e-04
8.935477656249996665e-04
8.956819999999999669e-04
8.976820000000000155e-04
8.434449999999998502e-04
8.437149999999998731e-04
8.439689999999998608e-04
8.442055546874998153e-04
8.444268750000003074e-04
8.446321640624999136e-04
8.448235624999998923e-04
8.450008437500003628e-04
8.451647499999996333e-04
8.453162812500002133e-04
8.454554375000000429e-04
8.455781914062493985e-04
8.457009453124999469e-04
8.458017070312498194e-04
8.459024687499994751e-04
8.459829257812498437e-04
8.460633828125005374e-04
8.461246914062497092e-04
8.461860000000000735e-04
8.462304960937496378e-04
8.462749921875002863e-04
8.463024257812497243e-04
8.463298593749999212e-04
8.463409609375000409e-04
8.463520625000002691e-04
8.463470312499999900e-04
8.463419999999998193e-04
8.463207500000002707e-04
8.416729999999994884e-04
8.537790000000002565e-04
8.256329999999997707e-04
8.166719999999999492e-04
8.288370000000001283e-04
8.274544999999997735e-04
8.263800000000001483e-04
8.255374375000000889e-04
8.248934062500000485e-04
8.244006562500002860e-04
8.240399375000002002e-04
8.237840781250001070e-04
8.236213437500003280e-04
8.235379531250000941e-04
8.235228749999998991e-04
8.235609062500004809e-04
8.236491562499998918e-04
8.237803906249999879e-04
8.239494374999998053e-04
8.241499218749997720e-04
8.243791874999999852e-04
8.246325468750000933e-04
8.249079999999998480e-04
8.251995878906251631e-04
8.255075820312497573e-04
8.258282949218752464e-04
8.261600390624999164e-04
8.265010722656249012e-04
8.268497929687500681e-04
8.272035449218751888e-04
8.275626406249997737e-04
8.279248652343749884e-04
8.282881210937500941e-04
8.286530332031244363e-04
8.290172890624997746e-04
8.293805449218749886e-04
8.297408007812499386e-04
8.300967128906251149e-04
8.304482812500000840e-04
8.307942910156250515e-04
8.311316132812501464e-04
8.314599355468749913e-04
8.317768828124999687e-04
8.320800566406248234e-04
8.323640273437498110e-04
8.326260214843750904e-04
8.328556093749998630e-04
8.330451113281251352e-04
8.330929882812499257e-04
8.083803964843750984e-04
8.081122109374999337e-04
8.079079707031249381e-04
8.077662460937502136e-04
8.076828652343749203e-04
8.076590000000000678e-04
0.000000000000000000e+00
4.592921191406253097e-05
4.602589882812498019e-05
4.612428574218750091e-05
4.622417265625001137e-05
4.632665957031250042e-05
4.642914648437500302e-05
4.653516542968749373e-05
4.664118437500002509e-05
4.675288281250000521e-05
4.686458124999999211e-05
4.697627968749996545e-05
4.708797812499994557e-05
4.720798359374999711e-05
4.732798906249999443e-05
4.744799453124998499e-05
4.756800000000005008e-05
4.769735898437496238e-05
4.782671796874998988e-05
4.795607695312501738e-05
4.808543593749998389e-05
4.822535195312504369e-05
4.836526796874998153e-05
4.850518398437496679e-05
4.864509999999997239e-05
4.879230000000007832e-05
4.894250000000010273e-05
4.909600000000012083e-05
9.640629999999997040e-04
8.918599999999995281e-04
9.278470000000000901e-04
8.525849999999999965e-04
8.573889999999996341e-04
8.618643359374998777e-04
8.660345624999996050e-04
8.699238359374997622e-04
8.735546718750003157e-04
8.769530781250001530e-04
8.801296406249998821e-04
8.831017968750002993e-04
8.858836250000001744e-04
8.884923281249997766e-04
8.909355781249996215e-04
8.932247109374995969e-04
8.953681875000002368e-04
8.973767031250001400e-04
8.429952187499994802e-04
8.432667343749997895e-04
8.435217500000002184e-04
8.437595273437499630e-04
8.439819687499998651e-04
8.441883320312497732e-04
8.443807187499997738e-04
8.445589374999997508e-04
8.447237187499995366e-04
8.448760625000001226e-04
8.450159687499998826e-04
8.451394316406252204e-04
8.452628945312497992e-04
8.453642519531248461e-04
8.454656093750002183e-04
8.455465800781251538e-04
8.456275507812497641e-04
8.456892753906250721e-04
8.457509999999998380e-04
8.457957402343746533e-04
8.458404804687500106e-04
8.458680644531250742e-04
8.458956484375002461e-04
8.459068398437498849e-04
8.459180312499999573e-04
8.459130156249998868e-04
8.459080000000001416e-04
8.458854999999997331e-04
8.413792500000002571e-04
8.538878750000001953e-04
8.273290000000000201e-04
8.163598749999999814e-04
8.283542500000001980e-04
8.269633749999999147e-04
8.258840000000001449e-04
8.250345937500002183e-04
8.243855156250001238e-04
8.238886406250001473e-04
8.235248437500003807e-04
8.232664453125003228e-04
8.231018593750000006e-04
8.230171328125003615e-04
8.230011874999997555e-04
8.230387656250001422e-04
8.231268906249998357e-04
8.232582265625004204e-04
8.234275937500000692e-04
8.236285546875001104e-04
8.238584687499998739e-04
8.241126171875004340e-04
8.243890000000000245e-04
8.246815947265623368e-04
8.249907050781246295e-04
8.253126123046870171e-04
8.256455976562497535e-04
8.259879306640626655e-04
8.263379824218749841e-04
8.266931123046872320e-04
8.270536015625000199e-04
8.274172255859376214e-04
8.277819277343750892e-04
8.281482705078128861e-04
8.285139726562500443e-04
8.288786748046876205e-04
8.292403769531250411e-04
8.295977197265625878e-04
8.299507031250003691e-04
8.302981025390625660e-04
8.306367832031251236e-04
8.309664638671876479e-04
8.312847070312501209e-04
8.315891416015625979e-04
8.318743183593752368e-04
8.321374287109375642e-04
8.323680234374999844e-04
8.325585283203124727e-04
8.326089707031249579e-04
8.079242412109374121e-04
8.076560273437498978e-04
8.074518017578125300e-04
8.073101152343749873e-04
8.072267880859374098e-04
8.072030000000000437e-04
0.000000000000000000e+00
4.592888281249999413e-05
4.602556562500000379e-05
4.612394843749999685e-05
4.622383124999999320e-05
4.632631406249998170e-05
4.642879687500000408e-05
4.653481093750001091e-05
4.664082500000001096e-05
4.675251874999998948e-05
4.686421250000000189e-05
4.697590625000001429e-05
4.708760000000000636e-05
4.720759999999997133e-05
4.732759999999999051e-05
4.744760000000003679e-05
4.756759999999998821e-05
4.769695937500004126e-05
4.782631875000002654e-05
4.795567812500001859e-05
4.808503750000003098e-05
4.822495312500005169e-05
4.836486874999997075e-05
4.850478437499999146e-05
4.864469999999992408e-05
4.879179999999990781e-05
4.894209999999992567e-05
4.909549999999990289e-05
9.601740000000001619e-04
8.909970000000002515e-04
9.271120000000000099e-04
8.520909999999999162e-04
8.569149999999999771e-04
8.614089374999998622e-04
8.655965000000000057e-04
8.695019375000004368e-04
8.731478750000000889e-04
8.765606250000000741e-04
8.797506250000001029e-04
8.827353749999998543e-04
8.855290000000003506e-04
8.881487499999999929e-04
8.906023750000002315e-04
8.929013125000000335e-04
8.950539999999997283e-04
8.970710000000001530e-04
8.425450000000000994e-04
8.428180000000006031e-04
8.430739999999999719e-04
8.433129687500002820e-04
8.435365000000001525e-04
8.437439062499997285e-04
8.439372499999999843e-04
8.441163750000000264e-04
8.442820000000000186e-04
8.444351250000001934e-04
8.445757500000000088e-04
8.446998906250001524e-04
8.448240312500000793e-04
8.449259531250001001e-04
8.450278749999997957e-04
8.451093281250003988e-04
8.451907812500000262e-04
8.452528906250001859e-04
8.453150000000000204e-04
8.453601093749996956e-04
8.454052187499996960e-04
8.454330781249999940e-04
8.454609374999999668e-04
8.454723437499998178e-04
8.454837500000002108e-04
8.454788750000002831e-04
8.454740000000000302e-04
8.454579999999996699e-04
8.411009999999999147e-04
8.540200000000002564e-04
8.290559999999996734e-04
8.160709999999997020e-04
8.278870000000001323e-04
8.264799999999997713e-04
8.253880000000002500e-04
8.245318125000002064e-04
8.238777499999998082e-04
8.233768124999999100e-04
8.230099999999998875e-04
8.227491250000004827e-04
8.225827500000001263e-04
8.224967499999997480e-04
8.224799999999999993e-04
8.225171874999998326e-04
8.226052499999999927e-04
8.227367500000002743e-04
8.229065000000002636e-04
8.231080000000001295e-04
8.233386249999997356e-04
8.235936250000001728e-04
8.238710000000003253e-04
8.241646015624999599e-04
8.244748281250001681e-04
8.247979296874999961e-04
8.251321562499998232e-04
8.254757890624994697e-04
8.258271718749996991e-04
8.261836796874997245e-04
8.265455624999998481e-04
8.269105859374997281e-04
8.272767343749999917e-04
8.276445078124996168e-04
8.280116562500000046e-04
8.283778046875000514e-04
8.287409531250001593e-04
8.290997265625001849e-04
8.294541250000000195e-04
8.298029140625000962e-04
8.301429531250002249e-04
8.304739921874999950e-04
8.307935312499998550e-04
8.310992265625000630e-04
8.313856093750001362e-04
8.316498359375000538e-04
8.318814374999999048e-04
8.320729453125004765e-04
8.321259531250001142e-04
8.074690859374999584e-04
8.072008437500000945e-04
8.069966328125001377e-04
8.068549843750002105e-04
8.067717109375002402e-04
8.067480000000001438e-04
0.000000000000000000e+00
4.592855371093750472e-05
4.602523242187500706e-05
4.612361113281251312e-05
4.622348984374999536e-05
4.632596855468750364e-05
4.642844726562499159e-05
4.653445644531249421e-05
4.664046562500000361e-05
4.675215468749998053e-05
4.686384375000001844e-05
4.697553281249997503e-05
4.708722187499997906e-05
4.720721640624997266e-05
4.732721093749995948e-05
4.744720546875000051e-05
4.756719999999996701e-05
4.769654726562505488e-05
4.782589453124999368e-05
4.795524179687502057e-05
4.808458906250006779e-05
4.822449179687503159e-05
4.836439453124996828e-05
4.850429726562502017e-05
4.864420000000001785e-05
4.879131249999998552e-05
4.894159999999993135e-05
4.909499999999998989e-05
9.562604999999996377e-04
8.901309999999998434e-04
9.263740000000004245e-04
8.515988749999997163e-04
8.564419999999999021e-04
8.609546562499996924e-04
8.651596718749996482e-04
8.690813906249999663e-04
8.727425468750001731e-04
8.761697578125000278e-04
8.793733124999997524e-04
8.823707734375000776e-04
8.851763124999999406e-04
8.878072890625000706e-04
8.902714687499997410e-04
8.925803906249994918e-04
8.947424687499999901e-04
8.967681953125002667e-04
8.420964218749996382e-04
8.423708984374999069e-04
8.426281250000000394e-04
8.428682929687499352e-04
8.430929218750003121e-04
8.433013789062499856e-04
8.434956874999998419e-04
8.436757265625001619e-04
8.438422031250000311e-04
8.439961171875000074e-04
8.441374687500000909e-04
8.442622949218751447e-04
8.443871210937500902e-04
8.444896152343748640e-04
8.445921093749998547e-04
8.446740527343749288e-04
8.447559960937498945e-04
8.448184980468750101e-04
8.448810000000000174e-04
8.449263535156250520e-04
8.449717070312504118e-04
8.449997167968753596e-04
8.450277265624999822e-04
8.450392226562501111e-04
8.450507187500002401e-04
8.450458593749998705e-04
8.450410000000001514e-04
8.450180000000000061e-04
8.408195000000004155e-04
8.541505000000003053e-04
8.308150000000002642e-04
8.157654999999998250e-04
8.274050000000002410e-04
8.259893750000001913e-04
8.248920000000004634e-04
8.240289687500001190e-04
8.233698593749999919e-04
8.228647968750000966e-04
8.224949062500002848e-04
8.222314921875004817e-04
8.220632656250001242e-04
8.219759296875000154e-04
8.219583124999999641e-04
8.219950468749999276e-04
8.220829843750001534e-04
8.222145859375004900e-04
8.223846562500002023e-04
8.225866328124999257e-04
8.228179062500001664e-04
8.230736953124998629e-04
8.233519999999998513e-04
8.236466396484372256e-04
8.239580136718746822e-04
8.242823408203120428e-04
8.246178398437499198e-04
8.249628037109375854e-04
8.253155488281250585e-04
8.256734658203120861e-04
8.260367734375000711e-04
8.264032275390623215e-04
8.267708535156251476e-04
8.271400888671875604e-04
8.275087148437499686e-04
8.278763408203125779e-04
8.282409667968749232e-04
8.286012021484375194e-04
8.289570468750003668e-04
8.293072568359374395e-04
8.296486855468753396e-04
8.299811142578122306e-04
8.303019804687500035e-04
8.306089677734373837e-04
8.308965878906246581e-04
8.311619619140626913e-04
8.313946015624998484e-04
8.315871435546874028e-04
8.316427480468752608e-04
8.070137744140623700e-04
8.067455351562498149e-04
8.065413701171873610e-04
8.063997910156251413e-04
8.063166025390628702e-04
8.062930000000000270e-04
0.000000000000000000e+00
4.592822460937498821e-05
4.602489921874999677e-05
4.612327382812498873e-05
4.622314843750001786e-05
4.632562304687499848e-05
4.642809765624999265e-05
4.653410195312497751e-05
4.664010624999998948e-05
4.675179062499999869e-05
4.686347499999998079e-05
4.697515937500001710e-05
4.708684374999998564e-05
4.720683281250001465e-05
4.732682187499994878e-05
4.744681093749996423e-05
4.756679999999997291e-05
4.769613515624992621e-05
4.782547031250000149e-05
4.795480546875001578e-05
4.808414062499996231e-05
4.822403046875001149e-05
4.836392031250006746e-05
4.850381015624999467e-05
4.864370000000001675e-05
4.879082500000008355e-05
4.894110000000022841e-05
4.909450000000014464e-05
9.523469999999997640e-04
8.892650000000001942e-04
9.256360000000001887e-04
8.511067500000001670e-04
8.559689999999998272e-04
8.605003750000000647e-04
8.647228437500000496e-04
8.686608437500000380e-04
8.723372187500003658e-04
8.757788906250003067e-04
8.789960000000001609e-04
8.820061718749998671e-04
8.848236249999999643e-04
8.874658281250000398e-04
8.899405624999996841e-04
8.922594687499996007e-04
8.944309374999997097e-04
8.964653906250000552e-04
8.416478437500001528e-04
8.419237968749999695e-04
8.421822499999998901e-04
8.424236171875001305e-04
8.426493437500002549e-04
8.428588515624998090e-04
8.430541250000000248e-04
8.432350781249998636e-04
8.434024062500000436e-04
8.435571093750001467e-04
8.436991874999999561e-04
8.438246992187499202e-04
8.439502109374997759e-04
8.440532773437503869e-04
8.441563437500001306e-04
8.442387773437502177e-04
8.443212109374997627e-04
8.443841054687500512e-04
8.444470000000003397e-04
8.444927226562499089e-04
8.445384453124999118e-04
8.445667304687497689e-04
8.445950156250001681e-04
8.446067265625000755e-04
8.446184375000000914e-04
8.446137187499999730e-04
8.446089999999998547e-04
8.445869999999998335e-04
8.405549999999997746e-04
8.543059999999999890e-04
8.326069999999998568e-04
8.154850000000000163e-04
8.269399999999997499e-04
8.255077499999997773e-04
8.243970000000002589e-04
8.235271875000000144e-04
8.228630937500001257e-04
8.223539687500000918e-04
8.219810625000001326e-04
8.217151718750001152e-04
8.215451562499999404e-04
8.214565468750000682e-04
8.214381249999997900e-04
8.214744687499999590e-04
8.215623437500001094e-04
8.216941093749996006e-04
8.218645624999998704e-04
8.220670781249997438e-04
8.222990625000000438e-04
8.225557031250001596e-04
8.228349999999999510e-04
8.231306152343748810e-04
8.234430742187498356e-04
8.237685644531250869e-04
8.241052734374997458e-04
8.244515058593749213e-04
8.248055507812496710e-04
8.251648144531247096e-04
8.255294843750001551e-04
8.258973066406250256e-04
8.262663476562501219e-04
8.266369824218750299e-04
8.270070234375000336e-04
8.273760644531249131e-04
8.277421054687500706e-04
8.281037402343749453e-04
8.284609687499998624e-04
8.288125371093749399e-04
8.291552929687501022e-04
8.294890488281251228e-04
8.298111796875002992e-04
8.301193964843744510e-04
8.304081914062500435e-04
8.306746503906249244e-04
8.309082656250000708e-04
8.311017792968753998e-04
8.311599179687497764e-04
8.065587753906251593e-04
8.062904765625002711e-04
8.060862949218747025e-04
8.059447226562503315e-04
8.058615566406249252e-04
8.058380000000000187e-04
0.000000000000000000e+00
4.592789550781250558e-05
4.602456601562498648e-05
4.612293652343750500e-05
4.622280703124997259e-05
4.632527753906248653e-05
4.642774804687500726e-05
4.653374746093751502e-05
4.663974687499998891e-05
4.675142656250000329e-05
4.686310625000002445e-05
4.697478593750001173e-05
4.708646562499997867e-05
4.720644921874998209e-05
4.732643281250003295e-05
4.744641640624998894e-05
4.756639999999997203e-05
4.769572929687503006e-05
4.782505859374998645e-05
4.795438789062500383e-05
4.808371718750001442e-05
4.822360039062503594e-05
4.836348359375001679e-05
4.850336679687497054e-05
4.864325000000003271e-05
4.879036250000000038e-05
4.894060000000006468e-05
4.909400000000000124e-05
9.483994999999998971e-04
8.883939999999997074e-04
9.248940000000001067e-04
8.506123749999993083e-04
8.554954999999997986e-04
8.600456406249994828e-04
8.642856093749995807e-04
8.682399374999995399e-04
8.719315781249997472e-04
8.753877578124999665e-04
8.786184687500001424e-04
8.816413984374999640e-04
8.844708125000000538e-04
8.871242890624999418e-04
8.896096249999998606e-04
8.919385625000000265e-04
8.941194687500000470e-04
8.961626953125001113e-04
8.411994218750001515e-04
8.414768984375002505e-04
8.417366250000000430e-04
8.419792382812499526e-04
8.422061093750004505e-04
8.424167148437499688e-04
8.426130000000001943e-04
8.427949140625002862e-04
8.429631406249999933e-04
8.431186796875001985e-04
8.432615312499999261e-04
8.433877753906252094e-04
8.435140195312500590e-04
8.436177050781250731e-04
8.437213906249999788e-04
8.438043613281252710e-04
8.438873320312498044e-04
8.439506660156251327e-04
8.440140000000000272e-04
8.440599667968754979e-04
8.441059335937502097e-04
8.441343691406253671e-04
8.441628046875003077e-04
8.441746054687500594e-04
8.441864062500003532e-04
8.441817031250002266e-04
8.441770000000002085e-04
8.441544999999996916e-04
8.402875000000002790e-04
8.544600000000002454e-04
8.344310000000000616e-04
8.151864999999997074e-04
8.264594999999996111e-04
8.250188749999997099e-04
8.239029999999998534e-04
8.230262812499998830e-04
8.223570781249997562e-04
8.218437656249998665e-04
8.214677187500000425e-04
8.211992265625000934e-04
8.210272968750001671e-04
8.209372890625001636e-04
8.209179375000000495e-04
8.209537656249997310e-04
8.210414531249999801e-04
8.211732578124994507e-04
8.213439687499999101e-04
8.215468984374996739e-04
8.217794687499998824e-04
8.220368359374999410e-04
8.223169999999999265e-04
8.226136533203129214e-04
8.229272597656245823e-04
8.232539755859376914e-04
8.235919570312499665e-04
8.239395205078127275e-04
8.242949277343747209e-04
8.246556005859379543e-04
8.250216953125000686e-04
8.253909482421876347e-04
8.257614667968751852e-04
8.261335634765625555e-04
8.265050820312502301e-04
8.268756005859373469e-04
8.272431191406248501e-04
8.276062158203128377e-04
8.279648906250001170e-04
8.283178798828125158e-04
8.286620253906249074e-04
8.289971708984375911e-04
8.293206289062500297e-04
8.296301376953126548e-04
8.299201699218750148e-04
8.301877763671875778e-04
8.304224296875003554e-04
8.306169775390627756e-04
8.306777128906252640e-04
8.061044638671875867e-04
8.058361679687503325e-04
8.056320322265625921e-04
8.054905292968752781e-04
8.054074482421876794e-04
8.053840000000001345e-04
0.000000000000000000e+00
4.592756640624998229e-05
4.602423281249999653e-05
4.612259921874998738e-05
4.622246562499998152e-05
4.632493203124999492e-05
4.642739843750000832e-05
4.653339296874999155e-05
4.663938749999999511e-05
4.675106249999999434e-05
4.686273749999999357e-05
4.697441250000000635e-05
4.708608750000001914e-05
4.720606562499996310e-05
4.732604374999996804e-05
4.744602187499997976e-05
4.756599999999999148e-05
4.769532343749999839e-05
4.782464687500004595e-05
4.795397031249999865e-05
4.808329375000000555e-05
4.822317031249998584e-05
4.836304687500005421e-05
4.850292343749997351e-05
4.864280000000001478e-05
4.878989999999997819e-05
4.894010000000000260e-05
4.909350000000000692e-05
9.444520000000001386e-04
8.875230000000000879e-04
9.241520000000001331e-04
8.501179999999995338e-04
8.550219999999997701e-04
8.595909062499999852e-04
8.638483749999998707e-04
8.678190312500003428e-04
8.715259374999999959e-04
8.749966249999998431e-04
8.782409375000000155e-04
8.812766250000003861e-04
8.841179999999999265e-04
8.867827499999999521e-04
8.892786875000003623e-04
8.916176562499996934e-04
8.938079999999997338e-04
8.958600000000003843e-04
8.407510000000002585e-04
8.410300000000002062e-04
8.412909999999999789e-04
8.415348593750001001e-04
8.417628750000003207e-04
8.419745781250000203e-04
8.421718749999998217e-04
8.423547500000000583e-04
8.425238749999996177e-04
8.426802500000000334e-04
8.428238750000001129e-04
8.429508515625000649e-04
8.430778281249999085e-04
8.431821328124997593e-04
8.432864374999999354e-04
8.433699453125002160e-04
8.434534531250001714e-04
8.435172265625001057e-04
8.435809999999999316e-04
8.436273359375000454e-04
8.436736718750001592e-04
8.437023828125002258e-04
8.437310937499999672e-04
8.437431093750002564e-04
8.437551250000000034e-04
8.437505625000002365e-04
8.437459999999999275e-04
8.437310000000000166e-04
8.400369999999998585e-04
8.546390000000003533e-04
8.362879999999999186e-04
8.149129999999997920e-04
8.259959999999998484e-04
8.245390000000001095e-04
8.234100000000001141e-04
8.225263750000000925e-04
8.218520625000000530e-04
8.213345624999998738e-04
8.209553749999998597e-04
8.206842812500003042e-04
8.205104375000001928e-04
8.204190312500000580e-04
8.203987499999998911e-04
8.204340625000000609e-04
8.205215624999999749e-04
8.206534062499999671e-04
8.208243750000000739e-04
8.210277187500000535e-04
8.212608750000001704e-04
8.215189687499999550e-04
8.217999999999999177e-04
8.220976601562498013e-04
8.224123828124997029e-04
8.227402929687499273e-04
8.230795156250000520e-04
8.234283789062499812e-04
8.237851171874996685e-04
8.241471679687500289e-04
8.245146562499999126e-04
8.248853085937496487e-04
8.252572734375001034e-04
8.256308007812501694e-04
8.260037656250000977e-04
8.263757304687501188e-04
8.267446953125000926e-04
8.271092226562504505e-04
8.274693124999997831e-04
8.278236914062500618e-04
8.281691953125000245e-04
8.285056992187499539e-04
8.288304531250004301e-04
8.291412226562503525e-04
8.294324609375002553e-04
8.297011835937499746e-04
8.299368437499999663e-04
8.301323945312501446e-04
8.301956953125003277e-04
8.056503085937502572e-04
8.053819843750002197e-04
8.051778632812499987e-04
8.050363984375003001e-04
8.049533710937498750e-04
8.049300000000001419e-04
0.000000000000000000e+00
4.592722949218749700e-05
4.602388398437500802e-05
4.612223847656246177e-05
4.622209296874997303e-05
4.632454746093746966e-05
4.642700195312496629e-05
4.653298378906249686e-05
4.663896562499998677e-05
4.675062812499998852e-05
4.686229062499994283e-05
4.697395312499997168e-05
4.708561562499995309e-05
4.720558046875001111e-05
4.732554531249993359e-05
4.744551015624993740e-05
4.756547499999998863e-05
4.769477851562495317e-05
4.782408203124997870e-05
4.795338554687499745e-05
4.808268906249992133e-05
4.822254492187495723e-05
4.836240078124998636e-05
4.850225664062505614e-05
4.864211249999997007e-05
4.878920468749991726e-05
4.893939687500010164e-05
4.909278906249988646e-05
9.404702812499995263e-04
8.866472734375000289e-04
9.234057656249998946e-04
8.496258828124998719e-04
8.545492500000001056e-04
8.591371328124997649e-04
8.634123124999998691e-04
8.673995078124996589e-04
8.711218906250000563e-04
8.746072968749998540e-04
8.778654218749999119e-04
8.809140781249996362e-04
8.837676250000002509e-04
8.864436093749996758e-04
8.889501093750001642e-04
8.912990703124995485e-04
8.934988125000003882e-04
8.955597968749994539e-04
8.403042812500000113e-04
8.405847656249998282e-04
8.408469999999997101e-04
8.410920664062499549e-04
8.413211875000000273e-04
8.415339492187498202e-04
8.417322187500005191e-04
8.419160156250001621e-04
8.420859999999998112e-04
8.422431718750000244e-04
8.423875312499997173e-04
8.425152011718749006e-04
8.426428710937499756e-04
8.427477558593750090e-04
8.428526406249998255e-04
8.429366464843753319e-04
8.430206523437499709e-04
8.430848261718750739e-04
8.431489999999998517e-04
8.431957050781250422e-04
8.432424101562500159e-04
8.432713964843754255e-04
8.433003828124997509e-04
8.433126132812498186e-04
8.433248437500001030e-04
8.433204218750001537e-04
8.433160000000002043e-04
8.432923750000000628e-04
8.397852500000003127e-04
8.439616250000000564e-04
8.381799999999998930e-04
8.146217499999997870e-04
8.255170000000002211e-04
8.240513749999996010e-04
8.229169999999997242e-04
8.220264687500003021e-04
8.213470468749998078e-04
8.208253593750000979e-04
8.204430312500001106e-04
8.201693359374997560e-04
8.199935781250000015e-04
8.199007734374998439e-04
8.198795624999998411e-04
8.199143593749996317e-04
8.200016718749999697e-04
8.201335546874991824e-04
8.203047812500002377e-04
8.205085390625001078e-04
8.207422812500001332e-04
8.210011015625000774e-04
8.212830000000000174e-04
8.215816982421875322e-04
8.218975683593747906e-04
8.222267041015622223e-04
8.225671992187498548e-04
8.229173935546874779e-04
8.232754941406251678e-04
8.236389541015624221e-04
8.240078671874999502e-04
8.243799501953119483e-04
8.247533925781252908e-04
8.251283818359374939e-04
8.255028242187497679e-04
8.258762666015621347e-04
8.262467089843747794e-04
8.266126982421874913e-04
8.269742343750001619e-04
8.273300341796871113e-04
8.276769277343747370e-04
8.280148212890621126e-04
8.283409023437500679e-04
8.286529638671875963e-04
8.289454394531251338e-04
8.292153095703127521e-04
8.294520078125001581e-04
8.296485927734374276e-04
8.297144902343745300e-04
8.051969970703125919e-04
8.049286757812498631e-04
8.047246005859375788e-04
8.045832050781249372e-04
8.045002626953124281e-04
8.044769999999999482e-04
0.000000000000000000e+00
4.592690820312501026e-05
4.602356640625000306e-05
4.612192460937499959e-05
4.622178281249997907e-05
4.632424101562500492e-05
4.642669921874999689e-05
4.653268398437497170e-05
4.663866874999999395e-05
4.675033437500004420e-05
4.686199999999997925e-05
4.697366562499999561e-05
4.708533125000000520e-05
4.720529843750001996e-05
4.732526562499995342e-05
4.744523281249997496e-05
4.756519999999998295e-05
4.769449921875002564e-05
4.782379843750003446e-05
4.795309765624998906e-05
4.808239687499996399e-05
4.822224765624998630e-05
4.836209843750001539e-05
4.850194921875008514e-05
4.864180000000008035e-05
4.878890000000004376e-05
4.893910000000008850e-05
4.909249999999989631e-05
9.364889999999998762e-04
8.857720000000005988e-04
9.226600000000003852e-04
8.491342500000001719e-04
8.540769999999999612e-04
8.586838749999999238e-04
8.629767812499999132e-04
8.669805312499996629e-04
8.707184062500003627e-04
8.742185468749999943e-04
8.774905000000001462e-04
8.805521406249999751e-04
8.834178750000001379e-04
8.861051093749997129e-04
8.886221875000000544e-04
8.909811562499999173e-04
8.931903125000000302e-04
8.952602968749998882e-04
8.398582812499998194e-04
8.401402656249994973e-04
8.404037500000000223e-04
8.406500390624998403e-04
8.408802812500000817e-04
8.410941171874997428e-04
8.412933750000003551e-04
8.414781093750000468e-04
8.416489687499996691e-04
8.418069531249998882e-04
8.419520624999999453e-04
8.420804414062498097e-04
8.422088203125003246e-04
8.423143007812498818e-04
8.424197812500001980e-04
8.425043007812495124e-04
8.425888203125002363e-04
8.426534101562501745e-04
8.427179999999996791e-04
8.427650742187502717e-04
8.428121484374999969e-04
8.428414101562498820e-04
8.428706718750000925e-04
8.428831171874998302e-04
8.428955625000001100e-04
8.428912812500000866e-04
8.428869999999998464e-04
8.428630000000000106e-04
8.395509999999997957e-04
8.333100000000000836e-04
8.401059999999999691e-04
8.143560000000000208e-04
8.250550000000001025e-04
8.235722500000003648e-04
8.224239999999997681e-04
8.215266249999997198e-04
8.208421562499999304e-04
8.203163437500004401e-04
8.199309375000001215e-04
8.196547031250000191e-04
8.194770937500000466e-04
8.193829531250000501e-04
8.193608750000000700e-04
8.193952187500003160e-04
8.194824062500000693e-04
8.196143906249997706e-04
8.197859375000001152e-04
8.199901718750001681e-04
8.202245625000005027e-04
8.204841718750001400e-04
8.207670000000000243e-04
8.210667050781254037e-04
8.213836914062500353e-04
8.217140214843751244e-04
8.220557578124996307e-04
8.224072519531250725e-04
8.227666835937503479e-04
8.231315214843754882e-04
8.235018281250001352e-04
8.238753105468749538e-04
8.242501992187500079e-04
8.246266191406250150e-04
8.250025078125001934e-04
8.253773964843751391e-04
8.257492851562501460e-04
8.261167050781247946e-04
8.264796562500000606e-04
8.268368457031249983e-04
8.271850976562497614e-04
8.275243496093750333e-04
8.278517265625000504e-04
8.281650488281249844e-04
8.284587304687499563e-04
8.287297167968749479e-04
8.289674218750001100e-04
8.291650097656252461e-04
8.292334726562502600e-04
8.047438417968750613e-04
8.044754921874998745e-04
8.042714316406250011e-04
8.041300742187497581e-04
8.040471855468753985e-04
8.040239999999998629e-04
0.000000000000000000e+00
4.592656816406250357e-05
4.602321132812501919e-05
4.612155449218749111e-05
4.622139765625000020e-05
4.632384082031248788e-05
4.642628398437499590e-05
4.653225292968749666e-05
4.663822187500000420e-05
4.674987187500001523e-05
4.686152187499999239e-05
4.697317187499998309e-05
4.708482187499998058e-05
4.720477265625002024e-05
4.732472343749999214e-05
4.744467421874997760e-05
4.756462499999997661e-05
4.769391679687496764e-05
4.782320859374999933e-05
4.795250039062503103e-05
4.808179218749999496e-05
4.822163476562499584e-05
4.836147734374995606e-05
4.850131992187508569e-05
4.864116250000001204e-05
4.878825468750000666e-05
4.893844687500000130e-05
4.909178906249995881e-05
9.324737812499999832e-04
8.848912734374999190e-04
9.219097656250001922e-04
8.486403828125000217e-04
8.536047500000002505e-04
8.582306171874997574e-04
8.625412500000002826e-04
8.665615546875003175e-04
8.703149218750003439e-04
8.738297968749998094e-04
8.771155781249998385e-04
8.801902031249997718e-04
8.830681250000003502e-04
8.857666093749998583e-04
8.882942656250000530e-04
8.906632421874998524e-04
8.928818125000002144e-04
8.949607968749998888e-04
8.394122812500001696e-04
8.396957656249998169e-04
8.399605000000001176e-04
8.402080117187500511e-04
8.404393750000003528e-04
8.406542851562500990e-04
8.408545312500005165e-04
8.410402031250003652e-04
8.412119375000000690e-04
8.413707343750001857e-04
8.415165937500000649e-04
8.416456816406250440e-04
8.417747695312504568e-04
8.418808457031251883e-04
8.419869218750000283e-04
8.420719550781249939e-04
8.421569882812506101e-04
8.422219941406249499e-04
8.422869999999999403e-04
8.423344433593752843e-04
8.423818867187498694e-04
8.424114238281255312e-04
8.424409609374997835e-04
8.424536210937499502e-04
8.424662812500001170e-04
8.424621406250001280e-04
8.424580000000000306e-04
8.424336249999999585e-04
8.393167499999999292e-04
8.329258749999999580e-04
8.420669999999999458e-04
8.140713749999998897e-04
8.245772500000002510e-04
8.230857499999999147e-04
8.219320000000000445e-04
8.210276562499998695e-04
8.203380156250003087e-04
8.198079531249999113e-04
8.194193437500000860e-04
8.191404453125003017e-04
8.189608593750000685e-04
8.188652578125000820e-04
8.188421875000004074e-04
8.188759531249998735e-04
8.189628906249999752e-04
8.190948515625000141e-04
8.192665937499999307e-04
8.194711796875002322e-04
8.197060937500001828e-04
8.199663671875000127e-04
8.202500000000004492e-04
8.205507431640629177e-04
8.208688769531251230e-04
8.212004326171874194e-04
8.215434414062496504e-04
8.218962666015630029e-04
8.222570605468751967e-04
8.226233076171873392e-04
8.229950390625001728e-04
8.233699521484375786e-04
8.237463183593749785e-04
8.241242001953124480e-04
8.245015664062498636e-04
8.248779326171871550e-04
8.252512988281253750e-04
8.256201806640627028e-04
8.259845781250002225e-04
8.263431884765624815e-04
8.266928300781251245e-04
8.270334716796871920e-04
8.273621757812501219e-04
8.276767900390626619e-04
8.279717089843748349e-04
8.282438427734375086e-04
8.284825859374997598e-04
8.286812080078120955e-04
8.287522675781251128e-04
8.042905302734373960e-04
8.040221835937500601e-04
8.038181689453127981e-04
8.036768808593750457e-04
8.035940771484380600e-04
8.035709999999997777e-04
0.000000000000000000e+00
4.592624374999999543e-05
4.602288750000000533e-05
4.612123124999999185e-05
4.622107499999996810e-05
4.632351874999999071e-05
4.642596250000000655e-05
4.653193124999999115e-05
4.663789999999996897e-05
4.674954999999998001e-05
4.686119999999999782e-05
4.697285000000002241e-05
4.708449999999998601e-05
4.720445000000000169e-05
4.732439999999995639e-05
4.744434999999999240e-05
4.756429999999992677e-05
4.769359999999997311e-05
4.782290000000001946e-05
4.795220000000002515e-05
4.808150000000001052e-05
4.822134999999999529e-05
4.836120000000004106e-05
4.850104999999995807e-05
4.864089999999993608e-05
4.878800000000010277e-05
4.893820000000001199e-05
4.909150000000002964e-05
9.284590000000000768e-04
8.840110000000000849e-04
9.211600000000001861e-04
8.481470000000000502e-04
8.531329999999996260e-04
8.577778749999996448e-04
8.621062500000000470e-04
8.661431249999997084e-04
8.699119999999998121e-04
8.734416249999998622e-04
8.767412500000000856e-04
8.798288749999998984e-04
8.827190000000001251e-04
8.854287499999996666e-04
8.879670000000001399e-04
8.903459999999998676e-04
8.925739999999999282e-04
8.946619999999998445e-04
8.389669999999999246e-04
8.392520000000004005e-04
8.395180000000001435e-04
8.397667500000002925e-04
8.399992499999999959e-04
8.402152499999999274e-04
8.404165000000004670e-04
8.406031250000001393e-04
8.407757499999998080e-04
8.409353750000001394e-04
8.410819999999997239e-04
8.412118125000002432e-04
8.413416249999998951e-04
8.414483125000000096e-04
8.415550000000001241e-04
8.416405624999998654e-04
8.417261250000001487e-04
8.417915624999997492e-04
8.418569999999998919e-04
8.419048124999999874e-04
8.419526250000001913e-04
8.419824374999997866e-04
8.420122499999999240e-04
8.420251250000004113e-04
8.420379999999999228e-04
8.420340000000001851e-04
8.420300000000001221e-04
8.420139999999998702e-04
8.391010000000000829e-04
8.325690000000002342e-04
8.440639999999994050e-04
8.138140000000001605e-04
8.241179999999999860e-04
8.226089999999997536e-04
8.214410000000000114e-04
8.205297500000002190e-04
8.198349999999995528e-04
8.193007500000002753e-04
8.189089999999998263e-04
8.186275000000001103e-04
8.184459999999999088e-04
8.183490000000001163e-04
8.183249999999997384e-04
8.183582500000001264e-04
8.184450000000000015e-04
8.185770000000001283e-04
8.187489999999999091e-04
8.189540000000003180e-04
8.191895000000001771e-04
8.194505000000003835e-04
8.197350000000000383e-04
8.200367500000001544e-04
8.203559999999999498e-04
8.206887499999999036e-04
8.210329999999998758e-04
8.213871250000000712e-04
8.217492499999997421e-04
8.221168750000002043e-04
8.224900000000000483e-04
8.228663124999998409e-04
8.232441249999999282e-04
8.236234375000004186e-04
8.240022500000001963e-04
8.243800624999999584e-04
8.247548750000001068e-04
8.251251875000001302e-04
8.254910000000000286e-04
8.258510000000001674e-04
8.262020000000000561e-04
8.265440000000000200e-04
8.268740000000003370e-04
8.271898750000000657e-04
8.274859999999998900e-04
8.277592499999997201e-04
8.279990000000000527e-04
8.281986249999998212e-04
8.282722499999998827e-04
8.038383749999999895e-04
8.035700000000000872e-04
8.033659999999999109e-04
8.032247499999999908e-04
8.031420000000002871e-04
8.031190000000000334e-04
0.000000000000000000e+00
4.592591484375000186e-05
4.602255468750002059e-05
4.612089453124999561e-05
4.622073437500000780e-05
4.632317421874998503e-05
4.642561406249998260e-05
4.653157812499995205e-05
4.663754218750001637e-05
4.674918730468753675e-05
4.686083242187501647e-05
4.697247753906252330e-05
4.708412265624995559e-05
4.720406699218745663e-05
4.732401132812495768e-05
4.744395566406254004e-05
4.756389999999998688e-05
4.769319414062500243e-05
4.782248828125000443e-05
4.795178242187499965e-05
4.808107656249996776e-05
4.822091992187503329e-05
4.836076328125001750e-05
4.850060664062494072e-05
4.864044999999994525e-05
4.878753750000006703e-05
4.893769999999992957e-05
4.909100000000006243e-05
9.244099999999998585e-04
8.831254999999999661e-04
9.204060000000001320e-04
8.476558749999998661e-04
8.526615000000001710e-04
8.573257578124997454e-04
8.616722500000002609e-04
8.657260703125003272e-04
8.695108281250000940e-04
8.730551249999997940e-04
8.763685156250000359e-04
8.794690624999997692e-04
8.823713124999996854e-04
8.850926640624997340e-04
8.876418437500003091e-04
8.900310937499998458e-04
8.922687187500005866e-04
8.943654453125001380e-04
8.385231718750003243e-04
8.388094296875000296e-04
8.390766250000002277e-04
8.393266367187502547e-04
8.395602968750006485e-04
8.397774101562503193e-04
8.399796875000003181e-04
8.401672890625001269e-04
8.403408281250001818e-04
8.405013046874998481e-04
8.406487187499998848e-04
8.407792167968748806e-04
8.409097148437504185e-04
8.410169746093752860e-04
8.411242343750000450e-04
8.412102871093752330e-04
8.412963398437503125e-04
8.413621699218751943e-04
8.414279999999999676e-04
8.414760566406250973e-04
8.415241132812500101e-04
8.415540761718751225e-04
8.415840390624994760e-04
8.415970039062500244e-04
8.416099687500000308e-04
8.416059843750000680e-04
8.416019999999998884e-04
8.415839999999997134e-04
8.388920000000000448e-04
8.365457499999994504e-04
8.460969999999998648e-04
8.178955000000001857e-04
8.236509999999998971e-04
8.221282500000000716e-04
8.209499999999999784e-04
8.200307382812500661e-04
8.193297734374997438e-04
8.187910429687500057e-04
8.183958593749999545e-04
8.181120117187500648e-04
8.179288515625003034e-04
8.178307070312498123e-04
8.178060312500001153e-04
8.178388828124999541e-04
8.179255624999998663e-04
8.180577656249999946e-04
8.182302500000000626e-04
8.184359531249998845e-04
8.186723281250000419e-04
8.189343437500002558e-04
8.192200000000000610e-04
8.195228173828126303e-04
8.198432441406248213e-04
8.201772490234370211e-04
8.205228007812497568e-04
8.208783251953124475e-04
8.212418808593749224e-04
8.216109833984375135e-04
8.219856015625002371e-04
8.223634326171874081e-04
8.227428105468747406e-04
8.231236728515623760e-04
8.235040507812501579e-04
8.238834287109373820e-04
8.242598066406252094e-04
8.246316689453127031e-04
8.249990156249999715e-04
8.253605439453123209e-04
8.257130410156251956e-04
8.260564755859369857e-04
8.263879101562501047e-04
8.267051376953126786e-04
8.270025605468751600e-04
8.272770185546874776e-04
8.275178671874998133e-04
8.277183134765625982e-04
8.277943222656249621e-04
8.033881279296872834e-04
8.031195429687498560e-04
8.029153759765623490e-04
8.027739824218750857e-04
8.026911044921878138e-04
8.026680000000000880e-04
0.000000000000000000e+00
4.592558593750000829e-05
4.602222187500002229e-05
4.612055781249999937e-05
4.622039375000000684e-05
4.632282968750000646e-05
4.642526562499998575e-05
4.653122500000001459e-05
4.663718437499998922e-05
4.674882460937499862e-05
4.686046484375000801e-05
4.697210507812496998e-05
4.708374531249997938e-05
4.720368398437503355e-05
4.732362265624997252e-05
4.744356132812498604e-05
4.756349999999999955e-05
4.769278828125005207e-05
4.782207656249991485e-05
4.795136484374996737e-05
4.808065312499998600e-05
4.822048984374993576e-05
4.836032656250000071e-05
4.850016328124999790e-05
4.863999999999997476e-05
4.878707500000017359e-05
4.893720000000017242e-05
4.909050000000016298e-05
9.203609999999997487e-04
8.822400000000000641e-04
9.196519999999995358e-04
8.471647500000003324e-04
8.521900000000000655e-04
8.568736406249999544e-04
8.612382499999997158e-04
8.653090156249995364e-04
8.691096562500000506e-04
8.726686249999995090e-04
8.759957812499999863e-04
8.791092500000001822e-04
8.820236250000002215e-04
8.847565781250002351e-04
8.873166874999999362e-04
8.897161874999999324e-04
8.919634375000000523e-04
8.940688906249999977e-04
8.380793437500000734e-04
8.383668593749999840e-04
8.386352500000004203e-04
8.388865234374998916e-04
8.391213437500000000e-04
8.393395703124998438e-04
8.395428750000002776e-04
8.397314531250000061e-04
8.399059062500001220e-04
8.400672343750003159e-04
8.402154375000001540e-04
8.403466210937502769e-04
8.404778046874999660e-04
8.405856367187500202e-04
8.406934687499999660e-04
8.407800117187498416e-04
8.408665546874999341e-04
8.409327773437503140e-04
8.409990000000001518e-04
8.410474257812502498e-04
8.410958515625000225e-04
8.411260898437499358e-04
8.411563281250000659e-04
8.411695078125002844e-04
8.411826874999999608e-04
8.411788437499999240e-04
8.411749999999995620e-04
8.411599999999998679e-04
8.386939999999994209e-04
8.318390000000003412e-04
8.307520000000003565e-04
8.132879999999999016e-04
8.231839999999998082e-04
8.216480000000005602e-04
8.204599999999999610e-04
8.195326640624999619e-04
8.188254218749997995e-04
8.182821484374999590e-04
8.178834687499999048e-04
8.175972109375004163e-04
8.174123281249999354e-04
8.173129765625000796e-04
8.172875624999999039e-04
8.173199531249999853e-04
8.174065000000000757e-04
8.175388437500002384e-04
8.177117500000000844e-04
8.179180937500002196e-04
8.181552812500000578e-04
8.184182500000003121e-04
8.187050000000000837e-04
8.190088847656251062e-04
8.193304882812503433e-04
8.196657480468750060e-04
8.200126015624998547e-04
8.203695253906249322e-04
8.207345117187502112e-04
8.211050917968747143e-04
8.214812031249999922e-04
8.218605527343750836e-04
8.222414960937500950e-04
8.226239082031252007e-04
8.230058515625000111e-04
8.233867949218748056e-04
8.237647382812499867e-04
8.241381503906248423e-04
8.245070312500002397e-04
8.248700878906247997e-04
8.252240820312503351e-04
8.255689511718751440e-04
8.259018203125004145e-04
8.262204003906251830e-04
8.265191210937499963e-04
8.267947871093749099e-04
8.270367343750001160e-04
8.272380019531254836e-04
8.273163945312501499e-04
8.029378808593752278e-04
8.026690859374999501e-04
8.024647519531248954e-04
8.023232148437502891e-04
8.022402089843752322e-04
8.022170000000000342e-04
0.000000000000000000e+00
4.592524921875002560e-05
4.602187343750001189e-05
4.612019765625000191e-05
4.622002187500000878e-05
4.632244609374998068e-05
4.642487031249999325e-05
4.653081718749999072e-05
4.663676406250000852e-05
4.674839160156253138e-05
4.686001914062499325e-05
4.697164667968750255e-05
4.708327421875001186e-05
4.720319941406250129e-05
4.732312460937501106e-05
4.744304980468741918e-05
4.756297500000000348e-05
4.769224335937499330e-05
4.782151171875006443e-05
4.795078007812498649e-05
4.808004843750001019e-05
4.821986445312500202e-05
4.835968046874997351e-05
4.849949648437495856e-05
4.863931249999999782e-05
4.878639218750004916e-05
4.893649687500012239e-05
4.908978906250002896e-05
9.162772812499999156e-04
8.813492734374993353e-04
9.188932656249998053e-04
8.466711328124998338e-04
8.517182500000002000e-04
8.564213125000000575e-04
8.608040781249998033e-04
8.648918281249997914e-04
8.687083906250002733e-04
8.722820703124996864e-04
8.756230312500000532e-04
8.787494609375003660e-04
8.816760000000001827e-04
8.844205937499997070e-04
8.869916718750000314e-04
8.894014609374997077e-04
8.916583750000001618e-04
8.937725937500000471e-04
8.376358124999999915e-04
8.379246250000001953e-04
8.381942500000001987e-04
8.384468242187502864e-04
8.386828437500005225e-04
8.389022226562498682e-04
8.391065937499999575e-04
8.392961875000004525e-04
8.394715937500001751e-04
8.396338125000001170e-04
8.397828437500000614e-04
8.399147519531251823e-04
8.400466601562505201e-04
8.401551035156255235e-04
8.402635468750000933e-04
8.403506191406255035e-04
8.404376914062503716e-04
8.405043457031251448e-04
8.405710000000002433e-04
8.406197949218753096e-04
8.406685898437498338e-04
8.406991035156250900e-04
8.407296171875002378e-04
8.407430117187501264e-04
8.407564062500001234e-04
8.407527031250001210e-04
8.407490000000000102e-04
8.407307499999995331e-04
8.385079999999999617e-04
8.314744999999997520e-04
8.306779999999992998e-04
8.130312499999998435e-04
8.227189999999999677e-04
8.211689999999998487e-04
8.199710000000000679e-04
8.190355273437501232e-04
8.183219453125000452e-04
8.177740664062499183e-04
8.173718281249998940e-04
8.170830976562495386e-04
8.168964296875001058e-04
8.167958085937500508e-04
8.167695937499999713e-04
8.168014609375003282e-04
8.168878124999999794e-04
8.170202343750002094e-04
8.171934999999999746e-04
8.174004218749996971e-04
8.176383593750000079e-04
8.179022187499999019e-04
8.181900000000001064e-04
8.184949521484377990e-04
8.188177324218751064e-04
8.191542470703121236e-04
8.195024023437501694e-04
8.198607255859373085e-04
8.202271425781250663e-04
8.205992001953125656e-04
8.209768046875000726e-04
8.213576728515625423e-04
8.217401816406253411e-04
8.221241435546873750e-04
8.225076523437502979e-04
8.228901611328122293e-04
8.232696699218745471e-04
8.236446318359377404e-04
8.240150468750000743e-04
8.243796318359374953e-04
8.247351230468749324e-04
8.250814267578122181e-04
8.254157304687499653e-04
8.257356630859377959e-04
8.260356816406251579e-04
8.263125556640627759e-04
8.265556015625002018e-04
8.267576904296877185e-04
8.268384667968747955e-04
8.024876337890623048e-04
8.022186289062501526e-04
8.020141279296873335e-04
8.018724472656249503e-04
8.017893134765625420e-04
8.017659999999999804e-04
0.000000000000000000e+00
4.592492812500000758e-05
4.602155625000000537e-05
4.611988437499998656e-05
4.621971250000001170e-05
4.632214062500002898e-05
4.642456874999998528e-05
4.653051874999999059e-05
4.663646875000000946e-05
4.674809921875001722e-05
4.685972968750001143e-05
4.697136015625000564e-05
4.708299062499998630e-05
4.720291796874996376e-05
4.732284531250000221e-05
4.744277265624997290e-05
4.756270000000002490e-05
4.769196406249996413e-05
4.782122812500003210e-05
4.795049218749993745e-05
4.807975625000001220e-05
4.821956718749997010e-05
4.835937812500000255e-05
4.849918906250008920e-05
4.863900000000005388e-05
4.878610000000000374e-05
4.893620000000003471e-05
4.908950000000011335e-05
9.121939999999998522e-04
8.804589999999998858e-04
9.181349999999999364e-04
8.461779999999995139e-04
8.512469999999998545e-04
8.559694999999997809e-04
8.603704374999999365e-04
8.644751875000003007e-04
8.683076875000002000e-04
8.718960937499999932e-04
8.752508750000001329e-04
8.783902812500001206e-04
8.813290000000001401e-04
8.840852500000000343e-04
8.866673124999997812e-04
8.890874062499994545e-04
8.913539999999998010e-04
8.934769999999999431e-04
8.371930000000001818e-04
8.374831250000000201e-04
8.377540000000000160e-04
8.380078906249999529e-04
8.382451250000005254e-04
8.384656718749999068e-04
8.386711250000002940e-04
8.388617500000005714e-04
8.390381249999998925e-04
8.392012499999996827e-04
8.393511250000004840e-04
8.394837734374999442e-04
8.396164218750000550e-04
8.397254921875001079e-04
8.398345624999997271e-04
8.399221796874999047e-04
8.400097968750001908e-04
8.400768984374997828e-04
8.401440000000002422e-04
8.401930390625000173e-04
8.402420781250001178e-04
8.402727421875003490e-04
8.403034062499999297e-04
8.403168906249997711e-04
8.403303750000002629e-04
8.403266874999998186e-04
8.403229999999998080e-04
8.403079999999992465e-04
8.383349999999999483e-04
8.311199999999996455e-04
8.306109999999999795e-04
8.127779999999998947e-04
8.222540000000001272e-04
8.206899999999998961e-04
8.194819999999998494e-04
8.185384531249999263e-04
8.178185937500002251e-04
8.172661718749996704e-04
8.168604375000002938e-04
8.165692968749994722e-04
8.163809062500004040e-04
8.162790781249997917e-04
8.162521249999998840e-04
8.162835312499999415e-04
8.163697500000000962e-04
8.165023124999999269e-04
8.166760000000003374e-04
8.168835625000000480e-04
8.171223125000003648e-04
8.173871250000000824e-04
8.176760000000000365e-04
8.179820195312500737e-04
8.183059765625002105e-04
8.186437460937505579e-04
8.189932031250001746e-04
8.193529257812501342e-04
8.197207734374999371e-04
8.200943085937499990e-04
8.204734062500002771e-04
8.208557929687494746e-04
8.212398671875000607e-04
8.216253789062499986e-04
8.220104531250003836e-04
8.223945273437499939e-04
8.227756015625000991e-04
8.231521132812501121e-04
8.235240625000001414e-04
8.238901757812499898e-04
8.242471640625000876e-04
8.245949023437499584e-04
8.249306406250002908e-04
8.252519257812502076e-04
8.255532421875000099e-04
8.258313242187498987e-04
8.260754687500000866e-04
8.262783789062504028e-04
8.263615390625002159e-04
8.020383867187504817e-04
8.017691718750002625e-04
8.015645039062498957e-04
8.014226796875000610e-04
8.013394179687499761e-04
8.013160000000000508e-04
0.000000000000000000e+00
4.592459921875000723e-05
4.602122343750001386e-05
4.611954765625001065e-05
4.621937187499999041e-05
4.632179609375000298e-05
4.642422031249998166e-05
4.653016562500001248e-05
4.663611093750001619e-05
4.674773652343751297e-05
4.685936210937504363e-05
4.697098769531252009e-05
4.708261328125001009e-05
4.720253496093747292e-05
4.732245664062502383e-05
4.744237832031251376e-05
4.756230000000001047e-05
4.769155820312497989e-05
4.782081640624998996e-05
4.795007460937499326e-05
4.807933281250004399e-05
4.821913710937498099e-05
4.835894140625002642e-05
4.849874570312497698e-05
4.863854999999998174e-05
4.878563749999999510e-05
4.893569999999998618e-05
4.908900000000002416e-05
9.080764999999996938e-04
8.795635000000000432e-04
9.173729999999997563e-04
8.456873750000000424e-04
8.507760000000002447e-04
8.555181406250001331e-04
8.599374531249997242e-04
8.640594062499998155e-04
8.679080468750004348e-04
8.715113828125000675e-04
8.748801874999998732e-04
8.780327734374998626e-04
8.809838750000000863e-04
8.837517968749999085e-04
8.863448593750004791e-04
8.887752734374999245e-04
8.910515625000000467e-04
8.931840468749999672e-04
8.367510312499997112e-04
8.370426718749997275e-04
8.373150000000003680e-04
8.375701601562499619e-04
8.378085624999999197e-04
8.380302304687501204e-04
8.382367187500000712e-04
8.384283281250002641e-04
8.386056250000000758e-04
8.387696093750000642e-04
8.389202812500003376e-04
8.390536230468751376e-04
8.391869648437501545e-04
8.392966152343750647e-04
8.394062656249998665e-04
8.394943808593751614e-04
8.395824960937500227e-04
8.396499980468752171e-04
8.397175000000001947e-04
8.397669082031250466e-04
8.398163164062501154e-04
8.398472558593749306e-04
8.398781953124999627e-04
8.398918945312495825e-04
8.399055937500000697e-04
8.399020468750003103e-04
8.398984999999996835e-04
8.398835000000000979e-04
8.381850000000000802e-04
8.307659999999992759e-04
8.305539999999998410e-04
8.125309999999999087e-04
8.217904999999999308e-04
8.202124999999993709e-04
8.189939999999997552e-04
8.180423164062501033e-04
8.173161171875002696e-04
8.167590898437500791e-04
8.163497968749999735e-04
8.160561835937500197e-04
8.158660078125004817e-04
8.157629101562498871e-04
8.157351562499996420e-04
8.157660390624999749e-04
8.158520625000001240e-04
8.159847031249999137e-04
8.161587499999997013e-04
8.163668906250000834e-04
8.166063906250001139e-04
8.168720937500001215e-04
8.171620000000001834e-04
8.174691025390627740e-04
8.177942519531248644e-04
8.181332919921875581e-04
8.184840664062499301e-04
8.188452041015627019e-04
8.192144980468747586e-04
8.195895263671875916e-04
8.199701328124997654e-04
8.203540537109374172e-04
8.207397089843752403e-04
8.211267861328123150e-04
8.215134414062502622e-04
8.218990966796876517e-04
8.222817519531251023e-04
8.226598291015626858e-04
8.230333281250002938e-04
8.234009853515623445e-04
8.237594863281253116e-04
8.241086748046876510e-04
8.244458632812505603e-04
8.247685166015627720e-04
8.250711464843753316e-04
8.253504521484376997e-04
8.255957109375002077e-04
8.257994580078128815e-04
8.258850175781253140e-04
8.015895615234373524e-04
8.013201523437502504e-04
8.011153330078121110e-04
8.009733808593752502e-04
8.008900068359374805e-04
8.008665000000000748e-04
0.000000000000000000e+00
4.592427031249999333e-05
4.602089062500001556e-05
4.611921093750000764e-05
4.621903125000000301e-05
4.632145156249999052e-05
4.642387187499999836e-05
4.652981250000000726e-05
4.663575312500002970e-05
4.674737382812500872e-05
4.685899453125000807e-05
4.697061523437496677e-05
4.708223593750002710e-05
4.720215195312500240e-05
4.732206796874998447e-05
4.744198398437504108e-05
4.756190000000000959e-05
4.769115234374999565e-05
4.782040468749996815e-05
4.794965703125001518e-05
4.807890937500003512e-05
4.821870703124992412e-05
4.835850468749993509e-05
4.849830234375002061e-05
4.863810000000001125e-05
4.878517500000002034e-05
4.893520000000004607e-05
4.908850000000003662e-05
9.039589999999996439e-04
8.786680000000002006e-04
9.166110000000000100e-04
8.451967499999999203e-04
8.503050000000002013e-04
8.550667812499998348e-04
8.595044687499997288e-04
8.636436249999997639e-04
8.675084062500000191e-04
8.711266718749994913e-04
8.745094999999998304e-04
8.776752656249999299e-04
8.806387499999997074e-04
8.834183437500002165e-04
8.860224062500000929e-04
8.884631406249998524e-04
8.907491249999998587e-04
8.928910937499999912e-04
8.363090624999998911e-04
8.366022187500001938e-04
8.368760000000001779e-04
8.371324296875000794e-04
8.373720000000000729e-04
8.375947890624999004e-04
8.378023125000004989e-04
8.379949062500000653e-04
8.381731250000001507e-04
8.383379687500002288e-04
8.384894374999999744e-04
8.386234726562498973e-04
8.387575078125001455e-04
8.388677382812498046e-04
8.389779687499998974e-04
8.390665820312499844e-04
8.391551953125002883e-04
8.392230976562501093e-04
8.392910000000002556e-04
8.393407773437501843e-04
8.393905546875003298e-04
8.394217695312498374e-04
8.394529843749999956e-04
8.394668984374998276e-04
8.394808125000002017e-04
8.394774062499996093e-04
8.394739999999996675e-04
8.394590000000000819e-04
8.380349999999998868e-04
8.304119999999997736e-04
8.304970000000001362e-04
8.122840000000000312e-04
8.213269999999997344e-04
8.197350000000000383e-04
8.185059999999999862e-04
8.175461796875001718e-04
8.168136406249999889e-04
8.162520078124997289e-04
8.158391562499998700e-04
8.155430703124998083e-04
8.153511093750003425e-04
8.152467421875003077e-04
8.152181874999998336e-04
8.152485468749996831e-04
8.153343750000004771e-04
8.154670937499999004e-04
8.156414999999998241e-04
8.158502187499999019e-04
8.160904687500002965e-04
8.163570625000001607e-04
8.166480000000000050e-04
8.169561855468749322e-04
8.172825273437503858e-04
8.176228378906252089e-04
8.179749296874997940e-04
8.183374824218750529e-04
8.187082226562501222e-04
8.190847441406245337e-04
8.194668593750001210e-04
8.198523144531249260e-04
8.202395507812502030e-04
8.206281933593754987e-04
8.210164296874999240e-04
8.214036660156252010e-04
8.217879023437504307e-04
8.221675449218750426e-04
8.225425937500002293e-04
8.229117949218749161e-04
8.232718085937504272e-04
8.236224472656252351e-04
8.239610859374999624e-04
8.242851074218747942e-04
8.245890507812501111e-04
8.248695800781247417e-04
8.251159531249998950e-04
8.253205371093750350e-04
8.254084960937500869e-04
8.011407363281250905e-04
8.008711328124999132e-04
8.006661621093749768e-04
8.005240820312504394e-04
8.004405957031248764e-04
8.004169999999999905e-04
0.000000000000000000e+00
4.592394140624998620e-05
4.602055781250001049e-05
4.611887421875001140e-05
4.621869062500000205e-05
4.632110703124999839e-05
4.642352343749998796e-05
4.652945937500000881e-05
4.663539531250002966e-05
4.674701113281248414e-05
4.685862695312499284e-05
4.697024277343751509e-05
4.708185859375000346e-05
4.720176894531245734e-05
4.732167929687499254e-05
4.744158964843750740e-05
4.756150000000000872e-05
4.769074023437499572e-05
4.781998046874995562e-05
4.794922070312494940e-05
4.807846093749997706e-05
4.821824570312503277e-05
4.835803046875000716e-05
4.849781523437500866e-05
4.863760000000001015e-05
4.878468749999996930e-05
4.893469999999992977e-05
4.908800000000015750e-05
8.998064999999996934e-04
8.777675000000003877e-04
9.158440000000000764e-04
8.447038749999998984e-04
8.498345000000001115e-04
8.546159531249997989e-04
8.590720468749999793e-04
8.632284375000007009e-04
8.671093906250001418e-04
8.707426171875000875e-04
8.741395000000000762e-04
8.773184765625000525e-04
8.802943750000000178e-04
8.830856718749997879e-04
8.857007656250001464e-04
8.881518515624996614e-04
8.904475624999998607e-04
8.925990468749996467e-04
8.358680312499999028e-04
8.361627343749997165e-04
8.364380000000002204e-04
8.366957304687501961e-04
8.369365000000003173e-04
8.371604414062496467e-04
8.373690312499997923e-04
8.375626406250001252e-04
8.377418125000001426e-04
8.379075468750001856e-04
8.380598437500001458e-04
8.381946035156249584e-04
8.383293632812504215e-04
8.384402050781248131e-04
8.385510468749995299e-04
8.386401894531253683e-04
8.387293320312506646e-04
8.387976660156250958e-04
8.388659999999999606e-04
8.389161464843752913e-04
8.389662929687501883e-04
8.389977832031251474e-04
8.390292734374998895e-04
8.390434023437501505e-04
8.390575312500000863e-04
8.390542656250002873e-04
8.390509999999997293e-04
8.390360000000001437e-04
8.379215000000003223e-04
8.300644999999996689e-04
8.304545000000000633e-04
8.120455000000000164e-04
8.208650000000000495e-04
8.192589999999999161e-04
8.180195000000002950e-04
8.170515117187499010e-04
8.163126015624998190e-04
8.157463320312498311e-04
8.153298906250001270e-04
8.150313007812501906e-04
8.148375234374998378e-04
8.147318554687500540e-04
8.147024687500000178e-04
8.147322734374998340e-04
8.148178750000000968e-04
8.149506406250002543e-04
8.151253750000001137e-04
8.153346406250000121e-04
8.155756093750002452e-04
8.158430624999998739e-04
8.161350000000001676e-04
8.164442685546876481e-04
8.167718027343747302e-04
8.171133837890624417e-04
8.174667929687497820e-04
8.178307607421877448e-04
8.182029472656246341e-04
8.185809619140626842e-04
8.189645859374999502e-04
8.193515751953127759e-04
8.197403925781249646e-04
8.201306005859375055e-04
8.205204179687499268e-04
8.209092353515627660e-04
8.212950527343750159e-04
8.216762607421875236e-04
8.220528593750000721e-04
8.224236044921876118e-04
8.227851308593752333e-04
8.231372197265626181e-04
8.234773085937500308e-04
8.238026982421874827e-04
8.241079550781254485e-04
8.243897080078123416e-04
8.246371953125001403e-04
8.248426162109377463e-04
8.249329746093749839e-04
8.006929111328125190e-04
8.004231132812498085e-04
8.002179912109374247e-04
8.000757832031251023e-04
7.999921845703130471e-04
7.999685000000000303e-04
0.000000000000000000e+00
4.592361250000001296e-05
4.602022499999999187e-05
4.611853749999999483e-05
4.621835000000000109e-05
4.632076249999999949e-05
4.642317499999999789e-05
4.652910624999999681e-05
4.663503750000000251e-05
4.674664843749999345e-05
4.685825937500001149e-05
4.696987031249996855e-05
4.708148125000001370e-05
4.720138593750001393e-05
4.732129062500005481e-05
4.744119531250000083e-05
4.756109999999998751e-05
4.769032812500000935e-05
4.781955624999998376e-05
4.794878437499997849e-05
4.807801250000001388e-05
4.821778437499999235e-05
4.835755625000001825e-05
4.849732812500005770e-05
4.863710000000004972e-05
4.878420000000004023e-05
4.893420000000005743e-05
4.908749999999995311e-05
8.956540000000000681e-04
8.768670000000003580e-04
9.150770000000001429e-04
8.442110000000003101e-04
8.493639999999998049e-04
8.541651250000000884e-04
8.586396250000001215e-04
8.628132500000002284e-04
8.667103750000002644e-04
8.703585625000006838e-04
8.737695000000001051e-04
8.769616875000002835e-04
8.799500000000001114e-04
8.827530000000000099e-04
8.853791250000001998e-04
8.878405625000001210e-04
8.901459999999997543e-04
8.923069999999999526e-04
8.354270000000001313e-04
8.357232499999998898e-04
8.360000000000001544e-04
8.362590312500004213e-04
8.365010000000000197e-04
8.367260937500002604e-04
8.369357500000000616e-04
8.371303750000001851e-04
8.373104999999998093e-04
8.374771250000003593e-04
8.376302499999999920e-04
8.377657343750002364e-04
8.379012187499998302e-04
8.380126718749999299e-04
8.381241250000001381e-04
8.382137968750002100e-04
8.383034687499998482e-04
8.383722343749996486e-04
8.384409999999998826e-04
8.384915156249997479e-04
8.385420312499999385e-04
8.385737968749998068e-04
8.386055625000001087e-04
8.386199062499999314e-04
8.386342499999999709e-04
8.386311249999998810e-04
8.386280000000000080e-04
8.386130000000000971e-04
8.378079999999999989e-04
8.297169999999999979e-04
8.304119999999998820e-04
8.118069999999998933e-04
8.204029999999999309e-04
8.187830000000001192e-04
8.175329999999998449e-04
8.165568437500000639e-04
8.158115625000000827e-04
8.152406562500003669e-04
8.148206249999998419e-04
8.145195312500002477e-04
8.143239375000003088e-04
8.142169687500001255e-04
8.141867500000003104e-04
8.142159999999999849e-04
8.143013749999997164e-04
8.144341875000002829e-04
8.146092499999999697e-04
8.148190625000003391e-04
8.150607499999998687e-04
8.153290624999999124e-04
8.156220000000000050e-04
8.159323515625001473e-04
8.162610781250001588e-04
8.166039296874996745e-04
8.169586562499998785e-04
8.173240390624997862e-04
8.176976718749999051e-04
8.180771796874997505e-04
8.184623124999998878e-04
8.188508359375000836e-04
8.192412343749998346e-04
8.196330078125001629e-04
8.200244062500000380e-04
8.204148046874997890e-04
8.208022031249999264e-04
8.211849765624998961e-04
8.215631250000001318e-04
8.219354140625001991e-04
8.222984531250001478e-04
8.226519921875001095e-04
8.229935312499999907e-04
8.233202890625001711e-04
8.236268593750001353e-04
8.239098359374999415e-04
8.241584375000000602e-04
8.243646953125001323e-04
8.244574531249999894e-04
8.002450859375000560e-04
7.999750937500002459e-04
7.997698203124998725e-04
7.996274843750001988e-04
7.995437734375000251e-04
7.995199999999999616e-04
0.000000000000000000e+00
4.592328046874999121e-05
4.601988593750001855e-05
4.611819140624999540e-05
4.621799687500000264e-05
4.632040234375000204e-05
4.642280781249999465e-05
4.652873125000002479e-05
4.663465468750000072e-05
4.674625761718752704e-05
4.685786054687498560e-05
4.696946347656252548e-05
4.708106640625001792e-05
4.720096230468749567e-05
4.732085820312502086e-05
4.744075410156245118e-05
4.756064999999999669e-05
4.768987851562498309e-05
4.781910703125004402e-05
4.794833554687498298e-05
4.807756406249999649e-05
4.821733554687498329e-05
4.835710703125005818e-05
4.849687851562504499e-05
4.863664999999999113e-05
4.878371250000011116e-05
4.893375000000012081e-05
4.908700000000001978e-05
8.914659999999999382e-04
8.759615000000003579e-04
9.143060000000000380e-04
8.437207500000004244e-04
8.488940000000002109e-04
8.537149062500001655e-04
8.582079218750002106e-04
8.623988906250000790e-04
8.663122968750001105e-04
8.699755546875002953e-04
8.734006562500000676e-04
8.766061640624998484e-04
8.796069999999999150e-04
8.824217499999995919e-04
8.850589531249995886e-04
8.875307890624999996e-04
8.898460000000001265e-04
8.346700000000006805e-04
8.349869999999997086e-04
8.352847812500002874e-04
8.355630000000001043e-04
8.358233320312497949e-04
8.360665000000000631e-04
8.362927460937502394e-04
8.365034687500003466e-04
8.366991093750003692e-04
8.368801874999997085e-04
8.370477031250001150e-04
8.372016562499998539e-04
8.373378652343752048e-04
8.374740742187503388e-04
8.375861386718753878e-04
8.376982031249998947e-04
8.377884042968753928e-04
8.378786054687500234e-04
8.379478027343751929e-04
8.380170000000000370e-04
8.380678847656250876e-04
8.381187695312500296e-04
8.381508105468751324e-04
8.381828515624996931e-04
8.381974101562502701e-04
8.382119687500001965e-04
8.382089843749998158e-04
8.382060000000001940e-04
8.381849999999996465e-04
8.377290000000003813e-04
8.293672499999997765e-04
8.303810000000001528e-04
8.115730000000001120e-04
8.199374999999999199e-04
8.183051874999998669e-04
8.170470000000002158e-04
8.160627070312502724e-04
8.153110859374999419e-04
8.147355742187502650e-04
8.143119843750000952e-04
8.140084179687501762e-04
8.138110390625002011e-04
8.137028007812500355e-04
8.136717812499999914e-04
8.137005078125001583e-04
8.137856875000002094e-04
8.139185781250004095e-04
8.140939999999999071e-04
8.143043906250001891e-04
8.145468281250001913e-04
8.148160312500003083e-04
8.151100000000001834e-04
8.154214189453127789e-04
8.157513222656251860e-04
8.160954287109375982e-04
8.164514570312498068e-04
8.168182392578125350e-04
8.171933027343749158e-04
8.175742880859375407e-04
8.179609140625000155e-04
8.183509560546874811e-04
8.187429199218750194e-04
8.191362431640622759e-04
8.195292070312498300e-04
8.199211708984372599e-04
8.203101347656251846e-04
8.206944580078124078e-04
8.210741406250001220e-04
8.214479580078128335e-04
8.218124941406251176e-04
8.221674677734374477e-04
8.225104414062500225e-04
8.228385517578127228e-04
8.231464199218750189e-04
8.234306044921876379e-04
8.236803046875005186e-04
8.238873837890624144e-04
8.239825253906250075e-04
7.997978388671877223e-04
7.995276367187498451e-04
7.993221962890620326e-04
7.991797167968747988e-04
7.990958779296872738e-04
7.990719999999998466e-04
0.000000000000000000e+00
4.592294843750001013e-05
4.601954687500001134e-05
4.611784531249997563e-05
4.621764374999995676e-05
4.632004218749999103e-05
4.642244062500001852e-05
4.652835624999997823e-05
4.663427187499996504e-05
4.674586679687502675e-05
4.685746171874998682e-05
4.696905664062497399e-05
4.708065156250000182e-05
4.720053867187501130e-05
4.732042578124993947e-05
4.744031289062499638e-05
4.756019999999991778e-05
4.768942890625000426e-05
4.781865781250002297e-05
4.794788671875001458e-05
4.807711562499997909e-05
4.821688671874998101e-05
4.835665781250003713e-05
4.849642890625003227e-05
4.863620000000002741e-05
4.878322500000001945e-05
4.893330000000014354e-05
4.908649999999997802e-05
8.872780000000000250e-04
8.750560000000003578e-04
9.135350000000004751e-04
8.432304999999996713e-04
8.484239999999998580e-04
8.532648125000000684e-04
8.577764687499999513e-04
8.619849062499997322e-04
8.659147187500002354e-04
8.695931718750001200e-04
8.730325624999996353e-04
8.762515156249998200e-04
8.792649999999999511e-04
8.820914999999996233e-04
8.847397812499999689e-04
8.872220156249998940e-04
8.895470000000002975e-04
8.342290000000001336e-04
8.345480000000000606e-04
8.348468124999998798e-04
8.351260000000003793e-04
8.353876328125002526e-04
8.356320000000003233e-04
8.358593984375006520e-04
8.360711875000001979e-04
8.362678437500000112e-04
8.364498750000003667e-04
8.366182812500001960e-04
8.367730625000000411e-04
8.369099960937500648e-04
8.370469296875003053e-04
8.371596054687499783e-04
8.372722812499997598e-04
8.373630117187495997e-04
8.374537421875004155e-04
8.375233710937496530e-04
8.375929999999997579e-04
8.376442539062501020e-04
8.376955078124999040e-04
8.377278242187499160e-04
8.377601406250000365e-04
8.377749140625001751e-04
8.377896874999999884e-04
8.377868437500000758e-04
8.377839999999998379e-04
8.377700000000002679e-04
8.376760000000000889e-04
8.290339999999998691e-04
8.303570000000003171e-04
8.113445000000000379e-04
8.194760000000000802e-04
8.178298750000001418e-04
8.165619999999999519e-04
8.155695078124998790e-04
8.148114843749999911e-04
8.142313046875000607e-04
8.138040937499997369e-04
8.134979921875000681e-04
8.132987656250001982e-04
8.131891953124999748e-04
8.131573125000000598e-04
8.131854531249998845e-04
8.132703749999999629e-04
8.134032812500001548e-04
8.135790000000002551e-04
8.137899062500001572e-04
8.140330312499999060e-04
8.143030625000000208e-04
8.145980000000001449e-04
8.149104863281250851e-04
8.152415664062497794e-04
8.155869277343754135e-04
8.159442578124998435e-04
8.163124394531251753e-04
8.166889335937501434e-04
8.170713964843751139e-04
8.174595156250000346e-04
8.178510761718749871e-04
8.182446054687500959e-04
8.186394785156254732e-04
8.190340078124997304e-04
8.194275371093749476e-04
8.198180664062497923e-04
8.202039394531249195e-04
8.205851562500003291e-04
8.209605019531253595e-04
8.213265351562499790e-04
8.216829433593752195e-04
8.220273515625001626e-04
8.223568144531255997e-04
8.226659804687501193e-04
8.229513730468750090e-04
8.232021718750001096e-04
8.234100722656254555e-04
8.235075976562495920e-04
7.993505917968747381e-04
7.990801796875002033e-04
7.988745722656250599e-04
7.987319492187498326e-04
7.986479824218750646e-04
7.986239999999998401e-04
0.000000000000000000e+00
4.592261953125000300e-05
4.601921406250000627e-05
4.611750859375000650e-05
4.621730312500000324e-05
4.631969765624999890e-05
4.642209218749999457e-05
4.652800312500002722e-05
4.663391406250003276e-05
4.674550410156251573e-05
4.685709414062502580e-05
4.696868417968751554e-05
4.708027421875001206e-05
4.720015566406250690e-05
4.732003710937506273e-05
4.743991855468754403e-05
4.755980000000004565e-05
4.768902304687502679e-05
4.781824609375005537e-05
4.794746914062502974e-05
4.807669218750006509e-05
4.821645664062501900e-05
4.835622109375008811e-05
4.849598554687507590e-05
4.863575000000005014e-05
4.878271250000004798e-05
4.893280000000012212e-05
4.908600000000007179e-05
8.830555000000004902e-04
8.741455000000000622e-04
9.127600000000000904e-04
8.427382500000002961e-04
8.479540000000003724e-04
8.528147187500005133e-04
8.573450156250002341e-04
8.615709218750002528e-04
8.655171406250001436e-04
8.692107890625003783e-04
8.726644687500001787e-04
8.758968671874997917e-04
8.789230000000002041e-04
8.817614999999997399e-04
8.844211093749999777e-04
8.869139921875001525e-04
8.892489999999997254e-04
8.337880000000006710e-04
8.341090000000001958e-04
8.344098437500004637e-04
8.346910000000000353e-04
8.349539335937503082e-04
8.351995000000000729e-04
8.354280507812502287e-04
8.356409062500001891e-04
8.358385781249999015e-04
8.360215625000000806e-04
8.361908593750000916e-04
8.363464687500001514e-04
8.364841269531248479e-04
8.366217851562500864e-04
8.367350722656249256e-04
8.368483593750001984e-04
8.369396191406249224e-04
8.370308789062499717e-04
8.371009394531250120e-04
8.371709999999999438e-04
8.372224980468749968e-04
8.372739960937498329e-04
8.373064628906248200e-04
8.373389296874999155e-04
8.373537929687496816e-04
8.373686562499996645e-04
8.373658281249999604e-04
8.373630000000001480e-04
8.373394999999999406e-04
8.376550000000001920e-04
8.286877499999997570e-04
8.303409999999998483e-04
8.111219999999997330e-04
8.190184999999996530e-04
8.173565624999995808e-04
8.160769999999997965e-04
8.150763085937497024e-04
8.143118828124997150e-04
8.137270351562499648e-04
8.132962031249997038e-04
8.129875664062497431e-04
8.127864921875001952e-04
8.126755898437498056e-04
8.126428437500001281e-04
8.126703984374999360e-04
8.127550624999996080e-04
8.128879843750000085e-04
8.130639999999997357e-04
8.132754218750000170e-04
8.135192343750000544e-04
8.137900937500003838e-04
8.140859999999998896e-04
8.143995849609375918e-04
8.147318730468753158e-04
8.150785205078122037e-04
8.154371835937498144e-04
8.158067958984374082e-04
8.161847519531249470e-04
8.165687236328123553e-04
8.169583671875001391e-04
8.173514775390625618e-04
8.177466035156251162e-04
8.181430576171875137e-04
8.185391835937499755e-04
8.189343095703122046e-04
8.193264355468749286e-04
8.197138896484376181e-04
8.200966718750000561e-04
8.204735771484373890e-04
8.208411386718748697e-04
8.211990126953126789e-04
8.215448867187500823e-04
8.218757333984374807e-04
8.221862285156252914e-04
8.224728603515626523e-04
8.227247890625001732e-04
8.229335419921875432e-04
8.230334824218751583e-04
7.989041884765621772e-04
7.986335976562499925e-04
7.984278544921872851e-04
7.982851191406253486e-04
7.982010556640622371e-04
7.981769999999999577e-04
0.000000000000000000e+00
4.592229062499998232e-05
4.601888125000000120e-05
4.611717187499999671e-05
4.621696249999999550e-05
4.631935312500000678e-05
4.642174374999999094e-05
4.652764999999998811e-05
4.663355624999999206e-05
4.674514140624997760e-05
4.685672656250001056e-05
4.696831171874996899e-05
4.707989687499999519e-05
4.719977265624998217e-05
4.731964843749999626e-05
4.743952421874999002e-05
4.755939999999995668e-05
4.768861718749996801e-05
4.781783437499997934e-05
4.794705156250003133e-05
4.807626875000004267e-05
4.821602656250001634e-05
4.835578437500002389e-05
4.849554218749999078e-05
4.863530000000003899e-05
4.878219999999997486e-05
4.893230000000016846e-05
4.908550000000012491e-05
8.788330000000004133e-04
8.732350000000002003e-04
9.119850000000001393e-04
8.422460000000001621e-04
8.474839999999999110e-04
8.523647499999999167e-04
8.569138124999999516e-04
8.611573124999998170e-04
8.651200624999997885e-04
8.688290312499999824e-04
8.722971250000001106e-04
8.755430937500000618e-04
8.785820000000002560e-04
8.814325000000003060e-04
8.841034374999997853e-04
8.866069687499997763e-04
8.889519999999999280e-04
8.333490000000003724e-04
8.336710000000003467e-04
8.339728749999996381e-04
8.342549999999998925e-04
8.345192343750001312e-04
8.347660000000000236e-04
8.349957031249996813e-04
8.352096250000002730e-04
8.354083125000001013e-04
8.355922500000002124e-04
8.357624375000000799e-04
8.359188750000001375e-04
8.360572578124998320e-04
8.361956406250001771e-04
8.363095390625000739e-04
8.364234375000000792e-04
8.365152265625003377e-04
8.366070156249995121e-04
8.366775078125001383e-04
8.367479999999998972e-04
8.367999921875001780e-04
8.368519843749999167e-04
8.368848515625001809e-04
8.369177187499997946e-04
8.369329218749999239e-04
8.369481250000001616e-04
8.369455624999999925e-04
8.369429999999998234e-04
8.369290000000001450e-04
8.376729999999999333e-04
8.283649999999993102e-04
8.303329999999999392e-04
8.109059999999995846e-04
8.185659999999997383e-04
8.168867500000001050e-04
8.155939999999998894e-04
8.145850468749999155e-04
8.138141562499997530e-04
8.132245781250003244e-04
8.127900625000000507e-04
8.124788281249997225e-04
8.122758437500003127e-04
8.121635468750000066e-04
8.121298749999999490e-04
8.121567812500002067e-04
8.122411250000003725e-04
8.123739999999997135e-04
8.125502499999999679e-04
8.127621250000000106e-04
8.130065625000001527e-04
8.132781875000001876e-04
8.135749999999999753e-04
8.138896523437504560e-04
8.142231171874997082e-04
8.145710195312504684e-04
8.149309843749999753e-04
8.153019960937495222e-04
8.156813828124998651e-04
8.160668320312501611e-04
8.164579687499999572e-04
8.168525976562499751e-04
8.172492890624999916e-04
8.176472929687499678e-04
8.180449843750000000e-04
8.184416757812502333e-04
8.188353671875002026e-04
8.192243710937502539e-04
8.196086874999999536e-04
8.199871210937499308e-04
8.203561796875001805e-04
8.207154882812501412e-04
8.210627968749998045e-04
8.213949960937501566e-04
8.217067890625002992e-04
8.219946289062500392e-04
8.222476562500001052e-04
8.224572304687500579e-04
8.225595546874999754e-04
7.984579414062499677e-04
7.981871406249999327e-04
7.979812304687500029e-04
7.978383515625000729e-04
7.977541601562501521e-04
7.977299999999999669e-04
0.000000000000000000e+00
4.592196171875000907e-05
4.601854843749999613e-05
4.611683515624999369e-05
4.621662187499998777e-05
4.631900859374998755e-05
4.642139531249998732e-05
4.652729687500002355e-05
4.663319843749999202e-05
4.674477871093748690e-05
4.685635898437496823e-05
4.696793925781251732e-05
4.707951953124997154e-05
4.719938964843747100e-05
4.731925976562502466e-05
4.743912988281244957e-05
4.755899999999996935e-05
4.768820507812498164e-05
4.781741015624996682e-05
4.794661523437497911e-05
4.807582031250001172e-05
4.821556523437501657e-05
4.835531015625002142e-05
4.849505507812501949e-05
4.863479999999999046e-05
4.878171250000002546e-05
4.893179999999997085e-05
4.908499999999999506e-05
8.745750000000003738e-04
8.723189999999999807e-04
9.112050000000000011e-04
8.417558749999999937e-04
8.470144999999999454e-04
8.519152812500001412e-04
8.564831093749996228e-04
8.607442031249999854e-04
8.647234843750002545e-04
8.684477734374998655e-04
8.719302812499997793e-04
8.751898203125000686e-04
8.782415000000002615e-04
8.811039999999997416e-04
8.837862656250001971e-04
8.863004453124995706e-04
8.886554999999998674e-04
8.329099999999998571e-04
8.332339999999998628e-04
8.335374062499997577e-04
8.338209999999999979e-04
8.340865351562500940e-04
8.343345000000002227e-04
8.345653554687499243e-04
8.347803437499999547e-04
8.349800468750000074e-04
8.351649374999999421e-04
8.353360156249999913e-04
8.354932812499999382e-04
8.356323886718750645e-04
8.357714960937499740e-04
8.358860058593750369e-04
8.360005156250000999e-04
8.360928339843750256e-04
8.361851523437496261e-04
8.362560761718752962e-04
8.363269999999999905e-04
8.363792363281251970e-04
8.364314726562500782e-04
8.364644902343753175e-04
8.364975078124997979e-04
8.365128007812503135e-04
8.365280937500002871e-04
8.365255468750004350e-04
8.365229999999998240e-04
8.364934999999997390e-04
8.377379999999997641e-04
8.280197500000000812e-04
8.303330000000000476e-04
8.106894375000001660e-04
8.181033750000001655e-04
8.164113750000004128e-04
8.151100000000001834e-04
8.140928476562501884e-04
8.133155546874999264e-04
8.127213085937501358e-04
8.122831718749999250e-04
8.119694023437499554e-04
8.117645703125002171e-04
8.116509414062502868e-04
8.116164062500002500e-04
8.116427265625001655e-04
8.117268124999999250e-04
8.118597031250000167e-04
8.120362500000000063e-04
8.122486406250001029e-04
8.124937656250002084e-04
8.127662187500001327e-04
8.130639999999998441e-04
8.133797509765626531e-04
8.137144238281251519e-04
8.140636123046874912e-04
8.144249101562496367e-04
8.147973525390623129e-04
8.151782011718747929e-04
8.155651591796870929e-04
8.159578203124999689e-04
8.163539990234371319e-04
8.167522871093750277e-04
8.171518720703123493e-04
8.175511601562498272e-04
8.179494482421876145e-04
8.183447363281250294e-04
8.187353212890622093e-04
8.191212031250000216e-04
8.195011962890628434e-04
8.198717832031253037e-04
8.202325576171876163e-04
8.205813320312499567e-04
8.209149150390624870e-04
8.212280371093750534e-04
8.215171162109374814e-04
8.217712734374998593e-04
8.219817001953124867e-04
8.220864394531251238e-04
7.980125380859375310e-04
7.977415585937500629e-04
7.975355126953121354e-04
7.973925214843751710e-04
7.973082333984375571e-04
7.972839999999999918e-04
0.000000000000000000e+00
4.592163281249998839e-05
4.601821562499999784e-05
4.611649843750000423e-05
4.621628125000001392e-05
4.631866406249997509e-05
4.642104687499998370e-05
4.652694375000001833e-05
4.663284062499999875e-05
4.674441601562503008e-05
4.685599140624998688e-05
4.696756679687502499e-05
4.707914218749999533e-05
4.719900664062500725e-05
4.731887109374999207e-05
4.743873554687496333e-05
4.755860000000005657e-05
4.768779296874998849e-05
4.781698593750007627e-05
4.794617890625003530e-05
4.807537187500000788e-05
4.821510390625005068e-05
4.835483593749996474e-05
4.849456796874997367e-05
4.863430000000008423e-05
4.878122500000002185e-05
4.893129999999996298e-05
4.908449999999998719e-05
8.703170000000003343e-04
8.714029999999997611e-04
9.104250000000000797e-04
8.412657500000005843e-04
8.465449999999997630e-04
8.514658125000000403e-04
8.560524062500001613e-04
8.603310937499997202e-04
8.643269062499998531e-04
8.680665156249998569e-04
8.715634374999997732e-04
8.748365468750001839e-04
8.779010000000001587e-04
8.807755000000000445e-04
8.834690937500001753e-04
8.859939218749997986e-04
8.883590000000001321e-04
8.324709999999997754e-04
8.327970000000003547e-04
8.331019375000000941e-04
8.333870000000001034e-04
8.336538359374998401e-04
8.339030000000000964e-04
8.341350078125001673e-04
8.343510624999998532e-04
8.345517812500000219e-04
8.347376249999999970e-04
8.349095937499997943e-04
8.350676875000001727e-04
8.352075195312505139e-04
8.353473515624997708e-04
8.354624726562501083e-04
8.355775937500000122e-04
8.356704414062498219e-04
8.357632890624998485e-04
8.358346445312504541e-04
8.359059999999999754e-04
8.359586054687503671e-04
8.360112109374998914e-04
8.360445039062498231e-04
8.360777968750004053e-04
8.360933046874998321e-04
8.361088125000000178e-04
8.361064062500002001e-04
8.361039999999996235e-04
8.360899999999998368e-04
8.378660000000000448e-04
8.277100000000000559e-04
8.303409999999996315e-04
8.104791249999999513e-04
8.176452499999998505e-04
8.159387499999999236e-04
8.146270000000006015e-04
8.136015859374998594e-04
8.128178281250001812e-04
8.122188515625001701e-04
8.117770312500001634e-04
8.114606640625000433e-04
8.112539218750003346e-04
8.111388984375000541e-04
8.111034375000000709e-04
8.111291093750001109e-04
8.112128750000000390e-04
8.113457187500001553e-04
8.115225000000001300e-04
8.117353437500003134e-04
8.119810937499999815e-04
8.122543125000004785e-04
8.125530000000003635e-04
8.128698496093753924e-04
8.132057304687498366e-04
8.135562050781249476e-04
8.139188359375001654e-04
8.142927089843752120e-04
8.146750195312499375e-04
8.150634863281252173e-04
8.154576718750000891e-04
8.158554003906249392e-04
8.162552851562502806e-04
8.166564511718751645e-04
8.170573359375003048e-04
8.174572207031248873e-04
8.178541054687500731e-04
8.182462714843749237e-04
8.186337187499999812e-04
8.190152714843752140e-04
8.193873867187498848e-04
8.197496269531248745e-04
8.200998671875000005e-04
8.204348339843750343e-04
8.207492851562502413e-04
8.210396035156253573e-04
8.212948906250002639e-04
8.215061699218753491e-04
8.216133242187500553e-04
7.975671347656250942e-04
7.972959765624999763e-04
7.970897949218751352e-04
7.969466914062499439e-04
7.968623066406252875e-04
7.968380000000000168e-04
0.000000000000000000e+00
4.592130390624997449e-05
4.601788281249999954e-05
4.611616171874998767e-05
4.621594062499999940e-05
4.631831953125001685e-05
4.642069843750000718e-05
4.652659062499997923e-05
4.663248281249998515e-05
4.674405332031247840e-05
4.685562382812499197e-05
4.696719433593751232e-05
4.707876484374997846e-05
4.719862363281246897e-05
4.731848242187498658e-05
4.743834121093749065e-05
4.755819999999999471e-05
4.768738710937499070e-05
4.781657421874997314e-05
4.794576132812500979e-05
4.807494843749997868e-05
4.821467382812506835e-05
4.835439921875004282e-05
4.849412460937501052e-05
4.863385000000005953e-05
4.878076249999997255e-05
4.893079999999998221e-05
4.908404999999998282e-05
8.660234999999997900e-04
8.704815000000000512e-04
9.096409999999995532e-04
8.407738750000001444e-04
8.460759999999999679e-04
8.510169687499999358e-04
8.556224531249997630e-04
8.599188593750001870e-04
8.639313281249996843e-04
8.676863828125003404e-04
8.711978437499999766e-04
8.744846484375001176e-04
8.775619999999998084e-04
8.804486249999999257e-04
8.831536718749998828e-04
8.856892734374995817e-04
8.880644999999995608e-04
8.320334999999998800e-04
8.323605000000000413e-04
8.326669687500002758e-04
8.329534999999999457e-04
8.332216679687501739e-04
8.334720625000001078e-04
8.337052539062504231e-04
8.339224062500001818e-04
8.341241718750005583e-04
8.343109999999996900e-04
8.344838906250000863e-04
8.346428437499999039e-04
8.347834316406250099e-04
8.349240195312500074e-04
8.350397832031251693e-04
8.351555468750003312e-04
8.352489550781252254e-04
8.353423632812499028e-04
8.354141816406252105e-04
8.354860000000000845e-04
8.355389746093749024e-04
8.355919492187499371e-04
8.356255175781251033e-04
8.356590859374997274e-04
8.356748085937501253e-04
8.356905312499999811e-04
8.356882656249998726e-04
8.356859999999999809e-04
8.356404999999998608e-04
8.380779999999994796e-04
8.273559999999995779e-04
8.303569999999998834e-04
8.102750625000001332e-04
8.171916249999995521e-04
8.154688749999997217e-04
8.141449999999998428e-04
8.131113242187501967e-04
8.123211015624998014e-04
8.117173945312497864e-04
8.112718906249995502e-04
8.109529257812498216e-04
8.107442734374998173e-04
8.106278554687499456e-04
8.105914687500000160e-04
8.106164921875002888e-04
8.106999374999997350e-04
8.108327343750004182e-04
8.110097499999999442e-04
8.112230468749997807e-04
8.114694218750000956e-04
8.117434062499998644e-04
8.120429999999999229e-04
8.123609482421872800e-04
8.126980371093745371e-04
8.130497978515625283e-04
8.134137617187499510e-04
8.137890654296875848e-04
8.141728378906244474e-04
8.145628134765619480e-04
8.149585234374998998e-04
8.153578017578120033e-04
8.157592832031248988e-04
8.161620302734372365e-04
8.165645117187499309e-04
8.169659931640622843e-04
8.173644746093751325e-04
8.177582216796876538e-04
8.181472343750000650e-04
8.185303466796876003e-04
8.189039902343748069e-04
8.192676962890624737e-04
8.196194023437497348e-04
8.199557529296872720e-04
8.202715332031247945e-04
8.205630908203124900e-04
8.208195078125001421e-04
8.210316396484370347e-04
8.211412089843751110e-04
7.971227314453123479e-04
7.968513945312497970e-04
7.966450771484373918e-04
7.965018613281249493e-04
7.964173798828124914e-04
7.963929999999999490e-04
0.000000000000000000e+00
4.592097499999999447e-05
4.601755000000000802e-05
4.611582499999999143e-05
4.621559999999999845e-05
4.631797500000001117e-05
4.642034999999999001e-05
4.652623749999998756e-05
4.663212500000001222e-05
4.674369062499999448e-05
4.685525625000000385e-05
4.696682187500001999e-05
4.707838749999999548e-05
4.719824062499999845e-05
4.731809374999996755e-05
4.743794687500001796e-05
4.755780000000002093e-05
4.768698125000001323e-05
4.781616250000001231e-05
4.794534374999999106e-05
4.807452500000002402e-05
4.821424375000005213e-05
4.835396250000001248e-05
4.849368125000001349e-05
4.863339999999999417e-05
4.878030000000003845e-05
4.893030000000010986e-05
4.908360000000007331e-05
8.617300000000000047e-04
8.695600000000001245e-04
9.088570000000001110e-04
8.402819999999997045e-04
8.456069999999999559e-04
8.505681249999999397e-04
8.551924999999996899e-04
8.595066249999998948e-04
8.635357499999998408e-04
8.673062500000001734e-04
8.708322499999997463e-04
8.741327499999999428e-04
8.772230000000001086e-04
8.801217500000000239e-04
8.828382500000002409e-04
8.853846249999997985e-04
8.877699999999996401e-04
8.315959999999999845e-04
8.319240000000000532e-04
8.322320000000000238e-04
8.325200000000002216e-04
8.327895000000003992e-04
8.330411250000003360e-04
8.332755000000002452e-04
8.334937499999999682e-04
8.336965625000003358e-04
8.338843750000002504e-04
8.340581875000002698e-04
8.342179999999996352e-04
8.343593437499999396e-04
8.345006875000001356e-04
8.346170937500002303e-04
8.347334999999996745e-04
8.348274687499999784e-04
8.349214375000001739e-04
8.349937187500002921e-04
8.350659999999999767e-04
8.351194687500000224e-04
8.351729374999999596e-04
8.352069062500000777e-04
8.352408750000001958e-04
8.352569375000003064e-04
8.352729999999998749e-04
8.352710000000002771e-04
8.352689999999998120e-04
8.352550000000000252e-04
8.384170000000001552e-04
8.270699999999999536e-04
8.303819999999999518e-04
8.100779999999996664e-04
8.167430000000001997e-04
8.150020000000000008e-04
8.136639999999999671e-04
8.126220000000002573e-04
8.118252500000001535e-04
8.112167500000000593e-04
8.107674999999998433e-04
8.104458749999999970e-04
8.102352500000002721e-04
8.101173750000000831e-04
8.100800000000001316e-04
8.101043125000002365e-04
8.101873750000002095e-04
8.103200625000004081e-04
8.104972500000001689e-04
8.107109375000001250e-04
8.109578750000000355e-04
8.112325624999998678e-04
8.115329999999999159e-04
8.118520468750002519e-04
8.121903437499999965e-04
8.125433906250000005e-04
8.129086874999999534e-04
8.132854218750001744e-04
8.136706562499998246e-04
8.140621406250000882e-04
8.144593750000000357e-04
8.148602031249998264e-04
8.152632812499999507e-04
8.156676093750002843e-04
8.160716874999998822e-04
8.164747656249997897e-04
8.168748437500001919e-04
8.172701718750000587e-04
8.176607500000002571e-04
8.180454218749999866e-04
8.184205937499999459e-04
8.187857656250000730e-04
8.191389375000003364e-04
8.194766718750000518e-04
8.197937812500003234e-04
8.200865781249998395e-04
8.203441249999999119e-04
8.205571093750001297e-04
8.206690937499998414e-04
7.966783281250004690e-04
7.964068125000000513e-04
7.962003593750002989e-04
7.960570312499997379e-04
7.959724531250004544e-04
7.959479999999999897e-04
0.000000000000000000e+00
4.592065390624999001e-05
4.601723281250000828e-05
4.611551171874999640e-05
4.621529062500001492e-05
4.631766953125001881e-05
4.642004843749998882e-05
4.652593906249999421e-05
4.663182968750001316e-05
4.674339824218750065e-05
4.685496679687501526e-05
4.696653535156247565e-05
4.707810390625003091e-05
4.719795917968751513e-05
4.731781445312498581e-05
4.743766972656248359e-05
4.755752500000003558e-05
4.768670195312499761e-05
4.781587890624998676e-05
4.794505585937500300e-05
4.807423281250003958e-05
4.821394648437504733e-05
4.835366015625002119e-05
4.849337382812502894e-05
4.863308749999999602e-05
4.878002031249994985e-05
4.893005312500007988e-05
4.908331093749996796e-05
8.574007187500002963e-04
8.686337265625003251e-04
9.080682343750000329e-04
8.397923671875004697e-04
8.451382499999999208e-04
8.501198359375003021e-04
8.547634062500000319e-04
8.590955546875002910e-04
8.631416406250000915e-04
8.669278906249999403e-04
8.704687343749997232e-04
8.737832343750002485e-04
8.768866874999999700e-04
8.797976796874998383e-04
8.825257500000000368e-04
8.850830156249998252e-04
8.874786562500000097e-04
8.311603671874996484e-04
8.314899531250004002e-04
8.317994765624998942e-04
8.320888750000002233e-04
8.323596835937499289e-04
8.326125156250005314e-04
8.328480507812498299e-04
8.330673750000002886e-04
8.332712109375002259e-04
8.334599843750001768e-04
8.336346953125000486e-04
8.337953437499998413e-04
8.339374199218753565e-04
8.340794960937498960e-04
8.341965214843748274e-04
8.343135468749998673e-04
8.344080527343751595e-04
8.345025585937498012e-04
8.345752792968751761e-04
8.346480000000000088e-04
8.347017128906253055e-04
8.347554257812503853e-04
8.347895449218752616e-04
8.348236640624998126e-04
8.348398164062500928e-04
8.348559687500004814e-04
8.348539843750002248e-04
8.348520000000001851e-04
8.346705000000005257e-04
8.389840000000000839e-04
8.265887499999999928e-04
8.304160000000003787e-04
8.098800000000001267e-04
8.162840000000004537e-04
8.145296874999995640e-04
8.131830000000000915e-04
8.121324296875000138e-04
8.113289062500002227e-04
8.107153671875002871e-04
8.102621249999998956e-04
8.099375937499997359e-04
8.097247500000003114e-04
8.096051718749996094e-04
8.095665624999999824e-04
8.095904101562500068e-04
8.096733359374999432e-04
8.098061601562499615e-04
8.099837656249998276e-04
8.101980898437497738e-04
8.104458359375003428e-04
8.107214726562502177e-04
8.110229999999999089e-04
8.113431455078123564e-04
8.116826503906248054e-04
8.120369833984370390e-04
8.124036132812498473e-04
8.127817783203125472e-04
8.131684746093748766e-04
8.135614677734373610e-04
8.139602265624998464e-04
8.143626044921871074e-04
8.147672792968750025e-04
8.151731884765623564e-04
8.155788632812499420e-04
8.159835380859374035e-04
8.163852128906250345e-04
8.167821220703123551e-04
8.171742656249999072e-04
8.175604970703123728e-04
8.179371972656251932e-04
8.183038349609375638e-04
8.186584726562501791e-04
8.189975908203126148e-04
8.193160292968755271e-04
8.196100654296872975e-04
8.198687421875002239e-04
8.200825791015623574e-04
8.201969785156253308e-04
7.962339248046873975e-04
7.959622304687500888e-04
7.957556416015626639e-04
7.956122011718751771e-04
7.955275263671875499e-04
7.955029999999999220e-04
0.000000000000000000e+00
4.592031718750000732e-05
4.601688437499999111e-05
4.611515156249999895e-05
4.621491874999997620e-05
4.631728593750000659e-05
4.641965312499998954e-05
4.652553124999999067e-05
4.663140937500002568e-05
4.674296523437497920e-05
4.685452109375000049e-05
4.696607695312499467e-05
4.707763281250000917e-05
4.719747460937504386e-05
4.731731640624999724e-05
4.743715820312498449e-05
4.755699999999999885e-05
4.768615703125002016e-05
4.781531406249995338e-05
4.794447109375005601e-05
4.807362812500005699e-05
4.821332109375001194e-05
4.835301406250007531e-05
4.849270703124996927e-05
4.863240000000005974e-05
4.877935000000007364e-05
4.892940000000011466e-05
4.908260000000000335e-05
8.530709999999998424e-04
8.677069999999997884e-04
9.072790000000000932e-04
8.393022500000001888e-04
8.446689999999997152e-04
8.496710312500003939e-04
8.543337812499996776e-04
8.586839374999998909e-04
8.627469687499999878e-04
8.665489531250000115e-04
8.701046250000001210e-04
8.734331093750003329e-04
8.765497500000002688e-04
8.794729687500000984e-04
8.822125937500001781e-04
8.847807343750000971e-04
8.871866250000000906e-04
8.307240312500001160e-04
8.310551875000000413e-04
8.313662187499998258e-04
8.316570000000001860e-04
8.319291015625000785e-04
8.321831250000002707e-04
8.324198046874998341e-04
8.326401874999999524e-04
8.328450312500001182e-04
8.330347499999997884e-04
8.332103437499999545e-04
8.333718125000000743e-04
8.335146054687502665e-04
8.336573984374998081e-04
8.337750273437499098e-04
8.338926562500002283e-04
8.339876835937501919e-04
8.340827109374999385e-04
8.341558554687503613e-04
8.342289999999996999e-04
8.342832070312497907e-04
8.343374140624996646e-04
8.343719335937499265e-04
8.344064531250000799e-04
8.344229453125000728e-04
8.344394375000001741e-04
8.344377187500004282e-04
8.344360000000001403e-04
8.344219999999997030e-04
8.402219999999996271e-04
8.264469999999999022e-04
8.304579999999998473e-04
8.096882499999997910e-04
8.158294999999999653e-04
8.140601249999997397e-04
8.127030000000001232e-04
8.116438593750004366e-04
8.108335624999999823e-04
8.102149843749995549e-04
8.097577500000002889e-04
8.094303124999999242e-04
8.092152500000000413e-04
8.090939687500003441e-04
8.090541249999998489e-04
8.090775078125004433e-04
8.091602968750000180e-04
8.092932578125002895e-04
8.094712812500003693e-04
8.096862421874996552e-04
8.099347968750000154e-04
8.102113828125003664e-04
8.105139999999998093e-04
8.108352441406253440e-04
8.111759570312501721e-04
8.115315761718748522e-04
8.118995390625001907e-04
8.122791347656250441e-04
8.126672929687501611e-04
8.130617949218751916e-04
8.134620781250001065e-04
8.138660058593749462e-04
8.142722773437503954e-04
8.146797675781254199e-04
8.150870390624999091e-04
8.154933105468750330e-04
8.158965820312502181e-04
8.162950722656254262e-04
8.166887812500003320e-04
8.170765722656253170e-04
8.174548007812501311e-04
8.178229042968751788e-04
8.181790078125002544e-04
8.185195097656250852e-04
8.188392773437500960e-04
8.191345527343749881e-04
8.193943593749999010e-04
8.196090488281251429e-04
8.197258632812499685e-04
7.957905214843751006e-04
7.955186484375000337e-04
7.953119238281250447e-04
7.951683710937500899e-04
7.950835996093753117e-04
7.950590000000001953e-04
0.000000000000000000e+00
4.591998515625000590e-05
4.601654531250001779e-05
4.611480546874999274e-05
4.621456562500000486e-05
4.631692578124998203e-05
4.641928593749998630e-05
4.652515625000001187e-05
4.663102656250001034e-05
4.674257441406246536e-05
4.685412226562502203e-05
4.696567011718749739e-05
4.707721796874997952e-05
4.719705097656251206e-05
4.731688398437499039e-05
4.743671699218742128e-05
4.755655000000000125e-05
4.768570742187498712e-05
4.781486484374995944e-05
4.794402226562501985e-05
4.807317968749999894e-05
4.821287226562501644e-05
4.835256484375002715e-05
4.849225742187499721e-05
4.863195000000002826e-05
4.877887500000005396e-05
4.892890000000013390e-05
4.908210000000005647e-05
8.487055000000000076e-04
8.667750000000000758e-04
9.064859999999999671e-04
8.388106250000002678e-04
8.442005000000000906e-04
8.492230156250002871e-04
8.539049843749998633e-04
8.582731875000003353e-04
8.623532031249999492e-04
8.661709609375001272e-04
8.697415000000000007e-04
8.730840078125003123e-04
8.762138750000001168e-04
8.791493593749998871e-04
8.819005781250006948e-04
8.844796328124997480e-04
8.868958124999996384e-04
8.302889531250000300e-04
8.306217187499999755e-04
8.309342968749999217e-04
8.312264999999999671e-04
8.314999335937498090e-04
8.317551875000003293e-04
8.319930507812499203e-04
8.322145312499998945e-04
8.324204218749997261e-04
8.326111250000000708e-04
8.327876406249999685e-04
8.329499687499998528e-04
8.330935175781249181e-04
8.332370664062500919e-04
8.333553378906249096e-04
8.334736093749999441e-04
8.335691972656248836e-04
8.336647851562502569e-04
8.337383925781250565e-04
8.338119999999999647e-04
8.338664511718749811e-04
8.339209023437502144e-04
8.339555722656252345e-04
8.339902421874998209e-04
8.340068242187503086e-04
8.340234062500000373e-04
8.340217031250000664e-04
8.340200000000000955e-04
8.325504999999996719e-04
8.339839999999998539e-04
8.246857500000000620e-04
8.305090000000001083e-04
8.095032499999999138e-04
8.153795000000001441e-04
8.135928125000001405e-04
8.122230000000001549e-04
8.111552890625001004e-04
8.103382187500001756e-04
8.097146015624999069e-04
8.092533750000000317e-04
8.089230312499998956e-04
8.087057500000004217e-04
8.085827656249997778e-04
8.085416875000001492e-04
8.085646054687499040e-04
8.086472578124998759e-04
8.087803554687497502e-04
8.089587968749999353e-04
8.091743945312504039e-04
8.094237578124997964e-04
8.097012929687501899e-04
8.100050000000001433e-04
8.103273740234374477e-04
8.106693261718746386e-04
8.110262626953125076e-04
8.113955898437500347e-04
8.117766474609374588e-04
8.121662988281249133e-04
8.125623408203124735e-04
8.129641796875000182e-04
8.133696884765626370e-04
8.137775878906251901e-04
8.141866904296873268e-04
8.145955898437497872e-04
8.150034892578125571e-04
8.154083886718752798e-04
8.158084912109376001e-04
8.162037968750003852e-04
8.165931787109378731e-04
8.169729667968750981e-04
8.173425673828124812e-04
8.177001679687504344e-04
8.180420849609377522e-04
8.183632128906252788e-04
8.186597587890625171e-04
8.189207265625001592e-04
8.191362998046876256e-04
8.192555605468752628e-04
7.953479619140630102e-04
7.950759414062501685e-04
7.948691123046878158e-04
7.947254785156252681e-04
7.946406416015627805e-04
7.946160000000000506e-04
0.000000000000000000e+00
4.591965312499999094e-05
4.601620625000001736e-05
4.611445937499998653e-05
4.621421249999999286e-05
4.631656562499998457e-05
4.641891875000002371e-05
4.652478124999998564e-05
4.663064374999998822e-05
4.674218359375000573e-05
4.685372343749999614e-05
4.696526328124998656e-05
4.707680312499998374e-05
4.719662734375003446e-05
4.731645156249997676e-05
4.743627578124994616e-05
4.755609999999995622e-05
4.768525781249994730e-05
4.781441562500004681e-05
4.794357343750000401e-05
4.807273125000005609e-05
4.821242343750000738e-05
4.835211562499994512e-05
4.849180781249995740e-05
4.863150000000001711e-05
4.877840000000010882e-05
4.892840000000006504e-05
4.908160000000006892e-05
8.443399999999997392e-04
8.658429999999998211e-04
9.056929999999998411e-04
8.383189999999999132e-04
8.437320000000002491e-04
8.487749999999999635e-04
8.534761875000000490e-04
8.578624375000000208e-04
8.619594375000001274e-04
8.657929687499999177e-04
8.693783750000003141e-04
8.727349062499998580e-04
8.758780000000000732e-04
8.788257499999996758e-04
8.815885625000003441e-04
8.841785312499997242e-04
8.866050000000001621e-04
8.298538750000000524e-04
8.301882500000000182e-04
8.305023749999998007e-04
8.307960000000001819e-04
8.310707656250004068e-04
8.313272499999998458e-04
8.315662968750000064e-04
8.317888750000000534e-04
8.319958124999999845e-04
8.321874999999998111e-04
8.323649374999999824e-04
8.325281250000001734e-04
8.326724296875000035e-04
8.328167343750001589e-04
8.329356484374998010e-04
8.330545624999997683e-04
8.331507109375001175e-04
8.332468593749999246e-04
8.333209296874999686e-04
8.333949999999997957e-04
8.334498203124998889e-04
8.335046406249999821e-04
8.335395859375001283e-04
8.335745312499997324e-04
8.335913281249999985e-04
8.336081249999998310e-04
8.336065624999998945e-04
8.336050000000002833e-04
8.335910000000002797e-04
8.335689999999999333e-04
8.258410000000002268e-04
8.305700000000000929e-04
8.093259999999998606e-04
8.149349999999999216e-04
8.131287500000001318e-04
8.117439999999999855e-04
8.106677187500001052e-04
8.098438750000001678e-04
8.092152187500000577e-04
8.087500000000001155e-04
8.084167500000003165e-04
8.081972500000003841e-04
8.080725625000000946e-04
8.080302500000002483e-04
8.080527031249999225e-04
8.081352187499999664e-04
8.082684531250000940e-04
8.084473124999998423e-04
8.086635468749999757e-04
8.089137187500002437e-04
8.091922031250003543e-04
8.094970000000002762e-04
8.098204726562502342e-04
8.101636328125001296e-04
8.105218554687499029e-04
8.108925156249997433e-04
8.112750039062501884e-04
8.116661171875002136e-04
8.120636679687498862e-04
8.124670312499999688e-04
8.128740898437502747e-04
8.132835859374999482e-04
8.136942695312500808e-04
8.141047656249996616e-04
8.145142617187498772e-04
8.149207578124997202e-04
8.153224414062502532e-04
8.157193124999997415e-04
8.161102539062503993e-04
8.164915703125001601e-04
8.168626367187502204e-04
8.172217031250000917e-04
8.175650039062503467e-04
8.178874609375001888e-04
8.181852460937502234e-04
8.184473437500001773e-04
8.186637695312499931e-04
8.187854453125002416e-04
7.949055585937501870e-04
7.946333593750000207e-04
7.944263945312499955e-04
7.942826484375000882e-04
7.941977148437501244e-04
7.941729999999999059e-04
0.000000000000000000e+00
4.591932421875001091e-05
4.601587343749999196e-05
4.611412265625000384e-05
4.621387187500001223e-05
4.631622109374999244e-05
4.641857031249998621e-05
4.652442812500000752e-05
4.663028593750001528e-05
4.674182089843750148e-05
4.685335585937499447e-05
4.696489082031249422e-05
4.707642578125000753e-05
4.719624433593748263e-05
4.731606289062499838e-05
4.743588144531250735e-05
4.755570000000000278e-05
4.768484570312504225e-05
4.781399140625004784e-05
4.794313710937505343e-05
4.807228281250004547e-05
4.821196210937505504e-05
4.835164140625001719e-05
4.849132070312502676e-05
4.863100000000002956e-05
4.877790000000000608e-05
4.892789999999998262e-05
4.908110000000016947e-05
8.399469999999998509e-04
8.649070000000000456e-04
9.048960000000005194e-04
8.378279999999997717e-04
8.432629999999999119e-04
8.483265312499999869e-04
8.530469843750000149e-04
8.574513281250001123e-04
8.615653593750001449e-04
8.654147109374996311e-04
8.690150312500000921e-04
8.723856328125000363e-04
8.755419999999997701e-04
8.785020624999995056e-04
8.812765156250002268e-04
8.838774453124996922e-04
8.863142500000000023e-04
8.294189062499996920e-04
8.297549375000001955e-04
8.300706562499996811e-04
8.303657500000002651e-04
8.306418945312499811e-04
8.308996562500002656e-04
8.311399335937497785e-04
8.313636562500001988e-04
8.315716875000000964e-04
8.317644062500001391e-04
8.319428125000000174e-04
8.321069062499996229e-04
8.322520136718747352e-04
8.323971210937498475e-04
8.325167246093749399e-04
8.326363281250000322e-04
8.327330839843748991e-04
8.328298398437496575e-04
8.329044199218749210e-04
8.329789999999999677e-04
8.330341894531248124e-04
8.330893789062497655e-04
8.331245996093749294e-04
8.331598203124996596e-04
8.331768320312501379e-04
8.331938437499996405e-04
8.331924218750000636e-04
8.331909999999999447e-04
8.331775000000002200e-04
8.331554999999994399e-04
8.255469999999997177e-04
8.306444999999998023e-04
8.091508124999999144e-04
8.144811249999998632e-04
8.126604999999995083e-04
8.112659999999996150e-04
8.101810859374999419e-04
8.093504062499999162e-04
8.087166484374999978e-04
8.082473750000000214e-04
8.079111562499998334e-04
8.076893750000000176e-04
8.075629218749998985e-04
8.075193125000000843e-04
8.075412382812498192e-04
8.076235546874999680e-04
8.077568632812498397e-04
8.079360781250001598e-04
8.081528867187500994e-04
8.084038046874999746e-04
8.086831757812497270e-04
8.089889999999996502e-04
8.093135712890623702e-04
8.096579394531248615e-04
8.100174482421875150e-04
8.103894414062501024e-04
8.107733603515624842e-04
8.111659355468749718e-04
8.115649951171874073e-04
8.119698828124998109e-04
8.123784912109373703e-04
8.127895839843749231e-04
8.132018486328124011e-04
8.136139414062496444e-04
8.140250341796871972e-04
8.144331269531245943e-04
8.148363916015623643e-04
8.152348281250001820e-04
8.156273291015620581e-04
8.160101738281246801e-04
8.163827060546876343e-04
8.167432382812499659e-04
8.170879228515626159e-04
8.174117089843752071e-04
8.177107333984372792e-04
8.179739609374998702e-04
8.181912392578127944e-04
8.183153300781251119e-04
7.944631552734373638e-04
7.941907773437499813e-04
7.939836767578123920e-04
7.938398183593751252e-04
7.937547880859373598e-04
7.937299999999999781e-04
0.000000000000000000e+00
4.591899531250000379e-05
4.601554062499998689e-05
4.611378593750001438e-05
4.621353124999999772e-05
4.631587656250000709e-05
4.641822187499998936e-05
4.652407499999999552e-05
4.662992812500000846e-05
4.674145820312501756e-05
4.685298828124999956e-05
4.696451835937500189e-05
4.707604843749997711e-05
4.719586132812499856e-05
4.731567421875000645e-05
4.743548710937500756e-05
4.755530000000002223e-05
4.768444609374997205e-05
4.781359218750003706e-05
4.794273828125000721e-05
4.807188437499999091e-05
4.821156328125002238e-05
4.835124218750011483e-05
4.849092109375001077e-05
4.863059999999996092e-05
4.877740000000003209e-05
4.892740000000007640e-05
4.908059999999993120e-05
9.299160000000000325e-04
8.639690000000002385e-04
9.040969999999997567e-04
8.373379999999999712e-04
8.427949999999999157e-04
8.478790312500000424e-04
8.526187187499999209e-04
8.570411249999997268e-04
8.611721562499998102e-04
8.650372968749998762e-04
8.686524999999998761e-04
8.720371406249996949e-04
8.752067499999997228e-04
8.781790937499999328e-04
8.809651562500000728e-04
8.835770156250001822e-04
8.860241250000001640e-04
8.289845312500001033e-04
8.293221874999994261e-04
8.296394687499996073e-04
8.299360000000000851e-04
8.302134921874998507e-04
8.304724999999998046e-04
8.307139765625002042e-04
8.309388124999998217e-04
8.311479062500000273e-04
8.313416249999996521e-04
8.315209687499996874e-04
8.316859375000000250e-04
8.318318164062500023e-04
8.319776953124997628e-04
8.320979570312496713e-04
8.322182187500001219e-04
8.323155507812501734e-04
8.324128828124998996e-04
8.324879414062501823e-04
8.325629999999999229e-04
8.326185585937501696e-04
8.326741171874997658e-04
8.327096132812499473e-04
8.327451093750001289e-04
8.327623359375004941e-04
8.327795624999999920e-04
8.327782812500004496e-04
8.327770000000002566e-04
8.327639999999999435e-04
8.327420000000002476e-04
8.252530000000004012e-04
8.307190000000001621e-04
8.089756249999999682e-04
8.140272500000001301e-04
8.121922499999998605e-04
8.107880000000004372e-04
8.096944531250002122e-04
8.088569375000000984e-04
8.082180781249996126e-04
8.077447500000001441e-04
8.074055624999997840e-04
8.071814999999998679e-04
8.070532812500002444e-04
8.070083750000001371e-04
8.070297734375001496e-04
8.071118906249998611e-04
8.072452734375000190e-04
8.074248437499998267e-04
8.076422265624997893e-04
8.078938906249998140e-04
8.081741484375004007e-04
8.084810000000000000e-04
8.088066699218750483e-04
8.091522460937502440e-04
8.095130410156252355e-04
8.098863671874997026e-04
8.102717167968749969e-04
8.106657539062500552e-04
8.110663222656250369e-04
8.114727343749999783e-04
8.118828925781251165e-04
8.122955820312497896e-04
8.127094277343749383e-04
8.131231171874997356e-04
8.135358066406248425e-04
8.139454960937503357e-04
8.143503417968751259e-04
8.147503437500001888e-04
8.151444042968751264e-04
8.155287773437500673e-04
8.159027753906248313e-04
8.162647734375000569e-04
8.166108417968753188e-04
8.169359570312504423e-04
8.172362207031249855e-04
8.175005781250002136e-04
8.177187089843750535e-04
8.178452148437501991e-04
7.940207519531246490e-04
7.937481953124998334e-04
7.935409589843748970e-04
7.933969882812500537e-04
7.933118613281251374e-04
7.932870000000001587e-04
0.000000000000000000e+00
4.591866640624998311e-05
4.601520781249998860e-05
4.611344921875001814e-05
4.621319062500000354e-05
4.631553203124999464e-05
4.641787343750001285e-05
4.652372187500001741e-05
4.662957031249999486e-05
4.674109550781247943e-05
4.685262070312497755e-05
4.696414589843750278e-05
4.707567109375000090e-05
4.719547832031247383e-05
4.731528554687498741e-05
4.743509277343748744e-05
4.755489999999998069e-05
4.768403398437493824e-05
4.781316796875002454e-05
4.794230195312498887e-05
4.807143593749995997e-05
4.821110195312506327e-05
4.835076796874998361e-05
4.849043398437508014e-05
4.863009999999999371e-05
4.877695000000008870e-05
4.892690000000005497e-05
4.908009999999986912e-05
9.042640000000001094e-04
8.630270000000001517e-04
9.032960000000003721e-04
8.368480000000001707e-04
8.423269999999998111e-04
8.474315624999998646e-04
8.521905156249999025e-04
8.566310156250001593e-04
8.607790781250001686e-04
8.646600390624997138e-04
8.682901562499997783e-04
8.716888671874997805e-04
8.748717500000001944e-04
8.778564062499999952e-04
8.806541093750001881e-04
8.832769296874999490e-04
8.857343750000002368e-04
8.285505625000000839e-04
8.288898750000001613e-04
8.292087500000002625e-04
8.295067500000002925e-04
8.297856210937498743e-04
8.300459062500003486e-04
8.302886132812501005e-04
8.305145937500001997e-04
8.307247812500003718e-04
8.309195312500003211e-04
8.310998437499999550e-04
8.312657187500001408e-04
8.314124003906250750e-04
8.315590820312501177e-04
8.316800332031251512e-04
8.318009843749999679e-04
8.318989238281251876e-04
8.319968632812499735e-04
8.320724316406248253e-04
8.321479999999998938e-04
8.322039433593751007e-04
8.322598867187500906e-04
8.322956738281256069e-04
8.323314609374996053e-04
8.323489179687504997e-04
8.323663749999999847e-04
8.323652499999999264e-04
8.323641250000000848e-04
8.323511406250000888e-04
8.323291562500001678e-04
8.249691718750000674e-04
8.308131874999998088e-04
8.088155156250000002e-04
8.135838437500001992e-04
8.117298593750000560e-04
8.103112500000001677e-04
8.092090234374998492e-04
8.083646250000002141e-04
8.077206171874997277e-04
8.072431875000004664e-04
8.069009843749998506e-04
8.066745937500001840e-04
8.065445624999997799e-04
8.064983125000001630e-04
8.065191367187498272e-04
8.066010078124999936e-04
8.067344179687501371e-04
8.069142968749999992e-04
8.071322070312496842e-04
8.073845703124998829e-04
8.076656679687501360e-04
8.079735000000001950e-04
8.083003154296878722e-04
8.086471464843749887e-04
8.090092744140628357e-04
8.093839804687501336e-04
8.097708076171876651e-04
8.101663535156249443e-04
8.105684775390625558e-04
8.109764609375001189e-04
8.113882158203128111e-04
8.118025488281247967e-04
8.122180224609375915e-04
8.126333554687502434e-04
8.130476884765627712e-04
8.134590214843747096e-04
8.138654951171874711e-04
8.142671093749999714e-04
8.146627763671876205e-04
8.150487246093750726e-04
8.154242353515627059e-04
8.157877460937499334e-04
8.161352451171876741e-04
8.164617363281254135e-04
8.167632861328128369e-04
8.170288203125002438e-04
8.172478505859374085e-04
8.173768183593753574e-04
7.935801142578126311e-04
7.933074257812499242e-04
7.931001005859375074e-04
7.929560644531252799e-04
7.928708876953125375e-04
7.928460000000000455e-04
0.000000000000000000e+00
4.591833750000000986e-05
4.601487499999999030e-05
4.611311250000000835e-05
4.621285000000000936e-05
4.631518749999998896e-05
4.641752499999998212e-05
4.652336875000000541e-05
4.662921249999998804e-05
4.674073281249998873e-05
4.685225312500000298e-05
4.696377343750000367e-05
4.707529374999997048e-05
4.719509531249998298e-05
4.731489687499998870e-05
4.743469843750003508e-05
4.755449999999997982e-05
4.768362187500002641e-05
4.781274374999996458e-05
4.794186562500004506e-05
4.807098750000003066e-05
4.821064062499997541e-05
4.835029374999998792e-05
4.848994687500006142e-05
4.862959999999997228e-05
4.877650000000007755e-05
4.892640000000005387e-05
4.907960000000003743e-05
8.785229999999999775e-04
8.620829999999997080e-04
9.024929999999998717e-04
8.363569999999998124e-04
8.418590000000001402e-04
8.469841250000002125e-04
8.517623749999998512e-04
8.562210000000000003e-04
8.603861250000001360e-04
8.642829375000002281e-04
8.679279999999997986e-04
8.713408125000000762e-04
8.745369999999998839e-04
8.775340000000003433e-04
8.803433750000001388e-04
8.829771875000001855e-04
8.854450000000003290e-04
8.281169999999997422e-04
8.284579999999997987e-04
8.287785000000002372e-04
8.290780000000000198e-04
8.293582812500001605e-04
8.296198750000000543e-04
8.298638437499996842e-04
8.300910000000002488e-04
8.303023125000000455e-04
8.304981250000001945e-04
8.306794375000001694e-04
8.308462499999999702e-04
8.309937656250000618e-04
8.311412812499997197e-04
8.312629531249997534e-04
8.313846250000000038e-04
8.314832031249998331e-04
8.315817812499999876e-04
8.316578906249999341e-04
8.317340000000000974e-04
8.317902968749999555e-04
8.318465937499998136e-04
8.318826406250001389e-04
8.319186875000002474e-04
8.319363437499998444e-04
8.319539999999998750e-04
8.319530000000000761e-04
8.319519999999999520e-04
8.319390000000000725e-04
8.319170000000001598e-04
8.246860000000000388e-04
8.309079999999999938e-04
8.086560000000000449e-04
8.131409999999996471e-04
8.112680000000001886e-04
8.098349999999998518e-04
8.087240624999999985e-04
8.078727499999998826e-04
8.072235624999999542e-04
8.067419999999998325e-04
8.063967500000002783e-04
8.061679999999999020e-04
8.060361250000002515e-04
8.059885000000000573e-04
8.060087187499998234e-04
8.060903125000001357e-04
8.062237187500002813e-04
8.064038750000001058e-04
8.066222812500000719e-04
8.068753125000002442e-04
8.071572187500001801e-04
8.074659999999999564e-04
8.077939296874998452e-04
8.081419843749998748e-04
8.085054140624995094e-04
8.088814687499999798e-04
8.092697421874995483e-04
8.096667656250000405e-04
8.100704140624995393e-04
8.104799374999997405e-04
8.108932578125001116e-04
8.113092031250002936e-04
8.117262734374999919e-04
8.121432187500001896e-04
8.125591640624998295e-04
8.129721093749999643e-04
8.133801796874998461e-04
8.137833750000000171e-04
8.141806171874997437e-04
8.145681093749999402e-04
8.149451015625001340e-04
8.153100937499999220e-04
8.156589921875000496e-04
8.159868281250002046e-04
8.162896328124999825e-04
8.165563124999999098e-04
8.167762109375000662e-04
8.169076093749999675e-04
7.931386328124998648e-04
7.928657812499998250e-04
7.926583359375001612e-04
7.925142031250003490e-04
7.924289453125000137e-04
7.924040000000000250e-04
0.000000000000000000e+00
4.591800859374998918e-05
4.601454218750001234e-05
4.611277578125000533e-05
4.621250937499999485e-05
4.631484296875001716e-05
4.641717656249999882e-05
4.652301562500000019e-05
4.662885468749999478e-05
4.674037011718749126e-05
4.685188554687499452e-05
4.696340097656251134e-05
4.707491640624998750e-05
4.719471230468748536e-05
4.731450820312499677e-05
4.743430410156242687e-05
4.755410000000001960e-05
4.768320976562501293e-05
4.781231953125003337e-05
4.794142929687499283e-05
4.807053906250004715e-05
4.821017929687501630e-05
4.834981953125005321e-05
4.848945976562498848e-05
4.862909999999997119e-05
4.877600000000006290e-05
4.892600000000008010e-05
4.907909999999995502e-05
8.526930000000000707e-04
8.611359999999999761e-04
9.016869999999999746e-04
8.358669999999996866e-04
8.413910000000001440e-04
8.465370507812495018e-04
8.513349609375001764e-04
8.558120742187498098e-04
8.599946249999999891e-04
8.639076523437500032e-04
8.675680234374997558e-04
8.709953007812497924e-04
8.742051562499998868e-04
8.772147226562499117e-04
8.800359921875001686e-04
8.826810195312499501e-04
8.851594218749999406e-04
8.276852382812502958e-04
8.280279296875003294e-04
8.283499335937496511e-04
8.286508125000002258e-04
8.289324062500002177e-04
8.291952109375004499e-04
8.294403437500001176e-04
8.296685781250003316e-04
8.298809179687501297e-04
8.300776953124999876e-04
8.302599101562500297e-04
8.304275625000003642e-04
8.305758144531251224e-04
8.307240664062502059e-04
8.308463613281251827e-04
8.309686562499997257e-04
8.310677753906253002e-04
8.311668945312503326e-04
8.312434472656249915e-04
8.313199999999999756e-04
8.313767285156248776e-04
8.314334570312502132e-04
8.314698417968747644e-04
8.315062265624995324e-04
8.315241601562500676e-04
8.315420937499999523e-04
8.315412968750000465e-04
8.315405000000000322e-04
8.315246874999997900e-04
8.315003750000001187e-04
8.244105625000001675e-04
8.310219999999996204e-04
8.085006249999998618e-04
8.126903749999999380e-04
8.108020625000001910e-04
8.093589999999998381e-04
8.082393359374998075e-04
8.073810937499999781e-04
8.067267109375001822e-04
8.062410000000002925e-04
8.058926874999999650e-04
8.056615624999998631e-04
8.055278281249997818e-04
8.054788125000001027e-04
8.054984101562497620e-04
8.055797109374995780e-04
8.057130976562498423e-04
8.058935156250001796e-04
8.061124023437498927e-04
8.063660859374996133e-04
8.066487851562498907e-04
8.069585000000001514e-04
8.072875751953125607e-04
8.076368847656248363e-04
8.080016474609376517e-04
8.083790820312499771e-04
8.087688330078125418e-04
8.091673652343751464e-04
8.095725693359376004e-04
8.099836640625000979e-04
8.103985810546878062e-04
8.108161699218748670e-04
8.112348681640626450e-04
8.116534570312498300e-04
8.120710458984374330e-04
8.124856347656247719e-04
8.128953330078124082e-04
8.133001406249995829e-04
8.136989892578126715e-04
8.140880566406246202e-04
8.144665615234375749e-04
8.148330664062499069e-04
8.151833955078128385e-04
8.155126074218749591e-04
8.158166982421872918e-04
8.160845546875000484e-04
8.163053525390623127e-04
8.164392128906252342e-04
7.926979951171874133e-04
7.924250117187498074e-04
7.922174775390621211e-04
7.920732792968752500e-04
7.919879716796873054e-04
7.919629999999998034e-04
0.000000000000000000e+00
4.591767968749999561e-05
4.601420937499998016e-05
4.611243906250001587e-05
4.621216875000000744e-05
4.631449843749999116e-05
4.641682812500000198e-05
4.652266249999999497e-05
4.662849687499998118e-05
4.674000742187502089e-05
4.685151796874998607e-05
4.696302851562499190e-05
4.707453906250001129e-05
4.719432929687504194e-05
4.731411953124997773e-05
4.743390976562502194e-05
4.755370000000000517e-05
4.768281015625001727e-05
4.781192031250001582e-05
4.794103046875002115e-05
4.807014062499994516e-05
4.820978046874993620e-05
4.834942031250002889e-05
4.848906015624997927e-05
4.862869999999997709e-05
4.877549999999995339e-05
4.892550000000015355e-05
4.907859999999991327e-05
8.841609999999996278e-04
8.601870000000003211e-04
9.008790000000003713e-04
8.353769999999997777e-04
8.409239999999996214e-04
8.460909765624996743e-04
8.509085468749996500e-04
8.554041484374998519e-04
8.596041249999997495e-04
8.635333671874997940e-04
8.672090468750000541e-04
8.706507890624996327e-04
8.738743124999995802e-04
8.768964453124999297e-04
8.797296093749998889e-04
8.823858515624999474e-04
8.848748437500005438e-04
8.272544765624996726e-04
8.275988593749996833e-04
8.279223671874995144e-04
8.282246249999999053e-04
8.285075312499996401e-04
8.287715468749997771e-04
8.290178437499999163e-04
8.292471562500005385e-04
8.294605234375002295e-04
8.296582656250001218e-04
8.298413828125001225e-04
8.300098750000002319e-04
8.301588632812500904e-04
8.303078515625001658e-04
8.304307695312498688e-04
8.305536875000000055e-04
8.306533476562499158e-04
8.307530078125003681e-04
8.308300039062499562e-04
8.309070000000003033e-04
8.309641601562501407e-04
8.310213203125004118e-04
8.310580429687498393e-04
8.310947656249999174e-04
8.311129765624999813e-04
8.311311874999998284e-04
8.311305937500001410e-04
8.311299999999996945e-04
8.311113749999999569e-04
8.310847499999999850e-04
8.241361250000003120e-04
8.311370000000000216e-04
8.083462500000000196e-04
8.122407499999997026e-04
8.103371249999996671e-04
8.088840000000003822e-04
8.077556093750001744e-04
8.068904375000004146e-04
8.062308593750001006e-04
8.057410000000001177e-04
8.053896249999998843e-04
8.051561250000001651e-04
8.050205312500000867e-04
8.049701250000000554e-04
8.049891015625002585e-04
8.050701093749999034e-04
8.052034765625002864e-04
8.053841562499998354e-04
8.056035234374997293e-04
8.058578593750000824e-04
8.061413515625001592e-04
8.064519999999999285e-04
8.067822207031250751e-04
8.071327851562503557e-04
8.074988808593753760e-04
8.078776953125002070e-04
8.082689238281253342e-04
8.086689648437500513e-04
8.090757246093751350e-04
8.094883906250002542e-04
8.099049042968752997e-04
8.103241367187503236e-04
8.107444628906249886e-04
8.111646953124998114e-04
8.115839277343750522e-04
8.120001601562503541e-04
8.124114863281250943e-04
8.128179062499999233e-04
8.132183613281251814e-04
8.136090039062497496e-04
8.139890214843750315e-04
8.143570390625000160e-04
8.147087988281251011e-04
8.150393867187500545e-04
8.153447636718750505e-04
8.156137968749996607e-04
8.158354941406252255e-04
8.159718164062500830e-04
7.922583574218749775e-04
7.919852421874999139e-04
7.917776191406248557e-04
7.916333554687500582e-04
7.915479980468751548e-04
7.915230000000000312e-04
0.000000000000000000e+00
4.591735078124999526e-05
4.601387656250000219e-05
4.611210234374997898e-05
4.621182812499997938e-05
4.631415390624999903e-05
4.641647968750000513e-05
4.652230937499999652e-05
4.662813906250000824e-05
4.673964472656248954e-05
4.685115039062500472e-05
4.696265605468751990e-05
4.707416171875002152e-05
4.719394628906248333e-05
4.731373085937497225e-05
4.743351542968747472e-05
4.755329999999999751e-05
4.768239804687499024e-05
4.781149609375002363e-05
4.794059414062502991e-05
4.806969218750002941e-05
4.820931914062499065e-05
4.834894609374999931e-05
4.848857304687506219e-05
4.862820000000004375e-05
4.877510000000003383e-05
4.892500000000009146e-05
4.907810000000004092e-05
4.923450000000000439e-05
8.592339999999999527e-04
9.000680000000000703e-04
8.348870000000000857e-04
8.404559999999999505e-04
8.456439648437499065e-04
8.504812578125000178e-04
8.549954101562499964e-04
8.592128749999996878e-04
8.631583945312496214e-04
8.668494453124999223e-04
8.703057148437497691e-04
8.735429687499999705e-04
8.765777304687497442e-04
8.794228515625001318e-04
8.820903710937498922e-04
8.845900156249996522e-04
8.268235273437499070e-04
8.271696640625001871e-04
8.274947382812497358e-04
8.277984374999995849e-04
8.280827187499998970e-04
8.283480078125000142e-04
8.285955312499999415e-04
8.288259843749998549e-04
8.290404414062502733e-04
8.292392109374999501e-04
8.294232929687498767e-04
8.295926874999998363e-04
8.297424746093746539e-04
8.298922617187496882e-04
8.300158652343749520e-04
8.301394687499996736e-04
8.302397324218749710e-04
8.303399960937499430e-04
8.304174980468752949e-04
8.304949999999998878e-04
8.305525136718750270e-04
8.306100273437499494e-04
8.306470097656247281e-04
8.306839921874996152e-04
8.307024023437498995e-04
8.307208124999999671e-04
8.307203437500001054e-04
8.307198749999999184e-04
8.307035468750001645e-04
8.306797187500002382e-04
8.238773906250001057e-04
8.312728124999999848e-04
8.082075468749996263e-04
8.118016562500001039e-04
8.098775781249996667e-04
8.084092500000000358e-04
8.072721171874999843e-04
8.063999999999998686e-04
8.057352109375000206e-04
8.052411874999998442e-04
8.048867343750000384e-04
8.046508437500002765e-04
8.045133749999997756e-04
8.044615625000001592e-04
8.044799023437497216e-04
8.045606015624999626e-04
8.046939335937494968e-04
8.048748593749996752e-04
8.050946914062499750e-04
8.053496640625001013e-04
8.056339335937495521e-04
8.059455000000002476e-04
8.062768349609372807e-04
8.066286230468748238e-04
8.069960205078121739e-04
8.073761835937501774e-04
8.077688583984373415e-04
8.081703769531249464e-04
8.085786611328124596e-04
8.089928671874997831e-04
8.094109462890623991e-04
8.098317910156249688e-04
8.102537138671876216e-04
8.106755585937502071e-04
8.110964033203126684e-04
8.115142480468748656e-04
8.119271708984375936e-04
8.123351718750002016e-04
8.127372021484376456e-04
8.131293886718749583e-04
8.135108876953126922e-04
8.138803867187500204e-04
8.142335458984376008e-04
8.145654785156248613e-04
8.148721103515623202e-04
8.151422890624997761e-04
8.153648544921873569e-04
8.155036074218748174e-04
7.918178759765623353e-04
7.915445976562501557e-04
7.913368544921870916e-04
7.911924941406250347e-04
7.911070556640625384e-04
7.910819999999999181e-04
0.000000000000000000e+00
4.591702187500000168e-05
4.601354374999999035e-05
4.611176562499998274e-05
4.621148749999998519e-05
4.631380937500000013e-05
4.641613125000002184e-05
4.652195624999997775e-05
4.662778125000000820e-05
4.673928203124999884e-05
4.685078281250000304e-05
4.696228359375004789e-05
4.707378437499997755e-05
4.719356328125001281e-05
4.731334218750003453e-05
4.743312109374996815e-05
4.755289999999996276e-05
4.768198593750002420e-05
4.781107187500004498e-05
4.794015781249995735e-05
4.806924375000004590e-05
4.820885781249999765e-05
4.834847187500002395e-05
4.848808593750000281e-05
4.862770000000000200e-05
4.877460000000000562e-05
4.892450000000005648e-05
4.907760000000008726e-05
4.923400000000005073e-05
8.582789999999999864e-04
8.992549999999998461e-04
8.343960000000000526e-04
8.399889999999998616e-04
8.451979218749995203e-04
8.500549062499998922e-04
8.545875781249998807e-04
8.588224999999998161e-04
8.627842656249998720e-04
8.664906562499999050e-04
8.699614218750001448e-04
8.732123749999997492e-04
8.762597343749997224e-04
8.791167812500001212e-04
8.817955468749998169e-04
8.843058125000000580e-04
8.263931718749996120e-04
8.267410312500002864e-04
8.270676406250000029e-04
8.273727499999998687e-04
8.276583750000003408e-04
8.279249062500000211e-04
8.281736250000000781e-04
8.284051875000001666e-04
8.286207031249998110e-04
8.288204687500000476e-04
8.290054843749999165e-04
8.291757500000001765e-04
8.293263046874999695e-04
8.294768593750001962e-04
8.296011171874996277e-04
8.297253749999998181e-04
8.298262109375004105e-04
8.299270468750001356e-04
8.300050234374999666e-04
8.300829999999999060e-04
8.301408984375000053e-04
8.301987968749999962e-04
8.302360703125005433e-04
8.302733437500000062e-04
8.302919843749999524e-04
8.303106250000000070e-04
8.303103124999996294e-04
8.303100000000001191e-04
8.302959999999996819e-04
8.302750000000001102e-04
8.236189999999998269e-04
8.314089999999999675e-04
8.080692500000003203e-04
8.113629999999996244e-04
8.094184999999996365e-04
8.079349999999998599e-04
8.067891562500000566e-04
8.059101250000002192e-04
8.052401562499999534e-04
8.047420000000001091e-04
8.043845000000000639e-04
8.041462500000003512e-04
8.040069375000000618e-04
8.039537500000001934e-04
8.039714843749999661e-04
8.040519062499999195e-04
8.041852343750004314e-04
8.043664375000000302e-04
8.045867656249999604e-04
8.048424062500000604e-04
8.051274843750001698e-04
8.054400000000001489e-04
8.057724804687499192e-04
8.061255234374997084e-04
8.064942539062503477e-04
8.068757968749999893e-04
8.072699492187502580e-04
8.076729765624997585e-04
8.080828164062501184e-04
8.084985937500000636e-04
8.089182695312497999e-04
8.093407578125000074e-04
8.097643085937497641e-04
8.101877968750000958e-04
8.106102851562499781e-04
8.110297734374999215e-04
8.114443242187498618e-04
8.118539374999999073e-04
8.122575742187501712e-04
8.126513359375005371e-04
8.130343476562500562e-04
8.134053593749998199e-04
8.137599492187502044e-04
8.140932578124999725e-04
8.144011757812504200e-04
8.146725312500001630e-04
8.148959960937499601e-04
8.150372109374998987e-04
7.913792382812500237e-04
7.911058281250000612e-04
7.908979960937502756e-04
7.907535703124997503e-04
7.906680820312498616e-04
7.906430000000000532e-04
0.000000000000000000e+00
4.591668984375000027e-05
4.601320468750000347e-05
4.611141953124999008e-05
4.621113437500000030e-05
4.631344921874999590e-05
4.641576406250001182e-05
4.652158125000000572e-05
4.662739843750004029e-05
4.673889121093749178e-05
4.685038398437503136e-05
4.696187675781250318e-05
4.707336953124998177e-05
4.719313964843753522e-05
4.731290976562498702e-05
4.743267988281247270e-05
4.755244999999999904e-05
4.768153632812499116e-05
4.781062265625000361e-05
4.793970898437495507e-05
4.806879531250006238e-05
4.820840898437499537e-05
4.834802265625003678e-05
4.848763632812496977e-05
4.862725000000003828e-05
4.877412499999999272e-05
4.892400000000006894e-05
4.907709999999991675e-05
4.923350000000015127e-05
8.573195000000006540e-04
8.984384999999997295e-04
8.339071249999998768e-04
8.395214999999999275e-04
8.447514257812498064e-04
8.496281484374996551e-04
8.541793867187500626e-04
8.584318124999998920e-04
8.624098710937497204e-04
8.661316484374997860e-04
8.696169570312499604e-04
8.728816562500000273e-04
8.759416601562496334e-04
8.788106796875000187e-04
8.815007382812499502e-04
8.840216718749995635e-04
8.259629257812501268e-04
8.263125546874998699e-04
8.266407460937500546e-04
8.269473124999995872e-04
8.272343281249997611e-04
8.275021484375001722e-04
8.277521093750002260e-04
8.279848281250002480e-04
8.282014492187500694e-04
8.284022578124998655e-04
8.285882539062500857e-04
8.287594374999999710e-04
8.289108066406249316e-04
8.290621757812495669e-04
8.291871347656250930e-04
8.293120937500000770e-04
8.294135488281250725e-04
8.295150039062498511e-04
8.295935019531250039e-04
8.296719999999998315e-04
8.297302675781245739e-04
8.297885351562499668e-04
8.298260839843745558e-04
8.298636328125001205e-04
8.298824882812499536e-04
8.299013437500000036e-04
8.299011718749998772e-04
8.299010000000001845e-04
8.298845625000001629e-04
8.298606250000001858e-04
8.233699374999996256e-04
8.315669999999997447e-04
8.079376874999997463e-04
8.109159999999998505e-04
8.089558749999997385e-04
8.074619999999997850e-04
8.063073984375001462e-04
8.054214062500000696e-04
8.047462109374999527e-04
8.042438749999999232e-04
8.038832812500003137e-04
8.036426250000003497e-04
8.035014218749995376e-04
8.034468125000005260e-04
8.034638945312498831e-04
8.035439921875002240e-04
8.036772695312502206e-04
8.038587031250000233e-04
8.040794804687499339e-04
8.043357421874998154e-04
8.046215820312497408e-04
8.049349999999998954e-04
8.052685947265625279e-04
8.056228613281250133e-04
8.059928935546876571e-04
8.063757851562499291e-04
8.067713837890624516e-04
8.071758886718751651e-04
8.075872529296871955e-04
8.080045703124998872e-04
8.084258115234376277e-04
8.088499121093751642e-04
8.092750595703124749e-04
8.097001601562501356e-04
8.101242607421873469e-04
8.105453613281248361e-04
8.109615087890625473e-04
8.113727031249998297e-04
8.117779150390626048e-04
8.121732207031254983e-04
8.125577138671873610e-04
8.129302070312503358e-04
8.132861962890627818e-04
8.136208496093749656e-04
8.139300224609378760e-04
8.142025234375000311e-04
8.144268564453127114e-04
8.145705019531252530e-04
7.909402568359373510e-04
7.906666835937499471e-04
7.904587314453122640e-04
7.903142089843751298e-04
7.902286396484374314e-04
7.902035000000001263e-04
0.000000000000000000e+00
4.591635781250000563e-05
4.601286562500000982e-05
4.611107343749997709e-05
4.621078125000000863e-05
4.631308906249998489e-05
4.641539687499998825e-05
4.652120624999999982e-05
4.662701562500000461e-05
4.673850039062500504e-05
4.684998515624995804e-05
4.696146992187503300e-05
4.707295468750000633e-05
4.719271601562501019e-05
4.731247734374995984e-05
4.743223867187499758e-05
4.755200000000001499e-05
4.768108671875003943e-05
4.781017343749993512e-05
4.793926015625002055e-05
4.806834687500005854e-05
4.820796015625001342e-05
4.834757343750003606e-05
4.848718671875005870e-05
4.862679999999996614e-05
4.877365000000002048e-05
4.892350000000007462e-05
4.907659999999998342e-05
4.923300000000006209e-05
8.563599999999998037e-04
8.976220000000000466e-04
8.334182500000000262e-04
8.390540000000002102e-04
8.443049296874998756e-04
8.492013906249997433e-04
8.537711953124998109e-04
8.580411249999998595e-04
8.620354765625002193e-04
8.657726406250002091e-04
8.692724921875002097e-04
8.725509374999997634e-04
8.756235859375000865e-04
8.785045781250000246e-04
8.812059296874999751e-04
8.837375312500000447e-04
8.255326796875002079e-04
8.258840781249999954e-04
8.262138515624995643e-04
8.265218749999999562e-04
8.268102812499998318e-04
8.270793906249999982e-04
8.273305937499997233e-04
8.275644687499995704e-04
8.277821953124995689e-04
8.279840468749999002e-04
8.281710234374998212e-04
8.283431249999997654e-04
8.284953085937502189e-04
8.286474921874998050e-04
8.287731523437499078e-04
8.288988124999999022e-04
8.290008867187502765e-04
8.291029609375001087e-04
8.291819804687503665e-04
8.292609999999997570e-04
8.293196367187501182e-04
8.293782734374999374e-04
8.294160976562498693e-04
8.294539218750001264e-04
8.294729921875001718e-04
8.294920625000000002e-04
8.294920312499999083e-04
8.294919999999995994e-04
8.294731249999995597e-04
8.294462499999999362e-04
8.231208750000001831e-04
8.317249999999999557e-04
8.078061249999999313e-04
8.104689999999995344e-04
8.084932500000000574e-04
8.069890000000001437e-04
8.058256406250001273e-04
8.049326875000000284e-04
8.042522656250000604e-04
8.037457499999996289e-04
8.033820624999996962e-04
8.031390000000000230e-04
8.029959062499997724e-04
8.029398749999996660e-04
8.029563046874996918e-04
8.030360781250000949e-04
8.031693046875001182e-04
8.033509687500002333e-04
8.035721953124996906e-04
8.038290781250002209e-04
8.041156796874999622e-04
8.044300000000002924e-04
8.047647089843749197e-04
8.051201992187501013e-04
8.054915332031249665e-04
8.058757734374999773e-04
8.062728183593749704e-04
8.066788007812501380e-04
8.070916894531248147e-04
8.075105468749998192e-04
8.079333535156249134e-04
8.083590664062502125e-04
8.087858105468751857e-04
8.092125234374997417e-04
8.096382363281248240e-04
8.100609492187501844e-04
8.104786933593750159e-04
8.108914687500000775e-04
8.112982558593747132e-04
8.116951054687502427e-04
8.120810800781249911e-04
8.124550546875003096e-04
8.128124433593752508e-04
8.131484414062500670e-04
8.134588691406250066e-04
8.137325156249997906e-04
8.139577167968751375e-04
8.141037929687500651e-04
7.905012753906250035e-04
7.902275390624998331e-04
7.900194667968750114e-04
7.898748476562500757e-04
7.897891972656251097e-04
7.897639999999999825e-04
0.000000000000000000e+00
4.591602890625000528e-05
4.601253281250000475e-05
4.611073671875000796e-05
4.621044062500001445e-05
4.631274453125000632e-05
4.641504843749999818e-05
4.652085312500000815e-05
4.662665781250001812e-05
4.673813769531246691e-05
4.684961757812497669e-05
4.696109746093750001e-05
4.707257734375001657e-05
4.719233300781251934e-05
4.731208867187501534e-05
4.743184433593747746e-05
4.755160000000000734e-05
4.768068085937500776e-05
4.780976171874998785e-05
4.793884257812498149e-05
4.806792343750004290e-05
4.820753007812503109e-05
4.834713671875002605e-05
4.848674335937502102e-05
4.862635000000005664e-05
4.877317500000004824e-05
4.892300000000005320e-05
4.907610000000003653e-05
4.923250000000006777e-05
8.553945000000005936e-04
8.968004999999999597e-04
8.329271249999996253e-04
8.385870000000000130e-04
8.438589648437496652e-04
8.487751953124999691e-04
8.533635976562498971e-04
8.576510625000003654e-04
8.616617382812500475e-04
8.654143203124995114e-04
8.689287460937497555e-04
8.722209687499997552e-04
8.753062929687493695e-04
8.781992890624998197e-04
8.809119648437500980e-04
8.834542656249999570e-04
8.251033398437499205e-04
8.254565390624998443e-04
8.257879257812496482e-04
8.260974375000000158e-04
8.263872656249997934e-04
8.266576953125005659e-04
8.269101718749999460e-04
8.271452343750000354e-04
8.273640976562500861e-04
8.275670234375001773e-04
8.277550117187499994e-04
8.279280624999997692e-04
8.280810917968749402e-04
8.282341210937496775e-04
8.283605136718749911e-04
8.284869062499998710e-04
8.285896308593748488e-04
8.286923554687497182e-04
8.287719277343748477e-04
8.288515000000000856e-04
8.289105683593750570e-04
8.289696367187500284e-04
8.290077988281249451e-04
8.290459609374998618e-04
8.290653085937499779e-04
8.290846562500000941e-04
8.290848281249997868e-04
8.290850000000000216e-04
8.290690625000002789e-04
8.290446250000000229e-04
8.228899374999998741e-04
8.319064999999998319e-04
8.076925624999996408e-04
8.100345000000001199e-04
8.080376249999998359e-04
8.065174999999998214e-04
8.053453203124997855e-04
8.044453437499999139e-04
8.037596328124998026e-04
8.032488749999999776e-04
8.028820312500001884e-04
8.026365000000002968e-04
8.024914531249999899e-04
8.024339375000004481e-04
8.024496523437503080e-04
8.025290390624999388e-04
8.026621523437502386e-04
8.028439843750001569e-04
8.030655976562494107e-04
8.033230390624999722e-04
8.036103398437497792e-04
8.039254999999997757e-04
8.042613544921875740e-04
8.046180996093747848e-04
8.049907666015626139e-04
8.053763867187495882e-04
8.057749091796876859e-04
8.061824003906249659e-04
8.065968447265628146e-04
8.070172734374997901e-04
8.074416767578129804e-04
8.078690332031251585e-04
8.082974052734374524e-04
8.087257617187499715e-04
8.091531181640624747e-04
8.095774746093748224e-04
8.099968466796872999e-04
8.104112343749999073e-04
8.108196279296872545e-04
8.112180527343751868e-04
8.116055400390623708e-04
8.119810273437503417e-04
8.123398466796876534e-04
8.126772207031250856e-04
8.129889345703126885e-04
8.132637578125001933e-04
8.134898583984375396e-04
8.136383964843750538e-04
7.900636376953124908e-04
7.897897695312500795e-04
7.895816083984372354e-04
7.894369238281254576e-04
7.893512236328126654e-04
7.893259999999999166e-04
0.000000000000000000e+00
4.591570000000000493e-05
4.601219999999999291e-05
4.611039999999999817e-05
4.621009999999999316e-05
4.631240000000000064e-05
4.641469999999998778e-05
4.652050000000001648e-05
4.662630000000001808e-05
4.673777499999998977e-05
4.684925000000001566e-05
4.696072500000002123e-05
4.707219999999995904e-05
4.719194999999996751e-05
4.731170000000000986e-05
4.743144999999999122e-05
4.755120000000000646e-05
4.768027499999998286e-05
4.780934999999998636e-05
4.793842499999993566e-05
4.806749999999998659e-05
4.820709999999998099e-05
4.834670000000006347e-05
4.848630000000007820e-05
4.862589999999997095e-05
4.877270000000006244e-05
4.892250000000002499e-05
4.907560000000005577e-05
4.923200000000007345e-05
8.544290000000001909e-04
8.959789999999999812e-04
8.324360000000000917e-04
8.381199999999999241e-04
8.434130000000001053e-04
8.483489999999999781e-04
8.529559999999997665e-04
8.572610000000002207e-04
8.612880000000002010e-04
8.650559999999995727e-04
8.685849999999999517e-04
8.718910000000000722e-04
8.749889999999997366e-04
8.778939999999999400e-04
8.806179999999998956e-04
8.831709999999998693e-04
8.246740000000000667e-04
8.250290000000000184e-04
8.253620000000000574e-04
8.256730000000000753e-04
8.259642500000000803e-04
8.262359999999999410e-04
8.264897500000000603e-04
8.267260000000000667e-04
8.269460000000002781e-04
8.271500000000000206e-04
8.273389999999998523e-04
8.275130000000000983e-04
8.276668750000000952e-04
8.278207500000000921e-04
8.279478749999998576e-04
8.280749999999998398e-04
8.281783749999999632e-04
8.282817499999998697e-04
8.283618750000000877e-04
8.284419999999999805e-04
8.285014999999999958e-04
8.285610000000000110e-04
8.285995000000002378e-04
8.286380000000000308e-04
8.286576250000001094e-04
8.286772499999999712e-04
8.286776249999999906e-04
8.286780000000000101e-04
8.286650000000001307e-04
8.286430000000000011e-04
8.226590000000001072e-04
8.320880000000000333e-04
8.075789999999998924e-04
8.095999999999999464e-04
8.075820000000000481e-04
8.060460000000001495e-04
8.048649999999999858e-04
8.039580000000000164e-04
8.032669999999996532e-04
8.027519999999998927e-04
8.023820000000000301e-04
8.021339999999998116e-04
8.019870000000000991e-04
8.019279999999998207e-04
8.019430000000000568e-04
8.020220000000001081e-04
8.021550000000000338e-04
8.023369999999999721e-04
8.025589999999997812e-04
8.028170000000001572e-04
8.031049999999999214e-04
8.034210000000000180e-04
8.037580000000003368e-04
8.041159999999999020e-04
8.044899999999998276e-04
8.048769999999998495e-04
8.052770000000000761e-04
8.056860000000000107e-04
8.061019999999996218e-04
8.065239999999998695e-04
8.069499999999998549e-04
8.073789999999999960e-04
8.078090000000001528e-04
8.082390000000000928e-04
8.086679999999999086e-04
8.090940000000000024e-04
8.095150000000000175e-04
8.099309999999999539e-04
8.103410000000002295e-04
8.107409999999999140e-04
8.111300000000001842e-04
8.115070000000001570e-04
8.118672500000000559e-04
8.122059999999999957e-04
8.125190000000002619e-04
8.127950000000000539e-04
8.130220000000001586e-04
8.131729999999999341e-04
7.896259999999999781e-04
7.893520000000001091e-04
7.891437500000001099e-04
7.889989999999998636e-04
7.889132500000001127e-04
7.888879999999999591e-04
0.000000000000000000e+00
4.591535527343750342e-05
4.601183710937499960e-05
4.611001738281250576e-05
4.620969765625000843e-05
4.631197792968749647e-05
4.641425820312499806e-05
4.652003769531251045e-05
4.662581718750002962e-05
4.673727167968750533e-05
4.684872617187500136e-05
4.696018066406247029e-05
4.707163515624999343e-05
4.719136386718751581e-05
4.731109257812503820e-05
4.743082128906251992e-05
4.755055000000000165e-05
4.767960039062500862e-05
4.780865078125000204e-05
4.793770117187502256e-05
4.806675156249998887e-05
4.820632617187501696e-05
4.834590078124992307e-05
4.848547539062496471e-05
4.862504999999997247e-05
4.877182343750000748e-05
4.892159843750004959e-05
4.907466640625003895e-05
4.923103750000008404e-05
8.534547968749998156e-04
8.951497812500003792e-04
8.319457656249997640e-04
8.376529999999998352e-04
8.429679648437498393e-04
8.479243515624999318e-04
8.525503007812497208e-04
8.568729062500000156e-04
8.609165546874996897e-04
8.647000625000001144e-04
8.682435234374999292e-04
8.715629999999998951e-04
8.746742500000000663e-04
8.775910000000000481e-04
8.803259999999998517e-04
8.828899999999997817e-04
8.242460000000000498e-04
8.246029999999999246e-04
8.249372499999999562e-04
8.252500000000000287e-04
8.255427714843751544e-04
8.258159414062501893e-04
8.260710175781248816e-04
8.263085078124999400e-04
8.265296425781249335e-04
8.267347148437503585e-04
8.269247089843747211e-04
8.270996406249999646e-04
8.272543632812500575e-04
8.274090859375001503e-04
8.275369453124998545e-04
8.276648046875001007e-04
8.277687773437498011e-04
8.278727500000001519e-04
8.279533749999997815e-04
8.280339999999999532e-04
8.280937656250000455e-04
8.281535312500002462e-04
8.281922031250000572e-04
8.282308749999999766e-04
8.282505683593753987e-04
8.282702617187500619e-04
8.282706308593749218e-04
8.282709999999999986e-04
8.282568749999999523e-04
8.282337499999997644e-04
8.224368750000002554e-04
8.322869999999999140e-04
8.026705000000000732e-04
7.901209999999999657e-04
8.023247499999999147e-04
8.055760000000001218e-04
8.043838750000000676e-04
8.034693750000002511e-04
8.027725078125000488e-04
8.022534687500001375e-04
8.018800156250001409e-04
8.016296093750001047e-04
8.014808984374997749e-04
8.014208750000001436e-04
8.014351093750000238e-04
8.015137499999998305e-04
8.016467500000002983e-04
8.018289375000005716e-04
8.020514843749995508e-04
8.023101562499997900e-04
8.025991406250001202e-04
8.029160000000000897e-04
8.032542890624999469e-04
8.036135781250001347e-04
8.039889921874999665e-04
8.043775312499998288e-04
8.047789140624996528e-04
8.051892968750000521e-04
8.056070546874996054e-04
8.060305625000003605e-04
8.064583203124999627e-04
8.068890781250001544e-04
8.073208984375000036e-04
8.077525937500001354e-04
8.081832265625001760e-04
8.086109218750002449e-04
8.090336484375000017e-04
8.094513750000001135e-04
8.098630234374996299e-04
8.102646718750001814e-04
8.106553515624997843e-04
8.110338437500001644e-04
8.113956210937500182e-04
8.117358437500002671e-04
8.120501953124999303e-04
8.123274375000000443e-04
8.125557187500000167e-04
8.127077499999996830e-04
7.891880312499998957e-04
7.889140781249998936e-04
7.887057773437501380e-04
7.885610000000001230e-04
7.884752382812501613e-04
7.884500000000000015e-04
0.000000000000000000e+00
4.591504179687499901e-05
4.601153671875000050e-05
4.610972851562497078e-05
4.620942031249999855e-05
4.631171210937498460e-05
4.641400390624997741e-05
4.651979414062500448e-05
4.662558437499996378e-05
4.673704960937496771e-05
4.684851484374995810e-05
4.695998007812497558e-05
4.707144531249994563e-05
4.719118398437498581e-05
4.731092265624996501e-05
4.743066132812497130e-05
4.755039999999995727e-05
4.767945703124999870e-05
4.780851406249992492e-05
4.793757109374993246e-05
4.806662812499991967e-05
4.820620859374991757e-05
4.834578906249997646e-05
4.848536953124996758e-05
4.862494999999993159e-05
4.877172812499985978e-05
4.892150937499989047e-05
4.907457656249990328e-05
4.923094999999989835e-05
8.524815000000001558e-04
8.943214999999999585e-04
8.314565000000002275e-04
8.371869999999998705e-04
8.425238046874999800e-04
8.475004531250000328e-04
8.521452265624999967e-04
8.564853124999997642e-04
8.605454843750002820e-04
8.643443749999998741e-04
8.679021718750001661e-04
8.712349999999999348e-04
8.743600000000000243e-04
8.772889999999997383e-04
8.800349999999999319e-04
8.826099999999994930e-04
8.238189999999998318e-04
8.241769999999998307e-04
8.245129999999999170e-04
8.248279999999999978e-04
8.251222304687503856e-04
8.253967578125003023e-04
8.256530976562499258e-04
8.258917656250000690e-04
8.261139726562502028e-04
8.263200546875002590e-04
8.265109804687501612e-04
8.266867812500001099e-04
8.268422890625003316e-04
8.269977968750000111e-04
8.271263281250000121e-04
8.272548593749999048e-04
8.273593671875000824e-04
8.274638750000003684e-04
8.275449375000002014e-04
8.276260000000001428e-04
8.276862812500005058e-04
8.277465625000001099e-04
8.277856562500000241e-04
8.278247500000000467e-04
8.278447617187500301e-04
8.278647734374997968e-04
8.278653867187502329e-04
8.278660000000001270e-04
8.278535000000003096e-04
8.278319999999998085e-04
8.222249999999999958e-04
8.324989999999997826e-04
8.073689999999998385e-04
7.898429999999999254e-04
8.066679999999999684e-04
8.051059999999999857e-04
8.039028750000001920e-04
8.029809999999998121e-04
8.022783906249997049e-04
8.017554375000000106e-04
8.013786562499995974e-04
8.011259687499996777e-04
8.009756718749998575e-04
8.009147500000000485e-04
8.009283437500001575e-04
8.010067499999999792e-04
8.011398749999999475e-04
8.013223750000002732e-04
8.015455937499995492e-04
8.018050625000001279e-04
8.020951562499999826e-04
8.024129999999999761e-04
8.027525468750000386e-04
8.031130937499997811e-04
8.034898906250000777e-04
8.038799375000002306e-04
8.042826718750002105e-04
8.046944062499997901e-04
8.051138906249996272e-04
8.055388750000001472e-04
8.059683593750003585e-04
8.064008437499997498e-04
8.068344531249999584e-04
8.072678125000002985e-04
8.077000468749999298e-04
8.081294062499998817e-04
8.085538281249998304e-04
8.089732500000000257e-04
8.093865156250001002e-04
8.097897812500001258e-04
8.101821093749999453e-04
8.105620625000000985e-04
8.109253359375001406e-04
8.112669999999998476e-04
8.115826718750002253e-04
8.118611250000002440e-04
8.120906562499999922e-04
8.122436874999999995e-04
7.887512187500000721e-04
7.884772812499999534e-04
7.882688984374995904e-04
7.881240624999998230e-04
7.880382578124998840e-04
7.880130000000000598e-04
0.000000000000000000e+00
4.591469707031250428e-05
4.601117382812500720e-05
4.610934589843750548e-05
4.620901796875000027e-05
4.631129003906248720e-05
4.641356210937498770e-05
4.651933183593750523e-05
4.662510156250000243e-05
4.673654628906250360e-05
4.684799101562498445e-05
4.695943574218752628e-05
4.707088046874998680e-05
4.719059785156251379e-05
4.731031523437501368e-05
4.743003261718752034e-05
4.754974999999999989e-05
4.767878242187500412e-05
4.780781484375002191e-05
4.793684726562498548e-05
4.806587968750001682e-05
4.820543476562506196e-05
4.834498984375006645e-05
4.848454492187505061e-05
4.862410000000002799e-05
4.877085156250001488e-05
4.892060781250006415e-05
4.907364296874989324e-05
4.922998750000001059e-05
8.515072968749996720e-04
8.934922812500001397e-04
8.309662656249996830e-04
8.367199999999999985e-04
8.420788945312499734e-04
8.470760546875001802e-04
8.517399023437497536e-04
8.560977187500001633e-04
8.601746640624997669e-04
8.639891875000001295e-04
8.675615703124995746e-04
8.709079999999999903e-04
8.740459999999996340e-04
8.769880000000002031e-04
8.797449999999997026e-04
8.823309999999998706e-04
8.233919999999998306e-04
8.237519999999998611e-04
8.240900000000001956e-04
8.244060000000000754e-04
8.247017519531250418e-04
8.249776992187496990e-04
8.252353652343747629e-04
8.254752734375000664e-04
8.256986152343749824e-04
8.259057695312500705e-04
8.260976894531249374e-04
8.262744218750001004e-04
8.264307773437502011e-04
8.265871328125000850e-04
8.267163984375004585e-04
8.268456640625000730e-04
8.269507695312502613e-04
8.270558750000000158e-04
8.271374375000001278e-04
8.272190000000001313e-04
8.272796718749998550e-04
8.273403437500003376e-04
8.273797343749996619e-04
8.274191249999999619e-04
8.274393300781255484e-04
8.274595351562504843e-04
8.274602675781251530e-04
8.274610000000000385e-04
8.274471250000002944e-04
8.274242499999999749e-04
8.220221249999999863e-04
8.327239999999997474e-04
8.072724999999996744e-04
7.895699999999996384e-04
8.062117499999997506e-04
8.046359999999998496e-04
8.034218125000000240e-04
8.024924999999998726e-04
8.017840859375000018e-04
8.012571562499999070e-04
8.008769843750000858e-04
8.006219531249999903e-04
8.004700078125001703e-04
8.004081250000002166e-04
8.004210156250000452e-04
8.004991250000004568e-04
8.006323125000001754e-04
8.008150624999999358e-04
8.010388906249999753e-04
8.012990937500002759e-04
8.015902343749999048e-04
8.019089999999998468e-04
8.022498359374997728e-04
8.026116718750000295e-04
8.029898828124999071e-04
8.033814687499999004e-04
8.037855859375001282e-04
8.041987031250001725e-04
8.046199453124998433e-04
8.050464375000001118e-04
8.054776796875002653e-04
8.059119218750002492e-04
8.063473515624997165e-04
8.067824062499999232e-04
8.072162734374996708e-04
8.076473281250001399e-04
8.080734765624998303e-04
8.084946249999999841e-04
8.089095390625001668e-04
8.093144531250001921e-04
8.097084609374997780e-04
8.100899062499999047e-04
8.104547070312503355e-04
8.107978437500001348e-04
8.111148671875002348e-04
8.113945625000005754e-04
8.116253750000004081e-04
8.117794375000000895e-04
7.883142500000000054e-04
7.880403593750000789e-04
7.878319257812496342e-04
7.876870624999997728e-04
7.876012460937501652e-04
7.875759999999999011e-04
0.000000000000000000e+00
4.591438359375000665e-05
4.601087343750000810e-05
4.610905703125000438e-05
4.620874062499999717e-05
4.631102421874999566e-05
4.641330781250000770e-05
4.651908828125001958e-05
4.662486875000000435e-05
4.673632421875000665e-05
4.684777968750000895e-05
4.695923515625002480e-05
4.707069062500001354e-05
4.719041796874999056e-05
4.731014531250002858e-05
4.742987265625002593e-05
4.754960000000004361e-05
4.767863906249996710e-05
4.780767812500003288e-05
4.793671718750001736e-05
4.806575625000003571e-05
4.820531718750001678e-05
4.834487812500003851e-05
4.848443906249998571e-05
4.862399999999999389e-05
4.877075625000000270e-05
4.892051874999999990e-05
4.907355312499992698e-05
4.922990000000008239e-05
8.505340000000002291e-04
8.926639999999998274e-04
8.304770000000000381e-04
8.362540000000002506e-04
8.416349843749996573e-04
8.466526562500001265e-04
8.513355781249999600e-04
8.557111249999998191e-04
8.598048437500000266e-04
8.636349999999997501e-04
8.672219687500000830e-04
8.705820000000000615e-04
8.737330000000001267e-04
8.766870000000000175e-04
8.794560000000000311e-04
8.225790000000001486e-04
8.229659999999998452e-04
8.233280000000001240e-04
8.236669999999998238e-04
8.239850000000000603e-04
8.242822109374999635e-04
8.245595156249998278e-04
8.248184453125002565e-04
8.250595312500002112e-04
8.252839453124999423e-04
8.254921093749998783e-04
8.256849609375000679e-04
8.258625625000004782e-04
8.260197031250000573e-04
8.261768437499999616e-04
8.263067812499999814e-04
8.264367187500000012e-04
8.265423593750002330e-04
8.266480000000001396e-04
8.267300000000002381e-04
8.268120000000001198e-04
8.268730625000000715e-04
8.269341249999998065e-04
8.269738125000000587e-04
8.270135000000003109e-04
8.270338984374998740e-04
8.270542968750000876e-04
8.270551484374999646e-04
8.270559999999998416e-04
8.270439999999998695e-04
8.270229999999998641e-04
8.218289999999997238e-04
8.329620000000000253e-04
8.071840000000000698e-04
7.892999999999999409e-04
8.057580000000000601e-04
8.041679999999995282e-04
8.029426875000000288e-04
8.020058750000003556e-04
8.012915937499998868e-04
8.007606249999999664e-04
8.003770000000002280e-04
8.001195625000002065e-04
7.999659062499998776e-04
7.999029999999995953e-04
7.999151250000001521e-04
7.999928749999998855e-04
8.001260625000001462e-04
8.003090000000001331e-04
8.005333750000003185e-04
8.007942500000002654e-04
8.010863750000002436e-04
8.014060000000001668e-04
8.017481249999999565e-04
8.021112500000000768e-04
8.024908750000002942e-04
8.028839999999998027e-04
8.032894999999998448e-04
8.037039999999997034e-04
8.041270000000000752e-04
8.045549999999999837e-04
8.049879999999997541e-04
8.054240000000001138e-04
8.058612500000001408e-04
8.062979999999998889e-04
8.067335000000001866e-04
8.071662500000001969e-04
8.075941249999998460e-04
8.080169999999998499e-04
8.084335625000001408e-04
8.088401250000002742e-04
8.092358125000000601e-04
8.096187500000000519e-04
8.099850781249997873e-04
8.103296875000000040e-04
8.106480624999999347e-04
8.109290000000000552e-04
8.111610937500002977e-04
8.113161875000001952e-04
7.878782812500000629e-04
7.876044375000003286e-04
7.873959531250000190e-04
7.872510625000000636e-04
7.871652343749998117e-04
7.871399999999999751e-04
0.000000000000000000e+00
4.591403730468748427e-05
4.601050742187501373e-05
4.610866972656250360e-05
4.620833203124999675e-05
4.631059433593750916e-05
4.641285664062498768e-05
4.651861503906249627e-05
4.662437343750000485e-05
4.673580683593751741e-05
4.684724023437501642e-05
4.695867363281247477e-05
4.707010703125002121e-05
4.718981152343747773e-05
4.730951601562500880e-05
4.742922050781251954e-05
4.754892500000004382e-05
4.767794257812501250e-05
4.780696015625002183e-05
4.793597773437497018e-05
4.806499531250004728e-05
4.820453398437498179e-05
4.834407265625003151e-05
4.848361132812497958e-05
4.862315000000000896e-05
4.876988593749998375e-05
4.891962968750000165e-05
4.907263828124986234e-05
4.922896250000010151e-05
8.495477968750006405e-04
8.918247812500003932e-04
8.299865156249998420e-04
8.357872500000000301e-04
8.411905039062498582e-04
8.462288671874999531e-04
8.509310429687499521e-04
8.553244999999997083e-04
8.594351718749998828e-04
8.632811406249999570e-04
8.668828749999998905e-04
8.702566875000003130e-04
8.734204296874999596e-04
8.763866718749996950e-04
8.791676640624996849e-04
8.221516562499998947e-04
8.225401484375001069e-04
8.229041406249997708e-04
8.232447578125001372e-04
8.235641250000001962e-04
8.238628496093750074e-04
8.241415664062502668e-04
8.244018144531248390e-04
8.246441328125002834e-04
8.248696738281251261e-04
8.250789023437502066e-04
8.252727402343750397e-04
8.254512656250002347e-04
8.256092460937496970e-04
8.257672265625004603e-04
8.258978906250002061e-04
8.260285546875001687e-04
8.261347851562497648e-04
8.262410156250002283e-04
8.263235078125000677e-04
8.264060000000000156e-04
8.264675781250002380e-04
8.265291562499999184e-04
8.265692656250000570e-04
8.266093749999998703e-04
8.266300917968750789e-04
8.266508085937502876e-04
8.266519042968746567e-04
8.266530000000001099e-04
8.266407499999999442e-04
8.266190000000001167e-04
8.216489999999999254e-04
8.332139999999996563e-04
7.976847499999996068e-04
7.890340000000003063e-04
8.053029999999995097e-04
8.036989999999999499e-04
8.024626250000000934e-04
8.015183750000001066e-04
8.007982890624996573e-04
8.002633437499999869e-04
7.998763281249999732e-04
7.996165468749998843e-04
7.994612421874999894e-04
7.993973750000004297e-04
7.994087968750000555e-04
7.994862499999999452e-04
7.996195000000001730e-04
7.998026875000000284e-04
8.000276718750000014e-04
8.002892812500001039e-04
8.005824531250002899e-04
8.009030000000000532e-04
8.012463359375000729e-04
8.016106718750000979e-04
8.019916328124999374e-04
8.023862187500000864e-04
8.027933359375000362e-04
8.032094531250002362e-04
8.036339453124998226e-04
8.040639375000002004e-04
8.044984296874999443e-04
8.049361718750003628e-04
8.053751015625000478e-04
8.058134062500001702e-04
8.062505859374996921e-04
8.066850781250004118e-04
8.071147265624999947e-04
8.075393750000003663e-04
8.079575859375002231e-04
8.083657968750002478e-04
8.087631640625003423e-04
8.091475937500000907e-04
8.095154492187502148e-04
8.098615312500000900e-04
8.101812578124999598e-04
8.104634375000000770e-04
8.106968124999999704e-04
8.108529374999999756e-04
7.874423125000001205e-04
7.871685156250000362e-04
7.869599804687498618e-04
7.868150625000000292e-04
7.867292226562498918e-04
7.867040000000000491e-04
0.000000000000000000e+00
4.591370664062499433e-05
4.601017265625000969e-05
4.610832929687497814e-05
4.620798593750001087e-05
4.631024257812500864e-05
4.641249921874999286e-05
4.651825117187501025e-05
4.662400312499998022e-05
4.673543007812501514e-05
4.684685703124998908e-05
4.695828398437500368e-05
4.706971093750000472e-05
4.718940820312501384e-05
4.730910546875000941e-05
4.742880273437495076e-05
4.754849999999997344e-05
4.767751171874997230e-05
4.780652343749999827e-05
4.793553515624999714e-05
4.806454687499996212e-05
4.820407890624998416e-05
4.834361093749999942e-05
4.848314296874996047e-05
4.862267500000002317e-05
4.876940624999992859e-05
4.891914687500004030e-05
4.907214531249996868e-05
4.922846250000012752e-05
8.485620468750004882e-04
8.909860312500000618e-04
8.294965156250000415e-04
8.353210000000000886e-04
8.407465390625002213e-04
8.458056093749998254e-04
8.505270546875001985e-04
8.549384374999994098e-04
8.590660781249998684e-04
8.629278749999997429e-04
8.665443906249998109e-04
8.699320000000001270e-04
8.731084999999999974e-04
8.760869999999995692e-04
8.788799999999996355e-04
8.217249999999997126e-04
8.221149999999998901e-04
8.224809999999992561e-04
8.228232500000003894e-04
8.231440000000002626e-04
8.234442539062501905e-04
8.237243984375002947e-04
8.239859804687503031e-04
8.242295468750003616e-04
8.244562304687503076e-04
8.246665390625000907e-04
8.248613789062501011e-04
8.250408437500002896e-04
8.251996796875000605e-04
8.253585156250004820e-04
8.254899218750002708e-04
8.256213281250000596e-04
8.257281640625002044e-04
8.258350000000000239e-04
8.259180000000003550e-04
8.260010000000002524e-04
8.260629687500002693e-04
8.261249375000000693e-04
8.261653437500000516e-04
8.262057499999999255e-04
8.262266601562498697e-04
8.262475703124999224e-04
8.262487851562502587e-04
8.262499999999999446e-04
8.262379999999999725e-04
8.262160000000000597e-04
8.214759999999998036e-04
8.334790000000000341e-04
7.881939999999998739e-04
7.887720000000001926e-04
8.048509999999998738e-04
8.032319999999997526e-04
8.019845000000000055e-04
8.010327500000002801e-04
8.003067968749999917e-04
7.997678124999999536e-04
7.993773437500000228e-04
7.991151562500002246e-04
7.989581406250003629e-04
7.988932500000002577e-04
7.989039062499999613e-04
7.989809999999998233e-04
7.991142499999998343e-04
7.992976250000000246e-04
7.995231562499997098e-04
7.997854375000002175e-04
8.000795937499999939e-04
8.004009999999999554e-04
8.007455468749998797e-04
8.011110937500001347e-04
8.014933906250002469e-04
8.018894374999999521e-04
8.022981718750003518e-04
8.027159062499998089e-04
8.031418906249995857e-04
8.035738750000002159e-04
8.040098593750000418e-04
8.044493437499998685e-04
8.048899531250000789e-04
8.053298125000001419e-04
8.057686718750000808e-04
8.062049062500001003e-04
8.066363281249998339e-04
8.070627499999997057e-04
8.074826093750002128e-04
8.078924687499996950e-04
8.082915156250003149e-04
8.086774374999998200e-04
8.090468203124997907e-04
8.093943749999999750e-04
8.097154531250001092e-04
8.099988750000003315e-04
8.102335312500003094e-04
8.103906875000000971e-04
7.870073437499996516e-04
7.867335937500001932e-04
7.865250078124996118e-04
7.863800625000002273e-04
7.862942109374995540e-04
7.862690000000000304e-04
0.000000000000000000e+00
4.591337597656251117e-05
4.600983789062501920e-05
4.610798886718750689e-05
4.620763984374999110e-05
4.630989082031248779e-05
4.641214179687501158e-05
4.651788730468747681e-05
4.662363281249998947e-05
4.673505332031247899e-05
4.684647382812498885e-05
4.695789433593753937e-05
4.706931484375003567e-05
4.718900488281248896e-05
4.730869492187499646e-05
4.742838496093751074e-05
4.754807499999998436e-05
4.767708085937500664e-05
4.780608671874997471e-05
4.793509257812495633e-05
4.806409843749992440e-05
4.820362382812490521e-05
4.834314921874991312e-05
4.848267460937497525e-05
4.862220000000003737e-05
4.876892656250000218e-05
4.891866406249995697e-05
4.907165234374995981e-05
4.922796249999986215e-05
8.475762968750001191e-04
8.901472812500001641e-04
8.290065156249999158e-04
8.348547499999999302e-04
8.403026210937496925e-04
8.453824453124998651e-04
8.501232070312500456e-04
8.545525624999999884e-04
8.586972187499999475e-04
8.625748906250000313e-04
8.662062343749999923e-04
8.696076874999999606e-04
8.727974296874999082e-04
8.757886718750002540e-04
8.785931640624998007e-04
8.212986562499997997e-04
8.216906484374999044e-04
8.220581406250002197e-04
8.224022578124999365e-04
8.227246250000002595e-04
8.230263613281252203e-04
8.233078867187503024e-04
8.235707558593752297e-04
8.238155234375002522e-04
8.240433027343747842e-04
8.242546445312504870e-04
8.244504394531247237e-04
8.246307968750001471e-04
8.247904414062497093e-04
8.249500859375003556e-04
8.250821874999995616e-04
8.252142890624998518e-04
8.253216835937500278e-04
8.254290781250003123e-04
8.255125390624999671e-04
8.255960000000001639e-04
8.256583593750001920e-04
8.257207187499998949e-04
8.257614218749998293e-04
8.258021249999997638e-04
8.258232285156247689e-04
8.258443320312500993e-04
8.258456660156247766e-04
8.258470000000002129e-04
8.258354999999997607e-04
8.258139999999999101e-04
8.264804999999998333e-04
8.337590000000001059e-04
7.953850000000000156e-04
7.885139999999997082e-04
8.043977499999999201e-04
8.027650000000002058e-04
8.015063125000000590e-04
8.005470000000003026e-04
7.998151171875002080e-04
7.992720312499999435e-04
7.988780468749999116e-04
7.986133906250000034e-04
7.984546015624996657e-04
7.983886250000002405e-04
7.983984531249998379e-04
7.984751250000000303e-04
7.986083124999997489e-04
7.987918124999997651e-04
7.990178281249996290e-04
7.992807187500000328e-04
7.995757968750000829e-04
7.998979999999998418e-04
8.002437890625004133e-04
8.006105781249997977e-04
8.009942421875002744e-04
8.013917812500000615e-04
8.018021640624997020e-04
8.022215468750000262e-04
8.026490546874998685e-04
8.030830625000001926e-04
8.035205703124999755e-04
8.039618281249998446e-04
8.044041484375002386e-04
8.048455937500000089e-04
8.052861640624999146e-04
8.057241718749999764e-04
8.061573984374999528e-04
8.065856249999999589e-04
8.070071640625000155e-04
8.074187031249998063e-04
8.078194609375001761e-04
8.082069062499999635e-04
8.085778476562500896e-04
8.089269062499999160e-04
8.092493671874997560e-04
8.095340625000000670e-04
8.097700312499998962e-04
8.099282499999998835e-04
7.865722187500000240e-04
7.862985468749999823e-04
7.860899414062501702e-04
7.859449999999998078e-04
7.858591679687504253e-04
7.858340000000000117e-04
0.000000000000000000e+00
4.591306093750001979e-05
4.600953437499999871e-05
4.610769531249999065e-05
4.620735624999999265e-05
4.630961718750001391e-05
4.641187812499998773e-05
4.651763281250001454e-05
4.662338750000001423e-05
4.673481718750003146e-05
4.684624687500001480e-05
4.695767656250001169e-05
4.706910624999998148e-05
4.718880468750000624e-05
4.730850312500002423e-05
4.742820156250004900e-05
4.754789999999997890e-05
4.767691562500004347e-05
4.780593124999997251e-05
4.793494687499998288e-05
4.806396250000004745e-05
4.820349687500002624e-05
4.834303125000001858e-05
4.848256562500006514e-05
4.862209999999998972e-05
4.876883749999996504e-05
4.891858750000007317e-05
4.907158124999999994e-05
4.922789999999999669e-05
8.465909999999997283e-04
8.893090000000004533e-04
8.285169999999999688e-04
8.343890000000001592e-04
8.398592187499998680e-04
8.449598125000000589e-04
8.497199062499994964e-04
8.541672500000000541e-04
8.583289375000001560e-04
8.622224999999998987e-04
8.658686874999997445e-04
8.692839999999998988e-04
8.724870000000000238e-04
8.754909999999997260e-04
8.783070000000000460e-04
8.208729999999997418e-04
8.212669999999996570e-04
8.216359999999999376e-04
8.219819999999995307e-04
8.223060000000000785e-04
8.226092343749999555e-04
8.228921562499997905e-04
8.231563281250000620e-04
8.234023125000000404e-04
8.236312031249999090e-04
8.238435937500001140e-04
8.240403593750001950e-04
8.242216250000000861e-04
8.243820937500000818e-04
8.245425624999997522e-04
8.246753749999998851e-04
8.248081874999999095e-04
8.249161562500000001e-04
8.250241250000000907e-04
8.251080624999999284e-04
8.251920000000001996e-04
8.252548749999998479e-04
8.253177500000001467e-04
8.253588750000002928e-04
8.253999999999997884e-04
8.254214218750000054e-04
8.254428437499998971e-04
8.254444218749999338e-04
8.254459999999999706e-04
8.254340000000001069e-04
8.254120000000004110e-04
8.211719999999998959e-04
8.134129999999998098e-04
7.922649999999996796e-04
7.882599999999998289e-04
8.039469999999997347e-04
8.022990000000001327e-04
8.010291250000001282e-04
8.000622500000001240e-04
7.993244375000001147e-04
7.987772500000000575e-04
7.983797500000002498e-04
7.981126250000002316e-04
7.979520624999999600e-04
7.978850000000000222e-04
7.978939999999999470e-04
7.979702500000000363e-04
7.981033750000000046e-04
7.982869999999999550e-04
7.985134999999997808e-04
7.987769999999997554e-04
7.990729999999995371e-04
7.993959999999999608e-04
7.997430000000001118e-04
8.001110000000000513e-04
8.004959999999996080e-04
8.008949999999998189e-04
8.013070000000000175e-04
8.017280000000000326e-04
8.021569999999997400e-04
8.025930000000000997e-04
8.030319999999997477e-04
8.034750000000000008e-04
8.039190000000001612e-04
8.043619999999998722e-04
8.048042500000003032e-04
8.052440000000002070e-04
8.056790000000001173e-04
8.061090000000001657e-04
8.065321874999997883e-04
8.069453750000001209e-04
8.073478124999999318e-04
8.077367500000000181e-04
8.081092187499996655e-04
8.084597500000000178e-04
8.087835624999999053e-04
8.090695000000001046e-04
8.093067500000002351e-04
8.094660000000001134e-04
7.861372500000000972e-04
7.858636250000000309e-04
7.856549687500001371e-04
7.855100000000004397e-04
7.854241562499998707e-04
7.853989999999999930e-04
0.000000000000000000e+00
4.591272792968750533e-05
4.600919492187500662e-05
4.610734785156250006e-05
4.620700078125000357e-05
4.630925371093749923e-05
4.641150664062501522e-05
4.651725253906249921e-05
4.662299843750001031e-05
4.673441933593750505e-05
4.684584023437501335e-05
4.695726113281252165e-05
4.706868203125002317e-05
4.718837089843754890e-05
4.730805976562502043e-05
4.742774863281249873e-05
4.754743750000003802e-05
4.767644023437497114e-05
4.780544296874998558e-05
4.793444570312502712e-05
4.806344843750004833e-05
4.820296914062502077e-05
4.834248984374999320e-05
4.848201054687503340e-05
4.862153124999998551e-05
4.876826015625003582e-05
4.891800312500008396e-05
4.907098281249996528e-05
4.922729062500007350e-05
8.455933867187498572e-04
8.884601328124997009e-04
8.280271289062497752e-04
8.339228750000000434e-04
8.394156484374999151e-04
8.445372187500000153e-04
8.493168515625001188e-04
8.537823906249998812e-04
8.579613164062498002e-04
8.618709765624996350e-04
8.655322148437496902e-04
8.689615937499997047e-04
8.721780273437496978e-04
8.751945859375002707e-04
8.780223320312500459e-04
8.204483281250000331e-04
8.208443242187498734e-04
8.212150703124998855e-04
8.215626914062494927e-04
8.218883125000001630e-04
8.221930800781249377e-04
8.224774335937497238e-04
8.227429433593751043e-04
8.229901796875003454e-04
8.232202167968750983e-04
8.234336914062503291e-04
8.236314628906247180e-04
8.238136718749998174e-04
8.239750000000002281e-04
8.241363281250002051e-04
8.242698867187499452e-04
8.244034453125001190e-04
8.245120234375004310e-04
8.246206015625000925e-04
8.247050507812499860e-04
8.247895000000000964e-04
8.248527031250003309e-04
8.249159062500000233e-04
8.249572656250000460e-04
8.249986249999996350e-04
8.250201777343751626e-04
8.250417304687498229e-04
8.250433652343749924e-04
8.250450000000000535e-04
8.250331249999997988e-04
8.250114999999997971e-04
8.210500000000001434e-04
8.130780000000002814e-04
7.943765000000002369e-04
7.880119999999998272e-04
8.034951249999999247e-04
8.018340000000001837e-04
8.005527734375001911e-04
7.995781718750001339e-04
7.988342656250002963e-04
7.982828125000002075e-04
7.978816328124998429e-04
7.976118750000002347e-04
7.974493749999996819e-04
7.973810624999999683e-04
7.973893671874998255e-04
7.974653281249999585e-04
7.975985234374997814e-04
7.977824062499999213e-04
7.980095546875000563e-04
7.982738281250002744e-04
7.985707890625000924e-04
7.988949999999999871e-04
7.992431875000002720e-04
7.996123749999998033e-04
7.999986250000003284e-04
8.003990000000000323e-04
8.008123750000002662e-04
8.012349999999997512e-04
8.016659999999999238e-04
8.021030000000000824e-04
8.025440000000000872e-04
8.029884999999999844e-04
8.034343750000000253e-04
8.038795000000001356e-04
8.043234062500000201e-04
8.047648749999996697e-04
8.052015000000001341e-04
8.056330000000001519e-04
8.060578593750005209e-04
8.064727187500001903e-04
8.068768593750005142e-04
8.072673124999996943e-04
8.076413320312499349e-04
8.079933593750001503e-04
8.083185468749999646e-04
8.086057499999998229e-04
8.088443046874999173e-04
8.090046093749997825e-04
7.857031640625000311e-04
7.854296093750000362e-04
7.852209257812501567e-04
7.850759531250000277e-04
7.849901210937499946e-04
7.849650000000000984e-04
0.000000000000000000e+00
4.591239492187501120e-05
4.600885546875000775e-05
4.610700039062498915e-05
4.620664531250002127e-05
4.630889023437500488e-05
4.641113515625000882e-05
4.651687226562498388e-05
4.662260937499997928e-05
4.673402148437502608e-05
4.684543359375006611e-05
4.695684570312503160e-05
4.706825781250000386e-05
4.718793710937502380e-05
4.730761640624998952e-05
4.742729570312500268e-05
4.754697500000001583e-05
4.767596484375002757e-05
4.780495468750005963e-05
4.793394453125007136e-05
4.806293437500003566e-05
4.820244140625001530e-05
4.834194843750003559e-05
4.848145546875006265e-05
4.862096250000003551e-05
4.876768281250003884e-05
4.891741875000003376e-05
4.907038437500005937e-05
4.922668125000000800e-05
8.445957734375002029e-04
8.876112656249999242e-04
8.275372578124996900e-04
8.334567499999999277e-04
8.389720781250001791e-04
8.441146249999998633e-04
8.489137968749997654e-04
8.533975312499998168e-04
8.575936953124998780e-04
8.615194531249999134e-04
8.651957421874996359e-04
8.686391875000001612e-04
8.718690546874999139e-04
8.748981718749999480e-04
8.777376640625002627e-04
8.200236562499995654e-04
8.204216484374996562e-04
8.207941406249998333e-04
8.211433828124999968e-04
8.214706250000000307e-04
8.217769257812502452e-04
8.220627109374999825e-04
8.223295585937502551e-04
8.225780468749998913e-04
8.228092304687499624e-04
8.230237890625002189e-04
8.232225664062500000e-04
8.234057187500001991e-04
8.235679062499999406e-04
8.237300937500000074e-04
8.238643984375000054e-04
8.239987031249997864e-04
8.241078906250001029e-04
8.242170781250002026e-04
8.243020390625003689e-04
8.243870000000002099e-04
8.244505312499998380e-04
8.245140625000002251e-04
8.245556562499994739e-04
8.245972499999995901e-04
8.246189335937499946e-04
8.246406171875001823e-04
8.246423085937499425e-04
8.246439999999998112e-04
8.246322500000001412e-04
8.246110000000002674e-04
8.209280000000002825e-04
8.127429999999996688e-04
7.964880000000001438e-04
7.877639999999999339e-04
8.030432500000000062e-04
8.013690000000003432e-04
8.000764218750000371e-04
7.990940937500003605e-04
7.983440937499997189e-04
7.977883750000000322e-04
7.973835156250004118e-04
7.971111249999998042e-04
7.969466875000001628e-04
7.968771250000001314e-04
7.968847343750000293e-04
7.969604062499998807e-04
7.970936718750002087e-04
7.972778125000001045e-04
7.975056093749994645e-04
7.977706562500001429e-04
7.980685781249999972e-04
7.983940000000000134e-04
7.987433749999998901e-04
7.991137500000003143e-04
7.995012500000001814e-04
7.999030000000002458e-04
8.003177499999998643e-04
8.007420000000003372e-04
8.011749999999995655e-04
8.016130000000000651e-04
8.020560000000002097e-04
8.025020000000000764e-04
8.029497500000003229e-04
8.033970000000000737e-04
8.038425625000001707e-04
8.042857500000003251e-04
8.047239999999999342e-04
8.051570000000001382e-04
8.055835312500000608e-04
8.060000625000000429e-04
8.064059062499996872e-04
8.067978749999999127e-04
8.071734453125000959e-04
8.075269687500002827e-04
8.078535312500001323e-04
8.081420000000000834e-04
8.083818593749999247e-04
8.085432187500001021e-04
7.852690781249993144e-04
7.849955937499996077e-04
7.847868828125001764e-04
7.846419062500000494e-04
7.845560859375001186e-04
7.845309999999999871e-04
0.000000000000000000e+00
4.591206972656251297e-05
4.600853164062497356e-05
4.610667636718751333e-05
4.620632109375000896e-05
4.630856582031247641e-05
4.641081054687497774e-05
4.651654667968754142e-05
4.662228281249998312e-05
4.673369394531254399e-05
4.684510507812496933e-05
4.695651621093755053e-05
4.706792734374998943e-05
4.718760488281254688e-05
4.730728242187499591e-05
4.742695996093753980e-05
4.754663750000001594e-05
4.767562226562506152e-05
4.780460703125003256e-05
4.793359179687506458e-05
4.806257656249999496e-05
4.820207773437501156e-05
4.834157890625004849e-05
4.848108007812499732e-05
4.862058125000002747e-05
4.876730078125009492e-05
4.891703750000007316e-05
4.906999687500002887e-05
4.922629062500005097e-05
8.435983867187502126e-04
8.867626328124999157e-04
8.270476289062495857e-04
8.329908749999996804e-04
8.385287656249997652e-04
8.436922968749997883e-04
8.485110156249994848e-04
8.530129531249999297e-04
8.572263632812496953e-04
8.611682265625000355e-04
8.648595742187501802e-04
8.683170937499999111e-04
8.715604023437501782e-04
8.746020859375005368e-04
8.774533320312497605e-04
8.195993281249997842e-04
8.199993242187497960e-04
8.203735703125003510e-04
8.207244414062495486e-04
8.210533124999999178e-04
8.213611542968749174e-04
8.216483789062503608e-04
8.219165722656247624e-04
8.221663203125001993e-04
8.223986582031251507e-04
8.226143085937501036e-04
8.228140996093751642e-04
8.229982031250002422e-04
8.231612578124997441e-04
8.233243125000003302e-04
8.234593710937500397e-04
8.235944296874999661e-04
8.237042343749996325e-04
8.238140390625001662e-04
8.238995195312500590e-04
8.239850000000002771e-04
8.240490468750001759e-04
8.241130937500002916e-04
8.241551093749999689e-04
8.241971249999996462e-04
8.242191269531248289e-04
8.242411289062504453e-04
8.242430644531250229e-04
8.242450000000000341e-04
8.242331249999998877e-04
8.242120000000005987e-04
8.208420000000001210e-04
8.124140000000001265e-04
7.986784999999999935e-04
7.875240000000006003e-04
8.025961249999995391e-04
8.009055000000000384e-04
7.996014765624999019e-04
7.986113281250000048e-04
7.978551406250001263e-04
7.972950624999999153e-04
7.968864296875001127e-04
7.966113124999999644e-04
7.964448437499999827e-04
7.963739375000001165e-04
7.963807578124999960e-04
7.964560468749998321e-04
7.965892890624997388e-04
7.967735937499998734e-04
7.970019453124998089e-04
7.972676718749999126e-04
7.975664609374999610e-04
7.978929999999998229e-04
7.982436875000000929e-04
7.986153750000000431e-04
7.990042499999998370e-04
7.994074999999999792e-04
7.998238750000001519e-04
8.002500000000000715e-04
8.006844999999998113e-04
8.011245000000000172e-04
8.015689999999998060e-04
8.020164999999998589e-04
8.024658749999997922e-04
8.029149999999999655e-04
8.033623437500002091e-04
8.038073750000003688e-04
8.042473749999999241e-04
8.046820000000002486e-04
8.051102031250000502e-04
8.055284062500002364e-04
8.059359531250001769e-04
8.063294375000000383e-04
8.067065585937500559e-04
8.070615781250001057e-04
8.073895156249999904e-04
8.076792500000000343e-04
8.079204140624999479e-04
8.080828281250002207e-04
7.848359921875000230e-04
7.845625781250000624e-04
7.843538398437499949e-04
7.842088593750000869e-04
7.841230507812499331e-04
7.840979999999999998e-04
0.000000000000000000e+00
4.591174453125000795e-05
4.600820781250002068e-05
4.610635234375000364e-05
4.620599687500000344e-05
4.630824140624998861e-05
4.641048593750002121e-05
4.651622109375001764e-05
4.662195624999999373e-05
4.673336640625000768e-05
4.684477656250000130e-05
4.695618671875000848e-05
4.706759687500001565e-05
4.718727265625001575e-05
4.730694843750002940e-05
4.742662421874998207e-05
4.754630000000001605e-05
4.767527968750007514e-05
4.780425937499998515e-05
4.793323906250001037e-05
4.806221875000004913e-05
4.820171406249998072e-05
4.834120937499998685e-05
4.848070468749998620e-05
4.862019999999993134e-05
4.876691874999997481e-05
4.891665624999993637e-05
4.906960937499997804e-05
4.922590000000006685e-05
8.426010000000001138e-04
8.859139999999997989e-04
8.265579999999999152e-04
8.325249999999999751e-04
8.380854531249998934e-04
8.432699687499997133e-04
8.481082343749996380e-04
8.526283749999998256e-04
8.568590312499997294e-04
8.608169999999997239e-04
8.645234062499993150e-04
8.679949999999997693e-04
8.712517499999997920e-04
8.743060000000000415e-04
8.771689999999999088e-04
8.191750000000001114e-04
8.195769999999997189e-04
8.199529999999997845e-04
8.203054999999999678e-04
8.206360000000000217e-04
8.209453828125002402e-04
8.212340468750001969e-04
8.215035859374999203e-04
8.217545937500001819e-04
8.219880859375001221e-04
8.222048281250000966e-04
8.224056328125000032e-04
8.225906875000002852e-04
8.227546093750001980e-04
8.229185312500002193e-04
8.230543437500000741e-04
8.231901562500000373e-04
8.233005781250001378e-04
8.234110000000000214e-04
8.234970000000002913e-04
8.235830000000001275e-04
8.236475625000000802e-04
8.237121250000000328e-04
8.237545625000001386e-04
8.237970000000001359e-04
8.238193203124997716e-04
8.238416406250000578e-04
8.238438203124999947e-04
8.238460000000000401e-04
8.238339999999999596e-04
8.238129999999999542e-04
8.207559999999997427e-04
8.120850000000001505e-04
8.008689999999996263e-04
7.872840000000000740e-04
8.021490000000000477e-04
8.004419999999999504e-04
7.991265312499998752e-04
7.981285624999998659e-04
7.973661875000003169e-04
7.968017499999997984e-04
7.963893437500004641e-04
7.961114999999997993e-04
7.959429999999999110e-04
7.958707499999996679e-04
7.958767812499997459e-04
7.959516874999996751e-04
7.960849062500000278e-04
7.962693749999998592e-04
7.964982812500000448e-04
7.967646874999998992e-04
7.970643437500000332e-04
7.973920000000002829e-04
7.977440000000004042e-04
7.981170000000000972e-04
7.985072499999993842e-04
7.989119999999997127e-04
7.993300000000002226e-04
7.997580000000000227e-04
8.001939999999999487e-04
8.006360000000000776e-04
8.010819999999998359e-04
8.015310000000000750e-04
8.019820000000001288e-04
8.024329999999999657e-04
8.028821249999997054e-04
8.033289999999999789e-04
8.037707500000001309e-04
8.042070000000001422e-04
8.046368750000001480e-04
8.050567500000004300e-04
8.054659999999999077e-04
8.058610000000001640e-04
8.062396718750000158e-04
8.065961875000003624e-04
8.069254999999999570e-04
8.072165000000000937e-04
8.074589687499999710e-04
8.076224375000000139e-04
7.844029062500001894e-04
7.841295625000000834e-04
7.839207968749998135e-04
7.837758125000001243e-04
7.836900156250003980e-04
7.836650000000001210e-04
0.000000000000000000e+00
4.591139589843750850e-05
4.600783710937501794e-05
4.610595800781250384e-05
4.620557890624999982e-05
4.630779980468749472e-05
4.641002070312498962e-05
4.651573144531251922e-05
4.662144218749998106e-05
4.673282792968752142e-05
4.684421367187502111e-05
4.695559941406249370e-05
4.706698515624997985e-05
4.718663574218752302e-05
4.730628632812497133e-05
4.742593691406249418e-05
4.754558750000003058e-05
4.767453867187500710e-05
4.780348984375001073e-05
4.793244101562501436e-05
4.806139218750006542e-05
4.820085820312499210e-05
4.834032421874999332e-05
4.847979023437503520e-05
4.861925625000004998e-05
4.876595078125005469e-05
4.891566562500010678e-05
4.906858906250007057e-05
4.922485312500004189e-05
8.415909335937500754e-04
8.850541640625001578e-04
8.260673945312496744e-04
8.320588750000000762e-04
8.376421171874997088e-04
8.428478437499997483e-04
8.477058828124995650e-04
8.522444531249998099e-04
8.564925820312498410e-04
8.604668828124999126e-04
8.641885742187498066e-04
8.676744687499998894e-04
8.709447617187496141e-04
8.740116796875001346e-04
8.768869101562499612e-04
8.187518906249997971e-04
8.191556210937501201e-04
8.195336015624999021e-04
8.198877070312501078e-04
8.202198125000000756e-04
8.205307285156249750e-04
8.208208242187498829e-04
8.210917011718749320e-04
8.213439609374998058e-04
8.215785996093749556e-04
8.217964257812503896e-04
8.219982363281252546e-04
8.221842343749997690e-04
8.223490156250003137e-04
8.225137968750002079e-04
8.226503554687503205e-04
8.227869140625001078e-04
8.228979453124999959e-04
8.230089765625002093e-04
8.230954882812499930e-04
8.231820000000001020e-04
8.232469687499999493e-04
8.233119375000002302e-04
8.233546875000000631e-04
8.233974375000001128e-04
8.234199667968751263e-04
8.234424960937498147e-04
8.234448105468752770e-04
8.234471250000000887e-04
8.234352656250005847e-04
8.234146562500000485e-04
8.207161718750002151e-04
8.117621874999999534e-04
8.031407031250003192e-04
7.870522187499999923e-04
8.016998593750002079e-04
7.999792499999999014e-04
7.986523515624999875e-04
7.976465781249999663e-04
7.968780312500000880e-04
7.963092500000000127e-04
7.958930859374997290e-04
7.956125312499996239e-04
7.954420156250000375e-04
7.953684375000002766e-04
7.953736953125003280e-04
7.954482343749996916e-04
7.955814453124997231e-04
7.957660937500002189e-04
7.959955703124999959e-04
7.962626718749998096e-04
7.965632109375002379e-04
7.968919999999999997e-04
7.972451249999999625e-04
7.976192499999999307e-04
7.980108125000001532e-04
7.984169999999999419e-04
7.988364999999999876e-04
7.992659999999999739e-04
7.997035000000003030e-04
8.001470000000001845e-04
8.005954999999998194e-04
8.010470000000000437e-04
8.014992499999993312e-04
8.019519999999998733e-04
8.024025937499995988e-04
8.028509999999998252e-04
8.032948124999999759e-04
8.037330000000000516e-04
8.041644843750001860e-04
8.045859687499999462e-04
8.049968593749997530e-04
8.053933125000002202e-04
8.057734726562499391e-04
8.061314218749998563e-04
8.064620468749999528e-04
8.067542499999998899e-04
8.069979609375000891e-04
8.071624218749998267e-04
7.839701328125000829e-04
7.836967968750000813e-04
7.834879414062499671e-04
7.833428906250002044e-04
7.832570429687498543e-04
7.832320000000002422e-04
0.000000000000000000e+00
4.591106289062501437e-05
4.600749765624999874e-05
4.610561054687501326e-05
4.620522343750001074e-05
4.630743632812498681e-05
4.640964921874998322e-05
4.651535117187499712e-05
4.662105312499999747e-05
4.673243007812498146e-05
4.684380703124999934e-05
4.695518398437500366e-05
4.706656093749999443e-05
4.718620195312497759e-05
4.730584296875002174e-05
4.742548398437499812e-05
4.754512500000002872e-05
4.767406328125001609e-05
4.780300156250001702e-05
4.793193984375001795e-05
4.806087812500002565e-05
4.820033046874995275e-05
4.833978281249998150e-05
4.847923515624994248e-05
4.861868749999996445e-05
4.876537343749994929e-05
4.891508124999988040e-05
4.906799062500001558e-05
4.922424374999994929e-05
8.405813203125002322e-04
8.841947968749998363e-04
8.255772734374999377e-04
8.315932499999999141e-04
8.371992968749999032e-04
8.424262499999998289e-04
8.473040781249999631e-04
8.518610937499999317e-04
8.561267109374998650e-04
8.601173593749996803e-04
8.638543515624999775e-04
8.673545624999998973e-04
8.706384140624999664e-04
8.737180156249996655e-04
8.766054921874999852e-04
8.183294687499996630e-04
8.187349453125002596e-04
8.191149218749998583e-04
8.194706484375000781e-04
8.198043749999997347e-04
8.201168398437500657e-04
8.204083828124995913e-04
8.206806132812499580e-04
8.209341406249997608e-04
8.211699414062498953e-04
8.213888671874999131e-04
8.215916992187499452e-04
8.217786562500002017e-04
8.219443125000000690e-04
8.221099687499998279e-04
8.222472890624996479e-04
8.223846093750000101e-04
8.224962656249997861e-04
8.226079218749999958e-04
8.226949609375004777e-04
8.227820000000002007e-04
8.228473437500000674e-04
8.229126874999999341e-04
8.229557187499997274e-04
8.229987500000000627e-04
8.230214570312497117e-04
8.230441640624999028e-04
8.230465820312500395e-04
8.230489999999999595e-04
8.230372499999999642e-04
8.230170000000005398e-04
8.206770000000002336e-04
8.114399999999998610e-04
8.054129999999999406e-04
7.868210000000002650e-04
8.012512500000001968e-04
7.995170000000002396e-04
7.981786406250002868e-04
7.971650312500002701e-04
7.963902812499997538e-04
7.958171250000000297e-04
7.953971718750001141e-04
7.951138750000000428e-04
7.949413125000001244e-04
7.948663750000002116e-04
7.948708281250002530e-04
7.949449687499998262e-04
7.950781406249999867e-04
7.952629374999998623e-04
7.954929531249998976e-04
7.957607187500000123e-04
7.960621093749998840e-04
7.963920000000003670e-04
7.967465000000001482e-04
7.971219999999997179e-04
7.975151249999996601e-04
7.979230000000000784e-04
7.983439999999998767e-04
7.987749999999999408e-04
7.992139999999999141e-04
7.996590000000000902e-04
8.001089999999998030e-04
8.005620000000001051e-04
8.010159999999996640e-04
8.014709999999999977e-04
8.019230625000001427e-04
8.023730000000003221e-04
8.028188750000000377e-04
8.032590000000001777e-04
8.036921562499998659e-04
8.041153125000001555e-04
8.045279062499999332e-04
8.049258749999999279e-04
8.053075859375001316e-04
8.056670312500001287e-04
8.059990312499996099e-04
8.062924999999998565e-04
8.065375156249999112e-04
8.067030312500000694e-04
7.835380468749997230e-04
7.832647812500001180e-04
7.830558984374998014e-04
7.829108437500000408e-04
7.828250078125000098e-04
7.827999999999999455e-04
0.000000000000000000e+00
4.591074550781250525e-05
4.600718945312500376e-05
4.610530996093749800e-05
4.620493046875000231e-05
4.630715097656251910e-05
4.640937148437500879e-05
4.651508027343747843e-05
4.662078906250000229e-05
4.673217285156251656e-05
4.684355664062499018e-05
4.695494042968751124e-05
4.706632421875000518e-05
4.718597128906252853e-05
4.730561835937495700e-05
4.742526542968748712e-05
4.754491250000005112e-05
4.767385351562498014e-05
4.780279453125000402e-05
4.793173554687498047e-05
4.806067656250003145e-05
4.820013085937506595e-05
4.833958515625003946e-05
4.847903945312499941e-05
4.861849375000000680e-05
4.876518671875003808e-05
4.891490312500008393e-05
4.906781406249995537e-05
4.922407187499993134e-05
8.395721601562501505e-04
8.833358984374999187e-04
8.250876367187497291e-04
8.311281249999999225e-04
8.367569921874997178e-04
8.420051875000000635e-04
8.469028203124997481e-04
8.514782968750001912e-04
8.557614179687493680e-04
8.597684296874994608e-04
8.635207382812500445e-04
8.670352812499995763e-04
8.703327070312498730e-04
8.734250078124999352e-04
8.763247460937497639e-04
8.179077343750001429e-04
8.183149726562498122e-04
8.186969609375001952e-04
8.190543242187499871e-04
8.193896874999997580e-04
8.197037167968749703e-04
8.199967226562500811e-04
8.202703222656249982e-04
8.205251328125002640e-04
8.207621113281251581e-04
8.209821523437502936e-04
8.211860214843745088e-04
8.213739531249997401e-04
8.215405000000002228e-04
8.217070468750001635e-04
8.218451445312497912e-04
8.219832421875001779e-04
8.220955390624998336e-04
8.222078359375001397e-04
8.222954179687500106e-04
8.223830000000000983e-04
8.224487812500001684e-04
8.225145625000004554e-04
8.225579374999998509e-04
8.226013124999997884e-04
8.226242597656249073e-04
8.226472070312502429e-04
8.226497910156250213e-04
8.226523750000001248e-04
8.226404843749999867e-04
8.226203437500000711e-04
8.207003281250002062e-04
8.111243125000000337e-04
8.077687968749999552e-04
7.865982812500000752e-04
8.008073906249997456e-04
7.990557499999999432e-04
7.977058671874996589e-04
7.966843593750002218e-04
7.959033437499999676e-04
7.953257499999996519e-04
7.949019453124999204e-04
7.946158437499999160e-04
7.944411718750001320e-04
7.943648125000001003e-04
7.943683984375001644e-04
7.944420781249999803e-04
7.945751484374999774e-04
7.947600312499998078e-04
7.949905234374999175e-04
7.952588906250001493e-04
7.955610703125001477e-04
7.958920000000000838e-04
7.962474999999998807e-04
7.966240000000001167e-04
7.970190625000002317e-04
7.974290000000001065e-04
7.978515000000003079e-04
7.982839999999997993e-04
8.004125000000000822e-04
7.991720000000002285e-04
8.009319999999996425e-04
8.000779999999999654e-04
8.005337499999991453e-04
8.009899999999999052e-04
8.014440312499996645e-04
8.018959999999998589e-04
8.023434374999994026e-04
8.027849999999999786e-04
8.032198281249996541e-04
8.036446562499999311e-04
8.040589531249997882e-04
8.044584374999997440e-04
8.048416992187497820e-04
8.052026406250000759e-04
8.055360156249998091e-04
8.058307500000002569e-04
8.060770703125002754e-04
8.062436406250000952e-04
7.831059609374999052e-04
7.828327656250000464e-04
7.826238554687496357e-04
7.824787968750000940e-04
7.823929726562499484e-04
7.823679999999999740e-04
0.000000000000000000e+00
4.591042812499999612e-05
4.600688125000000877e-05
4.610500937500001663e-05
4.620463750000000744e-05
4.630686562500002429e-05
4.640909374999998692e-05
4.651480937500000718e-05
4.662052500000000711e-05
4.673191562499997713e-05
4.684330625000001491e-05
4.695469687500003237e-05
4.706608749999997528e-05
4.718574062499999137e-05
4.730539374999997358e-05
4.742504687500001678e-05
4.754469999999997188e-05
4.767364374999999161e-05
4.780258750000003167e-05
4.793153125000001753e-05
4.806047499999998305e-05
4.819993124999996908e-05
4.833938750000002288e-05
4.847884374999998180e-05
4.861829999999998816e-05
4.876500000000005234e-05
4.891472500000003675e-05
4.906763750000002391e-05
4.922390000000008957e-05
8.385629999999998519e-04
8.824769999999997842e-04
8.245979999999999543e-04
8.306629999999999309e-04
8.363146874999998577e-04
8.415841249999998644e-04
8.465015624999999667e-04
8.510954999999996917e-04
8.553961250000000635e-04
8.594194999999998918e-04
8.631871250000001114e-04
8.667159999999997973e-04
8.700269999999997797e-04
8.731319999999999880e-04
8.760439999999996511e-04
8.174859999999998638e-04
8.178950000000000152e-04
8.182790000000000983e-04
8.186379999999997877e-04
8.189749999999999981e-04
8.192905937500002001e-04
8.195850625000002457e-04
8.198600312500001468e-04
8.201161250000000083e-04
8.203542812500002040e-04
8.205754375000003488e-04
8.207803437500004818e-04
8.209692499999999291e-04
8.211366875000000514e-04
8.213041250000000654e-04
8.214430000000003682e-04
8.215818750000001289e-04
8.216948125000003147e-04
8.218077499999999584e-04
8.218958750000004108e-04
8.219840000000002127e-04
8.220502500000002530e-04
8.221164999999999680e-04
8.221602500000003587e-04
8.222039999999999904e-04
8.222272187500005627e-04
8.222504374999999423e-04
8.222532187500001047e-04
8.222560000000001586e-04
8.222439999999999697e-04
8.222240000000003053e-04
8.207239999999997810e-04
8.108090000000000089e-04
8.101250000000000812e-04
7.863759999999999804e-04
8.003640000000000233e-04
7.985950000000000340e-04
7.972336249999999441e-04
7.962042499999999858e-04
7.954170000000001942e-04
7.948350000000000293e-04
7.944073750000004656e-04
7.941184999999999694e-04
7.939417499999999782e-04
7.938640000000002448e-04
7.938667499999998815e-04
7.939399999999998151e-04
7.940730000000001745e-04
7.942580000000001601e-04
7.944890000000001109e-04
7.947580000000000096e-04
7.950609999999996846e-04
7.953930000000001416e-04
7.957500000000002332e-04
7.961280000000001134e-04
7.965239999999999517e-04
7.969350000000003514e-04
7.973589999999999801e-04
7.977929999999999831e-04
8.046080000000000593e-04
8.046790000000003098e-04
8.047519999999999413e-04
7.995940000000003678e-04
8.000519999999998813e-04
8.005099999999997201e-04
8.009659999999999610e-04
8.014199999999998452e-04
8.018689999999997590e-04
8.023119999999999037e-04
8.027485000000000002e-04
8.031750000000000477e-04
8.035910000000000926e-04
8.039920000000000096e-04
8.043768125000000987e-04
8.047392500000001472e-04
8.050740000000002408e-04
8.053700000000000225e-04
8.056176250000002216e-04
8.057852499999997031e-04
7.826748750000002116e-04
7.824017499999998820e-04
7.821928125000002447e-04
7.820477499999999461e-04
7.819619375000004449e-04
7.819370000000000183e-04
0.000000000000000000e+00
4.591009902343749994e-05
4.600654960937500579e-05
4.610467363281248599e-05
4.620429765625001014e-05
4.630652167968749255e-05
4.640874570312500885e-05
4.651445644531250457e-05
4.662016718749998674e-05
4.673155292968747966e-05
4.684293867187495902e-05
4.695432441406248582e-05
4.706571015625001940e-05
4.718535761718753441e-05
4.730500507812503586e-05
4.742465253906251698e-05
4.754429999999997100e-05
4.767324414062502306e-05
4.780218828124999379e-05
4.793113242187501874e-05
4.806007656249995560e-05
4.819953242187500418e-05
4.833898828124999177e-05
4.847844414062499292e-05
4.861789999999998729e-05
4.876457656250011123e-05
4.891427968750001364e-05
4.906716328125007565e-05
4.922340000000000038e-05
8.375428874999998538e-04
8.816109999999998097e-04
8.241090000000001695e-04
8.301969999999999662e-04
8.358718593749997310e-04
8.411628906249998643e-04
8.461004843749997655e-04
8.507132343749998884e-04
8.550317148437497523e-04
8.590718046875002152e-04
8.628550976562501026e-04
8.663986562500000828e-04
8.697235195312498154e-04
8.728415703124999848e-04
8.757657773437500532e-04
8.170657343749998958e-04
8.174766914062501014e-04
8.178625234374996538e-04
8.182232617187499462e-04
8.185618124999999908e-04
8.188789394531254158e-04
8.191748398437496536e-04
8.194511464843749890e-04
8.197084921874998962e-04
8.199477949218751931e-04
8.201700351562497132e-04
8.203759472656250214e-04
8.205657968750000022e-04
8.207340937499999975e-04
8.209023906249998843e-04
8.210420117187501197e-04
8.211816328125003551e-04
8.212951796875000033e-04
8.214087265624999768e-04
8.214973632812500514e-04
8.215860000000002345e-04
8.216527031250001447e-04
8.217194062499998380e-04
8.217635156250003648e-04
8.218076249999999158e-04
8.218310996093751907e-04
8.218545742187495983e-04
8.218575371093748277e-04
8.218604999999999487e-04
8.218486250000000192e-04
8.218284999999997701e-04
8.208380000000003833e-04
8.105004999999996509e-04
8.125695000000003523e-04
7.861624999999999256e-04
7.999186250000000446e-04
7.981355000000001174e-04
7.967621328125000513e-04
7.957243906249997266e-04
7.949304062499997934e-04
7.943435000000000426e-04
7.939121953125001388e-04
7.936206874999998358e-04
7.934419999999999971e-04
7.933629999999999459e-04
7.933647968750000843e-04
7.934374999999999805e-04
7.935704687500002479e-04
7.937557499999997601e-04
7.939872499999997731e-04
7.942569999999998191e-04
7.945609999999997267e-04
7.948940000000001994e-04
7.952517500000000046e-04
7.956309999999999858e-04
7.960284999999997935e-04
7.964410000000000543e-04
8.021350000000005863e-04
8.040730000000002008e-04
8.058302500000003032e-04
8.042160000000000671e-04
8.055969999999996935e-04
8.043620000000001975e-04
8.033204999999996824e-04
8.000299999999998602e-04
8.004877499999995052e-04
8.009429999999998157e-04
8.013939999999995442e-04
8.018390000000001541e-04
8.022772500000000884e-04
8.027054999999999737e-04
8.031231562499997973e-04
8.035258124999998183e-04
8.039122070312501589e-04
8.042761718750000540e-04
8.046123281250001664e-04
8.049096250000002412e-04
8.051585078124998867e-04
8.053271406249995967e-04
7.822440234374999609e-04
7.819709218749996190e-04
7.817619101562499123e-04
7.816167968749996404e-04
7.815309492187502661e-04
7.815060000000000626e-04
0.000000000000000000e+00
4.590976367187500162e-05
4.600620546874999178e-05
4.610431914062500318e-05
4.620393281249999076e-05
4.630614648437500437e-05
4.640836015625000443e-05
4.651405976562501414e-05
4.661975937499998320e-05
4.673113398437499688e-05
4.684250859375002412e-05
4.695388320312501070e-05
4.706525781250001084e-05
4.718489335937501585e-05
4.730452890625002764e-05
4.742416445312502588e-05
4.754380000000001734e-05
4.767274453125001362e-05
4.780168906250003023e-05
4.793063359375001296e-05
4.805957812500007023e-05
4.819903359374999840e-05
4.833848906250002821e-05
4.847794453125005125e-05
4.861740000000006073e-05
4.876407812500004968e-05
4.891378437499998026e-05
4.906666406250003077e-05
4.922290000000017547e-05
8.365217749999997315e-04
8.807429999999995870e-04
9.218029999999995767e-04
8.297319999999999088e-04
8.354299999999996364e-04
8.407425937500000212e-04
8.457003124999997378e-04
8.503318437499998413e-04
8.546681484374994307e-04
8.587249218750000026e-04
8.625238515624996825e-04
8.660820624999998650e-04
8.694207578125001234e-04
8.725518281249996198e-04
8.754882109374997846e-04
8.166460937499995989e-04
8.170589765624999834e-04
8.174466093750003227e-04
8.178090546875001502e-04
8.181491250000001540e-04
8.184677539062496258e-04
8.187650546875001323e-04
8.190426679687501594e-04
8.193012343750000204e-04
8.195416523437501098e-04
8.197649453125001057e-04
8.199718320312496299e-04
8.201625937500003774e-04
8.203317187500002621e-04
8.205008437500002551e-04
8.206411796874998974e-04
8.207815156249999734e-04
8.208956406249998594e-04
8.210097656250005043e-04
8.210988828125003261e-04
8.211880000000002563e-04
8.212551562500002532e-04
8.213223124999998164e-04
8.213667812499997204e-04
8.214112500000000580e-04
8.214349804687500357e-04
8.214587109375000133e-04
8.214618554687499845e-04
8.214649999999998472e-04
8.214532500000000688e-04
8.214330000000001023e-04
8.209519999999995762e-04
8.101919999999999435e-04
8.150139999999997560e-04
7.859489999999993287e-04
7.994732499999997405e-04
7.976759999999997672e-04
7.962906406250000501e-04
7.952445312500004432e-04
7.944438124999996095e-04
7.938520000000001643e-04
7.934170156249998121e-04
7.931228750000000275e-04
7.929422499999997992e-04
7.928620000000001890e-04
7.928628437500001786e-04
7.929349999999999290e-04
7.930679374999999960e-04
7.932535000000002275e-04
7.934855000000003026e-04
7.937559999999997369e-04
7.940610000000000940e-04
7.943950000000004740e-04
7.947539999999999466e-04
7.951349999999997656e-04
7.955339999999998680e-04
7.959480000000000981e-04
8.035400000000003738e-04
8.036099999999998496e-04
8.036810000000001002e-04
8.037530000000001496e-04
8.038270000000002306e-04
8.039000000000002958e-04
8.039740000000000514e-04
7.995500000000001087e-04
8.000099999999996537e-04
8.004670000000001272e-04
8.009200000000002125e-04
8.013669999999998780e-04
8.018069999999998670e-04
8.022369999999998070e-04
8.026563125000000598e-04
8.030606250000000765e-04
8.034486015625000180e-04
8.038140937499996513e-04
8.041516562499997824e-04
8.044502499999998252e-04
8.047003906249996759e-04
8.048700312499996144e-04
7.818141718749999428e-04
7.815410937500002391e-04
7.813320078124998125e-04
7.811868437499996758e-04
7.811009609374999947e-04
7.810760000000000142e-04
0.000000000000000000e+00
4.590943457031249867e-05
4.600587382812499558e-05
4.610398339843749965e-05
4.620359296875000023e-05
4.630580253906250651e-05
4.640801210937499924e-05
4.651370683593751153e-05
4.661940156249998993e-05
4.673077128906249263e-05
4.684214101562504277e-05
4.695351074218747094e-05
4.706488046875004818e-05
4.718451035156251145e-05
4.730414023437502893e-05
4.742377011718753286e-05
4.754339999999999613e-05
4.767233242187501370e-05
4.780126484375005159e-05
4.793019726562501494e-05
4.805912968750004606e-05
4.819857226562500541e-05
4.833801484374995798e-05
4.847745742187505285e-05
4.861690000000005286e-05
4.876357968749998813e-05
4.891328906249998754e-05
4.906616484375006721e-05
4.922240000000002529e-05
8.354991624999998567e-04
8.798720000000001843e-04
9.210729999999997921e-04
8.292669999999998515e-04
8.349881718749996339e-04
8.403223593749999283e-04
8.453002343749997692e-04
8.499505781249999453e-04
8.543047382812497858e-04
8.583782265624997996e-04
8.621928242187499062e-04
8.657657187500000578e-04
8.691182773437497412e-04
8.722623984375000661e-04
8.752109882812496603e-04
8.162268281249998635e-04
8.166416679687500853e-04
8.170311328124998940e-04
8.173953164062497823e-04
8.177369374999998372e-04
8.180570996093748572e-04
8.183558320312496644e-04
8.186347832031248004e-04
8.188946015625002493e-04
8.191361660156247894e-04
8.193605429687502448e-04
8.195684355468749443e-04
8.197601406250002495e-04
8.199301249999998986e-04
8.201001093750001983e-04
8.202411914062499899e-04
8.203822734375001069e-04
8.204970078125003227e-04
8.206117421874997795e-04
8.207013710937498740e-04
8.207910000000001854e-04
8.208586249999999356e-04
8.209262499999997941e-04
8.209710937500002597e-04
8.210159374999998578e-04
8.210399394531252889e-04
8.210639414062499610e-04
8.210672832031247741e-04
8.210706250000000209e-04
8.210590156249999516e-04
8.210386562499999343e-04
8.212216718750000970e-04
8.098906874999999223e-04
8.175487031250000362e-04
7.857437187499998268e-04
7.990323593749995698e-04
7.972172499999995643e-04
7.958199140624999711e-04
7.947654531249998813e-04
7.939580156250000903e-04
7.933613124999998583e-04
7.929226640625002421e-04
7.926259062499997751e-04
7.924433593749997994e-04
7.923618750000000800e-04
7.923617812500000209e-04
7.924334062500002678e-04
7.925663281250001262e-04
7.927521874999998762e-04
7.929847031249995714e-04
7.932559687500000123e-04
7.935619843749999432e-04
7.938970000000000055e-04
7.942567500000000591e-04
7.946389999999995454e-04
7.969202500000002005e-04
8.030080000000002372e-04
8.049575000000004123e-04
8.031469999999998237e-04
8.032185000000000279e-04
8.032910000000002479e-04
8.033647499999999183e-04
8.034379999999996351e-04
8.023792500000000681e-04
7.990710000000001562e-04
7.983995000000000458e-04
7.999919999999998040e-04
8.004462499999999902e-04
8.008949999999998189e-04
8.013367499999999709e-04
8.017684999999999656e-04
8.021894687499997803e-04
8.025954375000002262e-04
8.029849960937502024e-04
8.033520156250002243e-04
8.036909843749998322e-04
8.039908750000001681e-04
8.042422734375000073e-04
8.044129218749997406e-04
7.813843203124998162e-04
7.811112656250002086e-04
7.809021054687499295e-04
7.807568906249994943e-04
7.806709726562500486e-04
7.806459999999999658e-04
0.000000000000000000e+00
4.590910546874999571e-05
4.600554218749999938e-05
4.610364765625000967e-05
4.620325312500000292e-05
4.630545859375002899e-05
4.640766406250000084e-05
4.651335390624999536e-05
4.661904374999999666e-05
4.673040859375001549e-05
4.684177343750002754e-05
4.695313828124999893e-05
4.706450312500004487e-05
4.718412734375004771e-05
4.730375156250000312e-05
4.742337578125003307e-05
4.754299999999999526e-05
4.767193281250002481e-05
4.780086562500000016e-05
4.792979843750002971e-05
4.805873125000003894e-05
4.819817343750003373e-05
4.833761562500001497e-05
4.847705781250005719e-05
4.861650000000007231e-05
4.876313124999999784e-05
4.891279375000000837e-05
4.906561562499999173e-05
4.922179999999994266e-05
8.344749999999999954e-04
8.789980000000001924e-04
9.203419999999996664e-04
8.288020000000000109e-04
8.345463749999998317e-04
8.399021875000001278e-04
8.449002499999997513e-04
8.495694374999995498e-04
8.539414843750000586e-04
8.580317187500000400e-04
8.618620156249997980e-04
8.654496250000002274e-04
8.688160781250001867e-04
8.719732812499999142e-04
8.749341093749997888e-04
8.158079374999997139e-04
8.162247656249999733e-04
8.166160937499999939e-04
8.169820468749998182e-04
8.173252500000001246e-04
8.176469765624994838e-04
8.179471718750000930e-04
8.182274921874996710e-04
8.184885937499999323e-04
8.187313359374999910e-04
8.189568281250001304e-04
8.191657578125002056e-04
8.193584375000002688e-04
8.195293125000002081e-04
8.197001874999999306e-04
8.198420468750001805e-04
8.199839062500002135e-04
8.200992812500003089e-04
8.202146562499998622e-04
8.203048281250005383e-04
8.203950000000000218e-04
8.204630624999999754e-04
8.205311250000000374e-04
8.205763124999998883e-04
8.206215000000001729e-04
8.206457421874995559e-04
8.206699843750003484e-04
8.206734921874999115e-04
8.206769999999999083e-04
8.206654999999999983e-04
8.206450000000000550e-04
8.214920000000000555e-04
8.095900000000003311e-04
8.200840000000002208e-04
7.855389999999998121e-04
7.985919999999996615e-04
7.967590000000000739e-04
7.953496562499998623e-04
7.942868124999999564e-04
7.934726250000003573e-04
7.928710000000002223e-04
7.924286562499999491e-04
7.921292500000003340e-04
7.919447500000000853e-04
7.918619999999997310e-04
7.918609375000001819e-04
7.919319999999999658e-04
7.920648749999996321e-04
7.922510000000000012e-04
7.924839999999997667e-04
7.927560000000003632e-04
7.930629999999999928e-04
7.933989999999999706e-04
7.937599999999999083e-04
7.941439999999996661e-04
7.945450000000001253e-04
8.025439999999998703e-04
8.026129999999999810e-04
8.026839999999999063e-04
8.027560000000002810e-04
8.028289999999999125e-04
8.029030000000002103e-04
8.029770000000003996e-04
8.030519999999994121e-04
8.031259999999999268e-04
7.990560000000002452e-04
7.995169999999996975e-04
7.999730000000000469e-04
8.004240000000001007e-04
8.008674374999996898e-04
8.013008749999998804e-04
8.017234374999999405e-04
8.021309999999999812e-04
8.025220781249996996e-04
8.028905624999999264e-04
8.032308750000000195e-04
8.035320000000001394e-04
8.037845937499998915e-04
8.039561874999998862e-04
7.809547812500001757e-04
7.806816874999999382e-04
7.804723906249997310e-04
7.803270625000002228e-04
7.802410468749999611e-04
7.802160000000001342e-04
0.000000000000000000e+00
4.590877636718750630e-05
4.600521054687498962e-05
4.610331191406249259e-05
4.620291328124999884e-05
4.630511464843748370e-05
4.640731601562500920e-05
4.651300097656246564e-05
4.661868593750001695e-05
4.673004589843751124e-05
4.684140585937499198e-05
4.695276582031251338e-05
4.706412578125000767e-05
4.718374433593752976e-05
4.730336289062495020e-05
4.742298144531254683e-05
4.754260000000001471e-05
4.767152070312505877e-05
4.780044140625004184e-05
4.792936210937503170e-05
4.805828281250000799e-05
4.819771210937506107e-05
4.833714140624999217e-05
4.847657070312503169e-05
4.861600000000002378e-05
4.876263281250006504e-05
4.891229843750011052e-05
4.906511640624996041e-05
4.922129999999995512e-05
8.334414999999999315e-04
8.781199999999998122e-04
9.196069999999995862e-04
8.283364999999999999e-04
8.341041250000000512e-04
8.394816093749998907e-04
8.444999062499997057e-04
8.491879843749998609e-04
8.535779648437499291e-04
8.576849921874996367e-04
8.615310351562493465e-04
8.651334062500000291e-04
8.685138007812500229e-04
8.716841328125002125e-04
8.746572460937501259e-04
8.153891093749997482e-04
8.158079726562501291e-04
8.162012109374999031e-04
8.165689804687501809e-04
8.169138124999999551e-04
8.172371503906255804e-04
8.175388554687502323e-04
8.178205917968752034e-04
8.180830234375001441e-04
8.183269902343750461e-04
8.185536445312501701e-04
8.187636582031249458e-04
8.189573593749999592e-04
8.191291718749998388e-04
8.193009843750003688e-04
8.194436679687500764e-04
8.195863515625001093e-04
8.197024140625001681e-04
8.198184765625001185e-04
8.199092382812500504e-04
8.200000000000003076e-04
8.200684374999998470e-04
8.201368749999999284e-04
8.201823437500001734e-04
8.202278124999999847e-04
8.202522324218750873e-04
8.202766523437502984e-04
8.202802636718750781e-04
8.202838749999997493e-04
8.202727343749997586e-04
8.202523437500001914e-04
8.221488281250000823e-04
8.092968125000000448e-04
8.134377968749998767e-04
7.853437812499998926e-04
7.981497656249993307e-04
7.963017499999998404e-04
7.948802421874998515e-04
7.938088593749998865e-04
7.929877656250000195e-04
7.923810625000002805e-04
7.919348671875000830e-04
7.916326562500005347e-04
7.914460468749997700e-04
7.913618749999999473e-04
7.913598749999998074e-04
7.914304062499998710e-04
7.915632656249998707e-04
7.917496875000004089e-04
7.919832031249995777e-04
7.922559687500005301e-04
7.925637343749999736e-04
7.929009999999999357e-04
7.932637500000004702e-04
7.936490000000001122e-04
7.980487499999995918e-04
8.020820000000004023e-04
8.021512500000004897e-04
8.022224999999996329e-04
8.022949999999999613e-04
8.023679999999999181e-04
8.024423125000001598e-04
8.025166250000004015e-04
8.025915625000002059e-04
8.026657499999998628e-04
7.985790624999998576e-04
7.990413750000003538e-04
7.994991875000001828e-04
7.999520000000002583e-04
8.003972499999995440e-04
8.008325000000000816e-04
8.012567812500002128e-04
8.016660625000001077e-04
8.020587851562502616e-04
8.024288593750001936e-04
8.027706406250000558e-04
8.030731249999997854e-04
8.033270390625002521e-04
8.034997031249997918e-04
7.805256171874994705e-04
7.802526093750001635e-04
7.800433007812497457e-04
7.798979843750000144e-04
7.798119960937499552e-04
7.797869999999999932e-04
0.000000000000000000e+00
4.590844726562498301e-05
4.600487890625000020e-05
4.610297617187499584e-05
4.620257343749998799e-05
4.630477070312501294e-05
4.640696796875001080e-05
4.651264804687503079e-05
4.661832812500000335e-05
4.672968320312498666e-05
4.684103828125000385e-05
4.695239335937501427e-05
4.706374843749999080e-05
4.718336132812502536e-05
4.730297421874999893e-05
4.742258710937503349e-05
4.754220000000001383e-05
4.767110859374999108e-05
4.780001718749998866e-05
4.792892578124998624e-05
4.805783437500003126e-05
4.819725078125000031e-05
4.833666718750006424e-05
4.847608359375004685e-05
4.861550000000005656e-05
4.876213437499995606e-05
4.891180312500005003e-05
4.906461718750008494e-05
4.922080000000004889e-05
8.324079999999998676e-04
8.772420000000000825e-04
9.188719999999991807e-04
8.278709999999999888e-04
8.336618749999995118e-04
8.390610312500000872e-04
8.440995624999998769e-04
8.488065312499998467e-04
8.532144453124996912e-04
8.573382656249997754e-04
8.612000546874996540e-04
8.648171874999998308e-04
8.682115234375002927e-04
8.713949843749999686e-04
8.743803828125000293e-04
8.149702812499995657e-04
8.153911796875002848e-04
8.157863281250002461e-04
8.161559140624998930e-04
8.165023749999997856e-04
8.168273242187500506e-04
8.171305390625000463e-04
8.174136914062503020e-04
8.176774531250000306e-04
8.179226445312503179e-04
8.181504609374997761e-04
8.183615585937503364e-04
8.185562812499996496e-04
8.187290312500000115e-04
8.189017812500001565e-04
8.190452890625000808e-04
8.191887968750003303e-04
8.193055468750000273e-04
8.194222968750002663e-04
8.195136484374998878e-04
8.196049999999999430e-04
8.196738437500000274e-04
8.197426875000004371e-04
8.197884687499996503e-04
8.198342500000002728e-04
8.198588789062502113e-04
8.198835078125000413e-04
8.198872539062499127e-04
8.198910000000000009e-04
8.198802500000004550e-04
8.198599999999999464e-04
8.228060000000002533e-04
8.090039999999999948e-04
8.067919999999999692e-04
7.851489999999999598e-04
7.977079999999997289e-04
7.958449999999996690e-04
7.944113593750002115e-04
7.933314687500004963e-04
7.925035000000000196e-04
7.918917499999999013e-04
7.914417343750000883e-04
7.911367500000000483e-04
7.909480624999999437e-04
7.908625000000003109e-04
7.908595937499998891e-04
7.909296250000002158e-04
7.910624999999999905e-04
7.912492500000001391e-04
7.914833124999997790e-04
7.917568749999998783e-04
7.920654374999998781e-04
7.924040000000002418e-04
7.927679999999999016e-04
7.931539999999999077e-04
8.015519999999998636e-04
8.016190000000003764e-04
8.016885000000000070e-04
8.017599999999999944e-04
8.018329999999995175e-04
8.019059999999999079e-04
8.019810000000004383e-04
8.020559999999999929e-04
8.021312500000000664e-04
8.022059999999999694e-04
7.981030000000000936e-04
7.985670000000003521e-04
7.990270000000001139e-04
7.994820000000002307e-04
7.999289375000002544e-04
8.003658750000006627e-04
8.007917500000000634e-04
8.012026250000000953e-04
8.015968671875003167e-04
8.019684062499998030e-04
8.023115312500001504e-04
8.026152499999998809e-04
8.028703593749999352e-04
8.030439687500002784e-04
7.800970781249996289e-04
7.798240312500001256e-04
7.796145859374996713e-04
7.794691562499996744e-04
7.793830703124996666e-04
7.793579999999999605e-04
0.000000000000000000e+00
4.590810253906250183e-05
4.600451601562500689e-05
4.610259355468751021e-05
4.620217109374999648e-05
4.630434863281251555e-05
4.640652617187501430e-05
4.651218574218749766e-05
4.661784531250000812e-05
4.672917988281252933e-05
4.684051445312498277e-05
4.695184902343748365e-05
4.706318359375003197e-05
4.718277519531249235e-05
4.730236679687499339e-05
4.742195839843754186e-05
4.754155000000004290e-05
4.767043710937496370e-05
4.779932421874999969e-05
4.792821132812496792e-05
4.805709843750001747e-05
4.819649257812501451e-05
4.833588671874995734e-05
4.847528085937498826e-05
4.861467500000001918e-05
4.876128281250003159e-05
4.891092656250005605e-05
4.906370859374998856e-05
4.921986249999997314e-05
8.313715468749999487e-04
8.763585312499998703e-04
9.181320156249997725e-04
8.274054999999998694e-04
8.332196249999997313e-04
8.386404531249997416e-04
8.436992187499996144e-04
8.484250781249997242e-04
8.528509257812494533e-04
8.569915390624999142e-04
8.608690742187497446e-04
8.645009687499996326e-04
8.679092460937493699e-04
8.711058359375000500e-04
8.741035195312496075e-04
8.145514531249999253e-04
8.149743867187500069e-04
8.153714453124999385e-04
8.157428476562499304e-04
8.160909375000000498e-04
8.164174980468748462e-04
8.167222226562500772e-04
8.170067910156251839e-04
8.172718828125000255e-04
8.175182988281250477e-04
8.177472773437495989e-04
8.179594589843745345e-04
8.181552031249996653e-04
8.183288906250001842e-04
8.185025781250001610e-04
8.186469101562500851e-04
8.187912421875000093e-04
8.189086796875001033e-04
8.190261171875000889e-04
8.191180585937503757e-04
8.192100000000001204e-04
8.192793281250001667e-04
8.193486562500002131e-04
8.193948281250001964e-04
8.194410000000002881e-04
8.194659160156251296e-04
8.194908320312497543e-04
8.194947910156245678e-04
8.194987499999997066e-04
8.194884062499999469e-04
8.194683124999996814e-04
8.209263437500001785e-04
8.087193750000002974e-04
8.068504062500004518e-04
7.849629374999998830e-04
7.972709687499999120e-04
7.953890000000001870e-04
7.939431796875000931e-04
7.928547343749996765e-04
7.920198437500000242e-04
7.914030000000004186e-04
7.909491171875003643e-04
7.906413124999999657e-04
7.904504999999998954e-04
7.903634999999998266e-04
7.903596406250001233e-04
7.904291250000000874e-04
7.905619687500000953e-04
7.907490000000003127e-04
7.909835625000003400e-04
7.912578750000000445e-04
7.915671875000006253e-04
7.919070000000001143e-04
7.901722500000003119e-04
7.926589999999999201e-04
7.989900000000000734e-04
8.011570000000000410e-04
8.012268750000002332e-04
8.012987500000001316e-04
8.013718750000001310e-04
8.014460000000001461e-04
8.015209375000001673e-04
8.015958750000006221e-04
8.016714375000000975e-04
8.017467499999995960e-04
7.997331874999998556e-04
7.980931250000000872e-04
7.985545624999997429e-04
7.990110000000002956e-04
7.994597500000000159e-04
7.998985000000003375e-04
8.003260937499999178e-04
8.007386874999999123e-04
8.011345742187502440e-04
8.015077031250001944e-04
8.018522968750004193e-04
8.021573749999997595e-04
8.024138046874997694e-04
8.025884843749996576e-04
7.796689140625002404e-04
7.793959531249999330e-04
7.791864960937500270e-04
7.790410781249995902e-04
7.789550195312504354e-04
7.789300000000000520e-04
0.000000000000000000e+00
4.590778906250001775e-05
4.600421562500000780e-05
4.610230468749998878e-05
4.620189375000001371e-05
4.630408281250001723e-05
4.640627187500001398e-05
4.651194218749997813e-05
4.661761250000003715e-05
4.672895781250001882e-05
4.684030312500002760e-05
4.695164843749999572e-05
4.706299375000002483e-05
4.718259531250005044e-05
4.730219687500001506e-05
4.742179843750006778e-05
4.754140000000005951e-05
4.767029687500002260e-05
4.779919375000002635e-05
4.792809062500001655e-05
4.805698750000004062e-05
4.819639062499998821e-05
4.833579375000004422e-05
4.847519687500002569e-05
4.861459999999998683e-05
4.876121250000005504e-05
4.891086250000006809e-05
4.906364375000001049e-05
4.921980000000006025e-05
8.303359999999998780e-04
8.754760000000002488e-04
9.173929999999998544e-04
8.269409999999998741e-04
8.327784062499997333e-04
8.382209374999999209e-04
8.432999687499999689e-04
8.480447500000000936e-04
8.524885624999999079e-04
8.566459999999998616e-04
8.605393124999996275e-04
8.641860000000001858e-04
8.676082499999998327e-04
8.708179999999999827e-04
8.738279999999999962e-04
8.141339999999997780e-04
8.145589999999999645e-04
8.149580000000000669e-04
8.153312499999997368e-04
8.156809999999999582e-04
8.160092031249999199e-04
8.163154687500001529e-04
8.166014843750000942e-04
8.168679374999998155e-04
8.171156093750003152e-04
8.173457812499998346e-04
8.175590781250002131e-04
8.177558750000000608e-04
8.179305312499997446e-04
8.181051874999998620e-04
8.182503750000003117e-04
8.183955625000000024e-04
8.185137187500002602e-04
8.186318750000000843e-04
8.187244374999999358e-04
8.188169999999998956e-04
8.188867500000000452e-04
8.189565000000001947e-04
8.190030000000003306e-04
8.190495000000000327e-04
8.190746406250003523e-04
8.190997812500002383e-04
8.191038906249998100e-04
8.191079999999998154e-04
8.190980000000003085e-04
8.190780000000002104e-04
8.190480000000001717e-04
8.084359999999999420e-04
8.069099999999998756e-04
7.847779999999998646e-04
7.968349999999998611e-04
7.949339999999999618e-04
7.934759375000001317e-04
7.923788750000000224e-04
7.915370000000002517e-04
7.909150000000001075e-04
7.904571875000004954e-04
7.901465000000002046e-04
7.899534999999998763e-04
7.898650000000000549e-04
7.898601249999996935e-04
7.899289999999999784e-04
7.900617499999999273e-04
7.902490000000002464e-04
7.904840000000003686e-04
7.907589999999999281e-04
7.910689999999999302e-04
7.914099999999999868e-04
7.917759999999996780e-04
8.005630000000000124e-04
8.006279999999995180e-04
8.006960000000000466e-04
8.007659999999998477e-04
8.008380000000003308e-04
8.009109999999997455e-04
8.009860000000000591e-04
8.010609999999996136e-04
8.011359999999998188e-04
8.012120000000001480e-04
8.012880000000002605e-04
8.013639999999997224e-04
7.976199999999997528e-04
7.980829999999996703e-04
7.985410000000000511e-04
7.989915000000000428e-04
7.994320000000003108e-04
7.998612500000001034e-04
8.002755000000000936e-04
8.006729687500000262e-04
8.010476250000000400e-04
8.013936250000003921e-04
8.017000000000002423e-04
8.019576875000002407e-04
8.021333750000002490e-04
7.792410625000000370e-04
7.789681250000000425e-04
7.787585937499998502e-04
7.786131250000000907e-04
7.785270312500001955e-04
7.785020000000000351e-04
0.000000000000000000e+00
4.590744824218748708e-05
4.600386054687500360e-05
4.610193378906249698e-05
4.620150703125002075e-05
4.630368027343750956e-05
4.640585351562499160e-05
4.651150722656250514e-05
4.661716093750002546e-05
4.672848964843748877e-05
4.683981835937504017e-05
4.695114707031251025e-05
4.706247578125000066e-05
4.718205996093753813e-05
4.730164414062505528e-05
4.742122832031255887e-05
4.754081250000008279e-05
4.766968867187506084e-05
4.779856484374999824e-05
4.792744101562503728e-05
4.805631718750002211e-05
4.819569882812500811e-05
4.833508046875001444e-05
4.847446210937502077e-05
4.861384375000010164e-05
4.876043984375008633e-05
4.891007500000005027e-05
4.906283437500008008e-05
4.921897187499995403e-05
8.292881601562497726e-04
8.745841484375002205e-04
9.166463867187494901e-04
8.264758749999998825e-04
8.323369687499996335e-04
8.378016093750001100e-04
8.429013124999999024e-04
8.476654218749997199e-04
8.521276054687498391e-04
8.563022734375001560e-04
8.602117695312499687e-04
8.638736562500000079e-04
8.673100664062502246e-04
8.705331640625000710e-04
8.735558554687495843e-04
8.137181718749993175e-04
8.141452382812502594e-04
8.145460546875000563e-04
8.149210898437497623e-04
8.152724375000001186e-04
8.156021972656250741e-04
8.159099179687503544e-04
8.161972949218750670e-04
8.164650234375001470e-04
8.167138652343749767e-04
8.169451445312498348e-04
8.171594707031250510e-04
8.173572343750002030e-04
8.175327734374999641e-04
8.177083125000005927e-04
8.178542695312500952e-04
8.180002265625001398e-04
8.181190156249999561e-04
8.182378046875003145e-04
8.183309023437502095e-04
8.184240000000003214e-04
8.184942187500002242e-04
8.185644374999999102e-04
8.186113125000002823e-04
8.186581875000001124e-04
8.186835996093750180e-04
8.187090117187499237e-04
8.187133183593749879e-04
8.187176249999998353e-04
8.187076718749998700e-04
8.186875937499994878e-04
8.186578281249996510e-04
8.081650624999999789e-04
8.069960468750000124e-04
7.846067812499991304e-04
7.963982656249998879e-04
7.944797499999998840e-04
7.930092109375000073e-04
7.919032968750000035e-04
7.910542031249996955e-04
7.904268125000001120e-04
7.899650234374998824e-04
7.896514062499996158e-04
7.894561718749997046e-04
7.893661249999997217e-04
7.893604687499997715e-04
7.894289687499997116e-04
7.895616093749998265e-04
7.897490625000003640e-04
7.899844218749997550e-04
7.902600312500001863e-04
7.905710156249998871e-04
7.909129999999998592e-04
7.912805625000003543e-04
8.001011249999995028e-04
8.001664374999999281e-04
8.002347499999999669e-04
8.003051875000002967e-04
8.003774999999999648e-04
8.004507500000002237e-04
8.005260000000000804e-04
8.006011250000001113e-04
8.006765000000003359e-04
8.007528125000002838e-04
8.008289999999996470e-04
7.999432499999998766e-04
7.971469999999998947e-04
7.966497500000000072e-04
7.980720000000001476e-04
7.985242343750003106e-04
7.989664687499998825e-04
7.993973593750004379e-04
7.998132500000004318e-04
8.002122851562501905e-04
8.005884531250003844e-04
8.009358437500003298e-04
8.012435000000001561e-04
8.015023359375002005e-04
8.016789218749997359e-04
7.788137578124999794e-04
7.785407343749999216e-04
7.783310195312502597e-04
7.781853906249997172e-04
7.780991523437505485e-04
7.780740000000000182e-04
0.000000000000000000e+00
4.590710742187501062e-05
4.600350546875003329e-05
4.610156289062500518e-05
4.620112031250000746e-05
4.630327773437499511e-05
4.640543515625002342e-05
4.651107226562501860e-05
4.661670937500002733e-05
4.672802148437501293e-05
4.683933359375000530e-05
4.695064570312503156e-05
4.706195781250003748e-05
4.718152460937503938e-05
4.730109140625004128e-05
4.742065820312500252e-05
4.754022500000001797e-05
4.766908046874997711e-05
4.779793593750005821e-05
4.792679140625001057e-05
4.805564687500004425e-05
4.819500703125002800e-05
4.833436718749997788e-05
4.847372734375001585e-05
4.861308750000008092e-05
4.875966718749999564e-05
4.890928750000007310e-05
4.906202499999994638e-05
4.921814374999998335e-05
8.282403203125002092e-04
8.736922968749998670e-04
9.158997734375001016e-04
8.260107500000001077e-04
8.318955312499997506e-04
8.373822812500000823e-04
8.425026562500000527e-04
8.472860937499997799e-04
8.517666484374997703e-04
8.559585468749996914e-04
8.598842265624998763e-04
8.635613124999998299e-04
8.670118828124999660e-04
8.702483281249998341e-04
8.732837109374996061e-04
8.133023437499999411e-04
8.137314765625002291e-04
8.141341093749998288e-04
8.145109296875002215e-04
8.148638750000001705e-04
8.151951914062497946e-04
8.155043671875002306e-04
8.157931054687501482e-04
8.160621093750000448e-04
8.163121210937502887e-04
8.165445078124995096e-04
8.167598632812499973e-04
8.169585937500000198e-04
8.171350156250001837e-04
8.173114375000002391e-04
8.174581640625002039e-04
8.176048906249998435e-04
8.177243125000003025e-04
8.178437343750002194e-04
8.179373671875000496e-04
8.180310000000000966e-04
8.181017187500000615e-04
8.181724375000001348e-04
8.182197187500002931e-04
8.182669999999998009e-04
8.182927148437499267e-04
8.183184296875000525e-04
8.183229648437500506e-04
8.183275000000001572e-04
8.183176249999999340e-04
8.182974999999997933e-04
8.182680000000001419e-04
8.078945000000001438e-04
8.070825000000001522e-04
7.844359999999997923e-04
7.959619999999993428e-04
7.940259999999998682e-04
7.925430156250000370e-04
7.914282812500003390e-04
7.905719999999998027e-04
7.899392500000001127e-04
7.894735156250000082e-04
7.891570000000000746e-04
7.889595624999998051e-04
7.888680000000000778e-04
7.888615937500001972e-04
7.889297499999998846e-04
7.890623124999997153e-04
7.892499999999999126e-04
7.894857500000000737e-04
7.897620000000004931e-04
7.900739999999999846e-04
7.904169999999997474e-04
7.907859999999999195e-04
7.996400000000001163e-04
7.997054999999999008e-04
7.997739999999998409e-04
7.998447499999997894e-04
7.999172500000002262e-04
7.999906249999995519e-04
8.000659999999999933e-04
8.001414999999998268e-04
8.002174999999997224e-04
8.002943749999993743e-04
8.003710000000000251e-04
8.004480000000000449e-04
8.005239999999999405e-04
7.971410000000001255e-04
7.976020000000000115e-04
7.980560937500002800e-04
7.985001875000000658e-04
7.989328437500002340e-04
7.993504999999997323e-04
7.997512265624999016e-04
8.001290312499999930e-04
8.004779375000000080e-04
8.007870000000000699e-04
8.010471093749997693e-04
8.012247187500001755e-04
7.783868281249998328e-04
7.781138437499997545e-04
7.779040703124999066e-04
7.777584062500001415e-04
7.776721484375001157e-04
7.776470000000001255e-04
0.000000000000000000e+00
4.590679785156249061e-05
4.600321289062500975e-05
4.610128574218751147e-05
4.620085859374999614e-05
4.630303144531247974e-05
4.640520429687499722e-05
4.651085605468748468e-05
4.661650781249999248e-05
4.672783457031253135e-05
4.683916132812500924e-05
4.695048808593754811e-05
4.706181484375002600e-05
4.718139550781253009e-05
4.730097617187507483e-05
4.742055683593757892e-05
4.754013749999997458e-05
4.766900351562504065e-05
4.779786953125004573e-05
4.792673554687503049e-05
4.805560156250002202e-05
4.819497148437500741e-05
4.833434140624998603e-05
4.847371132812501886e-05
4.861308125000004491e-05
4.875967578125005617e-05
4.890931250000005452e-05
4.906205937499999876e-05
4.921819062500009420e-05
8.271933867187500605e-04
8.728013828124997790e-04
9.151541289062502032e-04
8.255466250000001319e-04
8.314551249999996502e-04
8.369640156249999290e-04
8.421050937499997358e-04
8.469078906250001150e-04
8.514068476562498518e-04
8.556160078124997945e-04
8.595579023437494677e-04
8.632502187500001867e-04
8.667149804687497919e-04
8.699648046874999905e-04
8.730129101562498963e-04
8.128878906250000579e-04
8.133191210937497839e-04
8.137236015624996037e-04
8.141022382812501245e-04
8.144568124999997582e-04
8.147897167968747934e-04
8.151003789062500433e-04
8.153905097656247158e-04
8.156608203125000631e-04
8.159120332031251626e-04
8.161455585937501395e-04
8.163619746093751231e-04
8.165617031250003250e-04
8.167390390625000078e-04
8.169163750000001242e-04
8.170639023437503180e-04
8.172114296875005119e-04
8.173315156250004045e-04
8.174516015625001887e-04
8.175458007812500460e-04
8.176400000000003370e-04
8.177111875000000552e-04
8.177823750000002070e-04
8.178300312500006016e-04
8.178776875000000205e-04
8.179036738281252744e-04
8.179296601562502031e-04
8.179343925781248264e-04
8.179391250000002085e-04
8.179292968750000691e-04
8.179090937499998611e-04
8.178798281249997611e-04
8.076255625000001038e-04
8.071705468749997784e-04
7.842667812499999570e-04
7.955272656249994011e-04
7.935737499999998218e-04
7.920782265625000854e-04
7.909545781249998752e-04
7.900910156249997020e-04
7.894528125000001718e-04
7.889830390625001333e-04
7.886635312499999315e-04
7.884637968750001120e-04
7.883706250000001477e-04
7.883633125000003104e-04
7.884309687500001525e-04
7.885632968750004319e-04
7.887510625000002627e-04
7.889874218749998863e-04
7.892645312500000702e-04
7.895775156249998025e-04
7.899209999999998524e-04
7.947204375000002652e-04
7.991793750000001414e-04
7.992450624999999356e-04
7.993137500000002107e-04
7.993849374999998205e-04
7.994577499999997675e-04
7.995313750000000459e-04
7.996070000000003557e-04
7.996828749999998834e-04
7.997594999999999921e-04
7.998369374999995647e-04
7.999139999999996600e-04
7.999909999999996798e-04
8.000669999999999006e-04
7.966707499999997957e-04
7.971339999999999069e-04
7.975898281250000214e-04
7.980356562500005206e-04
7.984699531250002589e-04
7.988892500000000863e-04
7.992915429687502986e-04
7.996708593750001363e-04
8.000211562500000699e-04
8.003315000000002163e-04
8.005927578125001786e-04
8.007712656249997866e-04
7.779605234375000077e-04
7.776874531249997578e-04
7.774774960937498982e-04
7.773316718750002173e-04
7.772452695312501592e-04
7.772199999999997990e-04
0.000000000000000000e+00
4.590647265625001270e-05
4.600288906250002299e-05
4.610096171875002210e-05
4.620053437500001772e-05
4.630270703124998515e-05
4.640487968749998647e-05
4.651053046875001511e-05
4.661618125000003697e-05
4.672750703125001537e-05
4.683883281250002766e-05
4.695015859375004672e-05
4.706148437499997768e-05
4.718106328125000573e-05
4.730064218750003378e-05
4.742022109375005506e-05
4.753980000000002212e-05
4.766866093750002717e-05
4.779752187499997800e-05
4.792638281250001693e-05
4.805524375000000842e-05
4.819460781250003756e-05
4.833397187499995150e-05
4.847333593749998741e-05
4.861270000000007075e-05
4.875929375000001738e-05
4.890893125000001938e-05
4.906167187499997504e-05
4.921779999999997455e-05
8.261459999999999334e-04
8.719100000000002629e-04
9.144079999999998008e-04
8.250819999999999856e-04
8.310142031249999296e-04
8.365452187500000553e-04
8.417069843749998151e-04
8.465291249999999873e-04
8.510464687500000208e-04
8.552728749999998848e-04
8.592309687500001387e-04
8.629385000000001135e-04
8.664174375000002802e-04
8.696806250000002755e-04
8.727414374999997813e-04
8.124727499999996692e-04
8.129060625000002508e-04
8.133123749999999737e-04
8.136928124999997635e-04
8.140490000000001744e-04
8.143834765624995446e-04
8.146956093750001588e-04
8.149871171875000282e-04
8.152587187500001838e-04
8.155111171875001471e-04
8.157457656250000208e-04
8.159632265625003759e-04
8.161639375000000066e-04
8.163421718749997585e-04
8.165204062499999442e-04
8.166687187499999416e-04
8.168170312500000474e-04
8.169377656249999240e-04
8.170585000000001258e-04
8.171532500000001269e-04
8.172480000000002364e-04
8.173196875000001251e-04
8.173913749999999053e-04
8.174394375000001945e-04
8.174875000000002669e-04
8.175137890625000904e-04
8.175400781249999140e-04
8.175450390625001217e-04
8.175499999999997873e-04
8.175402499999999319e-04
8.175199999999999655e-04
8.174909999999998341e-04
8.073559999999999591e-04
8.072580000000001508e-04
7.840969999999999841e-04
7.950919999999998475e-04
7.931210000000001471e-04
7.916129687499998385e-04
7.904804375000000754e-04
7.896096250000003572e-04
7.889660000000001030e-04
7.884922187500001140e-04
7.881697500000002781e-04
7.879677500000001333e-04
7.878730000000000238e-04
7.878648125000001050e-04
7.879319999999998686e-04
7.880641249999998212e-04
7.882520000000001366e-04
7.884890000000003988e-04
7.887669999999998970e-04
7.890809999999996369e-04
7.894249999999998491e-04
7.986549999999998945e-04
7.987190000000000348e-04
7.987850000000004235e-04
7.988540000000001005e-04
7.989257499999999563e-04
7.989989999999997814e-04
7.990730000000000792e-04
7.991490000000000832e-04
7.992249999999996536e-04
7.993019999999996733e-04
7.993797499999998404e-04
7.994569999999999454e-04
7.995340000000001821e-04
7.996099999999998608e-04
7.961999999999999460e-04
7.966650000000000034e-04
7.971226874999996813e-04
7.975703750000002860e-04
7.980064375000000708e-04
7.984274999999997277e-04
7.988314843749994834e-04
7.992124375000000860e-04
7.995642500000004144e-04
7.998759999999999291e-04
8.001385312500003053e-04
8.003180624999999167e-04
7.775345937499998769e-04
7.772615625000003654e-04
7.770515468749997776e-04
7.769056875000000069e-04
7.768192656249998506e-04
7.767940000000000305e-04
0.000000000000000000e+00
4.590613027343750860e-05
4.600253085937500418e-05
4.610058613281249482e-05
4.620014140625002940e-05
4.630229667968750870e-05
4.640445195312500832e-05
4.651008457031252484e-05
4.661571718749999392e-05
4.672702480468750086e-05
4.683833242187499424e-05
4.694964003906250795e-05
4.706094765625003522e-05
4.718050761718756782e-05
4.730006757812505299e-05
4.741962753906255848e-05
4.753918750000001654e-05
4.766803085937506472e-05
4.779687421875002481e-05
4.792571757812497812e-05
4.805456093750006018e-05
4.819390664062496617e-05
4.833325234375000090e-05
4.847259804687504241e-05
4.861194374999997550e-05
4.875852109375008932e-05
4.890814375000013031e-05
4.906086249999990910e-05
4.921697187499982768e-05
8.250851601562500569e-04
8.710068984375000847e-04
9.136516367187500149e-04
8.246168750000001024e-04
8.305728593749996721e-04
8.361260781249996036e-04
8.413086093749996006e-04
8.461501718749997415e-04
8.506859804687500306e-04
8.549297109374999915e-04
8.589040820312500261e-04
8.626269062499999744e-04
8.661200976562499028e-04
8.693967265624997619e-04
8.724703242187498023e-04
8.120580468750002428e-04
8.124935195312499043e-04
8.129017421875002480e-04
8.132840585937495910e-04
8.136419374999997621e-04
8.139780644531250525e-04
8.142917460937501226e-04
8.145847089843749307e-04
8.148576796875002873e-04
8.151113417968749650e-04
8.153471914062501279e-04
8.155657753906248378e-04
8.157675468749997234e-04
8.159467578124999371e-04
8.161259687500003676e-04
8.162751445312503443e-04
8.164243203125002126e-04
8.165457812500001404e-04
8.166672421875001767e-04
8.167626210937501720e-04
8.168580000000001673e-04
8.169301406250002512e-04
8.170022812500000097e-04
8.170507031250001098e-04
8.170991250000002098e-04
8.171256699218757118e-04
8.171522148437507802e-04
8.171573574218751876e-04
8.171625000000005707e-04
8.171529374999999661e-04
8.171327500000000752e-04
8.171037499999999438e-04
8.071074999999997869e-04
8.073845000000002452e-04
7.839470000000000076e-04
7.946595000000002476e-04
7.926699999999999849e-04
7.911491015624997269e-04
7.900073281249998412e-04
7.891289062499998999e-04
7.884794999999998697e-04
7.880017890624997808e-04
7.876764375000000528e-04
7.874722500000000836e-04
7.873760000000002215e-04
7.873669843750006302e-04
7.874337500000001822e-04
7.875658437500000428e-04
7.877540000000002101e-04
7.879910000000000386e-04
7.882689999999994285e-04
7.885842500000000282e-04
7.889299999999999698e-04
7.981950000000000243e-04
7.982589999999997309e-04
7.983254999999998564e-04
7.983950000000005712e-04
7.984670624999999373e-04
7.985404999999996638e-04
7.986148749999998726e-04
7.986910000000002445e-04
7.987675624999999524e-04
7.988448750000000246e-04
7.989229999999998858e-04
7.990005000000001845e-04
7.990774999999994454e-04
7.991540000000001620e-04
7.957304999999998719e-04
7.961970000000002240e-04
7.966565468750002243e-04
7.971060937500000672e-04
7.975439218750004404e-04
7.979667500000001438e-04
7.983724257812503102e-04
7.987550156250003766e-04
7.991083437500002325e-04
7.994215000000001996e-04
7.996851796875005134e-04
7.998656093750001941e-04
7.771092890625001760e-04
7.768361718749999508e-04
7.766259726562502186e-04
7.764799531249998816e-04
7.763933867187504520e-04
7.763679999999999366e-04
0.000000000000000000e+00
4.590578789062500450e-05
4.600217265625001248e-05
4.610021054687500142e-05
4.619974843750000720e-05
4.630188632812501869e-05
4.640402421875000985e-05
4.650963867187503457e-05
4.661525312500003218e-05
4.672654257812500667e-05
4.683783203124999470e-05
4.694912148437503017e-05
4.706041093750003854e-05
4.717995195312502148e-05
4.729949296875004508e-05
4.741903398437500092e-05
4.753857500000001097e-05
4.766740078124995320e-05
4.779622656250004451e-05
4.792505234374999353e-05
4.805387812500005773e-05
4.819320546874999642e-05
4.833253281250002320e-05
4.847186015624998899e-05
4.861118750000000221e-05
4.875774843749999864e-05
4.890735625000009216e-05
4.906005312500012099e-05
4.921614374999990442e-05
8.240243203125003973e-04
8.701037968749999064e-04
9.128952734375001205e-04
8.241517500000000024e-04
8.301315156249997398e-04
8.357069375000001276e-04
8.409102343749997113e-04
8.457712187499996041e-04
8.503254921874997150e-04
8.545865468749999899e-04
8.585771953125001304e-04
8.623153125000000523e-04
8.658227578124999589e-04
8.691128281250002242e-04
8.721992109374998234e-04
8.116433437499999490e-04
8.120809765625002083e-04
8.124911093749998718e-04
8.128753046875000689e-04
8.132348750000000003e-04
8.135726523437499099e-04
8.138878828125001947e-04
8.141823007812499418e-04
8.144566406250003908e-04
8.147115664062499997e-04
8.149486171875000183e-04
8.151683242187499501e-04
8.153711562499998738e-04
8.155513437500002240e-04
8.157315312500001405e-04
8.158815703125000965e-04
8.160316093750000525e-04
8.161537968750002484e-04
8.162759843750000107e-04
8.163719921874998918e-04
8.164680000000002066e-04
8.165405937500000520e-04
8.166131875000000057e-04
8.166619687500002419e-04
8.167107500000001527e-04
8.167375507812500322e-04
8.167643515624999117e-04
8.167696757812503618e-04
8.167749999999998362e-04
8.167656250000005424e-04
8.167454999999998596e-04
8.167165000000002704e-04
8.068590000000000484e-04
8.075110000000001228e-04
7.837969999999999226e-04
7.942269999999997804e-04
7.922190000000002563e-04
7.906852343750005912e-04
7.895342187500002575e-04
7.886481874999996594e-04
7.879929999999998533e-04
7.875113593750004233e-04
7.871831249999998274e-04
7.869767500000002507e-04
7.868789999999996603e-04
7.868689062499999859e-04
7.869349999999997831e-04
7.870668124999999002e-04
7.872549999999997258e-04
7.874930000000000038e-04
7.877719999999998430e-04
7.880879999999999396e-04
7.884350000000000906e-04
7.977349999999999372e-04
7.977989999999999691e-04
7.978659999999998314e-04
7.979360000000000662e-04
7.980083750000000267e-04
7.980819999999999798e-04
7.981567500000002081e-04
7.982329999999999721e-04
7.983101250000005766e-04
7.983877499999995084e-04
7.984662499999997144e-04
7.985440000000000984e-04
7.986209999999997929e-04
7.986980000000000295e-04
7.952610000000002316e-04
7.957290000000000110e-04
7.961904062499998999e-04
7.966418124999998483e-04
7.970814062500001596e-04
7.975060000000000178e-04
7.979133671875001613e-04
7.982975937500000167e-04
7.986524375000005928e-04
7.989670000000000365e-04
7.992318281250005048e-04
7.994131562499998209e-04
7.766839843750000414e-04
7.764107812500000783e-04
7.762003984375001175e-04
7.760542187499996480e-04
7.759675078125004028e-04
7.759419999999999512e-04
0.000000000000000000e+00
4.590546113281250573e-05
4.600184570312501787e-05
4.609988183593750368e-05
4.619941796875000632e-05
4.630155410156249434e-05
4.640369023437500268e-05
4.650930214843748673e-05
4.661491406250002498e-05
4.672620097656249267e-05
4.683748789062501457e-05
4.694877480468752292e-05
4.706006171875003804e-05
4.717959941406252408e-05
4.729913710937503723e-05
4.741867480468746907e-05
4.753821250000002288e-05
4.766703632812501357e-05
4.779586015625001105e-05
4.792468398437502207e-05
4.805350781249999922e-05
4.819283242187502337e-05
4.833215703125002042e-05
4.847148164062505812e-05
4.861080625000000773e-05
4.875736640625006826e-05
4.890697500000005024e-05
4.905966562499999563e-05
4.921575312500002194e-05
8.229639335937501739e-04
8.692011640625000235e-04
9.121393945312499712e-04
8.236871249999999645e-04
8.296906874999999699e-04
8.352883281250001552e-04
8.405124062499998595e-04
8.453928281249996042e-04
8.499655820312499626e-04
8.542439765625001093e-04
8.582509179687499139e-04
8.620043437500002348e-04
8.655260585937498948e-04
8.688295859375002326e-04
8.719287695312498161e-04
8.112293281249998355e-04
8.116691367187501421e-04
8.120811953125005268e-04
8.124672851562496183e-04
8.128285624999999522e-04
8.131680058593751233e-04
8.134848007812498557e-04
8.137806894531250754e-04
8.140564140625000666e-04
8.143126191406249237e-04
8.145508867187504403e-04
8.147717324218753691e-04
8.149756406250002142e-04
8.151568203125001506e-04
8.153380000000000870e-04
8.154889179687502309e-04
8.156398359375001579e-04
8.157627656250005053e-04
8.158856953124998769e-04
8.159823476562505029e-04
8.160790000000001532e-04
8.161519843750002267e-04
8.162249687500000832e-04
8.162740468749999463e-04
8.163231250000000262e-04
8.163501191406254002e-04
8.163771132812503405e-04
8.163825566406250232e-04
8.163880000000001396e-04
8.163788750000000637e-04
8.163588750000000741e-04
8.163299375000001266e-04
8.066112499999995899e-04
8.076383125000000064e-04
7.836478749999999192e-04
7.937954375000000123e-04
7.917690000000002183e-04
7.902224921874999959e-04
7.890623593750001243e-04
7.881688437499997793e-04
7.875080000000001315e-04
7.870220546875002568e-04
7.866905624999998578e-04
7.864816249999997868e-04
7.863819999999998580e-04
7.863712031250002284e-04
7.864369999999997482e-04
7.865691562499999012e-04
7.867579999999995983e-04
7.869959999999996594e-04
7.872759999999998396e-04
7.899024999999998322e-04
7.972149999999999896e-04
7.995857500000002650e-04
7.973399999999998978e-04
7.974072500000000622e-04
7.974769999999996696e-04
7.975499374999999846e-04
7.976239999999997074e-04
7.976993750000000404e-04
7.977760000000001491e-04
7.978535624999999812e-04
7.979313750000001154e-04
7.980101250000000814e-04
7.980879999999995322e-04
7.981659999999995677e-04
7.982435000000003000e-04
7.965634999999996520e-04
7.952620000000003558e-04
7.957252031249998411e-04
7.961784062500005784e-04
7.966197031250001016e-04
7.970459999999996055e-04
7.974549960937499758e-04
7.978407968750004121e-04
7.981970937500001148e-04
7.985129999999998271e-04
7.987790390625002001e-04
7.989613281250000946e-04
7.762593671875001955e-04
7.759861406249994858e-04
7.757756367187501308e-04
7.756293593750002548e-04
7.755425664062502939e-04
7.755169999999998731e-04
0.000000000000000000e+00
4.590514999999999196e-05
4.600155000000000005e-05
4.609959999999996771e-05
4.619914999999999287e-05
4.630129999999998985e-05
4.640344999999998005e-05
4.650907499999998974e-05
4.661470000000000620e-05
4.672599999999997919e-05
4.683730000000001995e-05
4.694860000000002683e-05
4.705989999999999306e-05
4.717945000000003497e-05
4.729900000000001589e-05
4.741855000000002392e-05
4.753810000000000484e-05
4.766693749999999512e-05
4.779577499999999895e-05
4.792461249999998245e-05
4.805344999999999983e-05
4.819278750000000636e-05
4.833212500000000610e-05
4.847146250000007361e-05
4.861079999999996494e-05
4.875737500000001359e-05
4.890700000000005199e-05
4.905970000000005478e-05
4.921580000000007858e-05
8.219040000000000373e-04
8.682990000000003275e-04
9.113840000000001090e-04
8.232229999999998802e-04
8.292503749999993864e-04
8.348702499999997948e-04
8.401151249999996113e-04
8.450149999999997420e-04
8.496062499999999058e-04
8.539020000000001331e-04
8.579252499999998104e-04
8.616939999999999799e-04
8.652300000000000355e-04
8.685470000000001124e-04
8.716590000000001056e-04
8.108160000000000107e-04
8.112580000000003564e-04
8.116720000000000445e-04
8.120599999999997569e-04
8.124230000000001598e-04
8.127641250000000421e-04
8.130824999999999728e-04
8.133798750000003318e-04
8.136570000000001822e-04
8.139145000000002792e-04
8.141539999999999845e-04
8.143760000000000105e-04
8.145809999999999856e-04
8.147631875000002589e-04
8.149453750000000985e-04
8.150971875000000968e-04
8.152490000000000951e-04
8.153726875000002604e-04
8.154963749999998837e-04
8.155936874999999454e-04
8.156910000000001156e-04
8.157643750000000919e-04
8.158377500000002849e-04
8.158871249999996664e-04
8.159365000000000237e-04
8.159636875000001333e-04
8.159908750000003513e-04
8.159964375000000256e-04
8.160019999999999166e-04
8.159929999999998834e-04
8.159730000000004358e-04
8.159440000000003045e-04
8.063639999999999523e-04
8.077660000000000179e-04
7.834990000000000010e-04
7.933639999999995279e-04
7.913190000000000718e-04
7.897595000000001827e-04
7.885900000000000375e-04
7.876887500000004025e-04
7.870220000000001772e-04
7.865322500000000282e-04
7.861979999999998883e-04
7.859870000000000355e-04
7.858860000000000715e-04
7.858740000000003162e-04
7.859390000000001470e-04
7.860710000000001654e-04
7.862599999999997803e-04
7.864979999999998413e-04
7.867790000000001458e-04
7.870970000000001654e-04
7.967560000000000267e-04
7.968170000000001198e-04
7.968810000000000433e-04
7.969489999999999214e-04
7.970189999999999393e-04
7.970919999999998961e-04
7.971660000000001939e-04
7.972419999999999811e-04
7.973190000000003261e-04
7.973970000000000363e-04
7.974749999999999634e-04
7.975540000000001231e-04
7.976320000000001586e-04
7.977109999999997762e-04
7.977890000000000285e-04
7.978660000000001567e-04
7.947950000000000501e-04
7.952599999999998906e-04
7.957150000000004410e-04
7.961579999999999352e-04
7.965859999999999521e-04
7.969966250000002240e-04
7.973840000000002653e-04
7.977417499999997453e-04
7.980590000000002682e-04
7.983263749999999380e-04
7.985097500000000199e-04
7.758351249999998270e-04
7.755619999999999311e-04
7.753514999999997067e-04
7.752052500000000332e-04
7.751184999999999412e-04
7.750930000000000276e-04
0.000000000000000000e+00
4.590482089843751610e-05
4.600121835937501062e-05
4.609926425781251161e-05
4.619881015625001589e-05
4.630095605468750555e-05
4.640310195312498842e-05
4.650872207031252100e-05
4.661434218750002648e-05
4.672563730468752915e-05
4.683693242187503183e-05
4.694822753906252095e-05
4.705952265625001685e-05
4.717906699218750346e-05
4.729861132812502396e-05
4.741815566406253768e-05
4.753770000000005140e-05
4.766653164062497022e-05
4.779536328124997036e-05
4.792419492187505181e-05
4.805302656249996386e-05
4.819235742187504435e-05
4.833168828125002320e-05
4.847101914062500205e-05
4.861034999999998767e-05
4.875691093749990956e-05
4.890652343750003178e-05
4.905921484374997405e-05
4.921530000000013170e-05
8.208334999999998246e-04
8.673874999999999077e-04
9.106176249999995212e-04
8.227580000000000397e-04
8.288097421874996221e-04
8.344524062499997447e-04
8.397186328124999237e-04
8.446385156249994978e-04
8.492482617187494670e-04
8.535613671874995581e-04
8.576009257812493248e-04
8.613849999999996683e-04
8.649359531249995511e-04
8.682669999999996068e-04
8.713909999999995722e-04
8.104040000000002457e-04
8.108481406250000068e-04
8.112642187500001189e-04
8.116541718749996706e-04
8.120190000000001955e-04
8.123617480468744946e-04
8.126816445312499797e-04
8.129804472656245330e-04
8.132589140625000323e-04
8.135176503906248581e-04
8.137583242187496502e-04
8.139814199218750211e-04
8.141874531249996150e-04
8.143705117187499719e-04
8.145535703124998951e-04
8.147061406249997114e-04
8.148587109374997445e-04
8.149830195312499082e-04
8.151073281249999634e-04
8.152051640624997497e-04
8.153029999999998612e-04
8.153769374999998666e-04
8.154508749999998720e-04
8.155007187500000910e-04
8.155505624999996594e-04
8.155781152343746310e-04
8.156056679687500362e-04
8.156115214843750452e-04
8.156173749999995120e-04
8.156066093749997576e-04
8.155850937499999152e-04
8.155543281250000626e-04
8.061343124999996359e-04
8.079307343749997199e-04
7.833679062499998309e-04
7.929333281249996163e-04
7.908707499999999800e-04
7.892969843749995766e-04
7.881168437500001532e-04
7.872083828124996517e-04
7.865362500000000912e-04
7.860423437499999616e-04
7.857049843749997235e-04
7.854919609374996347e-04
7.853896249999997234e-04
7.853765781249998686e-04
7.854410937499997376e-04
7.855728281249997873e-04
7.857620624999997125e-04
7.860010468750001228e-04
7.862825312499997386e-04
7.866015156249996738e-04
7.962969999999999554e-04
7.963582187499996081e-04
7.964224687499997252e-04
7.964907187499999054e-04
7.965609999999996669e-04
7.966342187499998338e-04
7.967084687500000000e-04
7.967847187499995472e-04
7.968619999999998526e-04
7.969404843749999584e-04
7.970189999999996141e-04
7.970984999999997274e-04
7.971770000000002587e-04
7.972559999999996594e-04
7.973340000000002370e-04
7.974117499999993199e-04
7.943290000000000853e-04
7.947952499999999185e-04
7.952520000000001983e-04
7.956967499999995303e-04
7.961270000000002060e-04
7.965391523437503245e-04
7.969279999999996991e-04
7.972873046875002040e-04
7.976059999999999661e-04
7.978744335937500544e-04
7.980586171875002528e-04
7.754110507812499121e-04
7.751377500000001088e-04
7.749270312499997827e-04
7.747805859375002119e-04
7.746936562499997809e-04
7.746679999999999495e-04
0.000000000000000000e+00
4.590449179687501315e-05
4.600088671874999409e-05
4.609892851562500808e-05
4.619847031250001181e-05
4.630061210937502124e-05
4.640275390625001034e-05
4.650836914062502517e-05
4.661398437500003321e-05
4.672527460937497747e-05
4.683656484375001660e-05
4.694785507812504217e-05
4.705914531250002031e-05
4.717868398437508038e-05
4.729822265625002525e-05
4.741776132812506499e-05
4.753730000000006407e-05
4.766612578124999953e-05
4.779495156250007052e-05
4.792377734374999920e-05
4.805260312500004986e-05
4.819192734375004169e-05
4.833125156250004707e-05
4.847057578125005245e-05
4.860990000000005784e-05
4.875644687499996815e-05
4.890604687500001158e-05
4.905872968750008982e-05
4.921480000000000863e-05
8.197629999999999370e-04
8.664760000000001385e-04
9.098512500000001261e-04
8.222929999999999823e-04
8.283692343750000088e-04
8.340348124999999967e-04
8.393225156249994965e-04
8.442625312499996409e-04
8.488908984374998919e-04
8.532214843749999977e-04
8.572774765624998966e-04
8.610770000000000229e-04
8.646419062499997171e-04
8.679859999999997361e-04
8.095170000000000490e-04
8.099920000000000470e-04
8.104382812499999825e-04
8.108564374999998681e-04
8.112483437499994759e-04
8.116150000000000144e-04
8.119593710937497060e-04
8.122807890624998781e-04
8.125810195312496015e-04
8.128608281249997741e-04
8.131208007812501960e-04
8.133626484374998581e-04
8.135868398437500317e-04
8.137939062499996781e-04
8.139778359374999018e-04
8.141617656250002338e-04
8.143150937500000849e-04
8.144684218750003696e-04
8.145933515625000980e-04
8.147182812500000431e-04
8.148166406250002044e-04
8.149150000000000404e-04
8.149895312500001670e-04
8.150640624999998599e-04
8.151144062499999241e-04
8.151647499999999883e-04
8.151926992187499138e-04
8.152206484374997309e-04
8.152268242187502749e-04
8.152330000000000600e-04
8.152205000000001343e-04
8.151975000000000974e-04
8.151650000000002904e-04
8.059049999999999894e-04
8.080958750000001838e-04
7.832372499999998641e-04
7.925031250000001085e-04
7.904230000000000587e-04
7.888350000000003172e-04
7.876442500000001897e-04
7.867286093750001062e-04
7.860511249999998932e-04
7.855530937499999831e-04
7.852126562499996305e-04
7.849976406250002651e-04
7.848939999999999563e-04
7.848799375000004193e-04
7.849439999999997678e-04
7.850755000000001578e-04
7.852649999999998347e-04
7.855049999999999272e-04
7.857869999999999222e-04
7.861069999999999733e-04
7.958390000000004419e-04
7.959004375000003047e-04
7.959649375000002903e-04
7.960334375000001220e-04
7.961039999999997355e-04
7.961774374999998957e-04
7.962519374999998218e-04
7.963284375000002132e-04
7.964060000000001537e-04
7.964849687500003298e-04
7.965639999999998225e-04
7.966440000000002148e-04
7.967230000000000492e-04
7.968020000000001005e-04
7.968800000000000276e-04
7.969579999999997378e-04
7.938630000000003375e-04
7.943309999999996832e-04
7.947899999999998629e-04
7.952359999999999464e-04
7.956679999999998094e-04
7.960816796875006419e-04
7.964720000000001087e-04
7.968328593750001205e-04
7.971529999999999892e-04
7.974226171875002135e-04
7.976077343749999205e-04
7.749873515625000167e-04
7.747139999999996980e-04
7.745031875000001802e-04
7.743566718749999959e-04
7.742696875000001358e-04
7.742440000000001040e-04
0.000000000000000000e+00
4.590414707031251841e-05
4.600052382812501434e-05
4.609854589843752923e-05
4.619806796875000675e-05
4.630019003906251030e-05
4.640231210937500707e-05
4.650790683593754624e-05
4.661350156250001087e-05
4.672477128906252691e-05
4.683604101562503617e-05
4.694731074218749800e-05
4.705858046875006147e-05
4.717809785156258125e-05
4.729761523437504004e-05
4.741713261718750560e-05
4.753665000000001860e-05
4.766545429687508734e-05
4.779425859375002733e-05
4.792306289062498088e-05
4.805186718750007672e-05
4.819116914062504910e-05
4.833047109375007569e-05
4.846977304687500064e-05
4.860907500000005433e-05
4.875559218750009005e-05
4.890516406250013744e-05
4.905782265625006173e-05
4.921386249999991933e-05
8.186855468749999146e-04
8.655585312499998246e-04
9.090818906249996997e-04
8.218279999999999249e-04
8.279287265624998534e-04
8.336172187499997065e-04
8.389263984374996114e-04
8.438865468749997840e-04
8.485335351562499915e-04
8.528816015624997868e-04
8.569540273437499262e-04
8.607690000000001607e-04
8.643488593750001158e-04
8.677069999999997884e-04
8.091029999999998189e-04
8.095810000000000809e-04
8.100291718750002139e-04
8.104491562500003299e-04
8.108427656250002339e-04
8.112110000000000501e-04
8.115571191406247432e-04
8.118801835937500787e-04
8.121819667968751232e-04
8.124632421875002284e-04
8.127245761718748795e-04
8.129677226562496712e-04
8.131931347656249070e-04
8.134013593749994317e-04
8.135862851562502152e-04
8.137712109375002398e-04
8.139254218750003851e-04
8.140796328124999884e-04
8.142053085937498661e-04
8.143309843749999607e-04
8.144299921874999975e-04
8.145290000000000342e-04
8.146039218750000636e-04
8.146788437500000930e-04
8.147294843750002178e-04
8.147801249999995837e-04
8.148082675781252206e-04
8.148364101562498817e-04
8.148427050781253088e-04
8.148489999999993265e-04
8.148382500000003227e-04
8.148172499999995584e-04
8.147864999999995892e-04
8.056899999999998568e-04
8.082719375000001032e-04
7.831141249999997280e-04
7.920770624999998307e-04
7.899760000000000679e-04
7.883737500000000207e-04
7.871723749999998479e-04
7.862495390624999738e-04
7.855666874999999837e-04
7.850645156249999763e-04
7.847209843750000595e-04
7.845039609374996909e-04
7.843989999999997518e-04
7.843839062499996734e-04
7.844475000000002444e-04
7.845787499999997902e-04
7.847685000000002029e-04
7.850084999999998618e-04
7.852914999999998725e-04
7.904864999999998117e-04
7.953809999999999526e-04
7.954426562500000256e-04
7.955074062499995543e-04
7.955761562499995797e-04
7.956469999999998041e-04
7.957209062499999343e-04
7.957959062500002479e-04
7.958729062499999424e-04
7.959509999999996033e-04
7.960299531249997876e-04
7.961090000000003563e-04
7.961889999999994475e-04
7.962679999999997156e-04
7.963475000000002626e-04
7.964270000000002675e-04
7.957052499999997183e-04
7.933970000000003728e-04
7.930677499999998778e-04
7.943279999999999612e-04
7.947759999999996425e-04
7.952100000000004044e-04
7.956252070312498908e-04
7.960169999999998835e-04
7.963789140625003159e-04
7.967000000000000123e-04
7.969709882812498402e-04
7.971572265625001498e-04
7.745642148437501505e-04
7.742909999999998683e-04
7.740801562499996080e-04
7.739336328124998615e-04
7.738466562499997804e-04
7.738209999999999490e-04
0.000000000000000000e+00
4.590383359375000045e-05
4.600022343750002202e-05
4.609825703125001458e-05
4.619779062500000365e-05
4.629992421874997132e-05
4.640205781249998642e-05
4.650766328125001316e-05
4.661326875000002635e-05
4.672454921874999608e-05
4.683582968750000646e-05
4.694711015625001684e-05
4.705839062499999335e-05
4.717791796875003092e-05
4.729744531250000073e-05
4.741697265624997054e-05
4.753650000000005554e-05
4.766531406250003783e-05
4.779412812500004044e-05
4.792294218750000917e-05
4.805175625000001856e-05
4.819106718750004314e-05
4.833037812500005415e-05
4.846968906250001096e-05
4.860899999999999488e-05
4.875551874999997691e-05
4.890509375000003214e-05
4.905775937500002999e-05
4.921380000000008775e-05
8.176090000000003910e-04
8.646419999999999930e-04
9.083134999999999560e-04
8.213639999999999917e-04
8.274892187499999305e-04
8.332006249999999743e-04
8.385312812499997421e-04
8.435115625000000512e-04
8.481771718750001068e-04
8.525427187500001338e-04
8.566315781249999716e-04
8.604620000000002059e-04
8.640563124999998176e-04
8.674279999999999491e-04
8.086899999999996045e-04
8.091700000000000064e-04
8.096203125000000968e-04
8.100423750000002032e-04
8.104379375000000550e-04
8.108080000000001016e-04
8.111558046875000458e-04
8.114804531250002523e-04
8.117837265625000003e-04
8.120664062499999628e-04
8.123290390624999602e-04
8.125734218749998058e-04
8.127999921874999199e-04
8.130093125000000063e-04
8.131951718750000816e-04
8.133810312499999400e-04
8.135360624999999788e-04
8.136910937499998008e-04
8.138174531250001861e-04
8.139438125000002461e-04
8.140434062500001913e-04
8.141430000000000281e-04
8.142183125000001772e-04
8.142936249999998925e-04
8.143445625000001863e-04
8.143955000000000465e-04
8.144238359375000937e-04
8.144521718749997072e-04
8.144585859375001258e-04
8.144649999999996771e-04
8.144560000000001859e-04
8.144370000000003204e-04
8.144080000000000806e-04
8.054750000000000494e-04
8.084480000000000225e-04
7.829909999999998087e-04
7.916509999999999866e-04
7.895289999999997518e-04
7.879124999999999410e-04
7.867004999999999398e-04
7.857704687499997330e-04
7.850822499999999659e-04
7.845759375000002948e-04
7.842293124999997296e-04
7.840102812499999841e-04
7.839040000000000894e-04
7.838878750000002286e-04
7.839509999999999621e-04
7.840819999999998563e-04
7.842719999999999206e-04
7.845120000000002300e-04
7.847959999999999312e-04
7.948659999999998669e-04
7.949230000000001139e-04
7.949851250000000485e-04
7.950503749999996393e-04
7.951196250000001605e-04
7.951910000000002136e-04
7.952651250000002288e-04
7.953403749999996518e-04
7.954176249999999736e-04
7.954960000000001370e-04
7.955754375000001748e-04
7.956550000000000384e-04
7.957355000000002759e-04
7.958150000000000640e-04
7.958939999999996816e-04
7.959739999999998570e-04
7.960520000000002178e-04
7.961300000000001448e-04
7.934040000000001577e-04
7.938659999999998426e-04
7.943159999999999891e-04
7.947520000000005656e-04
7.951687343750001155e-04
7.955619999999998752e-04
7.959254687500003566e-04
7.962480000000000512e-04
7.965201093750000480e-04
7.967072187499998990e-04
7.741413281250000443e-04
7.738679999999998217e-04
7.736571249999999031e-04
7.735105937499997270e-04
7.734236250000002923e-04
7.733980000000001192e-04
0.000000000000000000e+00
4.590350449218751105e-05
4.599989179687500549e-05
4.609792128906251105e-05
4.619745078125000635e-05
4.629958027343750735e-05
4.640170976562499479e-05
4.650731035156251733e-05
4.661291093750002631e-05
4.672418652343750538e-05
4.683546210937503189e-05
4.694673769531251773e-05
4.705801328125005102e-05
4.717753496093751297e-05
4.729705664062502235e-05
4.741657832031246397e-05
4.753610000000004789e-05
4.766490195312495659e-05
4.779370390625004825e-05
4.792250585937497727e-05
4.805130781250004860e-05
4.819060585937501626e-05
4.832990390624997037e-05
4.846920195312495158e-05
4.860850000000000733e-05
4.875501718750006338e-05
4.890459218749998308e-05
4.905726171875004663e-05
4.921329999999995790e-05
9.212990000000004231e-04
8.637210000000000200e-04
9.075423749999997000e-04
8.208990000000002596e-04
8.270488984375001101e-04
8.327834062499998120e-04
8.381357265624999947e-04
8.431363281250001248e-04
8.478207460937501466e-04
8.522039609374998728e-04
8.563094414062501778e-04
8.601554999999999878e-04
8.637647656250000772e-04
8.671505000000001876e-04
8.082780000000001647e-04
8.087600000000000561e-04
8.092124531250001040e-04
8.096365937499999839e-04
8.100341093750001087e-04
8.104060000000002772e-04
8.107554902343749306e-04
8.110817226562501165e-04
8.113864863281244596e-04
8.116705703125003633e-04
8.119345019531250566e-04
8.121801210937500647e-04
8.124078496093751654e-04
8.126182656249998377e-04
8.128050585937499637e-04
8.129918515624998728e-04
8.131477031250002388e-04
8.133035546875000627e-04
8.134305976562498713e-04
8.135576406250002220e-04
8.136578203124999673e-04
8.137579999999999293e-04
8.138338281250001322e-04
8.139096562499996846e-04
8.139610156250000816e-04
8.140123749999998281e-04
8.140410292968751956e-04
8.140696835937499126e-04
8.140763417968749317e-04
8.140829999999998423e-04
8.140718750000002770e-04
8.140509999999998806e-04
8.140196250000003488e-04
8.052755000000001067e-04
8.086596250000000884e-04
7.828827500000000829e-04
7.912238750000000513e-04
7.890840000000000094e-04
7.874530000000001329e-04
7.862301249999996758e-04
7.852926484375001353e-04
7.845988124999998554e-04
7.840881093750003269e-04
7.837381406249998954e-04
7.835168515624996036e-04
7.834090000000001018e-04
7.833919687500000674e-04
7.834547499999999819e-04
7.835856250000000503e-04
7.837759999999999172e-04
7.840162499999998782e-04
7.843009999999996183e-04
7.944087500000003924e-04
7.944660000000001825e-04
7.945283593750002106e-04
7.945938749999996616e-04
7.946633906250003682e-04
7.947350625000000482e-04
7.948094843750003408e-04
7.948850624999996995e-04
7.949626406250002823e-04
7.950413749999999313e-04
7.951210312500002876e-04
7.952008437500002365e-04
7.952815781249995917e-04
7.953613125000001238e-04
7.954409218750000711e-04
7.955212812499998405e-04
7.955997656249995127e-04
7.956777500000000985e-04
7.929407343749998380e-04
7.934047187500004299e-04
7.938567031250001824e-04
7.942941874999999777e-04
7.947126835937499013e-04
7.951076562499998467e-04
7.954726640625000601e-04
7.957966249999998696e-04
7.960697773437500763e-04
7.962576796874996183e-04
7.737188320312499493e-04
7.734453124999999358e-04
7.732343281250002916e-04
7.730877109375001608e-04
7.730006718749997873e-04
7.729750000000001810e-04
0.000000000000000000e+00
4.590317539062500131e-05
4.599956015625000251e-05
4.609758554687498719e-05
4.619711093749998872e-05
4.629923632812500272e-05
4.640136171875003027e-05
4.650695742187498761e-05
4.661255312500000593e-05
4.672382382812498758e-05
4.683509453125002343e-05
4.694636523437501863e-05
4.705763593750000704e-05
4.717715195312498824e-05
4.729666796874998298e-05
4.741618398437498451e-05
4.753570000000000636e-05
4.766448984374999055e-05
4.779327968750000184e-05
4.792206953125005379e-05
4.805085937500005831e-05
4.819014453125000294e-05
4.832942968750011020e-05
4.846871484375004806e-05
4.860800000000004689e-05
4.875451562500002109e-05
4.890409062499995435e-05
4.905676406249999551e-05
4.921279999999995003e-05
9.168450000000000081e-04
8.627960000000003092e-04
9.067692500000002799e-04
8.204339999999997685e-04
8.266085781249996392e-04
8.323661874999996498e-04
8.377401718749995967e-04
8.427610937499996563e-04
8.474643203124996443e-04
8.518652031249996119e-04
8.559873046874996250e-04
8.598489999999997697e-04
8.634732187499996863e-04
8.668729999999999925e-04
8.078660000000001829e-04
8.083499999999998889e-04
8.088045937500000027e-04
8.092308125000001982e-04
8.096302812499997286e-04
8.100040000000000191e-04
8.103551757812499238e-04
8.106829921875003059e-04
8.109892460937503282e-04
8.112747343749998966e-04
8.115399648437503699e-04
8.117868203125001066e-04
8.120157070312499772e-04
8.122272187500001028e-04
8.124149453125002794e-04
8.126026718750001309e-04
8.127593437500003903e-04
8.129160156250001077e-04
8.130437421875003155e-04
8.131714687500000895e-04
8.132722343750002853e-04
8.133730000000002642e-04
8.134493437500001957e-04
8.135256874999999104e-04
8.135774687499998685e-04
8.136292499999998266e-04
8.136582226562504060e-04
8.136871953125000096e-04
8.136940976562498460e-04
8.137010000000002245e-04
8.136877500000000429e-04
8.136650000000001997e-04
8.136312500000001833e-04
8.050760000000000555e-04
8.088712500000002628e-04
7.827745000000002487e-04
7.907967500000001159e-04
7.886390000000000500e-04
7.869936249999997168e-04
7.857599999999999307e-04
7.848152031249997981e-04
7.841158749999996985e-04
7.836009062500000301e-04
7.832477187500002085e-04
7.830242968750000636e-04
7.829150000000001299e-04
7.828968125000002705e-04
7.829589999999999553e-04
7.830894999999998959e-04
7.832799999999995886e-04
7.835210000000001306e-04
7.838070000000000800e-04
7.939520000000001125e-04
7.940089999999999258e-04
7.940716250000002478e-04
7.941374375000003014e-04
7.942072499999999844e-04
7.942792499999997086e-04
7.943539999999999369e-04
7.944299374999997570e-04
7.945078750000000422e-04
7.945870000000002445e-04
7.946669062500000356e-04
7.947470000000002701e-04
7.948279999999998107e-04
7.949079999999998777e-04
7.949882500000000300e-04
7.950690000000000274e-04
7.951480000000001871e-04
7.952260000000001142e-04
7.924779999999996723e-04
7.929440000000002875e-04
7.933979999999999548e-04
7.938370000000000365e-04
7.942572890625003174e-04
7.946540000000003236e-04
7.950205781250000358e-04
7.953460000000002689e-04
7.956202265625003439e-04
7.958089531249997774e-04
7.732971796874998438e-04
7.730234999999998063e-04
7.728124374999999864e-04
7.726657656250002096e-04
7.725786875000000735e-04
7.725530000000001502e-04
0.000000000000000000e+00
4.590284628906250513e-05
4.599922851562501309e-05
4.609724980468751077e-05
4.619677109374999141e-05
4.629889238281251164e-05
4.640101367187498443e-05
4.650660449218749177e-05
4.661219531249998556e-05
4.672346113281248333e-05
4.683472695312502853e-05
4.694599277343747886e-05
4.705725859374999695e-05
4.717676894531249061e-05
4.729627929687500460e-05
4.741578964843749827e-05
4.753529999999998515e-05
4.766409023437500166e-05
4.779288046875002495e-05
4.792167070312496692e-05
4.805046093750002409e-05
4.818974570312499061e-05
4.832903046875011298e-05
4.846831523437501851e-05
4.860760000000007312e-05
4.875408906250007892e-05
4.890363906249993589e-05
4.905629140624998680e-05
4.921229999999996926e-05
9.123720000000003780e-04
8.618690000000004585e-04
9.059956250000000388e-04
8.199700000000001605e-04
8.261693671874998854e-04
8.319501874999998218e-04
8.373459453125000175e-04
8.423872968750000575e-04
8.471094414062500626e-04
8.515281015624998886e-04
8.556669335937499860e-04
8.595443749999998658e-04
8.631832812500001830e-04
8.665968437499999575e-04
8.074553281249997189e-04
8.079413125000001151e-04
8.083980312500001946e-04
8.088263124999999550e-04
8.092277187500002003e-04
8.096032500000001873e-04
8.099560957031250261e-04
8.102854804687502875e-04
8.105932089843752384e-04
8.108800859374999974e-04
8.111465996093749579e-04
8.113946757812501905e-04
8.116247050781251644e-04
8.118372968750003178e-04
8.120259414062502281e-04
8.122145859375002469e-04
8.123720624999997576e-04
8.125295390624999187e-04
8.126579335937497749e-04
8.127863281249997395e-04
8.128876640625000687e-04
8.129889999999999643e-04
8.130658593750001665e-04
8.131427187499999350e-04
8.131949218750001047e-04
8.132471249999997324e-04
8.132764160156249816e-04
8.133057070312500140e-04
8.133128535156248845e-04
8.133200000000000802e-04
8.133088749999998644e-04
8.132884999999999637e-04
8.132566250000001530e-04
8.048944999999997456e-04
8.090966249999999218e-04
7.826757499999999678e-04
7.903748749999999108e-04
7.881949999999999980e-04
7.865351249999998160e-04
7.852906250000000078e-04
7.843383828124999993e-04
7.836334375000001459e-04
7.831140781250001863e-04
7.827575468750000648e-04
7.825318671875000241e-04
7.824210000000001580e-04
7.824016562499998230e-04
7.824632499999999288e-04
7.825933749999999583e-04
7.827839999999999104e-04
7.804834999999996298e-04
7.833119999999999840e-04
7.909532499999992732e-04
7.935530000000000101e-04
7.936158124999999081e-04
7.936818437500000635e-04
7.937518750000002819e-04
7.938241249999995492e-04
7.938991250000004048e-04
7.939753437500001853e-04
7.940535624999997804e-04
7.941329999999999266e-04
7.942133906250002217e-04
7.942939999999998595e-04
7.943755000000000044e-04
7.944560000000001334e-04
7.945366249999997630e-04
7.946174999999998032e-04
7.946969999999998081e-04
7.947754999999999057e-04
7.920159999999997705e-04
7.924835000000000299e-04
7.929395000000002709e-04
7.933800000000002135e-04
7.938020664062503179e-04
7.942004999999999594e-04
7.945686328125000459e-04
7.948955000000000604e-04
7.951707851562496866e-04
7.953603203125001039e-04
7.728756054687496973e-04
7.726017500000001859e-04
7.723905937500003070e-04
7.722438515625000251e-04
7.721567187500001346e-04
7.721310000000000109e-04
0.000000000000000000e+00
4.590251093750000004e-05
4.599888437500001262e-05
4.609689531250000085e-05
4.619640624999999236e-05
4.629851718750000990e-05
4.640062812500002744e-05
4.650620781249996746e-05
4.661178749999998202e-05
4.672304218749998023e-05
4.683429687500001231e-05
4.694555156250001729e-05
4.705680624999999517e-05
4.717630468750006693e-05
4.729580312499996928e-05
4.741530156250002071e-05
4.753479999999998405e-05
4.766359062499996512e-05
4.779238125000001395e-05
4.792117187500002213e-05
4.804996250000004385e-05
4.818924687499998483e-05
4.832853125000001389e-05
4.846781562500001586e-05
4.860710000000001782e-05
4.875356250000004843e-05
4.890308749999997142e-05
4.905571874999995076e-05
4.921169999999995440e-05
9.078800000000002320e-04
8.609390000000001269e-04
9.052199999999997661e-04
8.195049999999999947e-04
8.257291874999997741e-04
8.315332499999998368e-04
8.369508125000000480e-04
8.420126249999997266e-04
8.467537187499998407e-04
8.511901874999997257e-04
8.553457812500001077e-04
8.592390000000000314e-04
8.628926249999999739e-04
8.663200000000001759e-04
8.070440000000002508e-04
8.075320000000001282e-04
8.079908750000000485e-04
8.084212500000001163e-04
8.088246250000000843e-04
8.092019999999998598e-04
8.095565468749999416e-04
8.098875312499998489e-04
8.101967656249997119e-04
8.104850624999998619e-04
8.107528906250001605e-04
8.110022187499997884e-04
8.112334218750000660e-04
8.114471250000002307e-04
8.116367187499998583e-04
8.118263124999997027e-04
8.119846249999998575e-04
8.121429375000000124e-04
8.122720312500002595e-04
8.124011249999998560e-04
8.125030624999998686e-04
8.126049999999999897e-04
8.126823749999997036e-04
8.127597499999998512e-04
8.128123749999997989e-04
8.128649999999997466e-04
8.128946093749998825e-04
8.129242187500001268e-04
8.129316093750001398e-04
8.129390000000003697e-04
8.129300000000001195e-04
8.129120000000003782e-04
8.128820000000001227e-04
8.047129999999996525e-04
8.093220000000001229e-04
7.825770000000004459e-04
7.899529999999995973e-04
7.877510000000000545e-04
7.860766249999999152e-04
7.848212499999999764e-04
7.838615624999996584e-04
7.831509999999999427e-04
7.826272500000001258e-04
7.822673750000000295e-04
7.820394374999997678e-04
7.819269999999998609e-04
7.819067500000001112e-04
7.819680000000000727e-04
7.820980000000000596e-04
7.822890000000000312e-04
7.825309999999999384e-04
7.929859999999997562e-04
7.930389999999999402e-04
7.930970000000002029e-04
7.931599999999997853e-04
7.932262500000000424e-04
7.932965000000000372e-04
7.933689999999997151e-04
7.934442499999998970e-04
7.935207500000002884e-04
7.935992499999999523e-04
7.936790000000000424e-04
7.937598749999999741e-04
7.938409999999999911e-04
7.939229999999996559e-04
7.940039999999998471e-04
7.940850000000001466e-04
7.941659999999997957e-04
7.942459999999997543e-04
7.943250000000002392e-04
7.915539999999996520e-04
7.920230000000002060e-04
7.924810000000003700e-04
7.929229999999998484e-04
7.933468437500003183e-04
7.937470000000002458e-04
7.941166874999998392e-04
7.944449999999999602e-04
7.947213437499998966e-04
7.949116875000004304e-04
7.724540312499996592e-04
7.721799999999995898e-04
7.719687499999998686e-04
7.718219375000001659e-04
7.717347500000001958e-04
7.717090000000001969e-04
0.000000000000000000e+00
4.590218183593751063e-05
4.599855273437501642e-05
4.609655957031251765e-05
4.619606640625001538e-05
4.629817324218751882e-05
4.640028007812502226e-05
4.650585488281249873e-05
4.661142968750000908e-05
4.672267949218748275e-05
4.683392929687499030e-05
4.694517910156252496e-05
4.705642890625001896e-05
4.717592167968750154e-05
4.729541445312499768e-05
4.741490722656252770e-05
4.753440000000003739e-05
4.766318476562499443e-05
4.779196953125008701e-05
4.792075429687505761e-05
4.804953906250001466e-05
4.818881679687497539e-05
4.832809453125001744e-05
4.846737226562505948e-05
4.860665000000009476e-05
4.875309843749993084e-05
4.890261093750006640e-05
4.905523359374999200e-05
4.921120000000006850e-05
9.033599999999998619e-04
8.600040000000000419e-04
9.044337500000000987e-04
8.190404999999999994e-04
8.252896640624998595e-04
8.311171250000001830e-04
8.365566484375000023e-04
8.416390781249999961e-04
8.463992773437500287e-04
8.508537109375003240e-04
8.550262226562500411e-04
8.589353750000001432e-04
8.626041874999997895e-04
8.660458437500002807e-04
8.066343281250001277e-04
8.071248124999997817e-04
8.075858125000005350e-04
8.080182500000001678e-04
8.084235625000000917e-04
8.088027499999999974e-04
8.091589980468748885e-04
8.094915820312502007e-04
8.098023222656250842e-04
8.100920390624998663e-04
8.103611816406249609e-04
8.106117617187497430e-04
8.108441386718748907e-04
8.110589531250000667e-04
8.112494960937500620e-04
8.114400390624998405e-04
8.115991874999998806e-04
8.117583359375000291e-04
8.118881289062501250e-04
8.120179218749997872e-04
8.121204609374999168e-04
8.122230000000000465e-04
8.123007656250002054e-04
8.123785312499999306e-04
8.124314531250004809e-04
8.124843750000000555e-04
8.125141777343750354e-04
8.125439804687502321e-04
8.125514902343749114e-04
8.125589999999996991e-04
8.125502500000002931e-04
8.125320000000000329e-04
8.125030000000001184e-04
8.045514999999997660e-04
8.095840625000004205e-04
7.824926250000002964e-04
7.895291874999998700e-04
7.873090000000001424e-04
7.856200000000001116e-04
7.843536249999997828e-04
7.833863671874998717e-04
7.826700625000002510e-04
7.821417968749999920e-04
7.817784531249996616e-04
7.815481328124995698e-04
7.814339999999996879e-04
7.814124687500001790e-04
7.814729999999997598e-04
7.816029374999997796e-04
7.817940000000001520e-04
7.820364999999996876e-04
7.925305000000001194e-04
7.925838749999997808e-04
7.926420000000000861e-04
7.927052343749997620e-04
7.927717500000002046e-04
7.928422656249998427e-04
7.929150624999999064e-04
7.929906093749998237e-04
7.930674375000001507e-04
7.931462656250001840e-04
7.932263749999997598e-04
7.933075625000000691e-04
7.933890312500000135e-04
7.934714218750001232e-04
7.935528125000001088e-04
7.936340468749998513e-04
7.937152812499999191e-04
7.937957656249995143e-04
7.938750000000000927e-04
7.925284999999995458e-04
7.915635000000006147e-04
7.920231875000002158e-04
7.924670000000000412e-04
7.928925585937498252e-04
7.932943750000000715e-04
7.936656796875002232e-04
7.939954999999997674e-04
7.942729648437501979e-04
7.944641796874998396e-04
7.720336445312497549e-04
7.717595000000002873e-04
7.715482187500000404e-04
7.714013984374997997e-04
7.713142187500000423e-04
7.712884999999999186e-04
0.000000000000000000e+00
4.590185273437500768e-05
4.599822109374999989e-05
4.609622382812500057e-05
4.619572656249999775e-05
4.629782929687502096e-05
4.639993203125001707e-05
4.650550195312500289e-05
4.661107187500000226e-05
4.672231679687501238e-05
4.683356171875000218e-05
4.694480664062503940e-05
4.705605156250004952e-05
4.717553867187504457e-05
4.729502578124997864e-05
4.741451289062505501e-05
4.753400000000004329e-05
4.766277890625005763e-05
4.779155781249999065e-05
4.792033671874999822e-05
4.804911562499998546e-05
4.818838671875008115e-05
4.832765781250002098e-05
4.846692890624998114e-05
4.860620000000007005e-05
4.875263437500000299e-05
4.890213437500000554e-05
4.905474843749997902e-05
4.921070000000006062e-05
8.988399999999999255e-04
8.590689999999998484e-04
9.036474999999998892e-04
8.185759999999998957e-04
8.248501406249998365e-04
8.307010000000000956e-04
8.361624843750001734e-04
8.412655312499998320e-04
8.460448359374999998e-04
8.505172343750002717e-04
8.547066640625001913e-04
8.586317500000003634e-04
8.623157499999999304e-04
8.657716875000002772e-04
8.062246562500003299e-04
8.067176250000003025e-04
8.071807500000003710e-04
8.076152500000001108e-04
8.080224999999997739e-04
8.084034999999999182e-04
8.087614492187501607e-04
8.090956328125000104e-04
8.094078789062501313e-04
8.096990156249998707e-04
8.099694726562500866e-04
8.102213046875000229e-04
8.104548554687499321e-04
8.106707812500001196e-04
8.108622734375000489e-04
8.110537656250003035e-04
8.112137500000001205e-04
8.113737343750002627e-04
8.115042265625000990e-04
8.116347187500002605e-04
8.117378593750000735e-04
8.118410000000002118e-04
8.119191562499999482e-04
8.119973124999999015e-04
8.120505312499996450e-04
8.121037500000003644e-04
8.121337460937496462e-04
8.121637421874997953e-04
8.121713710937502250e-04
8.121789999999998958e-04
8.121705000000000330e-04
8.121520000000000128e-04
8.121240000000004393e-04
8.043900000000000963e-04
8.098461250000002845e-04
7.824082500000000386e-04
7.891053749999997089e-04
7.868669999999997966e-04
7.851633749999997660e-04
7.838860000000001313e-04
7.829111718749997596e-04
7.821891250000002340e-04
7.816563437500002919e-04
7.812895312500000525e-04
7.810568281249998055e-04
7.809410000000002738e-04
7.809181875000001383e-04
7.809779999999998806e-04
7.811078749999998249e-04
7.812989999999998391e-04
7.815419999999998705e-04
7.920749999999999406e-04
7.921287499999999466e-04
7.921869999999997525e-04
7.922504687499998472e-04
7.923172500000000415e-04
7.923880312500001903e-04
7.924611249999997725e-04
7.925369687499996419e-04
7.926141249999999047e-04
7.926932812499995484e-04
7.927737500000002361e-04
7.928552500000000556e-04
7.929370624999998191e-04
7.930198437500000485e-04
7.931016249999997200e-04
7.931830937499996645e-04
7.932645624999998257e-04
7.933455312500000333e-04
7.934249999999999463e-04
7.935030000000001986e-04
7.911040000000001560e-04
7.915653750000001699e-04
7.920109999999998002e-04
7.924382734375005248e-04
7.928417500000001141e-04
7.932146718750001735e-04
7.935460000000001167e-04
7.938245859374999571e-04
7.940166718749998992e-04
7.716132578124997423e-04
7.713390000000002258e-04
7.711276874999998870e-04
7.709808593750001925e-04
7.708936874999998889e-04
7.708680000000001824e-04
0.000000000000000000e+00
4.590152363281250472e-05
4.599788945312502402e-05
4.609588808593749704e-05
4.619538671875000045e-05
4.629748535156252311e-05
4.639958398437503222e-05
4.650514902343750706e-05
4.661071406249999544e-05
4.672195410156247425e-05
4.683319414062501405e-05
4.694443417968747931e-05
4.705567421875005298e-05
4.717515566406258083e-05
4.729463710937507480e-05
4.741411855468750778e-05
4.753360000000004919e-05
4.766236679687497639e-05
4.779113359375004589e-05
4.791990039062503408e-05
4.804866718750002905e-05
4.818792539062506105e-05
4.832718359374999818e-05
4.846644179687507761e-05
4.860570000000001475e-05
4.875213281250004879e-05
4.890163281249994292e-05
4.905425078124992790e-05
4.921019999999995788e-05
8.942815000000000876e-04
8.581284999999997309e-04
9.028582499999998493e-04
8.181110000000001636e-04
8.244101484375001686e-04
8.302844375000001300e-04
8.357679140624997994e-04
8.408916093750000821e-04
8.456900507812498266e-04
8.501804453124999503e-04
8.543868242187498390e-04
8.583278750000000647e-04
8.620270937499997527e-04
8.654973437500000470e-04
8.058148281250003975e-04
8.063103125000000218e-04
8.067755937500001480e-04
8.072121874999999783e-04
8.076214062499999062e-04
8.080042500000000558e-04
8.083639316406249827e-04
8.086997460937497871e-04
8.090135292968750206e-04
8.093061171875000261e-04
8.095779199218751301e-04
8.098310351562500956e-04
8.100657910156247501e-04
8.102828593749998240e-04
8.104753320312497794e-04
8.106678046875001684e-04
8.108286562499999626e-04
8.109895078124999736e-04
8.111207304687498591e-04
8.112519531249999614e-04
8.113557265624998750e-04
8.114595000000001139e-04
8.115382343750000881e-04
8.116169687499999539e-04
8.116706718750002015e-04
8.117243750000000153e-04
8.117547519531251267e-04
8.117851289062501296e-04
8.117930644531248015e-04
8.118010000000000156e-04
8.117927500000003465e-04
8.117740000000001326e-04
8.117455000000004970e-04
8.042519999999999834e-04
8.101260625000002808e-04
7.823361250000000549e-04
7.886881875000003976e-04
7.864260000000000087e-04
7.847076875000001195e-04
7.834192499999999108e-04
7.824367890625001957e-04
7.817089375000002560e-04
7.811715781250002299e-04
7.808012343750000061e-04
7.805660859374998536e-04
7.804484999999998377e-04
7.804245312500002023e-04
7.804837499999999319e-04
7.806136874999999517e-04
7.808050000000003009e-04
7.810484999999999607e-04
7.916200000000000406e-04
7.916738750000003062e-04
7.917319999999998525e-04
7.917957343749995906e-04
7.918628125000000623e-04
7.919338906249997296e-04
7.920073125000003317e-04
7.920834843749997032e-04
7.921610000000002105e-04
7.922405156249999903e-04
7.923213749999997134e-04
7.924032187500002194e-04
7.924854062500003276e-04
7.925686093749997928e-04
7.926508124999997844e-04
7.927325468749996974e-04
7.928142812500002610e-04
7.928957656249998719e-04
7.929754999999999703e-04
7.930540000000000679e-04
7.906455000000004721e-04
7.911085625000002482e-04
7.915559999999999003e-04
7.919848632812501133e-04
7.923898750000004125e-04
7.927642890625001201e-04
7.930969999999997692e-04
7.933767070312501037e-04
7.935696640625002378e-04
7.711933710937499001e-04
7.709190000000001181e-04
7.707076562500000125e-04
7.705608203124996716e-04
7.704736562500003397e-04
7.704479999999999662e-04
0.000000000000000000e+00
4.590119453125001531e-05
4.599755781250002104e-05
4.609555234375001384e-05
4.619504687500000314e-05
4.629714140625000492e-05
4.639923593750000671e-05
4.650479609374999089e-05
4.661035625000001573e-05
4.672159140625001744e-05
4.683282656250001915e-05
4.694406171875004118e-05
4.705529687500002934e-05
4.717477265625000867e-05
4.729424843749999478e-05
4.741372421875001477e-05
4.753320000000005508e-05
4.766195468749997646e-05
4.779070937499999271e-05
4.791946406250004284e-05
4.804821874999999810e-05
4.818746406250003418e-05
4.832670937500007025e-05
4.846595468749996402e-05
4.860519999999987812e-05
4.875163124999995907e-05
4.890113124999998873e-05
4.905375312500002586e-05
4.920970000000006521e-05
8.897230000000000329e-04
8.571880000000000471e-04
9.020690000000001346e-04
8.176460000000002146e-04
8.239701562499999587e-04
8.298678750000001644e-04
8.353733437499994254e-04
8.405176874999996817e-04
8.453352656249997618e-04
8.498436562500000626e-04
8.540669843750000288e-04
8.580240000000001997e-04
8.617384375000003340e-04
8.652229999999999253e-04
8.054049999999999231e-04
8.059030000000000664e-04
8.063704374999999249e-04
8.068091249999994122e-04
8.072203124999996048e-04
8.076050000000000850e-04
8.079664140624998048e-04
8.083038593749996724e-04
8.086191796874999099e-04
8.089132187500001816e-04
8.091863671875003904e-04
8.094407656249999515e-04
8.096767265624997848e-04
8.098949375000001789e-04
8.100883906250003772e-04
8.102818437500000333e-04
8.104435625000000216e-04
8.106052812500001183e-04
8.107372343750001613e-04
8.108691875000000960e-04
8.109735937500001102e-04
8.110780000000000160e-04
8.111573125000000111e-04
8.112366250000000063e-04
8.112908124999999989e-04
8.113449999999999915e-04
8.113757578124999566e-04
8.114065156250001385e-04
8.114147578125001370e-04
8.114230000000001355e-04
8.114150000000000095e-04
8.113960000000000356e-04
8.113669999999996874e-04
8.041139999999996537e-04
8.104060000000000603e-04
7.822640000000000713e-04
7.882710000000003273e-04
7.859850000000000040e-04
7.842520000000001478e-04
7.829525000000002325e-04
7.819624062500000897e-04
7.812287499999999527e-04
7.806868125000001679e-04
7.803129374999999597e-04
7.800753437499999016e-04
7.799560000000000520e-04
7.799308750000002663e-04
7.799895000000003084e-04
7.801194999999997532e-04
7.803110000000003290e-04
7.805549999999999424e-04
7.911650000000000323e-04
7.912190000000001236e-04
7.912769999999999526e-04
7.913409999999999845e-04
7.914083749999994326e-04
7.914797500000000279e-04
7.915535000000001320e-04
7.916300000000000897e-04
7.917078749999997573e-04
7.917877499999999985e-04
7.918689999999998412e-04
7.919511874999998410e-04
7.920337499999996434e-04
7.921173749999998624e-04
7.921999999999998487e-04
7.922819999999998388e-04
7.923639999999998289e-04
7.924460000000000358e-04
7.925259999999999944e-04
7.926049999999999372e-04
7.901869999999997039e-04
7.906517499999997844e-04
7.911010000000004341e-04
7.915314531249998103e-04
7.919379999999998435e-04
7.923139062500002836e-04
7.926479999999999637e-04
7.929288281250003586e-04
7.931226562499996005e-04
7.707734843750002748e-04
7.704989999999999018e-04
7.702876250000001380e-04
7.701407812499996928e-04
7.700536250000002483e-04
7.700279999999999668e-04
0.000000000000000000e+00
4.590086542968751235e-05
4.599722617187500452e-05
4.609521660156250353e-05
4.619470703125001939e-05
4.629679746093751385e-05
4.639888789062499475e-05
4.650444316406248150e-05
4.660999843750001569e-05
4.672122871093750641e-05
4.683245898437501747e-05
4.694368925781252852e-05
4.705491953124999892e-05
4.717438964843754493e-05
4.729385976562507738e-05
4.741332988281252853e-05
4.753280000000005421e-05
4.766154882812501933e-05
4.779029765625007254e-05
4.791904648437498345e-05
4.804779531250003667e-05
4.818703398437499763e-05
4.832627265624995182e-05
4.846551132812490601e-05
4.860475000000006349e-05
4.875116718750005832e-05
4.890065468750009049e-05
4.905326796874986381e-05
4.920919999999996924e-05
8.851265000000001389e-04
8.562415000000000520e-04
9.012769999999998075e-04
8.171815000000000025e-04
8.235309453124999880e-04
8.294523749999998564e-04
8.349801171874995367e-04
8.401453906249999439e-04
8.449823867187497778e-04
8.495090546874994571e-04
8.537496132812498950e-04
8.577228750000000798e-04
8.614524999999998095e-04
8.649513437499995816e-04
8.049975781249996999e-04
8.054980625000000534e-04
8.059676249999998777e-04
8.064083750000000141e-04
8.068214999999999458e-04
8.072079999999997972e-04
8.075711308593750771e-04
8.079101914062499076e-04
8.082270332031252658e-04
8.085225078124998362e-04
8.087969863281250496e-04
8.090526523437499735e-04
8.092898027343752108e-04
8.095091406250000659e-04
8.097035585937498647e-04
8.098979765625000972e-04
8.100605468749998541e-04
8.102231171875001530e-04
8.103557851562501451e-04
8.104884531250000287e-04
8.105934765624998265e-04
8.106985000000001664e-04
8.107782656250002483e-04
8.108580312500002218e-04
8.109125781250001337e-04
8.109671250000000456e-04
8.109981386718752554e-04
8.110291523437501400e-04
8.110375761718750971e-04
8.110460000000000542e-04
8.110382500000002303e-04
8.110194999999997996e-04
8.109904999999998851e-04
8.040035000000000280e-04
8.107228750000002385e-04
7.822042500000000792e-04
7.878501250000003548e-04
7.855460000000000307e-04
7.837981249999999810e-04
7.824873749999998072e-04
7.814894609374998776e-04
7.807498125000001841e-04
7.802031093749999804e-04
7.798255156249998864e-04
7.795852890624996962e-04
7.794639999999995695e-04
7.794375937500000245e-04
7.794954999999995776e-04
7.796254374999999227e-04
7.798170000000001403e-04
7.853824999999996790e-04
7.907109999999998229e-04
7.907652499999995657e-04
7.908234999999994800e-04
7.908877500000003561e-04
7.909554062499997646e-04
7.910270625000003202e-04
7.911011249999996093e-04
7.911779375000000530e-04
7.912561562499999734e-04
7.913363750000002505e-04
7.914179999999996790e-04
7.915004531249999727e-04
7.915833124999997273e-04
7.916672812500001990e-04
7.917502499999997875e-04
7.918327500000000565e-04
7.919152499999996750e-04
7.919975000000000756e-04
7.920779999999998794e-04
7.921575000000001011e-04
7.897290000000002988e-04
7.901956875000003353e-04
7.906470000000003330e-04
7.910790429687502819e-04
7.914871249999999407e-04
7.918645234375002459e-04
7.922000000000001740e-04
7.924818867187504454e-04
7.926765234374999122e-04
7.703544101562502218e-04
7.700797500000001582e-04
7.698682812500002269e-04
7.697213671874998187e-04
7.696341562500005114e-04
7.696084999999999211e-04
0.000000000000000000e+00
4.590053632812498229e-05
4.599689453125000154e-05
4.609488085937500000e-05
4.619436718750002886e-05
4.629645351562500921e-05
4.639853984374999634e-05
4.650409023437500599e-05
4.660964062500000209e-05
4.672086601562502249e-05
4.683209140625001579e-05
4.694331679687502941e-05
4.705454218750003626e-05
4.717400664062503375e-05
4.729347109375002447e-05
4.741293554687504229e-05
4.753240000000003300e-05
4.766114296875004186e-05
4.778988593749998974e-05
4.791862890625006637e-05
4.804737187500001424e-05
4.818660390624996786e-05
4.832583593749997569e-05
4.846506796875009194e-05
4.860429999999997102e-05
4.875070312500002205e-05
4.890017812499995508e-05
4.905278281249999314e-05
4.920870000000009689e-05
8.805300000000002448e-04
8.552950000000002738e-04
9.004850000000001308e-04
8.167170000000000072e-04
8.230917343749999089e-04
8.290368749999997653e-04
8.345868906249999733e-04
8.397730937499999892e-04
8.446295078124996854e-04
8.491744531249998274e-04
8.534322421874999780e-04
8.574217500000000684e-04
8.611665624999999356e-04
8.646796874999997801e-04
8.045901562500001273e-04
8.050931250000001489e-04
8.055648125000001557e-04
8.060076249999999654e-04
8.064226874999998532e-04
8.068109999999998347e-04
8.071758476562499156e-04
8.075165234375000344e-04
8.078348867187499713e-04
8.081317968750000328e-04
8.084076054687498172e-04
8.086645390625001040e-04
8.089028789062502030e-04
8.091233437500000613e-04
8.093187265625001112e-04
8.095141093750002695e-04
8.096775312500001202e-04
8.098409531250001878e-04
8.099743359374996952e-04
8.101077187499999615e-04
8.102133593749999765e-04
8.103189999999998831e-04
8.103992187499998350e-04
8.104794374999998953e-04
8.105343437499995096e-04
8.105892499999997744e-04
8.106205195312495785e-04
8.106517890624999247e-04
8.106603945312500573e-04
8.106689999999999729e-04
8.106615000000000175e-04
8.106430000000002141e-04
8.106139999999998659e-04
8.038929999999997519e-04
8.110397499999998745e-04
7.821444999999998702e-04
7.874292499999998403e-04
7.851069999999998406e-04
7.833442500000001394e-04
7.820222500000006830e-04
7.810165156249999907e-04
7.802708750000000902e-04
7.797194062500001181e-04
7.793380937500000299e-04
7.790952343750001414e-04
7.789719999999999544e-04
7.789443125000001080e-04
7.790014999999998226e-04
7.791313749999996584e-04
7.793230000000001684e-04
7.902099999999999576e-04
7.902569999999999387e-04
7.903114999999999836e-04
7.903699999999999832e-04
7.904345000000001856e-04
7.905024374999997713e-04
7.905743749999997452e-04
7.906487500000001709e-04
7.907258749999999080e-04
7.908044374999997558e-04
7.908849999999998520e-04
7.909670000000002758e-04
7.910497187500001044e-04
7.911328750000002448e-04
7.912171875000002103e-04
7.913004999999997263e-04
7.913834999999997321e-04
7.914665000000000632e-04
7.915490000000002238e-04
7.916299999999999813e-04
7.917099999999999398e-04
7.892710000000002432e-04
7.897396250000002357e-04
7.901929999999997983e-04
7.906266328125001030e-04
7.910362500000001464e-04
7.914151406249996662e-04
7.917520000000001675e-04
7.920349453124997732e-04
7.922303906249997902e-04
7.699353359374999520e-04
7.696604999999997641e-04
7.694489374999997737e-04
7.693019531249997277e-04
7.692146875000002324e-04
7.691890000000000923e-04
0.000000000000000000e+00
4.590020722656250644e-05
4.599656289062499856e-05
4.609454511718751003e-05
4.619402734375002478e-05
4.629610957031253169e-05
4.639819179687499793e-05
4.650373730468751693e-05
4.660928281250001560e-05
4.672050332031252502e-05
4.683172382812502766e-05
4.694294433593750320e-05
4.705416484375001939e-05
4.717362363281249547e-05
4.729308242187506642e-05
4.741254121093748828e-05
4.753199999999997791e-05
4.766073085937507582e-05
4.778946171875007209e-05
4.791819257812500736e-05
4.804692343750001040e-05
4.818614257812506296e-05
4.832536171875000710e-05
4.846458085937511387e-05
4.860379999999992926e-05
4.875020156250010851e-05
4.889967656250006188e-05
4.905228515625002333e-05
4.920820000000002126e-05
8.758950000000000156e-04
8.543420000000000137e-04
8.996894999999999112e-04
8.162519999999998414e-04
8.226520546874996429e-04
8.286209375000000129e-04
8.341932578124996479e-04
8.394004218750001235e-04
8.442762851562498824e-04
8.488395390624999285e-04
8.531145898437495585e-04
8.571203749999998633e-04
8.608804062499999599e-04
8.644078437499999688e-04
8.041825781250002032e-04
8.046880624999998765e-04
8.051619062499999410e-04
8.056068125000002749e-04
8.060238437500001022e-04
8.064140000000003059e-04
8.067805957031248462e-04
8.071229179687498031e-04
8.074428339843748442e-04
8.077412109374998385e-04
8.080183808593749363e-04
8.082766132812500273e-04
8.085161738281250801e-04
8.087377968749999251e-04
8.089341757812502096e-04
8.091305546875001689e-04
8.092948593749998802e-04
8.094591640624999168e-04
8.095932929687500073e-04
8.097274218749998809e-04
8.098337109375000967e-04
8.099399999999999872e-04
8.100207343749998845e-04
8.101014687499997818e-04
8.101567968750002582e-04
8.102121249999997589e-04
8.102437128906251002e-04
8.102753007812498994e-04
8.102841503906250660e-04
8.102929999999996906e-04
8.102857500000004709e-04
8.102674999999996686e-04
8.102385000000004046e-04
8.038150000000000416e-04
8.113813750000001442e-04
7.821017499999997121e-04
7.870176249999998779e-04
7.846694999999999452e-04
7.828917499999998994e-04
7.815583750000000334e-04
7.805446953124998370e-04
7.797929375000003374e-04
7.792365781249997953e-04
7.788514218749995619e-04
7.786058046875000407e-04
7.784804999999999676e-04
7.784516562499996456e-04
7.785082499999995643e-04
7.786381875000001262e-04
7.788300000000003206e-04
7.897564999999999186e-04
7.898034999999996829e-04
7.898582500000000299e-04
7.899170000000000063e-04
7.899817499999996434e-04
7.900499687499995148e-04
7.901221874999998828e-04
7.901968750000000355e-04
7.902743125000001503e-04
7.903532187499998172e-04
7.904341250000000577e-04
7.905164999999997420e-04
7.905994843749997560e-04
7.906829374999998486e-04
7.907675937500002836e-04
7.908512500000001609e-04
7.909347500000000119e-04
7.910182499999998630e-04
7.911009999999998920e-04
7.911824999999999284e-04
7.912625000000002122e-04
7.888140000000004202e-04
7.892843124999999582e-04
7.897395000000000847e-04
7.901748476562506793e-04
7.905861249999998489e-04
7.909666328125003606e-04
7.913049999999994177e-04
7.915890039062499842e-04
7.917852578124995756e-04
7.695172617187502400e-04
7.692422500000000362e-04
7.690305937500002036e-04
7.688835390624998694e-04
7.687962187499998608e-04
7.687705000000001707e-04
0.000000000000000000e+00
4.589987812500001026e-05
4.599623124999998881e-05
4.609420937499999972e-05
4.619368750000000037e-05
4.629576562500001350e-05
4.639784374999999953e-05
4.650338437499998044e-05
4.660892499999998845e-05
4.672014062500002077e-05
4.683135624999999210e-05
4.694257187499999053e-05
4.705378749999998897e-05
4.717324062499999785e-05
4.729269375000002705e-05
4.741214687500006303e-05
4.753160000000003802e-05
4.766031875000002846e-05
4.778903749999999180e-05
4.791775624999996869e-05
4.804647499999995913e-05
4.818568125000005642e-05
4.832488750000001141e-05
4.846409375000000706e-05
4.860330000000005692e-05
4.874970000000005945e-05
4.889917499999998571e-05
4.905178750000001965e-05
4.920769999999991852e-05
8.712599999999998948e-04
8.533889999999999705e-04
8.988940000000001252e-04
8.157869999999998924e-04
8.222123749999997021e-04
8.282049999999998267e-04
8.337996249999997563e-04
8.390277500000000409e-04
8.439230625000000794e-04
8.485046250000000297e-04
8.527969375000000064e-04
8.568189999999999834e-04
8.605942499999999842e-04
8.641360000000001575e-04
8.037749999999997371e-04
8.042829999999998210e-04
8.047589999999999431e-04
8.052060000000001508e-04
8.056249999999998091e-04
8.060169999999999097e-04
8.063853437499997768e-04
8.067293125000001138e-04
8.070507812499998256e-04
8.073506250000000778e-04
8.076291562499999469e-04
8.078886875000002759e-04
8.081294687500001741e-04
8.083522499999998973e-04
8.085496250000000912e-04
8.087470000000001767e-04
8.089121874999998570e-04
8.090773750000000795e-04
8.092122500000001025e-04
8.093471249999999086e-04
8.094540625000000000e-04
8.095609999999998745e-04
8.096422500000000425e-04
8.097234999999998852e-04
8.097792500000000311e-04
8.098349999999999603e-04
8.098669062499999714e-04
8.098988124999997656e-04
8.099079062499997496e-04
8.099170000000000588e-04
8.099100000000000570e-04
8.098919999999998820e-04
8.098629999999998590e-04
8.037369999999998977e-04
8.117230000000001970e-04
7.820589999999998793e-04
7.866060000000002408e-04
7.842319999999999413e-04
7.824392499999999846e-04
7.810945000000001429e-04
7.800728750000001169e-04
7.793149999999999340e-04
7.787537500000002314e-04
7.783647500000001780e-04
7.781163749999995063e-04
7.779889999999999809e-04
7.779589999999998338e-04
7.780149999999997398e-04
7.781450000000000519e-04
7.783370000000002561e-04
7.893029999999999881e-04
7.893500000000000776e-04
7.894049999999998594e-04
7.894639999999999210e-04
7.895290000000001855e-04
7.895975000000000172e-04
7.896700000000000204e-04
7.897450000000003339e-04
7.898227499999998505e-04
7.899019999999997701e-04
7.899832499999999381e-04
7.900659999999998587e-04
7.901492499999996245e-04
7.902330000000003197e-04
7.903180000000001402e-04
7.904019999999999449e-04
7.904860000000001833e-04
7.905699999999998796e-04
7.906529999999998854e-04
7.907350000000000923e-04
7.908150000000000509e-04
7.883569999999999467e-04
7.888290000000000059e-04
7.892860000000001541e-04
7.897230625000000630e-04
7.901359999999998766e-04
7.905181250000002961e-04
7.908580000000000774e-04
7.911430625000003035e-04
7.913401249999999030e-04
7.690991875000003112e-04
7.688239999999997663e-04
7.686122500000001998e-04
7.684651249999997942e-04
7.683777500000004649e-04
7.683520000000000323e-04
0.000000000000000000e+00
4.589954902343750730e-05
4.599589960937501294e-05
4.609387363281250297e-05
4.619334765624998952e-05
4.629542167968752242e-05
4.639749570312501467e-05
4.650303144531251848e-05
4.660856718749998163e-05
4.671977792968752329e-05
4.683098867187503785e-05
4.694219941406252531e-05
4.705341015625005342e-05
4.717285761718753410e-05
4.729230507812499446e-05
4.741175253906250903e-05
4.753119999999998971e-05
4.765991289062499679e-05
4.778862578125001064e-05
4.791733867187503127e-05
4.804605156250008578e-05
4.818525117187501987e-05
4.832445078125000140e-05
4.846365039062498970e-05
4.860284999999997123e-05
4.874923593749993508e-05
4.889869843750001971e-05
4.905130234375003378e-05
4.920720000000005972e-05
8.665859999999999189e-04
8.524299999999999412e-04
8.980871249999998213e-04
8.153220000000001603e-04
8.217730664062495661e-04
8.277898046875000089e-04
8.334071054687497123e-04
8.386565624999999359e-04
8.435716953125001671e-04
8.481719374999996093e-04
8.524818828124999543e-04
8.565205937499999504e-04
8.603113710937501267e-04
8.638677421875003018e-04
8.033699414062498963e-04
8.038802656250001663e-04
8.043585585937499489e-04
8.048076015625002739e-04
8.052285820312500824e-04
8.056224374999996400e-04
8.059925019531247398e-04
8.063380898437501462e-04
8.066610839843748682e-04
8.069623671875000674e-04
8.072422324218750476e-04
8.075030351562501952e-04
8.077450097656250615e-04
8.079689218749996774e-04
8.081672656250001203e-04
8.083656093749998044e-04
8.085316523437501186e-04
8.086976953124998908e-04
8.088332890625000776e-04
8.089688828124997223e-04
8.090764414062498119e-04
8.091839999999999016e-04
8.092657031249998311e-04
8.093474062499995438e-04
8.094035156249999342e-04
8.094596249999996742e-04
8.094917871093752553e-04
8.095239492187498607e-04
8.095332246093750201e-04
8.095424999999997458e-04
8.095355000000002861e-04
8.095174999999998943e-04
8.094890000000000418e-04
8.037000000000002909e-04
8.120999999999998446e-04
7.820290000000000574e-04
7.861899999999999791e-04
7.837960000000000153e-04
7.819875390625000882e-04
7.806307031250002111e-04
7.796004218749999709e-04
7.788357187499999126e-04
7.782700390625003732e-04
7.778776562499999320e-04
7.776269843749998188e-04
7.774980000000001647e-04
7.774671249999997192e-04
7.775225000000002794e-04
7.776520000000000958e-04
7.778440000000000831e-04
7.888499999999999028e-04
7.888974999999999460e-04
7.889524999999999446e-04
7.890119999999999599e-04
7.890772109375002218e-04
7.891459531249997092e-04
7.892186953124999101e-04
7.892939687500004050e-04
7.893720078125004199e-04
7.894515781250001710e-04
7.895331484375001704e-04
7.896162499999997975e-04
7.896998281249999327e-04
7.897839375000004387e-04
7.898692812499999698e-04
7.899536250000000273e-04
7.900379687499999764e-04
7.901223125000001422e-04
7.902056562499998587e-04
7.902880000000001015e-04
7.897292499999997335e-04
7.879000000000002321e-04
7.877347499999998257e-04
7.888330000000000689e-04
7.892719492187497436e-04
7.896867187500000024e-04
7.900705390624998548e-04
7.904119999999998855e-04
7.906980195312502584e-04
7.908957890624998110e-04
7.686818085937497996e-04
7.684063437499999427e-04
7.681944765624998958e-04
7.680472578124999733e-04
7.679598046875000346e-04
7.679339999999999561e-04
0.000000000000000000e+00
4.589921992187499079e-05
4.599556796875000318e-05
4.609353789062498589e-05
4.619300781249999221e-05
4.629507773437500424e-05
4.639714765625000949e-05
4.650267851562498876e-05
4.660820937500001547e-05
4.671941523437502582e-05
4.683062109374998874e-05
4.694182695312502620e-05
4.705303281250002977e-05
4.717247460937496194e-05
4.729191640625004319e-05
4.741135820312502956e-05
4.753080000000005660e-05
4.765950703125003288e-05
4.778821406250004981e-05
4.791692109374997188e-05
4.804562812500002948e-05
4.818482109375000366e-05
4.832401406250000494e-05
4.846320703125004011e-05
4.860239999999994652e-05
4.874877187500002078e-05
4.889822187499999950e-05
4.905081718749997337e-05
4.920670000000001119e-05
8.619119999999998345e-04
8.514709999999996951e-04
8.972802499999998427e-04
8.148569999999997777e-04
8.213337578124996468e-04
8.273746093749996490e-04
8.330145859374997767e-04
8.382853749999997226e-04
8.432203281249999295e-04
8.478392499999999480e-04
8.521668281250000107e-04
8.562221875000000258e-04
8.600284921875002691e-04
8.635994843750003378e-04
8.029648828124999471e-04
8.034775312499998611e-04
8.039581171875002799e-04
8.044092031250001801e-04
8.048321640624997051e-04
8.052278749999999125e-04
8.055996601562499197e-04
8.059468671875000701e-04
8.062713867187499108e-04
8.065741093749999487e-04
8.068553085937497146e-04
8.071173828124997892e-04
8.073605507812499490e-04
8.075855937500001080e-04
8.077849062499998243e-04
8.079842187500001910e-04
8.081511171874997297e-04
8.083180156250001358e-04
8.084543281249999443e-04
8.085906406249999696e-04
8.086988203124999492e-04
8.088069999999999288e-04
8.088891562499998366e-04
8.089713125000001781e-04
8.090277812499997289e-04
8.090842499999999302e-04
8.091166679687498888e-04
8.091490859374999558e-04
8.091585429687497485e-04
8.091679999999999750e-04
8.091610000000004068e-04
8.091430000000002318e-04
8.091150000000004415e-04
8.036630000000003589e-04
8.124770000000001427e-04
7.819990000000002356e-04
7.857740000000002596e-04
7.833600000000000892e-04
7.815358281249997581e-04
7.801669062500000626e-04
7.791279687500000418e-04
7.783564374999999997e-04
7.777863281250000814e-04
7.773905625000001197e-04
7.771375937500001312e-04
7.770069999999999148e-04
7.769752500000003635e-04
7.770299999999999516e-04
7.771590000000001396e-04
7.773510000000001269e-04
7.883970000000003597e-04
7.884450000000000312e-04
7.884999999999999214e-04
7.885599999999999988e-04
7.886254218750003665e-04
7.886944062499998348e-04
7.887673906250002335e-04
7.888429374999999339e-04
7.889212656250004473e-04
7.890011562499998129e-04
7.890830468749999689e-04
7.891664999999999531e-04
7.892504062500000240e-04
7.893348750000002325e-04
7.894205624999999079e-04
7.895052500000000013e-04
7.895899375000003115e-04
7.896746250000004049e-04
7.897583124999998320e-04
7.898410000000002191e-04
7.899229999999996671e-04
7.900020000000003689e-04
7.879200000000000049e-04
7.883799999999997667e-04
7.888208359375002915e-04
7.892374375000001281e-04
7.896229531249999555e-04
7.899660000000001273e-04
7.902531015624998222e-04
7.904517031250001295e-04
7.682648046875000664e-04
7.679891875000000728e-04
7.677773281249998050e-04
7.676301406250002997e-04
7.675427343750001194e-04
7.675170000000000039e-04
0.000000000000000000e+00
4.589887207031248821e-05
4.599519882812499419e-05
4.609314589843748351e-05
4.619259296874998289e-05
4.629464003906250152e-05
4.639668710937501337e-05
4.650219433593748882e-05
4.660770156249998460e-05
4.671888378906251824e-05
4.683006601562501121e-05
4.694124824218751774e-05
4.705243046874995651e-05
4.717184785156255738e-05
4.729126523437496852e-05
4.741068261718750840e-05
4.753010000000001441e-05
4.765879179687498380e-05
4.778748359374997352e-05
4.791617539062505133e-05
4.804486718749996651e-05
4.818404414062497080e-05
4.832322109374998865e-05
4.846239804687502682e-05
4.860157499999998368e-05
4.874791718750002748e-05
4.889733906250001694e-05
4.904991015624991140e-05
4.920576249999992189e-05
8.571985468749998083e-04
8.505055312500000349e-04
8.964701406249995065e-04
8.143919999999999371e-04
8.208944492187495107e-04
8.269594140625000480e-04
8.326220664062496243e-04
8.379141874999997261e-04
8.428689609374999088e-04
8.475065624999997445e-04
8.518517734374997418e-04
8.559237812499998843e-04
8.597456132812498694e-04
8.633312265624998316e-04
8.025598242187498895e-04
8.030747968750002064e-04
8.035576757812498520e-04
8.040108046874997610e-04
8.044357460937496531e-04
8.048333124999996428e-04
8.052068183593746658e-04
8.055556445312498856e-04
8.058816894531246281e-04
8.061858515624999383e-04
8.064683847656250321e-04
8.067317304687496001e-04
8.069760917968745112e-04
8.072022656249994545e-04
8.074025468749994197e-04
8.076028281249996018e-04
8.077705820312497745e-04
8.079383359374999471e-04
8.080753671875000278e-04
8.082123984375000000e-04
8.083211992187499780e-04
8.084299999999997391e-04
8.085127031250001180e-04
8.085954062499997380e-04
8.086523281250002429e-04
8.087092499999998805e-04
8.087420175781251429e-04
8.087747851562499717e-04
8.087845175781252158e-04
8.087942499999997009e-04
8.087872812500003332e-04
8.087693124999999249e-04
8.087413437500003350e-04
8.036768749999999946e-04
8.029809062500002951e-04
7.819829375000000166e-04
7.853654687500004035e-04
7.829250000000002874e-04
7.810850859375004359e-04
7.797040468749998543e-04
7.786564218750002863e-04
7.778780312500004936e-04
7.773034609375001043e-04
7.769042812499997713e-04
7.766489843749998156e-04
7.765167499999999206e-04
7.764839062500002945e-04
7.765378125000001099e-04
7.766663437500001110e-04
7.768588750000003608e-04
7.879454062499998595e-04
7.879934375000003819e-04
7.880484687500002557e-04
7.881090000000001618e-04
7.881746328125005269e-04
7.882438593750004099e-04
7.883170859375004643e-04
7.883929062500000208e-04
7.884715234374999483e-04
7.885517343750003379e-04
7.886339453125001085e-04
7.887177500000002329e-04
7.888019843750000227e-04
7.888868125000003673e-04
7.889728437499999702e-04
7.890578750000000995e-04
7.891429062500003372e-04
7.892279375000001412e-04
7.893119687500002547e-04
7.893950000000000272e-04
7.894772499999997773e-04
7.895570000000007348e-04
7.874662500000000976e-04
7.879280000000005646e-04
7.883704726562501194e-04
7.887886562500002075e-04
7.891756171874999247e-04
7.895200000000001522e-04
7.898081835937501450e-04
7.900076171874999059e-04
7.678478007812498994e-04
7.675720312500002029e-04
7.673601796875002563e-04
7.672130234375000839e-04
7.671256640624999875e-04
7.671000000000000518e-04
0.000000000000000000e+00
4.589855546874999629e-05
4.599489218749999297e-05
4.609284765625001309e-05
4.619230312499999586e-05
4.629435859375001142e-05
4.639641406250002021e-05
4.650192890625000927e-05
4.660744375000001188e-05
4.671863359375000492e-05
4.682982343750003861e-05
4.694101328125003842e-05
4.705220312499998401e-05
4.717162734374998642e-05
4.729105156250002948e-05
4.741047578125006577e-05
4.752990000000004107e-05
4.765860781250000068e-05
4.778731562500000772e-05
4.791602343750004864e-05
4.804473124999999469e-05
4.818392343750001265e-05
4.832311562500003061e-05
4.846230781250004856e-05
4.860149999999998521e-05
4.874784374999998211e-05
4.889726874999989132e-05
4.904984687500000840e-05
4.920570000000006321e-05
8.524860000000000640e-04
8.495409999999999897e-04
8.956610000000005036e-04
8.139279999999998955e-04
8.204561718750001328e-04
8.265452812499999961e-04
8.322306406249996551e-04
8.375441249999998963e-04
8.425187500000000385e-04
8.471750624999996749e-04
8.515379374999998072e-04
8.556266249999998439e-04
8.594640156250000964e-04
8.630642812499999357e-04
8.021561093749999920e-04
8.026734374999999365e-04
8.031586406249996597e-04
8.036138437500001033e-04
8.040407968749995870e-04
8.044402499999999930e-04
8.048155078125001239e-04
8.051659843749998545e-04
8.054935859375001329e-04
8.057992187500001569e-04
8.060831171875003451e-04
8.063477656249998238e-04
8.065933515625000119e-04
8.068206874999999398e-04
8.070219687500001376e-04
8.072232500000000102e-04
8.073918906249999330e-04
8.075605312499998557e-04
8.076983125000001922e-04
8.078360937499998781e-04
8.079455468749999463e-04
8.080550000000000146e-04
8.081381874999995964e-04
8.082213749999997204e-04
8.082786875000000197e-04
8.083359999999999938e-04
8.083690546875001593e-04
8.084021093749997828e-04
8.084120546875002943e-04
8.084220000000001552e-04
8.084150000000002619e-04
8.083969999999995448e-04
8.083690000000001881e-04
8.036920000000000565e-04
7.934860000000000394e-04
7.819679999999996391e-04
7.849580000000003135e-04
7.824909999999999591e-04
7.806352812499995361e-04
7.792420624999998359e-04
7.781856874999999946e-04
7.774003749999998337e-04
7.768212812499998739e-04
7.764186250000001781e-04
7.761609375000002881e-04
7.760270000000000969e-04
7.759930000000001037e-04
7.760459999999996372e-04
7.761739999999998094e-04
7.763670000000000293e-04
7.874939999999995858e-04
7.875419999999997995e-04
7.875969999999996897e-04
7.876580000000001081e-04
7.877239062500001124e-04
7.877934375000001602e-04
7.878669687500000542e-04
7.879431250000000844e-04
7.880220937499998269e-04
7.881026875000000150e-04
7.881852812499998010e-04
7.882694999999998158e-04
7.883541249999998337e-04
7.884393750000000646e-04
7.885258124999999958e-04
7.886112499999998028e-04
7.886966874999998267e-04
7.887821249999996337e-04
7.888665624999999671e-04
7.889499999999999595e-04
7.890320000000002748e-04
7.891119999999999081e-04
7.870130000000000355e-04
7.874769999999999687e-04
7.879211093750001799e-04
7.883408749999994353e-04
7.887292812500002349e-04
7.890749999999998677e-04
7.893641406250002240e-04
7.895642812499999380e-04
7.674314218750002709e-04
7.671553750000000699e-04
7.669434062500001849e-04
7.667961562500001703e-04
7.667087187500001150e-04
7.666830000000000997e-04
0.000000000000000000e+00
4.589821074218749478e-05
4.599452929687500644e-05
4.609246503906249358e-05
4.619190078124997724e-05
4.629393652343749370e-05
4.639597226562499661e-05
4.650146660156250324e-05
4.660696093749996921e-05
4.671813027343751370e-05
4.682929960937500397e-05
4.694046894531252135e-05
4.705163828124998452e-05
4.717104121093750762e-05
4.729044414062496296e-05
4.740984707031249961e-05
4.752924999999998882e-05
4.765793007812501182e-05
4.778661015624996705e-05
4.791529023437496294e-05
4.804397031249995882e-05
4.818313398437499586e-05
4.832229765624999901e-05
4.846146132812500216e-05
4.860062499999990367e-05
4.874695156249989471e-05
4.889636093749996122e-05
4.904892734374993539e-05
4.920476249999994003e-05
8.477335468749997490e-04
8.485690312499998477e-04
8.948473906249996244e-04
8.134625000000002097e-04
8.200164101562499100e-04
8.261296796875001753e-04
8.318377617187494751e-04
8.371726250000002811e-04
8.421671171875001576e-04
8.468421562499999118e-04
8.512227109374997372e-04
8.553280937499995514e-04
8.591810585937501715e-04
8.627959921875000965e-04
8.017510664062500346e-04
8.022707656250000320e-04
8.027583085937500416e-04
8.032156015625001441e-04
8.036445820312500786e-04
8.040459374999999170e-04
8.044229628906248222e-04
8.047751054687497059e-04
8.051042792968745362e-04
8.054113984374999162e-04
8.056966777343750824e-04
8.059626445312501140e-04
8.062094707031250288e-04
8.064379843749998247e-04
8.066402812499998132e-04
8.068425781249999101e-04
8.070121210937497916e-04
8.071816640624997815e-04
8.073202109374999318e-04
8.074587578124997568e-04
8.075688789062497987e-04
8.076789999999997322e-04
8.077628281249996274e-04
8.078466562499997394e-04
8.079045156250000762e-04
8.079623749999997624e-04
8.079958730468748572e-04
8.080293710937498436e-04
8.080396855468748897e-04
8.080500000000001527e-04
8.080437500000004067e-04
8.080260000000003169e-04
8.079872500000000049e-04
8.037569999999999958e-04
7.931762499999999057e-04
7.819580000000000237e-04
7.845406249999999082e-04
7.820579999999997551e-04
7.801863203125002522e-04
7.787807656249998893e-04
7.777154843749999654e-04
7.769230937500000607e-04
7.763393203124999619e-04
7.759330312499997931e-04
7.756727968749999426e-04
7.755369999999999712e-04
7.755020000000003959e-04
7.755549999999998209e-04
7.784542500000005572e-04
7.870019999999999707e-04
7.898140000000002277e-04
7.870910000000003962e-04
7.871459999999996359e-04
7.872069999999999458e-04
7.872731796875002399e-04
7.873430156250001274e-04
7.874168515625000779e-04
7.874933437499999312e-04
7.875726640624995971e-04
7.876536406249999090e-04
7.877366171875000355e-04
7.878212500000000493e-04
7.879062656249995363e-04
7.879919374999997620e-04
7.880787812499994794e-04
7.881646249999996147e-04
7.882504687499999668e-04
7.883363124999996684e-04
7.884211562499997879e-04
7.885049999999995665e-04
7.885875000000001607e-04
7.886680000000003982e-04
7.865600000000000586e-04
7.870255000000001781e-04
7.874714960937498299e-04
7.878930937500003978e-04
7.882831953124997629e-04
7.886305000000001873e-04
7.889206601562502238e-04
7.891215703124998581e-04
7.670157304687500637e-04
7.667394687500001926e-04
7.665274453125001195e-04
7.663801640625000130e-04
7.662927109375002911e-04
7.662669999999999464e-04
0.000000000000000000e+00
4.589789726562499715e-05
4.599422890625000734e-05
4.609217617187502637e-05
4.619162343750001480e-05
4.629367070312500893e-05
4.639571796875000307e-05
4.650122304687501760e-05
4.660672812500004568e-05
4.671790820312504385e-05
4.682908828125001492e-05
4.694026835937499954e-05
4.705144843750007903e-05
4.717086132812507249e-05
4.729027421875007950e-05
4.740968710937508651e-05
4.752910000000008675e-05
4.765778359375006859e-05
4.778646718750007754e-05
4.791515078125006615e-05
4.804383437500006832e-05
4.818300078125002667e-05
4.832216718749992402e-05
4.846133359375003145e-05
4.860050000000007788e-05
4.874684062499995852e-05
4.889626562500005069e-05
4.904885156250008912e-05
4.920469999999991194e-05
8.429820000000003664e-04
8.475979999999995376e-04
8.940347500000002954e-04
8.129979999999998892e-04
8.195776796874994696e-04
8.257151406249997952e-04
8.314459765624998035e-04
8.368022500000000738e-04
8.418166406249998849e-04
8.465104374999998489e-04
8.509087031250000014e-04
8.550308124999999020e-04
8.588993828124998975e-04
8.625290156249997833e-04
8.013473671874998035e-04
8.018694687499999460e-04
8.023593828125003338e-04
8.028187968750001872e-04
8.032498359374997971e-04
8.036531250000000272e-04
8.040319492187502325e-04
8.043857890625001443e-04
8.047165664062501606e-04
8.050252031250000129e-04
8.053118945312500322e-04
8.055792109374999496e-04
8.058273085937497915e-04
8.060570312499999810e-04
8.062603749999999606e-04
8.064637187500000486e-04
8.066341953125000892e-04
8.068046718749998045e-04
8.069440156250002943e-04
8.070833593749999167e-04
8.071941796875000243e-04
8.073049999999999150e-04
8.073892187499997130e-04
8.074734375000000531e-04
8.075315937499997999e-04
8.075897499999997635e-04
8.076234414062498108e-04
8.076571328124998580e-04
8.076675664062500041e-04
8.076779999999998249e-04
8.076719999999996220e-04
8.076540000000000975e-04
8.076259999999998735e-04
8.038640000000000542e-04
7.928979999999999969e-04
7.819690000000001969e-04
7.841337500000000477e-04
7.816249999999999847e-04
7.797374843749998183e-04
7.783197187500002449e-04
7.772456562500001725e-04
7.764463125000003497e-04
7.758579843750003716e-04
7.754481874999996638e-04
7.751855312499998955e-04
7.750480000000001864e-04
7.750110000000003628e-04
7.750630000000000974e-04
7.751910000000000528e-04
7.865509999999999169e-04
7.865910000000000046e-04
7.866399999999999088e-04
7.866950000000002326e-04
7.867559999999998921e-04
7.868224531249999338e-04
7.868925937500000946e-04
7.869667343749997762e-04
7.870435624999995612e-04
7.871232343749998009e-04
7.872045937500002366e-04
7.872879531249996196e-04
7.873730000000000659e-04
7.874584062499997809e-04
7.875445000000001099e-04
7.876317500000001555e-04
7.877179999999997517e-04
7.878042499999997816e-04
7.878905000000002452e-04
7.879757500000000425e-04
7.880599999999999324e-04
7.881429999999999382e-04
7.882240000000001294e-04
7.861070000000002986e-04
7.865739999999994117e-04
7.870218828124999136e-04
7.874453124999997340e-04
7.878371093749998331e-04
7.881859999999997479e-04
7.884771796875001152e-04
7.886788593750001033e-04
7.666000390624996396e-04
7.663235624999998816e-04
7.661114843750001626e-04
7.659641718750003977e-04
7.658767031250000336e-04
7.658510000000000100e-04
0.000000000000000000e+00
4.589756035156250508e-05
4.599388164062498548e-05
4.609181699218750129e-05
4.619125234375001362e-05
4.629328769531249098e-05
4.639532304687498190e-05
4.650081542968748956e-05
4.660630781250000399e-05
4.671747519531253595e-05
4.682864257812496627e-05
4.693980996093747790e-05
4.705097734375000308e-05
4.717037675781249280e-05
4.728977617187503672e-05
4.740917558593750610e-05
4.752857500000002292e-05
4.765724492187507972e-05
4.778591484374998744e-05
4.791458476562502391e-05
4.804325468749999939e-05
4.818240664062498161e-05
4.832155859375009935e-05
4.846071054687504768e-05
4.859986249999994181e-05
4.874618125000001827e-05
4.889558593749998832e-05
4.904815546874999744e-05
4.920398125000003276e-05
8.381902734374999065e-04
8.466202656249998282e-04
8.932181328125000236e-04
8.125322499999999013e-04
8.191377382812497750e-04
8.252994296875001403e-04
8.310530585937497524e-04
8.364307812499999000e-04
8.414651093749998421e-04
8.461777031250001038e-04
8.505937187499998040e-04
8.547325937499998787e-04
8.586168085937502048e-04
8.622611796875000309e-04
8.009428476562497875e-04
8.014673906250000543e-04
8.019597148437499325e-04
8.024212890624998415e-04
8.028544257812500820e-04
8.032596874999999243e-04
8.036403496093747585e-04
8.039959257812498948e-04
8.043283457031247512e-04
8.046385390624998142e-04
8.049266816406249912e-04
8.051953867187498825e-04
8.054447949218748477e-04
8.056757656250000850e-04
8.058801953125000351e-04
8.060846249999999852e-04
8.062560742187501643e-04
8.064275234374999098e-04
8.065677031249999596e-04
8.067078828125000094e-04
8.068194414062500536e-04
8.069309999999996642e-04
8.070158593750002092e-04
8.071007187499998868e-04
8.071594218750001047e-04
8.072181249999998889e-04
8.072522597656247570e-04
8.072863945312502756e-04
8.072971972656250647e-04
8.073079999999998538e-04
8.073017500000001078e-04
8.072840000000001265e-04
8.072387499999995495e-04
8.040220000000000483e-04
7.925858749999997038e-04
7.819682499999999412e-04
7.837219999999995006e-04
7.811939999999998122e-04
7.792903984375001980e-04
7.778601718750000277e-04
7.767770781249998301e-04
7.759705312500003293e-04
7.753773984375001696e-04
7.749638437499999219e-04
7.746985156250001505e-04
7.745589999999997512e-04
7.745210000000000202e-04
7.745720000000000643e-04
7.746997500000001513e-04
7.860999999999998631e-04
7.861407500000004234e-04
7.861900000000004128e-04
7.862452500000001714e-04
7.863070000000001950e-04
7.863736640625000173e-04
7.864440468750001590e-04
7.865184296875001469e-04
7.865955312500001132e-04
7.866754921874998755e-04
7.867571718750001426e-04
7.868408515624996822e-04
7.869262499999998351e-04
7.870119843750001364e-04
7.870984374999999509e-04
7.871860312500000324e-04
7.872726249999999898e-04
7.873592187499998387e-04
7.874458125000003382e-04
7.875314062500001714e-04
7.876160000000000973e-04
7.876989687500000111e-04
7.877804375000003892e-04
7.856544062499999995e-04
7.861238749999999815e-04
7.865734882812494642e-04
7.869985937500003541e-04
7.873919296874998600e-04
7.877422499999997812e-04
7.880343554687500949e-04
7.882367109374998357e-04
7.661848164062500530e-04
7.659080312499999153e-04
7.656958046875001660e-04
7.655483671874999249e-04
7.654607890625000520e-04
7.654349999999999652e-04
0.000000000000000000e+00
4.589723906250000479e-05
4.599356562500000139e-05
4.609150468750001253e-05
4.619094374999999986e-05
4.629298281249999967e-05
4.639502187500001981e-05
4.650051718750005980e-05
4.660601250000001171e-05
4.671718281250002180e-05
4.682835312500002511e-05
4.693952343750000810e-05
4.705069375000000463e-05
4.717009531250005014e-05
4.728949687500006176e-05
4.740889843749999884e-05
4.752829999999996980e-05
4.765697187499999847e-05
4.778564375000002036e-05
4.791431562499999481e-05
4.804298750000000315e-05
4.818214062499996035e-05
4.832129375000010729e-05
4.846044687500005772e-05
4.859960000000001492e-05
4.874591250000006893e-05
4.889531249999998317e-05
4.904788124999989377e-05
4.920370000000003850e-05
8.333989999999998587e-04
8.456429999999997638e-04
8.924020000000000390e-04
8.120670000000000839e-04
8.186983124999995922e-04
8.248842499999999890e-04
8.306606874999997387e-04
8.360598749999999723e-04
8.411141562499997119e-04
8.458455624999997209e-04
8.502793437499998278e-04
8.544349999999999602e-04
8.583348749999997413e-04
8.619940000000000414e-04
8.005389999999996346e-04
8.010660000000000176e-04
8.015607500000001369e-04
8.020245000000000932e-04
8.024597499999999804e-04
8.028669999999998603e-04
8.032495156250000741e-04
8.036068437500001015e-04
8.039409218749997898e-04
8.042526874999999468e-04
8.045422968750000564e-04
8.048124062499998049e-04
8.050631406249999936e-04
8.052953749999998368e-04
8.055009062499996408e-04
8.057064374999998784e-04
8.058788749999998627e-04
8.060513125000001722e-04
8.061923437499999906e-04
8.063333750000001342e-04
8.064456874999997816e-04
8.065579999999997543e-04
8.066432499999996600e-04
8.067285000000001078e-04
8.067874999999996273e-04
8.068464999999999058e-04
8.068808281249998347e-04
8.069151562500001974e-04
8.069260781249997612e-04
8.069369999999999755e-04
8.069309999999998810e-04
8.069140000000001554e-04
8.068850000000002409e-04
8.042470000000001215e-04
7.923239999999994159e-04
7.820010000000001587e-04
7.833269999999998949e-04
7.807630000000000733e-04
7.788433125000000356e-04
7.774006250000002442e-04
7.763084999999999214e-04
7.754947500000000920e-04
7.748968125000001844e-04
7.744794999999998547e-04
7.742114999999999718e-04
7.740699999999999664e-04
7.740310000000005450e-04
7.740810000000000312e-04
7.742090000000002034e-04
7.856500000000001503e-04
7.856909999999998201e-04
7.857400000000000495e-04
7.857950000000000481e-04
7.858570000000000486e-04
7.859239374999997269e-04
7.859946250000002504e-04
7.860693125000000779e-04
7.861467499999999758e-04
7.862270625000000951e-04
7.863091250000001607e-04
7.863931875000000410e-04
7.864789999999998674e-04
7.865651250000000715e-04
7.866519999999996640e-04
7.867399999999998570e-04
7.868270000000003594e-04
7.869140000000002114e-04
7.870010000000000634e-04
7.870870000000001164e-04
7.871720000000002621e-04
7.872549999999995090e-04
7.873369999999999327e-04
7.852019999999998185e-04
7.856739999999998777e-04
7.861254062500001513e-04
7.865522500000000179e-04
7.869471874999996565e-04
7.872989999999997681e-04
7.875920937499998869e-04
7.877951874999999981e-04
7.657702812499997793e-04
7.654932500000000964e-04
7.652809374999997418e-04
7.651334375000000756e-04
7.650458124999997937e-04
7.650199999999998278e-04
0.000000000000000000e+00
4.589690996093751538e-05
4.599323398437498486e-05
4.609116894531252256e-05
4.619060390625000256e-05
4.629263886718752892e-05
4.639467382812505528e-05
4.650016425781250298e-05
4.660565468750002522e-05
4.671682011718749044e-05
4.682798554687504376e-05
4.693915097656252932e-05
4.705031640625002842e-05
4.716971230468753218e-05
4.728910820312499529e-05
4.740850410156251260e-05
4.752790000000001636e-05
4.765656601562504811e-05
4.778523203124997144e-05
4.791389804687502352e-05
4.804256406250008237e-05
4.818171054687491026e-05
4.832085703125011083e-05
4.846000351562505391e-05
4.859915000000003765e-05
4.874544843750007331e-05
4.889483593750009848e-05
4.904739609375009763e-05
4.920319999999992898e-05
8.285674999999998423e-04
8.446585000000000377e-04
8.915733750000000160e-04
8.116019999999998097e-04
8.182595820312496939e-04
8.244702109374996710e-04
8.302699023437495407e-04
8.356910000000000597e-04
8.407656796875000128e-04
8.455163437499998600e-04
8.499683359374997057e-04
8.541412187499994443e-04
8.580570429687498293e-04
8.617312109375000178e-04
8.001382695312499009e-04
8.006677031250001957e-04
8.011647929687496254e-04
8.016306328124998912e-04
8.020679101562503376e-04
8.024770625000000835e-04
8.028613222656251925e-04
8.032202929687498431e-04
8.035559199218749631e-04
8.038691484375000548e-04
8.041601152343752631e-04
8.044315195312500347e-04
8.046834707031246372e-04
8.049168593750002281e-04
8.051233828124998351e-04
8.053299062499999841e-04
8.055032226562502647e-04
8.056765390624998947e-04
8.058183124999996477e-04
8.059600859374999428e-04
8.060730429687496847e-04
8.061859999999999686e-04
8.062717656249998198e-04
8.063575312500001046e-04
8.064169531250002694e-04
8.064763749999998921e-04
8.065110214843748161e-04
8.065456679687502822e-04
8.065568339843747717e-04
8.065680000000000202e-04
8.065620000000000341e-04
8.065450000000000917e-04
8.064837500000003470e-04
8.045599999999999540e-04
7.920099999999996761e-04
7.820289999999996237e-04
7.829204999999996202e-04
7.803330000000000249e-04
7.783971328124998298e-04
7.769418906250000331e-04
7.758406406250001764e-04
7.750195937500003931e-04
7.744167578125000281e-04
7.739955937500000993e-04
7.737248281249996121e-04
7.735812500000000501e-04
7.735411562500001201e-04
7.735908125000004378e-04
7.737178437499999274e-04
7.852003750000002402e-04
7.852415937500000116e-04
7.852905625000003659e-04
7.853459062499998583e-04
7.854079999999999178e-04
7.854751718749997981e-04
7.855461250000002902e-04
7.856210781249998694e-04
7.856988125000000447e-04
7.857794374999996743e-04
7.858618437500005348e-04
7.859462499999995836e-04
7.860324374999997548e-04
7.861188984374997820e-04
7.862061406250004823e-04
7.862944921875000565e-04
7.863818437500002655e-04
7.864691953124997156e-04
7.865565468749999246e-04
7.866428984374997926e-04
7.867282499999998617e-04
7.868118593749998720e-04
7.868942187499997814e-04
7.847507031250001378e-04
7.852241874999998494e-04
7.856773398437497460e-04
7.861058750000003486e-04
7.865023671874998195e-04
7.868556249999998208e-04
7.871497226562500617e-04
7.873535703124997761e-04
7.653556679687500888e-04
7.650784062500000935e-04
7.648660234375005348e-04
7.647184765625001344e-04
7.646308203125000858e-04
7.646050000000002324e-04
0.000000000000000000e+00
4.589658085937496499e-05
4.599290234375001576e-05
4.609083320312499192e-05
4.619026406250001203e-05
4.629229492187500396e-05
4.639432578125001622e-05
4.649981132812504780e-05
4.660529687500003873e-05
4.671645742187503363e-05
4.682761796875004208e-05
4.693877851562505054e-05
4.704993906250001155e-05
4.716932929687502778e-05
4.728871953125009144e-05
4.740810976562504669e-05
4.752750000000002903e-05
4.765616015625001643e-05
4.778482031250009192e-05
4.791348046875001834e-05
4.804214062500000574e-05
4.818128046874995503e-05
4.832042031249999918e-05
4.845956015624996880e-05
4.859870000000006716e-05
4.874498437500001671e-05
4.889435937500005795e-05
4.904691093749997624e-05
4.920270000000000242e-05
8.237360000000000428e-04
8.436739999999999864e-04
8.907447500000004268e-04
8.111370000000001860e-04
8.178208515625002293e-04
8.240561718749998951e-04
8.298791171874998849e-04
8.353221249999996049e-04
8.404172031249999885e-04
8.451871249999999992e-04
8.496573281249999087e-04
8.538474374999994706e-04
8.577792109374997006e-04
8.614684218749998857e-04
7.997375390624998420e-04
8.002694062499997232e-04
8.007688359374999813e-04
8.012367656249999061e-04
8.016760703124999358e-04
8.020871249999998731e-04
8.024731289062498772e-04
8.028337421875000185e-04
8.031709179687500279e-04
8.034856093750000544e-04
8.037779335937500361e-04
8.040506328124998308e-04
8.043038007812498228e-04
8.045383437499996435e-04
8.047458593750001377e-04
8.049533750000000898e-04
8.051275703125004499e-04
8.053017656250002678e-04
8.054442812499999554e-04
8.055867968750000767e-04
8.057003984375001298e-04
8.058139999999999661e-04
8.059002812500000879e-04
8.059865624999999929e-04
8.060464062499997188e-04
8.061062499999996616e-04
8.061412148437499059e-04
8.061761796875001503e-04
8.061875898437496739e-04
8.061989999999999565e-04
8.061930000000001872e-04
8.061760000000001364e-04
8.061479999999999124e-04
8.050039999999996808e-04
7.917659999999998458e-04
7.820660000000002063e-04
7.825189999999998579e-04
7.799039999999998838e-04
7.779518906249999980e-04
7.764840312500001203e-04
7.753735937500001122e-04
7.745451874999999741e-04
7.739373906250003772e-04
7.735123125000000150e-04
7.732387187499999322e-04
7.730930000000003043e-04
7.730517499999996819e-04
7.731009999999998881e-04
7.732269999999998120e-04
7.847509999999998731e-04
7.847923750000002129e-04
7.848412499999995323e-04
7.848968750000003946e-04
7.849590000000000040e-04
7.850264375000000697e-04
7.850976875000002971e-04
7.851729374999999369e-04
7.852510000000000479e-04
7.853319687500001471e-04
7.854147499999998344e-04
7.854995312499999868e-04
7.855861250000002695e-04
7.856729531249998866e-04
7.857605937499999435e-04
7.858493281250004004e-04
7.859370624999998658e-04
7.860247968749999817e-04
7.861125312500002061e-04
7.861992656249999810e-04
7.862849999999999570e-04
7.863692500000001723e-04
7.864520000000002013e-04
7.843000000000001446e-04
7.847749999999999258e-04
7.852299296874999711e-04
7.856601875000002091e-04
7.860582656249997125e-04
7.864129999999999125e-04
7.867081328124997169e-04
7.869127656249996685e-04
7.649418984374997373e-04
7.646644374999998469e-04
7.644520156250000920e-04
7.643044531250000250e-04
7.642167968749996512e-04
7.641909999999998938e-04
0.000000000000000000e+00
4.589623613281249736e-05
4.599253945312502246e-05
4.609045058593748596e-05
4.618986171875000697e-05
4.629187285156250657e-05
4.639388398437501294e-05
4.649934902343750789e-05
4.660481406250003672e-05
4.671595410156249498e-05
4.682709414062502778e-05
4.693823417968755380e-05
4.704937421875007305e-05
4.716874316406250833e-05
4.728811210937499104e-05
4.740748105468753473e-05
4.752685000000003777e-05
4.765548242187500724e-05
4.778411484375004448e-05
4.791274726562501395e-05
4.804137968749999698e-05
4.818049101562494501e-05
4.831960234375012344e-05
4.845871367187501048e-05
4.859782500000011437e-05
4.874409218750009194e-05
4.889345156249996522e-05
4.904599140624989645e-05
4.920176249999991990e-05
8.188645468750001310e-04
8.426830312500001958e-04
8.899123906249994422e-04
8.106710000000000044e-04
8.173811523437495398e-04
8.236411953124998537e-04
8.294874257812495134e-04
8.349523749999998275e-04
8.400678828124997577e-04
8.448570937499994818e-04
8.493455390624999810e-04
8.535529062499997831e-04
8.575006601562499501e-04
8.612049453124996819e-04
7.993361523437495864e-04
7.998704843750000133e-04
8.003722851562498908e-04
8.008423359374997833e-04
8.012836992187501390e-04
8.016966874999997090e-04
8.020844667968750254e-04
8.024467539062498820e-04
8.027855097656246561e-04
8.031016953125000345e-04
8.033954082031248816e-04
8.036694335937496830e-04
8.039238496093751565e-04
8.041595781249999495e-04
8.043681171874999050e-04
8.045766562499997521e-04
8.047517617187500668e-04
8.049268671875002730e-04
8.050701562499995535e-04
8.052134453124999182e-04
8.053277226562496156e-04
8.054419999999999635e-04
8.055289218749999650e-04
8.056158437499996413e-04
8.056762343749999467e-04
8.057366250000001437e-04
8.057720332031253173e-04
8.058074414062498404e-04
8.058192207031248744e-04
8.058310000000005590e-04
8.058252500000004414e-04
8.058080000000003053e-04
8.056505000000002649e-04
8.056670000000001452e-04
7.965932500000000391e-04
7.821110000000004812e-04
7.873442500000002366e-04
7.794759999999998669e-04
7.775075234375002477e-04
7.760269218749997044e-04
7.749071718750002611e-04
7.740712812499998341e-04
7.734583984374996616e-04
7.730292812499995822e-04
7.727527343749997528e-04
7.726047500000000163e-04
7.725621562499999928e-04
7.726108124999999695e-04
7.727368437499999854e-04
7.843018750000000251e-04
7.843435937499997502e-04
7.843925624999995624e-04
7.844486562499998527e-04
7.845109999999998890e-04
7.845786718749999398e-04
7.846501874999995936e-04
7.847257031250000694e-04
7.848040624999996990e-04
7.848853437500001758e-04
7.849684687500000074e-04
7.850535937499999789e-04
7.851405624999997388e-04
7.852277265624998297e-04
7.853157343749999101e-04
7.854048203124996399e-04
7.854929062500000045e-04
7.855809921875000438e-04
7.856690781249999747e-04
7.857561640624999982e-04
7.858422499999998976e-04
7.859268593750001405e-04
7.860097187500005456e-04
7.849747031250003037e-04
7.843256875000000680e-04
7.847824882812499958e-04
7.852145624999998198e-04
7.856143203124998486e-04
7.859706250000001978e-04
7.862667617187500159e-04
7.864721484374998959e-04
7.645282851562502794e-04
7.642505937500001850e-04
7.640381015625000334e-04
7.638904921875000996e-04
7.638028046875000674e-04
7.637769999999999889e-04
0.000000000000000000e+00
4.589592265624999295e-05
4.599223906250000981e-05
4.609016171875002552e-05
4.618958437500001065e-05
4.629160703125001502e-05
4.639362968750003295e-05
4.649910546875002225e-05
4.660458124999999121e-05
4.671573203125005223e-05
4.682688281250001839e-05
4.693803359375005909e-05
4.704918437500001170e-05
4.716856328124997833e-05
4.728794218750004659e-05
4.740732109375000644e-05
4.752670000000002728e-05
4.765533593750005047e-05
4.778397187500001267e-05
4.791260781250004263e-05
4.804124374999993029e-05
4.818035781250000970e-05
4.831947187499995358e-05
4.845858593749999911e-05
4.859769999999999043e-05
4.874398125000000667e-05
4.889335625000002081e-05
4.904591562500007729e-05
4.920169999999991214e-05
8.139940000000000673e-04
8.416930000000002370e-04
8.890810000000003328e-04
8.102059999999999471e-04
8.169424843749998255e-04
8.232272812500000120e-04
8.290968281249996505e-04
8.345837499999996748e-04
8.397197187500000026e-04
8.445282499999996403e-04
8.490349687499998453e-04
8.532596249999999799e-04
8.572233906250001758e-04
8.609427812500003050e-04
7.989361093750001414e-04
7.994729374999997966e-04
7.999771406249999274e-04
8.004493437500000965e-04
8.008927968750000027e-04
8.013077499999999480e-04
8.016973359375001267e-04
8.020613281249998989e-04
8.024016953125002885e-04
8.027194062499998098e-04
8.030145390625002648e-04
8.032899218749997312e-04
8.035456171875001276e-04
8.037825625000002017e-04
8.039921562500000358e-04
8.042017499999997614e-04
8.043777968749999058e-04
8.045538437500002671e-04
8.046979374999999914e-04
8.048420312499999325e-04
8.049570156249999083e-04
8.050719999999999925e-04
8.051593124999998968e-04
8.052466249999996927e-04
8.053073124999999503e-04
8.053680000000000994e-04
8.054036015625003339e-04
8.054392031249998094e-04
8.054511015625002686e-04
8.054630000000000773e-04
8.054580000000002155e-04
8.054409999999996225e-04
8.054130000000000490e-04
8.068490000000001078e-04
7.912250000000000012e-04
7.612459999999999279e-04
7.817150000000001007e-04
7.790489999999997573e-04
7.770640937499996787e-04
7.755706875000000205e-04
7.744415624999998740e-04
7.735981249999998415e-04
7.729800937499996683e-04
7.725468749999999047e-04
7.722673125000001446e-04
7.721170000000001157e-04
7.720730000000001819e-04
7.721209999999998535e-04
7.722469999999999942e-04
7.838530000000002622e-04
7.838949999999998393e-04
7.839439999999996351e-04
7.840004999999997115e-04
7.840629999999999909e-04
7.841309375000000102e-04
7.842027499999997247e-04
7.842785625000002611e-04
7.843572500000001516e-04
7.844388750000001222e-04
7.845223750000000816e-04
7.846078750000001810e-04
7.846952499999998356e-04
7.847827812499999500e-04
7.848711875000000376e-04
7.849606562499997827e-04
7.850491250000000542e-04
7.851375937500000004e-04
7.852260624999999467e-04
7.853135312499996603e-04
7.854000000000000087e-04
7.854850000000004797e-04
7.855679999999999434e-04
7.856500000000000419e-04
7.838769999999998812e-04
7.843357031250002172e-04
7.847696249999999360e-04
7.851710937499999316e-04
7.855290000000000883e-04
7.858261718750001205e-04
7.860323437500001294e-04
7.641155156250002689e-04
7.638376249999999541e-04
7.636250937499999315e-04
7.634774687499997891e-04
7.633897812499997569e-04
7.633639999999997745e-04
0.000000000000000000e+00
4.589559355468750355e-05
4.599190742187499328e-05
4.608982597656247456e-05
4.618924453125001334e-05
4.629126308593747651e-05
4.639328164062497356e-05
4.649875253906253996e-05
4.660422343749999116e-05
4.671536933593753443e-05
4.682651523437501671e-05
4.693766113281254643e-05
4.704880703125002871e-05
4.716818027343748070e-05
4.728755351562503433e-05
4.740692675781256764e-05
4.752630000000002640e-05
4.765493632812508869e-05
4.778357265625004255e-05
4.791220898437499641e-05
4.804084531250002482e-05
4.817995898437494315e-05
4.831907265624999024e-05
4.845818632812501700e-05
4.859729999999998277e-05
4.874352968749994755e-05
4.889285468750007339e-05
4.904536796875009721e-05
4.920110000000001247e-05
8.090929999999996614e-04
8.406979999999999661e-04
8.882466249999998670e-04
8.097399999999998739e-04
8.165028476562497537e-04
8.228124296875002300e-04
8.287053242187495056e-04
8.342142500000000911e-04
8.393707109374997158e-04
8.441985937500000097e-04
8.487236171874996873e-04
8.529655937500001377e-04
8.569454023437499124e-04
8.606799296875000975e-04
7.985354101562501744e-04
7.990747656250003425e-04
7.995814023437502766e-04
8.000557890625001637e-04
8.005013632812501461e-04
8.009183124999996913e-04
8.013097363281251493e-04
8.016754648437497124e-04
8.020174746093751590e-04
8.023367421875001078e-04
8.026333261718749616e-04
8.029100976562499438e-04
8.031671035156248131e-04
8.034052968750001519e-04
8.036159765625000648e-04
8.038266562500003031e-04
8.040036757812502608e-04
8.041806953125001101e-04
8.043256250000001533e-04
8.044705546875004134e-04
8.045862773437501090e-04
8.047020000000000214e-04
8.047898281250000880e-04
8.048776562500000462e-04
8.049387656250001901e-04
8.049998749999996836e-04
8.050357949218748047e-04
8.050717148437499257e-04
8.050838574218750938e-04
8.050959999999999367e-04
8.050910000000000748e-04
8.050740000000000240e-04
8.046772499999996046e-04
8.050069999999999448e-04
7.905822500000001538e-04
7.638769999999999371e-04
7.813027500000001421e-04
7.786220000000000814e-04
7.766206640625003023e-04
7.751144531250000113e-04
7.739759531250002458e-04
7.731249687500001740e-04
7.725017890625003256e-04
7.720644687499997934e-04
7.717818906249998860e-04
7.716292499999997815e-04
7.715839062500000128e-04
7.716313124999998885e-04
7.775853437499999441e-04
7.834043750000001510e-04
7.834461562499997348e-04
7.834954374999999246e-04
7.835523437500000040e-04
7.836149999999998759e-04
7.836832031249998639e-04
7.837553124999997473e-04
7.838314218749996938e-04
7.839104374999999536e-04
7.839924062500000686e-04
7.840762812499999391e-04
7.841621562499997327e-04
7.842499374999999323e-04
7.843378359374999619e-04
7.844266406250003818e-04
7.845164921874997086e-04
7.846053437500002123e-04
7.846941953124998486e-04
7.847830468750001355e-04
7.848708984375000813e-04
7.849577500000000114e-04
7.850432343750002274e-04
7.851267187500000867e-04
7.852087031250005187e-04
7.834281875000000854e-04
7.838887617187498703e-04
7.843245000000003677e-04
7.847276484375002381e-04
7.850871250000003273e-04
7.853852382812501892e-04
7.855921015624999426e-04
7.637022148437495623e-04
7.634240312500000522e-04
7.632113671874998827e-04
7.630636328124997978e-04
7.629758515624999234e-04
7.629499999999997612e-04
0.000000000000000000e+00
4.589526445312498704e-05
4.599157578124999708e-05
4.608949023437499814e-05
4.618890468750001604e-05
4.629091914062502609e-05
4.639293359375002259e-05
4.649839960937500347e-05
4.660386562500002500e-05
4.671500664062500308e-05
4.682614765625005569e-05
4.693728867187496601e-05
4.704842968750002540e-05
4.716779726562502374e-05
4.728716484375001530e-05
4.740653242187496620e-05
4.752590000000002553e-05
4.765452421875002778e-05
4.778314843750002325e-05
4.791177265624999162e-05
4.804039687500011584e-05
4.817949765625005858e-05
4.831859843749999455e-05
4.845769921875005926e-05
4.859680000000013076e-05
4.874302812500004757e-05
4.889235312499988880e-05
4.904487031250004609e-05
4.920059999999992328e-05
9.007190000000001289e-04
8.396989999999998492e-04
8.874107500000002991e-04
8.092749999999999250e-04
8.160641796874999309e-04
8.223985156249999547e-04
8.283147265624999679e-04
8.338456249999998300e-04
8.390225468749999607e-04
8.438697499999998431e-04
8.484130468749996601e-04
8.526723124999997924e-04
8.566681328124998128e-04
8.604177656250000701e-04
7.981353671874999705e-04
7.986772187500000173e-04
7.991862578125002049e-04
7.996627968750002601e-04
8.001104609374995761e-04
8.005293750000001471e-04
8.009226054687500337e-04
8.012900390624999461e-04
8.016336601562501409e-04
8.019544531250002084e-04
8.022524570312501279e-04
8.025305859375002088e-04
8.027888710937504347e-04
8.030282812500001872e-04
8.032400156250001956e-04
8.034517500000003124e-04
8.036297109375003167e-04
8.038076718750001041e-04
8.039534062500003743e-04
8.040991406250004277e-04
8.042155703125000764e-04
8.043320000000000504e-04
8.044204687499999966e-04
8.045089375000001597e-04
8.045705937499996905e-04
8.046322499999998719e-04
8.046686132812498138e-04
8.047049765624999726e-04
8.047174882812501090e-04
8.047299999999998118e-04
8.047250000000002752e-04
8.047080000000003328e-04
8.046800000000003256e-04
8.046409999999997115e-04
7.907020000000002232e-04
7.665569999999997421e-04
7.809159999999993381e-04
7.781970000000000033e-04
7.761791718749997977e-04
7.746600937500003163e-04
7.735121562499999888e-04
7.726535625000000192e-04
7.720251718750003114e-04
7.715836874999998027e-04
7.712980312500002144e-04
7.711430000000000671e-04
7.710962499999997376e-04
7.711429999999999587e-04
7.829249999999996368e-04
7.829570000000000323e-04
7.829985000000003062e-04
7.830479999999999472e-04
7.831052500000002794e-04
7.831680000000001019e-04
7.832365000000001505e-04
7.833089374999999696e-04
7.833853750000001771e-04
7.834647500000000309e-04
7.835470937500003822e-04
7.836313750000000388e-04
7.837176562500001607e-04
7.838058750000001301e-04
7.838941718750000584e-04
7.839834062500000353e-04
7.840736718750002283e-04
7.841629375000000804e-04
7.842522031249998240e-04
7.843414687500001098e-04
7.844297343750000545e-04
7.845170000000002003e-04
7.846029999999996028e-04
7.846870000000002749e-04
7.847689999999999397e-04
7.829809999999998681e-04
7.834434765625001695e-04
7.838810625000003449e-04
7.842859218749997485e-04
7.846469999999998619e-04
7.849460859375000793e-04
7.851536718749999944e-04
7.632907578124999452e-04
7.630123124999998140e-04
7.627995468749996979e-04
7.626517343749997626e-04
7.625638906249997042e-04
7.625379999999999962e-04
0.000000000000000000e+00
4.589492910156252260e-05
4.599123164062498984e-05
4.608913574218751532e-05
4.618853984375001021e-05
4.629054394531249047e-05
4.639254804687499106e-05
4.649800292968751981e-05
4.660345781250003501e-05
4.671458769531252030e-05
4.682571757812500560e-05
4.693684746093749766e-05
4.704797734375002361e-05
4.716733300781251196e-05
4.728668867187504096e-05
4.740604433593746832e-05
4.752540000000008542e-05
4.765402460937499801e-05
4.778264921875001903e-05
4.791127382812497906e-05
4.803989843749999330e-05
4.817899882812501215e-05
4.831809921875011230e-05
4.845719960937513792e-05
4.859630000000003479e-05
4.874252656250011370e-05
4.889185156249994816e-05
4.904437265625000852e-05
4.920010000000000350e-05
8.727909999999996062e-04
8.386970000000002270e-04
8.865728749999999408e-04
8.088089999999998518e-04
8.156246054687498262e-04
8.219837890625001069e-04
8.279234101562496159e-04
8.334763749999998979e-04
8.386738515624997262e-04
8.435404687500002319e-04
8.481021328124998138e-04
8.523787812499997955e-04
8.563907070312497954e-04
8.601555390625002925e-04
7.977353554687498585e-04
7.982797968749998432e-04
7.987913320312501264e-04
7.992701171874998668e-04
7.997199648437499850e-04
8.001409375000001229e-04
8.005360683593752561e-04
8.009053007812500348e-04
8.012506269531250369e-04
8.015730390625001736e-04
8.018725566406251096e-04
8.021521367187501314e-04
8.024117949218747972e-04
8.026525156249999984e-04
8.028653984374999443e-04
8.030782812500003240e-04
8.032572773437501087e-04
8.034362734375000018e-04
8.035829062499997991e-04
8.037295390624999217e-04
8.038467695312500163e-04
8.039639999999998940e-04
8.040529843749997857e-04
8.041419687499998942e-04
8.042040468750000703e-04
8.042661249999995959e-04
8.043028066406250750e-04
8.043394882812503373e-04
8.043522441406249657e-04
8.043649999999999195e-04
8.043600000000000576e-04
8.043430000000000068e-04
8.043147500000000227e-04
8.042759999999999276e-04
7.904367500000001939e-04
7.692880000000001332e-04
7.805057500000000615e-04
7.777719999999999252e-04
7.757375859375001013e-04
7.742055468749997442e-04
7.730480781250002051e-04
7.721817812500003870e-04
7.715480859375002188e-04
7.711023437500001080e-04
7.708135156249995871e-04
7.706559999999999886e-04
7.706076249999999723e-04
7.706534999999997866e-04
7.824775000000000176e-04
7.825095000000004131e-04
7.825507499999995176e-04
7.826004999999997859e-04
7.826581249999999207e-04
7.827209999999998943e-04
7.827897499999999197e-04
7.828624687499995908e-04
7.829391874999997586e-04
7.830188749999998817e-04
7.831015468749997349e-04
7.831861874999996361e-04
7.832728281249996772e-04
7.833614374999997663e-04
7.834500859374996179e-04
7.835397031250000439e-04
7.836303359374998268e-04
7.837199687500001361e-04
7.838096015624999033e-04
7.838992343749998874e-04
7.839878671874998557e-04
7.840754999999998082e-04
7.841620000000003570e-04
7.842465000000000070e-04
7.843285000000001055e-04
7.825335000000001404e-04
7.829977382812500566e-04
7.834370312500002010e-04
7.838434609375001874e-04
7.842060000000001824e-04
7.845060429687501129e-04
7.847143359374996558e-04
7.628783789062499460e-04
7.625996562500001776e-04
7.623867734375001232e-04
7.622388671874998035e-04
7.621509453125002199e-04
7.621250000000002155e-04
0.000000000000000000e+00
4.589460000000000609e-05
4.599090000000000719e-05
4.608879999999999824e-05
4.618820000000000613e-05
4.629019999999999939e-05
4.639220000000000621e-05
4.649765000000000365e-05
4.660310000000001464e-05
4.671422500000001605e-05
4.682534999999999714e-05
4.693647500000003243e-05
4.704760000000001352e-05
4.716694999999998723e-05
4.728630000000002192e-05
4.740564999999999563e-05
4.752500000000003033e-05
4.765362500000004979e-05
4.778225000000000826e-05
4.791087500000003449e-05
4.803949999999993197e-05
4.817860000000004047e-05
4.831770000000004732e-05
4.845680000000010838e-05
4.859590000000005424e-05
4.874210000000002923e-05
4.889139999999992970e-05
4.904390000000006757e-05
4.919960000000002951e-05
8.447680000000000813e-04
8.376919999999999072e-04
8.857340000000000005e-04
8.083440000000000113e-04
8.151859999999997537e-04
8.215699999999998742e-04
8.275329999999999795e-04
8.331079999999999389e-04
8.383259999999999150e-04
8.432119999999997595e-04
8.477919999999999900e-04
8.520859999999998375e-04
8.561140000000000503e-04
8.598940000000000446e-04
7.973360000000000516e-04
7.978829999999998823e-04
7.983969999999999522e-04
7.988780000000000447e-04
7.993299999999998974e-04
7.997530000000000524e-04
8.001500000000000149e-04
8.005210000000001101e-04
8.008679999999999358e-04
8.011920000000000500e-04
8.014930000000000188e-04
8.017739999999999980e-04
8.020349999999997707e-04
8.022769999999998947e-04
8.024910000000000116e-04
8.027050000000002369e-04
8.028849999999999269e-04
8.030650000000000505e-04
8.032125000000001503e-04
8.033600000000000333e-04
8.034780000000000481e-04
8.035959999999999544e-04
8.036854999999999000e-04
8.037749999999999539e-04
8.038374999999996912e-04
8.039000000000000789e-04
8.039370000000000110e-04
8.039740000000001599e-04
8.039869999999999309e-04
8.040000000000001356e-04
8.039949999999999484e-04
8.039780000000001144e-04
8.039499999999998904e-04
8.039120000000001594e-04
7.901980000000000939e-04
7.720710000000000420e-04
7.801219999999999552e-04
7.773479999999999713e-04
7.752969999999998786e-04
7.737519999999998383e-04
7.725850000000000035e-04
7.717110000000000115e-04
7.710720000000000334e-04
7.706219999999999954e-04
7.703299999999999514e-04
7.701699999999999258e-04
7.701200000000002228e-04
7.701649999999999555e-04
7.820309999999999805e-04
7.820630000000000507e-04
7.821039999999999373e-04
7.821539999999999656e-04
7.822120000000000115e-04
7.822750000000000276e-04
7.823440000000000298e-04
7.824169999999999866e-04
7.824940000000000064e-04
7.825739999999999650e-04
7.826570000000000792e-04
7.827420000000000081e-04
7.828290000000001853e-04
7.829179999999999603e-04
7.830069999999999522e-04
7.830970000000000682e-04
7.831879999999997663e-04
7.832779999999999907e-04
7.833679999999997815e-04
7.834580000000000060e-04
7.835469999999999978e-04
7.836349999999999739e-04
7.837220000000000427e-04
7.838069999999999716e-04
7.838889999999999617e-04
7.820869999999999949e-04
7.825530000000000680e-04
7.829939999999999643e-04
7.834019999999999916e-04
7.837659999999999766e-04
7.840670000000001623e-04
7.842760000000002004e-04
7.624669999999999625e-04
7.621879999999999064e-04
7.619749999999998052e-04
7.618270000000000770e-04
7.617389999999999925e-04
7.617130000000000168e-04
