 8.82286E-17
 8.57672E-17
 8.18563E-17
 7.52625E-17
 7.16600E-17
 7.58157E-17
 8.34587E-17
 8.35974E-17
 8.82488E-17
 8.66247E-17
 8.62360E-17
 9.13207E-17
 9.06897E-17
 8.76263E-17
 8.85658E-17
 8.66201E-17
 9.11362E-17
 8.84994E-17
 8.82279E-17
 8.81013E-17
 8.93490E-17
 9.01658E-17
 8.84500E-17
 9.13800E-17
 9.01580E-17
 8.82054E-17
 9.10007E-17
 8.88262E-17
 9.04780E-17
 8.98211E-17
 8.98159E-17
 9.13240E-17
 8.94936E-17
 6.18694E-15
 7.16099E-05
 4.05901E-01
 4.90290E-01
 4.98265E-01
 4.99639E-01
 4.99879E-01
 4.99919E-01
 4.99925E-01
 4.99927E-01
 4.99927E-01
 4.99928E-01
 4.99928E-01
 4.99929E-01
 4.99929E-01
 4.99929E-01
 4.99930E-01
 4.99930E-01
 4.99930E-01
 4.99931E-01
 4.99931E-01
 4.99931E-01
 4.99931E-01
 4.99932E-01
 4.99932E-01
 4.99932E-01
 4.99932E-01
 4.99933E-01
 4.99933E-01
 4.99933E-01
 4.99933E-01
 4.99933E-01
 4.99934E-01
 4.99934E-01
 4.99934E-01
 4.99934E-01
 4.99934E-01
 4.99934E-01
 4.99935E-01
 4.99935E-01
 4.99935E-01
 4.99935E-01
 4.99935E-01
 4.99935E-01
 4.99935E-01
 4.99935E-01
 4.99936E-01
 4.99936E-01
 4.99936E-01
 4.99936E-01
 4.99936E-01
 4.99936E-01
 4.99936E-01
 4.99936E-01
 4.99936E-01
 4.99936E-01
 4.99936E-01
 4.99936E-01
 4.99937E-01
 4.99937E-01
 4.99937E-01
 4.99937E-01
 4.99937E-01
 4.99937E-01
 4.99937E-01
 4.99937E-01
 4.99937E-01
 4.99937E-01
 4.99937E-01
 4.99937E-01
 4.99937E-01
 4.99937E-01
 4.99937E-01
 4.99937E-01
 4.99937E-01
 4.99937E-01
 4.99937E-01
 4.99937E-01
 4.99937E-01
 4.99937E-01
 4.99937E-01
 4.99937E-01
 4.99937E-01
 4.99937E-01
 4.99937E-01
 4.99937E-01
 4.99937E-01
 7.80184E-17
 7.59311E-17
 8.70486E-17
 7.18661E-17
 8.54520E-17
 7.24153E-17
 7.54386E-17
 7.88162E-17
 8.17305E-17
 8.30469E-17
 9.07518E-17
 8.98260E-17
 8.87467E-17
 9.04374E-17
 8.95236E-17
 8.54978E-17
 9.11139E-17
 9.02435E-17
 8.82213E-17
 9.14485E-17
 9.02164E-17
 9.03286E-17
 8.79866E-17
 9.04114E-17
 9.12970E-17
 9.06080E-17
 8.99940E-17
 9.11134E-17
 9.01302E-17
 9.07888E-17
 9.12338E-17
 9.11081E-17
 9.14537E-17
 1.32780E-14
 2.43834E-04
 4.22909E-01
 4.91467E-01
 4.98437E-01
 4.99669E-01
 4.99884E-01
 4.99920E-01
 4.99926E-01
 4.99927E-01
 4.99927E-01
 4.99928E-01
 4.99928E-01
 4.99929E-01
 4.99929E-01
 4.99929E-01
 4.99930E-01
 4.99930E-01
 4.99930E-01
 4.99931E-01
 4.99931E-01
 4.99931E-01
 4.99931E-01
 4.99932E-01
 4.99932E-01
 4.99932E-01
 4.99932E-01
 4.99933E-01
 4.99933E-01
 4.99933E-01
 4.99933E-01
 4.99933E-01
 4.99934E-01
 4.99934E-01
 4.99934E-01
 4.99934E-01
 4.99934E-01
 4.99934E-01
 4.99935E-01
 4.99935E-01
 4.99935E-01
 4.99935E-01
 4.99935E-01
 4.99935E-01
 4.99935E-01
 4.99935E-01
 4.99936E-01
 4.99936E-01
 4.99936E-01
 4.99936E-01
 4.99936E-01
 4.99936E-01
 4.99936E-01
 4.99936E-01
 4.99936E-01
 4.99936E-01
 4.99936E-01
 4.99936E-01
 4.99937E-01
 4.99937E-01
 4.99937E-01
 4.99937E-01
 4.99937E-01
 4.99937E-01
 4.99937E-01
 4.99937E-01
 4.99937E-01
 4.99937E-01
 4.99937E-01
 4.99937E-01
 4.99937E-01
 4.99937E-01
 4.99937E-01
 4.99937E-01
 4.99937E-01
 4.99937E-01
 4.99937E-01
 4.99937E-01
 4.99937E-01
 4.99937E-01
 4.99937E-01
 4.99937E-01
 4.99937E-01
 4.99937E-01
 4.99937E-01
 4.99937E-01
 4.99937E-01
 6.44254E-17
 5.35176E-17
 8.63505E-17
 6.34153E-17
 8.97306E-17
 7.21095E-17
 7.79357E-17
 8.75919E-17
 8.09508E-17
 8.16630E-17
 9.13674E-17
 8.95977E-17
 8.98322E-17
 8.82480E-17
 9.13104E-17
 8.87984E-17
 8.61428E-17
 9.13654E-17
 8.73809E-17
 9.02333E-17
 8.75081E-17
 9.03974E-17
 8.98036E-17
 9.05961E-17
 9.07184E-17
 9.09273E-17
 8.96873E-17
 9.12552E-17
 9.02781E-17
 8.87007E-17
 8.90625E-17
 8.87861E-17
 8.96149E-17
 4.17454E-14
 1.44782E-03
 4.44181E-01
 4.92804E-01
 4.98640E-01
 4.99705E-01
 4.99890E-01
 4.99921E-01
 4.99926E-01
 4.99927E-01
 4.99927E-01
 4.99928E-01
 4.99928E-01
 4.99929E-01
 4.99929E-01
 4.99929E-01
 4.99930E-01
 4.99930E-01
 4.99930E-01
 4.99931E-01
 4.99931E-01
 4.99931E-01
 4.99931E-01
 4.99932E-01
 4.99932E-01
 4.99932E-01
 4.99932E-01
 4.99933E-01
 4.99933E-01
 4.99933E-01
 4.99933E-01
 4.99933E-01
 4.99934E-01
 4.99934E-01
 4.99934E-01
 4.99934E-01
 4.99934E-01
 4.99934E-01
 4.99935E-01
 4.99935E-01
 4.99935E-01
 4.99935E-01
 4.99935E-01
 4.99935E-01
 4.99935E-01
 4.99935E-01
 4.99936E-01
 4.99936E-01
 4.99936E-01
 4.99936E-01
 4.99936E-01
 4.99936E-01
 4.99936E-01
 4.99936E-01
 4.99936E-01
 4.99936E-01
 4.99936E-01
 4.99936E-01
 4.99937E-01
 4.99937E-01
 4.99937E-01
 4.99937E-01
 4.99937E-01
 4.99937E-01
 4.99937E-01
 4.99937E-01
 4.99937E-01
 4.99937E-01
 4.99937E-01
 4.99937E-01
 4.99937E-01
 4.99937E-01
 4.99937E-01
 4.99937E-01
 4.99937E-01
 4.99937E-01
 4.99937E-01
 4.99937E-01
 4.99937E-01
 4.99937E-01
 4.99937E-01
 4.99937E-01
 4.99937E-01
 4.99937E-01
 4.99937E-01
 4.99937E-01
 4.99937E-01
 9.12588E-17
 8.21854E-17
 7.46056E-17
 7.71991E-17
 7.45675E-17
 9.03057E-17
 7.96125E-17
 8.88492E-17
 7.96057E-17
 8.00201E-17
 8.74943E-17
 8.99352E-17
 9.11070E-17
 8.92495E-17
 8.46832E-17
 8.48610E-17
 8.79326E-17
 8.87089E-17
 8.97088E-17
 8.86217E-17
 8.69680E-17
 9.11590E-17
 8.88880E-17
 9.00760E-17
 8.90656E-17
 8.82288E-17
 9.02331E-17
 9.01127E-17
 8.98916E-17
 9.03281E-17
 8.91732E-17
 8.94136E-17
 9.00372E-17
 2.37676E-13
 1.70540E-02
 4.66535E-01
 4.94048E-01
 4.98859E-01
 4.99746E-01
 4.99897E-01
 4.99922E-01
 4.99926E-01
 4.99927E-01
 4.99928E-01
 4.99928E-01
 4.99928E-01
 4.99929E-01
 4.99929E-01
 4.99929E-01
 4.99930E-01
 4.99930E-01
 4.99930E-01
 4.99931E-01
 4.99931E-01
 4.99931E-01
 4.99932E-01
 4.99932E-01
 4.99932E-01
 4.99932E-01
 4.99932E-01
 4.99933E-01
 4.99933E-01
 4.99933E-01
 4.99933E-01
 4.99933E-01
 4.99934E-01
 4.99934E-01
 4.99934E-01
 4.99934E-01
 4.99934E-01
 4.99934E-01
 4.99935E-01
 4.99935E-01
 4.99935E-01
 4.99935E-01
 4.99935E-01
 4.99935E-01
 4.99935E-01
 4.99935E-01
 4.99936E-01
 4.99936E-01
 4.99936E-01
 4.99936E-01
 4.99936E-01
 4.99936E-01
 4.99936E-01
 4.99936E-01
 4.99936E-01
 4.99936E-01
 4.99936E-01
 4.99936E-01
 4.99937E-01
 4.99937E-01
 4.99937E-01
 4.99937E-01
 4.99937E-01
 4.99937E-01
 4.99937E-01
 4.99937E-01
 4.99937E-01
 4.99937E-01
 4.99937E-01
 4.99937E-01
 4.99937E-01
 4.99937E-01
 4.99937E-01
 4.99937E-01
 4.99937E-01
 4.99937E-01
 4.99937E-01
 4.99937E-01
 4.99937E-01
 4.99937E-01
 4.99937E-01
 4.99937E-01
 4.99937E-01
 4.99937E-01
 4.99937E-01
 4.99937E-01
 4.99937E-01
 8.18767E-17
 8.82381E-17
 9.04857E-17
 9.12876E-17
 7.90117E-17
 8.67424E-17
 8.93626E-17
 8.42424E-17
 8.15351E-17
 8.19937E-17
 8.82878E-17
 8.24671E-17
 8.42201E-17
 8.69830E-17
 8.71872E-17
 8.63646E-17
 9.08558E-17
 8.61832E-17
 8.72595E-17
 8.82090E-17
 8.94542E-17
 9.07736E-17
 8.83510E-17
 8.91884E-17
 9.13256E-17
 8.95315E-17
 9.06825E-17
 9.09552E-17
 8.88603E-17
 8.88664E-17
 9.06725E-17
 8.90168E-17
 8.89747E-17
 3.06221E-12
 1.25799E-01
 4.73305E-01
 4.95123E-01
 4.99084E-01
 4.99786E-01
 4.99904E-01
 4.99923E-01
 4.99926E-01
 4.99927E-01
 4.99928E-01
 4.99928E-01
 4.99928E-01
 4.99929E-01
 4.99929E-01
 4.99929E-01
 4.99930E-01
 4.99930E-01
 4.99930E-01
 4.99931E-01
 4.99931E-01
 4.99931E-01
 4.99932E-01
 4.99932E-01
 4.99932E-01
 4.99932E-01
 4.99932E-01
 4.99933E-01
 4.99933E-01
 4.99933E-01
 4.99933E-01
 4.99933E-01
 4.99934E-01
 4.99934E-01
 4.99934E-01
 4.99934E-01
 4.99934E-01
 4.99934E-01
 4.99935E-01
 4.99935E-01
 4.99935E-01
 4.99935E-01
 4.99935E-01
 4.99935E-01
 4.99935E-01
 4.99935E-01
 4.99936E-01
 4.99936E-01
 4.99936E-01
 4.99936E-01
 4.99936E-01
 4.99936E-01
 4.99936E-01
 4.99936E-01
 4.99936E-01
 4.99936E-01
 4.99936E-01
 4.99937E-01
 4.99937E-01
 4.99937E-01
 4.99937E-01
 4.99937E-01
 4.99937E-01
 4.99937E-01
 4.99937E-01
 4.99937E-01
 4.99937E-01
 4.99937E-01
 4.99937E-01
 4.99937E-01
 4.99937E-01
 4.99937E-01
 4.99937E-01
 4.99937E-01
 4.99937E-01
 4.99937E-01
 4.99937E-01
 4.99937E-01
 4.99937E-01
 4.99937E-01
 4.99937E-01
 4.99937E-01
 4.99937E-01
 4.99937E-01
 4.99937E-01
 4.99937E-01
 4.99937E-01
 8.84404E-17
 8.75037E-17
 8.98735E-17
 8.68386E-17
 8.93367E-17
 8.35011E-17
 8.56267E-17
 8.41265E-17
 8.81689E-17
 8.89065E-17
 8.88392E-17
 8.94218E-17
 8.79161E-17
 8.53561E-17
 8.42137E-17
 8.92698E-17
 8.81050E-17
 8.69260E-17
 8.87881E-17
 8.96540E-17
 8.90764E-17
 8.73669E-17
 8.79731E-17
 8.94887E-17
 9.04569E-17
 8.98916E-17
 9.13372E-17
 9.10201E-17
 8.98521E-17
 8.85817E-17
 9.03459E-17
 8.99836E-17
 8.99867E-17
 1.00937E-10
 2.26362E-01
 4.78235E-01
 4.96235E-01
 4.99300E-01
 4.99824E-01
 4.99910E-01
 4.99924E-01
 4.99926E-01
 4.99927E-01
 4.99928E-01
 4.99928E-01
 4.99928E-01
 4.99929E-01
 4.99929E-01
 4.99930E-01
 4.99930E-01
 4.99930E-01
 4.99930E-01
 4.99931E-01
 4.99931E-01
 4.99931E-01
 4.99932E-01
 4.99932E-01
 4.99932E-01
 4.99932E-01
 4.99933E-01
 4.99933E-01
 4.99933E-01
 4.99933E-01
 4.99933E-01
 4.99933E-01
 4.99934E-01
 4.99934E-01
 4.99934E-01
 4.99934E-01
 4.99934E-01
 4.99934E-01
 4.99935E-01
 4.99935E-01
 4.99935E-01
 4.99935E-01
 4.99935E-01
 4.99935E-01
 4.99935E-01
 4.99935E-01
 4.99936E-01
 4.99936E-01
 4.99936E-01
 4.99936E-01
 4.99936E-01
 4.99936E-01
 4.99936E-01
 4.99936E-01
 4.99936E-01
 4.99936E-01
 4.99936E-01
 4.99937E-01
 4.99937E-01
 4.99937E-01
 4.99937E-01
 4.99937E-01
 4.99937E-01
 4.99937E-01
 4.99937E-01
 4.99937E-01
 4.99937E-01
 4.99937E-01
 4.99937E-01
 4.99937E-01
 4.99937E-01
 4.99937E-01
 4.99937E-01
 4.99937E-01
 4.99937E-01
 4.99937E-01
 4.99937E-01
 4.99937E-01
 4.99937E-01
 4.99937E-01
 4.99937E-01
 4.99937E-01
 4.99937E-01
 4.99937E-01
 4.99937E-01
 4.99937E-01
 4.99937E-01
 9.00086E-17
 8.24300E-17
 7.77647E-17
 7.75245E-17
 8.80559E-17
 8.28888E-17
 8.81136E-17
 8.98438E-17
 8.36525E-17
 8.69390E-17
 8.66371E-17
 8.94450E-17
 9.01530E-17
 8.76292E-17
 8.86164E-17
 9.01931E-17
 9.08875E-17
 8.57181E-17
 9.06494E-17
 8.81333E-17
 9.02116E-17
 8.78237E-17
 8.75599E-17
 9.06127E-17
 8.97215E-17
 9.04621E-17
 8.98198E-17
 8.95392E-17
 8.80750E-17
 8.87526E-17
 9.07387E-17
 8.87819E-17
 8.93242E-17
 8.85081E-09
 3.11578E-01
 4.83680E-01
 4.97290E-01
 4.99487E-01
 4.99855E-01
 4.99915E-01
 4.99925E-01
 4.99927E-01
 4.99927E-01
 4.99928E-01
 4.99928E-01
 4.99929E-01
 4.99929E-01
 4.99929E-01
 4.99930E-01
 4.99930E-01
 4.99930E-01
 4.99931E-01
 4.99931E-01
 4.99931E-01
 4.99931E-01
 4.99932E-01
 4.99932E-01
 4.99932E-01
 4.99932E-01
 4.99933E-01
 4.99933E-01
 4.99933E-01
 4.99933E-01
 4.99933E-01
 4.99934E-01
 4.99934E-01
 4.99934E-01
 4.99934E-01
 4.99934E-01
 4.99934E-01
 4.99934E-01
 4.99935E-01
 4.99935E-01
 4.99935E-01
 4.99935E-01
 4.99935E-01
 4.99935E-01
 4.99935E-01
 4.99935E-01
 4.99936E-01
 4.99936E-01
 4.99936E-01
 4.99936E-01
 4.99936E-01
 4.99936E-01
 4.99936E-01
 4.99936E-01
 4.99936E-01
 4.99936E-01
 4.99936E-01
 4.99937E-01
 4.99937E-01
 4.99937E-01
 4.99937E-01
 4.99937E-01
 4.99937E-01
 4.99937E-01
 4.99937E-01
 4.99937E-01
 4.99937E-01
 4.99937E-01
 4.99937E-01
 4.99937E-01
 4.99937E-01
 4.99937E-01
 4.99937E-01
 4.99937E-01
 4.99937E-01
 4.99937E-01
 4.99937E-01
 4.99937E-01
 4.99937E-01
 4.99937E-01
 4.99937E-01
 4.99937E-01
 4.99937E-01
 4.99937E-01
 4.99937E-01
 4.99937E-01
 4.99937E-01
 8.80695E-17
 8.99665E-17
 7.94777E-17
 7.89292E-17
 8.08367E-17
 8.92388E-17
 9.14430E-17
 8.81926E-17
 8.91896E-17
 8.43926E-17
 8.51193E-17
 8.72960E-17
 8.67538E-17
 9.11402E-17
 8.82976E-17
 8.68429E-17
 8.58463E-17
 8.97876E-17
 8.98771E-17
 8.60598E-17
 8.98066E-17
 9.01090E-17
 9.06629E-17
 9.00862E-17
 8.96549E-17
 8.78986E-17
 8.77794E-17
 8.91679E-17
 8.80772E-17
 9.14157E-17
 9.14457E-17
 9.09256E-17
 9.09761E-17
 2.06290E-06
 3.84660E-01
 4.89106E-01
 4.98176E-01
 4.99636E-01
 4.99880E-01
 4.99919E-01
 4.99925E-01
 4.99927E-01
 4.99927E-01
 4.99928E-01
 4.99928E-01
 4.99929E-01
 4.99929E-01
 4.99929E-01
 4.99930E-01
 4.99930E-01
 4.99930E-01
 4.99931E-01
 4.99931E-01
 4.99931E-01
 4.99931E-01
 4.99932E-01
 4.99932E-01
 4.99932E-01
 4.99932E-01
 4.99933E-01
 4.99933E-01
 4.99933E-01
 4.99933E-01
 4.99933E-01
 4.99934E-01
 4.99934E-01
 4.99934E-01
 4.99934E-01
 4.99934E-01
 4.99934E-01
 4.99935E-01
 4.99935E-01
 4.99935E-01
 4.99935E-01
 4.99935E-01
 4.99935E-01
 4.99935E-01
 4.99935E-01
 4.99936E-01
 4.99936E-01
 4.99936E-01
 4.99936E-01
 4.99936E-01
 4.99936E-01
 4.99936E-01
 4.99936E-01
 4.99936E-01
 4.99936E-01
 4.99936E-01
 4.99936E-01
 4.99937E-01
 4.99937E-01
 4.99937E-01
 4.99937E-01
 4.99937E-01
 4.99937E-01
 4.99937E-01
 4.99937E-01
 4.99937E-01
 4.99937E-01
 4.99937E-01
 4.99937E-01
 4.99937E-01
 4.99937E-01
 4.99937E-01
 4.99937E-01
 4.99937E-01
 4.99937E-01
 4.99937E-01
 4.99937E-01
 4.99937E-01
 4.99937E-01
 4.99937E-01
 4.99937E-01
 4.99937E-01
 4.99937E-01
 4.99937E-01
 4.99937E-01
 4.99937E-01
 4.99937E-01
 8.13672E-17
 8.82209E-17
 8.00261E-17
 9.04306E-17
 8.67324E-17
 8.11219E-17
 9.03653E-17
 8.14097E-17
 9.00764E-17
 9.01217E-17
 8.20781E-17
 8.26055E-17
 8.39693E-17
 8.87719E-17
 8.52798E-17
 8.80189E-17
 8.75354E-17
 8.77291E-17
 9.04032E-17
 8.65216E-17
 8.94469E-17
 8.83770E-17
 8.85465E-17
 8.99386E-17
 8.80114E-17
 8.96470E-17
 8.86166E-17
 8.97512E-17
 8.79737E-17
 9.07183E-17
 8.92791E-17
 9.01130E-17
 6.69127E-16
 1.27072E-03
 4.48930E-01
 4.93513E-01
 4.98817E-01
 4.99744E-01
 4.99898E-01
 4.99922E-01
 4.99926E-01
 4.99927E-01
 4.99927E-01
 4.99928E-01
 4.99928E-01
 4.99929E-01
 4.99929E-01
 4.99929E-01
 4.99930E-01
 4.99930E-01
 4.99930E-01
 4.99931E-01
 4.99931E-01
 4.99931E-01
 4.99931E-01
 4.99932E-01
 4.99932E-01
 4.99932E-01
 4.99932E-01
 4.99933E-01
 4.99933E-01
 4.99933E-01
 4.99933E-01
 4.99933E-01
 4.99934E-01
 4.99934E-01
 4.99934E-01
 4.99934E-01
 4.99934E-01
 4.99934E-01
 4.99935E-01
 4.99935E-01
 4.99935E-01
 4.99935E-01
 4.99935E-01
 4.99935E-01
 4.99935E-01
 4.99935E-01
 4.99936E-01
 4.99936E-01
 4.99936E-01
 4.99936E-01
 4.99936E-01
 4.99936E-01
 4.99936E-01
 4.99936E-01
 4.99936E-01
 4.99936E-01
 4.99936E-01
 4.99936E-01
 4.99937E-01
 4.99937E-01
 4.99937E-01
 4.99937E-01
 4.99937E-01
 4.99937E-01
 4.99937E-01
 4.99937E-01
 4.99937E-01
 4.99937E-01
 4.99937E-01
 4.99937E-01
 4.99937E-01
 4.99937E-01
 4.99937E-01
 4.99937E-01
 4.99937E-01
 4.99937E-01
 4.99937E-01
 4.99937E-01
 4.99937E-01
 4.99937E-01
 4.99937E-01
 4.99937E-01
 4.99937E-01
 4.99937E-01
 4.99937E-01
 4.99937E-01
 4.99937E-01
 4.99937E-01
 8.68192E-17
 8.78758E-17
 8.74011E-17
 8.60920E-17
 8.54757E-17
 9.03099E-17
 8.45532E-17
 8.54425E-17
 8.50118E-17
 9.12254E-17
 8.77567E-17
 8.63836E-17
 8.47157E-17
 8.66858E-17
 8.77055E-17
 8.87812E-17
 8.58936E-17
 8.67683E-17
 8.81013E-17
 8.80106E-17
 8.79218E-17
 9.11157E-17
 8.86449E-17
 9.06617E-17
 8.88517E-17
 8.92375E-17
 9.02964E-17
 8.89942E-17
 9.05761E-17
 9.02660E-17
 8.89465E-17
 9.11884E-17
 9.57161E-13
 1.72150E-01
 4.76116E-01
 4.95864E-01
 4.99250E-01
 4.99819E-01
 4.99910E-01
 4.99924E-01
 4.99926E-01
 4.99927E-01
 4.99928E-01
 4.99928E-01
 4.99928E-01
 4.99929E-01
 4.99929E-01
 4.99929E-01
 4.99930E-01
 4.99930E-01
 4.99930E-01
 4.99931E-01
 4.99931E-01
 4.99931E-01
 4.99932E-01
 4.99932E-01
 4.99932E-01
 4.99932E-01
 4.99932E-01
 4.99933E-01
 4.99933E-01
 4.99933E-01
 4.99933E-01
 4.99933E-01
 4.99934E-01
 4.99934E-01
 4.99934E-01
 4.99934E-01
 4.99934E-01
 4.99934E-01
 4.99935E-01
 4.99935E-01
 4.99935E-01
 4.99935E-01
 4.99935E-01
 4.99935E-01
 4.99935E-01
 4.99935E-01
 4.99936E-01
 4.99936E-01
 4.99936E-01
 4.99936E-01
 4.99936E-01
 4.99936E-01
 4.99936E-01
 4.99936E-01
 4.99936E-01
 4.99936E-01
 4.99936E-01
 4.99937E-01
 4.99937E-01
 4.99937E-01
 4.99937E-01
 4.99937E-01
 4.99937E-01
 4.99937E-01
 4.99937E-01
 4.99937E-01
 4.99937E-01
 4.99937E-01
 4.99937E-01
 4.99937E-01
 4.99937E-01
 4.99937E-01
 4.99937E-01
 4.99937E-01
 4.99937E-01
 4.99937E-01
 4.99937E-01
 4.99937E-01
 4.99937E-01
 4.99937E-01
 4.99937E-01
 4.99937E-01
 4.99937E-01
 4.99937E-01
 4.99937E-01
 4.99938E-01
 4.99938E-01
 4.99938E-01
 8.87398E-17
 8.33220E-17
 8.25049E-17
 9.11261E-17
 8.43755E-17
 8.56364E-17
 8.15848E-17
 8.29625E-17
 8.24456E-17
 8.89562E-17
 8.83020E-17
 8.86699E-17
 8.59552E-17
 9.13462E-17
 8.70611E-17
 8.70635E-17
 8.65116E-17
 8.57853E-17
 8.73781E-17
 8.65197E-17
 8.64645E-17
 8.83477E-17
 9.08142E-17
 8.74073E-17
 8.83210E-17
 8.90867E-17
 8.82272E-17
 9.10033E-17
 9.03811E-17
 9.01172E-17
 9.09559E-17
 8.86760E-17
 3.45945E-09
 3.24546E-01
 4.84740E-01
 4.97550E-01
 4.99547E-01
 4.99867E-01
 4.99917E-01
 4.99925E-01
 4.99927E-01
 4.99927E-01
 4.99928E-01
 4.99928E-01
 4.99928E-01
 4.99929E-01
 4.99929E-01
 4.99930E-01
 4.99930E-01
 4.99930E-01
 4.99930E-01
 4.99931E-01
 4.99931E-01
 4.99931E-01
 4.99932E-01
 4.99932E-01
 4.99932E-01
 4.99932E-01
 4.99933E-01
 4.99933E-01
 4.99933E-01
 4.99933E-01
 4.99933E-01
 4.99934E-01
 4.99934E-01
 4.99934E-01
 4.99934E-01
 4.99934E-01
 4.99934E-01
 4.99934E-01
 4.99935E-01
 4.99935E-01
 4.99935E-01
 4.99935E-01
 4.99935E-01
 4.99935E-01
 4.99935E-01
 4.99935E-01
 4.99936E-01
 4.99936E-01
 4.99936E-01
 4.99936E-01
 4.99936E-01
 4.99936E-01
 4.99936E-01
 4.99936E-01
 4.99936E-01
 4.99936E-01
 4.99936E-01
 4.99937E-01
 4.99937E-01
 4.99937E-01
 4.99937E-01
 4.99937E-01
 4.99937E-01
 4.99937E-01
 4.99937E-01
 4.99937E-01
 4.99937E-01
 4.99937E-01
 4.99937E-01
 4.99937E-01
 4.99937E-01
 4.99937E-01
 4.99937E-01
 4.99937E-01
 4.99937E-01
 4.99937E-01
 4.99937E-01
 4.99937E-01
 4.99937E-01
 4.99937E-01
 4.99937E-01
 4.99937E-01
 4.99937E-01
 4.99938E-01
 4.99938E-01
 4.99938E-01
 4.99938E-01
 4.99938E-01
 8.36775E-17
 9.10826E-17
 8.45170E-17
 8.19580E-17
 8.20303E-17
 8.43914E-17
 8.36585E-17
 8.57107E-17
 8.91625E-17
 8.88847E-17
 8.71459E-17
 9.07546E-17
 8.85152E-17
 8.93343E-17
 8.54351E-17
 8.84720E-17
 8.84654E-17
 8.73316E-17
 8.92699E-17
 8.89506E-17
 8.96853E-17
 9.07728E-17
 9.08116E-17
 8.79704E-17
 9.09354E-17
 9.07570E-17
 8.80669E-17
 9.04047E-17
 9.00189E-17
 9.00192E-17
 8.99018E-17
 8.91444E-17
 3.26653E-05
 4.21279E-01
 4.92078E-01
 4.98672E-01
 4.99727E-01
 4.99896E-01
 4.99922E-01
 4.99926E-01
 4.99927E-01
 4.99927E-01
 4.99928E-01
 4.99928E-01
 4.99929E-01
 4.99929E-01
 4.99929E-01
 4.99930E-01
 4.99930E-01
 4.99930E-01
 4.99931E-01
 4.99931E-01
 4.99931E-01
 4.99931E-01
 4.99932E-01
 4.99932E-01
 4.99932E-01
 4.99932E-01
 4.99933E-01
 4.99933E-01
 4.99933E-01
 4.99933E-01
 4.99933E-01
 4.99934E-01
 4.99934E-01
 4.99934E-01
 4.99934E-01
 4.99934E-01
 4.99934E-01
 4.99935E-01
 4.99935E-01
 4.99935E-01
 4.99935E-01
 4.99935E-01
 4.99935E-01
 4.99935E-01
 4.99935E-01
 4.99936E-01
 4.99936E-01
 4.99936E-01
 4.99936E-01
 4.99936E-01
 4.99936E-01
 4.99936E-01
 4.99936E-01
 4.99936E-01
 4.99936E-01
 4.99936E-01
 4.99936E-01
 4.99937E-01
 4.99937E-01
 4.99937E-01
 4.99937E-01
 4.99937E-01
 4.99937E-01
 4.99937E-01
 4.99937E-01
 4.99937E-01
 4.99937E-01
 4.99937E-01
 4.99937E-01
 4.99937E-01
 4.99937E-01
 4.99937E-01
 4.99937E-01
 4.99937E-01
 4.99937E-01
 4.99937E-01
 4.99937E-01
 4.99937E-01
 4.99937E-01
 4.99937E-01
 4.99937E-01
 4.99938E-01
 4.99938E-01
 4.99938E-01
 4.99938E-01
 4.99938E-01
 4.99938E-01
 4.99938E-01
 8.58554E-17
 8.74132E-17
 9.05346E-17
 8.64476E-17
 8.46833E-17
 8.64868E-17
 8.67277E-17
 9.08680E-17
 8.63009E-17
 8.79150E-17
 8.78032E-17
 8.83369E-17
 9.11860E-17
 8.58317E-17
 8.52870E-17
 8.64529E-17
 9.04572E-17
 8.88447E-17
 9.04516E-17
 8.89540E-17
 8.73584E-17
 9.07208E-17
 9.03016E-17
 8.81655E-17
 8.73957E-17
 8.91471E-17
 8.85027E-17
 9.05641E-17
 8.94970E-17
 8.88625E-17
 8.84935E-17
 1.73476E-13
 1.44300E-01
 4.76006E-01
 4.95958E-01
 4.99284E-01
 4.99827E-01
 4.99911E-01
 4.99924E-01
 4.99926E-01
 4.99927E-01
 4.99927E-01
 4.99928E-01
 4.99928E-01
 4.99929E-01
 4.99929E-01
 4.99929E-01
 4.99930E-01
 4.99930E-01
 4.99930E-01
 4.99931E-01
 4.99931E-01
 4.99931E-01
 4.99931E-01
 4.99932E-01
 4.99932E-01
 4.99932E-01
 4.99932E-01
 4.99933E-01
 4.99933E-01
 4.99933E-01
 4.99933E-01
 4.99933E-01
 4.99934E-01
 4.99934E-01
 4.99934E-01
 4.99934E-01
 4.99934E-01
 4.99934E-01
 4.99935E-01
 4.99935E-01
 4.99935E-01
 4.99935E-01
 4.99935E-01
 4.99935E-01
 4.99935E-01
 4.99935E-01
 4.99936E-01
 4.99936E-01
 4.99936E-01
 4.99936E-01
 4.99936E-01
 4.99936E-01
 4.99936E-01
 4.99936E-01
 4.99936E-01
 4.99936E-01
 4.99936E-01
 4.99937E-01
 4.99937E-01
 4.99937E-01
 4.99937E-01
 4.99937E-01
 4.99937E-01
 4.99937E-01
 4.99937E-01
 4.99937E-01
 4.99937E-01
 4.99937E-01
 4.99937E-01
 4.99937E-01
 4.99937E-01
 4.99937E-01
 4.99937E-01
 4.99937E-01
 4.99937E-01
 4.99937E-01
 4.99937E-01
 4.99937E-01
 4.99937E-01
 4.99937E-01
 4.99937E-01
 4.99938E-01
 4.99938E-01
 4.99938E-01
 4.99938E-01
 4.99938E-01
 4.99938E-01
 4.99938E-01
 4.99938E-01
 8.66502E-17
 9.07570E-17
 8.41242E-17
 8.42850E-17
 8.81923E-17
 8.53500E-17
 8.84488E-17
 9.10937E-17
 8.53045E-17
 8.73225E-17
 8.54470E-17
 9.03583E-17
 9.08663E-17
 9.08308E-17
 9.02753E-17
 8.97603E-17
 8.55618E-17
 9.00767E-17
 8.70506E-17
 8.63536E-17
 9.02351E-17
 9.08962E-17
 9.07304E-17
 8.92259E-17
 8.78066E-17
 9.06392E-17
 9.10034E-17
 8.80227E-17
 8.81465E-17
 9.06336E-17
 8.89001E-17
 1.15045E-08
 3.53136E-01
 4.86972E-01
 4.97969E-01
 4.99624E-01
 4.99881E-01
 4.99919E-01
 4.99925E-01
 4.99927E-01
 4.99927E-01
 4.99928E-01
 4.99928E-01
 4.99928E-01
 4.99929E-01
 4.99929E-01
 4.99930E-01
 4.99930E-01
 4.99930E-01
 4.99930E-01
 4.99931E-01
 4.99931E-01
 4.99931E-01
 4.99932E-01
 4.99932E-01
 4.99932E-01
 4.99932E-01
 4.99933E-01
 4.99933E-01
 4.99933E-01
 4.99933E-01
 4.99933E-01
 4.99933E-01
 4.99934E-01
 4.99934E-01
 4.99934E-01
 4.99934E-01
 4.99934E-01
 4.99934E-01
 4.99935E-01
 4.99935E-01
 4.99935E-01
 4.99935E-01
 4.99935E-01
 4.99935E-01
 4.99935E-01
 4.99935E-01
 4.99936E-01
 4.99936E-01
 4.99936E-01
 4.99936E-01
 4.99936E-01
 4.99936E-01
 4.99936E-01
 4.99936E-01
 4.99936E-01
 4.99936E-01
 4.99936E-01
 4.99937E-01
 4.99937E-01
 4.99937E-01
 4.99937E-01
 4.99937E-01
 4.99937E-01
 4.99937E-01
 4.99937E-01
 4.99937E-01
 4.99937E-01
 4.99937E-01
 4.99937E-01
 4.99937E-01
 4.99937E-01
 4.99937E-01
 4.99937E-01
 4.99937E-01
 4.99937E-01
 4.99937E-01
 4.99937E-01
 4.99937E-01
 4.99937E-01
 4.99937E-01
 4.99938E-01
 4.99938E-01
 4.99938E-01
 4.99938E-01
 4.99938E-01
 4.99938E-01
 4.99938E-01
 4.99938E-01
 4.99938E-01
 8.87652E-17
 8.92194E-17
 8.66330E-17
 8.49599E-17
 8.68414E-17
 8.84220E-17
 8.80352E-17
 8.75737E-17
 8.74519E-17
 8.84046E-17
 8.44204E-17
 8.72383E-17
 8.86850E-17
 9.13641E-17
 8.64434E-17
 8.96915E-17
 8.67884E-17
 8.87482E-17
 8.69154E-17
 8.70882E-17
 8.69691E-17
 9.10643E-17
 9.08729E-17
 8.95666E-17
 8.90923E-17
 8.85365E-17
 9.01774E-17
 9.01514E-17
 8.92264E-17
 8.83363E-17
 2.93911E-16
 1.81418E-03
 4.56691E-01
 4.94541E-01
 4.99061E-01
 4.99794E-01
 4.99907E-01
 4.99923E-01
 4.99926E-01
 4.99927E-01
 4.99927E-01
 4.99928E-01
 4.99928E-01
 4.99929E-01
 4.99929E-01
 4.99929E-01
 4.99930E-01
 4.99930E-01
 4.99930E-01
 4.99931E-01
 4.99931E-01
 4.99931E-01
 4.99931E-01
 4.99932E-01
 4.99932E-01
 4.99932E-01
 4.99932E-01
 4.99933E-01
 4.99933E-01
 4.99933E-01
 4.99933E-01
 4.99933E-01
 4.99934E-01
 4.99934E-01
 4.99934E-01
 4.99934E-01
 4.99934E-01
 4.99934E-01
 4.99935E-01
 4.99935E-01
 4.99935E-01
 4.99935E-01
 4.99935E-01
 4.99935E-01
 4.99935E-01
 4.99935E-01
 4.99936E-01
 4.99936E-01
 4.99936E-01
 4.99936E-01
 4.99936E-01
 4.99936E-01
 4.99936E-01
 4.99936E-01
 4.99936E-01
 4.99936E-01
 4.99936E-01
 4.99937E-01
 4.99937E-01
 4.99937E-01
 4.99937E-01
 4.99937E-01
 4.99937E-01
 4.99937E-01
 4.99937E-01
 4.99937E-01
 4.99937E-01
 4.99937E-01
 4.99937E-01
 4.99937E-01
 4.99937E-01
 4.99937E-01
 4.99937E-01
 4.99937E-01
 4.99937E-01
 4.99937E-01
 4.99937E-01
 4.99937E-01
 4.99937E-01
 4.99938E-01
 4.99938E-01
 4.99938E-01
 4.99938E-01
 4.99938E-01
 4.99938E-01
 4.99938E-01
 4.99938E-01
 4.99938E-01
 4.99938E-01
 4.99938E-01
 9.07430E-17
 8.75755E-17
 8.86495E-17
 8.80190E-17
 8.43680E-17
 8.81469E-17
 8.68552E-17
 8.93452E-17
 8.57642E-17
 8.96585E-17
 9.02643E-17
 8.91859E-17
 8.51698E-17
 9.06830E-17
 8.90320E-17
 8.88416E-17
 8.75282E-17
 8.77642E-17
 8.70429E-17
 9.02258E-17
 9.14160E-17
 8.69393E-17
 8.95100E-17
 9.14111E-17
 9.14565E-17
 8.91099E-17
 8.83276E-17
 8.78095E-17
 8.81277E-17
 8.99431E-17
 1.56126E-10
 3.04136E-01
 4.84102E-01
 4.97522E-01
 4.99560E-01
 4.99872E-01
 4.99918E-01
 4.99925E-01
 4.99927E-01
 4.99927E-01
 4.99928E-01
 4.99928E-01
 4.99928E-01
 4.99929E-01
 4.99929E-01
 4.99929E-01
 4.99930E-01
 4.99930E-01
 4.99930E-01
 4.99931E-01
 4.99931E-01
 4.99931E-01
 4.99932E-01
 4.99932E-01
 4.99932E-01
 4.99932E-01
 4.99932E-01
 4.99933E-01
 4.99933E-01
 4.99933E-01
 4.99933E-01
 4.99933E-01
 4.99934E-01
 4.99934E-01
 4.99934E-01
 4.99934E-01
 4.99934E-01
 4.99934E-01
 4.99935E-01
 4.99935E-01
 4.99935E-01
 4.99935E-01
 4.99935E-01
 4.99935E-01
 4.99935E-01
 4.99935E-01
 4.99936E-01
 4.99936E-01
 4.99936E-01
 4.99936E-01
 4.99936E-01
 4.99936E-01
 4.99936E-01
 4.99936E-01
 4.99936E-01
 4.99936E-01
 4.99936E-01
 4.99937E-01
 4.99937E-01
 4.99937E-01
 4.99937E-01
 4.99937E-01
 4.99937E-01
 4.99937E-01
 4.99937E-01
 4.99937E-01
 4.99937E-01
 4.99937E-01
 4.99937E-01
 4.99937E-01
 4.99937E-01
 4.99937E-01
 4.99937E-01
 4.99937E-01
 4.99937E-01
 4.99937E-01
 4.99937E-01
 4.99937E-01
 4.99938E-01
 4.99938E-01
 4.99938E-01
 4.99938E-01
 4.99938E-01
 4.99938E-01
 4.99938E-01
 4.99938E-01
 4.99938E-01
 4.99938E-01
 4.99938E-01
 4.99938E-01
 8.68079E-17
 8.59462E-17
 8.90172E-17
 9.00246E-17
 8.89960E-17
 8.79805E-17
 8.47207E-17
 9.09813E-17
 8.98062E-17
 8.95743E-17
 8.78820E-17
 9.08265E-17
 8.82151E-17
 9.04728E-17
 8.68258E-17
 8.91402E-17
 8.81285E-17
 8.70769E-17
 9.03134E-17
 8.93646E-17
 8.94197E-17
 8.78286E-17
 8.80932E-17
 8.72935E-17
 8.95566E-17
 8.87163E-17
 8.90209E-17
 8.94341E-17
 8.82341E-17
 9.07687E-17
 1.64655E-04
 4.41563E-01
 4.93796E-01
 4.98984E-01
 4.99784E-01
 4.99905E-01
 4.99923E-01
 4.99926E-01
 4.99927E-01
 4.99927E-01
 4.99928E-01
 4.99928E-01
 4.99929E-01
 4.99929E-01
 4.99929E-01
 4.99930E-01
 4.99930E-01
 4.99930E-01
 4.99931E-01
 4.99931E-01
 4.99931E-01
 4.99931E-01
 4.99932E-01
 4.99932E-01
 4.99932E-01
 4.99932E-01
 4.99933E-01
 4.99933E-01
 4.99933E-01
 4.99933E-01
 4.99933E-01
 4.99934E-01
 4.99934E-01
 4.99934E-01
 4.99934E-01
 4.99934E-01
 4.99934E-01
 4.99935E-01
 4.99935E-01
 4.99935E-01
 4.99935E-01
 4.99935E-01
 4.99935E-01
 4.99935E-01
 4.99935E-01
 4.99936E-01
 4.99936E-01
 4.99936E-01
 4.99936E-01
 4.99936E-01
 4.99936E-01
 4.99936E-01
 4.99936E-01
 4.99936E-01
 4.99936E-01
 4.99936E-01
 4.99937E-01
 4.99937E-01
 4.99937E-01
 4.99937E-01
 4.99937E-01
 4.99937E-01
 4.99937E-01
 4.99937E-01
 4.99937E-01
 4.99937E-01
 4.99937E-01
 4.99937E-01
 4.99937E-01
 4.99937E-01
 4.99937E-01
 4.99937E-01
 4.99937E-01
 4.99937E-01
 4.99937E-01
 4.99937E-01
 4.99937E-01
 4.99938E-01
 4.99938E-01
 4.99938E-01
 4.99938E-01
 4.99938E-01
 4.99938E-01
 4.99938E-01
 4.99938E-01
 4.99938E-01
 4.99938E-01
 4.99938E-01
 4.99938E-01
 4.99938E-01
 8.66939E-17
 8.66577E-17
 8.94423E-17
 8.78243E-17
 8.98790E-17
 8.98368E-17
 8.58054E-17
 9.07930E-17
 8.63148E-17
 8.76680E-17
 8.92804E-17
 8.88594E-17
 9.12706E-17
 8.94731E-17
 9.05707E-17
 8.61344E-17
 9.11525E-17
 9.13676E-17
 9.02487E-17
 8.88160E-17
 8.92703E-17
 9.05756E-17
 8.84093E-17
 8.96173E-17
 9.04245E-17
 8.96712E-17
 8.98606E-17
 9.05767E-17
 8.83102E-17
 1.14865E-10
 2.93600E-01
 4.84212E-01
 4.97589E-01
 4.99575E-01
 4.99875E-01
 4.99919E-01
 4.99925E-01
 4.99927E-01
 4.99927E-01
 4.99928E-01
 4.99928E-01
 4.99928E-01
 4.99929E-01
 4.99929E-01
 4.99929E-01
 4.99930E-01
 4.99930E-01
 4.99930E-01
 4.99931E-01
 4.99931E-01
 4.99931E-01
 4.99931E-01
 4.99932E-01
 4.99932E-01
 4.99932E-01
 4.99932E-01
 4.99933E-01
 4.99933E-01
 4.99933E-01
 4.99933E-01
 4.99933E-01
 4.99934E-01
 4.99934E-01
 4.99934E-01
 4.99934E-01
 4.99934E-01
 4.99934E-01
 4.99935E-01
 4.99935E-01
 4.99935E-01
 4.99935E-01
 4.99935E-01
 4.99935E-01
 4.99935E-01
 4.99935E-01
 4.99936E-01
 4.99936E-01
 4.99936E-01
 4.99936E-01
 4.99936E-01
 4.99936E-01
 4.99936E-01
 4.99936E-01
 4.99936E-01
 4.99936E-01
 4.99936E-01
 4.99937E-01
 4.99937E-01
 4.99937E-01
 4.99937E-01
 4.99937E-01
 4.99937E-01
 4.99937E-01
 4.99937E-01
 4.99937E-01
 4.99937E-01
 4.99937E-01
 4.99937E-01
 4.99937E-01
 4.99937E-01
 4.99937E-01
 4.99937E-01
 4.99937E-01
 4.99937E-01
 4.99937E-01
 4.99937E-01
 4.99938E-01
 4.99938E-01
 4.99938E-01
 4.99938E-01
 4.99938E-01
 4.99938E-01
 4.99938E-01
 4.99938E-01
 4.99938E-01
 4.99938E-01
 4.99938E-01
 4.99938E-01
 4.99938E-01
 4.99938E-01
 9.11912E-17
 8.81189E-17
 8.88192E-17
 8.61020E-17
 9.12847E-17
 8.94149E-17
 8.68001E-17
 8.60994E-17
 8.79430E-17
 8.55144E-17
 8.77046E-17
 8.98347E-17
 8.75909E-17
 8.62832E-17
 9.07741E-17
 8.80791E-17
 8.63633E-17
 8.82243E-17
 8.98272E-17
 9.04761E-17
 8.90119E-17
 8.94336E-17
 9.01745E-17
 9.05226E-17
 8.80949E-17
 8.99938E-17
 8.82391E-17
 8.88864E-17
 2.32057E-16
 7.41244E-04
 4.53665E-01
 4.94640E-01
 4.99117E-01
 4.99806E-01
 4.99909E-01
 4.99924E-01
 4.99926E-01
 4.99927E-01
 4.99927E-01
 4.99928E-01
 4.99928E-01
 4.99929E-01
 4.99929E-01
 4.99929E-01
 4.99930E-01
 4.99930E-01
 4.99930E-01
 4.99931E-01
 4.99931E-01
 4.99931E-01
 4.99931E-01
 4.99932E-01
 4.99932E-01
 4.99932E-01
 4.99932E-01
 4.99933E-01
 4.99933E-01
 4.99933E-01
 4.99933E-01
 4.99933E-01
 4.99934E-01
 4.99934E-01
 4.99934E-01
 4.99934E-01
 4.99934E-01
 4.99934E-01
 4.99935E-01
 4.99935E-01
 4.99935E-01
 4.99935E-01
 4.99935E-01
 4.99935E-01
 4.99935E-01
 4.99935E-01
 4.99936E-01
 4.99936E-01
 4.99936E-01
 4.99936E-01
 4.99936E-01
 4.99936E-01
 4.99936E-01
 4.99936E-01
 4.99936E-01
 4.99936E-01
 4.99936E-01
 4.99937E-01
 4.99937E-01
 4.99937E-01
 4.99937E-01
 4.99937E-01
 4.99937E-01
 4.99937E-01
 4.99937E-01
 4.99937E-01
 4.99937E-01
 4.99937E-01
 4.99937E-01
 4.99937E-01
 4.99937E-01
 4.99937E-01
 4.99937E-01
 4.99937E-01
 4.99937E-01
 4.99937E-01
 4.99938E-01
 4.99938E-01
 4.99938E-01
 4.99938E-01
 4.99938E-01
 4.99938E-01
 4.99938E-01
 4.99938E-01
 4.99938E-01
 4.99938E-01
 4.99938E-01
 4.99938E-01
 4.99938E-01
 4.99938E-01
 4.99938E-01
 4.99938E-01
 8.75349E-17
 8.89750E-17
 8.94398E-17
 8.83404E-17
 8.80982E-17
 8.64658E-17
 9.04121E-17
 9.14721E-17
 8.69584E-17
 8.70371E-17
 8.97361E-17
 8.73028E-17
 8.60452E-17
 8.71554E-17
 9.03973E-17
 8.94759E-17
 9.00513E-17
 8.84484E-17
 9.04241E-17
 8.74535E-17
 8.95510E-17
 9.07407E-17
 8.92931E-17
 9.08884E-17
 8.75330E-17
 8.98248E-17
 8.99074E-17
 8.98417E-17
 5.28294E-09
 3.49417E-01
 4.87734E-01
 4.98147E-01
 4.99662E-01
 4.99888E-01
 4.99921E-01
 4.99926E-01
 4.99927E-01
 4.99927E-01
 4.99928E-01
 4.99928E-01
 4.99928E-01
 4.99929E-01
 4.99929E-01
 4.99929E-01
 4.99930E-01
 4.99930E-01
 4.99930E-01
 4.99931E-01
 4.99931E-01
 4.99931E-01
 4.99931E-01
 4.99932E-01
 4.99932E-01
 4.99932E-01
 4.99932E-01
 4.99933E-01
 4.99933E-01
 4.99933E-01
 4.99933E-01
 4.99933E-01
 4.99934E-01
 4.99934E-01
 4.99934E-01
 4.99934E-01
 4.99934E-01
 4.99934E-01
 4.99935E-01
 4.99935E-01
 4.99935E-01
 4.99935E-01
 4.99935E-01
 4.99935E-01
 4.99935E-01
 4.99935E-01
 4.99936E-01
 4.99936E-01
 4.99936E-01
 4.99936E-01
 4.99936E-01
 4.99936E-01
 4.99936E-01
 4.99936E-01
 4.99936E-01
 4.99936E-01
 4.99937E-01
 4.99937E-01
 4.99937E-01
 4.99937E-01
 4.99937E-01
 4.99937E-01
 4.99937E-01
 4.99937E-01
 4.99937E-01
 4.99937E-01
 4.99937E-01
 4.99937E-01
 4.99937E-01
 4.99937E-01
 4.99937E-01
 4.99937E-01
 4.99937E-01
 4.99937E-01
 4.99937E-01
 4.99938E-01
 4.99938E-01
 4.99938E-01
 4.99938E-01
 4.99938E-01
 4.99938E-01
 4.99938E-01
 4.99938E-01
 4.99938E-01
 4.99938E-01
 4.99938E-01
 4.99938E-01
 4.99938E-01
 4.99938E-01
 4.99938E-01
 4.99938E-01
 4.99938E-01
 8.77481E-17
 8.79557E-17
 8.86833E-17
 8.70721E-17
 9.10070E-17
 8.97769E-17
 8.97595E-17
 8.95620E-17
 8.89665E-17
 9.09668E-17
 8.92266E-17
 8.92208E-17
 8.96786E-17
 8.87659E-17
 9.13298E-17
 8.76947E-17
 8.75254E-17
 9.14363E-17
 8.76465E-17
 9.14150E-17
 8.75741E-17
 8.93626E-17
 8.84987E-17
 9.06276E-17
 8.88431E-17
 8.79267E-17
 8.85598E-17
 1.40053E-13
 9.61558E-02
 4.76331E-01
 4.96318E-01
 4.99381E-01
 4.99847E-01
 4.99915E-01
 4.99925E-01
 4.99926E-01
 4.99927E-01
 4.99927E-01
 4.99928E-01
 4.99928E-01
 4.99929E-01
 4.99929E-01
 4.99929E-01
 4.99930E-01
 4.99930E-01
 4.99930E-01
 4.99931E-01
 4.99931E-01
 4.99931E-01
 4.99931E-01
 4.99932E-01
 4.99932E-01
 4.99932E-01
 4.99932E-01
 4.99933E-01
 4.99933E-01
 4.99933E-01
 4.99933E-01
 4.99933E-01
 4.99934E-01
 4.99934E-01
 4.99934E-01
 4.99934E-01
 4.99934E-01
 4.99934E-01
 4.99935E-01
 4.99935E-01
 4.99935E-01
 4.99935E-01
 4.99935E-01
 4.99935E-01
 4.99935E-01
 4.99935E-01
 4.99936E-01
 4.99936E-01
 4.99936E-01
 4.99936E-01
 4.99936E-01
 4.99936E-01
 4.99936E-01
 4.99936E-01
 4.99936E-01
 4.99936E-01
 4.99936E-01
 4.99937E-01
 4.99937E-01
 4.99937E-01
 4.99937E-01
 4.99937E-01
 4.99937E-01
 4.99937E-01
 4.99937E-01
 4.99937E-01
 4.99937E-01
 4.99937E-01
 4.99937E-01
 4.99937E-01
 4.99937E-01
 4.99937E-01
 4.99937E-01
 4.99937E-01
 4.99937E-01
 4.99938E-01
 4.99938E-01
 4.99938E-01
 4.99938E-01
 4.99938E-01
 4.99938E-01
 4.99938E-01
 4.99938E-01
 4.99938E-01
 4.99938E-01
 4.99938E-01
 4.99938E-01
 4.99938E-01
 4.99938E-01
 4.99938E-01
 4.99938E-01
 4.99938E-01
 4.99938E-01
 9.01914E-17
 9.14303E-17
 8.93356E-17
 8.75092E-17
 9.03845E-17
 8.68019E-17
 8.62848E-17
 8.84008E-17
 8.69773E-17
 9.13879E-17
 9.09124E-17
 8.77401E-17
 8.63476E-17
 8.86831E-17
 8.98650E-17
 9.03328E-17
 9.04487E-17
 9.02781E-17
 9.01331E-17
 8.77114E-17
 8.77958E-17
 9.01158E-17
 9.11639E-17
 8.83329E-17
 8.89336E-17
 9.07394E-17
 9.10956E-17
 1.38269E-05
 4.30587E-01
 4.92910E-01
 4.98879E-01
 4.99771E-01
 4.99904E-01
 4.99923E-01
 4.99926E-01
 4.99927E-01
 4.99927E-01
 4.99928E-01
 4.99928E-01
 4.99928E-01
 4.99929E-01
 4.99929E-01
 4.99929E-01
 4.99930E-01
 4.99930E-01
 4.99930E-01
 4.99931E-01
 4.99931E-01
 4.99931E-01
 4.99932E-01
 4.99932E-01
 4.99932E-01
 4.99932E-01
 4.99932E-01
 4.99933E-01
 4.99933E-01
 4.99933E-01
 4.99933E-01
 4.99933E-01
 4.99934E-01
 4.99934E-01
 4.99934E-01
 4.99934E-01
 4.99934E-01
 4.99934E-01
 4.99935E-01
 4.99935E-01
 4.99935E-01
 4.99935E-01
 4.99935E-01
 4.99935E-01
 4.99935E-01
 4.99936E-01
 4.99936E-01
 4.99936E-01
 4.99936E-01
 4.99936E-01
 4.99936E-01
 4.99936E-01
 4.99936E-01
 4.99936E-01
 4.99936E-01
 4.99936E-01
 4.99937E-01
 4.99937E-01
 4.99937E-01
 4.99937E-01
 4.99937E-01
 4.99937E-01
 4.99937E-01
 4.99937E-01
 4.99937E-01
 4.99937E-01
 4.99937E-01
 4.99937E-01
 4.99937E-01
 4.99937E-01
 4.99937E-01
 4.99937E-01
 4.99937E-01
 4.99937E-01
 4.99938E-01
 4.99938E-01
 4.99938E-01
 4.99938E-01
 4.99938E-01
 4.99938E-01
 4.99938E-01
 4.99938E-01
 4.99938E-01
 4.99938E-01
 4.99938E-01
 4.99938E-01
 4.99938E-01
 4.99938E-01
 4.99938E-01
 4.99938E-01
 4.99938E-01
 4.99938E-01
 4.99938E-01
 8.76950E-17
 8.82483E-17
 9.11138E-17
 9.05359E-17
 9.13578E-17
 8.92652E-17
 9.09360E-17
 8.94095E-17
 8.77438E-17
 9.09951E-17
 8.99457E-17
 8.73198E-17
 9.11529E-17
 8.89027E-17
 9.07580E-17
 8.74378E-17
 8.95972E-17
 8.84502E-17
 8.77417E-17
 8.77116E-17
 9.03188E-17
 8.89536E-17
 8.81004E-17
 9.13510E-17
 9.05504E-17
 9.03970E-17
 4.83153E-09
 3.25169E-01
 4.86903E-01
 4.98037E-01
 4.99643E-01
 4.99885E-01
 4.99920E-01
 4.99925E-01
 4.99927E-01
 4.99927E-01
 4.99928E-01
 4.99928E-01
 4.99928E-01
 4.99929E-01
 4.99929E-01
 4.99929E-01
 4.99930E-01
 4.99930E-01
 4.99930E-01
 4.99931E-01
 4.99931E-01
 4.99931E-01
 4.99931E-01
 4.99932E-01
 4.99932E-01
 4.99932E-01
 4.99932E-01
 4.99933E-01
 4.99933E-01
 4.99933E-01
 4.99933E-01
 4.99933E-01
 4.99934E-01
 4.99934E-01
 4.99934E-01
 4.99934E-01
 4.99934E-01
 4.99934E-01
 4.99935E-01
 4.99935E-01
 4.99935E-01
 4.99935E-01
 4.99935E-01
 4.99935E-01
 4.99935E-01
 4.99935E-01
 4.99936E-01
 4.99936E-01
 4.99936E-01
 4.99936E-01
 4.99936E-01
 4.99936E-01
 4.99936E-01
 4.99936E-01
 4.99936E-01
 4.99936E-01
 4.99937E-01
 4.99937E-01
 4.99937E-01
 4.99937E-01
 4.99937E-01
 4.99937E-01
 4.99937E-01
 4.99937E-01
 4.99937E-01
 4.99937E-01
 4.99937E-01
 4.99937E-01
 4.99937E-01
 4.99937E-01
 4.99937E-01
 4.99937E-01
 4.99937E-01
 4.99937E-01
 4.99938E-01
 4.99938E-01
 4.99938E-01
 4.99938E-01
 4.99938E-01
 4.99938E-01
 4.99938E-01
 4.99938E-01
 4.99938E-01
 4.99938E-01
 4.99938E-01
 4.99938E-01
 4.99938E-01
 4.99938E-01
 4.99938E-01
 4.99938E-01
 4.99938E-01
 4.99938E-01
 4.99938E-01
 4.99938E-01
 8.85109E-17
 8.84452E-17
 9.02393E-17
 8.80136E-17
 8.93028E-17
 9.09870E-17
 8.67847E-17
 8.97046E-17
 8.92802E-17
 8.67474E-17
 8.91493E-17
 8.73855E-17
 9.06201E-17
 9.03388E-17
 8.73552E-17
 8.75254E-17
 9.06792E-17
 8.73029E-17
 9.11566E-17
 8.84474E-17
 9.09329E-17
 8.86609E-17
 9.07818E-17
 9.09593E-17
 8.94515E-17
 7.80332E-12
 1.68437E-01
 4.78792E-01
 4.96764E-01
 4.99445E-01
 4.99855E-01
 4.99916E-01
 4.99925E-01
 4.99926E-01
 4.99927E-01
 4.99927E-01
 4.99928E-01
 4.99928E-01
 4.99929E-01
 4.99929E-01
 4.99929E-01
 4.99930E-01
 4.99930E-01
 4.99930E-01
 4.99930E-01
 4.99931E-01
 4.99931E-01
 4.99931E-01
 4.99932E-01
 4.99932E-01
 4.99932E-01
 4.99932E-01
 4.99933E-01
 4.99933E-01
 4.99933E-01
 4.99933E-01
 4.99933E-01
 4.99934E-01
 4.99934E-01
 4.99934E-01
 4.99934E-01
 4.99934E-01
 4.99934E-01
 4.99935E-01
 4.99935E-01
 4.99935E-01
 4.99935E-01
 4.99935E-01
 4.99935E-01
 4.99935E-01
 4.99935E-01
 4.99936E-01
 4.99936E-01
 4.99936E-01
 4.99936E-01
 4.99936E-01
 4.99936E-01
 4.99936E-01
 4.99936E-01
 4.99936E-01
 4.99936E-01
 4.99937E-01
 4.99937E-01
 4.99937E-01
 4.99937E-01
 4.99937E-01
 4.99937E-01
 4.99937E-01
 4.99937E-01
 4.99937E-01
 4.99937E-01
 4.99937E-01
 4.99937E-01
 4.99937E-01
 4.99937E-01
 4.99937E-01
 4.99937E-01
 4.99937E-01
 4.99938E-01
 4.99938E-01
 4.99938E-01
 4.99938E-01
 4.99938E-01
 4.99938E-01
 4.99938E-01
 4.99938E-01
 4.99938E-01
 4.99938E-01
 4.99938E-01
 4.99938E-01
 4.99938E-01
 4.99938E-01
 4.99938E-01
 4.99938E-01
 4.99938E-01
 4.99938E-01
 4.99938E-01
 4.99938E-01
 4.99938E-01
 4.99938E-01
 9.08951E-17
 8.99336E-17
 8.95248E-17
 9.06813E-17
 8.78558E-17
 8.82005E-17
 8.97392E-17
 8.89221E-17
 8.98596E-17
 8.78332E-17
 9.07019E-17
 9.04530E-17
 8.73873E-17
 8.83070E-17
 8.95388E-17
 8.93972E-17
 9.05360E-17
 9.10341E-17
 9.13331E-17
 8.82552E-17
 9.12734E-17
 8.91150E-17
 8.83959E-17
 8.83960E-17
 6.39224E-14
 6.78323E-03
 4.66932E-01
 4.95118E-01
 4.99168E-01
 4.99811E-01
 4.99909E-01
 4.99924E-01
 4.99926E-01
 4.99927E-01
 4.99927E-01
 4.99928E-01
 4.99928E-01
 4.99928E-01
 4.99929E-01
 4.99929E-01
 4.99929E-01
 4.99930E-01
 4.99930E-01
 4.99930E-01
 4.99931E-01
 4.99931E-01
 4.99931E-01
 4.99931E-01
 4.99932E-01
 4.99932E-01
 4.99932E-01
 4.99932E-01
 4.99933E-01
 4.99933E-01
 4.99933E-01
 4.99933E-01
 4.99933E-01
 4.99934E-01
 4.99934E-01
 4.99934E-01
 4.99934E-01
 4.99934E-01
 4.99934E-01
 4.99935E-01
 4.99935E-01
 4.99935E-01
 4.99935E-01
 4.99935E-01
 4.99935E-01
 4.99935E-01
 4.99936E-01
 4.99936E-01
 4.99936E-01
 4.99936E-01
 4.99936E-01
 4.99936E-01
 4.99936E-01
 4.99936E-01
 4.99936E-01
 4.99936E-01
 4.99937E-01
 4.99937E-01
 4.99937E-01
 4.99937E-01
 4.99937E-01
 4.99937E-01
 4.99937E-01
 4.99937E-01
 4.99937E-01
 4.99937E-01
 4.99937E-01
 4.99937E-01
 4.99937E-01
 4.99937E-01
 4.99937E-01
 4.99937E-01
 4.99937E-01
 4.99938E-01
 4.99938E-01
 4.99938E-01
 4.99938E-01
 4.99938E-01
 4.99938E-01
 4.99938E-01
 4.99938E-01
 4.99938E-01
 4.99938E-01
 4.99938E-01
 4.99938E-01
 4.99938E-01
 4.99938E-01
 4.99938E-01
 4.99938E-01
 4.99938E-01
 4.99938E-01
 4.99938E-01
 4.99938E-01
 4.99938E-01
 4.99938E-01
 4.99938E-01
 8.82364E-17
 9.05770E-17
 8.86527E-17
 8.92075E-17
 8.98019E-17
 9.01851E-17
 8.70540E-17
 9.03749E-17
 9.10466E-17
 8.99567E-17
 8.73593E-17
 9.11269E-17
 9.04538E-17
 8.90764E-17
 8.94866E-17
 9.05372E-17
 8.73746E-17
 8.97288E-17
 9.13556E-17
 8.96673E-17
 9.09442E-17
 8.99943E-17
 8.95062E-17
 2.82438E-15
 1.31345E-04
 4.40139E-01
 4.93154E-01
 4.98825E-01
 4.99754E-01
 4.99900E-01
 4.99922E-01
 4.99926E-01
 4.99927E-01
 4.99927E-01
 4.99928E-01
 4.99928E-01
 4.99928E-01
 4.99929E-01
 4.99929E-01
 4.99929E-01
 4.99930E-01
 4.99930E-01
 4.99930E-01
 4.99931E-01
 4.99931E-01
 4.99931E-01
 4.99931E-01
 4.99932E-01
 4.99932E-01
 4.99932E-01
 4.99932E-01
 4.99933E-01
 4.99933E-01
 4.99933E-01
 4.99933E-01
 4.99933E-01
 4.99934E-01
 4.99934E-01
 4.99934E-01
 4.99934E-01
 4.99934E-01
 4.99934E-01
 4.99935E-01
 4.99935E-01
 4.99935E-01
 4.99935E-01
 4.99935E-01
 4.99935E-01
 4.99935E-01
 4.99935E-01
 4.99936E-01
 4.99936E-01
 4.99936E-01
 4.99936E-01
 4.99936E-01
 4.99936E-01
 4.99936E-01
 4.99936E-01
 4.99936E-01
 4.99936E-01
 4.99937E-01
 4.99937E-01
 4.99937E-01
 4.99937E-01
 4.99937E-01
 4.99937E-01
 4.99937E-01
 4.99937E-01
 4.99937E-01
 4.99937E-01
 4.99937E-01
 4.99937E-01
 4.99937E-01
 4.99937E-01
 4.99937E-01
 4.99937E-01
 4.99938E-01
 4.99938E-01
 4.99938E-01
 4.99938E-01
 4.99938E-01
 4.99938E-01
 4.99938E-01
 4.99938E-01
 4.99938E-01
 4.99938E-01
 4.99938E-01
 4.99938E-01
 4.99938E-01
 4.99938E-01
 4.99938E-01
 4.99938E-01
 4.99938E-01
 4.99938E-01
 4.99938E-01
 4.99938E-01
 4.99938E-01
 4.99938E-01
 4.99938E-01
 4.99938E-01
 9.12006E-17
 8.79920E-17
 9.04887E-17
 9.13226E-17
 8.99924E-17
 8.91165E-17
 8.94173E-17
 8.88426E-17
 8.95479E-17
 8.86883E-17
 9.06103E-17
 8.73508E-17
 8.95161E-17
 9.11708E-17
 8.78417E-17
 9.10648E-17
 9.08874E-17
 9.14019E-17
 8.76351E-17
 8.96387E-17
 8.90486E-17
 9.04097E-17
 6.69829E-16
 1.24414E-05
 4.00422E-01
 4.90893E-01
 4.98451E-01
 4.99687E-01
 4.99889E-01
 4.99921E-01
 4.99926E-01
 4.99927E-01
 4.99927E-01
 4.99928E-01
 4.99928E-01
 4.99928E-01
 4.99929E-01
 4.99929E-01
 4.99929E-01
 4.99930E-01
 4.99930E-01
 4.99930E-01
 4.99931E-01
 4.99931E-01
 4.99931E-01
 4.99931E-01
 4.99932E-01
 4.99932E-01
 4.99932E-01
 4.99932E-01
 4.99933E-01
 4.99933E-01
 4.99933E-01
 4.99933E-01
 4.99933E-01
 4.99934E-01
 4.99934E-01
 4.99934E-01
 4.99934E-01
 4.99934E-01
 4.99934E-01
 4.99935E-01
 4.99935E-01
 4.99935E-01
 4.99935E-01
 4.99935E-01
 4.99935E-01
 4.99935E-01
 4.99935E-01
 4.99936E-01
 4.99936E-01
 4.99936E-01
 4.99936E-01
 4.99936E-01
 4.99936E-01
 4.99936E-01
 4.99936E-01
 4.99936E-01
 4.99936E-01
 4.99937E-01
 4.99937E-01
 4.99937E-01
 4.99937E-01
 4.99937E-01
 4.99937E-01
 4.99937E-01
 4.99937E-01
 4.99937E-01
 4.99937E-01
 4.99937E-01
 4.99937E-01
 4.99937E-01
 4.99937E-01
 4.99937E-01
 4.99937E-01
 4.99938E-01
 4.99938E-01
 4.99938E-01
 4.99938E-01
 4.99938E-01
 4.99938E-01
 4.99938E-01
 4.99938E-01
 4.99938E-01
 4.99938E-01
 4.99938E-01
 4.99938E-01
 4.99938E-01
 4.99938E-01
 4.99938E-01
 4.99938E-01
 4.99938E-01
 4.99938E-01
 4.99938E-01
 4.99938E-01
 4.99938E-01
 4.99938E-01
 4.99938E-01
 4.99938E-01
 4.99938E-01
 8.93430E-17
 8.93711E-17
 8.80587E-17
 8.79586E-17
 8.83028E-17
 9.10242E-17
 9.05673E-17
 8.83534E-17
 8.96096E-17
 8.97325E-17
 9.11574E-17
 8.86984E-17
 8.95868E-17
 8.81469E-17
 8.88294E-17
 8.88661E-17
 8.76202E-17
 8.82507E-17
 9.06545E-17
 8.88797E-17
 8.80880E-17
 9.13833E-16
 5.76966E-06
 3.76589E-01
 4.88820E-01
 4.98104E-01
 4.99620E-01
 4.99877E-01
 4.99918E-01
 4.99925E-01
 4.99927E-01
 4.99927E-01
 4.99927E-01
 4.99928E-01
 4.99928E-01
 4.99929E-01
 4.99929E-01
 4.99929E-01
 4.99930E-01
 4.99930E-01
 4.99930E-01
 4.99930E-01
 4.99931E-01
 4.99931E-01
 4.99931E-01
 4.99932E-01
 4.99932E-01
 4.99932E-01
 4.99932E-01
 4.99932E-01
 4.99933E-01
 4.99933E-01
 4.99933E-01
 4.99933E-01
 4.99934E-01
 4.99934E-01
 4.99934E-01
 4.99934E-01
 4.99934E-01
 4.99934E-01
 4.99935E-01
 4.99935E-01
 4.99935E-01
 4.99935E-01
 4.99935E-01
 4.99935E-01
 4.99935E-01
 4.99935E-01
 4.99936E-01
 4.99936E-01
 4.99936E-01
 4.99936E-01
 4.99936E-01
 4.99936E-01
 4.99936E-01
 4.99936E-01
 4.99936E-01
 4.99936E-01
 4.99937E-01
 4.99937E-01
 4.99937E-01
 4.99937E-01
 4.99937E-01
 4.99937E-01
 4.99937E-01
 4.99937E-01
 4.99937E-01
 4.99937E-01
 4.99937E-01
 4.99937E-01
 4.99937E-01
 4.99937E-01
 4.99937E-01
 4.99937E-01
 4.99938E-01
 4.99938E-01
 4.99938E-01
 4.99938E-01
 4.99938E-01
 4.99938E-01
 4.99938E-01
 4.99938E-01
 4.99938E-01
 4.99938E-01
 4.99938E-01
 4.99938E-01
 4.99938E-01
 4.99938E-01
 4.99938E-01
 4.99938E-01
 4.99938E-01
 4.99938E-01
 4.99938E-01
 4.99938E-01
 4.99938E-01
 4.99938E-01
 4.99938E-01
 4.99938E-01
 4.99938E-01
 4.99938E-01
 8.99803E-17
 9.01174E-17
 8.99110E-17
 8.80819E-17
 8.76178E-17
 9.07698E-17
 9.01492E-17
 9.07013E-17
 9.12152E-17
 9.12603E-17
 8.79046E-17
 8.74846E-17
 9.14453E-17
 9.13298E-17
 8.76852E-17
 9.03130E-17
 8.92588E-17
 8.89513E-17
 9.06989E-17
 8.83729E-17
 6.20632E-15
 1.29044E-05
 3.73473E-01
 4.87733E-01
 4.97855E-01
 4.99564E-01
 4.99865E-01
 4.99916E-01
 4.99925E-01
 4.99926E-01
 4.99927E-01
 4.99927E-01
 4.99928E-01
 4.99928E-01
 4.99929E-01
 4.99929E-01
 4.99929E-01
 4.99930E-01
 4.99930E-01
 4.99930E-01
 4.99930E-01
 4.99931E-01
 4.99931E-01
 4.99931E-01
 4.99932E-01
 4.99932E-01
 4.99932E-01
 4.99932E-01
 4.99932E-01
 4.99933E-01
 4.99933E-01
 4.99933E-01
 4.99933E-01
 4.99933E-01
 4.99934E-01
 4.99934E-01
 4.99934E-01
 4.99934E-01
 4.99934E-01
 4.99934E-01
 4.99935E-01
 4.99935E-01
 4.99935E-01
 4.99935E-01
 4.99935E-01
 4.99935E-01
 4.99935E-01
 4.99936E-01
 4.99936E-01
 4.99936E-01
 4.99936E-01
 4.99936E-01
 4.99936E-01
 4.99936E-01
 4.99936E-01
 4.99936E-01
 4.99936E-01
 4.99937E-01
 4.99937E-01
 4.99937E-01
 4.99937E-01
 4.99937E-01
 4.99937E-01
 4.99937E-01
 4.99937E-01
 4.99937E-01
 4.99937E-01
 4.99937E-01
 4.99937E-01
 4.99937E-01
 4.99937E-01
 4.99937E-01
 4.99938E-01
 4.99938E-01
 4.99938E-01
 4.99938E-01
 4.99938E-01
 4.99938E-01
 4.99938E-01
 4.99938E-01
 4.99938E-01
 4.99938E-01
 4.99938E-01
 4.99938E-01
 4.99938E-01
 4.99938E-01
 4.99938E-01
 4.99938E-01
 4.99938E-01
 4.99938E-01
 4.99938E-01
 4.99938E-01
 4.99938E-01
 4.99938E-01
 4.99938E-01
 4.99938E-01
 4.99938E-01
 4.99938E-01
 4.99938E-01
 4.99938E-01
 9.10429E-17
 8.86267E-17
 8.96225E-17
 8.88261E-17
 9.05304E-17
 8.79683E-17
 9.05904E-17
 8.90055E-17
 8.96155E-17
 9.02290E-17
 8.83914E-17
 8.80902E-17
 8.97435E-17
 9.06801E-17
 8.88948E-17
 8.87047E-17
 8.93649E-17
 9.12992E-17
 8.77850E-17
 2.04100E-13
 1.31782E-04
 3.91471E-01
 4.88021E-01
 4.97771E-01
 4.99530E-01
 4.99857E-01
 4.99915E-01
 4.99925E-01
 4.99926E-01
 4.99927E-01
 4.99927E-01
 4.99928E-01
 4.99928E-01
 4.99929E-01
 4.99929E-01
 4.99929E-01
 4.99930E-01
 4.99930E-01
 4.99930E-01
 4.99930E-01
 4.99931E-01
 4.99931E-01
 4.99931E-01
 4.99931E-01
 4.99932E-01
 4.99932E-01
 4.99932E-01
 4.99932E-01
 4.99933E-01
 4.99933E-01
 4.99933E-01
 4.99933E-01
 4.99933E-01
 4.99934E-01
 4.99934E-01
 4.99934E-01
 4.99934E-01
 4.99934E-01
 4.99934E-01
 4.99935E-01
 4.99935E-01
 4.99935E-01
 4.99935E-01
 4.99935E-01
 4.99935E-01
 4.99935E-01
 4.99936E-01
 4.99936E-01
 4.99936E-01
 4.99936E-01
 4.99936E-01
 4.99936E-01
 4.99936E-01
 4.99936E-01
 4.99936E-01
 4.99936E-01
 4.99937E-01
 4.99937E-01
 4.99937E-01
 4.99937E-01
 4.99937E-01
 4.99937E-01
 4.99937E-01
 4.99937E-01
 4.99937E-01
 4.99937E-01
 4.99937E-01
 4.99937E-01
 4.99937E-01
 4.99937E-01
 4.99937E-01
 4.99938E-01
 4.99938E-01
 4.99938E-01
 4.99938E-01
 4.99938E-01
 4.99938E-01
 4.99938E-01
 4.99938E-01
 4.99938E-01
 4.99938E-01
 4.99938E-01
 4.99938E-01
 4.99938E-01
 4.99938E-01
 4.99938E-01
 4.99938E-01
 4.99938E-01
 4.99938E-01
 4.99938E-01
 4.99938E-01
 4.99938E-01
 4.99938E-01
 4.99938E-01
 4.99938E-01
 4.99938E-01
 4.99938E-01
 4.99938E-01
 4.99938E-01
 4.99938E-01
 8.91845E-17
 9.05526E-17
 8.85569E-17
 9.05251E-17
 8.84488E-17
 8.83670E-17
 9.13028E-17
 8.82213E-17
 8.78455E-17
 9.13134E-17
 9.02042E-17
 9.08414E-17
 8.81065E-17
 8.97729E-17
 8.84375E-17
 8.86651E-17
 8.90389E-17
 8.86373E-17
 2.94408E-11
 5.70872E-03
 4.26134E-01
 4.89579E-01
 4.97880E-01
 4.99528E-01
 4.99853E-01
 4.99913E-01
 4.99924E-01
 4.99926E-01
 4.99927E-01
 4.99927E-01
 4.99928E-01
 4.99928E-01
 4.99929E-01
 4.99929E-01
 4.99929E-01
 4.99930E-01
 4.99930E-01
 4.99930E-01
 4.99930E-01
 4.99931E-01
 4.99931E-01
 4.99931E-01
 4.99931E-01
 4.99932E-01
 4.99932E-01
 4.99932E-01
 4.99932E-01
 4.99933E-01
 4.99933E-01
 4.99933E-01
 4.99933E-01
 4.99933E-01
 4.99934E-01
 4.99934E-01
 4.99934E-01
 4.99934E-01
 4.99934E-01
 4.99934E-01
 4.99935E-01
 4.99935E-01
 4.99935E-01
 4.99935E-01
 4.99935E-01
 4.99935E-01
 4.99935E-01
 4.99936E-01
 4.99936E-01
 4.99936E-01
 4.99936E-01
 4.99936E-01
 4.99936E-01
 4.99936E-01
 4.99936E-01
 4.99936E-01
 4.99936E-01
 4.99937E-01
 4.99937E-01
 4.99937E-01
 4.99937E-01
 4.99937E-01
 4.99937E-01
 4.99937E-01
 4.99937E-01
 4.99937E-01
 4.99937E-01
 4.99937E-01
 4.99937E-01
 4.99937E-01
 4.99937E-01
 4.99937E-01
 4.99938E-01
 4.99938E-01
 4.99938E-01
 4.99938E-01
 4.99938E-01
 4.99938E-01
 4.99938E-01
 4.99938E-01
 4.99938E-01
 4.99938E-01
 4.99938E-01
 4.99938E-01
 4.99938E-01
 4.99938E-01
 4.99938E-01
 4.99938E-01
 4.99938E-01
 4.99938E-01
 4.99938E-01
 4.99938E-01
 4.99938E-01
 4.99938E-01
 4.99938E-01
 4.99938E-01
 4.99938E-01
 4.99938E-01
 4.99938E-01
 4.99938E-01
 4.99938E-01
 4.99938E-01
 8.93710E-17
 8.80292E-17
 9.14395E-17
 8.82247E-17
 8.78566E-17
 8.96526E-17
 8.85884E-17
 8.97421E-17
 8.80023E-17
 9.08749E-17
 8.88084E-17
 9.05711E-17
 8.87591E-17
 9.08190E-17
 9.12847E-17
 8.89049E-17
 5.34496E-16
 1.65505E-08
 1.52127E-01
 4.60744E-01
 4.91846E-01
 4.98149E-01
 4.99557E-01
 4.99855E-01
 4.99913E-01
 4.99924E-01
 4.99926E-01
 4.99927E-01
 4.99927E-01
 4.99928E-01
 4.99928E-01
 4.99929E-01
 4.99929E-01
 4.99929E-01
 4.99930E-01
 4.99930E-01
 4.99930E-01
 4.99930E-01
 4.99931E-01
 4.99931E-01
 4.99931E-01
 4.99931E-01
 4.99932E-01
 4.99932E-01
 4.99932E-01
 4.99932E-01
 4.99933E-01
 4.99933E-01
 4.99933E-01
 4.99933E-01
 4.99933E-01
 4.99934E-01
 4.99934E-01
 4.99934E-01
 4.99934E-01
 4.99934E-01
 4.99934E-01
 4.99935E-01
 4.99935E-01
 4.99935E-01
 4.99935E-01
 4.99935E-01
 4.99935E-01
 4.99935E-01
 4.99936E-01
 4.99936E-01
 4.99936E-01
 4.99936E-01
 4.99936E-01
 4.99936E-01
 4.99936E-01
 4.99936E-01
 4.99936E-01
 4.99936E-01
 4.99937E-01
 4.99937E-01
 4.99937E-01
 4.99937E-01
 4.99937E-01
 4.99937E-01
 4.99937E-01
 4.99937E-01
 4.99937E-01
 4.99937E-01
 4.99937E-01
 4.99937E-01
 4.99937E-01
 4.99937E-01
 4.99938E-01
 4.99938E-01
 4.99938E-01
 4.99938E-01
 4.99938E-01
 4.99938E-01
 4.99938E-01
 4.99938E-01
 4.99938E-01
 4.99938E-01
 4.99938E-01
 4.99938E-01
 4.99938E-01
 4.99938E-01
 4.99938E-01
 4.99938E-01
 4.99938E-01
 4.99938E-01
 4.99938E-01
 4.99938E-01
 4.99938E-01
 4.99938E-01
 4.99938E-01
 4.99938E-01
 4.99938E-01
 4.99938E-01
 4.99938E-01
 4.99938E-01
 4.99938E-01
 4.99938E-01
 4.99938E-01
 4.99938E-01
 9.14161E-17
 8.87970E-17
 8.87444E-17
 9.01253E-17
 9.00506E-17
 8.86288E-17
 8.87708E-17
 9.04002E-17
 8.89352E-17
 9.14333E-17
 8.98042E-17
 9.08900E-17
 9.07142E-17
 8.86514E-17
 9.09802E-17
 3.66500E-12
 3.21494E-05
 3.03984E-01
 4.75586E-01
 4.94027E-01
 4.98506E-01
 4.99612E-01
 4.99862E-01
 4.99914E-01
 4.99924E-01
 4.99926E-01
 4.99927E-01
 4.99928E-01
 4.99928E-01
 4.99928E-01
 4.99929E-01
 4.99929E-01
 4.99929E-01
 4.99930E-01
 4.99930E-01
 4.99930E-01
 4.99930E-01
 4.99931E-01
 4.99931E-01
 4.99931E-01
 4.99931E-01
 4.99932E-01
 4.99932E-01
 4.99932E-01
 4.99932E-01
 4.99933E-01
 4.99933E-01
 4.99933E-01
 4.99933E-01
 4.99933E-01
 4.99934E-01
 4.99934E-01
 4.99934E-01
 4.99934E-01
 4.99934E-01
 4.99934E-01
 4.99935E-01
 4.99935E-01
 4.99935E-01
 4.99935E-01
 4.99935E-01
 4.99935E-01
 4.99935E-01
 4.99936E-01
 4.99936E-01
 4.99936E-01
 4.99936E-01
 4.99936E-01
 4.99936E-01
 4.99936E-01
 4.99936E-01
 4.99936E-01
 4.99936E-01
 4.99937E-01
 4.99937E-01
 4.99937E-01
 4.99937E-01
 4.99937E-01
 4.99937E-01
 4.99937E-01
 4.99937E-01
 4.99937E-01
 4.99937E-01
 4.99937E-01
 4.99937E-01
 4.99937E-01
 4.99937E-01
 4.99938E-01
 4.99938E-01
 4.99938E-01
 4.99938E-01
 4.99938E-01
 4.99938E-01
 4.99938E-01
 4.99938E-01
 4.99938E-01
 4.99938E-01
 4.99938E-01
 4.99938E-01
 4.99938E-01
 4.99938E-01
 4.99938E-01
 4.99938E-01
 4.99938E-01
 4.99938E-01
 4.99938E-01
 4.99938E-01
 4.99938E-01
 4.99938E-01
 4.99938E-01
 4.99938E-01
 4.99938E-01
 4.99938E-01
 4.99938E-01
 4.99938E-01
 4.99938E-01
 4.99938E-01
 4.99938E-01
 4.99938E-01
 4.99938E-01
 9.13705E-17
 9.08987E-17
 9.09546E-17
 9.08155E-17
 8.84767E-17
 8.97101E-17
 9.01030E-17
 8.89436E-17
 9.02696E-17
 8.91000E-17
 9.08267E-17
 9.03954E-17
 9.07479E-17
 6.35928E-14
 7.56245E-08
 1.00571E-01
 4.12674E-01
 4.83844E-01
 4.95793E-01
 4.98879E-01
 4.99679E-01
 4.99872E-01
 4.99915E-01
 4.99925E-01
 4.99927E-01
 4.99927E-01
 4.99928E-01
 4.99928E-01
 4.99928E-01
 4.99929E-01
 4.99929E-01
 4.99929E-01
 4.99930E-01
 4.99930E-01
 4.99930E-01
 4.99930E-01
 4.99931E-01
 4.99931E-01
 4.99931E-01
 4.99931E-01
 4.99932E-01
 4.99932E-01
 4.99932E-01
 4.99932E-01
 4.99933E-01
 4.99933E-01
 4.99933E-01
 4.99933E-01
 4.99933E-01
 4.99934E-01
 4.99934E-01
 4.99934E-01
 4.99934E-01
 4.99934E-01
 4.99934E-01
 4.99935E-01
 4.99935E-01
 4.99935E-01
 4.99935E-01
 4.99935E-01
 4.99935E-01
 4.99935E-01
 4.99936E-01
 4.99936E-01
 4.99936E-01
 4.99936E-01
 4.99936E-01
 4.99936E-01
 4.99936E-01
 4.99936E-01
 4.99936E-01
 4.99937E-01
 4.99937E-01
 4.99937E-01
 4.99937E-01
 4.99937E-01
 4.99937E-01
 4.99937E-01
 4.99937E-01
 4.99937E-01
 4.99937E-01
 4.99937E-01
 4.99937E-01
 4.99937E-01
 4.99937E-01
 4.99938E-01
 4.99938E-01
 4.99938E-01
 4.99938E-01
 4.99938E-01
 4.99938E-01
 4.99938E-01
 4.99938E-01
 4.99938E-01
 4.99938E-01
 4.99938E-01
 4.99938E-01
 4.99938E-01
 4.99938E-01
 4.99938E-01
 4.99938E-01
 4.99938E-01
 4.99938E-01
 4.99938E-01
 4.99938E-01
 4.99938E-01
 4.99938E-01
 4.99938E-01
 4.99938E-01
 4.99938E-01
 4.99938E-01
 4.99938E-01
 4.99938E-01
 4.99938E-01
 4.99938E-01
 4.99938E-01
 4.99938E-01
 4.99938E-01
 4.99938E-01
 4.99938E-01
 8.91749E-17
 8.83960E-17
 8.90451E-17
 8.91740E-17
 8.83903E-17
 9.08666E-17
 9.07063E-17
 8.94009E-17
 9.08407E-17
 8.96609E-17
 8.80205E-17
 7.97240E-14
 1.16093E-08
 4.09912E-03
 3.34794E-01
 4.73306E-01
 4.91034E-01
 4.97322E-01
 4.99215E-01
 4.99747E-01
 4.99885E-01
 4.99918E-01
 4.99925E-01
 4.99927E-01
 4.99927E-01
 4.99928E-01
 4.99928E-01
 4.99928E-01
 4.99929E-01
 4.99929E-01
 4.99929E-01
 4.99930E-01
 4.99930E-01
 4.99930E-01
 4.99930E-01
 4.99931E-01
 4.99931E-01
 4.99931E-01
 4.99932E-01
 4.99932E-01
 4.99932E-01
 4.99932E-01
 4.99932E-01
 4.99933E-01
 4.99933E-01
 4.99933E-01
 4.99933E-01
 4.99933E-01
 4.99934E-01
 4.99934E-01
 4.99934E-01
 4.99934E-01
 4.99934E-01
 4.99934E-01
 4.99935E-01
 4.99935E-01
 4.99935E-01
 4.99935E-01
 4.99935E-01
 4.99935E-01
 4.99935E-01
 4.99936E-01
 4.99936E-01
 4.99936E-01
 4.99936E-01
 4.99936E-01
 4.99936E-01
 4.99936E-01
 4.99936E-01
 4.99936E-01
 4.99937E-01
 4.99937E-01
 4.99937E-01
 4.99937E-01
 4.99937E-01
 4.99937E-01
 4.99937E-01
 4.99937E-01
 4.99937E-01
 4.99937E-01
 4.99937E-01
 4.99937E-01
 4.99937E-01
 4.99937E-01
 4.99938E-01
 4.99938E-01
 4.99938E-01
 4.99938E-01
 4.99938E-01
 4.99938E-01
 4.99938E-01
 4.99938E-01
 4.99938E-01
 4.99938E-01
 4.99938E-01
 4.99938E-01
 4.99938E-01
 4.99938E-01
 4.99938E-01
 4.99938E-01
 4.99938E-01
 4.99938E-01
 4.99938E-01
 4.99938E-01
 4.99938E-01
 4.99938E-01
 4.99938E-01
 4.99938E-01
 4.99938E-01
 4.99938E-01
 4.99938E-01
 4.99938E-01
 4.99938E-01
 4.99938E-01
 4.99938E-01
 4.99938E-01
 4.99938E-01
 4.99938E-01
 4.99938E-01
 4.99938E-01
 9.01243E-17
 9.12832E-17
 8.85134E-17
 9.12044E-17
 9.10876E-17
 8.97397E-17
 9.03472E-17
 8.84372E-17
 8.98459E-16
 5.91479E-12
 1.04355E-07
 4.73683E-03
 3.02028E-01
 4.56726E-01
 4.85379E-01
 4.95261E-01
 4.98429E-01
 4.99483E-01
 4.99806E-01
 4.99897E-01
 4.99920E-01
 4.99926E-01
 4.99927E-01
 4.99928E-01
 4.99928E-01
 4.99928E-01
 4.99929E-01
 4.99929E-01
 4.99929E-01
 4.99929E-01
 4.99930E-01
 4.99930E-01
 4.99930E-01
 4.99931E-01
 4.99931E-01
 4.99931E-01
 4.99931E-01
 4.99932E-01
 4.99932E-01
 4.99932E-01
 4.99932E-01
 4.99932E-01
 4.99933E-01
 4.99933E-01
 4.99933E-01
 4.99933E-01
 4.99933E-01
 4.99934E-01
 4.99934E-01
 4.99934E-01
 4.99934E-01
 4.99934E-01
 4.99934E-01
 4.99935E-01
 4.99935E-01
 4.99935E-01
 4.99935E-01
 4.99935E-01
 4.99935E-01
 4.99935E-01
 4.99936E-01
 4.99936E-01
 4.99936E-01
 4.99936E-01
 4.99936E-01
 4.99936E-01
 4.99936E-01
 4.99936E-01
 4.99936E-01
 4.99937E-01
 4.99937E-01
 4.99937E-01
 4.99937E-01
 4.99937E-01
 4.99937E-01
 4.99937E-01
 4.99937E-01
 4.99937E-01
 4.99937E-01
 4.99937E-01
 4.99937E-01
 4.99937E-01
 4.99937E-01
 4.99938E-01
 4.99938E-01
 4.99938E-01
 4.99938E-01
 4.99938E-01
 4.99938E-01
 4.99938E-01
 4.99938E-01
 4.99938E-01
 4.99938E-01
 4.99938E-01
 4.99938E-01
 4.99938E-01
 4.99938E-01
 4.99938E-01
 4.99938E-01
 4.99938E-01
 4.99938E-01
 4.99938E-01
 4.99938E-01
 4.99938E-01
 4.99938E-01
 4.99938E-01
 4.99938E-01
 4.99938E-01
 4.99938E-01
 4.99938E-01
 4.99938E-01
 4.99938E-01
 4.99938E-01
 4.99938E-01
 4.99938E-01
 4.99938E-01
 4.99938E-01
 4.99938E-01
 4.99938E-01
 4.99938E-01
 8.94110E-17
 8.83601E-17
 9.10022E-17
 8.90498E-17
 6.19058E-16
 6.93716E-14
 2.14251E-11
 1.84464E-08
 4.20345E-05
 1.09074E-01
 3.31683E-01
 4.57221E-01
 4.82931E-01
 4.93765E-01
 4.97538E-01
 4.99110E-01
 4.99670E-01
 4.99852E-01
 4.99907E-01
 4.99922E-01
 4.99926E-01
 4.99927E-01
 4.99928E-01
 4.99928E-01
 4.99928E-01
 4.99929E-01
 4.99929E-01
 4.99929E-01
 4.99930E-01
 4.99930E-01
 4.99930E-01
 4.99930E-01
 4.99931E-01
 4.99931E-01
 4.99931E-01
 4.99931E-01
 4.99932E-01
 4.99932E-01
 4.99932E-01
 4.99932E-01
 4.99933E-01
 4.99933E-01
 4.99933E-01
 4.99933E-01
 4.99933E-01
 4.99934E-01
 4.99934E-01
 4.99934E-01
 4.99934E-01
 4.99934E-01
 4.99934E-01
 4.99935E-01
 4.99935E-01
 4.99935E-01
 4.99935E-01
 4.99935E-01
 4.99935E-01
 4.99935E-01
 4.99936E-01
 4.99936E-01
 4.99936E-01
 4.99936E-01
 4.99936E-01
 4.99936E-01
 4.99936E-01
 4.99936E-01
 4.99936E-01
 4.99936E-01
 4.99937E-01
 4.99937E-01
 4.99937E-01
 4.99937E-01
 4.99937E-01
 4.99937E-01
 4.99937E-01
 4.99937E-01
 4.99937E-01
 4.99937E-01
 4.99937E-01
 4.99937E-01
 4.99937E-01
 4.99938E-01
 4.99938E-01
 4.99938E-01
 4.99938E-01
 4.99938E-01
 4.99938E-01
 4.99938E-01
 4.99938E-01
 4.99938E-01
 4.99938E-01
 4.99938E-01
 4.99938E-01
 4.99938E-01
 4.99938E-01
 4.99938E-01
 4.99938E-01
 4.99938E-01
 4.99938E-01
 4.99938E-01
 4.99938E-01
 4.99938E-01
 4.99938E-01
 4.99938E-01
 4.99938E-01
 4.99938E-01
 4.99938E-01
 4.99938E-01
 4.99938E-01
 4.99938E-01
 4.99938E-01
 4.99938E-01
 4.99939E-01
 4.99939E-01
 4.99939E-01
 4.99939E-01
 4.99939E-01
 4.99939E-01
 4.99939E-01
 4.99939E-01
 2.51541E-10
 1.32509E-09
 1.25392E-08
 2.55736E-07
 1.26301E-05
 1.60387E-03
 1.33741E-01
 2.94290E-01
 4.05487E-01
 4.72662E-01
 4.84792E-01
 4.93659E-01
 4.97087E-01
 4.98814E-01
 4.99516E-01
 4.99788E-01
 4.99884E-01
 4.99915E-01
 4.99924E-01
 4.99927E-01
 4.99928E-01
 4.99928E-01
 4.99928E-01
 4.99929E-01
 4.99929E-01
 4.99929E-01
 4.99929E-01
 4.99930E-01
 4.99930E-01
 4.99930E-01
 4.99930E-01
 4.99931E-01
 4.99931E-01
 4.99931E-01
 4.99931E-01
 4.99932E-01
 4.99932E-01
 4.99932E-01
 4.99932E-01
 4.99933E-01
 4.99933E-01
 4.99933E-01
 4.99933E-01
 4.99933E-01
 4.99934E-01
 4.99934E-01
 4.99934E-01
 4.99934E-01
 4.99934E-01
 4.99934E-01
 4.99935E-01
 4.99935E-01
 4.99935E-01
 4.99935E-01
 4.99935E-01
 4.99935E-01
 4.99935E-01
 4.99936E-01
 4.99936E-01
 4.99936E-01
 4.99936E-01
 4.99936E-01
 4.99936E-01
 4.99936E-01
 4.99936E-01
 4.99936E-01
 4.99937E-01
 4.99937E-01
 4.99937E-01
 4.99937E-01
 4.99937E-01
 4.99937E-01
 4.99937E-01
 4.99937E-01
 4.99937E-01
 4.99937E-01
 4.99937E-01
 4.99937E-01
 4.99937E-01
 4.99938E-01
 4.99938E-01
 4.99938E-01
 4.99938E-01
 4.99938E-01
 4.99938E-01
 4.99938E-01
 4.99938E-01
 4.99938E-01
 4.99938E-01
 4.99938E-01
 4.99938E-01
 4.99938E-01
 4.99938E-01
 4.99938E-01
 4.99938E-01
 4.99938E-01
 4.99938E-01
 4.99938E-01
 4.99938E-01
 4.99938E-01
 4.99938E-01
 4.99938E-01
 4.99938E-01
 4.99938E-01
 4.99938E-01
 4.99938E-01
 4.99938E-01
 4.99939E-01
 4.99939E-01
 4.99939E-01
 4.99939E-01
 4.99939E-01
 4.99939E-01
 4.99939E-01
 4.99939E-01
 4.99939E-01
 4.99939E-01
 4.99939E-01
 4.99939E-01
 4.99939E-01
 1.59158E-01
 2.10231E-01
 2.66293E-01
 3.25599E-01
 3.85452E-01
 4.44210E-01
 4.73184E-01
 4.82003E-01
 4.90214E-01
 4.94908E-01
 4.97384E-01
 4.98773E-01
 4.99432E-01
 4.99733E-01
 4.99857E-01
 4.99904E-01
 4.99920E-01
 4.99925E-01
 4.99927E-01
 4.99928E-01
 4.99928E-01
 4.99928E-01
 4.99929E-01
 4.99929E-01
 4.99929E-01
 4.99930E-01
 4.99930E-01
 4.99930E-01
 4.99930E-01
 4.99931E-01
 4.99931E-01
 4.99931E-01
 4.99931E-01
 4.99932E-01
 4.99932E-01
 4.99932E-01
 4.99932E-01
 4.99932E-01
 4.99933E-01
 4.99933E-01
 4.99933E-01
 4.99933E-01
 4.99933E-01
 4.99934E-01
 4.99934E-01
 4.99934E-01
 4.99934E-01
 4.99934E-01
 4.99934E-01
 4.99935E-01
 4.99935E-01
 4.99935E-01
 4.99935E-01
 4.99935E-01
 4.99935E-01
 4.99935E-01
 4.99936E-01
 4.99936E-01
 4.99936E-01
 4.99936E-01
 4.99936E-01
 4.99936E-01
 4.99936E-01
 4.99936E-01
 4.99936E-01
 4.99937E-01
 4.99937E-01
 4.99937E-01
 4.99937E-01
 4.99937E-01
 4.99937E-01
 4.99937E-01
 4.99937E-01
 4.99937E-01
 4.99937E-01
 4.99937E-01
 4.99937E-01
 4.99937E-01
 4.99938E-01
 4.99938E-01
 4.99938E-01
 4.99938E-01
 4.99938E-01
 4.99938E-01
 4.99938E-01
 4.99938E-01
 4.99938E-01
 4.99938E-01
 4.99938E-01
 4.99938E-01
 4.99938E-01
 4.99938E-01
 4.99938E-01
 4.99938E-01
 4.99938E-01
 4.99938E-01
 4.99938E-01
 4.99938E-01
 4.99938E-01
 4.99938E-01
 4.99938E-01
 4.99938E-01
 4.99938E-01
 4.99938E-01
 4.99939E-01
 4.99939E-01
 4.99939E-01
 4.99939E-01
 4.99939E-01
 4.99939E-01
 4.99939E-01
 4.99939E-01
 4.99939E-01
 4.99939E-01
 4.99939E-01
 4.99939E-01
 4.99939E-01
 4.99939E-01
 4.99939E-01
 4.99939E-01
 4.73960E-01
 4.76634E-01
 4.79974E-01
 4.84028E-01
 4.88496E-01
 4.92524E-01
 4.94938E-01
 4.96831E-01
 4.98205E-01
 4.99004E-01
 4.99477E-01
 4.99723E-01
 4.99842E-01
 4.99894E-01
 4.99916E-01
 4.99924E-01
 4.99927E-01
 4.99928E-01
 4.99928E-01
 4.99928E-01
 4.99929E-01
 4.99929E-01
 4.99929E-01
 4.99929E-01
 4.99930E-01
 4.99930E-01
 4.99930E-01
 4.99930E-01
 4.99931E-01
 4.99931E-01
 4.99931E-01
 4.99931E-01
 4.99932E-01
 4.99932E-01
 4.99932E-01
 4.99932E-01
 4.99933E-01
 4.99933E-01
 4.99933E-01
 4.99933E-01
 4.99933E-01
 4.99933E-01
 4.99934E-01
 4.99934E-01
 4.99934E-01
 4.99934E-01
 4.99934E-01
 4.99935E-01
 4.99935E-01
 4.99935E-01
 4.99935E-01
 4.99935E-01
 4.99935E-01
 4.99935E-01
 4.99936E-01
 4.99936E-01
 4.99936E-01
 4.99936E-01
 4.99936E-01
 4.99936E-01
 4.99936E-01
 4.99936E-01
 4.99936E-01
 4.99937E-01
 4.99937E-01
 4.99937E-01
 4.99937E-01
 4.99937E-01
 4.99937E-01
 4.99937E-01
 4.99937E-01
 4.99937E-01
 4.99937E-01
 4.99937E-01
 4.99937E-01
 4.99937E-01
 4.99938E-01
 4.99938E-01
 4.99938E-01
 4.99938E-01
 4.99938E-01
 4.99938E-01
 4.99938E-01
 4.99938E-01
 4.99938E-01
 4.99938E-01
 4.99938E-01
 4.99938E-01
 4.99938E-01
 4.99938E-01
 4.99938E-01
 4.99938E-01
 4.99938E-01
 4.99938E-01
 4.99938E-01
 4.99938E-01
 4.99938E-01
 4.99938E-01
 4.99938E-01
 4.99938E-01
 4.99938E-01
 4.99939E-01
 4.99939E-01
 4.99939E-01
 4.99939E-01
 4.99939E-01
 4.99939E-01
 4.99939E-01
 4.99939E-01
 4.99939E-01
 4.99939E-01
 4.99939E-01
 4.99939E-01
 4.99939E-01
 4.99939E-01
 4.99939E-01
 4.99939E-01
 4.99939E-01
 4.99939E-01
 4.99939E-01
 4.95052E-01
 4.95661E-01
 4.96367E-01
 4.97138E-01
 4.97885E-01
 4.98509E-01
 4.98993E-01
 4.99366E-01
 4.99613E-01
 4.99763E-01
 4.99848E-01
 4.99892E-01
 4.99913E-01
 4.99922E-01
 4.99926E-01
 4.99927E-01
 4.99928E-01
 4.99928E-01
 4.99929E-01
 4.99929E-01
 4.99929E-01
 4.99929E-01
 4.99930E-01
 4.99930E-01
 4.99930E-01
 4.99930E-01
 4.99931E-01
 4.99931E-01
 4.99931E-01
 4.99931E-01
 4.99932E-01
 4.99932E-01
 4.99932E-01
 4.99932E-01
 4.99932E-01
 4.99933E-01
 4.99933E-01
 4.99933E-01
 4.99933E-01
 4.99933E-01
 4.99934E-01
 4.99934E-01
 4.99934E-01
 4.99934E-01
 4.99934E-01
 4.99934E-01
 4.99935E-01
 4.99935E-01
 4.99935E-01
 4.99935E-01
 4.99935E-01
 4.99935E-01
 4.99935E-01
 4.99936E-01
 4.99936E-01
 4.99936E-01
 4.99936E-01
 4.99936E-01
 4.99936E-01
 4.99936E-01
 4.99936E-01
 4.99936E-01
 4.99937E-01
 4.99937E-01
 4.99937E-01
 4.99937E-01
 4.99937E-01
 4.99937E-01
 4.99937E-01
 4.99937E-01
 4.99937E-01
 4.99937E-01
 4.99937E-01
 4.99937E-01
 4.99938E-01
 4.99938E-01
 4.99938E-01
 4.99938E-01
 4.99938E-01
 4.99938E-01
 4.99938E-01
 4.99938E-01
 4.99938E-01
 4.99938E-01
 4.99938E-01
 4.99938E-01
 4.99938E-01
 4.99938E-01
 4.99938E-01
 4.99938E-01
 4.99938E-01
 4.99938E-01
 4.99938E-01
 4.99938E-01
 4.99938E-01
 4.99938E-01
 4.99938E-01
 4.99938E-01
 4.99939E-01
 4.99939E-01
 4.99939E-01
 4.99939E-01
 4.99939E-01
 4.99939E-01
 4.99939E-01
 4.99939E-01
 4.99939E-01
 4.99939E-01
 4.99939E-01
 4.99939E-01
 4.99939E-01
 4.99939E-01
 4.99939E-01
 4.99939E-01
 4.99939E-01
 4.99939E-01
 4.99939E-01
 4.99939E-01
 4.99939E-01
 4.99939E-01
 4.99001E-01
 4.99124E-01
 4.99263E-01
 4.99408E-01
 4.99545E-01
 4.99663E-01
 4.99758E-01
 4.99827E-01
 4.99872E-01
 4.99899E-01
 4.99914E-01
 4.99922E-01
 4.99926E-01
 4.99927E-01
 4.99928E-01
 4.99929E-01
 4.99929E-01
 4.99929E-01
 4.99929E-01
 4.99929E-01
 4.99930E-01
 4.99930E-01
 4.99930E-01
 4.99930E-01
 4.99931E-01
 4.99931E-01
 4.99931E-01
 4.99931E-01
 4.99931E-01
 4.99932E-01
 4.99932E-01
 4.99932E-01
 4.99932E-01
 4.99933E-01
 4.99933E-01
 4.99933E-01
 4.99933E-01
 4.99933E-01
 4.99933E-01
 4.99934E-01
 4.99934E-01
 4.99934E-01
 4.99934E-01
 4.99934E-01
 4.99935E-01
 4.99935E-01
 4.99935E-01
 4.99935E-01
 4.99935E-01
 4.99935E-01
 4.99935E-01
 4.99935E-01
 4.99936E-01
 4.99936E-01
 4.99936E-01
 4.99936E-01
 4.99936E-01
 4.99936E-01
 4.99936E-01
 4.99936E-01
 4.99937E-01
 4.99937E-01
 4.99937E-01
 4.99937E-01
 4.99937E-01
 4.99937E-01
 4.99937E-01
 4.99937E-01
 4.99937E-01
 4.99937E-01
 4.99937E-01
 4.99937E-01
 4.99937E-01
 4.99938E-01
 4.99938E-01
 4.99938E-01
 4.99938E-01
 4.99938E-01
 4.99938E-01
 4.99938E-01
 4.99938E-01
 4.99938E-01
 4.99938E-01
 4.99938E-01
 4.99938E-01
 4.99938E-01
 4.99938E-01
 4.99938E-01
 4.99938E-01
 4.99938E-01
 4.99938E-01
 4.99938E-01
 4.99938E-01
 4.99938E-01
 4.99938E-01
 4.99939E-01
 4.99939E-01
 4.99939E-01
 4.99939E-01
 4.99939E-01
 4.99939E-01
 4.99939E-01
 4.99939E-01
 4.99939E-01
 4.99939E-01
 4.99939E-01
 4.99939E-01
 4.99939E-01
 4.99939E-01
 4.99939E-01
 4.99939E-01
 4.99939E-01
 4.99939E-01
 4.99939E-01
 4.99939E-01
 4.99939E-01
 4.99939E-01
 4.99939E-01
 4.99939E-01
 4.99939E-01
 4.99756E-01
 4.99779E-01
 4.99805E-01
 4.99832E-01
 4.99858E-01
 4.99880E-01
 4.99898E-01
 4.99910E-01
 4.99918E-01
 4.99923E-01
 4.99926E-01
 4.99927E-01
 4.99928E-01
 4.99929E-01
 4.99929E-01
 4.99929E-01
 4.99929E-01
 4.99930E-01
 4.99930E-01
 4.99930E-01
 4.99930E-01
 4.99930E-01
 4.99931E-01
 4.99931E-01
 4.99931E-01
 4.99931E-01
 4.99931E-01
 4.99932E-01
 4.99932E-01
 4.99932E-01
 4.99932E-01
 4.99932E-01
 4.99933E-01
 4.99933E-01
 4.99933E-01
 4.99933E-01
 4.99933E-01
 4.99934E-01
 4.99934E-01
 4.99934E-01
 4.99934E-01
 4.99934E-01
 4.99934E-01
 4.99935E-01
 4.99935E-01
 4.99935E-01
 4.99935E-01
 4.99935E-01
 4.99935E-01
 4.99935E-01
 4.99936E-01
 4.99936E-01
 4.99936E-01
 4.99936E-01
 4.99936E-01
 4.99936E-01
 4.99936E-01
 4.99936E-01
 4.99936E-01
 4.99937E-01
 4.99937E-01
 4.99937E-01
 4.99937E-01
 4.99937E-01
 4.99937E-01
 4.99937E-01
 4.99937E-01
 4.99937E-01
 4.99937E-01
 4.99937E-01
 4.99937E-01
 4.99938E-01
 4.99938E-01
 4.99938E-01
 4.99938E-01
 4.99938E-01
 4.99938E-01
 4.99938E-01
 4.99938E-01
 4.99938E-01
 4.99938E-01
 4.99938E-01
 4.99938E-01
 4.99938E-01
 4.99938E-01
 4.99938E-01
 4.99938E-01
 4.99938E-01
 4.99938E-01
 4.99938E-01
 4.99938E-01
 4.99938E-01
 4.99939E-01
 4.99939E-01
 4.99939E-01
 4.99939E-01
 4.99939E-01
 4.99939E-01
 4.99939E-01
 4.99939E-01
 4.99939E-01
 4.99939E-01
 4.99939E-01
 4.99939E-01
 4.99939E-01
 4.99939E-01
 4.99939E-01
 4.99939E-01
 4.99939E-01
 4.99939E-01
 4.99939E-01
 4.99939E-01
 4.99939E-01
 4.99939E-01
 4.99939E-01
 4.99939E-01
 4.99939E-01
 4.99939E-01
 4.99939E-01
 4.99939E-01
 4.99897E-01
 4.99901E-01
 4.99906E-01
 4.99911E-01
 4.99916E-01
 4.99920E-01
 4.99923E-01
 4.99925E-01
 4.99927E-01
 4.99928E-01
 4.99928E-01
 4.99929E-01
 4.99929E-01
 4.99929E-01
 4.99929E-01
 4.99930E-01
 4.99930E-01
 4.99930E-01
 4.99930E-01
 4.99930E-01
 4.99931E-01
 4.99931E-01
 4.99931E-01
 4.99931E-01
 4.99931E-01
 4.99932E-01
 4.99932E-01
 4.99932E-01
 4.99932E-01
 4.99932E-01
 4.99933E-01
 4.99933E-01
 4.99933E-01
 4.99933E-01
 4.99933E-01
 4.99934E-01
 4.99934E-01
 4.99934E-01
 4.99934E-01
 4.99934E-01
 4.99934E-01
 4.99935E-01
 4.99935E-01
 4.99935E-01
 4.99935E-01
 4.99935E-01
 4.99935E-01
 4.99935E-01
 4.99936E-01
 4.99936E-01
 4.99936E-01
 4.99936E-01
 4.99936E-01
 4.99936E-01
 4.99936E-01
 4.99936E-01
 4.99936E-01
 4.99937E-01
 4.99937E-01
 4.99937E-01
 4.99937E-01
 4.99937E-01
 4.99937E-01
 4.99937E-01
 4.99937E-01
 4.99937E-01
 4.99937E-01
 4.99937E-01
 4.99937E-01
 4.99938E-01
 4.99938E-01
 4.99938E-01
 4.99938E-01
 4.99938E-01
 4.99938E-01
 4.99938E-01
 4.99938E-01
 4.99938E-01
 4.99938E-01
 4.99938E-01
 4.99938E-01
 4.99938E-01
 4.99938E-01
 4.99938E-01
 4.99938E-01
 4.99938E-01
 4.99938E-01
 4.99938E-01
 4.99938E-01
 4.99938E-01
 4.99939E-01
 4.99939E-01
 4.99939E-01
 4.99939E-01
 4.99939E-01
 4.99939E-01
 4.99939E-01
 4.99939E-01
 4.99939E-01
 4.99939E-01
 4.99939E-01
 4.99939E-01
 4.99939E-01
 4.99939E-01
 4.99939E-01
 4.99939E-01
 4.99939E-01
 4.99939E-01
 4.99939E-01
 4.99939E-01
 4.99939E-01
 4.99939E-01
 4.99939E-01
 4.99939E-01
 4.99939E-01
 4.99939E-01
 4.99939E-01
 4.99939E-01
 4.99939E-01
 4.99939E-01
 4.99923E-01
 4.99924E-01
 4.99925E-01
 4.99926E-01
 4.99927E-01
 4.99927E-01
 4.99928E-01
 4.99929E-01
 4.99929E-01
 4.99929E-01
 4.99929E-01
 4.99930E-01
 4.99930E-01
 4.99930E-01
 4.99930E-01
 4.99930E-01
 4.99930E-01
 4.99931E-01
 4.99931E-01
 4.99931E-01
 4.99931E-01
 4.99931E-01
 4.99931E-01
 4.99932E-01
 4.99932E-01
 4.99932E-01
 4.99932E-01
 4.99932E-01
 4.99933E-01
 4.99933E-01
 4.99933E-01
 4.99933E-01
 4.99933E-01
 4.99934E-01
 4.99934E-01
 4.99934E-01
 4.99934E-01
 4.99934E-01
 4.99934E-01
 4.99935E-01
 4.99935E-01
 4.99935E-01
 4.99935E-01
 4.99935E-01
 4.99935E-01
 4.99935E-01
 4.99935E-01
 4.99936E-01
 4.99936E-01
 4.99936E-01
 4.99936E-01
 4.99936E-01
 4.99936E-01
 4.99936E-01
 4.99936E-01
 4.99937E-01
 4.99937E-01
 4.99937E-01
 4.99937E-01
 4.99937E-01
 4.99937E-01
 4.99937E-01
 4.99937E-01
 4.99937E-01
 4.99937E-01
 4.99937E-01
 4.99937E-01
 4.99938E-01
 4.99938E-01
 4.99938E-01
 4.99938E-01
 4.99938E-01
 4.99938E-01
 4.99938E-01
 4.99938E-01
 4.99938E-01
 4.99938E-01
 4.99938E-01
 4.99938E-01
 4.99938E-01
 4.99938E-01
 4.99938E-01
 4.99938E-01
 4.99938E-01
 4.99938E-01
 4.99938E-01
 4.99938E-01
 4.99939E-01
 4.99939E-01
 4.99939E-01
 4.99939E-01
 4.99939E-01
 4.99939E-01
 4.99939E-01
 4.99939E-01
 4.99939E-01
 4.99939E-01
 4.99939E-01
 4.99939E-01
 4.99939E-01
 4.99939E-01
 4.99939E-01
 4.99939E-01
 4.99939E-01
 4.99939E-01
 4.99939E-01
 4.99939E-01
 4.99939E-01
 4.99939E-01
 4.99939E-01
 4.99939E-01
 4.99939E-01
 4.99939E-01
 4.99939E-01
 4.99939E-01
 4.99939E-01
 4.99939E-01
 4.99939E-01
 4.99939E-01
 4.99939E-01
 4.99928E-01
 4.99928E-01
 4.99929E-01
 4.99929E-01
 4.99929E-01
 4.99929E-01
 4.99929E-01
 4.99930E-01
 4.99930E-01
 4.99930E-01
 4.99930E-01
 4.99930E-01
 4.99930E-01
 4.99930E-01
 4.99931E-01
 4.99931E-01
 4.99931E-01
 4.99931E-01
 4.99931E-01
 4.99931E-01
 4.99932E-01
 4.99932E-01
 4.99932E-01
 4.99932E-01
 4.99932E-01
 4.99932E-01
 4.99933E-01
 4.99933E-01
 4.99933E-01
 4.99933E-01
 4.99933E-01
 4.99934E-01
 4.99934E-01
 4.99934E-01
 4.99934E-01
 4.99934E-01
 4.99934E-01
 4.99934E-01
 4.99935E-01
 4.99935E-01
 4.99935E-01
 4.99935E-01
 4.99935E-01
 4.99935E-01
 4.99935E-01
 4.99936E-01
 4.99936E-01
 4.99936E-01
 4.99936E-01
 4.99936E-01
 4.99936E-01
 4.99936E-01
 4.99936E-01
 4.99937E-01
 4.99937E-01
 4.99937E-01
 4.99937E-01
 4.99937E-01
 4.99937E-01
 4.99937E-01
 4.99937E-01
 4.99937E-01
 4.99937E-01
 4.99937E-01
 4.99937E-01
 4.99938E-01
 4.99938E-01
 4.99938E-01
 4.99938E-01
 4.99938E-01
 4.99938E-01
 4.99938E-01
 4.99938E-01
 4.99938E-01
 4.99938E-01
 4.99938E-01
 4.99938E-01
 4.99938E-01
 4.99938E-01
 4.99938E-01
 4.99938E-01
 4.99938E-01
 4.99938E-01
 4.99938E-01
 4.99939E-01
 4.99939E-01
 4.99939E-01
 4.99939E-01
 4.99939E-01
 4.99939E-01
 4.99939E-01
 4.99939E-01
 4.99939E-01
 4.99939E-01
 4.99939E-01
 4.99939E-01
 4.99939E-01
 4.99939E-01
 4.99939E-01
 4.99939E-01
 4.99939E-01
 4.99939E-01
 4.99939E-01
 4.99939E-01
 4.99939E-01
 4.99939E-01
 4.99939E-01
 4.99939E-01
 4.99939E-01
 4.99939E-01
 4.99939E-01
 4.99939E-01
 4.99939E-01
 4.99939E-01
 4.99939E-01
 4.99939E-01
 4.99939E-01
 4.99939E-01
 4.99939E-01
 4.99939E-01
 4.99930E-01
 4.99930E-01
 4.99930E-01
 4.99930E-01
 4.99930E-01
 4.99930E-01
 4.99930E-01
 4.99930E-01
 4.99930E-01
 4.99930E-01
 4.99931E-01
 4.99931E-01
 4.99931E-01
 4.99931E-01
 4.99931E-01
 4.99931E-01
 4.99931E-01
 4.99932E-01
 4.99932E-01
 4.99932E-01
 4.99932E-01
 4.99932E-01
 4.99932E-01
 4.99933E-01
 4.99933E-01
 4.99933E-01
 4.99933E-01
 4.99933E-01
 4.99933E-01
 4.99934E-01
 4.99934E-01
 4.99934E-01
 4.99934E-01
 4.99934E-01
 4.99934E-01
 4.99934E-01
 4.99935E-01
 4.99935E-01
 4.99935E-01
 4.99935E-01
 4.99935E-01
 4.99935E-01
 4.99935E-01
 4.99936E-01
 4.99936E-01
 4.99936E-01
 4.99936E-01
 4.99936E-01
 4.99936E-01
 4.99936E-01
 4.99936E-01
 4.99937E-01
 4.99937E-01
 4.99937E-01
 4.99937E-01
 4.99937E-01
 4.99937E-01
 4.99937E-01
 4.99937E-01
 4.99937E-01
 4.99937E-01
 4.99937E-01
 4.99937E-01
 4.99938E-01
 4.99938E-01
 4.99938E-01
 4.99938E-01
 4.99938E-01
 4.99938E-01
 4.99938E-01
 4.99938E-01
 4.99938E-01
 4.99938E-01
 4.99938E-01
 4.99938E-01
 4.99938E-01
 4.99938E-01
 4.99938E-01
 4.99938E-01
 4.99938E-01
 4.99938E-01
 4.99939E-01
 4.99939E-01
 4.99939E-01
 4.99939E-01
 4.99939E-01
 4.99939E-01
 4.99939E-01
 4.99939E-01
 4.99939E-01
 4.99939E-01
 4.99939E-01
 4.99939E-01
 4.99939E-01
 4.99939E-01
 4.99939E-01
 4.99939E-01
 4.99939E-01
 4.99939E-01
 4.99939E-01
 4.99939E-01
 4.99939E-01
 4.99939E-01
 4.99939E-01
 4.99939E-01
 4.99939E-01
 4.99939E-01
 4.99939E-01
 4.99939E-01
 4.99939E-01
 4.99939E-01
 4.99939E-01
 4.99939E-01
 4.99939E-01
 4.99939E-01
 4.99939E-01
 4.99939E-01
 4.99939E-01
 4.99939E-01
 4.99939E-01
 4.99930E-01
 4.99930E-01
 4.99930E-01
 4.99930E-01
 4.99931E-01
 4.99931E-01
 4.99931E-01
 4.99931E-01
 4.99931E-01
 4.99931E-01
 4.99931E-01
 4.99931E-01
 4.99931E-01
 4.99931E-01
 4.99932E-01
 4.99932E-01
 4.99932E-01
 4.99932E-01
 4.99932E-01
 4.99932E-01
 4.99932E-01
 4.99933E-01
 4.99933E-01
 4.99933E-01
 4.99933E-01
 4.99933E-01
 4.99933E-01
 4.99934E-01
 4.99934E-01
 4.99934E-01
 4.99934E-01
 4.99934E-01
 4.99934E-01
 4.99934E-01
 4.99935E-01
 4.99935E-01
 4.99935E-01
 4.99935E-01
 4.99935E-01
 4.99935E-01
 4.99935E-01
 4.99936E-01
 4.99936E-01
 4.99936E-01
 4.99936E-01
 4.99936E-01
 4.99936E-01
 4.99936E-01
 4.99936E-01
 4.99937E-01
 4.99937E-01
 4.99937E-01
 4.99937E-01
 4.99937E-01
 4.99937E-01
 4.99937E-01
 4.99937E-01
 4.99937E-01
 4.99937E-01
 4.99937E-01
 4.99937E-01
 4.99938E-01
 4.99938E-01
 4.99938E-01
 4.99938E-01
 4.99938E-01
 4.99938E-01
 4.99938E-01
 4.99938E-01
 4.99938E-01
 4.99938E-01
 4.99938E-01
 4.99938E-01
 4.99938E-01
 4.99938E-01
 4.99938E-01
 4.99938E-01
 4.99938E-01
 4.99938E-01
 4.99939E-01
 4.99939E-01
 4.99939E-01
 4.99939E-01
 4.99939E-01
 4.99939E-01
 4.99939E-01
 4.99939E-01
 4.99939E-01
 4.99939E-01
 4.99939E-01
 4.99939E-01
 4.99939E-01
 4.99939E-01
 4.99939E-01
 4.99939E-01
 4.99939E-01
 4.99939E-01
 4.99939E-01
 4.99939E-01
 4.99939E-01
 4.99939E-01
 4.99939E-01
 4.99939E-01
 4.99939E-01
 4.99939E-01
 4.99939E-01
 4.99939E-01
 4.99939E-01
 4.99939E-01
 4.99939E-01
 4.99939E-01
 4.99939E-01
 4.99939E-01
 4.99939E-01
 4.99939E-01
 4.99939E-01
 4.99939E-01
 4.99939E-01
 4.99939E-01
 4.99939E-01
 4.99931E-01
 4.99931E-01
 4.99931E-01
 4.99931E-01
 4.99931E-01
 4.99931E-01
 4.99931E-01
 4.99931E-01
 4.99931E-01
 4.99931E-01
 4.99932E-01
 4.99932E-01
 4.99932E-01
 4.99932E-01
 4.99932E-01
 4.99932E-01
 4.99932E-01
 4.99932E-01
 4.99933E-01
 4.99933E-01
 4.99933E-01
 4.99933E-01
 4.99933E-01
 4.99933E-01
 4.99933E-01
 4.99934E-01
 4.99934E-01
 4.99934E-01
 4.99934E-01
 4.99934E-01
 4.99934E-01
 4.99935E-01
 4.99935E-01
 4.99935E-01
 4.99935E-01
 4.99935E-01
 4.99935E-01
 4.99935E-01
 4.99935E-01
 4.99936E-01
 4.99936E-01
 4.99936E-01
 4.99936E-01
 4.99936E-01
 4.99936E-01
 4.99936E-01
 4.99936E-01
 4.99937E-01
 4.99937E-01
 4.99937E-01
 4.99937E-01
 4.99937E-01
 4.99937E-01
 4.99937E-01
 4.99937E-01
 4.99937E-01
 4.99937E-01
 4.99937E-01
 4.99938E-01
 4.99938E-01
 4.99938E-01
 4.99938E-01
 4.99938E-01
 4.99938E-01
 4.99938E-01
 4.99938E-01
 4.99938E-01
 4.99938E-01
 4.99938E-01
 4.99938E-01
 4.99938E-01
 4.99938E-01
 4.99938E-01
 4.99938E-01
 4.99938E-01
 4.99938E-01
 4.99939E-01
 4.99939E-01
 4.99939E-01
 4.99939E-01
 4.99939E-01
 4.99939E-01
 4.99939E-01
 4.99939E-01
 4.99939E-01
 4.99939E-01
 4.99939E-01
 4.99939E-01
 4.99939E-01
 4.99939E-01
 4.99939E-01
 4.99939E-01
 4.99939E-01
 4.99939E-01
 4.99939E-01
 4.99939E-01
 4.99939E-01
 4.99939E-01
 4.99939E-01
 4.99939E-01
 4.99939E-01
 4.99939E-01
 4.99939E-01
 4.99939E-01
 4.99939E-01
 4.99939E-01
 4.99939E-01
 4.99939E-01
 4.99939E-01
 4.99939E-01
 4.99939E-01
 4.99939E-01
 4.99939E-01
 4.99939E-01
 4.99939E-01
 4.99939E-01
 4.99939E-01
 4.99939E-01
 4.99939E-01
 4.99939E-01
 4.99932E-01
 4.99932E-01
 4.99932E-01
 4.99932E-01
 4.99932E-01
 4.99932E-01
 4.99932E-01
 4.99932E-01
 4.99932E-01
 4.99932E-01
 4.99932E-01
 4.99932E-01
 4.99932E-01
 4.99932E-01
 4.99933E-01
 4.99933E-01
 4.99933E-01
 4.99933E-01
 4.99933E-01
 4.99933E-01
 4.99933E-01
 4.99933E-01
 4.99934E-01
 4.99934E-01
 4.99934E-01
 4.99934E-01
 4.99934E-01
 4.99934E-01
 4.99934E-01
 4.99935E-01
 4.99935E-01
 4.99935E-01
 4.99935E-01
 4.99935E-01
 4.99935E-01
 4.99935E-01
 4.99936E-01
 4.99936E-01
 4.99936E-01
 4.99936E-01
 4.99936E-01
 4.99936E-01
 4.99936E-01
 4.99936E-01
 4.99936E-01
 4.99937E-01
 4.99937E-01
 4.99937E-01
 4.99937E-01
 4.99937E-01
 4.99937E-01
 4.99937E-01
 4.99937E-01
 4.99937E-01
 4.99937E-01
 4.99937E-01
 4.99938E-01
 4.99938E-01
 4.99938E-01
 4.99938E-01
 4.99938E-01
 4.99938E-01
 4.99938E-01
 4.99938E-01
 4.99938E-01
 4.99938E-01
 4.99938E-01
 4.99938E-01
 4.99938E-01
 4.99938E-01
 4.99938E-01
 4.99938E-01
 4.99938E-01
 4.99939E-01
 4.99939E-01
 4.99939E-01
 4.99939E-01
 4.99939E-01
 4.99939E-01
 4.99939E-01
 4.99939E-01
 4.99939E-01
 4.99939E-01
 4.99939E-01
 4.99939E-01
 4.99939E-01
 4.99939E-01
 4.99939E-01
 4.99939E-01
 4.99939E-01
 4.99939E-01
 4.99939E-01
 4.99939E-01
 4.99939E-01
 4.99939E-01
 4.99939E-01
 4.99939E-01
 4.99939E-01
 4.99939E-01
 4.99939E-01
 4.99939E-01
 4.99939E-01
 4.99939E-01
 4.99939E-01
 4.99939E-01
 4.99939E-01
 4.99939E-01
 4.99939E-01
 4.99939E-01
 4.99939E-01
 4.99939E-01
 4.99939E-01
 4.99939E-01
 4.99939E-01
 4.99939E-01
 4.99939E-01
 4.99939E-01
 4.99939E-01
 4.99939E-01
 4.99939E-01
 4.99932E-01
 4.99932E-01
 4.99932E-01
 4.99932E-01
 4.99932E-01
 4.99932E-01
 4.99932E-01
 4.99932E-01
 4.99932E-01
 4.99932E-01
 4.99933E-01
 4.99933E-01
 4.99933E-01
 4.99933E-01
 4.99933E-01
 4.99933E-01
 4.99933E-01
 4.99933E-01
 4.99933E-01
 4.99934E-01
 4.99934E-01
 4.99934E-01
 4.99934E-01
 4.99934E-01
 4.99934E-01
 4.99934E-01
 4.99935E-01
 4.99935E-01
 4.99935E-01
 4.99935E-01
 4.99935E-01
 4.99935E-01
 4.99935E-01
 4.99935E-01
 4.99936E-01
 4.99936E-01
 4.99936E-01
 4.99936E-01
 4.99936E-01
 4.99936E-01
 4.99936E-01
 4.99936E-01
 4.99937E-01
 4.99937E-01
 4.99937E-01
 4.99937E-01
 4.99937E-01
 4.99937E-01
 4.99937E-01
 4.99937E-01
 4.99937E-01
 4.99937E-01
 4.99937E-01
 4.99938E-01
 4.99938E-01
 4.99938E-01
 4.99938E-01
 4.99938E-01
 4.99938E-01
 4.99938E-01
 4.99938E-01
 4.99938E-01
 4.99938E-01
 4.99938E-01
 4.99938E-01
 4.99938E-01
 4.99938E-01
 4.99938E-01
 4.99938E-01
 4.99938E-01
 4.99939E-01
 4.99939E-01
 4.99939E-01
 4.99939E-01
 4.99939E-01
 4.99939E-01
 4.99939E-01
 4.99939E-01
 4.99939E-01
 4.99939E-01
 4.99939E-01
 4.99939E-01
 4.99939E-01
 4.99939E-01
 4.99939E-01
 4.99939E-01
 4.99939E-01
 4.99939E-01
 4.99939E-01
 4.99939E-01
 4.99939E-01
 4.99939E-01
 4.99939E-01
 4.99939E-01
 4.99939E-01
 4.99939E-01
 4.99939E-01
 4.99939E-01
 4.99939E-01
 4.99939E-01
 4.99939E-01
 4.99939E-01
 4.99939E-01
 4.99939E-01
 4.99939E-01
 4.99939E-01
 4.99939E-01
 4.99939E-01
 4.99939E-01
 4.99939E-01
 4.99939E-01
 4.99939E-01
 4.99939E-01
 4.99939E-01
 4.99939E-01
 4.99939E-01
 4.99939E-01
 4.99939E-01
 4.99939E-01
 4.99939E-01
 4.99933E-01
 4.99933E-01
 4.99933E-01
 4.99933E-01
 4.99933E-01
 4.99933E-01
 4.99933E-01
 4.99933E-01
 4.99933E-01
 4.99933E-01
 4.99933E-01
 4.99933E-01
 4.99933E-01
 4.99933E-01
 4.99933E-01
 4.99934E-01
 4.99934E-01
 4.99934E-01
 4.99934E-01
 4.99934E-01
 4.99934E-01
 4.99934E-01
 4.99934E-01
 4.99935E-01
 4.99935E-01
 4.99935E-01
 4.99935E-01
 4.99935E-01
 4.99935E-01
 4.99935E-01
 4.99935E-01
 4.99936E-01
 4.99936E-01
 4.99936E-01
 4.99936E-01
 4.99936E-01
 4.99936E-01
 4.99936E-01
 4.99936E-01
 4.99936E-01
 4.99937E-01
 4.99937E-01
 4.99937E-01
 4.99937E-01
 4.99937E-01
 4.99937E-01
 4.99937E-01
 4.99937E-01
 4.99937E-01
 4.99937E-01
 4.99937E-01
 4.99938E-01
 4.99938E-01
 4.99938E-01
 4.99938E-01
 4.99938E-01
 4.99938E-01
 4.99938E-01
 4.99938E-01
 4.99938E-01
 4.99938E-01
 4.99938E-01
 4.99938E-01
 4.99938E-01
 4.99938E-01
 4.99938E-01
 4.99938E-01
 4.99939E-01
 4.99939E-01
 4.99939E-01
 4.99939E-01
 4.99939E-01
 4.99939E-01
 4.99939E-01
 4.99939E-01
 4.99939E-01
 4.99939E-01
 4.99939E-01
 4.99939E-01
 4.99939E-01
 4.99939E-01
 4.99939E-01
 4.99939E-01
 4.99939E-01
 4.99939E-01
 4.99939E-01
 4.99939E-01
 4.99939E-01
 4.99939E-01
 4.99939E-01
 4.99939E-01
 4.99939E-01
 4.99939E-01
 4.99939E-01
 4.99939E-01
 4.99939E-01
 4.99939E-01
 4.99939E-01
 4.99939E-01
 4.99939E-01
 4.99939E-01
 4.99939E-01
 4.99939E-01
 4.99939E-01
 4.99939E-01
 4.99939E-01
 4.99939E-01
 4.99939E-01
 4.99939E-01
 4.99939E-01
 4.99939E-01
 4.99939E-01
 4.99939E-01
 4.99939E-01
 4.99939E-01
 4.99939E-01
 4.99939E-01
 4.99939E-01
 4.99939E-01
 4.99939E-01
 4.99933E-01
 4.99933E-01
 4.99933E-01
 4.99933E-01
 4.99933E-01
 4.99933E-01
 4.99933E-01
 4.99933E-01
 4.99933E-01
 4.99933E-01
 4.99934E-01
 4.99934E-01
 4.99934E-01
 4.99934E-01
 4.99934E-01
 4.99934E-01
 4.99934E-01
 4.99934E-01
 4.99934E-01
 4.99934E-01
 4.99935E-01
 4.99935E-01
 4.99935E-01
 4.99935E-01
 4.99935E-01
 4.99935E-01
 4.99935E-01
 4.99935E-01
 4.99936E-01
 4.99936E-01
 4.99936E-01
 4.99936E-01
 4.99936E-01
 4.99936E-01
 4.99936E-01
 4.99936E-01
 4.99936E-01
 4.99937E-01
 4.99937E-01
 4.99937E-01
 4.99937E-01
 4.99937E-01
 4.99937E-01
 4.99937E-01
 4.99937E-01
 4.99937E-01
 4.99937E-01
 4.99937E-01
 4.99938E-01
 4.99938E-01
 4.99938E-01
 4.99938E-01
 4.99938E-01
 4.99938E-01
 4.99938E-01
 4.99938E-01
 4.99938E-01
 4.99938E-01
 4.99938E-01
 4.99938E-01
 4.99938E-01
 4.99938E-01
 4.99938E-01
 4.99938E-01
 4.99939E-01
 4.99939E-01
 4.99939E-01
 4.99939E-01
 4.99939E-01
 4.99939E-01
 4.99939E-01
 4.99939E-01
 4.99939E-01
 4.99939E-01
 4.99939E-01
 4.99939E-01
 4.99939E-01
 4.99939E-01
 4.99939E-01
 4.99939E-01
 4.99939E-01
 4.99939E-01
 4.99939E-01
 4.99939E-01
 4.99939E-01
 4.99939E-01
 4.99939E-01
 4.99939E-01
 4.99939E-01
 4.99939E-01
 4.99939E-01
 4.99939E-01
 4.99939E-01
 4.99939E-01
 4.99939E-01
 4.99939E-01
 4.99939E-01
 4.99939E-01
 4.99939E-01
 4.99939E-01
 4.99939E-01
 4.99939E-01
 4.99939E-01
 4.99939E-01
 4.99940E-01
 4.99940E-01
 4.99940E-01
 4.99940E-01
 4.99940E-01
 4.99940E-01
 4.99940E-01
 4.99940E-01
 4.99940E-01
 4.99940E-01
 4.99940E-01
 4.99940E-01
 4.99940E-01
 4.99940E-01
 4.99940E-01
 4.99940E-01
 4.99934E-01
 4.99934E-01
 4.99934E-01
 4.99934E-01
 4.99934E-01
 4.99934E-01
 4.99934E-01
 4.99934E-01
 4.99934E-01
 4.99934E-01
 4.99934E-01
 4.99934E-01
 4.99934E-01
 4.99934E-01
 4.99934E-01
 4.99934E-01
 4.99935E-01
 4.99935E-01
 4.99935E-01
 4.99935E-01
 4.99935E-01
 4.99935E-01
 4.99935E-01
 4.99935E-01
 4.99935E-01
 4.99936E-01
 4.99936E-01
 4.99936E-01
 4.99936E-01
 4.99936E-01
 4.99936E-01
 4.99936E-01
 4.99936E-01
 4.99936E-01
 4.99937E-01
 4.99937E-01
 4.99937E-01
 4.99937E-01
 4.99937E-01
 4.99937E-01
 4.99937E-01
 4.99937E-01
 4.99937E-01
 4.99937E-01
 4.99937E-01
 4.99938E-01
 4.99938E-01
 4.99938E-01
 4.99938E-01
 4.99938E-01
 4.99938E-01
 4.99938E-01
 4.99938E-01
 4.99938E-01
 4.99938E-01
 4.99938E-01
 4.99938E-01
 4.99938E-01
 4.99938E-01
 4.99938E-01
 4.99939E-01
 4.99939E-01
 4.99939E-01
 4.99939E-01
 4.99939E-01
 4.99939E-01
 4.99939E-01
 4.99939E-01
 4.99939E-01
 4.99939E-01
 4.99939E-01
 4.99939E-01
 4.99939E-01
 4.99939E-01
 4.99939E-01
 4.99939E-01
 4.99939E-01
 4.99939E-01
 4.99939E-01
 4.99939E-01
 4.99939E-01
 4.99939E-01
 4.99939E-01
 4.99939E-01
 4.99939E-01
 4.99939E-01
 4.99939E-01
 4.99939E-01
 4.99939E-01
 4.99939E-01
 4.99939E-01
 4.99939E-01
 4.99939E-01
 4.99939E-01
 4.99939E-01
 4.99939E-01
 4.99940E-01
 4.99940E-01
 4.99940E-01
 4.99940E-01
 4.99940E-01
 4.99940E-01
 4.99940E-01
 4.99940E-01
 4.99940E-01
 4.99940E-01
 4.99940E-01
 4.99940E-01
 4.99940E-01
 4.99940E-01
 4.99940E-01
 4.99940E-01
 4.99940E-01
 4.99940E-01
 4.99940E-01
 4.99940E-01
 4.99940E-01
 4.99940E-01
 4.99940E-01
 4.99940E-01
 4.99934E-01
 4.99934E-01
 4.99934E-01
 4.99934E-01
 4.99934E-01
 4.99934E-01
 4.99934E-01
 4.99934E-01
 4.99934E-01
 4.99934E-01
 4.99934E-01
 4.99935E-01
 4.99935E-01
 4.99935E-01
 4.99935E-01
 4.99935E-01
 4.99935E-01
 4.99935E-01
 4.99935E-01
 4.99935E-01
 4.99935E-01
 4.99935E-01
 4.99936E-01
 4.99936E-01
 4.99936E-01
 4.99936E-01
 4.99936E-01
 4.99936E-01
 4.99936E-01
 4.99936E-01
 4.99936E-01
 4.99937E-01
 4.99937E-01
 4.99937E-01
 4.99937E-01
 4.99937E-01
 4.99937E-01
 4.99937E-01
 4.99937E-01
 4.99937E-01
 4.99937E-01
 4.99937E-01
 4.99938E-01
 4.99938E-01
 4.99938E-01
 4.99938E-01
 4.99938E-01
 4.99938E-01
 4.99938E-01
 4.99938E-01
 4.99938E-01
 4.99938E-01
 4.99938E-01
 4.99938E-01
 4.99938E-01
 4.99938E-01
 4.99938E-01
 4.99939E-01
 4.99939E-01
 4.99939E-01
 4.99939E-01
 4.99939E-01
 4.99939E-01
 4.99939E-01
 4.99939E-01
 4.99939E-01
 4.99939E-01
 4.99939E-01
 4.99939E-01
 4.99939E-01
 4.99939E-01
 4.99939E-01
 4.99939E-01
 4.99939E-01
 4.99939E-01
 4.99939E-01
 4.99939E-01
 4.99939E-01
 4.99939E-01
 4.99939E-01
 4.99939E-01
 4.99939E-01
 4.99939E-01
 4.99939E-01
 4.99939E-01
 4.99939E-01
 4.99939E-01
 4.99939E-01
 4.99939E-01
 4.99939E-01
 4.99940E-01
 4.99940E-01
 4.99940E-01
 4.99940E-01
 4.99940E-01
 4.99940E-01
 4.99940E-01
 4.99940E-01
 4.99940E-01
 4.99940E-01
 4.99940E-01
 4.99940E-01
 4.99940E-01
 4.99940E-01
 4.99940E-01
 4.99940E-01
 4.99940E-01
 4.99940E-01
 4.99940E-01
 4.99940E-01
 4.99940E-01
 4.99940E-01
 4.99940E-01
 4.99940E-01
 4.99940E-01
 4.99940E-01
 4.99940E-01
 4.99940E-01
 4.99940E-01
 4.99940E-01
 4.99935E-01
 4.99935E-01
 4.99935E-01
 4.99935E-01
 4.99935E-01
 4.99935E-01
 4.99935E-01
 4.99935E-01
 4.99935E-01
 4.99935E-01
 4.99935E-01
 4.99935E-01
 4.99935E-01
 4.99935E-01
 4.99935E-01
 4.99935E-01
 4.99935E-01
 4.99936E-01
 4.99936E-01
 4.99936E-01
 4.99936E-01
 4.99936E-01
 4.99936E-01
 4.99936E-01
 4.99936E-01
 4.99936E-01
 4.99936E-01
 4.99936E-01
 4.99937E-01
 4.99937E-01
 4.99937E-01
 4.99937E-01
 4.99937E-01
 4.99937E-01
 4.99937E-01
 4.99937E-01
 4.99937E-01
 4.99937E-01
 4.99937E-01
 4.99938E-01
 4.99938E-01
 4.99938E-01
 4.99938E-01
 4.99938E-01
 4.99938E-01
 4.99938E-01
 4.99938E-01
 4.99938E-01
 4.99938E-01
 4.99938E-01
 4.99938E-01
 4.99938E-01
 4.99938E-01
 4.99939E-01
 4.99939E-01
 4.99939E-01
 4.99939E-01
 4.99939E-01
 4.99939E-01
 4.99939E-01
 4.99939E-01
 4.99939E-01
 4.99939E-01
 4.99939E-01
 4.99939E-01
 4.99939E-01
 4.99939E-01
 4.99939E-01
 4.99939E-01
 4.99939E-01
 4.99939E-01
 4.99939E-01
 4.99939E-01
 4.99939E-01
 4.99939E-01
 4.99939E-01
 4.99939E-01
 4.99939E-01
 4.99939E-01
 4.99939E-01
 4.99939E-01
 4.99939E-01
 4.99939E-01
 4.99940E-01
 4.99940E-01
 4.99940E-01
 4.99940E-01
 4.99940E-01
 4.99940E-01
 4.99940E-01
 4.99940E-01
 4.99940E-01
 4.99940E-01
 4.99940E-01
 4.99940E-01
 4.99940E-01
 4.99940E-01
 4.99940E-01
 4.99940E-01
 4.99940E-01
 4.99940E-01
 4.99940E-01
 4.99940E-01
 4.99940E-01
 4.99940E-01
 4.99940E-01
 4.99940E-01
 4.99940E-01
 4.99940E-01
 4.99940E-01
 4.99940E-01
 4.99940E-01
 4.99940E-01
 4.99940E-01
 4.99940E-01
 4.99940E-01
 4.99940E-01
 4.99940E-01
 4.99940E-01
 4.99940E-01
 4.99935E-01
 4.99935E-01
 4.99935E-01
 4.99935E-01
 4.99935E-01
 4.99935E-01
 4.99935E-01
 4.99935E-01
 4.99935E-01
 4.99935E-01
 4.99935E-01
 4.99935E-01
 4.99936E-01
 4.99936E-01
 4.99936E-01
 4.99936E-01
 4.99936E-01
 4.99936E-01
 4.99936E-01
 4.99936E-01
 4.99936E-01
 4.99936E-01
 4.99936E-01
 4.99936E-01
 4.99937E-01
 4.99937E-01
 4.99937E-01
 4.99937E-01
 4.99937E-01
 4.99937E-01
 4.99937E-01
 4.99937E-01
 4.99937E-01
 4.99937E-01
 4.99937E-01
 4.99938E-01
 4.99938E-01
 4.99938E-01
 4.99938E-01
 4.99938E-01
 4.99938E-01
 4.99938E-01
 4.99938E-01
 4.99938E-01
 4.99938E-01
 4.99938E-01
 4.99938E-01
 4.99938E-01
 4.99938E-01
 4.99939E-01
 4.99939E-01
 4.99939E-01
 4.99939E-01
 4.99939E-01
 4.99939E-01
 4.99939E-01
 4.99939E-01
 4.99939E-01
 4.99939E-01
 4.99939E-01
 4.99939E-01
 4.99939E-01
 4.99939E-01
 4.99939E-01
 4.99939E-01
 4.99939E-01
 4.99939E-01
 4.99939E-01
 4.99939E-01
 4.99939E-01
 4.99939E-01
 4.99939E-01
 4.99939E-01
 4.99939E-01
 4.99939E-01
 4.99939E-01
 4.99939E-01
 4.99940E-01
 4.99940E-01
 4.99940E-01
 4.99940E-01
 4.99940E-01
 4.99940E-01
 4.99940E-01
 4.99940E-01
 4.99940E-01
 4.99940E-01
 4.99940E-01
 4.99940E-01
 4.99940E-01
 4.99940E-01
 4.99940E-01
 4.99940E-01
 4.99940E-01
 4.99940E-01
 4.99940E-01
 4.99940E-01
 4.99940E-01
 4.99940E-01
 4.99940E-01
 4.99940E-01
 4.99940E-01
 4.99940E-01
 4.99940E-01
 4.99940E-01
 4.99940E-01
 4.99940E-01
 4.99940E-01
 4.99940E-01
 4.99940E-01
 4.99940E-01
 4.99940E-01
 4.99940E-01
 4.99940E-01
 4.99940E-01
 4.99940E-01
 4.99940E-01
 4.99940E-01
 4.99940E-01
 4.99940E-01
 4.99936E-01
 4.99936E-01
 4.99936E-01
 4.99936E-01
 4.99936E-01
 4.99936E-01
 4.99936E-01
 4.99936E-01
 4.99936E-01
 4.99936E-01
 4.99936E-01
 4.99936E-01
 4.99936E-01
 4.99936E-01
 4.99936E-01
 4.99936E-01
 4.99936E-01
 4.99936E-01
 4.99936E-01
 4.99936E-01
 4.99937E-01
 4.99937E-01
 4.99937E-01
 4.99937E-01
 4.99937E-01
 4.99937E-01
 4.99937E-01
 4.99937E-01
 4.99937E-01
 4.99937E-01
 4.99937E-01
 4.99938E-01
 4.99938E-01
 4.99938E-01
 4.99938E-01
 4.99938E-01
 4.99938E-01
 4.99938E-01
 4.99938E-01
 4.99938E-01
 4.99938E-01
 4.99938E-01
 4.99938E-01
 4.99938E-01
 4.99938E-01
 4.99939E-01
 4.99939E-01
 4.99939E-01
 4.99939E-01
 4.99939E-01
 4.99939E-01
 4.99939E-01
 4.99939E-01
 4.99939E-01
 4.99939E-01
 4.99939E-01
 4.99939E-01
 4.99939E-01
 4.99939E-01
 4.99939E-01
 4.99939E-01
 4.99939E-01
 4.99939E-01
 4.99939E-01
 4.99939E-01
 4.99939E-01
 4.99939E-01
 4.99939E-01
 4.99939E-01
 4.99939E-01
 4.99939E-01
 4.99940E-01
 4.99940E-01
 4.99940E-01
 4.99940E-01
 4.99940E-01
 4.99940E-01
 4.99940E-01
 4.99940E-01
 4.99940E-01
 4.99940E-01
 4.99940E-01
 4.99940E-01
 4.99940E-01
 4.99940E-01
 4.99940E-01
 4.99940E-01
 4.99940E-01
 4.99940E-01
 4.99940E-01
 4.99940E-01
 4.99940E-01
 4.99940E-01
 4.99940E-01
 4.99940E-01
 4.99940E-01
 4.99940E-01
 4.99940E-01
 4.99940E-01
 4.99940E-01
 4.99940E-01
 4.99940E-01
 4.99940E-01
 4.99940E-01
 4.99940E-01
 4.99940E-01
 4.99940E-01
 4.99940E-01
 4.99940E-01
 4.99940E-01
 4.99940E-01
 4.99940E-01
 4.99940E-01
 4.99940E-01
 4.99940E-01
 4.99940E-01
 4.99940E-01
 4.99940E-01
 4.99940E-01
 4.99940E-01
 4.99936E-01
 4.99936E-01
 4.99936E-01
 4.99936E-01
 4.99936E-01
 4.99936E-01
 4.99936E-01
 4.99936E-01
 4.99936E-01
 4.99936E-01
 4.99936E-01
 4.99936E-01
 4.99936E-01
 4.99936E-01
 4.99937E-01
 4.99937E-01
 4.99937E-01
 4.99937E-01
 4.99937E-01
 4.99937E-01
 4.99937E-01
 4.99937E-01
 4.99937E-01
 4.99937E-01
 4.99937E-01
 4.99937E-01
 4.99937E-01
 4.99938E-01
 4.99938E-01
 4.99938E-01
 4.99938E-01
 4.99938E-01
 4.99938E-01
 4.99938E-01
 4.99938E-01
 4.99938E-01
 4.99938E-01
 4.99938E-01
 4.99938E-01
 4.99938E-01
 4.99938E-01
 4.99939E-01
 4.99939E-01
 4.99939E-01
 4.99939E-01
 4.99939E-01
 4.99939E-01
 4.99939E-01
 4.99939E-01
 4.99939E-01
 4.99939E-01
 4.99939E-01
 4.99939E-01
 4.99939E-01
 4.99939E-01
 4.99939E-01
 4.99939E-01
 4.99939E-01
 4.99939E-01
 4.99939E-01
 4.99939E-01
 4.99939E-01
 4.99939E-01
 4.99939E-01
 4.99939E-01
 4.99940E-01
 4.99940E-01
 4.99940E-01
 4.99940E-01
 4.99940E-01
 4.99940E-01
 4.99940E-01
 4.99940E-01
 4.99940E-01
 4.99940E-01
 4.99940E-01
 4.99940E-01
 4.99940E-01
 4.99940E-01
 4.99940E-01
 4.99940E-01
 4.99940E-01
 4.99940E-01
 4.99940E-01
 4.99940E-01
 4.99940E-01
 4.99940E-01
 4.99940E-01
 4.99940E-01
 4.99940E-01
 4.99940E-01
 4.99940E-01
 4.99940E-01
 4.99940E-01
 4.99940E-01
 4.99940E-01
 4.99940E-01
 4.99940E-01
 4.99940E-01
 4.99940E-01
 4.99940E-01
 4.99940E-01
 4.99940E-01
 4.99940E-01
 4.99940E-01
 4.99940E-01
 4.99940E-01
 4.99940E-01
 4.99940E-01
 4.99940E-01
 4.99940E-01
 4.99940E-01
 4.99940E-01
 4.99940E-01
 4.99940E-01
 4.99940E-01
 4.99940E-01
 4.99940E-01
 4.99940E-01
 4.99940E-01
 4.99936E-01
 4.99936E-01
 4.99936E-01
 4.99936E-01
 4.99937E-01
 4.99937E-01
 4.99937E-01
 4.99937E-01
 4.99937E-01
 4.99937E-01
 4.99937E-01
 4.99937E-01
 4.99937E-01
 4.99937E-01
 4.99937E-01
 4.99937E-01
 4.99937E-01
 4.99937E-01
 4.99937E-01
 4.99937E-01
 4.99937E-01
 4.99937E-01
 4.99937E-01
 4.99938E-01
 4.99938E-01
 4.99938E-01
 4.99938E-01
 4.99938E-01
 4.99938E-01
 4.99938E-01
 4.99938E-01
 4.99938E-01
 4.99938E-01
 4.99938E-01
 4.99938E-01
 4.99938E-01
 4.99938E-01
 4.99939E-01
 4.99939E-01
 4.99939E-01
 4.99939E-01
 4.99939E-01
 4.99939E-01
 4.99939E-01
 4.99939E-01
 4.99939E-01
 4.99939E-01
 4.99939E-01
 4.99939E-01
 4.99939E-01
 4.99939E-01
 4.99939E-01
 4.99939E-01
 4.99939E-01
 4.99939E-01
 4.99939E-01
 4.99939E-01
 4.99939E-01
 4.99939E-01
 4.99940E-01
 4.99940E-01
 4.99940E-01
 4.99940E-01
 4.99940E-01
 4.99940E-01
 4.99940E-01
 4.99940E-01
 4.99940E-01
 4.99940E-01
 4.99940E-01
 4.99940E-01
 4.99940E-01
 4.99940E-01
 4.99940E-01
 4.99940E-01
 4.99940E-01
 4.99940E-01
 4.99940E-01
 4.99940E-01
 4.99940E-01
 4.99940E-01
 4.99940E-01
 4.99940E-01
 4.99940E-01
 4.99940E-01
 4.99940E-01
 4.99940E-01
 4.99940E-01
 4.99940E-01
 4.99940E-01
 4.99940E-01
 4.99940E-01
 4.99940E-01
 4.99940E-01
 4.99940E-01
 4.99940E-01
 4.99940E-01
 4.99940E-01
 4.99940E-01
 4.99940E-01
 4.99940E-01
 4.99940E-01
 4.99940E-01
 4.99940E-01
 4.99940E-01
 4.99940E-01
 4.99940E-01
 4.99940E-01
 4.99940E-01
 4.99940E-01
 4.99940E-01
 4.99940E-01
 4.99940E-01
 4.99940E-01
 4.99940E-01
 4.99940E-01
 4.99940E-01
 4.99940E-01
 4.99940E-01
 4.99940E-01
 4.99937E-01
 4.99937E-01
 4.99937E-01
 4.99937E-01
 4.99937E-01
 4.99937E-01
 4.99937E-01
 4.99937E-01
 4.99937E-01
 4.99937E-01
 4.99937E-01
 4.99937E-01
 4.99937E-01
 4.99937E-01
 4.99937E-01
 4.99937E-01
 4.99937E-01
 4.99938E-01
 4.99938E-01
 4.99938E-01
 4.99938E-01
 4.99938E-01
 4.99938E-01
 4.99938E-01
 4.99938E-01
 4.99938E-01
 4.99938E-01
 4.99938E-01
 4.99938E-01
 4.99938E-01
 4.99938E-01
 4.99938E-01
 4.99939E-01
 4.99939E-01
 4.99939E-01
 4.99939E-01
 4.99939E-01
 4.99939E-01
 4.99939E-01
 4.99939E-01
 4.99939E-01
 4.99939E-01
 4.99939E-01
 4.99939E-01
 4.99939E-01
 4.99939E-01
 4.99939E-01
 4.99939E-01
 4.99939E-01
 4.99939E-01
 4.99939E-01
 4.99939E-01
 4.99939E-01
 4.99940E-01
 4.99940E-01
 4.99940E-01
 4.99940E-01
 4.99940E-01
 4.99940E-01
 4.99940E-01
 4.99940E-01
 4.99940E-01
 4.99940E-01
 4.99940E-01
 4.99940E-01
 4.99940E-01
 4.99940E-01
 4.99940E-01
 4.99940E-01
 4.99940E-01
 4.99940E-01
 4.99940E-01
 4.99940E-01
 4.99940E-01
 4.99940E-01
 4.99940E-01
 4.99940E-01
 4.99940E-01
 4.99940E-01
 4.99940E-01
 4.99940E-01
 4.99940E-01
 4.99940E-01
 4.99940E-01
 4.99940E-01
 4.99940E-01
 4.99940E-01
 4.99940E-01
 4.99940E-01
 4.99940E-01
 4.99940E-01
 4.99940E-01
 4.99940E-01
 4.99940E-01
 4.99940E-01
 4.99940E-01
 4.99940E-01
 4.99940E-01
 4.99940E-01
 4.99940E-01
 4.99940E-01
 4.99940E-01
 4.99940E-01
 4.99940E-01
 4.99940E-01
 4.99940E-01
 4.99940E-01
 4.99940E-01
 4.99940E-01
 4.99940E-01
 4.99940E-01
 4.99940E-01
 4.99940E-01
 4.99940E-01
 4.99940E-01
 4.99940E-01
 4.99940E-01
 4.99940E-01
 4.99940E-01
 4.99940E-01
 4.99937E-01
 4.99937E-01
 4.99937E-01
 4.99937E-01
 4.99937E-01
 4.99937E-01
 4.99937E-01
 4.99937E-01
 4.99938E-01
 4.99938E-01
 4.99938E-01
 4.99938E-01
 4.99938E-01
 4.99938E-01
 4.99938E-01
 4.99938E-01
 4.99938E-01
 4.99938E-01
 4.99938E-01
 4.99938E-01
 4.99938E-01
 4.99938E-01
 4.99938E-01
 4.99938E-01
 4.99938E-01
 4.99938E-01
 4.99938E-01
 4.99939E-01
 4.99939E-01
 4.99939E-01
 4.99939E-01
 4.99939E-01
 4.99939E-01
 4.99939E-01
 4.99939E-01
 4.99939E-01
 4.99939E-01
 4.99939E-01
 4.99939E-01
 4.99939E-01
 4.99939E-01
 4.99939E-01
 4.99939E-01
 4.99939E-01
 4.99939E-01
 4.99939E-01
 4.99940E-01
 4.99940E-01
 4.99940E-01
 4.99940E-01
 4.99940E-01
 4.99940E-01
 4.99940E-01
 4.99940E-01
 4.99940E-01
 4.99940E-01
 4.99940E-01
 4.99940E-01
 4.99940E-01
 4.99940E-01
 4.99940E-01
 4.99940E-01
 4.99940E-01
 4.99940E-01
 4.99940E-01
 4.99940E-01
 4.99940E-01
 4.99940E-01
 4.99940E-01
 4.99940E-01
 4.99940E-01
 4.99940E-01
 4.99940E-01
 4.99940E-01
 4.99940E-01
 4.99940E-01
 4.99940E-01
 4.99940E-01
 4.99940E-01
 4.99940E-01
 4.99940E-01
 4.99940E-01
 4.99940E-01
 4.99940E-01
 4.99940E-01
 4.99940E-01
 4.99940E-01
 4.99940E-01
 4.99940E-01
 4.99940E-01
 4.99940E-01
 4.99940E-01
 4.99940E-01
 4.99940E-01
 4.99940E-01
 4.99940E-01
 4.99940E-01
 4.99940E-01
 4.99940E-01
 4.99940E-01
 4.99940E-01
 4.99940E-01
 4.99940E-01
 4.99940E-01
 4.99940E-01
 4.99940E-01
 4.99940E-01
 4.99940E-01
 4.99940E-01
 4.99940E-01
 4.99940E-01
 4.99940E-01
 4.99940E-01
 4.99940E-01
 4.99940E-01
 4.99940E-01
 4.99940E-01
 4.99940E-01
 4.99940E-01
 4.99940E-01
 4.99938E-01
 4.99938E-01
 4.99938E-01
 4.99938E-01
 4.99938E-01
 4.99938E-01
 4.99938E-01
 4.99938E-01
 4.99938E-01
 4.99938E-01
 4.99938E-01
 4.99938E-01
 4.99938E-01
 4.99938E-01
 4.99938E-01
 4.99938E-01
 4.99938E-01
 4.99938E-01
 4.99938E-01
 4.99938E-01
 4.99939E-01
 4.99939E-01
 4.99939E-01
 4.99939E-01
 4.99939E-01
 4.99939E-01
 4.99939E-01
 4.99939E-01
 4.99939E-01
 4.99939E-01
 4.99939E-01
 4.99939E-01
 4.99939E-01
 4.99939E-01
 4.99939E-01
 4.99939E-01
 4.99939E-01
 4.99939E-01
 4.99939E-01
 4.99939E-01
 4.99940E-01
 4.99940E-01
 4.99940E-01
 4.99940E-01
 4.99940E-01
 4.99940E-01
 4.99940E-01
 4.99940E-01
 4.99940E-01
 4.99940E-01
 4.99940E-01
 4.99940E-01
 4.99940E-01
 4.99940E-01
 4.99940E-01
 4.99940E-01
 4.99940E-01
 4.99940E-01
 4.99940E-01
 4.99940E-01
 4.99940E-01
 4.99940E-01
 4.99940E-01
 4.99940E-01
 4.99940E-01
 4.99940E-01
 4.99940E-01
 4.99940E-01
 4.99940E-01
 4.99940E-01
 4.99940E-01
 4.99940E-01
 4.99940E-01
 4.99940E-01
 4.99940E-01
 4.99940E-01
 4.99940E-01
 4.99940E-01
 4.99940E-01
 4.99940E-01
 4.99940E-01
 4.99940E-01
 4.99940E-01
 4.99940E-01
 4.99940E-01
 4.99940E-01
 4.99940E-01
 4.99940E-01
 4.99940E-01
 4.99940E-01
 4.99940E-01
 4.99940E-01
 4.99940E-01
 4.99940E-01
 4.99940E-01
 4.99940E-01
 4.99940E-01
 4.99940E-01
 4.99940E-01
 4.99940E-01
 4.99940E-01
 4.99940E-01
 4.99940E-01
 4.99940E-01
 4.99940E-01
 4.99940E-01
 4.99940E-01
 4.99940E-01
 4.99940E-01
 4.99940E-01
 4.99940E-01
 4.99940E-01
 4.99940E-01
 4.99940E-01
 4.99940E-01
 4.99940E-01
 4.99940E-01
 4.99940E-01
 4.99940E-01
 4.99940E-01
 4.99938E-01
 4.99938E-01
 4.99938E-01
 4.99938E-01
 4.99938E-01
 4.99938E-01
 4.99938E-01
 4.99938E-01
 4.99938E-01
 4.99938E-01
 4.99938E-01
 4.99938E-01
 4.99939E-01
 4.99939E-01
 4.99939E-01
 4.99939E-01
 4.99939E-01
 4.99939E-01
 4.99939E-01
 4.99939E-01
 4.99939E-01
 4.99939E-01
 4.99939E-01
 4.99939E-01
 4.99939E-01
 4.99939E-01
 4.99939E-01
 4.99939E-01
 4.99939E-01
 4.99939E-01
 4.99939E-01
 4.99939E-01
 4.99939E-01
 4.99940E-01
 4.99940E-01
 4.99940E-01
 4.99940E-01
 4.99940E-01
 4.99940E-01
 4.99940E-01
 4.99940E-01
 4.99940E-01
 4.99940E-01
 4.99940E-01
 4.99940E-01
 4.99940E-01
 4.99940E-01
 4.99940E-01
 4.99940E-01
 4.99940E-01
 4.99940E-01
 4.99940E-01
 4.99940E-01
 4.99940E-01
 4.99940E-01
 4.99940E-01
 4.99940E-01
 4.99940E-01
 4.99940E-01
 4.99940E-01
 4.99940E-01
 4.99940E-01
 4.99940E-01
 4.99940E-01
 4.99940E-01
 4.99940E-01
 4.99940E-01
 4.99940E-01
 4.99940E-01
 4.99940E-01
 4.99940E-01
 4.99940E-01
 4.99940E-01
 4.99940E-01
 4.99940E-01
 4.99940E-01
 4.99940E-01
 4.99940E-01
 4.99940E-01
 4.99940E-01
 4.99940E-01
 4.99940E-01
 4.99940E-01
 4.99940E-01
 4.99940E-01
 4.99940E-01
 4.99940E-01
 4.99940E-01
 4.99940E-01
 4.99940E-01
 4.99940E-01
 4.99940E-01
 4.99940E-01
 4.99940E-01
 4.99940E-01
 4.99940E-01
 4.99940E-01
 4.99940E-01
 4.99940E-01
 4.99940E-01
 4.99940E-01
 4.99940E-01
 4.99940E-01
 4.99940E-01
 4.99940E-01
 4.99940E-01
 4.99940E-01
 4.99940E-01
 4.99940E-01
 4.99940E-01
 4.99940E-01
 4.99940E-01
 4.99940E-01
 4.99940E-01
 4.99940E-01
 4.99940E-01
 4.99940E-01
 4.99940E-01
 4.99940E-01
 4.99940E-01
 4.99939E-01
 4.99939E-01
 4.99939E-01
 4.99939E-01
 4.99939E-01
 4.99939E-01
 4.99939E-01
 4.99939E-01
 4.99939E-01
 4.99939E-01
 4.99939E-01
 4.99939E-01
 4.99939E-01
 4.99939E-01
 4.99939E-01
 4.99939E-01
 4.99939E-01
 4.99939E-01
 4.99939E-01
 4.99939E-01
 4.99939E-01
 4.99939E-01
 4.99939E-01
 4.99939E-01
 4.99939E-01
 4.99939E-01
 4.99940E-01
 4.99940E-01
 4.99940E-01
 4.99940E-01
 4.99940E-01
 4.99940E-01
 4.99940E-01
 4.99940E-01
 4.99940E-01
 4.99940E-01
 4.99940E-01
 4.99940E-01
 4.99940E-01
 4.99940E-01
 4.99940E-01
 4.99940E-01
 4.99940E-01
 4.99940E-01
 4.99940E-01
 4.99940E-01
 4.99940E-01
 4.99940E-01
 4.99940E-01
 4.99940E-01
 4.99940E-01
 4.99940E-01
 4.99940E-01
 4.99940E-01
 4.99940E-01
 4.99940E-01
 4.99940E-01
 4.99940E-01
 4.99940E-01
 4.99940E-01
 4.99940E-01
 4.99940E-01
 4.99940E-01
 4.99940E-01
 4.99940E-01
 4.99940E-01
 4.99940E-01
 4.99940E-01
 4.99940E-01
 4.99940E-01
 4.99940E-01
 4.99940E-01
 4.99940E-01
 4.99940E-01
 4.99940E-01
 4.99940E-01
 4.99940E-01
 4.99940E-01
 4.99940E-01
 4.99940E-01
 4.99940E-01
 4.99940E-01
 4.99940E-01
 4.99940E-01
 4.99940E-01
 4.99940E-01
 4.99940E-01
 4.99940E-01
 4.99940E-01
 4.99940E-01
 4.99940E-01
 4.99940E-01
 4.99940E-01
 4.99940E-01
 4.99940E-01
 4.99940E-01
 4.99940E-01
 4.99940E-01
 4.99940E-01
 4.99940E-01
 4.99940E-01
 4.99940E-01
 4.99940E-01
 4.99940E-01
 4.99940E-01
 4.99940E-01
 4.99940E-01
 4.99940E-01
 4.99940E-01
 4.99940E-01
 4.99940E-01
 4.99940E-01
 4.99940E-01
 4.99940E-01
 4.99940E-01
 4.99940E-01
 4.99940E-01
 4.99940E-01
 4.99940E-01
 4.99940E-01
 4.99939E-01
 4.99939E-01
 4.99939E-01
 4.99939E-01
 4.99939E-01
 4.99939E-01
 4.99939E-01
 4.99939E-01
 4.99939E-01
 4.99939E-01
 4.99939E-01
 4.99939E-01
 4.99939E-01
 4.99939E-01
 4.99939E-01
 4.99939E-01
 4.99939E-01
 4.99940E-01
 4.99940E-01
 4.99940E-01
 4.99940E-01
 4.99940E-01
 4.99940E-01
 4.99940E-01
 4.99940E-01
 4.99940E-01
 4.99940E-01
 4.99940E-01
 4.99940E-01
 4.99940E-01
 4.99940E-01
 4.99940E-01
 4.99940E-01
 4.99940E-01
 4.99940E-01
 4.99940E-01
 4.99940E-01
 4.99940E-01
 4.99940E-01
 4.99940E-01
 4.99940E-01
 4.99940E-01
 4.99940E-01
 4.99940E-01
 4.99940E-01
 4.99940E-01
 4.99940E-01
 4.99940E-01
 4.99940E-01
 4.99940E-01
 4.99941E-01
 4.99941E-01
 4.99941E-01
 4.99941E-01
 4.99941E-01
 4.99941E-01
 4.99941E-01
 4.99941E-01
 4.99941E-01
 4.99941E-01
 4.99941E-01
 4.99941E-01
 4.99941E-01
 4.99941E-01
 4.99941E-01
 4.99941E-01
 4.99941E-01
 4.99941E-01
 4.99941E-01
 4.99941E-01
 4.99941E-01
 4.99941E-01
 4.99941E-01
 4.99941E-01
 4.99941E-01
 4.99941E-01
 4.99941E-01
 4.99941E-01
 4.99941E-01
 4.99941E-01
 4.99941E-01
 4.99941E-01
 4.99941E-01
 4.99941E-01
 4.99941E-01
 4.99941E-01
 4.99941E-01
 4.99941E-01
 4.99941E-01
 4.99941E-01
 4.99941E-01
 4.99941E-01
 4.99941E-01
 4.99941E-01
 4.99941E-01
 4.99941E-01
 4.99941E-01
 4.99941E-01
 4.99941E-01
 4.99941E-01
 4.99941E-01
 4.99941E-01
 4.99941E-01
 4.99941E-01
 4.99941E-01
 4.99941E-01
 4.99941E-01
 4.99941E-01
 4.99941E-01
 4.99941E-01
 4.99941E-01
 4.99941E-01
 4.99941E-01
 4.99940E-01
 4.99940E-01
 4.99940E-01
 4.99940E-01
 4.99940E-01
 4.99940E-01
 4.99940E-01
 4.99940E-01
 4.99940E-01
 4.99940E-01
 4.99940E-01
 4.99940E-01
 4.99940E-01
 4.99940E-01
 4.99940E-01
 4.99940E-01
 4.99940E-01
 4.99940E-01
 4.99940E-01
 4.99940E-01
 4.99940E-01
 4.99940E-01
 4.99940E-01
 4.99940E-01
 4.99940E-01
 4.99940E-01
 4.99940E-01
 4.99940E-01
 4.99940E-01
 4.99940E-01
 4.99940E-01
 4.99940E-01
 4.99940E-01
 4.99940E-01
 4.99940E-01
 4.99940E-01
 4.99940E-01
 4.99940E-01
 4.99940E-01
 4.99940E-01
 4.99940E-01
 4.99940E-01
 4.99940E-01
 4.99941E-01
 4.99941E-01
 4.99941E-01
 4.99941E-01
 4.99941E-01
 4.99941E-01
 4.99941E-01
 4.99941E-01
 4.99941E-01
 4.99941E-01
 4.99941E-01
 4.99941E-01
 4.99941E-01
 4.99941E-01
 4.99941E-01
 4.99941E-01
 4.99941E-01
 4.99941E-01
 4.99941E-01
 4.99941E-01
 4.99941E-01
 4.99941E-01
 4.99941E-01
 4.99941E-01
 4.99941E-01
 4.99941E-01
 4.99941E-01
 4.99941E-01
 4.99941E-01
 4.99941E-01
 4.99941E-01
 4.99941E-01
 4.99941E-01
 4.99941E-01
 4.99941E-01
 4.99941E-01
 4.99941E-01
 4.99941E-01
 4.99941E-01
 4.99941E-01
 4.99941E-01
 4.99941E-01
 4.99941E-01
 4.99941E-01
 4.99941E-01
 4.99941E-01
 4.99941E-01
 4.99941E-01
 4.99941E-01
 4.99941E-01
 4.99941E-01
 4.99941E-01
 4.99941E-01
 4.99941E-01
 4.99941E-01
 4.99941E-01
 4.99941E-01
 4.99941E-01
 4.99941E-01
 4.99941E-01
 4.99941E-01
 4.99941E-01
 4.99941E-01
 4.99941E-01
 4.99941E-01
 4.99941E-01
 4.99941E-01
 4.99941E-01
 4.99941E-01
 4.99941E-01
 4.99941E-01
 4.99941E-01
 4.99941E-01
 4.99941E-01
 4.99941E-01
 4.99941E-01
 4.99941E-01
 4.99941E-01
 4.99941E-01
 4.99941E-01
 4.99941E-01
 4.99941E-01
 4.99941E-01
 4.99941E-01
 4.99940E-01
 4.99940E-01
 4.99940E-01
 4.99940E-01
 4.99940E-01
 4.99940E-01
 4.99940E-01
 4.99940E-01
 4.99940E-01
 4.99940E-01
 4.99940E-01
 4.99940E-01
 4.99940E-01
 4.99940E-01
 4.99940E-01
 4.99940E-01
 4.99940E-01
 4.99940E-01
 4.99940E-01
 4.99940E-01
 4.99940E-01
 4.99940E-01
 4.99940E-01
 4.99940E-01
 4.99940E-01
 4.99941E-01
 4.99941E-01
 4.99941E-01
 4.99941E-01
 4.99941E-01
 4.99941E-01
 4.99941E-01
 4.99941E-01
 4.99941E-01
 4.99941E-01
 4.99941E-01
 4.99941E-01
 4.99941E-01
 4.99941E-01
 4.99941E-01
 4.99941E-01
 4.99941E-01
 4.99941E-01
 4.99941E-01
 4.99941E-01
 4.99941E-01
 4.99941E-01
 4.99941E-01
 4.99941E-01
 4.99941E-01
 4.99941E-01
 4.99941E-01
 4.99941E-01
 4.99941E-01
 4.99941E-01
 4.99941E-01
 4.99941E-01
 4.99941E-01
 4.99941E-01
 4.99941E-01
 4.99941E-01
 4.99941E-01
 4.99941E-01
 4.99941E-01
 4.99941E-01
 4.99941E-01
 4.99941E-01
 4.99941E-01
 4.99941E-01
 4.99941E-01
 4.99941E-01
 4.99941E-01
 4.99941E-01
 4.99941E-01
 4.99941E-01
 4.99941E-01
 4.99941E-01
 4.99941E-01
 4.99941E-01
 4.99941E-01
 4.99941E-01
 4.99941E-01
 4.99941E-01
 4.99941E-01
 4.99941E-01
 4.99941E-01
 4.99941E-01
 4.99941E-01
 4.99941E-01
 4.99941E-01
 4.99941E-01
 4.99941E-01
 4.99941E-01
 4.99941E-01
 4.99941E-01
 4.99941E-01
 4.99941E-01
 4.99941E-01
 4.99941E-01
 4.99941E-01
 4.99941E-01
 4.99941E-01
 4.99941E-01
 4.99941E-01
 4.99941E-01
 4.99941E-01
 4.99941E-01
 4.99941E-01
 4.99941E-01
 4.99941E-01
 4.99941E-01
 4.99941E-01
 4.99941E-01
 4.99941E-01
 4.99941E-01
 4.99941E-01
 4.99941E-01
 4.99941E-01
 4.99941E-01
 4.99941E-01
 4.99940E-01
 4.99940E-01
 4.99940E-01
 4.99940E-01
 4.99940E-01
 4.99940E-01
 4.99940E-01
 4.99940E-01
 4.99940E-01
 4.99940E-01
 4.99940E-01
 4.99941E-01
 4.99941E-01
 4.99941E-01
 4.99941E-01
 4.99941E-01
 4.99941E-01
 4.99941E-01
 4.99941E-01
 4.99941E-01
 4.99941E-01
 4.99941E-01
 4.99941E-01
 4.99941E-01
 4.99941E-01
 4.99941E-01
 4.99941E-01
 4.99941E-01
 4.99941E-01
 4.99941E-01
 4.99941E-01
 4.99941E-01
 4.99941E-01
 4.99941E-01
 4.99941E-01
 4.99941E-01
 4.99941E-01
 4.99941E-01
 4.99941E-01
 4.99941E-01
 4.99941E-01
 4.99941E-01
 4.99941E-01
 4.99941E-01
 4.99941E-01
 4.99941E-01
 4.99941E-01
 4.99941E-01
 4.99941E-01
 4.99941E-01
 4.99941E-01
 4.99941E-01
 4.99941E-01
 4.99941E-01
 4.99941E-01
 4.99941E-01
 4.99941E-01
 4.99941E-01
 4.99941E-01
 4.99941E-01
 4.99941E-01
 4.99941E-01
 4.99941E-01
 4.99941E-01
 4.99941E-01
 4.99941E-01
 4.99941E-01
 4.99941E-01
 4.99941E-01
 4.99941E-01
 4.99941E-01
 4.99941E-01
 4.99941E-01
 4.99941E-01
 4.99941E-01
 4.99941E-01
 4.99941E-01
 4.99941E-01
 4.99941E-01
 4.99941E-01
 4.99941E-01
 4.99941E-01
 4.99941E-01
 4.99941E-01
 4.99941E-01
 4.99941E-01
 4.99941E-01
 4.99941E-01
 4.99941E-01
 4.99941E-01
 4.99941E-01
 4.99941E-01
 4.99941E-01
 4.99941E-01
 4.99941E-01
 4.99941E-01
 4.99941E-01
 4.99941E-01
 4.99941E-01
 4.99941E-01
 4.99941E-01
 4.99941E-01
 4.99941E-01
 4.99941E-01
 4.99941E-01
 4.99941E-01
 4.99941E-01
 4.99941E-01
 4.99941E-01
 4.99941E-01
 4.99941E-01
 4.99941E-01
 4.99941E-01
 4.99941E-01
 4.99941E-01
 4.99941E-01
 4.99941E-01
 4.99941E-01
 4.99941E-01
 4.99941E-01
 4.99941E-01
 4.99941E-01
 4.99941E-01
 4.99941E-01
 4.99941E-01
 4.99941E-01
 4.99941E-01
 4.99941E-01
 4.99941E-01
 4.99941E-01
 4.99941E-01
 4.99941E-01
 4.99941E-01
 4.99941E-01
 4.99941E-01
 4.99941E-01
 4.99941E-01
 4.99941E-01
 4.99941E-01
 4.99941E-01
 4.99941E-01
 4.99941E-01
 4.99941E-01
 4.99941E-01
 4.99941E-01
 4.99941E-01
 4.99941E-01
 4.99941E-01
 4.99941E-01
 4.99941E-01
 4.99941E-01
 4.99941E-01
 4.99941E-01
 4.99941E-01
 4.99941E-01
 4.99941E-01
 4.99941E-01
 4.99941E-01
 4.99941E-01
 4.99941E-01
 4.99941E-01
 4.99941E-01
 4.99941E-01
 4.99941E-01
 4.99941E-01
 4.99941E-01
 4.99941E-01
 4.99941E-01
 4.99941E-01
 4.99941E-01
 4.99941E-01
 4.99941E-01
 4.99941E-01
 4.99941E-01
 4.99941E-01
 4.99941E-01
 4.99941E-01
 4.99941E-01
 4.99941E-01
 4.99941E-01
 4.99941E-01
 4.99941E-01
 4.99941E-01
 4.99941E-01
 4.99941E-01
 4.99941E-01
 4.99941E-01
 4.99941E-01
 4.99941E-01
 4.99941E-01
 4.99941E-01
 4.99941E-01
 4.99941E-01
 4.99941E-01
 4.99941E-01
 4.99941E-01
 4.99941E-01
 4.99941E-01
 4.99941E-01
 4.99941E-01
 4.99941E-01
 4.99941E-01
 4.99941E-01
 4.99941E-01
 4.99941E-01
 4.99941E-01
 4.99941E-01
 4.99941E-01
 4.99941E-01
 4.99941E-01
 4.99941E-01
 4.99941E-01
 4.99941E-01
 4.99941E-01
 4.99941E-01
 4.99941E-01
 4.99941E-01
 4.99941E-01
 4.99941E-01
 4.99941E-01
 4.99941E-01
 4.99941E-01
 4.99941E-01
 4.99941E-01
 4.99941E-01
 4.99941E-01
 4.99941E-01
 4.99941E-01
 4.99941E-01
 4.99941E-01
 4.99941E-01
 4.99941E-01
 4.99941E-01
 4.99941E-01
 4.99941E-01
 4.99941E-01
 4.99941E-01
 4.99941E-01
 4.99941E-01
 4.99941E-01
 4.99941E-01
 4.99941E-01
 4.99941E-01
 4.99941E-01
 4.99941E-01
 4.99941E-01
 4.99941E-01
 4.99941E-01
 4.99941E-01
 4.99941E-01
 4.99941E-01
 4.99941E-01
 4.99941E-01
 4.99941E-01
 4.99941E-01
 4.99941E-01
 4.99941E-01
 4.99941E-01
 4.99941E-01
 4.99941E-01
 4.99941E-01
 4.99941E-01
 4.99942E-01
 4.99942E-01
 4.99942E-01
 4.99942E-01
 4.99942E-01
 4.99942E-01
 4.99942E-01
 4.99942E-01
 4.99942E-01
 4.99942E-01
 4.99942E-01
 4.99942E-01
 4.99942E-01
 4.99942E-01
 4.99942E-01
 4.99942E-01
 4.99942E-01
 4.99942E-01
 4.99942E-01
 4.99942E-01
 4.99942E-01
 4.99942E-01
 4.99942E-01
 4.99942E-01
 4.99942E-01
 4.99942E-01
 4.99942E-01
 4.99942E-01
 4.99942E-01
 4.99942E-01
 4.99942E-01
 4.99942E-01
 4.99942E-01
 4.99942E-01
 4.99941E-01
 4.99941E-01
 4.99941E-01
 4.99941E-01
 4.99941E-01
 4.99941E-01
 4.99941E-01
 4.99941E-01
 4.99941E-01
 4.99941E-01
 4.99941E-01
 4.99941E-01
 4.99941E-01
 4.99941E-01
 4.99941E-01
 4.99941E-01
 4.99941E-01
 4.99941E-01
 4.99941E-01
 4.99941E-01
 4.99941E-01
 4.99941E-01
 4.99941E-01
 4.99941E-01
 4.99941E-01
 4.99941E-01
 4.99941E-01
 4.99941E-01
 4.99941E-01
 4.99941E-01
 4.99941E-01
 4.99941E-01
 4.99941E-01
 4.99941E-01
 4.99941E-01
 4.99941E-01
 4.99941E-01
 4.99941E-01
 4.99941E-01
 4.99941E-01
 4.99941E-01
 4.99941E-01
 4.99941E-01
 4.99941E-01
 4.99941E-01
 4.99941E-01
 4.99941E-01
 4.99941E-01
 4.99941E-01
 4.99941E-01
 4.99941E-01
 4.99941E-01
 4.99941E-01
 4.99941E-01
 4.99941E-01
 4.99941E-01
 4.99941E-01
 4.99941E-01
 4.99941E-01
 4.99941E-01
 4.99941E-01
 4.99941E-01
 4.99941E-01
 4.99941E-01
 4.99942E-01
 4.99942E-01
 4.99942E-01
 4.99942E-01
 4.99942E-01
 4.99942E-01
 4.99942E-01
 4.99942E-01
 4.99942E-01
 4.99942E-01
 4.99942E-01
 4.99942E-01
 4.99942E-01
 4.99942E-01
 4.99942E-01
 4.99942E-01
 4.99942E-01
 4.99942E-01
 4.99942E-01
 4.99942E-01
 4.99942E-01
 4.99942E-01
 4.99942E-01
 4.99942E-01
 4.99942E-01
 4.99942E-01
 4.99942E-01
 4.99942E-01
 4.99942E-01
 4.99942E-01
 4.99942E-01
 4.99942E-01
 4.99942E-01
 4.99942E-01
 4.99942E-01
 4.99942E-01
 4.99942E-01
 4.99942E-01
 4.99942E-01
 4.99942E-01
 4.99942E-01
 4.99942E-01
 4.99942E-01
 4.99942E-01
 4.99942E-01
 4.99942E-01
 4.99942E-01
 4.99942E-01
 4.99942E-01
 4.99942E-01
 4.99942E-01
 4.99942E-01
 4.99942E-01
 4.99942E-01
 4.99942E-01
 4.99942E-01
 4.99942E-01
 4.99942E-01
 4.99942E-01
 4.99942E-01
 4.99942E-01
 4.99942E-01
 4.99942E-01
 4.99942E-01
 4.99942E-01
 4.99942E-01
 4.99941E-01
 4.99941E-01
 4.99941E-01
 4.99941E-01
 4.99941E-01
 4.99941E-01
 4.99941E-01
 4.99941E-01
 4.99941E-01
 4.99941E-01
 4.99941E-01
 4.99941E-01
 4.99941E-01
 4.99941E-01
 4.99941E-01
 4.99941E-01
 4.99941E-01
 4.99941E-01
 4.99941E-01
 4.99941E-01
 4.99941E-01
 4.99941E-01
 4.99941E-01
 4.99941E-01
 4.99941E-01
 4.99941E-01
 4.99941E-01
 4.99941E-01
 4.99941E-01
 4.99941E-01
 4.99941E-01
 4.99941E-01
 4.99941E-01
 4.99941E-01
 4.99941E-01
 4.99941E-01
 4.99941E-01
 4.99941E-01
 4.99941E-01
 4.99941E-01
 4.99941E-01
 4.99941E-01
 4.99941E-01
 4.99941E-01
 4.99941E-01
 4.99941E-01
 4.99941E-01
 4.99941E-01
 4.99941E-01
 4.99941E-01
 4.99941E-01
 4.99941E-01
 4.99941E-01
 4.99941E-01
 4.99942E-01
 4.99942E-01
 4.99942E-01
 4.99942E-01
 4.99942E-01
 4.99942E-01
 4.99942E-01
 4.99942E-01
 4.99942E-01
 4.99942E-01
 4.99942E-01
 4.99942E-01
 4.99942E-01
 4.99942E-01
 4.99942E-01
 4.99942E-01
 4.99942E-01
 4.99942E-01
 4.99942E-01
 4.99942E-01
 4.99942E-01
 4.99942E-01
 4.99942E-01
 4.99942E-01
 4.99942E-01
 4.99942E-01
 4.99942E-01
 4.99942E-01
 4.99942E-01
 4.99942E-01
 4.99942E-01
 4.99942E-01
 4.99942E-01
 4.99942E-01
 4.99942E-01
 4.99942E-01
 4.99942E-01
 4.99942E-01
 4.99942E-01
 4.99942E-01
 4.99942E-01
 4.99942E-01
 4.99942E-01
 4.99942E-01
 4.99942E-01
 4.99942E-01
 4.99942E-01
 4.99942E-01
 4.99942E-01
 4.99942E-01
 4.99942E-01
 4.99942E-01
 4.99942E-01
 4.99942E-01
 4.99942E-01
 4.99942E-01
 4.99942E-01
 4.99942E-01
 4.99942E-01
 4.99942E-01
 4.99942E-01
 4.99942E-01
 4.99942E-01
 4.99942E-01
 4.99942E-01
 4.99942E-01
 4.99942E-01
 4.99942E-01
 4.99942E-01
 4.99942E-01
 4.99942E-01
 4.99942E-01
 4.99942E-01
 4.99941E-01
 4.99941E-01
 4.99941E-01
 4.99941E-01
 4.99941E-01
 4.99941E-01
 4.99941E-01
 4.99941E-01
 4.99941E-01
 4.99941E-01
 4.99941E-01
 4.99941E-01
 4.99941E-01
 4.99941E-01
 4.99941E-01
 4.99941E-01
 4.99941E-01
 4.99941E-01
 4.99941E-01
 4.99941E-01
 4.99941E-01
 4.99941E-01
 4.99941E-01
 4.99941E-01
 4.99941E-01
 4.99941E-01
 4.99941E-01
 4.99941E-01
 4.99941E-01
 4.99941E-01
 4.99941E-01
 4.99941E-01
 4.99941E-01
 4.99941E-01
 4.99941E-01
 4.99941E-01
 4.99941E-01
 4.99941E-01
 4.99941E-01
 4.99941E-01
 4.99941E-01
 4.99941E-01
 4.99941E-01
 4.99941E-01
 4.99941E-01
 4.99941E-01
 4.99941E-01
 4.99942E-01
 4.99942E-01
 4.99942E-01
 4.99942E-01
 4.99942E-01
 4.99942E-01
 4.99942E-01
 4.99942E-01
 4.99942E-01
 4.99942E-01
 4.99942E-01
 4.99942E-01
 4.99943E-01
 4.99943E-01
 4.99943E-01
 4.99943E-01
 4.99943E-01
 4.99943E-01
 4.99943E-01
 4.99943E-01
 4.99943E-01
 4.99943E-01
 4.99943E-01
 4.99943E-01
 4.99943E-01
 4.99943E-01
 4.99943E-01
 4.99943E-01
 4.99943E-01
 4.99943E-01
 4.99943E-01
 4.99943E-01
 4.99943E-01
 4.99943E-01
 4.99943E-01
 4.99942E-01
 4.99942E-01
 4.99942E-01
 4.99942E-01
 4.99942E-01
 4.99942E-01
 4.99942E-01
 4.99942E-01
 4.99942E-01
 4.99942E-01
 4.99942E-01
 4.99942E-01
 4.99942E-01
 4.99942E-01
 4.99942E-01
 4.99942E-01
 4.99942E-01
 4.99942E-01
 4.99942E-01
 4.99942E-01
 4.99942E-01
 4.99942E-01
 4.99942E-01
 4.99942E-01
 4.99942E-01
 4.99942E-01
 4.99942E-01
 4.99942E-01
 4.99942E-01
 4.99942E-01
 4.99942E-01
 4.99942E-01
 4.99942E-01
 4.99942E-01
 4.99942E-01
 4.99942E-01
 4.99942E-01
 4.99942E-01
 4.99942E-01
 4.99942E-01
 4.99942E-01
 4.99942E-01
 4.99942E-01
 4.99942E-01
 4.99941E-01
 4.99941E-01
 4.99941E-01
 4.99941E-01
 4.99941E-01
 4.99941E-01
 4.99941E-01
 4.99941E-01
 4.99941E-01
 4.99941E-01
 4.99941E-01
 4.99941E-01
 4.99941E-01
 4.99941E-01
 4.99941E-01
 4.99941E-01
 4.99941E-01
 4.99941E-01
 4.99941E-01
 4.99941E-01
 4.99941E-01
 4.99941E-01
 4.99941E-01
 4.99941E-01
 4.99941E-01
 4.99941E-01
 4.99941E-01
 4.99941E-01
 4.99941E-01
 4.99941E-01
 4.99941E-01
 4.99941E-01
 4.99941E-01
 4.99941E-01
 4.99941E-01
 4.99941E-01
 4.99941E-01
 4.99941E-01
 4.99941E-01
 4.99941E-01
 4.99941E-01
 4.99943E-01
 4.99943E-01
 4.99943E-01
 4.99943E-01
 4.99943E-01
 4.99943E-01
 4.99943E-01
 4.99943E-01
 4.99943E-01
 4.99943E-01
 4.99943E-01
 4.99943E-01
 4.99943E-01
 4.99943E-01
 4.99943E-01
 4.99943E-01
 4.99943E-01
 4.99943E-01
 4.99943E-01
 4.99943E-01
 4.99943E-01
 4.99943E-01
 4.99943E-01
 4.99943E-01
 4.99943E-01
 4.99943E-01
 4.99943E-01
 4.99943E-01
 4.99943E-01
 4.99943E-01
 4.99943E-01
 4.99943E-01
 4.99943E-01
 4.99943E-01
 4.99943E-01
 4.99943E-01
 4.99943E-01
 4.99943E-01
 4.99943E-01
 4.99943E-01
 4.99943E-01
 4.99943E-01
 4.99943E-01
 4.99943E-01
 4.99943E-01
 4.99943E-01
 4.99943E-01
 4.99942E-01
 4.99942E-01
 4.99942E-01
 4.99942E-01
 4.99942E-01
 4.99942E-01
 4.99942E-01
 4.99942E-01
 4.99942E-01
 4.99942E-01
 4.99942E-01
 4.99942E-01
 4.99942E-01
 4.99942E-01
 4.99942E-01
 4.99942E-01
 4.99942E-01
 4.99942E-01
 4.99942E-01
 4.99942E-01
 4.99942E-01
 4.99942E-01
 4.99942E-01
 4.99942E-01
 4.99942E-01
 4.99942E-01
 4.99942E-01
 4.99942E-01
 4.99942E-01
 4.99942E-01
 4.99942E-01
 4.99942E-01
 4.99942E-01
 4.99942E-01
 4.99942E-01
 4.99942E-01
 4.99942E-01
 4.99941E-01
 4.99941E-01
 4.99941E-01
 4.99941E-01
 4.99941E-01
 4.99941E-01
 4.99941E-01
 4.99941E-01
 4.99941E-01
 4.99941E-01
 4.99941E-01
 4.99941E-01
 4.99941E-01
 4.99941E-01
 4.99941E-01
 4.99941E-01
 4.99941E-01
 4.99941E-01
 4.99941E-01
 4.99941E-01
 4.99941E-01
 4.99941E-01
 4.99941E-01
 4.99941E-01
 4.99941E-01
 4.99941E-01
 4.99941E-01
 4.99941E-01
 4.99941E-01
 4.99941E-01
 4.99941E-01
 4.99941E-01
 4.99941E-01
 4.99941E-01
 4.99941E-01
 4.99941E-01
 4.99943E-01
 4.99943E-01
 4.99943E-01
 4.99943E-01
 4.99943E-01
 4.99943E-01
 4.99943E-01
 4.99943E-01
 4.99943E-01
 4.99943E-01
 4.99943E-01
 4.99943E-01
 4.99943E-01
 4.99943E-01
 4.99943E-01
 4.99943E-01
 4.99943E-01
 4.99943E-01
 4.99943E-01
 4.99943E-01
 4.99943E-01
 4.99943E-01
 4.99943E-01
 4.99943E-01
 4.99943E-01
 4.99943E-01
 4.99943E-01
 4.99943E-01
 4.99943E-01
 4.99943E-01
 4.99943E-01
 4.99943E-01
 4.99943E-01
 4.99943E-01
 4.99943E-01
 4.99943E-01
 4.99943E-01
 4.99943E-01
 4.99943E-01
 4.99943E-01
 4.99943E-01
 4.99943E-01
 4.99943E-01
 4.99943E-01
 4.99943E-01
 4.99943E-01
 4.99943E-01
 4.99943E-01
 4.99943E-01
 4.99943E-01
 4.99943E-01
 4.99943E-01
 4.99943E-01
 4.99943E-01
 4.99942E-01
 4.99942E-01
 4.99942E-01
 4.99942E-01
 4.99942E-01
 4.99942E-01
 4.99942E-01
 4.99942E-01
 4.99942E-01
 4.99942E-01
 4.99942E-01
 4.99942E-01
 4.99942E-01
 4.99942E-01
 4.99942E-01
 4.99942E-01
 4.99942E-01
 4.99942E-01
 4.99942E-01
 4.99942E-01
 4.99942E-01
 4.99942E-01
 4.99942E-01
 4.99942E-01
 4.99942E-01
 4.99942E-01
 4.99942E-01
 4.99942E-01
 4.99942E-01
 4.99942E-01
 4.99942E-01
 4.99942E-01
 4.99942E-01
 4.99942E-01
 4.99942E-01
 4.99941E-01
 4.99941E-01
 4.99941E-01
 4.99941E-01
 4.99941E-01
 4.99941E-01
 4.99941E-01
 4.99941E-01
 4.99941E-01
 4.99941E-01
 4.99941E-01
 4.99941E-01
 4.99941E-01
 4.99941E-01
 4.99941E-01
 4.99941E-01
 4.99941E-01
 4.99941E-01
 4.99941E-01
 4.99941E-01
 4.99941E-01
 4.99941E-01
 4.99941E-01
 4.99941E-01
 4.99941E-01
 4.99941E-01
 4.99941E-01
 4.99941E-01
 4.99941E-01
 4.99941E-01
 4.99941E-01
 4.99944E-01
 4.99944E-01
 4.99944E-01
 4.99944E-01
 4.99944E-01
 4.99944E-01
 4.99944E-01
 4.99944E-01
 4.99944E-01
 4.99944E-01
 4.99944E-01
 4.99944E-01
 4.99944E-01
 4.99944E-01
 4.99944E-01
 4.99944E-01
 4.99944E-01
 4.99944E-01
 4.99944E-01
 4.99944E-01
 4.99944E-01
 4.99944E-01
 4.99944E-01
 4.99944E-01
 4.99944E-01
 4.99944E-01
 4.99944E-01
 4.99944E-01
 4.99944E-01
 4.99943E-01
 4.99943E-01
 4.99943E-01
 4.99943E-01
 4.99943E-01
 4.99943E-01
 4.99943E-01
 4.99943E-01
 4.99943E-01
 4.99943E-01
 4.99943E-01
 4.99943E-01
 4.99943E-01
 4.99943E-01
 4.99943E-01
 4.99943E-01
 4.99943E-01
 4.99943E-01
 4.99943E-01
 4.99943E-01
 4.99943E-01
 4.99943E-01
 4.99943E-01
 4.99943E-01
 4.99943E-01
 4.99943E-01
 4.99943E-01
 4.99943E-01
 4.99943E-01
 4.99943E-01
 4.99942E-01
 4.99942E-01
 4.99942E-01
 4.99942E-01
 4.99942E-01
 4.99942E-01
 4.99942E-01
 4.99942E-01
 4.99942E-01
 4.99942E-01
 4.99942E-01
 4.99942E-01
 4.99942E-01
 4.99942E-01
 4.99942E-01
 4.99942E-01
 4.99942E-01
 4.99942E-01
 4.99942E-01
 4.99942E-01
 4.99942E-01
 4.99942E-01
 4.99942E-01
 4.99942E-01
 4.99942E-01
 4.99942E-01
 4.99942E-01
 4.99942E-01
 4.99942E-01
 4.99942E-01
 4.99942E-01
 4.99942E-01
 4.99942E-01
 4.99942E-01
 4.99942E-01
 4.99941E-01
 4.99941E-01
 4.99941E-01
 4.99941E-01
 4.99941E-01
 4.99941E-01
 4.99941E-01
 4.99941E-01
 4.99941E-01
 4.99941E-01
 4.99941E-01
 4.99941E-01
 4.99941E-01
 4.99941E-01
 4.99941E-01
 4.99941E-01
 4.99941E-01
 4.99941E-01
 4.99941E-01
 4.99941E-01
 4.99941E-01
 4.99941E-01
 4.99941E-01
 4.99941E-01
 4.99941E-01
 4.99941E-01
 4.99944E-01
 4.99944E-01
 4.99944E-01
 4.99944E-01
 4.99944E-01
 4.99944E-01
 4.99944E-01
 4.99944E-01
 4.99944E-01
 4.99944E-01
 4.99944E-01
 4.99944E-01
 4.99944E-01
 4.99944E-01
 4.99944E-01
 4.99944E-01
 4.99944E-01
 4.99944E-01
 4.99944E-01
 4.99944E-01
 4.99944E-01
 4.99944E-01
 4.99944E-01
 4.99944E-01
 4.99944E-01
 4.99944E-01
 4.99944E-01
 4.99944E-01
 4.99944E-01
 4.99944E-01
 4.99944E-01
 4.99944E-01
 4.99944E-01
 4.99944E-01
 4.99944E-01
 4.99944E-01
 4.99944E-01
 4.99944E-01
 4.99944E-01
 4.99943E-01
 4.99943E-01
 4.99943E-01
 4.99943E-01
 4.99943E-01
 4.99943E-01
 4.99943E-01
 4.99943E-01
 4.99943E-01
 4.99943E-01
 4.99943E-01
 4.99943E-01
 4.99943E-01
 4.99943E-01
 4.99943E-01
 4.99943E-01
 4.99943E-01
 4.99943E-01
 4.99943E-01
 4.99943E-01
 4.99943E-01
 4.99943E-01
 4.99943E-01
 4.99943E-01
 4.99942E-01
 4.99942E-01
 4.99942E-01
 4.99942E-01
 4.99942E-01
 4.99942E-01
 4.99942E-01
 4.99942E-01
 4.99942E-01
 4.99942E-01
 4.99942E-01
 4.99942E-01
 4.99942E-01
 4.99942E-01
 4.99942E-01
 4.99942E-01
 4.99942E-01
 4.99942E-01
 4.99942E-01
 4.99942E-01
 4.99942E-01
 4.99942E-01
 4.99942E-01
 4.99942E-01
 4.99942E-01
 4.99942E-01
 4.99942E-01
 4.99942E-01
 4.99942E-01
 4.99942E-01
 4.99942E-01
 4.99942E-01
 4.99942E-01
 4.99942E-01
 4.99942E-01
 4.99942E-01
 4.99941E-01
 4.99941E-01
 4.99941E-01
 4.99941E-01
 4.99941E-01
 4.99941E-01
 4.99941E-01
 4.99941E-01
 4.99941E-01
 4.99941E-01
 4.99941E-01
 4.99941E-01
 4.99941E-01
 4.99941E-01
 4.99941E-01
 4.99941E-01
 4.99941E-01
 4.99941E-01
 4.99941E-01
 4.99941E-01
 4.99941E-01
 4.99944E-01
 4.99944E-01
 4.99944E-01
 4.99944E-01
 4.99944E-01
 4.99944E-01
 4.99944E-01
 4.99944E-01
 4.99944E-01
 4.99944E-01
 4.99944E-01
 4.99944E-01
 4.99944E-01
 4.99944E-01
 4.99944E-01
 4.99944E-01
 4.99944E-01
 4.99944E-01
 4.99944E-01
 4.99944E-01
 4.99944E-01
 4.99944E-01
 4.99944E-01
 4.99944E-01
 4.99944E-01
 4.99944E-01
 4.99944E-01
 4.99944E-01
 4.99944E-01
 4.99944E-01
 4.99944E-01
 4.99944E-01
 4.99944E-01
 4.99944E-01
 4.99944E-01
 4.99944E-01
 4.99944E-01
 4.99944E-01
 4.99944E-01
 4.99944E-01
 4.99944E-01
 4.99944E-01
 4.99944E-01
 4.99944E-01
 4.99944E-01
 4.99943E-01
 4.99943E-01
 4.99943E-01
 4.99943E-01
 4.99943E-01
 4.99943E-01
 4.99943E-01
 4.99943E-01
 4.99943E-01
 4.99943E-01
 4.99943E-01
 4.99943E-01
 4.99943E-01
 4.99943E-01
 4.99943E-01
 4.99943E-01
 4.99943E-01
 4.99943E-01
 4.99943E-01
 4.99943E-01
 4.99943E-01
 4.99943E-01
 4.99942E-01
 4.99942E-01
 4.99942E-01
 4.99942E-01
 4.99942E-01
 4.99942E-01
 4.99942E-01
 4.99942E-01
 4.99942E-01
 4.99942E-01
 4.99942E-01
 4.99942E-01
 4.99942E-01
 4.99942E-01
 4.99942E-01
 4.99942E-01
 4.99942E-01
 4.99942E-01
 4.99942E-01
 4.99942E-01
 4.99942E-01
 4.99942E-01
 4.99942E-01
 4.99942E-01
 4.99942E-01
 4.99942E-01
 4.99942E-01
 4.99942E-01
 4.99942E-01
 4.99942E-01
 4.99942E-01
 4.99942E-01
 4.99942E-01
 4.99942E-01
 4.99942E-01
 4.99942E-01
 4.99942E-01
 4.99941E-01
 4.99941E-01
 4.99941E-01
 4.99941E-01
 4.99941E-01
 4.99941E-01
 4.99941E-01
 4.99941E-01
 4.99941E-01
 4.99941E-01
 4.99941E-01
 4.99941E-01
 4.99941E-01
 4.99941E-01
 4.99941E-01
 4.99941E-01
 4.99945E-01
 4.99945E-01
 4.99945E-01
 4.99945E-01
 4.99945E-01
 4.99945E-01
 4.99945E-01
 4.99945E-01
 4.99945E-01
 4.99945E-01
 4.99945E-01
 4.99945E-01
 4.99945E-01
 4.99945E-01
 4.99945E-01
 4.99945E-01
 4.99945E-01
 4.99945E-01
 4.99945E-01
 4.99945E-01
 4.99945E-01
 4.99945E-01
 4.99945E-01
 4.99945E-01
 4.99945E-01
 4.99945E-01
 4.99945E-01
 4.99945E-01
 4.99944E-01
 4.99944E-01
 4.99944E-01
 4.99944E-01
 4.99944E-01
 4.99944E-01
 4.99944E-01
 4.99944E-01
 4.99944E-01
 4.99944E-01
 4.99944E-01
 4.99944E-01
 4.99944E-01
 4.99944E-01
 4.99944E-01
 4.99944E-01
 4.99944E-01
 4.99944E-01
 4.99944E-01
 4.99944E-01
 4.99944E-01
 4.99943E-01
 4.99943E-01
 4.99943E-01
 4.99943E-01
 4.99943E-01
 4.99943E-01
 4.99943E-01
 4.99943E-01
 4.99943E-01
 4.99943E-01
 4.99943E-01
 4.99943E-01
 4.99943E-01
 4.99943E-01
 4.99943E-01
 4.99943E-01
 4.99943E-01
 4.99943E-01
 4.99943E-01
 4.99943E-01
 4.99943E-01
 4.99942E-01
 4.99942E-01
 4.99942E-01
 4.99942E-01
 4.99942E-01
 4.99942E-01
 4.99942E-01
 4.99942E-01
 4.99942E-01
 4.99942E-01
 4.99942E-01
 4.99942E-01
 4.99942E-01
 4.99942E-01
 4.99942E-01
 4.99942E-01
 4.99942E-01
 4.99942E-01
 4.99942E-01
 4.99942E-01
 4.99942E-01
 4.99942E-01
 4.99942E-01
 4.99942E-01
 4.99942E-01
 4.99942E-01
 4.99942E-01
 4.99942E-01
 4.99942E-01
 4.99942E-01
 4.99942E-01
 4.99942E-01
 4.99942E-01
 4.99942E-01
 4.99942E-01
 4.99942E-01
 4.99942E-01
 4.99942E-01
 4.99942E-01
 4.99942E-01
 4.99942E-01
 4.99942E-01
 4.99941E-01
 4.99941E-01
 4.99941E-01
 4.99941E-01
 4.99941E-01
 4.99941E-01
 4.99941E-01
 4.99941E-01
 4.99945E-01
 4.99945E-01
 4.99945E-01
 4.99945E-01
 4.99945E-01
 4.99945E-01
 4.99945E-01
 4.99945E-01
 4.99945E-01
 4.99945E-01
 4.99945E-01
 4.99945E-01
 4.99945E-01
 4.99945E-01
 4.99945E-01
 4.99945E-01
 4.99945E-01
 4.99945E-01
 4.99945E-01
 4.99945E-01
 4.99945E-01
 4.99945E-01
 4.99945E-01
 4.99945E-01
 4.99945E-01
 4.99945E-01
 4.99945E-01
 4.99945E-01
 4.99945E-01
 4.99945E-01
 4.99945E-01
 4.99945E-01
 4.99945E-01
 4.99945E-01
 4.99945E-01
 4.99944E-01
 4.99944E-01
 4.99944E-01
 4.99944E-01
 4.99944E-01
 4.99944E-01
 4.99944E-01
 4.99944E-01
 4.99944E-01
 4.99944E-01
 4.99944E-01
 4.99944E-01
 4.99944E-01
 4.99944E-01
 4.99944E-01
 4.99944E-01
 4.99944E-01
 4.99944E-01
 4.99943E-01
 4.99943E-01
 4.99943E-01
 4.99943E-01
 4.99943E-01
 4.99943E-01
 4.99943E-01
 4.99943E-01
 4.99943E-01
 4.99943E-01
 4.99943E-01
 4.99943E-01
 4.99943E-01
 4.99943E-01
 4.99943E-01
 4.99943E-01
 4.99943E-01
 4.99943E-01
 4.99943E-01
 4.99943E-01
 4.99942E-01
 4.99942E-01
 4.99942E-01
 4.99942E-01
 4.99942E-01
 4.99942E-01
 4.99942E-01
 4.99942E-01
 4.99942E-01
 4.99942E-01
 4.99942E-01
 4.99942E-01
 4.99942E-01
 4.99942E-01
 4.99942E-01
 4.99942E-01
 4.99942E-01
 4.99942E-01
 4.99942E-01
 4.99942E-01
 4.99942E-01
 4.99942E-01
 4.99942E-01
 4.99942E-01
 4.99942E-01
 4.99942E-01
 4.99942E-01
 4.99942E-01
 4.99942E-01
 4.99942E-01
 4.99942E-01
 4.99942E-01
 4.99942E-01
 4.99942E-01
 4.99942E-01
 4.99942E-01
 4.99942E-01
 4.99942E-01
 4.99942E-01
 4.99942E-01
 4.99942E-01
 4.99942E-01
 4.99942E-01
 4.99942E-01
 4.99942E-01
 4.99942E-01
 4.99942E-01
 4.99946E-01
 4.99946E-01
 4.99946E-01
 4.99946E-01
 4.99946E-01
 4.99946E-01
 4.99946E-01
 4.99946E-01
 4.99946E-01
 4.99946E-01
 4.99946E-01
 4.99946E-01
 4.99946E-01
 4.99946E-01
 4.99946E-01
 4.99946E-01
 4.99946E-01
 4.99946E-01
 4.99945E-01
 4.99945E-01
 4.99945E-01
 4.99945E-01
 4.99945E-01
 4.99945E-01
 4.99945E-01
 4.99945E-01
 4.99945E-01
 4.99945E-01
 4.99945E-01
 4.99945E-01
 4.99945E-01
 4.99945E-01
 4.99945E-01
 4.99945E-01
 4.99945E-01
 4.99945E-01
 4.99945E-01
 4.99945E-01
 4.99945E-01
 4.99944E-01
 4.99944E-01
 4.99944E-01
 4.99944E-01
 4.99944E-01
 4.99944E-01
 4.99944E-01
 4.99944E-01
 4.99944E-01
 4.99944E-01
 4.99944E-01
 4.99944E-01
 4.99944E-01
 4.99944E-01
 4.99944E-01
 4.99944E-01
 4.99944E-01
 4.99943E-01
 4.99943E-01
 4.99943E-01
 4.99943E-01
 4.99943E-01
 4.99943E-01
 4.99943E-01
 4.99943E-01
 4.99943E-01
 4.99943E-01
 4.99943E-01
 4.99943E-01
 4.99943E-01
 4.99943E-01
 4.99943E-01
 4.99943E-01
 4.99943E-01
 4.99943E-01
 4.99943E-01
 4.99942E-01
 4.99942E-01
 4.99942E-01
 4.99942E-01
 4.99942E-01
 4.99942E-01
 4.99942E-01
 4.99942E-01
 4.99942E-01
 4.99942E-01
 4.99942E-01
 4.99942E-01
 4.99942E-01
 4.99942E-01
 4.99942E-01
 4.99942E-01
 4.99942E-01
 4.99942E-01
 4.99942E-01
 4.99942E-01
 4.99942E-01
 4.99942E-01
 4.99942E-01
 4.99942E-01
 4.99942E-01
 4.99942E-01
 4.99942E-01
 4.99942E-01
 4.99942E-01
 4.99942E-01
 4.99942E-01
 4.99942E-01
 4.99942E-01
 4.99942E-01
 4.99942E-01
 4.99942E-01
 4.99942E-01
 4.99942E-01
 4.99942E-01
 4.99942E-01
 4.99942E-01
 4.99942E-01
 4.99942E-01
 4.99942E-01
 4.99942E-01
 4.99946E-01
 4.99946E-01
 4.99946E-01
 4.99946E-01
 4.99946E-01
 4.99946E-01
 4.99946E-01
 4.99946E-01
 4.99946E-01
 4.99946E-01
 4.99946E-01
 4.99946E-01
 4.99946E-01
 4.99946E-01
 4.99946E-01
 4.99946E-01
 4.99946E-01
 4.99946E-01
 4.99946E-01
 4.99946E-01
 4.99946E-01
 4.99946E-01
 4.99946E-01
 4.99946E-01
 4.99946E-01
 4.99946E-01
 4.99946E-01
 4.99945E-01
 4.99945E-01
 4.99945E-01
 4.99945E-01
 4.99945E-01
 4.99945E-01
 4.99945E-01
 4.99945E-01
 4.99945E-01
 4.99945E-01
 4.99945E-01
 4.99945E-01
 4.99945E-01
 4.99945E-01
 4.99945E-01
 4.99945E-01
 4.99944E-01
 4.99944E-01
 4.99944E-01
 4.99944E-01
 4.99944E-01
 4.99944E-01
 4.99944E-01
 4.99944E-01
 4.99944E-01
 4.99944E-01
 4.99944E-01
 4.99944E-01
 4.99944E-01
 4.99944E-01
 4.99944E-01
 4.99944E-01
 4.99943E-01
 4.99943E-01
 4.99943E-01
 4.99943E-01
 4.99943E-01
 4.99943E-01
 4.99943E-01
 4.99943E-01
 4.99943E-01
 4.99943E-01
 4.99943E-01
 4.99943E-01
 4.99943E-01
 4.99943E-01
 4.99943E-01
 4.99943E-01
 4.99943E-01
 4.99943E-01
 4.99943E-01
 4.99942E-01
 4.99942E-01
 4.99942E-01
 4.99942E-01
 4.99942E-01
 4.99942E-01
 4.99942E-01
 4.99942E-01
 4.99942E-01
 4.99942E-01
 4.99942E-01
 4.99942E-01
 4.99942E-01
 4.99942E-01
 4.99942E-01
 4.99942E-01
 4.99942E-01
 4.99942E-01
 4.99942E-01
 4.99942E-01
 4.99942E-01
 4.99942E-01
 4.99942E-01
 4.99942E-01
 4.99942E-01
 4.99942E-01
 4.99942E-01
 4.99942E-01
 4.99942E-01
 4.99942E-01
 4.99942E-01
 4.99942E-01
 4.99942E-01
 4.99942E-01
 4.99942E-01
 4.99942E-01
 4.99942E-01
 4.99942E-01
 4.99942E-01
 4.99942E-01
 4.99942E-01
 4.99942E-01
 4.99947E-01
 4.99947E-01
 4.99947E-01
 4.99947E-01
 4.99946E-01
 4.99946E-01
 4.99946E-01
 4.99946E-01
 4.99946E-01
 4.99946E-01
 4.99946E-01
 4.99946E-01
 4.99946E-01
 4.99946E-01
 4.99946E-01
 4.99946E-01
 4.99946E-01
 4.99946E-01
 4.99946E-01
 4.99946E-01
 4.99946E-01
 4.99946E-01
 4.99946E-01
 4.99946E-01
 4.99946E-01
 4.99946E-01
 4.99946E-01
 4.99946E-01
 4.99946E-01
 4.99946E-01
 4.99946E-01
 4.99946E-01
 4.99945E-01
 4.99945E-01
 4.99945E-01
 4.99945E-01
 4.99945E-01
 4.99945E-01
 4.99945E-01
 4.99945E-01
 4.99945E-01
 4.99945E-01
 4.99945E-01
 4.99945E-01
 4.99945E-01
 4.99945E-01
 4.99944E-01
 4.99944E-01
 4.99944E-01
 4.99944E-01
 4.99944E-01
 4.99944E-01
 4.99944E-01
 4.99944E-01
 4.99944E-01
 4.99944E-01
 4.99944E-01
 4.99944E-01
 4.99944E-01
 4.99944E-01
 4.99944E-01
 4.99943E-01
 4.99943E-01
 4.99943E-01
 4.99943E-01
 4.99943E-01
 4.99943E-01
 4.99943E-01
 4.99943E-01
 4.99943E-01
 4.99943E-01
 4.99943E-01
 4.99943E-01
 4.99943E-01
 4.99943E-01
 4.99943E-01
 4.99943E-01
 4.99943E-01
 4.99943E-01
 4.99943E-01
 4.99942E-01
 4.99942E-01
 4.99942E-01
 4.99942E-01
 4.99942E-01
 4.99942E-01
 4.99942E-01
 4.99942E-01
 4.99942E-01
 4.99942E-01
 4.99942E-01
 4.99942E-01
 4.99942E-01
 4.99942E-01
 4.99942E-01
 4.99942E-01
 4.99942E-01
 4.99942E-01
 4.99942E-01
 4.99942E-01
 4.99942E-01
 4.99942E-01
 4.99942E-01
 4.99942E-01
 4.99942E-01
 4.99942E-01
 4.99942E-01
 4.99942E-01
 4.99942E-01
 4.99942E-01
 4.99942E-01
 4.99942E-01
 4.99942E-01
 4.99942E-01
 4.99942E-01
 4.99942E-01
 4.99942E-01
 4.99942E-01
 4.99942E-01
 4.99942E-01
 4.99947E-01
 4.99947E-01
 4.99947E-01
 4.99947E-01
 4.99947E-01
 4.99947E-01
 4.99947E-01
 4.99947E-01
 4.99947E-01
 4.99947E-01
 4.99947E-01
 4.99947E-01
 4.99947E-01
 4.99947E-01
 4.99947E-01
 4.99947E-01
 4.99947E-01
 4.99947E-01
 4.99947E-01
 4.99947E-01
 4.99946E-01
 4.99946E-01
 4.99946E-01
 4.99946E-01
 4.99946E-01
 4.99946E-01
 4.99946E-01
 4.99946E-01
 4.99946E-01
 4.99946E-01
 4.99946E-01
 4.99946E-01
 4.99946E-01
 4.99946E-01
 4.99946E-01
 4.99946E-01
 4.99945E-01
 4.99945E-01
 4.99945E-01
 4.99945E-01
 4.99945E-01
 4.99945E-01
 4.99945E-01
 4.99945E-01
 4.99945E-01
 4.99945E-01
 4.99945E-01
 4.99945E-01
 4.99945E-01
 4.99944E-01
 4.99944E-01
 4.99944E-01
 4.99944E-01
 4.99944E-01
 4.99944E-01
 4.99944E-01
 4.99944E-01
 4.99944E-01
 4.99944E-01
 4.99944E-01
 4.99944E-01
 4.99944E-01
 4.99944E-01
 4.99943E-01
 4.99943E-01
 4.99943E-01
 4.99943E-01
 4.99943E-01
 4.99943E-01
 4.99943E-01
 4.99943E-01
 4.99943E-01
 4.99943E-01
 4.99943E-01
 4.99943E-01
 4.99943E-01
 4.99943E-01
 4.99943E-01
 4.99943E-01
 4.99943E-01
 4.99943E-01
 4.99943E-01
 4.99943E-01
 4.99942E-01
 4.99942E-01
 4.99942E-01
 4.99942E-01
 4.99942E-01
 4.99942E-01
 4.99942E-01
 4.99942E-01
 4.99942E-01
 4.99942E-01
 4.99942E-01
 4.99942E-01
 4.99942E-01
 4.99942E-01
 4.99942E-01
 4.99942E-01
 4.99942E-01
 4.99942E-01
 4.99942E-01
 4.99942E-01
 4.99942E-01
 4.99942E-01
 4.99942E-01
 4.99942E-01
 4.99942E-01
 4.99942E-01
 4.99942E-01
 4.99942E-01
 4.99942E-01
 4.99942E-01
 4.99942E-01
 4.99942E-01
 4.99942E-01
 4.99942E-01
 4.99942E-01
 4.99942E-01
 4.99942E-01
 4.99947E-01
 4.99947E-01
 4.99947E-01
 4.99947E-01
 4.99947E-01
 4.99947E-01
 4.99947E-01
 4.99947E-01
 4.99947E-01
 4.99947E-01
 4.99947E-01
 4.99947E-01
 4.99947E-01
 4.99947E-01
 4.99947E-01
 4.99947E-01
 4.99947E-01
 4.99947E-01
 4.99947E-01
 4.99947E-01
 4.99947E-01
 4.99947E-01
 4.99947E-01
 4.99947E-01
 4.99947E-01
 4.99947E-01
 4.99946E-01
 4.99946E-01
 4.99946E-01
 4.99946E-01
 4.99946E-01
 4.99946E-01
 4.99946E-01
 4.99946E-01
 4.99946E-01
 4.99946E-01
 4.99946E-01
 4.99946E-01
 4.99946E-01
 4.99945E-01
 4.99945E-01
 4.99945E-01
 4.99945E-01
 4.99945E-01
 4.99945E-01
 4.99945E-01
 4.99945E-01
 4.99945E-01
 4.99945E-01
 4.99945E-01
 4.99945E-01
 4.99944E-01
 4.99944E-01
 4.99944E-01
 4.99944E-01
 4.99944E-01
 4.99944E-01
 4.99944E-01
 4.99944E-01
 4.99944E-01
 4.99944E-01
 4.99944E-01
 4.99944E-01
 4.99944E-01
 4.99944E-01
 4.99943E-01
 4.99943E-01
 4.99943E-01
 4.99943E-01
 4.99943E-01
 4.99943E-01
 4.99943E-01
 4.99943E-01
 4.99943E-01
 4.99943E-01
 4.99943E-01
 4.99943E-01
 4.99943E-01
 4.99943E-01
 4.99943E-01
 4.99943E-01
 4.99943E-01
 4.99943E-01
 4.99943E-01
 4.99943E-01
 4.99942E-01
 4.99942E-01
 4.99942E-01
 4.99942E-01
 4.99942E-01
 4.99942E-01
 4.99942E-01
 4.99942E-01
 4.99942E-01
 4.99942E-01
 4.99942E-01
 4.99942E-01
 4.99942E-01
 4.99942E-01
 4.99942E-01
 4.99942E-01
 4.99942E-01
 4.99942E-01
 4.99942E-01
 4.99942E-01
 4.99942E-01
 4.99942E-01
 4.99942E-01
 4.99942E-01
 4.99942E-01
 4.99942E-01
 4.99942E-01
 4.99942E-01
 4.99942E-01
 4.99942E-01
 4.99942E-01
 4.99942E-01
 4.99942E-01
 4.99942E-01
 4.99942E-01
 4.99948E-01
 4.99948E-01
 4.99948E-01
 4.99948E-01
 4.99948E-01
 4.99948E-01
 4.99948E-01
 4.99948E-01
 4.99948E-01
 4.99948E-01
 4.99948E-01
 4.99948E-01
 4.99948E-01
 4.99947E-01
 4.99947E-01
 4.99947E-01
 4.99947E-01
 4.99947E-01
 4.99947E-01
 4.99947E-01
 4.99947E-01
 4.99947E-01
 4.99947E-01
 4.99947E-01
 4.99947E-01
 4.99947E-01
 4.99947E-01
 4.99947E-01
 4.99947E-01
 4.99947E-01
 4.99946E-01
 4.99946E-01
 4.99946E-01
 4.99946E-01
 4.99946E-01
 4.99946E-01
 4.99946E-01
 4.99946E-01
 4.99946E-01
 4.99946E-01
 4.99946E-01
 4.99946E-01
 4.99945E-01
 4.99945E-01
 4.99945E-01
 4.99945E-01
 4.99945E-01
 4.99945E-01
 4.99945E-01
 4.99945E-01
 4.99945E-01
 4.99945E-01
 4.99945E-01
 4.99945E-01
 4.99944E-01
 4.99944E-01
 4.99944E-01
 4.99944E-01
 4.99944E-01
 4.99944E-01
 4.99944E-01
 4.99944E-01
 4.99944E-01
 4.99944E-01
 4.99944E-01
 4.99944E-01
 4.99944E-01
 4.99943E-01
 4.99943E-01
 4.99943E-01
 4.99943E-01
 4.99943E-01
 4.99943E-01
 4.99943E-01
 4.99943E-01
 4.99943E-01
 4.99943E-01
 4.99943E-01
 4.99943E-01
 4.99943E-01
 4.99943E-01
 4.99943E-01
 4.99943E-01
 4.99943E-01
 4.99943E-01
 4.99943E-01
 4.99943E-01
 4.99942E-01
 4.99942E-01
 4.99942E-01
 4.99942E-01
 4.99942E-01
 4.99942E-01
 4.99942E-01
 4.99942E-01
 4.99942E-01
 4.99942E-01
 4.99942E-01
 4.99942E-01
 4.99942E-01
 4.99942E-01
 4.99942E-01
 4.99942E-01
 4.99942E-01
 4.99942E-01
 4.99942E-01
 4.99942E-01
 4.99942E-01
 4.99942E-01
 4.99942E-01
 4.99942E-01
 4.99942E-01
 4.99942E-01
 4.99942E-01
 4.99942E-01
 4.99942E-01
 4.99942E-01
 4.99942E-01
 4.99942E-01
 4.99942E-01
 4.99948E-01
 4.99948E-01
 4.99948E-01
 4.99948E-01
 4.99948E-01
 4.99948E-01
 4.99948E-01
 4.99948E-01
 4.99948E-01
 4.99948E-01
 4.99948E-01
 4.99948E-01
 4.99948E-01
 4.99948E-01
 4.99948E-01
 4.99948E-01
 4.99948E-01
 4.99948E-01
 4.99948E-01
 4.99948E-01
 4.99948E-01
 4.99947E-01
 4.99947E-01
 4.99947E-01
 4.99947E-01
 4.99947E-01
 4.99947E-01
 4.99947E-01
 4.99947E-01
 4.99947E-01
 4.99947E-01
 4.99947E-01
 4.99947E-01
 4.99947E-01
 4.99946E-01
 4.99946E-01
 4.99946E-01
 4.99946E-01
 4.99946E-01
 4.99946E-01
 4.99946E-01
 4.99946E-01
 4.99946E-01
 4.99946E-01
 4.99945E-01
 4.99945E-01
 4.99945E-01
 4.99945E-01
 4.99945E-01
 4.99945E-01
 4.99945E-01
 4.99945E-01
 4.99945E-01
 4.99945E-01
 4.99945E-01
 4.99945E-01
 4.99944E-01
 4.99944E-01
 4.99944E-01
 4.99944E-01
 4.99944E-01
 4.99944E-01
 4.99944E-01
 4.99944E-01
 4.99944E-01
 4.99944E-01
 4.99944E-01
 4.99944E-01
 4.99944E-01
 4.99943E-01
 4.99943E-01
 4.99943E-01
 4.99943E-01
 4.99943E-01
 4.99943E-01
 4.99943E-01
 4.99943E-01
 4.99943E-01
 4.99943E-01
 4.99943E-01
 4.99943E-01
 4.99943E-01
 4.99943E-01
 4.99943E-01
 4.99943E-01
 4.99943E-01
 4.99943E-01
 4.99943E-01
 4.99943E-01
 4.99942E-01
 4.99942E-01
 4.99942E-01
 4.99942E-01
 4.99942E-01
 4.99942E-01
 4.99942E-01
 4.99942E-01
 4.99942E-01
 4.99942E-01
 4.99942E-01
 4.99942E-01
 4.99942E-01
 4.99942E-01
 4.99942E-01
 4.99942E-01
 4.99942E-01
 4.99942E-01
 4.99942E-01
 4.99942E-01
 4.99942E-01
 4.99942E-01
 4.99942E-01
 4.99942E-01
 4.99942E-01
 4.99942E-01
 4.99942E-01
 4.99942E-01
 4.99942E-01
 4.99942E-01
 4.99942E-01
 4.99949E-01
 4.99949E-01
 4.99949E-01
 4.99949E-01
 4.99949E-01
 4.99948E-01
 4.99948E-01
 4.99948E-01
 4.99948E-01
 4.99948E-01
 4.99948E-01
 4.99948E-01
 4.99948E-01
 4.99948E-01
 4.99948E-01
 4.99948E-01
 4.99948E-01
 4.99948E-01
 4.99948E-01
 4.99948E-01
 4.99948E-01
 4.99948E-01
 4.99948E-01
 4.99948E-01
 4.99948E-01
 4.99947E-01
 4.99947E-01
 4.99947E-01
 4.99947E-01
 4.99947E-01
 4.99947E-01
 4.99947E-01
 4.99947E-01
 4.99947E-01
 4.99947E-01
 4.99947E-01
 4.99946E-01
 4.99946E-01
 4.99946E-01
 4.99946E-01
 4.99946E-01
 4.99946E-01
 4.99946E-01
 4.99946E-01
 4.99946E-01
 4.99946E-01
 4.99945E-01
 4.99945E-01
 4.99945E-01
 4.99945E-01
 4.99945E-01
 4.99945E-01
 4.99945E-01
 4.99945E-01
 4.99945E-01
 4.99945E-01
 4.99945E-01
 4.99945E-01
 4.99944E-01
 4.99944E-01
 4.99944E-01
 4.99944E-01
 4.99944E-01
 4.99944E-01
 4.99944E-01
 4.99944E-01
 4.99944E-01
 4.99944E-01
 4.99944E-01
 4.99944E-01
 4.99944E-01
 4.99943E-01
 4.99943E-01
 4.99943E-01
 4.99943E-01
 4.99943E-01
 4.99943E-01
 4.99943E-01
 4.99943E-01
 4.99943E-01
 4.99943E-01
 4.99943E-01
 4.99943E-01
 4.99943E-01
 4.99943E-01
 4.99943E-01
 4.99943E-01
 4.99943E-01
 4.99943E-01
 4.99943E-01
 4.99943E-01
 4.99942E-01
 4.99942E-01
 4.99942E-01
 4.99942E-01
 4.99942E-01
 4.99942E-01
 4.99942E-01
 4.99942E-01
 4.99942E-01
 4.99942E-01
 4.99942E-01
 4.99942E-01
 4.99942E-01
 4.99942E-01
 4.99942E-01
 4.99942E-01
 4.99942E-01
 4.99942E-01
 4.99942E-01
 4.99942E-01
 4.99942E-01
 4.99942E-01
 4.99942E-01
 4.99942E-01
 4.99942E-01
 4.99942E-01
 4.99942E-01
 4.99942E-01
 4.99942E-01
 4.99949E-01
 4.99949E-01
 4.99949E-01
 4.99949E-01
 4.99949E-01
 4.99949E-01
 4.99949E-01
 4.99949E-01
 4.99949E-01
 4.99949E-01
 4.99949E-01
 4.99949E-01
 4.99949E-01
 4.99949E-01
 4.99949E-01
 4.99949E-01
 4.99948E-01
 4.99948E-01
 4.99948E-01
 4.99948E-01
 4.99948E-01
 4.99948E-01
 4.99948E-01
 4.99948E-01
 4.99948E-01
 4.99948E-01
 4.99948E-01
 4.99948E-01
 4.99948E-01
 4.99947E-01
 4.99947E-01
 4.99947E-01
 4.99947E-01
 4.99947E-01
 4.99947E-01
 4.99947E-01
 4.99947E-01
 4.99947E-01
 4.99947E-01
 4.99946E-01
 4.99946E-01
 4.99946E-01
 4.99946E-01
 4.99946E-01
 4.99946E-01
 4.99946E-01
 4.99946E-01
 4.99946E-01
 4.99945E-01
 4.99945E-01
 4.99945E-01
 4.99945E-01
 4.99945E-01
 4.99945E-01
 4.99945E-01
 4.99945E-01
 4.99945E-01
 4.99945E-01
 4.99945E-01
 4.99944E-01
 4.99944E-01
 4.99944E-01
 4.99944E-01
 4.99944E-01
 4.99944E-01
 4.99944E-01
 4.99944E-01
 4.99944E-01
 4.99944E-01
 4.99944E-01
 4.99944E-01
 4.99944E-01
 4.99944E-01
 4.99943E-01
 4.99943E-01
 4.99943E-01
 4.99943E-01
 4.99943E-01
 4.99943E-01
 4.99943E-01
 4.99943E-01
 4.99943E-01
 4.99943E-01
 4.99943E-01
 4.99943E-01
 4.99943E-01
 4.99943E-01
 4.99943E-01
 4.99943E-01
 4.99943E-01
 4.99943E-01
 4.99943E-01
 4.99943E-01
 4.99943E-01
 4.99942E-01
 4.99942E-01
 4.99942E-01
 4.99942E-01
 4.99942E-01
 4.99942E-01
 4.99942E-01
 4.99942E-01
 4.99942E-01
 4.99942E-01
 4.99942E-01
 4.99942E-01
 4.99942E-01
 4.99942E-01
 4.99942E-01
 4.99942E-01
 4.99942E-01
 4.99942E-01
 4.99942E-01
 4.99942E-01
 4.99942E-01
 4.99942E-01
 4.99942E-01
 4.99942E-01
 4.99942E-01
 4.99942E-01
 4.99949E-01
 4.99949E-01
 4.99949E-01
 4.99949E-01
 4.99949E-01
 4.99949E-01
 4.99949E-01
 4.99949E-01
 4.99949E-01
 4.99949E-01
 4.99949E-01
 4.99949E-01
 4.99949E-01
 4.99949E-01
 4.99949E-01
 4.99949E-01
 4.99949E-01
 4.99949E-01
 4.99949E-01
 4.99949E-01
 4.99949E-01
 4.99948E-01
 4.99948E-01
 4.99948E-01
 4.99948E-01
 4.99948E-01
 4.99948E-01
 4.99948E-01
 4.99948E-01
 4.99948E-01
 4.99948E-01
 4.99948E-01
 4.99947E-01
 4.99947E-01
 4.99947E-01
 4.99947E-01
 4.99947E-01
 4.99947E-01
 4.99947E-01
 4.99947E-01
 4.99947E-01
 4.99946E-01
 4.99946E-01
 4.99946E-01
 4.99946E-01
 4.99946E-01
 4.99946E-01
 4.99946E-01
 4.99946E-01
 4.99946E-01
 4.99945E-01
 4.99945E-01
 4.99945E-01
 4.99945E-01
 4.99945E-01
 4.99945E-01
 4.99945E-01
 4.99945E-01
 4.99945E-01
 4.99945E-01
 4.99945E-01
 4.99944E-01
 4.99944E-01
 4.99944E-01
 4.99944E-01
 4.99944E-01
 4.99944E-01
 4.99944E-01
 4.99944E-01
 4.99944E-01
 4.99944E-01
 4.99944E-01
 4.99944E-01
 4.99944E-01
 4.99943E-01
 4.99943E-01
 4.99943E-01
 4.99943E-01
 4.99943E-01
 4.99943E-01
 4.99943E-01
 4.99943E-01
 4.99943E-01
 4.99943E-01
 4.99943E-01
 4.99943E-01
 4.99943E-01
 4.99943E-01
 4.99943E-01
 4.99943E-01
 4.99943E-01
 4.99943E-01
 4.99943E-01
 4.99943E-01
 4.99943E-01
 4.99943E-01
 4.99942E-01
 4.99942E-01
 4.99942E-01
 4.99942E-01
 4.99942E-01
 4.99942E-01
 4.99942E-01
 4.99942E-01
 4.99942E-01
 4.99942E-01
 4.99942E-01
 4.99942E-01
 4.99942E-01
 4.99942E-01
 4.99942E-01
 4.99942E-01
 4.99942E-01
 4.99942E-01
 4.99942E-01
 4.99942E-01
 4.99942E-01
 4.99942E-01
 4.99942E-01
 4.99942E-01
 4.99950E-01
 4.99950E-01
 4.99950E-01
 4.99950E-01
 4.99950E-01
 4.99950E-01
 4.99950E-01
 4.99950E-01
 4.99950E-01
 4.99950E-01
 4.99950E-01
 4.99949E-01
 4.99949E-01
 4.99949E-01
 4.99949E-01
 4.99949E-01
 4.99949E-01
 4.99949E-01
 4.99949E-01
 4.99949E-01
 4.99949E-01
 4.99949E-01
 4.99949E-01
 4.99949E-01
 4.99949E-01
 4.99948E-01
 4.99948E-01
 4.99948E-01
 4.99948E-01
 4.99948E-01
 4.99948E-01
 4.99948E-01
 4.99948E-01
 4.99948E-01
 4.99947E-01
 4.99947E-01
 4.99947E-01
 4.99947E-01
 4.99947E-01
 4.99947E-01
 4.99947E-01
 4.99947E-01
 4.99947E-01
 4.99946E-01
 4.99946E-01
 4.99946E-01
 4.99946E-01
 4.99946E-01
 4.99946E-01
 4.99946E-01
 4.99946E-01
 4.99946E-01
 4.99945E-01
 4.99945E-01
 4.99945E-01
 4.99945E-01
 4.99945E-01
 4.99945E-01
 4.99945E-01
 4.99945E-01
 4.99945E-01
 4.99945E-01
 4.99944E-01
 4.99944E-01
 4.99944E-01
 4.99944E-01
 4.99944E-01
 4.99944E-01
 4.99944E-01
 4.99944E-01
 4.99944E-01
 4.99944E-01
 4.99944E-01
 4.99944E-01
 4.99944E-01
 4.99944E-01
 4.99943E-01
 4.99943E-01
 4.99943E-01
 4.99943E-01
 4.99943E-01
 4.99943E-01
 4.99943E-01
 4.99943E-01
 4.99943E-01
 4.99943E-01
 4.99943E-01
 4.99943E-01
 4.99943E-01
 4.99943E-01
 4.99943E-01
 4.99943E-01
 4.99943E-01
 4.99943E-01
 4.99943E-01
 4.99943E-01
 4.99943E-01
 4.99943E-01
 4.99942E-01
 4.99942E-01
 4.99942E-01
 4.99942E-01
 4.99942E-01
 4.99942E-01
 4.99942E-01
 4.99942E-01
 4.99942E-01
 4.99942E-01
 4.99942E-01
 4.99942E-01
 4.99942E-01
 4.99942E-01
 4.99942E-01
 4.99942E-01
 4.99942E-01
 4.99942E-01
 4.99942E-01
 4.99942E-01
 4.99942E-01
 4.99942E-01
 4.99950E-01
 4.99950E-01
 4.99950E-01
 4.99950E-01
 4.99950E-01
 4.99950E-01
 4.99950E-01
 4.99950E-01
 4.99950E-01
 4.99950E-01
 4.99950E-01
 4.99950E-01
 4.99950E-01
 4.99950E-01
 4.99950E-01
 4.99950E-01
 4.99950E-01
 4.99949E-01
 4.99949E-01
 4.99949E-01
 4.99949E-01
 4.99949E-01
 4.99949E-01
 4.99949E-01
 4.99949E-01
 4.99949E-01
 4.99949E-01
 4.99949E-01
 4.99948E-01
 4.99948E-01
 4.99948E-01
 4.99948E-01
 4.99948E-01
 4.99948E-01
 4.99948E-01
 4.99948E-01
 4.99947E-01
 4.99947E-01
 4.99947E-01
 4.99947E-01
 4.99947E-01
 4.99947E-01
 4.99947E-01
 4.99947E-01
 4.99946E-01
 4.99946E-01
 4.99946E-01
 4.99946E-01
 4.99946E-01
 4.99946E-01
 4.99946E-01
 4.99946E-01
 4.99946E-01
 4.99945E-01
 4.99945E-01
 4.99945E-01
 4.99945E-01
 4.99945E-01
 4.99945E-01
 4.99945E-01
 4.99945E-01
 4.99945E-01
 4.99945E-01
 4.99945E-01
 4.99944E-01
 4.99944E-01
 4.99944E-01
 4.99944E-01
 4.99944E-01
 4.99944E-01
 4.99944E-01
 4.99944E-01
 4.99944E-01
 4.99944E-01
 4.99944E-01
 4.99944E-01
 4.99944E-01
 4.99943E-01
 4.99943E-01
 4.99943E-01
 4.99943E-01
 4.99943E-01
 4.99943E-01
 4.99943E-01
 4.99943E-01
 4.99943E-01
 4.99943E-01
 4.99943E-01
 4.99943E-01
 4.99943E-01
 4.99943E-01
 4.99943E-01
 4.99943E-01
 4.99943E-01
 4.99943E-01
 4.99943E-01
 4.99943E-01
 4.99943E-01
 4.99943E-01
 4.99943E-01
 4.99942E-01
 4.99942E-01
 4.99942E-01
 4.99942E-01
 4.99942E-01
 4.99942E-01
 4.99942E-01
 4.99942E-01
 4.99942E-01
 4.99942E-01
 4.99942E-01
 4.99942E-01
 4.99942E-01
 4.99942E-01
 4.99942E-01
 4.99942E-01
 4.99942E-01
 4.99942E-01
 4.99942E-01
 4.99942E-01
 4.99951E-01
 4.99951E-01
 4.99951E-01
 4.99951E-01
 4.99951E-01
 4.99950E-01
 4.99950E-01
 4.99950E-01
 4.99950E-01
 4.99950E-01
 4.99950E-01
 4.99950E-01
 4.99950E-01
 4.99950E-01
 4.99950E-01
 4.99950E-01
 4.99950E-01
 4.99950E-01
 4.99950E-01
 4.99950E-01
 4.99950E-01
 4.99949E-01
 4.99949E-01
 4.99949E-01
 4.99949E-01
 4.99949E-01
 4.99949E-01
 4.99949E-01
 4.99949E-01
 4.99949E-01
 4.99948E-01
 4.99948E-01
 4.99948E-01
 4.99948E-01
 4.99948E-01
 4.99948E-01
 4.99948E-01
 4.99948E-01
 4.99947E-01
 4.99947E-01
 4.99947E-01
 4.99947E-01
 4.99947E-01
 4.99947E-01
 4.99947E-01
 4.99947E-01
 4.99946E-01
 4.99946E-01
 4.99946E-01
 4.99946E-01
 4.99946E-01
 4.99946E-01
 4.99946E-01
 4.99946E-01
 4.99946E-01
 4.99945E-01
 4.99945E-01
 4.99945E-01
 4.99945E-01
 4.99945E-01
 4.99945E-01
 4.99945E-01
 4.99945E-01
 4.99945E-01
 4.99945E-01
 4.99944E-01
 4.99944E-01
 4.99944E-01
 4.99944E-01
 4.99944E-01
 4.99944E-01
 4.99944E-01
 4.99944E-01
 4.99944E-01
 4.99944E-01
 4.99944E-01
 4.99944E-01
 4.99944E-01
 4.99943E-01
 4.99943E-01
 4.99943E-01
 4.99943E-01
 4.99943E-01
 4.99943E-01
 4.99943E-01
 4.99943E-01
 4.99943E-01
 4.99943E-01
 4.99943E-01
 4.99943E-01
 4.99943E-01
 4.99943E-01
 4.99943E-01
 4.99943E-01
 4.99943E-01
 4.99943E-01
 4.99943E-01
 4.99943E-01
 4.99943E-01
 4.99943E-01
 4.99943E-01
 4.99943E-01
 4.99942E-01
 4.99942E-01
 4.99942E-01
 4.99942E-01
 4.99942E-01
 4.99942E-01
 4.99942E-01
 4.99942E-01
 4.99942E-01
 4.99942E-01
 4.99942E-01
 4.99942E-01
 4.99942E-01
 4.99942E-01
 4.99942E-01
 4.99942E-01
 4.99942E-01
 4.99942E-01
 4.99951E-01
 4.99951E-01
 4.99951E-01
 4.99951E-01
 4.99951E-01
 4.99951E-01
 4.99951E-01
 4.99951E-01
 4.99951E-01
 4.99951E-01
 4.99951E-01
 4.99951E-01
 4.99951E-01
 4.99951E-01
 4.99950E-01
 4.99950E-01
 4.99950E-01
 4.99950E-01
 4.99950E-01
 4.99950E-01
 4.99950E-01
 4.99950E-01
 4.99950E-01
 4.99950E-01
 4.99949E-01
 4.99949E-01
 4.99949E-01
 4.99949E-01
 4.99949E-01
 4.99949E-01
 4.99949E-01
 4.99949E-01
 4.99948E-01
 4.99948E-01
 4.99948E-01
 4.99948E-01
 4.99948E-01
 4.99948E-01
 4.99948E-01
 4.99948E-01
 4.99947E-01
 4.99947E-01
 4.99947E-01
 4.99947E-01
 4.99947E-01
 4.99947E-01
 4.99947E-01
 4.99946E-01
 4.99946E-01
 4.99946E-01
 4.99946E-01
 4.99946E-01
 4.99946E-01
 4.99946E-01
 4.99946E-01
 4.99946E-01
 4.99945E-01
 4.99945E-01
 4.99945E-01
 4.99945E-01
 4.99945E-01
 4.99945E-01
 4.99945E-01
 4.99945E-01
 4.99945E-01
 4.99945E-01
 4.99944E-01
 4.99944E-01
 4.99944E-01
 4.99944E-01
 4.99944E-01
 4.99944E-01
 4.99944E-01
 4.99944E-01
 4.99944E-01
 4.99944E-01
 4.99944E-01
 4.99944E-01
 4.99944E-01
 4.99944E-01
 4.99943E-01
 4.99943E-01
 4.99943E-01
 4.99943E-01
 4.99943E-01
 4.99943E-01
 4.99943E-01
 4.99943E-01
 4.99943E-01
 4.99943E-01
 4.99943E-01
 4.99943E-01
 4.99943E-01
 4.99943E-01
 4.99943E-01
 4.99943E-01
 4.99943E-01
 4.99943E-01
 4.99943E-01
 4.99943E-01
 4.99943E-01
 4.99943E-01
 4.99943E-01
 4.99943E-01
 4.99942E-01
 4.99942E-01
 4.99942E-01
 4.99942E-01
 4.99942E-01
 4.99942E-01
 4.99942E-01
 4.99942E-01
 4.99942E-01
 4.99942E-01
 4.99942E-01
 4.99942E-01
 4.99942E-01
 4.99942E-01
 4.99942E-01
 4.99942E-01
 4.99951E-01
 4.99951E-01
 4.99951E-01
 4.99951E-01
 4.99951E-01
 4.99951E-01
 4.99951E-01
 4.99951E-01
 4.99951E-01
 4.99951E-01
 4.99951E-01
 4.99951E-01
 4.99951E-01
 4.99951E-01
 4.99951E-01
 4.99951E-01
 4.99951E-01
 4.99951E-01
 4.99950E-01
 4.99950E-01
 4.99950E-01
 4.99950E-01
 4.99950E-01
 4.99950E-01
 4.99950E-01
 4.99950E-01
 4.99950E-01
 4.99949E-01
 4.99949E-01
 4.99949E-01
 4.99949E-01
 4.99949E-01
 4.99949E-01
 4.99949E-01
 4.99948E-01
 4.99948E-01
 4.99948E-01
 4.99948E-01
 4.99948E-01
 4.99948E-01
 4.99948E-01
 4.99947E-01
 4.99947E-01
 4.99947E-01
 4.99947E-01
 4.99947E-01
 4.99947E-01
 4.99947E-01
 4.99947E-01
 4.99946E-01
 4.99946E-01
 4.99946E-01
 4.99946E-01
 4.99946E-01
 4.99946E-01
 4.99946E-01
 4.99946E-01
 4.99945E-01
 4.99945E-01
 4.99945E-01
 4.99945E-01
 4.99945E-01
 4.99945E-01
 4.99945E-01
 4.99945E-01
 4.99945E-01
 4.99945E-01
 4.99944E-01
 4.99944E-01
 4.99944E-01
 4.99944E-01
 4.99944E-01
 4.99944E-01
 4.99944E-01
 4.99944E-01
 4.99944E-01
 4.99944E-01
 4.99944E-01
 4.99944E-01
 4.99944E-01
 4.99944E-01
 4.99943E-01
 4.99943E-01
 4.99943E-01
 4.99943E-01
 4.99943E-01
 4.99943E-01
 4.99943E-01
 4.99943E-01
 4.99943E-01
 4.99943E-01
 4.99943E-01
 4.99943E-01
 4.99943E-01
 4.99943E-01
 4.99943E-01
 4.99943E-01
 4.99943E-01
 4.99943E-01
 4.99943E-01
 4.99943E-01
 4.99943E-01
 4.99943E-01
 4.99943E-01
 4.99943E-01
 4.99943E-01
 4.99943E-01
 4.99942E-01
 4.99942E-01
 4.99942E-01
 4.99942E-01
 4.99942E-01
 4.99942E-01
 4.99942E-01
 4.99942E-01
 4.99942E-01
 4.99942E-01
 4.99942E-01
 4.99942E-01
 4.99942E-01
 4.99952E-01
 4.99952E-01
 4.99952E-01
 4.99952E-01
 4.99952E-01
 4.99952E-01
 4.99952E-01
 4.99952E-01
 4.99952E-01
 4.99951E-01
 4.99951E-01
 4.99951E-01
 4.99951E-01
 4.99951E-01
 4.99951E-01
 4.99951E-01
 4.99951E-01
 4.99951E-01
 4.99951E-01
 4.99951E-01
 4.99951E-01
 4.99950E-01
 4.99950E-01
 4.99950E-01
 4.99950E-01
 4.99950E-01
 4.99950E-01
 4.99950E-01
 4.99950E-01
 4.99949E-01
 4.99949E-01
 4.99949E-01
 4.99949E-01
 4.99949E-01
 4.99949E-01
 4.99949E-01
 4.99948E-01
 4.99948E-01
 4.99948E-01
 4.99948E-01
 4.99948E-01
 4.99948E-01
 4.99947E-01
 4.99947E-01
 4.99947E-01
 4.99947E-01
 4.99947E-01
 4.99947E-01
 4.99947E-01
 4.99947E-01
 4.99946E-01
 4.99946E-01
 4.99946E-01
 4.99946E-01
 4.99946E-01
 4.99946E-01
 4.99946E-01
 4.99946E-01
 4.99945E-01
 4.99945E-01
 4.99945E-01
 4.99945E-01
 4.99945E-01
 4.99945E-01
 4.99945E-01
 4.99945E-01
 4.99945E-01
 4.99945E-01
 4.99944E-01
 4.99944E-01
 4.99944E-01
 4.99944E-01
 4.99944E-01
 4.99944E-01
 4.99944E-01
 4.99944E-01
 4.99944E-01
 4.99944E-01
 4.99944E-01
 4.99944E-01
 4.99944E-01
 4.99944E-01
 4.99943E-01
 4.99943E-01
 4.99943E-01
 4.99943E-01
 4.99943E-01
 4.99943E-01
 4.99943E-01
 4.99943E-01
 4.99943E-01
 4.99943E-01
 4.99943E-01
 4.99943E-01
 4.99943E-01
 4.99943E-01
 4.99943E-01
 4.99943E-01
 4.99943E-01
 4.99943E-01
 4.99943E-01
 4.99943E-01
 4.99943E-01
 4.99943E-01
 4.99943E-01
 4.99943E-01
 4.99943E-01
 4.99943E-01
 4.99943E-01
 4.99943E-01
 4.99942E-01
 4.99942E-01
 4.99942E-01
 4.99942E-01
 4.99942E-01
 4.99942E-01
 4.99942E-01
 4.99942E-01
 4.99942E-01
 4.99942E-01
 4.99952E-01
 4.99952E-01
 4.99952E-01
 4.99952E-01
 4.99952E-01
 4.99952E-01
 4.99952E-01
 4.99952E-01
 4.99952E-01
 4.99952E-01
 4.99952E-01
 4.99952E-01
 4.99952E-01
 4.99952E-01
 4.99952E-01
 4.99951E-01
 4.99951E-01
 4.99951E-01
 4.99951E-01
 4.99951E-01
 4.99951E-01
 4.99951E-01
 4.99951E-01
 4.99951E-01
 4.99950E-01
 4.99950E-01
 4.99950E-01
 4.99950E-01
 4.99950E-01
 4.99950E-01
 4.99949E-01
 4.99949E-01
 4.99949E-01
 4.99949E-01
 4.99949E-01
 4.99949E-01
 4.99949E-01
 4.99948E-01
 4.99948E-01
 4.99948E-01
 4.99948E-01
 4.99948E-01
 4.99948E-01
 4.99948E-01
 4.99947E-01
 4.99947E-01
 4.99947E-01
 4.99947E-01
 4.99947E-01
 4.99947E-01
 4.99947E-01
 4.99946E-01
 4.99946E-01
 4.99946E-01
 4.99946E-01
 4.99946E-01
 4.99946E-01
 4.99946E-01
 4.99946E-01
 4.99945E-01
 4.99945E-01
 4.99945E-01
 4.99945E-01
 4.99945E-01
 4.99945E-01
 4.99945E-01
 4.99945E-01
 4.99945E-01
 4.99945E-01
 4.99945E-01
 4.99944E-01
 4.99944E-01
 4.99944E-01
 4.99944E-01
 4.99944E-01
 4.99944E-01
 4.99944E-01
 4.99944E-01
 4.99944E-01
 4.99944E-01
 4.99944E-01
 4.99944E-01
 4.99944E-01
 4.99943E-01
 4.99943E-01
 4.99943E-01
 4.99943E-01
 4.99943E-01
 4.99943E-01
 4.99943E-01
 4.99943E-01
 4.99943E-01
 4.99943E-01
 4.99943E-01
 4.99943E-01
 4.99943E-01
 4.99943E-01
 4.99943E-01
 4.99943E-01
 4.99943E-01
 4.99943E-01
 4.99943E-01
 4.99943E-01
 4.99943E-01
 4.99943E-01
 4.99943E-01
 4.99943E-01
 4.99943E-01
 4.99943E-01
 4.99943E-01
 4.99943E-01
 4.99943E-01
 4.99943E-01
 4.99942E-01
 4.99942E-01
 4.99942E-01
 4.99942E-01
 4.99942E-01
 4.99942E-01
 4.99942E-01
 4.99953E-01
 4.99953E-01
 4.99952E-01
 4.99952E-01
 4.99952E-01
 4.99952E-01
 4.99952E-01
 4.99952E-01
 4.99952E-01
 4.99952E-01
 4.99952E-01
 4.99952E-01
 4.99952E-01
 4.99952E-01
 4.99952E-01
 4.99952E-01
 4.99952E-01
 4.99952E-01
 4.99951E-01
 4.99951E-01
 4.99951E-01
 4.99951E-01
 4.99951E-01
 4.99951E-01
 4.99951E-01
 4.99951E-01
 4.99950E-01
 4.99950E-01
 4.99950E-01
 4.99950E-01
 4.99950E-01
 4.99950E-01
 4.99949E-01
 4.99949E-01
 4.99949E-01
 4.99949E-01
 4.99949E-01
 4.99949E-01
 4.99948E-01
 4.99948E-01
 4.99948E-01
 4.99948E-01
 4.99948E-01
 4.99948E-01
 4.99948E-01
 4.99947E-01
 4.99947E-01
 4.99947E-01
 4.99947E-01
 4.99947E-01
 4.99947E-01
 4.99947E-01
 4.99946E-01
 4.99946E-01
 4.99946E-01
 4.99946E-01
 4.99946E-01
 4.99946E-01
 4.99946E-01
 4.99946E-01
 4.99945E-01
 4.99945E-01
 4.99945E-01
 4.99945E-01
 4.99945E-01
 4.99945E-01
 4.99945E-01
 4.99945E-01
 4.99945E-01
 4.99945E-01
 4.99944E-01
 4.99944E-01
 4.99944E-01
 4.99944E-01
 4.99944E-01
 4.99944E-01
 4.99944E-01
 4.99944E-01
 4.99944E-01
 4.99944E-01
 4.99944E-01
 4.99944E-01
 4.99944E-01
 4.99944E-01
 4.99943E-01
 4.99943E-01
 4.99943E-01
 4.99943E-01
 4.99943E-01
 4.99943E-01
 4.99943E-01
 4.99943E-01
 4.99943E-01
 4.99943E-01
 4.99943E-01
 4.99943E-01
 4.99943E-01
 4.99943E-01
 4.99943E-01
 4.99943E-01
 4.99943E-01
 4.99943E-01
 4.99943E-01
 4.99943E-01
 4.99943E-01
 4.99943E-01
 4.99943E-01
 4.99943E-01
 4.99943E-01
 4.99943E-01
 4.99943E-01
 4.99943E-01
 4.99943E-01
 4.99943E-01
 4.99943E-01
 4.99943E-01
 4.99943E-01
 4.99943E-01
 4.99943E-01
 4.99943E-01
 4.99953E-01
 4.99953E-01
 4.99953E-01
 4.99953E-01
 4.99953E-01
 4.99953E-01
 4.99953E-01
 4.99953E-01
 4.99953E-01
 4.99953E-01
 4.99953E-01
 4.99952E-01
 4.99952E-01
 4.99952E-01
 4.99952E-01
 4.99952E-01
 4.99952E-01
 4.99952E-01
 4.99952E-01
 4.99952E-01
 4.99952E-01
 4.99951E-01
 4.99951E-01
 4.99951E-01
 4.99951E-01
 4.99951E-01
 4.99951E-01
 4.99950E-01
 4.99950E-01
 4.99950E-01
 4.99950E-01
 4.99950E-01
 4.99950E-01
 4.99949E-01
 4.99949E-01
 4.99949E-01
 4.99949E-01
 4.99949E-01
 4.99949E-01
 4.99949E-01
 4.99948E-01
 4.99948E-01
 4.99948E-01
 4.99948E-01
 4.99948E-01
 4.99948E-01
 4.99947E-01
 4.99947E-01
 4.99947E-01
 4.99947E-01
 4.99947E-01
 4.99947E-01
 4.99947E-01
 4.99946E-01
 4.99946E-01
 4.99946E-01
 4.99946E-01
 4.99946E-01
 4.99946E-01
 4.99946E-01
 4.99946E-01
 4.99945E-01
 4.99945E-01
 4.99945E-01
 4.99945E-01
 4.99945E-01
 4.99945E-01
 4.99945E-01
 4.99945E-01
 4.99945E-01
 4.99945E-01
 4.99944E-01
 4.99944E-01
 4.99944E-01
 4.99944E-01
 4.99944E-01
 4.99944E-01
 4.99944E-01
 4.99944E-01
 4.99944E-01
 4.99944E-01
 4.99944E-01
 4.99944E-01
 4.99944E-01
 4.99944E-01
 4.99943E-01
 4.99943E-01
 4.99943E-01
 4.99943E-01
 4.99943E-01
 4.99943E-01
 4.99943E-01
 4.99943E-01
 4.99943E-01
 4.99943E-01
 4.99943E-01
 4.99943E-01
 4.99943E-01
 4.99943E-01
 4.99943E-01
 4.99943E-01
 4.99943E-01
 4.99943E-01
 4.99943E-01
 4.99943E-01
 4.99943E-01
 4.99943E-01
 4.99943E-01
 4.99943E-01
 4.99943E-01
 4.99943E-01
 4.99943E-01
 4.99943E-01
 4.99943E-01
 4.99943E-01
 4.99943E-01
 4.99943E-01
 4.99943E-01
 4.99943E-01
 4.99943E-01
 4.99953E-01
 4.99953E-01
 4.99953E-01
 4.99953E-01
 4.99953E-01
 4.99953E-01
 4.99953E-01
 4.99953E-01
 4.99953E-01
 4.99953E-01
 4.99953E-01
 4.99953E-01
 4.99953E-01
 4.99953E-01
 4.99953E-01
 4.99952E-01
 4.99952E-01
 4.99952E-01
 4.99952E-01
 4.99952E-01
 4.99952E-01
 4.99952E-01
 4.99952E-01
 4.99951E-01
 4.99951E-01
 4.99951E-01
 4.99951E-01
 4.99951E-01
 4.99951E-01
 4.99950E-01
 4.99950E-01
 4.99950E-01
 4.99950E-01
 4.99950E-01
 4.99950E-01
 4.99949E-01
 4.99949E-01
 4.99949E-01
 4.99949E-01
 4.99949E-01
 4.99949E-01
 4.99948E-01
 4.99948E-01
 4.99948E-01
 4.99948E-01
 4.99948E-01
 4.99948E-01
 4.99947E-01
 4.99947E-01
 4.99947E-01
 4.99947E-01
 4.99947E-01
 4.99947E-01
 4.99947E-01
 4.99946E-01
 4.99946E-01
 4.99946E-01
 4.99946E-01
 4.99946E-01
 4.99946E-01
 4.99946E-01
 4.99946E-01
 4.99945E-01
 4.99945E-01
 4.99945E-01
 4.99945E-01
 4.99945E-01
 4.99945E-01
 4.99945E-01
 4.99945E-01
 4.99945E-01
 4.99945E-01
 4.99944E-01
 4.99944E-01
 4.99944E-01
 4.99944E-01
 4.99944E-01
 4.99944E-01
 4.99944E-01
 4.99944E-01
 4.99944E-01
 4.99944E-01
 4.99944E-01
 4.99944E-01
 4.99944E-01
 4.99944E-01
 4.99943E-01
 4.99943E-01
 4.99943E-01
 4.99943E-01
 4.99943E-01
 4.99943E-01
 4.99943E-01
 4.99943E-01
 4.99943E-01
 4.99943E-01
 4.99943E-01
 4.99943E-01
 4.99943E-01
 4.99943E-01
 4.99943E-01
 4.99943E-01
 4.99943E-01
 4.99943E-01
 4.99943E-01
 4.99943E-01
 4.99943E-01
 4.99943E-01
 4.99943E-01
 4.99943E-01
 4.99943E-01
 4.99943E-01
 4.99943E-01
 4.99943E-01
 4.99943E-01
 4.99943E-01
 4.99943E-01
 4.99943E-01
 4.99943E-01
 4.99943E-01
 4.99954E-01
 4.99954E-01
 4.99954E-01
 4.99954E-01
 4.99954E-01
 4.99954E-01
 4.99953E-01
 4.99953E-01
 4.99953E-01
 4.99953E-01
 4.99953E-01
 4.99953E-01
 4.99953E-01
 4.99953E-01
 4.99953E-01
 4.99953E-01
 4.99953E-01
 4.99953E-01
 4.99952E-01
 4.99952E-01
 4.99952E-01
 4.99952E-01
 4.99952E-01
 4.99952E-01
 4.99952E-01
 4.99951E-01
 4.99951E-01
 4.99951E-01
 4.99951E-01
 4.99951E-01
 4.99950E-01
 4.99950E-01
 4.99950E-01
 4.99950E-01
 4.99950E-01
 4.99950E-01
 4.99949E-01
 4.99949E-01
 4.99949E-01
 4.99949E-01
 4.99949E-01
 4.99949E-01
 4.99948E-01
 4.99948E-01
 4.99948E-01
 4.99948E-01
 4.99948E-01
 4.99948E-01
 4.99947E-01
 4.99947E-01
 4.99947E-01
 4.99947E-01
 4.99947E-01
 4.99947E-01
 4.99947E-01
 4.99946E-01
 4.99946E-01
 4.99946E-01
 4.99946E-01
 4.99946E-01
 4.99946E-01
 4.99946E-01
 4.99946E-01
 4.99945E-01
 4.99945E-01
 4.99945E-01
 4.99945E-01
 4.99945E-01
 4.99945E-01
 4.99945E-01
 4.99945E-01
 4.99945E-01
 4.99945E-01
 4.99944E-01
 4.99944E-01
 4.99944E-01
 4.99944E-01
 4.99944E-01
 4.99944E-01
 4.99944E-01
 4.99944E-01
 4.99944E-01
 4.99944E-01
 4.99944E-01
 4.99944E-01
 4.99944E-01
 4.99944E-01
 4.99943E-01
 4.99943E-01
 4.99943E-01
 4.99943E-01
 4.99943E-01
 4.99943E-01
 4.99943E-01
 4.99943E-01
 4.99943E-01
 4.99943E-01
 4.99943E-01
 4.99943E-01
 4.99943E-01
 4.99943E-01
 4.99943E-01
 4.99943E-01
 4.99943E-01
 4.99943E-01
 4.99943E-01
 4.99943E-01
 4.99943E-01
 4.99943E-01
 4.99943E-01
 4.99943E-01
 4.99943E-01
 4.99943E-01
 4.99943E-01
 4.99943E-01
 4.99943E-01
 4.99943E-01
 4.99943E-01
 4.99943E-01
 4.99943E-01
 4.99954E-01
 4.99954E-01
 4.99954E-01
 4.99954E-01
 4.99954E-01
 4.99954E-01
 4.99954E-01
 4.99954E-01
 4.99954E-01
 4.99954E-01
 4.99954E-01
 4.99954E-01
 4.99953E-01
 4.99953E-01
 4.99953E-01
 4.99953E-01
 4.99953E-01
 4.99953E-01
 4.99953E-01
 4.99953E-01
 4.99952E-01
 4.99952E-01
 4.99952E-01
 4.99952E-01
 4.99952E-01
 4.99952E-01
 4.99951E-01
 4.99951E-01
 4.99951E-01
 4.99951E-01
 4.99951E-01
 4.99950E-01
 4.99950E-01
 4.99950E-01
 4.99950E-01
 4.99950E-01
 4.99950E-01
 4.99949E-01
 4.99949E-01
 4.99949E-01
 4.99949E-01
 4.99949E-01
 4.99949E-01
 4.99948E-01
 4.99948E-01
 4.99948E-01
 4.99948E-01
 4.99948E-01
 4.99948E-01
 4.99947E-01
 4.99947E-01
 4.99947E-01
 4.99947E-01
 4.99947E-01
 4.99947E-01
 4.99947E-01
 4.99946E-01
 4.99946E-01
 4.99946E-01
 4.99946E-01
 4.99946E-01
 4.99946E-01
 4.99946E-01
 4.99946E-01
 4.99945E-01
 4.99945E-01
 4.99945E-01
 4.99945E-01
 4.99945E-01
 4.99945E-01
 4.99945E-01
 4.99945E-01
 4.99945E-01
 4.99945E-01
 4.99944E-01
 4.99944E-01
 4.99944E-01
 4.99944E-01
 4.99944E-01
 4.99944E-01
 4.99944E-01
 4.99944E-01
 4.99944E-01
 4.99944E-01
 4.99944E-01
 4.99944E-01
 4.99944E-01
 4.99944E-01
 4.99943E-01
 4.99943E-01
 4.99943E-01
 4.99943E-01
 4.99943E-01
 4.99943E-01
 4.99943E-01
 4.99943E-01
 4.99943E-01
 4.99943E-01
 4.99943E-01
 4.99943E-01
 4.99943E-01
 4.99943E-01
 4.99943E-01
 4.99943E-01
 4.99943E-01
 4.99943E-01
 4.99943E-01
 4.99943E-01
 4.99943E-01
 4.99943E-01
 4.99943E-01
 4.99943E-01
 4.99943E-01
 4.99943E-01
 4.99943E-01
 4.99943E-01
 4.99943E-01
 4.99943E-01
 4.99943E-01
 4.99943E-01
 4.99954E-01
 4.99954E-01
 4.99954E-01
 4.99954E-01
 4.99954E-01
 4.99954E-01
 4.99954E-01
 4.99954E-01
 4.99954E-01
 4.99954E-01
 4.99954E-01
 4.99954E-01
 4.99954E-01
 4.99954E-01
 4.99954E-01
 4.99953E-01
 4.99953E-01
 4.99953E-01
 4.99953E-01
 4.99953E-01
 4.99953E-01
 4.99953E-01
 4.99952E-01
 4.99952E-01
 4.99952E-01
 4.99952E-01
 4.99952E-01
 4.99951E-01
 4.99951E-01
 4.99951E-01
 4.99951E-01
 4.99951E-01
 4.99951E-01
 4.99950E-01
 4.99950E-01
 4.99950E-01
 4.99950E-01
 4.99950E-01
 4.99949E-01
 4.99949E-01
 4.99949E-01
 4.99949E-01
 4.99949E-01
 4.99948E-01
 4.99948E-01
 4.99948E-01
 4.99948E-01
 4.99948E-01
 4.99948E-01
 4.99947E-01
 4.99947E-01
 4.99947E-01
 4.99947E-01
 4.99947E-01
 4.99947E-01
 4.99947E-01
 4.99946E-01
 4.99946E-01
 4.99946E-01
 4.99946E-01
 4.99946E-01
 4.99946E-01
 4.99946E-01
 4.99946E-01
 4.99945E-01
 4.99945E-01
 4.99945E-01
 4.99945E-01
 4.99945E-01
 4.99945E-01
 4.99945E-01
 4.99945E-01
 4.99945E-01
 4.99945E-01
 4.99945E-01
 4.99944E-01
 4.99944E-01
 4.99944E-01
 4.99944E-01
 4.99944E-01
 4.99944E-01
 4.99944E-01
 4.99944E-01
 4.99944E-01
 4.99944E-01
 4.99944E-01
 4.99944E-01
 4.99944E-01
 4.99944E-01
 4.99943E-01
 4.99943E-01
 4.99943E-01
 4.99943E-01
 4.99943E-01
 4.99943E-01
 4.99943E-01
 4.99943E-01
 4.99943E-01
 4.99943E-01
 4.99943E-01
 4.99943E-01
 4.99943E-01
 4.99943E-01
 4.99943E-01
 4.99943E-01
 4.99943E-01
 4.99943E-01
 4.99943E-01
 4.99943E-01
 4.99943E-01
 4.99943E-01
 4.99943E-01
 4.99943E-01
 4.99943E-01
 4.99943E-01
 4.99943E-01
 4.99943E-01
 4.99943E-01
 4.99943E-01
 4.99943E-01
 4.99955E-01
 4.99955E-01
 4.99955E-01
 4.99955E-01
 4.99955E-01
 4.99955E-01
 4.99955E-01
 4.99954E-01
 4.99954E-01
 4.99954E-01
 4.99954E-01
 4.99954E-01
 4.99954E-01
 4.99954E-01
 4.99954E-01
 4.99954E-01
 4.99954E-01
 4.99953E-01
 4.99953E-01
 4.99953E-01
 4.99953E-01
 4.99953E-01
 4.99953E-01
 4.99952E-01
 4.99952E-01
 4.99952E-01
 4.99952E-01
 4.99952E-01
 4.99952E-01
 4.99951E-01
 4.99951E-01
 4.99951E-01
 4.99951E-01
 4.99951E-01
 4.99950E-01
 4.99950E-01
 4.99950E-01
 4.99950E-01
 4.99950E-01
 4.99949E-01
 4.99949E-01
 4.99949E-01
 4.99949E-01
 4.99949E-01
 4.99948E-01
 4.99948E-01
 4.99948E-01
 4.99948E-01
 4.99948E-01
 4.99948E-01
 4.99947E-01
 4.99947E-01
 4.99947E-01
 4.99947E-01
 4.99947E-01
 4.99947E-01
 4.99947E-01
 4.99946E-01
 4.99946E-01
 4.99946E-01
 4.99946E-01
 4.99946E-01
 4.99946E-01
 4.99946E-01
 4.99946E-01
 4.99945E-01
 4.99945E-01
 4.99945E-01
 4.99945E-01
 4.99945E-01
 4.99945E-01
 4.99945E-01
 4.99945E-01
 4.99945E-01
 4.99945E-01
 4.99944E-01
 4.99944E-01
 4.99944E-01
 4.99944E-01
 4.99944E-01
 4.99944E-01
 4.99944E-01
 4.99944E-01
 4.99944E-01
 4.99944E-01
 4.99944E-01
 4.99944E-01
 4.99944E-01
 4.99944E-01
 4.99944E-01
 4.99943E-01
 4.99943E-01
 4.99943E-01
 4.99943E-01
 4.99943E-01
 4.99943E-01
 4.99943E-01
 4.99943E-01
 4.99943E-01
 4.99943E-01
 4.99943E-01
 4.99943E-01
 4.99943E-01
 4.99943E-01
 4.99943E-01
 4.99943E-01
 4.99943E-01
 4.99943E-01
 4.99943E-01
 4.99943E-01
 4.99943E-01
 4.99943E-01
 4.99943E-01
 4.99943E-01
 4.99943E-01
 4.99943E-01
 4.99943E-01
 4.99943E-01
 4.99943E-01
 4.99943E-01
 4.99955E-01
 4.99955E-01
 4.99955E-01
 4.99955E-01
 4.99955E-01
 4.99955E-01
 4.99955E-01
 4.99955E-01
 4.99955E-01
 4.99955E-01
 4.99955E-01
 4.99955E-01
 4.99954E-01
 4.99954E-01
 4.99954E-01
 4.99954E-01
 4.99954E-01
 4.99954E-01
 4.99954E-01
 4.99953E-01
 4.99953E-01
 4.99953E-01
 4.99953E-01
 4.99953E-01
 4.99953E-01
 4.99952E-01
 4.99952E-01
 4.99952E-01
 4.99952E-01
 4.99952E-01
 4.99951E-01
 4.99951E-01
 4.99951E-01
 4.99951E-01
 4.99950E-01
 4.99950E-01
 4.99950E-01
 4.99950E-01
 4.99950E-01
 4.99949E-01
 4.99949E-01
 4.99949E-01
 4.99949E-01
 4.99949E-01
 4.99949E-01
 4.99948E-01
 4.99948E-01
 4.99948E-01
 4.99948E-01
 4.99948E-01
 4.99948E-01
 4.99947E-01
 4.99947E-01
 4.99947E-01
 4.99947E-01
 4.99947E-01
 4.99947E-01
 4.99947E-01
 4.99946E-01
 4.99946E-01
 4.99946E-01
 4.99946E-01
 4.99946E-01
 4.99946E-01
 4.99946E-01
 4.99946E-01
 4.99945E-01
 4.99945E-01
 4.99945E-01
 4.99945E-01
 4.99945E-01
 4.99945E-01
 4.99945E-01
 4.99945E-01
 4.99945E-01
 4.99945E-01
 4.99944E-01
 4.99944E-01
 4.99944E-01
 4.99944E-01
 4.99944E-01
 4.99944E-01
 4.99944E-01
 4.99944E-01
 4.99944E-01
 4.99944E-01
 4.99944E-01
 4.99944E-01
 4.99944E-01
 4.99944E-01
 4.99943E-01
 4.99943E-01
 4.99943E-01
 4.99943E-01
 4.99943E-01
 4.99943E-01
 4.99943E-01
 4.99943E-01
 4.99943E-01
 4.99943E-01
 4.99943E-01
 4.99943E-01
 4.99943E-01
 4.99943E-01
 4.99943E-01
 4.99943E-01
 4.99943E-01
 4.99943E-01
 4.99943E-01
 4.99943E-01
 4.99943E-01
 4.99943E-01
 4.99943E-01
 4.99943E-01
 4.99943E-01
 4.99943E-01
 4.99943E-01
 4.99943E-01
 4.99943E-01
 4.99943E-01
 4.99955E-01
 4.99955E-01
 4.99955E-01
 4.99955E-01
 4.99955E-01
 4.99955E-01
 4.99955E-01
 4.99955E-01
 4.99955E-01
 4.99955E-01
 4.99955E-01
 4.99955E-01
 4.99955E-01
 4.99955E-01
 4.99955E-01
 4.99954E-01
 4.99954E-01
 4.99954E-01
 4.99954E-01
 4.99954E-01
 4.99954E-01
 4.99953E-01
 4.99953E-01
 4.99953E-01
 4.99953E-01
 4.99953E-01
 4.99952E-01
 4.99952E-01
 4.99952E-01
 4.99952E-01
 4.99951E-01
 4.99951E-01
 4.99951E-01
 4.99951E-01
 4.99951E-01
 4.99950E-01
 4.99950E-01
 4.99950E-01
 4.99950E-01
 4.99950E-01
 4.99949E-01
 4.99949E-01
 4.99949E-01
 4.99949E-01
 4.99949E-01
 4.99949E-01
 4.99948E-01
 4.99948E-01
 4.99948E-01
 4.99948E-01
 4.99948E-01
 4.99947E-01
 4.99947E-01
 4.99947E-01
 4.99947E-01
 4.99947E-01
 4.99947E-01
 4.99947E-01
 4.99946E-01
 4.99946E-01
 4.99946E-01
 4.99946E-01
 4.99946E-01
 4.99946E-01
 4.99946E-01
 4.99946E-01
 4.99945E-01
 4.99945E-01
 4.99945E-01
 4.99945E-01
 4.99945E-01
 4.99945E-01
 4.99945E-01
 4.99945E-01
 4.99945E-01
 4.99945E-01
 4.99944E-01
 4.99944E-01
 4.99944E-01
 4.99944E-01
 4.99944E-01
 4.99944E-01
 4.99944E-01
 4.99944E-01
 4.99944E-01
 4.99944E-01
 4.99944E-01
 4.99944E-01
 4.99944E-01
 4.99944E-01
 4.99944E-01
 4.99943E-01
 4.99943E-01
 4.99943E-01
 4.99943E-01
 4.99943E-01
 4.99943E-01
 4.99943E-01
 4.99943E-01
 4.99943E-01
 4.99943E-01
 4.99943E-01
 4.99943E-01
 4.99943E-01
 4.99943E-01
 4.99943E-01
 4.99943E-01
 4.99943E-01
 4.99943E-01
 4.99943E-01
 4.99943E-01
 4.99943E-01
 4.99943E-01
 4.99943E-01
 4.99943E-01
 4.99943E-01
 4.99943E-01
 4.99943E-01
 4.99943E-01
 4.99943E-01
 4.99956E-01
 4.99956E-01
 4.99956E-01
 4.99956E-01
 4.99955E-01
 4.99955E-01
 4.99955E-01
 4.99955E-01
 4.99955E-01
 4.99955E-01
 4.99955E-01
 4.99955E-01
 4.99955E-01
 4.99955E-01
 4.99955E-01
 4.99955E-01
 4.99955E-01
 4.99954E-01
 4.99954E-01
 4.99954E-01
 4.99954E-01
 4.99954E-01
 4.99953E-01
 4.99953E-01
 4.99953E-01
 4.99953E-01
 4.99953E-01
 4.99952E-01
 4.99952E-01
 4.99952E-01
 4.99952E-01
 4.99951E-01
 4.99951E-01
 4.99951E-01
 4.99951E-01
 4.99951E-01
 4.99950E-01
 4.99950E-01
 4.99950E-01
 4.99950E-01
 4.99950E-01
 4.99949E-01
 4.99949E-01
 4.99949E-01
 4.99949E-01
 4.99949E-01
 4.99948E-01
 4.99948E-01
 4.99948E-01
 4.99948E-01
 4.99948E-01
 4.99948E-01
 4.99947E-01
 4.99947E-01
 4.99947E-01
 4.99947E-01
 4.99947E-01
 4.99947E-01
 4.99947E-01
 4.99946E-01
 4.99946E-01
 4.99946E-01
 4.99946E-01
 4.99946E-01
 4.99946E-01
 4.99946E-01
 4.99946E-01
 4.99945E-01
 4.99945E-01
 4.99945E-01
 4.99945E-01
 4.99945E-01
 4.99945E-01
 4.99945E-01
 4.99945E-01
 4.99945E-01
 4.99945E-01
 4.99944E-01
 4.99944E-01
 4.99944E-01
 4.99944E-01
 4.99944E-01
 4.99944E-01
 4.99944E-01
 4.99944E-01
 4.99944E-01
 4.99944E-01
 4.99944E-01
 4.99944E-01
 4.99944E-01
 4.99944E-01
 4.99944E-01
 4.99943E-01
 4.99943E-01
 4.99943E-01
 4.99943E-01
 4.99943E-01
 4.99943E-01
 4.99943E-01
 4.99943E-01
 4.99943E-01
 4.99943E-01
 4.99943E-01
 4.99943E-01
 4.99943E-01
 4.99943E-01
 4.99943E-01
 4.99943E-01
 4.99943E-01
 4.99943E-01
 4.99943E-01
 4.99943E-01
 4.99943E-01
 4.99943E-01
 4.99943E-01
 4.99943E-01
 4.99943E-01
 4.99943E-01
 4.99943E-01
 4.99943E-01
 4.99956E-01
 4.99956E-01
 4.99956E-01
 4.99956E-01
 4.99956E-01
 4.99956E-01
 4.99956E-01
 4.99956E-01
 4.99956E-01
 4.99956E-01
 4.99956E-01
 4.99955E-01
 4.99955E-01
 4.99955E-01
 4.99955E-01
 4.99955E-01
 4.99955E-01
 4.99955E-01
 4.99954E-01
 4.99954E-01
 4.99954E-01
 4.99954E-01
 4.99954E-01
 4.99953E-01
 4.99953E-01
 4.99953E-01
 4.99953E-01
 4.99953E-01
 4.99952E-01
 4.99952E-01
 4.99952E-01
 4.99952E-01
 4.99951E-01
 4.99951E-01
 4.99951E-01
 4.99951E-01
 4.99951E-01
 4.99950E-01
 4.99950E-01
 4.99950E-01
 4.99950E-01
 4.99949E-01
 4.99949E-01
 4.99949E-01
 4.99949E-01
 4.99949E-01
 4.99949E-01
 4.99948E-01
 4.99948E-01
 4.99948E-01
 4.99948E-01
 4.99948E-01
 4.99948E-01
 4.99947E-01
 4.99947E-01
 4.99947E-01
 4.99947E-01
 4.99947E-01
 4.99947E-01
 4.99946E-01
 4.99946E-01
 4.99946E-01
 4.99946E-01
 4.99946E-01
 4.99946E-01
 4.99946E-01
 4.99946E-01
 4.99945E-01
 4.99945E-01
 4.99945E-01
 4.99945E-01
 4.99945E-01
 4.99945E-01
 4.99945E-01
 4.99945E-01
 4.99945E-01
 4.99945E-01
 4.99944E-01
 4.99944E-01
 4.99944E-01
 4.99944E-01
 4.99944E-01
 4.99944E-01
 4.99944E-01
 4.99944E-01
 4.99944E-01
 4.99944E-01
 4.99944E-01
 4.99944E-01
 4.99944E-01
 4.99944E-01
 4.99944E-01
 4.99943E-01
 4.99943E-01
 4.99943E-01
 4.99943E-01
 4.99943E-01
 4.99943E-01
 4.99943E-01
 4.99943E-01
 4.99943E-01
 4.99943E-01
 4.99943E-01
 4.99943E-01
 4.99943E-01
 4.99943E-01
 4.99943E-01
 4.99943E-01
 4.99943E-01
 4.99943E-01
 4.99943E-01
 4.99943E-01
 4.99943E-01
 4.99943E-01
 4.99943E-01
 4.99943E-01
 4.99943E-01
 4.99943E-01
 4.99943E-01
 4.99943E-01
 4.99956E-01
 4.99956E-01
 4.99956E-01
 4.99956E-01
 4.99956E-01
 4.99956E-01
 4.99956E-01
 4.99956E-01
 4.99956E-01
 4.99956E-01
 4.99956E-01
 4.99956E-01
 4.99956E-01
 4.99956E-01
 4.99955E-01
 4.99955E-01
 4.99955E-01
 4.99955E-01
 4.99955E-01
 4.99954E-01
 4.99954E-01
 4.99954E-01
 4.99954E-01
 4.99954E-01
 4.99953E-01
 4.99953E-01
 4.99953E-01
 4.99953E-01
 4.99952E-01
 4.99952E-01
 4.99952E-01
 4.99952E-01
 4.99952E-01
 4.99951E-01
 4.99951E-01
 4.99951E-01
 4.99951E-01
 4.99950E-01
 4.99950E-01
 4.99950E-01
 4.99950E-01
 4.99950E-01
 4.99949E-01
 4.99949E-01
 4.99949E-01
 4.99949E-01
 4.99949E-01
 4.99948E-01
 4.99948E-01
 4.99948E-01
 4.99948E-01
 4.99948E-01
 4.99948E-01
 4.99947E-01
 4.99947E-01
 4.99947E-01
 4.99947E-01
 4.99947E-01
 4.99947E-01
 4.99947E-01
 4.99946E-01
 4.99946E-01
 4.99946E-01
 4.99946E-01
 4.99946E-01
 4.99946E-01
 4.99946E-01
 4.99946E-01
 4.99945E-01
 4.99945E-01
 4.99945E-01
 4.99945E-01
 4.99945E-01
 4.99945E-01
 4.99945E-01
 4.99945E-01
 4.99945E-01
 4.99945E-01
 4.99944E-01
 4.99944E-01
 4.99944E-01
 4.99944E-01
 4.99944E-01
 4.99944E-01
 4.99944E-01
 4.99944E-01
 4.99944E-01
 4.99944E-01
 4.99944E-01
 4.99944E-01
 4.99944E-01
 4.99944E-01
 4.99944E-01
 4.99943E-01
 4.99943E-01
 4.99943E-01
 4.99943E-01
 4.99943E-01
 4.99943E-01
 4.99943E-01
 4.99943E-01
 4.99943E-01
 4.99943E-01
 4.99943E-01
 4.99943E-01
 4.99943E-01
 4.99943E-01
 4.99943E-01
 4.99943E-01
 4.99943E-01
 4.99943E-01
 4.99943E-01
 4.99943E-01
 4.99943E-01
 4.99943E-01
 4.99943E-01
 4.99943E-01
 4.99943E-01
 4.99943E-01
 4.99943E-01
 4.99956E-01
 4.99956E-01
 4.99956E-01
 4.99956E-01
 4.99956E-01
 4.99956E-01
 4.99956E-01
 4.99956E-01
 4.99956E-01
 4.99956E-01
 4.99956E-01
 4.99956E-01
 4.99956E-01
 4.99956E-01
 4.99956E-01
 4.99955E-01
 4.99955E-01
 4.99955E-01
 4.99955E-01
 4.99955E-01
 4.99955E-01
 4.99954E-01
 4.99954E-01
 4.99954E-01
 4.99954E-01
 4.99953E-01
 4.99953E-01
 4.99953E-01
 4.99953E-01
 4.99952E-01
 4.99952E-01
 4.99952E-01
 4.99952E-01
 4.99951E-01
 4.99951E-01
 4.99951E-01
 4.99951E-01
 4.99951E-01
 4.99950E-01
 4.99950E-01
 4.99950E-01
 4.99950E-01
 4.99949E-01
 4.99949E-01
 4.99949E-01
 4.99949E-01
 4.99949E-01
 4.99949E-01
 4.99948E-01
 4.99948E-01
 4.99948E-01
 4.99948E-01
 4.99948E-01
 4.99947E-01
 4.99947E-01
 4.99947E-01
 4.99947E-01
 4.99947E-01
 4.99947E-01
 4.99947E-01
 4.99946E-01
 4.99946E-01
 4.99946E-01
 4.99946E-01
 4.99946E-01
 4.99946E-01
 4.99946E-01
 4.99946E-01
 4.99945E-01
 4.99945E-01
 4.99945E-01
 4.99945E-01
 4.99945E-01
 4.99945E-01
 4.99945E-01
 4.99945E-01
 4.99945E-01
 4.99945E-01
 4.99944E-01
 4.99944E-01
 4.99944E-01
 4.99944E-01
 4.99944E-01
 4.99944E-01
 4.99944E-01
 4.99944E-01
 4.99944E-01
 4.99944E-01
 4.99944E-01
 4.99944E-01
 4.99944E-01
 4.99944E-01
 4.99944E-01
 4.99944E-01
 4.99943E-01
 4.99943E-01
 4.99943E-01
 4.99943E-01
 4.99943E-01
 4.99943E-01
 4.99943E-01
 4.99943E-01
 4.99943E-01
 4.99943E-01
 4.99943E-01
 4.99943E-01
 4.99943E-01
 4.99943E-01
 4.99943E-01
 4.99943E-01
 4.99943E-01
 4.99943E-01
 4.99943E-01
 4.99943E-01
 4.99943E-01
 4.99943E-01
 4.99943E-01
 4.99943E-01
 4.99943E-01
 4.99943E-01
 4.99956E-01
 4.99956E-01
 4.99956E-01
 4.99956E-01
 4.99956E-01
 4.99957E-01
 4.99957E-01
 4.99957E-01
 4.99956E-01
 4.99956E-01
 4.99956E-01
 4.99956E-01
 4.99956E-01
 4.99956E-01
 4.99956E-01
 4.99956E-01
 4.99956E-01
 4.99955E-01
 4.99955E-01
 4.99955E-01
 4.99955E-01
 4.99954E-01
 4.99954E-01
 4.99954E-01
 4.99954E-01
 4.99954E-01
 4.99953E-01
 4.99953E-01
 4.99953E-01
 4.99953E-01
 4.99952E-01
 4.99952E-01
 4.99952E-01
 4.99952E-01
 4.99951E-01
 4.99951E-01
 4.99951E-01
 4.99951E-01
 4.99950E-01
 4.99950E-01
 4.99950E-01
 4.99950E-01
 4.99950E-01
 4.99949E-01
 4.99949E-01
 4.99949E-01
 4.99949E-01
 4.99949E-01
 4.99948E-01
 4.99948E-01
 4.99948E-01
 4.99948E-01
 4.99948E-01
 4.99948E-01
 4.99947E-01
 4.99947E-01
 4.99947E-01
 4.99947E-01
 4.99947E-01
 4.99947E-01
 4.99946E-01
 4.99946E-01
 4.99946E-01
 4.99946E-01
 4.99946E-01
 4.99946E-01
 4.99946E-01
 4.99946E-01
 4.99945E-01
 4.99945E-01
 4.99945E-01
 4.99945E-01
 4.99945E-01
 4.99945E-01
 4.99945E-01
 4.99945E-01
 4.99945E-01
 4.99945E-01
 4.99945E-01
 4.99944E-01
 4.99944E-01
 4.99944E-01
 4.99944E-01
 4.99944E-01
 4.99944E-01
 4.99944E-01
 4.99944E-01
 4.99944E-01
 4.99944E-01
 4.99944E-01
 4.99944E-01
 4.99944E-01
 4.99944E-01
 4.99944E-01
 4.99943E-01
 4.99943E-01
 4.99943E-01
 4.99943E-01
 4.99943E-01
 4.99943E-01
 4.99943E-01
 4.99943E-01
 4.99943E-01
 4.99943E-01
 4.99943E-01
 4.99943E-01
 4.99943E-01
 4.99943E-01
 4.99943E-01
 4.99943E-01
 4.99943E-01
 4.99943E-01
 4.99943E-01
 4.99943E-01
 4.99943E-01
 4.99943E-01
 4.99943E-01
 4.99943E-01
 4.99943E-01
 4.99943E-01
 4.99957E-01
 4.99957E-01
 4.99957E-01
 4.99957E-01
 4.99957E-01
 4.99957E-01
 4.99957E-01
 4.99957E-01
 4.99957E-01
 4.99957E-01
 4.99957E-01
 4.99957E-01
 4.99956E-01
 4.99956E-01
 4.99956E-01
 4.99956E-01
 4.99956E-01
 4.99956E-01
 4.99955E-01
 4.99955E-01
 4.99955E-01
 4.99955E-01
 4.99954E-01
 4.99954E-01
 4.99954E-01
 4.99954E-01
 4.99953E-01
 4.99953E-01
 4.99953E-01
 4.99953E-01
 4.99952E-01
 4.99952E-01
 4.99952E-01
 4.99952E-01
 4.99951E-01
 4.99951E-01
 4.99951E-01
 4.99951E-01
 4.99951E-01
 4.99950E-01
 4.99950E-01
 4.99950E-01
 4.99950E-01
 4.99949E-01
 4.99949E-01
 4.99949E-01
 4.99949E-01
 4.99949E-01
 4.99948E-01
 4.99948E-01
 4.99948E-01
 4.99948E-01
 4.99948E-01
 4.99948E-01
 4.99947E-01
 4.99947E-01
 4.99947E-01
 4.99947E-01
 4.99947E-01
 4.99947E-01
 4.99947E-01
 4.99946E-01
 4.99946E-01
 4.99946E-01
 4.99946E-01
 4.99946E-01
 4.99946E-01
 4.99946E-01
 4.99946E-01
 4.99945E-01
 4.99945E-01
 4.99945E-01
 4.99945E-01
 4.99945E-01
 4.99945E-01
 4.99945E-01
 4.99945E-01
 4.99945E-01
 4.99945E-01
 4.99944E-01
 4.99944E-01
 4.99944E-01
 4.99944E-01
 4.99944E-01
 4.99944E-01
 4.99944E-01
 4.99944E-01
 4.99944E-01
 4.99944E-01
 4.99944E-01
 4.99944E-01
 4.99944E-01
 4.99944E-01
 4.99944E-01
 4.99943E-01
 4.99943E-01
 4.99943E-01
 4.99943E-01
 4.99943E-01
 4.99943E-01
 4.99943E-01
 4.99943E-01
 4.99943E-01
 4.99943E-01
 4.99943E-01
 4.99943E-01
 4.99943E-01
 4.99943E-01
 4.99943E-01
 4.99943E-01
 4.99943E-01
 4.99943E-01
 4.99943E-01
 4.99943E-01
 4.99943E-01
 4.99943E-01
 4.99943E-01
 4.99943E-01
 4.99943E-01
 4.99943E-01
 4.99957E-01
 4.99957E-01
 4.99957E-01
 4.99957E-01
 4.99957E-01
 4.99957E-01
 4.99957E-01
 4.99957E-01
 4.99957E-01
 4.99957E-01
 4.99957E-01
 4.99957E-01
 4.99957E-01
 4.99957E-01
 4.99956E-01
 4.99956E-01
 4.99956E-01
 4.99956E-01
 4.99956E-01
 4.99955E-01
 4.99955E-01
 4.99955E-01
 4.99955E-01
 4.99954E-01
 4.99954E-01
 4.99954E-01
 4.99954E-01
 4.99953E-01
 4.99953E-01
 4.99953E-01
 4.99953E-01
 4.99952E-01
 4.99952E-01
 4.99952E-01
 4.99952E-01
 4.99951E-01
 4.99951E-01
 4.99951E-01
 4.99951E-01
 4.99950E-01
 4.99950E-01
 4.99950E-01
 4.99950E-01
 4.99950E-01
 4.99949E-01
 4.99949E-01
 4.99949E-01
 4.99949E-01
 4.99949E-01
 4.99948E-01
 4.99948E-01
 4.99948E-01
 4.99948E-01
 4.99948E-01
 4.99947E-01
 4.99947E-01
 4.99947E-01
 4.99947E-01
 4.99947E-01
 4.99947E-01
 4.99947E-01
 4.99946E-01
 4.99946E-01
 4.99946E-01
 4.99946E-01
 4.99946E-01
 4.99946E-01
 4.99946E-01
 4.99946E-01
 4.99945E-01
 4.99945E-01
 4.99945E-01
 4.99945E-01
 4.99945E-01
 4.99945E-01
 4.99945E-01
 4.99945E-01
 4.99945E-01
 4.99945E-01
 4.99944E-01
 4.99944E-01
 4.99944E-01
 4.99944E-01
 4.99944E-01
 4.99944E-01
 4.99944E-01
 4.99944E-01
 4.99944E-01
 4.99944E-01
 4.99944E-01
 4.99944E-01
 4.99944E-01
 4.99944E-01
 4.99944E-01
 4.99944E-01
 4.99943E-01
 4.99943E-01
 4.99943E-01
 4.99943E-01
 4.99943E-01
 4.99943E-01
 4.99943E-01
 4.99943E-01
 4.99943E-01
 4.99943E-01
 4.99943E-01
 4.99943E-01
 4.99943E-01
 4.99943E-01
 4.99943E-01
 4.99943E-01
 4.99943E-01
 4.99943E-01
 4.99943E-01
 4.99943E-01
 4.99943E-01
 4.99943E-01
 4.99943E-01
 4.99943E-01
 4.99943E-01
 4.99957E-01
 4.99957E-01
 4.99957E-01
 4.99957E-01
 4.99957E-01
 4.99957E-01
 4.99957E-01
 4.99957E-01
 4.99957E-01
 4.99957E-01
 4.99957E-01
 4.99957E-01
 4.99957E-01
 4.99957E-01
 4.99957E-01
 4.99956E-01
 4.99956E-01
 4.99956E-01
 4.99956E-01
 4.99955E-01
 4.99955E-01
 4.99955E-01
 4.99955E-01
 4.99954E-01
 4.99954E-01
 4.99954E-01
 4.99954E-01
 4.99953E-01
 4.99953E-01
 4.99953E-01
 4.99953E-01
 4.99952E-01
 4.99952E-01
 4.99952E-01
 4.99952E-01
 4.99951E-01
 4.99951E-01
 4.99951E-01
 4.99951E-01
 4.99950E-01
 4.99950E-01
 4.99950E-01
 4.99950E-01
 4.99950E-01
 4.99949E-01
 4.99949E-01
 4.99949E-01
 4.99949E-01
 4.99949E-01
 4.99948E-01
 4.99948E-01
 4.99948E-01
 4.99948E-01
 4.99948E-01
 4.99948E-01
 4.99947E-01
 4.99947E-01
 4.99947E-01
 4.99947E-01
 4.99947E-01
 4.99947E-01
 4.99946E-01
 4.99946E-01
 4.99946E-01
 4.99946E-01
 4.99946E-01
 4.99946E-01
 4.99946E-01
 4.99946E-01
 4.99945E-01
 4.99945E-01
 4.99945E-01
 4.99945E-01
 4.99945E-01
 4.99945E-01
 4.99945E-01
 4.99945E-01
 4.99945E-01
 4.99945E-01
 4.99945E-01
 4.99944E-01
 4.99944E-01
 4.99944E-01
 4.99944E-01
 4.99944E-01
 4.99944E-01
 4.99944E-01
 4.99944E-01
 4.99944E-01
 4.99944E-01
 4.99944E-01
 4.99944E-01
 4.99944E-01
 4.99944E-01
 4.99944E-01
 4.99943E-01
 4.99943E-01
 4.99943E-01
 4.99943E-01
 4.99943E-01
 4.99943E-01
 4.99943E-01
 4.99943E-01
 4.99943E-01
 4.99943E-01
 4.99943E-01
 4.99943E-01
 4.99943E-01
 4.99943E-01
 4.99943E-01
 4.99943E-01
 4.99943E-01
 4.99943E-01
 4.99943E-01
 4.99943E-01
 4.99943E-01
 4.99943E-01
 4.99943E-01
 4.99943E-01
 4.99943E-01
 4.99957E-01
 4.99957E-01
 4.99957E-01
 4.99957E-01
 4.99957E-01
 4.99957E-01
 4.99957E-01
 4.99957E-01
 4.99957E-01
 4.99957E-01
 4.99957E-01
 4.99957E-01
 4.99957E-01
 4.99957E-01
 4.99957E-01
 4.99957E-01
 4.99956E-01
 4.99956E-01
 4.99956E-01
 4.99956E-01
 4.99955E-01
 4.99955E-01
 4.99955E-01
 4.99955E-01
 4.99954E-01
 4.99954E-01
 4.99954E-01
 4.99954E-01
 4.99953E-01
 4.99953E-01
 4.99953E-01
 4.99952E-01
 4.99952E-01
 4.99952E-01
 4.99952E-01
 4.99951E-01
 4.99951E-01
 4.99951E-01
 4.99951E-01
 4.99950E-01
 4.99950E-01
 4.99950E-01
 4.99950E-01
 4.99950E-01
 4.99949E-01
 4.99949E-01
 4.99949E-01
 4.99949E-01
 4.99949E-01
 4.99948E-01
 4.99948E-01
 4.99948E-01
 4.99948E-01
 4.99948E-01
 4.99948E-01
 4.99947E-01
 4.99947E-01
 4.99947E-01
 4.99947E-01
 4.99947E-01
 4.99947E-01
 4.99946E-01
 4.99946E-01
 4.99946E-01
 4.99946E-01
 4.99946E-01
 4.99946E-01
 4.99946E-01
 4.99946E-01
 4.99945E-01
 4.99945E-01
 4.99945E-01
 4.99945E-01
 4.99945E-01
 4.99945E-01
 4.99945E-01
 4.99945E-01
 4.99945E-01
 4.99945E-01
 4.99945E-01
 4.99944E-01
 4.99944E-01
 4.99944E-01
 4.99944E-01
 4.99944E-01
 4.99944E-01
 4.99944E-01
 4.99944E-01
 4.99944E-01
 4.99944E-01
 4.99944E-01
 4.99944E-01
 4.99944E-01
 4.99944E-01
 4.99944E-01
 4.99943E-01
 4.99943E-01
 4.99943E-01
 4.99943E-01
 4.99943E-01
 4.99943E-01
 4.99943E-01
 4.99943E-01
 4.99943E-01
 4.99943E-01
 4.99943E-01
 4.99943E-01
 4.99943E-01
 4.99943E-01
 4.99943E-01
 4.99943E-01
 4.99943E-01
 4.99943E-01
 4.99943E-01
 4.99943E-01
 4.99943E-01
 4.99943E-01
 4.99943E-01
 4.99943E-01
 4.99943E-01
 4.99957E-01
 4.99957E-01
 4.99957E-01
 4.99957E-01
 4.99957E-01
 4.99958E-01
 4.99958E-01
 4.99958E-01
 4.99958E-01
 4.99958E-01
 4.99958E-01
 4.99957E-01
 4.99957E-01
 4.99957E-01
 4.99957E-01
 4.99957E-01
 4.99956E-01
 4.99956E-01
 4.99956E-01
 4.99956E-01
 4.99955E-01
 4.99955E-01
 4.99955E-01
 4.99955E-01
 4.99954E-01
 4.99954E-01
 4.99954E-01
 4.99954E-01
 4.99953E-01
 4.99953E-01
 4.99953E-01
 4.99953E-01
 4.99952E-01
 4.99952E-01
 4.99952E-01
 4.99951E-01
 4.99951E-01
 4.99951E-01
 4.99951E-01
 4.99951E-01
 4.99950E-01
 4.99950E-01
 4.99950E-01
 4.99950E-01
 4.99949E-01
 4.99949E-01
 4.99949E-01
 4.99949E-01
 4.99949E-01
 4.99948E-01
 4.99948E-01
 4.99948E-01
 4.99948E-01
 4.99948E-01
 4.99948E-01
 4.99947E-01
 4.99947E-01
 4.99947E-01
 4.99947E-01
 4.99947E-01
 4.99947E-01
 4.99947E-01
 4.99946E-01
 4.99946E-01
 4.99946E-01
 4.99946E-01
 4.99946E-01
 4.99946E-01
 4.99946E-01
 4.99946E-01
 4.99945E-01
 4.99945E-01
 4.99945E-01
 4.99945E-01
 4.99945E-01
 4.99945E-01
 4.99945E-01
 4.99945E-01
 4.99945E-01
 4.99945E-01
 4.99944E-01
 4.99944E-01
 4.99944E-01
 4.99944E-01
 4.99944E-01
 4.99944E-01
 4.99944E-01
 4.99944E-01
 4.99944E-01
 4.99944E-01
 4.99944E-01
 4.99944E-01
 4.99944E-01
 4.99944E-01
 4.99944E-01
 4.99944E-01
 4.99943E-01
 4.99943E-01
 4.99943E-01
 4.99943E-01
 4.99943E-01
 4.99943E-01
 4.99943E-01
 4.99943E-01
 4.99943E-01
 4.99943E-01
 4.99943E-01
 4.99943E-01
 4.99943E-01
 4.99943E-01
 4.99943E-01
 4.99943E-01
 4.99943E-01
 4.99943E-01
 4.99943E-01
 4.99943E-01
 4.99943E-01
 4.99943E-01
 4.99943E-01
 4.99943E-01
 4.99956E-01
 4.99957E-01
 4.99957E-01
 4.99957E-01
 4.99958E-01
 4.99958E-01
 4.99958E-01
 4.99958E-01
 4.99958E-01
 4.99958E-01
 4.99958E-01
 4.99958E-01
 4.99957E-01
 4.99957E-01
 4.99957E-01
 4.99957E-01
 4.99957E-01
 4.99956E-01
 4.99956E-01
 4.99956E-01
 4.99956E-01
 4.99955E-01
 4.99955E-01
 4.99955E-01
 4.99954E-01
 4.99954E-01
 4.99954E-01
 4.99954E-01
 4.99953E-01
 4.99953E-01
 4.99953E-01
 4.99953E-01
 4.99952E-01
 4.99952E-01
 4.99952E-01
 4.99952E-01
 4.99951E-01
 4.99951E-01
 4.99951E-01
 4.99951E-01
 4.99950E-01
 4.99950E-01
 4.99950E-01
 4.99950E-01
 4.99949E-01
 4.99949E-01
 4.99949E-01
 4.99949E-01
 4.99949E-01
 4.99948E-01
 4.99948E-01
 4.99948E-01
 4.99948E-01
 4.99948E-01
 4.99948E-01
 4.99947E-01
 4.99947E-01
 4.99947E-01
 4.99947E-01
 4.99947E-01
 4.99947E-01
 4.99947E-01
 4.99946E-01
 4.99946E-01
 4.99946E-01
 4.99946E-01
 4.99946E-01
 4.99946E-01
 4.99946E-01
 4.99946E-01
 4.99945E-01
 4.99945E-01
 4.99945E-01
 4.99945E-01
 4.99945E-01
 4.99945E-01
 4.99945E-01
 4.99945E-01
 4.99945E-01
 4.99945E-01
 4.99944E-01
 4.99944E-01
 4.99944E-01
 4.99944E-01
 4.99944E-01
 4.99944E-01
 4.99944E-01
 4.99944E-01
 4.99944E-01
 4.99944E-01
 4.99944E-01
 4.99944E-01
 4.99944E-01
 4.99944E-01
 4.99944E-01
 4.99944E-01
 4.99943E-01
 4.99943E-01
 4.99943E-01
 4.99943E-01
 4.99943E-01
 4.99943E-01
 4.99943E-01
 4.99943E-01
 4.99943E-01
 4.99943E-01
 4.99943E-01
 4.99943E-01
 4.99943E-01
 4.99943E-01
 4.99943E-01
 4.99943E-01
 4.99943E-01
 4.99943E-01
 4.99943E-01
 4.99943E-01
 4.99943E-01
 4.99943E-01
 4.99943E-01
 4.99943E-01
 4.99957E-01
 4.99957E-01
 4.99957E-01
 4.99958E-01
 4.99958E-01
 4.99958E-01
 4.99958E-01
 4.99958E-01
 4.99958E-01
 4.99958E-01
 4.99958E-01
 4.99958E-01
 4.99958E-01
 4.99957E-01
 4.99957E-01
 4.99957E-01
 4.99957E-01
 4.99956E-01
 4.99956E-01
 4.99956E-01
 4.99956E-01
 4.99955E-01
 4.99955E-01
 4.99955E-01
 4.99955E-01
 4.99954E-01
 4.99954E-01
 4.99954E-01
 4.99953E-01
 4.99953E-01
 4.99953E-01
 4.99953E-01
 4.99952E-01
 4.99952E-01
 4.99952E-01
 4.99952E-01
 4.99951E-01
 4.99951E-01
 4.99951E-01
 4.99951E-01
 4.99950E-01
 4.99950E-01
 4.99950E-01
 4.99950E-01
 4.99949E-01
 4.99949E-01
 4.99949E-01
 4.99949E-01
 4.99949E-01
 4.99948E-01
 4.99948E-01
 4.99948E-01
 4.99948E-01
 4.99948E-01
 4.99948E-01
 4.99947E-01
 4.99947E-01
 4.99947E-01
 4.99947E-01
 4.99947E-01
 4.99947E-01
 4.99947E-01
 4.99946E-01
 4.99946E-01
 4.99946E-01
 4.99946E-01
 4.99946E-01
 4.99946E-01
 4.99946E-01
 4.99946E-01
 4.99945E-01
 4.99945E-01
 4.99945E-01
 4.99945E-01
 4.99945E-01
 4.99945E-01
 4.99945E-01
 4.99945E-01
 4.99945E-01
 4.99945E-01
 4.99944E-01
 4.99944E-01
 4.99944E-01
 4.99944E-01
 4.99944E-01
 4.99944E-01
 4.99944E-01
 4.99944E-01
 4.99944E-01
 4.99944E-01
 4.99944E-01
 4.99944E-01
 4.99944E-01
 4.99944E-01
 4.99944E-01
 4.99944E-01
 4.99943E-01
 4.99943E-01
 4.99943E-01
 4.99943E-01
 4.99943E-01
 4.99943E-01
 4.99943E-01
 4.99943E-01
 4.99943E-01
 4.99943E-01
 4.99943E-01
 4.99943E-01
 4.99943E-01
 4.99943E-01
 4.99943E-01
 4.99943E-01
 4.99943E-01
 4.99943E-01
 4.99943E-01
 4.99943E-01
 4.99943E-01
 4.99943E-01
 4.99943E-01
 4.99943E-01
 4.99957E-01
 4.99957E-01
 4.99957E-01
 4.99958E-01
 4.99958E-01
 4.99958E-01
 4.99958E-01
 4.99958E-01
 4.99958E-01
 4.99958E-01
 4.99958E-01
 4.99958E-01
 4.99958E-01
 4.99957E-01
 4.99957E-01
 4.99957E-01
 4.99957E-01
 4.99956E-01
 4.99956E-01
 4.99956E-01
 4.99956E-01
 4.99955E-01
 4.99955E-01
 4.99955E-01
 4.99955E-01
 4.99954E-01
 4.99954E-01
 4.99954E-01
 4.99953E-01
 4.99953E-01
 4.99953E-01
 4.99953E-01
 4.99952E-01
 4.99952E-01
 4.99952E-01
 4.99952E-01
 4.99951E-01
 4.99951E-01
 4.99951E-01
 4.99951E-01
 4.99950E-01
 4.99950E-01
 4.99950E-01
 4.99950E-01
 4.99950E-01
 4.99949E-01
 4.99949E-01
 4.99949E-01
 4.99949E-01
 4.99949E-01
 4.99948E-01
 4.99948E-01
 4.99948E-01
 4.99948E-01
 4.99948E-01
 4.99947E-01
 4.99947E-01
 4.99947E-01
 4.99947E-01
 4.99947E-01
 4.99947E-01
 4.99947E-01
 4.99946E-01
 4.99946E-01
 4.99946E-01
 4.99946E-01
 4.99946E-01
 4.99946E-01
 4.99946E-01
 4.99946E-01
 4.99945E-01
 4.99945E-01
 4.99945E-01
 4.99945E-01
 4.99945E-01
 4.99945E-01
 4.99945E-01
 4.99945E-01
 4.99945E-01
 4.99945E-01
 4.99944E-01
 4.99944E-01
 4.99944E-01
 4.99944E-01
 4.99944E-01
 4.99944E-01
 4.99944E-01
 4.99944E-01
 4.99944E-01
 4.99944E-01
 4.99944E-01
 4.99944E-01
 4.99944E-01
 4.99944E-01
 4.99944E-01
 4.99944E-01
 4.99943E-01
 4.99943E-01
 4.99943E-01
 4.99943E-01
 4.99943E-01
 4.99943E-01
 4.99943E-01
 4.99943E-01
 4.99943E-01
 4.99943E-01
 4.99943E-01
 4.99943E-01
 4.99943E-01
 4.99943E-01
 4.99943E-01
 4.99943E-01
 4.99943E-01
 4.99943E-01
 4.99943E-01
 4.99943E-01
 4.99943E-01
 4.99943E-01
 4.99943E-01
 4.99943E-01
