 1.00000E+00
 1.00000E+00
 1.00000E+00
 1.00000E+00
 1.00000E+00
 1.00000E+00
 1.00000E+00
 1.00000E+00
 1.00000E+00
 1.00000E+00
 1.00000E+00
 1.00000E+00
 1.00000E+00
 1.00000E+00
 1.00000E+00
 1.00000E+00
 1.00000E+00
 1.00000E+00
 1.00000E+00
 1.00000E+00
 1.00000E+00
 1.00000E+00
 1.00000E+00
 1.00000E+00
 1.00000E+00
 1.00000E+00
 1.00000E+00
 1.00000E+00
 1.00000E+00
 1.00000E+00
 1.00000E+00
 1.00000E+00
 1.00000E+00
 1.00000E+00
 9.99928E-01
 5.94099E-01
 5.09710E-01
 5.01735E-01
 5.00361E-01
 5.00121E-01
 5.00081E-01
 5.00075E-01
 5.00073E-01
 5.00073E-01
 5.00072E-01
 5.00072E-01
 5.00071E-01
 5.00071E-01
 5.00071E-01
 5.00070E-01
 5.00070E-01
 5.00070E-01
 5.00069E-01
 5.00069E-01
 5.00069E-01
 5.00069E-01
 5.00068E-01
 5.00068E-01
 5.00068E-01
 5.00068E-01
 5.00067E-01
 5.00067E-01
 5.00067E-01
 5.00067E-01
 5.00067E-01
 5.00066E-01
 5.00066E-01
 5.00066E-01
 5.00066E-01
 5.00066E-01
 5.00066E-01
 5.00065E-01
 5.00065E-01
 5.00065E-01
 5.00065E-01
 5.00065E-01
 5.00065E-01
 5.00065E-01
 5.00065E-01
 5.00064E-01
 5.00064E-01
 5.00064E-01
 5.00064E-01
 5.00064E-01
 5.00064E-01
 5.00064E-01
 5.00064E-01
 5.00064E-01
 5.00064E-01
 5.00064E-01
 5.00064E-01
 5.00063E-01
 5.00063E-01
 5.00063E-01
 5.00063E-01
 5.00063E-01
 5.00063E-01
 5.00063E-01
 5.00063E-01
 5.00063E-01
 5.00063E-01
 5.00063E-01
 5.00063E-01
 5.00063E-01
 5.00063E-01
 5.00063E-01
 5.00063E-01
 5.00063E-01
 5.00063E-01
 5.00063E-01
 5.00063E-01
 5.00063E-01
 5.00063E-01
 5.00063E-01
 5.00063E-01
 5.00063E-01
 5.00063E-01
 5.00063E-01
 5.00063E-01
 5.00063E-01
 1.00000E+00
 1.00000E+00
 1.00000E+00
 1.00000E+00
 1.00000E+00
 1.00000E+00
 1.00000E+00
 1.00000E+00
 1.00000E+00
 1.00000E+00
 1.00000E+00
 1.00000E+00
 1.00000E+00
 1.00000E+00
 1.00000E+00
 1.00000E+00
 1.00000E+00
 1.00000E+00
 1.00000E+00
 1.00000E+00
 1.00000E+00
 1.00000E+00
 1.00000E+00
 1.00000E+00
 1.00000E+00
 1.00000E+00
 1.00000E+00
 1.00000E+00
 1.00000E+00
 1.00000E+00
 1.00000E+00
 1.00000E+00
 1.00000E+00
 1.00000E+00
 9.99756E-01
 5.77091E-01
 5.08533E-01
 5.01563E-01
 5.00331E-01
 5.00116E-01
 5.00080E-01
 5.00074E-01
 5.00073E-01
 5.00073E-01
 5.00072E-01
 5.00072E-01
 5.00071E-01
 5.00071E-01
 5.00071E-01
 5.00070E-01
 5.00070E-01
 5.00070E-01
 5.00069E-01
 5.00069E-01
 5.00069E-01
 5.00069E-01
 5.00068E-01
 5.00068E-01
 5.00068E-01
 5.00068E-01
 5.00067E-01
 5.00067E-01
 5.00067E-01
 5.00067E-01
 5.00067E-01
 5.00066E-01
 5.00066E-01
 5.00066E-01
 5.00066E-01
 5.00066E-01
 5.00066E-01
 5.00065E-01
 5.00065E-01
 5.00065E-01
 5.00065E-01
 5.00065E-01
 5.00065E-01
 5.00065E-01
 5.00065E-01
 5.00064E-01
 5.00064E-01
 5.00064E-01
 5.00064E-01
 5.00064E-01
 5.00064E-01
 5.00064E-01
 5.00064E-01
 5.00064E-01
 5.00064E-01
 5.00064E-01
 5.00064E-01
 5.00063E-01
 5.00063E-01
 5.00063E-01
 5.00063E-01
 5.00063E-01
 5.00063E-01
 5.00063E-01
 5.00063E-01
 5.00063E-01
 5.00063E-01
 5.00063E-01
 5.00063E-01
 5.00063E-01
 5.00063E-01
 5.00063E-01
 5.00063E-01
 5.00063E-01
 5.00063E-01
 5.00063E-01
 5.00063E-01
 5.00063E-01
 5.00063E-01
 5.00063E-01
 5.00063E-01
 5.00063E-01
 5.00063E-01
 5.00063E-01
 5.00063E-01
 5.00063E-01
 1.00000E+00
 1.00000E+00
 1.00000E+00
 1.00000E+00
 1.00000E+00
 1.00000E+00
 1.00000E+00
 1.00000E+00
 1.00000E+00
 1.00000E+00
 1.00000E+00
 1.00000E+00
 1.00000E+00
 1.00000E+00
 1.00000E+00
 1.00000E+00
 1.00000E+00
 1.00000E+00
 1.00000E+00
 1.00000E+00
 1.00000E+00
 1.00000E+00
 1.00000E+00
 1.00000E+00
 1.00000E+00
 1.00000E+00
 1.00000E+00
 1.00000E+00
 1.00000E+00
 1.00000E+00
 1.00000E+00
 1.00000E+00
 1.00000E+00
 1.00000E+00
 9.98552E-01
 5.55819E-01
 5.07196E-01
 5.01360E-01
 5.00295E-01
 5.00110E-01
 5.00079E-01
 5.00074E-01
 5.00073E-01
 5.00073E-01
 5.00072E-01
 5.00072E-01
 5.00071E-01
 5.00071E-01
 5.00071E-01
 5.00070E-01
 5.00070E-01
 5.00070E-01
 5.00069E-01
 5.00069E-01
 5.00069E-01
 5.00069E-01
 5.00068E-01
 5.00068E-01
 5.00068E-01
 5.00068E-01
 5.00067E-01
 5.00067E-01
 5.00067E-01
 5.00067E-01
 5.00067E-01
 5.00066E-01
 5.00066E-01
 5.00066E-01
 5.00066E-01
 5.00066E-01
 5.00066E-01
 5.00065E-01
 5.00065E-01
 5.00065E-01
 5.00065E-01
 5.00065E-01
 5.00065E-01
 5.00065E-01
 5.00065E-01
 5.00064E-01
 5.00064E-01
 5.00064E-01
 5.00064E-01
 5.00064E-01
 5.00064E-01
 5.00064E-01
 5.00064E-01
 5.00064E-01
 5.00064E-01
 5.00064E-01
 5.00064E-01
 5.00063E-01
 5.00063E-01
 5.00063E-01
 5.00063E-01
 5.00063E-01
 5.00063E-01
 5.00063E-01
 5.00063E-01
 5.00063E-01
 5.00063E-01
 5.00063E-01
 5.00063E-01
 5.00063E-01
 5.00063E-01
 5.00063E-01
 5.00063E-01
 5.00063E-01
 5.00063E-01
 5.00063E-01
 5.00063E-01
 5.00063E-01
 5.00063E-01
 5.00063E-01
 5.00063E-01
 5.00063E-01
 5.00063E-01
 5.00063E-01
 5.00063E-01
 5.00063E-01
 1.00000E+00
 1.00000E+00
 1.00000E+00
 1.00000E+00
 1.00000E+00
 1.00000E+00
 1.00000E+00
 1.00000E+00
 1.00000E+00
 1.00000E+00
 1.00000E+00
 1.00000E+00
 1.00000E+00
 1.00000E+00
 1.00000E+00
 1.00000E+00
 1.00000E+00
 1.00000E+00
 1.00000E+00
 1.00000E+00
 1.00000E+00
 1.00000E+00
 1.00000E+00
 1.00000E+00
 1.00000E+00
 1.00000E+00
 1.00000E+00
 1.00000E+00
 1.00000E+00
 1.00000E+00
 1.00000E+00
 1.00000E+00
 1.00000E+00
 1.00000E+00
 9.82946E-01
 5.33465E-01
 5.05952E-01
 5.01141E-01
 5.00254E-01
 5.00103E-01
 5.00078E-01
 5.00074E-01
 5.00073E-01
 5.00072E-01
 5.00072E-01
 5.00072E-01
 5.00071E-01
 5.00071E-01
 5.00071E-01
 5.00070E-01
 5.00070E-01
 5.00070E-01
 5.00069E-01
 5.00069E-01
 5.00069E-01
 5.00068E-01
 5.00068E-01
 5.00068E-01
 5.00068E-01
 5.00068E-01
 5.00067E-01
 5.00067E-01
 5.00067E-01
 5.00067E-01
 5.00067E-01
 5.00066E-01
 5.00066E-01
 5.00066E-01
 5.00066E-01
 5.00066E-01
 5.00066E-01
 5.00065E-01
 5.00065E-01
 5.00065E-01
 5.00065E-01
 5.00065E-01
 5.00065E-01
 5.00065E-01
 5.00065E-01
 5.00064E-01
 5.00064E-01
 5.00064E-01
 5.00064E-01
 5.00064E-01
 5.00064E-01
 5.00064E-01
 5.00064E-01
 5.00064E-01
 5.00064E-01
 5.00064E-01
 5.00064E-01
 5.00063E-01
 5.00063E-01
 5.00063E-01
 5.00063E-01
 5.00063E-01
 5.00063E-01
 5.00063E-01
 5.00063E-01
 5.00063E-01
 5.00063E-01
 5.00063E-01
 5.00063E-01
 5.00063E-01
 5.00063E-01
 5.00063E-01
 5.00063E-01
 5.00063E-01
 5.00063E-01
 5.00063E-01
 5.00063E-01
 5.00063E-01
 5.00063E-01
 5.00063E-01
 5.00063E-01
 5.00063E-01
 5.00063E-01
 5.00063E-01
 5.00063E-01
 5.00063E-01
 1.00000E+00
 1.00000E+00
 1.00000E+00
 1.00000E+00
 1.00000E+00
 1.00000E+00
 1.00000E+00
 1.00000E+00
 1.00000E+00
 1.00000E+00
 1.00000E+00
 1.00000E+00
 1.00000E+00
 1.00000E+00
 1.00000E+00
 1.00000E+00
 1.00000E+00
 1.00000E+00
 1.00000E+00
 1.00000E+00
 1.00000E+00
 1.00000E+00
 1.00000E+00
 1.00000E+00
 1.00000E+00
 1.00000E+00
 1.00000E+00
 1.00000E+00
 1.00000E+00
 1.00000E+00
 1.00000E+00
 1.00000E+00
 1.00000E+00
 1.00000E+00
 8.74201E-01
 5.26695E-01
 5.04877E-01
 5.00916E-01
 5.00214E-01
 5.00096E-01
 5.00077E-01
 5.00074E-01
 5.00073E-01
 5.00072E-01
 5.00072E-01
 5.00072E-01
 5.00071E-01
 5.00071E-01
 5.00071E-01
 5.00070E-01
 5.00070E-01
 5.00070E-01
 5.00069E-01
 5.00069E-01
 5.00069E-01
 5.00068E-01
 5.00068E-01
 5.00068E-01
 5.00068E-01
 5.00068E-01
 5.00067E-01
 5.00067E-01
 5.00067E-01
 5.00067E-01
 5.00067E-01
 5.00066E-01
 5.00066E-01
 5.00066E-01
 5.00066E-01
 5.00066E-01
 5.00066E-01
 5.00065E-01
 5.00065E-01
 5.00065E-01
 5.00065E-01
 5.00065E-01
 5.00065E-01
 5.00065E-01
 5.00065E-01
 5.00064E-01
 5.00064E-01
 5.00064E-01
 5.00064E-01
 5.00064E-01
 5.00064E-01
 5.00064E-01
 5.00064E-01
 5.00064E-01
 5.00064E-01
 5.00064E-01
 5.00063E-01
 5.00063E-01
 5.00063E-01
 5.00063E-01
 5.00063E-01
 5.00063E-01
 5.00063E-01
 5.00063E-01
 5.00063E-01
 5.00063E-01
 5.00063E-01
 5.00063E-01
 5.00063E-01
 5.00063E-01
 5.00063E-01
 5.00063E-01
 5.00063E-01
 5.00063E-01
 5.00063E-01
 5.00063E-01
 5.00063E-01
 5.00063E-01
 5.00063E-01
 5.00063E-01
 5.00063E-01
 5.00063E-01
 5.00063E-01
 5.00063E-01
 5.00063E-01
 5.00063E-01
 1.00000E+00
 1.00000E+00
 1.00000E+00
 1.00000E+00
 1.00000E+00
 1.00000E+00
 1.00000E+00
 1.00000E+00
 1.00000E+00
 1.00000E+00
 1.00000E+00
 1.00000E+00
 1.00000E+00
 1.00000E+00
 1.00000E+00
 1.00000E+00
 1.00000E+00
 1.00000E+00
 1.00000E+00
 1.00000E+00
 1.00000E+00
 1.00000E+00
 1.00000E+00
 1.00000E+00
 1.00000E+00
 1.00000E+00
 1.00000E+00
 1.00000E+00
 1.00000E+00
 1.00000E+00
 1.00000E+00
 1.00000E+00
 1.00000E+00
 1.00000E+00
 7.73638E-01
 5.21765E-01
 5.03765E-01
 5.00700E-01
 5.00176E-01
 5.00090E-01
 5.00076E-01
 5.00074E-01
 5.00073E-01
 5.00072E-01
 5.00072E-01
 5.00072E-01
 5.00071E-01
 5.00071E-01
 5.00070E-01
 5.00070E-01
 5.00070E-01
 5.00070E-01
 5.00069E-01
 5.00069E-01
 5.00069E-01
 5.00068E-01
 5.00068E-01
 5.00068E-01
 5.00068E-01
 5.00067E-01
 5.00067E-01
 5.00067E-01
 5.00067E-01
 5.00067E-01
 5.00067E-01
 5.00066E-01
 5.00066E-01
 5.00066E-01
 5.00066E-01
 5.00066E-01
 5.00066E-01
 5.00065E-01
 5.00065E-01
 5.00065E-01
 5.00065E-01
 5.00065E-01
 5.00065E-01
 5.00065E-01
 5.00065E-01
 5.00064E-01
 5.00064E-01
 5.00064E-01
 5.00064E-01
 5.00064E-01
 5.00064E-01
 5.00064E-01
 5.00064E-01
 5.00064E-01
 5.00064E-01
 5.00064E-01
 5.00063E-01
 5.00063E-01
 5.00063E-01
 5.00063E-01
 5.00063E-01
 5.00063E-01
 5.00063E-01
 5.00063E-01
 5.00063E-01
 5.00063E-01
 5.00063E-01
 5.00063E-01
 5.00063E-01
 5.00063E-01
 5.00063E-01
 5.00063E-01
 5.00063E-01
 5.00063E-01
 5.00063E-01
 5.00063E-01
 5.00063E-01
 5.00063E-01
 5.00063E-01
 5.00063E-01
 5.00063E-01
 5.00063E-01
 5.00063E-01
 5.00063E-01
 5.00063E-01
 5.00063E-01
 1.00000E+00
 1.00000E+00
 1.00000E+00
 1.00000E+00
 1.00000E+00
 1.00000E+00
 1.00000E+00
 1.00000E+00
 1.00000E+00
 1.00000E+00
 1.00000E+00
 1.00000E+00
 1.00000E+00
 1.00000E+00
 1.00000E+00
 1.00000E+00
 1.00000E+00
 1.00000E+00
 1.00000E+00
 1.00000E+00
 1.00000E+00
 1.00000E+00
 1.00000E+00
 1.00000E+00
 1.00000E+00
 1.00000E+00
 1.00000E+00
 1.00000E+00
 1.00000E+00
 1.00000E+00
 1.00000E+00
 1.00000E+00
 1.00000E+00
 1.00000E+00
 6.88422E-01
 5.16320E-01
 5.02710E-01
 5.00513E-01
 5.00145E-01
 5.00085E-01
 5.00075E-01
 5.00073E-01
 5.00073E-01
 5.00072E-01
 5.00072E-01
 5.00071E-01
 5.00071E-01
 5.00071E-01
 5.00070E-01
 5.00070E-01
 5.00070E-01
 5.00069E-01
 5.00069E-01
 5.00069E-01
 5.00069E-01
 5.00068E-01
 5.00068E-01
 5.00068E-01
 5.00068E-01
 5.00067E-01
 5.00067E-01
 5.00067E-01
 5.00067E-01
 5.00067E-01
 5.00066E-01
 5.00066E-01
 5.00066E-01
 5.00066E-01
 5.00066E-01
 5.00066E-01
 5.00066E-01
 5.00065E-01
 5.00065E-01
 5.00065E-01
 5.00065E-01
 5.00065E-01
 5.00065E-01
 5.00065E-01
 5.00065E-01
 5.00064E-01
 5.00064E-01
 5.00064E-01
 5.00064E-01
 5.00064E-01
 5.00064E-01
 5.00064E-01
 5.00064E-01
 5.00064E-01
 5.00064E-01
 5.00064E-01
 5.00063E-01
 5.00063E-01
 5.00063E-01
 5.00063E-01
 5.00063E-01
 5.00063E-01
 5.00063E-01
 5.00063E-01
 5.00063E-01
 5.00063E-01
 5.00063E-01
 5.00063E-01
 5.00063E-01
 5.00063E-01
 5.00063E-01
 5.00063E-01
 5.00063E-01
 5.00063E-01
 5.00063E-01
 5.00063E-01
 5.00063E-01
 5.00063E-01
 5.00063E-01
 5.00063E-01
 5.00063E-01
 5.00063E-01
 5.00063E-01
 5.00063E-01
 5.00063E-01
 5.00063E-01
 1.00000E+00
 1.00000E+00
 1.00000E+00
 1.00000E+00
 1.00000E+00
 1.00000E+00
 1.00000E+00
 1.00000E+00
 1.00000E+00
 1.00000E+00
 1.00000E+00
 1.00000E+00
 1.00000E+00
 1.00000E+00
 1.00000E+00
 1.00000E+00
 1.00000E+00
 1.00000E+00
 1.00000E+00
 1.00000E+00
 1.00000E+00
 1.00000E+00
 1.00000E+00
 1.00000E+00
 1.00000E+00
 1.00000E+00
 1.00000E+00
 1.00000E+00
 1.00000E+00
 1.00000E+00
 1.00000E+00
 1.00000E+00
 1.00000E+00
 9.99998E-01
 6.15340E-01
 5.10894E-01
 5.01824E-01
 5.00364E-01
 5.00120E-01
 5.00081E-01
 5.00075E-01
 5.00073E-01
 5.00073E-01
 5.00072E-01
 5.00072E-01
 5.00071E-01
 5.00071E-01
 5.00071E-01
 5.00070E-01
 5.00070E-01
 5.00070E-01
 5.00069E-01
 5.00069E-01
 5.00069E-01
 5.00069E-01
 5.00068E-01
 5.00068E-01
 5.00068E-01
 5.00068E-01
 5.00067E-01
 5.00067E-01
 5.00067E-01
 5.00067E-01
 5.00067E-01
 5.00066E-01
 5.00066E-01
 5.00066E-01
 5.00066E-01
 5.00066E-01
 5.00066E-01
 5.00065E-01
 5.00065E-01
 5.00065E-01
 5.00065E-01
 5.00065E-01
 5.00065E-01
 5.00065E-01
 5.00065E-01
 5.00064E-01
 5.00064E-01
 5.00064E-01
 5.00064E-01
 5.00064E-01
 5.00064E-01
 5.00064E-01
 5.00064E-01
 5.00064E-01
 5.00064E-01
 5.00064E-01
 5.00064E-01
 5.00063E-01
 5.00063E-01
 5.00063E-01
 5.00063E-01
 5.00063E-01
 5.00063E-01
 5.00063E-01
 5.00063E-01
 5.00063E-01
 5.00063E-01
 5.00063E-01
 5.00063E-01
 5.00063E-01
 5.00063E-01
 5.00063E-01
 5.00063E-01
 5.00063E-01
 5.00063E-01
 5.00063E-01
 5.00063E-01
 5.00063E-01
 5.00063E-01
 5.00063E-01
 5.00063E-01
 5.00063E-01
 5.00063E-01
 5.00063E-01
 5.00063E-01
 5.00063E-01
 5.00063E-01
 1.00000E+00
 1.00000E+00
 1.00000E+00
 1.00000E+00
 1.00000E+00
 1.00000E+00
 1.00000E+00
 1.00000E+00
 1.00000E+00
 1.00000E+00
 1.00000E+00
 1.00000E+00
 1.00000E+00
 1.00000E+00
 1.00000E+00
 1.00000E+00
 1.00000E+00
 1.00000E+00
 1.00000E+00
 1.00000E+00
 1.00000E+00
 1.00000E+00
 1.00000E+00
 1.00000E+00
 1.00000E+00
 1.00000E+00
 1.00000E+00
 1.00000E+00
 1.00000E+00
 1.00000E+00
 1.00000E+00
 1.00000E+00
 1.00000E+00
 9.98729E-01
 5.51070E-01
 5.06487E-01
 5.01183E-01
 5.00256E-01
 5.00102E-01
 5.00078E-01
 5.00074E-01
 5.00073E-01
 5.00073E-01
 5.00072E-01
 5.00072E-01
 5.00071E-01
 5.00071E-01
 5.00071E-01
 5.00070E-01
 5.00070E-01
 5.00070E-01
 5.00069E-01
 5.00069E-01
 5.00069E-01
 5.00069E-01
 5.00068E-01
 5.00068E-01
 5.00068E-01
 5.00068E-01
 5.00067E-01
 5.00067E-01
 5.00067E-01
 5.00067E-01
 5.00067E-01
 5.00066E-01
 5.00066E-01
 5.00066E-01
 5.00066E-01
 5.00066E-01
 5.00066E-01
 5.00065E-01
 5.00065E-01
 5.00065E-01
 5.00065E-01
 5.00065E-01
 5.00065E-01
 5.00065E-01
 5.00065E-01
 5.00064E-01
 5.00064E-01
 5.00064E-01
 5.00064E-01
 5.00064E-01
 5.00064E-01
 5.00064E-01
 5.00064E-01
 5.00064E-01
 5.00064E-01
 5.00064E-01
 5.00064E-01
 5.00063E-01
 5.00063E-01
 5.00063E-01
 5.00063E-01
 5.00063E-01
 5.00063E-01
 5.00063E-01
 5.00063E-01
 5.00063E-01
 5.00063E-01
 5.00063E-01
 5.00063E-01
 5.00063E-01
 5.00063E-01
 5.00063E-01
 5.00063E-01
 5.00063E-01
 5.00063E-01
 5.00063E-01
 5.00063E-01
 5.00063E-01
 5.00063E-01
 5.00063E-01
 5.00063E-01
 5.00063E-01
 5.00063E-01
 5.00063E-01
 5.00063E-01
 5.00063E-01
 5.00063E-01
 1.00000E+00
 1.00000E+00
 1.00000E+00
 1.00000E+00
 1.00000E+00
 1.00000E+00
 1.00000E+00
 1.00000E+00
 1.00000E+00
 1.00000E+00
 1.00000E+00
 1.00000E+00
 1.00000E+00
 1.00000E+00
 1.00000E+00
 1.00000E+00
 1.00000E+00
 1.00000E+00
 1.00000E+00
 1.00000E+00
 1.00000E+00
 1.00000E+00
 1.00000E+00
 1.00000E+00
 1.00000E+00
 1.00000E+00
 1.00000E+00
 1.00000E+00
 1.00000E+00
 1.00000E+00
 1.00000E+00
 1.00000E+00
 1.00000E+00
 8.27850E-01
 5.23884E-01
 5.04136E-01
 5.00750E-01
 5.00181E-01
 5.00090E-01
 5.00076E-01
 5.00074E-01
 5.00073E-01
 5.00072E-01
 5.00072E-01
 5.00072E-01
 5.00071E-01
 5.00071E-01
 5.00071E-01
 5.00070E-01
 5.00070E-01
 5.00070E-01
 5.00069E-01
 5.00069E-01
 5.00069E-01
 5.00068E-01
 5.00068E-01
 5.00068E-01
 5.00068E-01
 5.00068E-01
 5.00067E-01
 5.00067E-01
 5.00067E-01
 5.00067E-01
 5.00067E-01
 5.00066E-01
 5.00066E-01
 5.00066E-01
 5.00066E-01
 5.00066E-01
 5.00066E-01
 5.00065E-01
 5.00065E-01
 5.00065E-01
 5.00065E-01
 5.00065E-01
 5.00065E-01
 5.00065E-01
 5.00065E-01
 5.00064E-01
 5.00064E-01
 5.00064E-01
 5.00064E-01
 5.00064E-01
 5.00064E-01
 5.00064E-01
 5.00064E-01
 5.00064E-01
 5.00064E-01
 5.00064E-01
 5.00063E-01
 5.00063E-01
 5.00063E-01
 5.00063E-01
 5.00063E-01
 5.00063E-01
 5.00063E-01
 5.00063E-01
 5.00063E-01
 5.00063E-01
 5.00063E-01
 5.00063E-01
 5.00063E-01
 5.00063E-01
 5.00063E-01
 5.00063E-01
 5.00063E-01
 5.00063E-01
 5.00063E-01
 5.00063E-01
 5.00063E-01
 5.00063E-01
 5.00063E-01
 5.00063E-01
 5.00063E-01
 5.00063E-01
 5.00063E-01
 5.00063E-01
 5.00062E-01
 5.00062E-01
 5.00062E-01
 1.00000E+00
 1.00000E+00
 1.00000E+00
 1.00000E+00
 1.00000E+00
 1.00000E+00
 1.00000E+00
 1.00000E+00
 1.00000E+00
 1.00000E+00
 1.00000E+00
 1.00000E+00
 1.00000E+00
 1.00000E+00
 1.00000E+00
 1.00000E+00
 1.00000E+00
 1.00000E+00
 1.00000E+00
 1.00000E+00
 1.00000E+00
 1.00000E+00
 1.00000E+00
 1.00000E+00
 1.00000E+00
 1.00000E+00
 1.00000E+00
 1.00000E+00
 1.00000E+00
 1.00000E+00
 1.00000E+00
 1.00000E+00
 1.00000E+00
 6.75454E-01
 5.15260E-01
 5.02450E-01
 5.00453E-01
 5.00133E-01
 5.00083E-01
 5.00075E-01
 5.00073E-01
 5.00073E-01
 5.00072E-01
 5.00072E-01
 5.00072E-01
 5.00071E-01
 5.00071E-01
 5.00070E-01
 5.00070E-01
 5.00070E-01
 5.00070E-01
 5.00069E-01
 5.00069E-01
 5.00069E-01
 5.00068E-01
 5.00068E-01
 5.00068E-01
 5.00068E-01
 5.00067E-01
 5.00067E-01
 5.00067E-01
 5.00067E-01
 5.00067E-01
 5.00066E-01
 5.00066E-01
 5.00066E-01
 5.00066E-01
 5.00066E-01
 5.00066E-01
 5.00066E-01
 5.00065E-01
 5.00065E-01
 5.00065E-01
 5.00065E-01
 5.00065E-01
 5.00065E-01
 5.00065E-01
 5.00065E-01
 5.00064E-01
 5.00064E-01
 5.00064E-01
 5.00064E-01
 5.00064E-01
 5.00064E-01
 5.00064E-01
 5.00064E-01
 5.00064E-01
 5.00064E-01
 5.00064E-01
 5.00063E-01
 5.00063E-01
 5.00063E-01
 5.00063E-01
 5.00063E-01
 5.00063E-01
 5.00063E-01
 5.00063E-01
 5.00063E-01
 5.00063E-01
 5.00063E-01
 5.00063E-01
 5.00063E-01
 5.00063E-01
 5.00063E-01
 5.00063E-01
 5.00063E-01
 5.00063E-01
 5.00063E-01
 5.00063E-01
 5.00063E-01
 5.00063E-01
 5.00063E-01
 5.00063E-01
 5.00063E-01
 5.00063E-01
 5.00062E-01
 5.00062E-01
 5.00062E-01
 5.00062E-01
 5.00062E-01
 1.00000E+00
 1.00000E+00
 1.00000E+00
 1.00000E+00
 1.00000E+00
 1.00000E+00
 1.00000E+00
 1.00000E+00
 1.00000E+00
 1.00000E+00
 1.00000E+00
 1.00000E+00
 1.00000E+00
 1.00000E+00
 1.00000E+00
 1.00000E+00
 1.00000E+00
 1.00000E+00
 1.00000E+00
 1.00000E+00
 1.00000E+00
 1.00000E+00
 1.00000E+00
 1.00000E+00
 1.00000E+00
 1.00000E+00
 1.00000E+00
 1.00000E+00
 1.00000E+00
 1.00000E+00
 1.00000E+00
 1.00000E+00
 9.99967E-01
 5.78721E-01
 5.07922E-01
 5.01328E-01
 5.00273E-01
 5.00104E-01
 5.00078E-01
 5.00074E-01
 5.00073E-01
 5.00073E-01
 5.00072E-01
 5.00072E-01
 5.00071E-01
 5.00071E-01
 5.00071E-01
 5.00070E-01
 5.00070E-01
 5.00070E-01
 5.00069E-01
 5.00069E-01
 5.00069E-01
 5.00069E-01
 5.00068E-01
 5.00068E-01
 5.00068E-01
 5.00068E-01
 5.00067E-01
 5.00067E-01
 5.00067E-01
 5.00067E-01
 5.00067E-01
 5.00066E-01
 5.00066E-01
 5.00066E-01
 5.00066E-01
 5.00066E-01
 5.00066E-01
 5.00065E-01
 5.00065E-01
 5.00065E-01
 5.00065E-01
 5.00065E-01
 5.00065E-01
 5.00065E-01
 5.00065E-01
 5.00064E-01
 5.00064E-01
 5.00064E-01
 5.00064E-01
 5.00064E-01
 5.00064E-01
 5.00064E-01
 5.00064E-01
 5.00064E-01
 5.00064E-01
 5.00064E-01
 5.00064E-01
 5.00063E-01
 5.00063E-01
 5.00063E-01
 5.00063E-01
 5.00063E-01
 5.00063E-01
 5.00063E-01
 5.00063E-01
 5.00063E-01
 5.00063E-01
 5.00063E-01
 5.00063E-01
 5.00063E-01
 5.00063E-01
 5.00063E-01
 5.00063E-01
 5.00063E-01
 5.00063E-01
 5.00063E-01
 5.00063E-01
 5.00063E-01
 5.00063E-01
 5.00063E-01
 5.00063E-01
 5.00062E-01
 5.00062E-01
 5.00062E-01
 5.00062E-01
 5.00062E-01
 5.00062E-01
 5.00062E-01
 1.00000E+00
 1.00000E+00
 1.00000E+00
 1.00000E+00
 1.00000E+00
 1.00000E+00
 1.00000E+00
 1.00000E+00
 1.00000E+00
 1.00000E+00
 1.00000E+00
 1.00000E+00
 1.00000E+00
 1.00000E+00
 1.00000E+00
 1.00000E+00
 1.00000E+00
 1.00000E+00
 1.00000E+00
 1.00000E+00
 1.00000E+00
 1.00000E+00
 1.00000E+00
 1.00000E+00
 1.00000E+00
 1.00000E+00
 1.00000E+00
 1.00000E+00
 1.00000E+00
 1.00000E+00
 1.00000E+00
 1.00000E+00
 8.55700E-01
 5.23994E-01
 5.04042E-01
 5.00716E-01
 5.00173E-01
 5.00089E-01
 5.00076E-01
 5.00074E-01
 5.00073E-01
 5.00073E-01
 5.00072E-01
 5.00072E-01
 5.00071E-01
 5.00071E-01
 5.00071E-01
 5.00070E-01
 5.00070E-01
 5.00070E-01
 5.00069E-01
 5.00069E-01
 5.00069E-01
 5.00069E-01
 5.00068E-01
 5.00068E-01
 5.00068E-01
 5.00068E-01
 5.00067E-01
 5.00067E-01
 5.00067E-01
 5.00067E-01
 5.00067E-01
 5.00066E-01
 5.00066E-01
 5.00066E-01
 5.00066E-01
 5.00066E-01
 5.00066E-01
 5.00065E-01
 5.00065E-01
 5.00065E-01
 5.00065E-01
 5.00065E-01
 5.00065E-01
 5.00065E-01
 5.00065E-01
 5.00064E-01
 5.00064E-01
 5.00064E-01
 5.00064E-01
 5.00064E-01
 5.00064E-01
 5.00064E-01
 5.00064E-01
 5.00064E-01
 5.00064E-01
 5.00064E-01
 5.00063E-01
 5.00063E-01
 5.00063E-01
 5.00063E-01
 5.00063E-01
 5.00063E-01
 5.00063E-01
 5.00063E-01
 5.00063E-01
 5.00063E-01
 5.00063E-01
 5.00063E-01
 5.00063E-01
 5.00063E-01
 5.00063E-01
 5.00063E-01
 5.00063E-01
 5.00063E-01
 5.00063E-01
 5.00063E-01
 5.00063E-01
 5.00063E-01
 5.00063E-01
 5.00063E-01
 5.00062E-01
 5.00062E-01
 5.00062E-01
 5.00062E-01
 5.00062E-01
 5.00062E-01
 5.00062E-01
 5.00062E-01
 1.00000E+00
 1.00000E+00
 1.00000E+00
 1.00000E+00
 1.00000E+00
 1.00000E+00
 1.00000E+00
 1.00000E+00
 1.00000E+00
 1.00000E+00
 1.00000E+00
 1.00000E+00
 1.00000E+00
 1.00000E+00
 1.00000E+00
 1.00000E+00
 1.00000E+00
 1.00000E+00
 1.00000E+00
 1.00000E+00
 1.00000E+00
 1.00000E+00
 1.00000E+00
 1.00000E+00
 1.00000E+00
 1.00000E+00
 1.00000E+00
 1.00000E+00
 1.00000E+00
 1.00000E+00
 1.00000E+00
 1.00000E+00
 6.46864E-01
 5.13028E-01
 5.02031E-01
 5.00376E-01
 5.00119E-01
 5.00081E-01
 5.00075E-01
 5.00073E-01
 5.00073E-01
 5.00072E-01
 5.00072E-01
 5.00072E-01
 5.00071E-01
 5.00071E-01
 5.00070E-01
 5.00070E-01
 5.00070E-01
 5.00070E-01
 5.00069E-01
 5.00069E-01
 5.00069E-01
 5.00068E-01
 5.00068E-01
 5.00068E-01
 5.00068E-01
 5.00067E-01
 5.00067E-01
 5.00067E-01
 5.00067E-01
 5.00067E-01
 5.00067E-01
 5.00066E-01
 5.00066E-01
 5.00066E-01
 5.00066E-01
 5.00066E-01
 5.00066E-01
 5.00065E-01
 5.00065E-01
 5.00065E-01
 5.00065E-01
 5.00065E-01
 5.00065E-01
 5.00065E-01
 5.00065E-01
 5.00064E-01
 5.00064E-01
 5.00064E-01
 5.00064E-01
 5.00064E-01
 5.00064E-01
 5.00064E-01
 5.00064E-01
 5.00064E-01
 5.00064E-01
 5.00064E-01
 5.00063E-01
 5.00063E-01
 5.00063E-01
 5.00063E-01
 5.00063E-01
 5.00063E-01
 5.00063E-01
 5.00063E-01
 5.00063E-01
 5.00063E-01
 5.00063E-01
 5.00063E-01
 5.00063E-01
 5.00063E-01
 5.00063E-01
 5.00063E-01
 5.00063E-01
 5.00063E-01
 5.00063E-01
 5.00063E-01
 5.00063E-01
 5.00063E-01
 5.00063E-01
 5.00062E-01
 5.00062E-01
 5.00062E-01
 5.00062E-01
 5.00062E-01
 5.00062E-01
 5.00062E-01
 5.00062E-01
 5.00062E-01
 1.00000E+00
 1.00000E+00
 1.00000E+00
 1.00000E+00
 1.00000E+00
 1.00000E+00
 1.00000E+00
 1.00000E+00
 1.00000E+00
 1.00000E+00
 1.00000E+00
 1.00000E+00
 1.00000E+00
 1.00000E+00
 1.00000E+00
 1.00000E+00
 1.00000E+00
 1.00000E+00
 1.00000E+00
 1.00000E+00
 1.00000E+00
 1.00000E+00
 1.00000E+00
 1.00000E+00
 1.00000E+00
 1.00000E+00
 1.00000E+00
 1.00000E+00
 1.00000E+00
 1.00000E+00
 1.00000E+00
 9.98186E-01
 5.43309E-01
 5.05459E-01
 5.00939E-01
 5.00206E-01
 5.00093E-01
 5.00077E-01
 5.00074E-01
 5.00073E-01
 5.00073E-01
 5.00072E-01
 5.00072E-01
 5.00071E-01
 5.00071E-01
 5.00071E-01
 5.00070E-01
 5.00070E-01
 5.00070E-01
 5.00069E-01
 5.00069E-01
 5.00069E-01
 5.00069E-01
 5.00068E-01
 5.00068E-01
 5.00068E-01
 5.00068E-01
 5.00067E-01
 5.00067E-01
 5.00067E-01
 5.00067E-01
 5.00067E-01
 5.00066E-01
 5.00066E-01
 5.00066E-01
 5.00066E-01
 5.00066E-01
 5.00066E-01
 5.00065E-01
 5.00065E-01
 5.00065E-01
 5.00065E-01
 5.00065E-01
 5.00065E-01
 5.00065E-01
 5.00065E-01
 5.00064E-01
 5.00064E-01
 5.00064E-01
 5.00064E-01
 5.00064E-01
 5.00064E-01
 5.00064E-01
 5.00064E-01
 5.00064E-01
 5.00064E-01
 5.00064E-01
 5.00063E-01
 5.00063E-01
 5.00063E-01
 5.00063E-01
 5.00063E-01
 5.00063E-01
 5.00063E-01
 5.00063E-01
 5.00063E-01
 5.00063E-01
 5.00063E-01
 5.00063E-01
 5.00063E-01
 5.00063E-01
 5.00063E-01
 5.00063E-01
 5.00063E-01
 5.00063E-01
 5.00063E-01
 5.00063E-01
 5.00063E-01
 5.00063E-01
 5.00062E-01
 5.00062E-01
 5.00062E-01
 5.00062E-01
 5.00062E-01
 5.00062E-01
 5.00062E-01
 5.00062E-01
 5.00062E-01
 5.00062E-01
 5.00062E-01
 1.00000E+00
 1.00000E+00
 1.00000E+00
 1.00000E+00
 1.00000E+00
 1.00000E+00
 1.00000E+00
 1.00000E+00
 1.00000E+00
 1.00000E+00
 1.00000E+00
 1.00000E+00
 1.00000E+00
 1.00000E+00
 1.00000E+00
 1.00000E+00
 1.00000E+00
 1.00000E+00
 1.00000E+00
 1.00000E+00
 1.00000E+00
 1.00000E+00
 1.00000E+00
 1.00000E+00
 1.00000E+00
 1.00000E+00
 1.00000E+00
 1.00000E+00
 1.00000E+00
 1.00000E+00
 1.00000E+00
 6.95864E-01
 5.15898E-01
 5.02478E-01
 5.00440E-01
 5.00128E-01
 5.00082E-01
 5.00075E-01
 5.00073E-01
 5.00073E-01
 5.00072E-01
 5.00072E-01
 5.00072E-01
 5.00071E-01
 5.00071E-01
 5.00071E-01
 5.00070E-01
 5.00070E-01
 5.00070E-01
 5.00069E-01
 5.00069E-01
 5.00069E-01
 5.00068E-01
 5.00068E-01
 5.00068E-01
 5.00068E-01
 5.00068E-01
 5.00067E-01
 5.00067E-01
 5.00067E-01
 5.00067E-01
 5.00067E-01
 5.00066E-01
 5.00066E-01
 5.00066E-01
 5.00066E-01
 5.00066E-01
 5.00066E-01
 5.00065E-01
 5.00065E-01
 5.00065E-01
 5.00065E-01
 5.00065E-01
 5.00065E-01
 5.00065E-01
 5.00065E-01
 5.00064E-01
 5.00064E-01
 5.00064E-01
 5.00064E-01
 5.00064E-01
 5.00064E-01
 5.00064E-01
 5.00064E-01
 5.00064E-01
 5.00064E-01
 5.00064E-01
 5.00063E-01
 5.00063E-01
 5.00063E-01
 5.00063E-01
 5.00063E-01
 5.00063E-01
 5.00063E-01
 5.00063E-01
 5.00063E-01
 5.00063E-01
 5.00063E-01
 5.00063E-01
 5.00063E-01
 5.00063E-01
 5.00063E-01
 5.00063E-01
 5.00063E-01
 5.00063E-01
 5.00063E-01
 5.00063E-01
 5.00063E-01
 5.00062E-01
 5.00062E-01
 5.00062E-01
 5.00062E-01
 5.00062E-01
 5.00062E-01
 5.00062E-01
 5.00062E-01
 5.00062E-01
 5.00062E-01
 5.00062E-01
 5.00062E-01
 1.00000E+00
 1.00000E+00
 1.00000E+00
 1.00000E+00
 1.00000E+00
 1.00000E+00
 1.00000E+00
 1.00000E+00
 1.00000E+00
 1.00000E+00
 1.00000E+00
 1.00000E+00
 1.00000E+00
 1.00000E+00
 1.00000E+00
 1.00000E+00
 1.00000E+00
 1.00000E+00
 1.00000E+00
 1.00000E+00
 1.00000E+00
 1.00000E+00
 1.00000E+00
 1.00000E+00
 1.00000E+00
 1.00000E+00
 1.00000E+00
 1.00000E+00
 1.00000E+00
 1.00000E+00
 9.99835E-01
 5.58437E-01
 5.06204E-01
 5.01016E-01
 5.00216E-01
 5.00095E-01
 5.00077E-01
 5.00074E-01
 5.00073E-01
 5.00073E-01
 5.00072E-01
 5.00072E-01
 5.00071E-01
 5.00071E-01
 5.00071E-01
 5.00070E-01
 5.00070E-01
 5.00070E-01
 5.00069E-01
 5.00069E-01
 5.00069E-01
 5.00069E-01
 5.00068E-01
 5.00068E-01
 5.00068E-01
 5.00068E-01
 5.00067E-01
 5.00067E-01
 5.00067E-01
 5.00067E-01
 5.00067E-01
 5.00066E-01
 5.00066E-01
 5.00066E-01
 5.00066E-01
 5.00066E-01
 5.00066E-01
 5.00065E-01
 5.00065E-01
 5.00065E-01
 5.00065E-01
 5.00065E-01
 5.00065E-01
 5.00065E-01
 5.00065E-01
 5.00064E-01
 5.00064E-01
 5.00064E-01
 5.00064E-01
 5.00064E-01
 5.00064E-01
 5.00064E-01
 5.00064E-01
 5.00064E-01
 5.00064E-01
 5.00064E-01
 5.00063E-01
 5.00063E-01
 5.00063E-01
 5.00063E-01
 5.00063E-01
 5.00063E-01
 5.00063E-01
 5.00063E-01
 5.00063E-01
 5.00063E-01
 5.00063E-01
 5.00063E-01
 5.00063E-01
 5.00063E-01
 5.00063E-01
 5.00063E-01
 5.00063E-01
 5.00063E-01
 5.00063E-01
 5.00063E-01
 5.00063E-01
 5.00062E-01
 5.00062E-01
 5.00062E-01
 5.00062E-01
 5.00062E-01
 5.00062E-01
 5.00062E-01
 5.00062E-01
 5.00062E-01
 5.00062E-01
 5.00062E-01
 5.00062E-01
 5.00062E-01
 1.00000E+00
 1.00000E+00
 1.00000E+00
 1.00000E+00
 1.00000E+00
 1.00000E+00
 1.00000E+00
 1.00000E+00
 1.00000E+00
 1.00000E+00
 1.00000E+00
 1.00000E+00
 1.00000E+00
 1.00000E+00
 1.00000E+00
 1.00000E+00
 1.00000E+00
 1.00000E+00
 1.00000E+00
 1.00000E+00
 1.00000E+00
 1.00000E+00
 1.00000E+00
 1.00000E+00
 1.00000E+00
 1.00000E+00
 1.00000E+00
 1.00000E+00
 1.00000E+00
 1.00000E+00
 7.06400E-01
 5.15788E-01
 5.02411E-01
 5.00425E-01
 5.00125E-01
 5.00081E-01
 5.00075E-01
 5.00073E-01
 5.00073E-01
 5.00072E-01
 5.00072E-01
 5.00072E-01
 5.00071E-01
 5.00071E-01
 5.00071E-01
 5.00070E-01
 5.00070E-01
 5.00070E-01
 5.00069E-01
 5.00069E-01
 5.00069E-01
 5.00069E-01
 5.00068E-01
 5.00068E-01
 5.00068E-01
 5.00068E-01
 5.00067E-01
 5.00067E-01
 5.00067E-01
 5.00067E-01
 5.00067E-01
 5.00066E-01
 5.00066E-01
 5.00066E-01
 5.00066E-01
 5.00066E-01
 5.00066E-01
 5.00065E-01
 5.00065E-01
 5.00065E-01
 5.00065E-01
 5.00065E-01
 5.00065E-01
 5.00065E-01
 5.00065E-01
 5.00064E-01
 5.00064E-01
 5.00064E-01
 5.00064E-01
 5.00064E-01
 5.00064E-01
 5.00064E-01
 5.00064E-01
 5.00064E-01
 5.00064E-01
 5.00064E-01
 5.00063E-01
 5.00063E-01
 5.00063E-01
 5.00063E-01
 5.00063E-01
 5.00063E-01
 5.00063E-01
 5.00063E-01
 5.00063E-01
 5.00063E-01
 5.00063E-01
 5.00063E-01
 5.00063E-01
 5.00063E-01
 5.00063E-01
 5.00063E-01
 5.00063E-01
 5.00063E-01
 5.00063E-01
 5.00063E-01
 5.00062E-01
 5.00062E-01
 5.00062E-01
 5.00062E-01
 5.00062E-01
 5.00062E-01
 5.00062E-01
 5.00062E-01
 5.00062E-01
 5.00062E-01
 5.00062E-01
 5.00062E-01
 5.00062E-01
 5.00062E-01
 1.00000E+00
 1.00000E+00
 1.00000E+00
 1.00000E+00
 1.00000E+00
 1.00000E+00
 1.00000E+00
 1.00000E+00
 1.00000E+00
 1.00000E+00
 1.00000E+00
 1.00000E+00
 1.00000E+00
 1.00000E+00
 1.00000E+00
 1.00000E+00
 1.00000E+00
 1.00000E+00
 1.00000E+00
 1.00000E+00
 1.00000E+00
 1.00000E+00
 1.00000E+00
 1.00000E+00
 1.00000E+00
 1.00000E+00
 1.00000E+00
 1.00000E+00
 1.00000E+00
 9.99259E-01
 5.46335E-01
 5.05360E-01
 5.00883E-01
 5.00194E-01
 5.00091E-01
 5.00076E-01
 5.00074E-01
 5.00073E-01
 5.00073E-01
 5.00072E-01
 5.00072E-01
 5.00071E-01
 5.00071E-01
 5.00071E-01
 5.00070E-01
 5.00070E-01
 5.00070E-01
 5.00069E-01
 5.00069E-01
 5.00069E-01
 5.00069E-01
 5.00068E-01
 5.00068E-01
 5.00068E-01
 5.00068E-01
 5.00067E-01
 5.00067E-01
 5.00067E-01
 5.00067E-01
 5.00067E-01
 5.00066E-01
 5.00066E-01
 5.00066E-01
 5.00066E-01
 5.00066E-01
 5.00066E-01
 5.00065E-01
 5.00065E-01
 5.00065E-01
 5.00065E-01
 5.00065E-01
 5.00065E-01
 5.00065E-01
 5.00065E-01
 5.00064E-01
 5.00064E-01
 5.00064E-01
 5.00064E-01
 5.00064E-01
 5.00064E-01
 5.00064E-01
 5.00064E-01
 5.00064E-01
 5.00064E-01
 5.00064E-01
 5.00063E-01
 5.00063E-01
 5.00063E-01
 5.00063E-01
 5.00063E-01
 5.00063E-01
 5.00063E-01
 5.00063E-01
 5.00063E-01
 5.00063E-01
 5.00063E-01
 5.00063E-01
 5.00063E-01
 5.00063E-01
 5.00063E-01
 5.00063E-01
 5.00063E-01
 5.00063E-01
 5.00063E-01
 5.00062E-01
 5.00062E-01
 5.00062E-01
 5.00062E-01
 5.00062E-01
 5.00062E-01
 5.00062E-01
 5.00062E-01
 5.00062E-01
 5.00062E-01
 5.00062E-01
 5.00062E-01
 5.00062E-01
 5.00062E-01
 5.00062E-01
 5.00062E-01
 1.00000E+00
 1.00000E+00
 1.00000E+00
 1.00000E+00
 1.00000E+00
 1.00000E+00
 1.00000E+00
 1.00000E+00
 1.00000E+00
 1.00000E+00
 1.00000E+00
 1.00000E+00
 1.00000E+00
 1.00000E+00
 1.00000E+00
 1.00000E+00
 1.00000E+00
 1.00000E+00
 1.00000E+00
 1.00000E+00
 1.00000E+00
 1.00000E+00
 1.00000E+00
 1.00000E+00
 1.00000E+00
 1.00000E+00
 1.00000E+00
 1.00000E+00
 1.00000E+00
 6.50583E-01
 5.12266E-01
 5.01853E-01
 5.00338E-01
 5.00112E-01
 5.00079E-01
 5.00074E-01
 5.00073E-01
 5.00073E-01
 5.00072E-01
 5.00072E-01
 5.00072E-01
 5.00071E-01
 5.00071E-01
 5.00071E-01
 5.00070E-01
 5.00070E-01
 5.00070E-01
 5.00069E-01
 5.00069E-01
 5.00069E-01
 5.00069E-01
 5.00068E-01
 5.00068E-01
 5.00068E-01
 5.00068E-01
 5.00067E-01
 5.00067E-01
 5.00067E-01
 5.00067E-01
 5.00067E-01
 5.00066E-01
 5.00066E-01
 5.00066E-01
 5.00066E-01
 5.00066E-01
 5.00066E-01
 5.00065E-01
 5.00065E-01
 5.00065E-01
 5.00065E-01
 5.00065E-01
 5.00065E-01
 5.00065E-01
 5.00065E-01
 5.00064E-01
 5.00064E-01
 5.00064E-01
 5.00064E-01
 5.00064E-01
 5.00064E-01
 5.00064E-01
 5.00064E-01
 5.00064E-01
 5.00064E-01
 5.00063E-01
 5.00063E-01
 5.00063E-01
 5.00063E-01
 5.00063E-01
 5.00063E-01
 5.00063E-01
 5.00063E-01
 5.00063E-01
 5.00063E-01
 5.00063E-01
 5.00063E-01
 5.00063E-01
 5.00063E-01
 5.00063E-01
 5.00063E-01
 5.00063E-01
 5.00063E-01
 5.00063E-01
 5.00062E-01
 5.00062E-01
 5.00062E-01
 5.00062E-01
 5.00062E-01
 5.00062E-01
 5.00062E-01
 5.00062E-01
 5.00062E-01
 5.00062E-01
 5.00062E-01
 5.00062E-01
 5.00062E-01
 5.00062E-01
 5.00062E-01
 5.00062E-01
 5.00062E-01
 1.00000E+00
 1.00000E+00
 1.00000E+00
 1.00000E+00
 1.00000E+00
 1.00000E+00
 1.00000E+00
 1.00000E+00
 1.00000E+00
 1.00000E+00
 1.00000E+00
 1.00000E+00
 1.00000E+00
 1.00000E+00
 1.00000E+00
 1.00000E+00
 1.00000E+00
 1.00000E+00
 1.00000E+00
 1.00000E+00
 1.00000E+00
 1.00000E+00
 1.00000E+00
 1.00000E+00
 1.00000E+00
 1.00000E+00
 1.00000E+00
 1.00000E+00
 9.03844E-01
 5.23669E-01
 5.03682E-01
 5.00619E-01
 5.00153E-01
 5.00085E-01
 5.00075E-01
 5.00074E-01
 5.00073E-01
 5.00073E-01
 5.00072E-01
 5.00072E-01
 5.00071E-01
 5.00071E-01
 5.00071E-01
 5.00070E-01
 5.00070E-01
 5.00070E-01
 5.00069E-01
 5.00069E-01
 5.00069E-01
 5.00069E-01
 5.00068E-01
 5.00068E-01
 5.00068E-01
 5.00068E-01
 5.00067E-01
 5.00067E-01
 5.00067E-01
 5.00067E-01
 5.00067E-01
 5.00066E-01
 5.00066E-01
 5.00066E-01
 5.00066E-01
 5.00066E-01
 5.00066E-01
 5.00065E-01
 5.00065E-01
 5.00065E-01
 5.00065E-01
 5.00065E-01
 5.00065E-01
 5.00065E-01
 5.00065E-01
 5.00064E-01
 5.00064E-01
 5.00064E-01
 5.00064E-01
 5.00064E-01
 5.00064E-01
 5.00064E-01
 5.00064E-01
 5.00064E-01
 5.00064E-01
 5.00064E-01
 5.00063E-01
 5.00063E-01
 5.00063E-01
 5.00063E-01
 5.00063E-01
 5.00063E-01
 5.00063E-01
 5.00063E-01
 5.00063E-01
 5.00063E-01
 5.00063E-01
 5.00063E-01
 5.00063E-01
 5.00063E-01
 5.00063E-01
 5.00063E-01
 5.00063E-01
 5.00063E-01
 5.00062E-01
 5.00062E-01
 5.00062E-01
 5.00062E-01
 5.00062E-01
 5.00062E-01
 5.00062E-01
 5.00062E-01
 5.00062E-01
 5.00062E-01
 5.00062E-01
 5.00062E-01
 5.00062E-01
 5.00062E-01
 5.00062E-01
 5.00062E-01
 5.00062E-01
 5.00062E-01
 1.00000E+00
 1.00000E+00
 1.00000E+00
 1.00000E+00
 1.00000E+00
 1.00000E+00
 1.00000E+00
 1.00000E+00
 1.00000E+00
 1.00000E+00
 1.00000E+00
 1.00000E+00
 1.00000E+00
 1.00000E+00
 1.00000E+00
 1.00000E+00
 1.00000E+00
 1.00000E+00
 1.00000E+00
 1.00000E+00
 1.00000E+00
 1.00000E+00
 1.00000E+00
 1.00000E+00
 1.00000E+00
 1.00000E+00
 1.00000E+00
 9.99986E-01
 5.69413E-01
 5.07090E-01
 5.01121E-01
 5.00229E-01
 5.00096E-01
 5.00077E-01
 5.00074E-01
 5.00073E-01
 5.00073E-01
 5.00072E-01
 5.00072E-01
 5.00072E-01
 5.00071E-01
 5.00071E-01
 5.00071E-01
 5.00070E-01
 5.00070E-01
 5.00070E-01
 5.00069E-01
 5.00069E-01
 5.00069E-01
 5.00068E-01
 5.00068E-01
 5.00068E-01
 5.00068E-01
 5.00068E-01
 5.00067E-01
 5.00067E-01
 5.00067E-01
 5.00067E-01
 5.00067E-01
 5.00066E-01
 5.00066E-01
 5.00066E-01
 5.00066E-01
 5.00066E-01
 5.00066E-01
 5.00065E-01
 5.00065E-01
 5.00065E-01
 5.00065E-01
 5.00065E-01
 5.00065E-01
 5.00065E-01
 5.00064E-01
 5.00064E-01
 5.00064E-01
 5.00064E-01
 5.00064E-01
 5.00064E-01
 5.00064E-01
 5.00064E-01
 5.00064E-01
 5.00064E-01
 5.00064E-01
 5.00063E-01
 5.00063E-01
 5.00063E-01
 5.00063E-01
 5.00063E-01
 5.00063E-01
 5.00063E-01
 5.00063E-01
 5.00063E-01
 5.00063E-01
 5.00063E-01
 5.00063E-01
 5.00063E-01
 5.00063E-01
 5.00063E-01
 5.00063E-01
 5.00063E-01
 5.00063E-01
 5.00062E-01
 5.00062E-01
 5.00062E-01
 5.00062E-01
 5.00062E-01
 5.00062E-01
 5.00062E-01
 5.00062E-01
 5.00062E-01
 5.00062E-01
 5.00062E-01
 5.00062E-01
 5.00062E-01
 5.00062E-01
 5.00062E-01
 5.00062E-01
 5.00062E-01
 5.00062E-01
 5.00062E-01
 1.00000E+00
 1.00000E+00
 1.00000E+00
 1.00000E+00
 1.00000E+00
 1.00000E+00
 1.00000E+00
 1.00000E+00
 1.00000E+00
 1.00000E+00
 1.00000E+00
 1.00000E+00
 1.00000E+00
 1.00000E+00
 1.00000E+00
 1.00000E+00
 1.00000E+00
 1.00000E+00
 1.00000E+00
 1.00000E+00
 1.00000E+00
 1.00000E+00
 1.00000E+00
 1.00000E+00
 1.00000E+00
 1.00000E+00
 1.00000E+00
 6.74831E-01
 5.13097E-01
 5.01963E-01
 5.00357E-01
 5.00115E-01
 5.00080E-01
 5.00075E-01
 5.00073E-01
 5.00073E-01
 5.00072E-01
 5.00072E-01
 5.00072E-01
 5.00071E-01
 5.00071E-01
 5.00071E-01
 5.00070E-01
 5.00070E-01
 5.00070E-01
 5.00069E-01
 5.00069E-01
 5.00069E-01
 5.00069E-01
 5.00068E-01
 5.00068E-01
 5.00068E-01
 5.00068E-01
 5.00067E-01
 5.00067E-01
 5.00067E-01
 5.00067E-01
 5.00067E-01
 5.00066E-01
 5.00066E-01
 5.00066E-01
 5.00066E-01
 5.00066E-01
 5.00066E-01
 5.00065E-01
 5.00065E-01
 5.00065E-01
 5.00065E-01
 5.00065E-01
 5.00065E-01
 5.00065E-01
 5.00065E-01
 5.00064E-01
 5.00064E-01
 5.00064E-01
 5.00064E-01
 5.00064E-01
 5.00064E-01
 5.00064E-01
 5.00064E-01
 5.00064E-01
 5.00064E-01
 5.00063E-01
 5.00063E-01
 5.00063E-01
 5.00063E-01
 5.00063E-01
 5.00063E-01
 5.00063E-01
 5.00063E-01
 5.00063E-01
 5.00063E-01
 5.00063E-01
 5.00063E-01
 5.00063E-01
 5.00063E-01
 5.00063E-01
 5.00063E-01
 5.00063E-01
 5.00063E-01
 5.00062E-01
 5.00062E-01
 5.00062E-01
 5.00062E-01
 5.00062E-01
 5.00062E-01
 5.00062E-01
 5.00062E-01
 5.00062E-01
 5.00062E-01
 5.00062E-01
 5.00062E-01
 5.00062E-01
 5.00062E-01
 5.00062E-01
 5.00062E-01
 5.00062E-01
 5.00062E-01
 5.00062E-01
 5.00062E-01
 1.00000E+00
 1.00000E+00
 1.00000E+00
 1.00000E+00
 1.00000E+00
 1.00000E+00
 1.00000E+00
 1.00000E+00
 1.00000E+00
 1.00000E+00
 1.00000E+00
 1.00000E+00
 1.00000E+00
 1.00000E+00
 1.00000E+00
 1.00000E+00
 1.00000E+00
 1.00000E+00
 1.00000E+00
 1.00000E+00
 1.00000E+00
 1.00000E+00
 1.00000E+00
 1.00000E+00
 1.00000E+00
 1.00000E+00
 8.31563E-01
 5.21208E-01
 5.03236E-01
 5.00555E-01
 5.00145E-01
 5.00084E-01
 5.00075E-01
 5.00074E-01
 5.00073E-01
 5.00073E-01
 5.00072E-01
 5.00072E-01
 5.00071E-01
 5.00071E-01
 5.00071E-01
 5.00070E-01
 5.00070E-01
 5.00070E-01
 5.00070E-01
 5.00069E-01
 5.00069E-01
 5.00069E-01
 5.00068E-01
 5.00068E-01
 5.00068E-01
 5.00068E-01
 5.00067E-01
 5.00067E-01
 5.00067E-01
 5.00067E-01
 5.00067E-01
 5.00066E-01
 5.00066E-01
 5.00066E-01
 5.00066E-01
 5.00066E-01
 5.00066E-01
 5.00065E-01
 5.00065E-01
 5.00065E-01
 5.00065E-01
 5.00065E-01
 5.00065E-01
 5.00065E-01
 5.00065E-01
 5.00064E-01
 5.00064E-01
 5.00064E-01
 5.00064E-01
 5.00064E-01
 5.00064E-01
 5.00064E-01
 5.00064E-01
 5.00064E-01
 5.00064E-01
 5.00063E-01
 5.00063E-01
 5.00063E-01
 5.00063E-01
 5.00063E-01
 5.00063E-01
 5.00063E-01
 5.00063E-01
 5.00063E-01
 5.00063E-01
 5.00063E-01
 5.00063E-01
 5.00063E-01
 5.00063E-01
 5.00063E-01
 5.00063E-01
 5.00063E-01
 5.00062E-01
 5.00062E-01
 5.00062E-01
 5.00062E-01
 5.00062E-01
 5.00062E-01
 5.00062E-01
 5.00062E-01
 5.00062E-01
 5.00062E-01
 5.00062E-01
 5.00062E-01
 5.00062E-01
 5.00062E-01
 5.00062E-01
 5.00062E-01
 5.00062E-01
 5.00062E-01
 5.00062E-01
 5.00062E-01
 5.00062E-01
 5.00062E-01
 1.00000E+00
 1.00000E+00
 1.00000E+00
 1.00000E+00
 1.00000E+00
 1.00000E+00
 1.00000E+00
 1.00000E+00
 1.00000E+00
 1.00000E+00
 1.00000E+00
 1.00000E+00
 1.00000E+00
 1.00000E+00
 1.00000E+00
 1.00000E+00
 1.00000E+00
 1.00000E+00
 1.00000E+00
 1.00000E+00
 1.00000E+00
 1.00000E+00
 1.00000E+00
 1.00000E+00
 1.00000E+00
 9.93217E-01
 5.33068E-01
 5.04882E-01
 5.00832E-01
 5.00189E-01
 5.00091E-01
 5.00076E-01
 5.00074E-01
 5.00073E-01
 5.00073E-01
 5.00072E-01
 5.00072E-01
 5.00072E-01
 5.00071E-01
 5.00071E-01
 5.00071E-01
 5.00070E-01
 5.00070E-01
 5.00070E-01
 5.00069E-01
 5.00069E-01
 5.00069E-01
 5.00069E-01
 5.00068E-01
 5.00068E-01
 5.00068E-01
 5.00068E-01
 5.00067E-01
 5.00067E-01
 5.00067E-01
 5.00067E-01
 5.00067E-01
 5.00066E-01
 5.00066E-01
 5.00066E-01
 5.00066E-01
 5.00066E-01
 5.00066E-01
 5.00065E-01
 5.00065E-01
 5.00065E-01
 5.00065E-01
 5.00065E-01
 5.00065E-01
 5.00065E-01
 5.00064E-01
 5.00064E-01
 5.00064E-01
 5.00064E-01
 5.00064E-01
 5.00064E-01
 5.00064E-01
 5.00064E-01
 5.00064E-01
 5.00064E-01
 5.00063E-01
 5.00063E-01
 5.00063E-01
 5.00063E-01
 5.00063E-01
 5.00063E-01
 5.00063E-01
 5.00063E-01
 5.00063E-01
 5.00063E-01
 5.00063E-01
 5.00063E-01
 5.00063E-01
 5.00063E-01
 5.00063E-01
 5.00063E-01
 5.00063E-01
 5.00062E-01
 5.00062E-01
 5.00062E-01
 5.00062E-01
 5.00062E-01
 5.00062E-01
 5.00062E-01
 5.00062E-01
 5.00062E-01
 5.00062E-01
 5.00062E-01
 5.00062E-01
 5.00062E-01
 5.00062E-01
 5.00062E-01
 5.00062E-01
 5.00062E-01
 5.00062E-01
 5.00062E-01
 5.00062E-01
 5.00062E-01
 5.00062E-01
 5.00062E-01
 1.00000E+00
 1.00000E+00
 1.00000E+00
 1.00000E+00
 1.00000E+00
 1.00000E+00
 1.00000E+00
 1.00000E+00
 1.00000E+00
 1.00000E+00
 1.00000E+00
 1.00000E+00
 1.00000E+00
 1.00000E+00
 1.00000E+00
 1.00000E+00
 1.00000E+00
 1.00000E+00
 1.00000E+00
 1.00000E+00
 1.00000E+00
 1.00000E+00
 1.00000E+00
 1.00000E+00
 9.99869E-01
 5.59861E-01
 5.06846E-01
 5.01175E-01
 5.00246E-01
 5.00100E-01
 5.00078E-01
 5.00074E-01
 5.00073E-01
 5.00073E-01
 5.00072E-01
 5.00072E-01
 5.00072E-01
 5.00071E-01
 5.00071E-01
 5.00071E-01
 5.00070E-01
 5.00070E-01
 5.00070E-01
 5.00069E-01
 5.00069E-01
 5.00069E-01
 5.00069E-01
 5.00068E-01
 5.00068E-01
 5.00068E-01
 5.00068E-01
 5.00067E-01
 5.00067E-01
 5.00067E-01
 5.00067E-01
 5.00067E-01
 5.00066E-01
 5.00066E-01
 5.00066E-01
 5.00066E-01
 5.00066E-01
 5.00066E-01
 5.00065E-01
 5.00065E-01
 5.00065E-01
 5.00065E-01
 5.00065E-01
 5.00065E-01
 5.00065E-01
 5.00065E-01
 5.00064E-01
 5.00064E-01
 5.00064E-01
 5.00064E-01
 5.00064E-01
 5.00064E-01
 5.00064E-01
 5.00064E-01
 5.00064E-01
 5.00064E-01
 5.00063E-01
 5.00063E-01
 5.00063E-01
 5.00063E-01
 5.00063E-01
 5.00063E-01
 5.00063E-01
 5.00063E-01
 5.00063E-01
 5.00063E-01
 5.00063E-01
 5.00063E-01
 5.00063E-01
 5.00063E-01
 5.00063E-01
 5.00063E-01
 5.00062E-01
 5.00062E-01
 5.00062E-01
 5.00062E-01
 5.00062E-01
 5.00062E-01
 5.00062E-01
 5.00062E-01
 5.00062E-01
 5.00062E-01
 5.00062E-01
 5.00062E-01
 5.00062E-01
 5.00062E-01
 5.00062E-01
 5.00062E-01
 5.00062E-01
 5.00062E-01
 5.00062E-01
 5.00062E-01
 5.00062E-01
 5.00062E-01
 5.00062E-01
 5.00062E-01
 1.00000E+00
 1.00000E+00
 1.00000E+00
 1.00000E+00
 1.00000E+00
 1.00000E+00
 1.00000E+00
 1.00000E+00
 1.00000E+00
 1.00000E+00
 1.00000E+00
 1.00000E+00
 1.00000E+00
 1.00000E+00
 1.00000E+00
 1.00000E+00
 1.00000E+00
 1.00000E+00
 1.00000E+00
 1.00000E+00
 1.00000E+00
 1.00000E+00
 1.00000E+00
 9.99988E-01
 5.99578E-01
 5.09107E-01
 5.01549E-01
 5.00313E-01
 5.00111E-01
 5.00079E-01
 5.00074E-01
 5.00073E-01
 5.00073E-01
 5.00072E-01
 5.00072E-01
 5.00072E-01
 5.00071E-01
 5.00071E-01
 5.00071E-01
 5.00070E-01
 5.00070E-01
 5.00070E-01
 5.00069E-01
 5.00069E-01
 5.00069E-01
 5.00069E-01
 5.00068E-01
 5.00068E-01
 5.00068E-01
 5.00068E-01
 5.00067E-01
 5.00067E-01
 5.00067E-01
 5.00067E-01
 5.00067E-01
 5.00066E-01
 5.00066E-01
 5.00066E-01
 5.00066E-01
 5.00066E-01
 5.00066E-01
 5.00065E-01
 5.00065E-01
 5.00065E-01
 5.00065E-01
 5.00065E-01
 5.00065E-01
 5.00065E-01
 5.00065E-01
 5.00064E-01
 5.00064E-01
 5.00064E-01
 5.00064E-01
 5.00064E-01
 5.00064E-01
 5.00064E-01
 5.00064E-01
 5.00064E-01
 5.00064E-01
 5.00063E-01
 5.00063E-01
 5.00063E-01
 5.00063E-01
 5.00063E-01
 5.00063E-01
 5.00063E-01
 5.00063E-01
 5.00063E-01
 5.00063E-01
 5.00063E-01
 5.00063E-01
 5.00063E-01
 5.00063E-01
 5.00063E-01
 5.00063E-01
 5.00062E-01
 5.00062E-01
 5.00062E-01
 5.00062E-01
 5.00062E-01
 5.00062E-01
 5.00062E-01
 5.00062E-01
 5.00062E-01
 5.00062E-01
 5.00062E-01
 5.00062E-01
 5.00062E-01
 5.00062E-01
 5.00062E-01
 5.00062E-01
 5.00062E-01
 5.00062E-01
 5.00062E-01
 5.00062E-01
 5.00062E-01
 5.00062E-01
 5.00062E-01
 5.00062E-01
 5.00062E-01
 1.00000E+00
 1.00000E+00
 1.00000E+00
 1.00000E+00
 1.00000E+00
 1.00000E+00
 1.00000E+00
 1.00000E+00
 1.00000E+00
 1.00000E+00
 1.00000E+00
 1.00000E+00
 1.00000E+00
 1.00000E+00
 1.00000E+00
 1.00000E+00
 1.00000E+00
 1.00000E+00
 1.00000E+00
 1.00000E+00
 1.00000E+00
 1.00000E+00
 9.99994E-01
 6.23411E-01
 5.11180E-01
 5.01896E-01
 5.00380E-01
 5.00123E-01
 5.00082E-01
 5.00075E-01
 5.00073E-01
 5.00073E-01
 5.00073E-01
 5.00072E-01
 5.00072E-01
 5.00071E-01
 5.00071E-01
 5.00071E-01
 5.00070E-01
 5.00070E-01
 5.00070E-01
 5.00070E-01
 5.00069E-01
 5.00069E-01
 5.00069E-01
 5.00068E-01
 5.00068E-01
 5.00068E-01
 5.00068E-01
 5.00068E-01
 5.00067E-01
 5.00067E-01
 5.00067E-01
 5.00067E-01
 5.00066E-01
 5.00066E-01
 5.00066E-01
 5.00066E-01
 5.00066E-01
 5.00066E-01
 5.00065E-01
 5.00065E-01
 5.00065E-01
 5.00065E-01
 5.00065E-01
 5.00065E-01
 5.00065E-01
 5.00065E-01
 5.00064E-01
 5.00064E-01
 5.00064E-01
 5.00064E-01
 5.00064E-01
 5.00064E-01
 5.00064E-01
 5.00064E-01
 5.00064E-01
 5.00064E-01
 5.00063E-01
 5.00063E-01
 5.00063E-01
 5.00063E-01
 5.00063E-01
 5.00063E-01
 5.00063E-01
 5.00063E-01
 5.00063E-01
 5.00063E-01
 5.00063E-01
 5.00063E-01
 5.00063E-01
 5.00063E-01
 5.00063E-01
 5.00063E-01
 5.00062E-01
 5.00062E-01
 5.00062E-01
 5.00062E-01
 5.00062E-01
 5.00062E-01
 5.00062E-01
 5.00062E-01
 5.00062E-01
 5.00062E-01
 5.00062E-01
 5.00062E-01
 5.00062E-01
 5.00062E-01
 5.00062E-01
 5.00062E-01
 5.00062E-01
 5.00062E-01
 5.00062E-01
 5.00062E-01
 5.00062E-01
 5.00062E-01
 5.00062E-01
 5.00062E-01
 5.00062E-01
 5.00062E-01
 1.00000E+00
 1.00000E+00
 1.00000E+00
 1.00000E+00
 1.00000E+00
 1.00000E+00
 1.00000E+00
 1.00000E+00
 1.00000E+00
 1.00000E+00
 1.00000E+00
 1.00000E+00
 1.00000E+00
 1.00000E+00
 1.00000E+00
 1.00000E+00
 1.00000E+00
 1.00000E+00
 1.00000E+00
 1.00000E+00
 1.00000E+00
 9.99987E-01
 6.26527E-01
 5.12267E-01
 5.02145E-01
 5.00436E-01
 5.00135E-01
 5.00084E-01
 5.00075E-01
 5.00074E-01
 5.00073E-01
 5.00073E-01
 5.00072E-01
 5.00072E-01
 5.00071E-01
 5.00071E-01
 5.00071E-01
 5.00070E-01
 5.00070E-01
 5.00070E-01
 5.00070E-01
 5.00069E-01
 5.00069E-01
 5.00069E-01
 5.00068E-01
 5.00068E-01
 5.00068E-01
 5.00068E-01
 5.00068E-01
 5.00067E-01
 5.00067E-01
 5.00067E-01
 5.00067E-01
 5.00067E-01
 5.00066E-01
 5.00066E-01
 5.00066E-01
 5.00066E-01
 5.00066E-01
 5.00066E-01
 5.00065E-01
 5.00065E-01
 5.00065E-01
 5.00065E-01
 5.00065E-01
 5.00065E-01
 5.00065E-01
 5.00064E-01
 5.00064E-01
 5.00064E-01
 5.00064E-01
 5.00064E-01
 5.00064E-01
 5.00064E-01
 5.00064E-01
 5.00064E-01
 5.00064E-01
 5.00063E-01
 5.00063E-01
 5.00063E-01
 5.00063E-01
 5.00063E-01
 5.00063E-01
 5.00063E-01
 5.00063E-01
 5.00063E-01
 5.00063E-01
 5.00063E-01
 5.00063E-01
 5.00063E-01
 5.00063E-01
 5.00063E-01
 5.00062E-01
 5.00062E-01
 5.00062E-01
 5.00062E-01
 5.00062E-01
 5.00062E-01
 5.00062E-01
 5.00062E-01
 5.00062E-01
 5.00062E-01
 5.00062E-01
 5.00062E-01
 5.00062E-01
 5.00062E-01
 5.00062E-01
 5.00062E-01
 5.00062E-01
 5.00062E-01
 5.00062E-01
 5.00062E-01
 5.00062E-01
 5.00062E-01
 5.00062E-01
 5.00062E-01
 5.00062E-01
 5.00062E-01
 5.00062E-01
 5.00062E-01
 1.00000E+00
 1.00000E+00
 1.00000E+00
 1.00000E+00
 1.00000E+00
 1.00000E+00
 1.00000E+00
 1.00000E+00
 1.00000E+00
 1.00000E+00
 1.00000E+00
 1.00000E+00
 1.00000E+00
 1.00000E+00
 1.00000E+00
 1.00000E+00
 1.00000E+00
 1.00000E+00
 1.00000E+00
 1.00000E+00
 9.99868E-01
 6.08529E-01
 5.11979E-01
 5.02229E-01
 5.00470E-01
 5.00143E-01
 5.00085E-01
 5.00075E-01
 5.00074E-01
 5.00073E-01
 5.00073E-01
 5.00072E-01
 5.00072E-01
 5.00071E-01
 5.00071E-01
 5.00071E-01
 5.00070E-01
 5.00070E-01
 5.00070E-01
 5.00070E-01
 5.00069E-01
 5.00069E-01
 5.00069E-01
 5.00069E-01
 5.00068E-01
 5.00068E-01
 5.00068E-01
 5.00068E-01
 5.00067E-01
 5.00067E-01
 5.00067E-01
 5.00067E-01
 5.00067E-01
 5.00066E-01
 5.00066E-01
 5.00066E-01
 5.00066E-01
 5.00066E-01
 5.00066E-01
 5.00065E-01
 5.00065E-01
 5.00065E-01
 5.00065E-01
 5.00065E-01
 5.00065E-01
 5.00065E-01
 5.00064E-01
 5.00064E-01
 5.00064E-01
 5.00064E-01
 5.00064E-01
 5.00064E-01
 5.00064E-01
 5.00064E-01
 5.00064E-01
 5.00064E-01
 5.00063E-01
 5.00063E-01
 5.00063E-01
 5.00063E-01
 5.00063E-01
 5.00063E-01
 5.00063E-01
 5.00063E-01
 5.00063E-01
 5.00063E-01
 5.00063E-01
 5.00063E-01
 5.00063E-01
 5.00063E-01
 5.00063E-01
 5.00062E-01
 5.00062E-01
 5.00062E-01
 5.00062E-01
 5.00062E-01
 5.00062E-01
 5.00062E-01
 5.00062E-01
 5.00062E-01
 5.00062E-01
 5.00062E-01
 5.00062E-01
 5.00062E-01
 5.00062E-01
 5.00062E-01
 5.00062E-01
 5.00062E-01
 5.00062E-01
 5.00062E-01
 5.00062E-01
 5.00062E-01
 5.00062E-01
 5.00062E-01
 5.00062E-01
 5.00062E-01
 5.00062E-01
 5.00062E-01
 5.00062E-01
 5.00062E-01
 1.00000E+00
 1.00000E+00
 1.00000E+00
 1.00000E+00
 1.00000E+00
 1.00000E+00
 1.00000E+00
 1.00000E+00
 1.00000E+00
 1.00000E+00
 1.00000E+00
 1.00000E+00
 1.00000E+00
 1.00000E+00
 1.00000E+00
 1.00000E+00
 1.00000E+00
 1.00000E+00
 1.00000E+00
 9.94291E-01
 5.73866E-01
 5.10421E-01
 5.02120E-01
 5.00472E-01
 5.00147E-01
 5.00087E-01
 5.00076E-01
 5.00074E-01
 5.00073E-01
 5.00073E-01
 5.00072E-01
 5.00072E-01
 5.00071E-01
 5.00071E-01
 5.00071E-01
 5.00070E-01
 5.00070E-01
 5.00070E-01
 5.00070E-01
 5.00069E-01
 5.00069E-01
 5.00069E-01
 5.00069E-01
 5.00068E-01
 5.00068E-01
 5.00068E-01
 5.00068E-01
 5.00067E-01
 5.00067E-01
 5.00067E-01
 5.00067E-01
 5.00067E-01
 5.00066E-01
 5.00066E-01
 5.00066E-01
 5.00066E-01
 5.00066E-01
 5.00066E-01
 5.00065E-01
 5.00065E-01
 5.00065E-01
 5.00065E-01
 5.00065E-01
 5.00065E-01
 5.00065E-01
 5.00064E-01
 5.00064E-01
 5.00064E-01
 5.00064E-01
 5.00064E-01
 5.00064E-01
 5.00064E-01
 5.00064E-01
 5.00064E-01
 5.00064E-01
 5.00063E-01
 5.00063E-01
 5.00063E-01
 5.00063E-01
 5.00063E-01
 5.00063E-01
 5.00063E-01
 5.00063E-01
 5.00063E-01
 5.00063E-01
 5.00063E-01
 5.00063E-01
 5.00063E-01
 5.00063E-01
 5.00063E-01
 5.00062E-01
 5.00062E-01
 5.00062E-01
 5.00062E-01
 5.00062E-01
 5.00062E-01
 5.00062E-01
 5.00062E-01
 5.00062E-01
 5.00062E-01
 5.00062E-01
 5.00062E-01
 5.00062E-01
 5.00062E-01
 5.00062E-01
 5.00062E-01
 5.00062E-01
 5.00062E-01
 5.00062E-01
 5.00062E-01
 5.00062E-01
 5.00062E-01
 5.00062E-01
 5.00062E-01
 5.00062E-01
 5.00062E-01
 5.00062E-01
 5.00062E-01
 5.00062E-01
 5.00062E-01
 1.00000E+00
 1.00000E+00
 1.00000E+00
 1.00000E+00
 1.00000E+00
 1.00000E+00
 1.00000E+00
 1.00000E+00
 1.00000E+00
 1.00000E+00
 1.00000E+00
 1.00000E+00
 1.00000E+00
 1.00000E+00
 1.00000E+00
 1.00000E+00
 1.00000E+00
 1.00000E+00
 8.47873E-01
 5.39256E-01
 5.08154E-01
 5.01851E-01
 5.00443E-01
 5.00145E-01
 5.00087E-01
 5.00076E-01
 5.00074E-01
 5.00073E-01
 5.00073E-01
 5.00072E-01
 5.00072E-01
 5.00071E-01
 5.00071E-01
 5.00071E-01
 5.00070E-01
 5.00070E-01
 5.00070E-01
 5.00070E-01
 5.00069E-01
 5.00069E-01
 5.00069E-01
 5.00069E-01
 5.00068E-01
 5.00068E-01
 5.00068E-01
 5.00068E-01
 5.00067E-01
 5.00067E-01
 5.00067E-01
 5.00067E-01
 5.00067E-01
 5.00066E-01
 5.00066E-01
 5.00066E-01
 5.00066E-01
 5.00066E-01
 5.00066E-01
 5.00065E-01
 5.00065E-01
 5.00065E-01
 5.00065E-01
 5.00065E-01
 5.00065E-01
 5.00065E-01
 5.00064E-01
 5.00064E-01
 5.00064E-01
 5.00064E-01
 5.00064E-01
 5.00064E-01
 5.00064E-01
 5.00064E-01
 5.00064E-01
 5.00064E-01
 5.00063E-01
 5.00063E-01
 5.00063E-01
 5.00063E-01
 5.00063E-01
 5.00063E-01
 5.00063E-01
 5.00063E-01
 5.00063E-01
 5.00063E-01
 5.00063E-01
 5.00063E-01
 5.00063E-01
 5.00063E-01
 5.00062E-01
 5.00062E-01
 5.00062E-01
 5.00062E-01
 5.00062E-01
 5.00062E-01
 5.00062E-01
 5.00062E-01
 5.00062E-01
 5.00062E-01
 5.00062E-01
 5.00062E-01
 5.00062E-01
 5.00062E-01
 5.00062E-01
 5.00062E-01
 5.00062E-01
 5.00062E-01
 5.00062E-01
 5.00062E-01
 5.00062E-01
 5.00062E-01
 5.00062E-01
 5.00062E-01
 5.00062E-01
 5.00062E-01
 5.00062E-01
 5.00062E-01
 5.00062E-01
 5.00062E-01
 5.00062E-01
 5.00062E-01
 1.00000E+00
 1.00000E+00
 1.00000E+00
 1.00000E+00
 1.00000E+00
 1.00000E+00
 1.00000E+00
 1.00000E+00
 1.00000E+00
 1.00000E+00
 1.00000E+00
 1.00000E+00
 1.00000E+00
 1.00000E+00
 1.00000E+00
 1.00000E+00
 9.99968E-01
 6.96016E-01
 5.24414E-01
 5.05973E-01
 5.01494E-01
 5.00388E-01
 5.00138E-01
 5.00086E-01
 5.00076E-01
 5.00074E-01
 5.00073E-01
 5.00072E-01
 5.00072E-01
 5.00072E-01
 5.00071E-01
 5.00071E-01
 5.00071E-01
 5.00070E-01
 5.00070E-01
 5.00070E-01
 5.00070E-01
 5.00069E-01
 5.00069E-01
 5.00069E-01
 5.00069E-01
 5.00068E-01
 5.00068E-01
 5.00068E-01
 5.00068E-01
 5.00067E-01
 5.00067E-01
 5.00067E-01
 5.00067E-01
 5.00067E-01
 5.00066E-01
 5.00066E-01
 5.00066E-01
 5.00066E-01
 5.00066E-01
 5.00066E-01
 5.00065E-01
 5.00065E-01
 5.00065E-01
 5.00065E-01
 5.00065E-01
 5.00065E-01
 5.00065E-01
 5.00064E-01
 5.00064E-01
 5.00064E-01
 5.00064E-01
 5.00064E-01
 5.00064E-01
 5.00064E-01
 5.00064E-01
 5.00064E-01
 5.00064E-01
 5.00063E-01
 5.00063E-01
 5.00063E-01
 5.00063E-01
 5.00063E-01
 5.00063E-01
 5.00063E-01
 5.00063E-01
 5.00063E-01
 5.00063E-01
 5.00063E-01
 5.00063E-01
 5.00063E-01
 5.00063E-01
 5.00062E-01
 5.00062E-01
 5.00062E-01
 5.00062E-01
 5.00062E-01
 5.00062E-01
 5.00062E-01
 5.00062E-01
 5.00062E-01
 5.00062E-01
 5.00062E-01
 5.00062E-01
 5.00062E-01
 5.00062E-01
 5.00062E-01
 5.00062E-01
 5.00062E-01
 5.00062E-01
 5.00062E-01
 5.00062E-01
 5.00062E-01
 5.00062E-01
 5.00062E-01
 5.00062E-01
 5.00062E-01
 5.00062E-01
 5.00062E-01
 5.00062E-01
 5.00062E-01
 5.00062E-01
 5.00062E-01
 5.00062E-01
 5.00062E-01
 1.00000E+00
 1.00000E+00
 1.00000E+00
 1.00000E+00
 1.00000E+00
 1.00000E+00
 1.00000E+00
 1.00000E+00
 1.00000E+00
 1.00000E+00
 1.00000E+00
 1.00000E+00
 1.00000E+00
 1.00000E+00
 1.00000E+00
 8.99429E-01
 5.87326E-01
 5.16156E-01
 5.04207E-01
 5.01121E-01
 5.00321E-01
 5.00128E-01
 5.00085E-01
 5.00075E-01
 5.00073E-01
 5.00073E-01
 5.00072E-01
 5.00072E-01
 5.00072E-01
 5.00071E-01
 5.00071E-01
 5.00071E-01
 5.00070E-01
 5.00070E-01
 5.00070E-01
 5.00070E-01
 5.00069E-01
 5.00069E-01
 5.00069E-01
 5.00069E-01
 5.00068E-01
 5.00068E-01
 5.00068E-01
 5.00068E-01
 5.00067E-01
 5.00067E-01
 5.00067E-01
 5.00067E-01
 5.00067E-01
 5.00066E-01
 5.00066E-01
 5.00066E-01
 5.00066E-01
 5.00066E-01
 5.00066E-01
 5.00065E-01
 5.00065E-01
 5.00065E-01
 5.00065E-01
 5.00065E-01
 5.00065E-01
 5.00065E-01
 5.00064E-01
 5.00064E-01
 5.00064E-01
 5.00064E-01
 5.00064E-01
 5.00064E-01
 5.00064E-01
 5.00064E-01
 5.00064E-01
 5.00063E-01
 5.00063E-01
 5.00063E-01
 5.00063E-01
 5.00063E-01
 5.00063E-01
 5.00063E-01
 5.00063E-01
 5.00063E-01
 5.00063E-01
 5.00063E-01
 5.00063E-01
 5.00063E-01
 5.00063E-01
 5.00062E-01
 5.00062E-01
 5.00062E-01
 5.00062E-01
 5.00062E-01
 5.00062E-01
 5.00062E-01
 5.00062E-01
 5.00062E-01
 5.00062E-01
 5.00062E-01
 5.00062E-01
 5.00062E-01
 5.00062E-01
 5.00062E-01
 5.00062E-01
 5.00062E-01
 5.00062E-01
 5.00062E-01
 5.00062E-01
 5.00062E-01
 5.00062E-01
 5.00062E-01
 5.00062E-01
 5.00062E-01
 5.00062E-01
 5.00062E-01
 5.00062E-01
 5.00062E-01
 5.00062E-01
 5.00062E-01
 5.00062E-01
 5.00062E-01
 5.00062E-01
 5.00062E-01
 1.00000E+00
 1.00000E+00
 1.00000E+00
 1.00000E+00
 1.00000E+00
 1.00000E+00
 1.00000E+00
 1.00000E+00
 1.00000E+00
 1.00000E+00
 1.00000E+00
 1.00000E+00
 1.00000E+00
 9.95901E-01
 6.65206E-01
 5.26694E-01
 5.08966E-01
 5.02678E-01
 5.00785E-01
 5.00253E-01
 5.00115E-01
 5.00082E-01
 5.00075E-01
 5.00073E-01
 5.00073E-01
 5.00072E-01
 5.00072E-01
 5.00072E-01
 5.00071E-01
 5.00071E-01
 5.00071E-01
 5.00070E-01
 5.00070E-01
 5.00070E-01
 5.00070E-01
 5.00069E-01
 5.00069E-01
 5.00069E-01
 5.00068E-01
 5.00068E-01
 5.00068E-01
 5.00068E-01
 5.00068E-01
 5.00067E-01
 5.00067E-01
 5.00067E-01
 5.00067E-01
 5.00067E-01
 5.00066E-01
 5.00066E-01
 5.00066E-01
 5.00066E-01
 5.00066E-01
 5.00066E-01
 5.00065E-01
 5.00065E-01
 5.00065E-01
 5.00065E-01
 5.00065E-01
 5.00065E-01
 5.00065E-01
 5.00064E-01
 5.00064E-01
 5.00064E-01
 5.00064E-01
 5.00064E-01
 5.00064E-01
 5.00064E-01
 5.00064E-01
 5.00064E-01
 5.00063E-01
 5.00063E-01
 5.00063E-01
 5.00063E-01
 5.00063E-01
 5.00063E-01
 5.00063E-01
 5.00063E-01
 5.00063E-01
 5.00063E-01
 5.00063E-01
 5.00063E-01
 5.00063E-01
 5.00063E-01
 5.00062E-01
 5.00062E-01
 5.00062E-01
 5.00062E-01
 5.00062E-01
 5.00062E-01
 5.00062E-01
 5.00062E-01
 5.00062E-01
 5.00062E-01
 5.00062E-01
 5.00062E-01
 5.00062E-01
 5.00062E-01
 5.00062E-01
 5.00062E-01
 5.00062E-01
 5.00062E-01
 5.00062E-01
 5.00062E-01
 5.00062E-01
 5.00062E-01
 5.00062E-01
 5.00062E-01
 5.00062E-01
 5.00062E-01
 5.00062E-01
 5.00062E-01
 5.00062E-01
 5.00062E-01
 5.00062E-01
 5.00062E-01
 5.00062E-01
 5.00062E-01
 5.00062E-01
 5.00062E-01
 1.00000E+00
 1.00000E+00
 1.00000E+00
 1.00000E+00
 1.00000E+00
 1.00000E+00
 1.00000E+00
 1.00000E+00
 1.00000E+00
 1.00000E+00
 1.00000E+00
 9.95263E-01
 6.97972E-01
 5.43274E-01
 5.14621E-01
 5.04739E-01
 5.01571E-01
 5.00517E-01
 5.00194E-01
 5.00103E-01
 5.00080E-01
 5.00074E-01
 5.00073E-01
 5.00072E-01
 5.00072E-01
 5.00072E-01
 5.00071E-01
 5.00071E-01
 5.00071E-01
 5.00071E-01
 5.00070E-01
 5.00070E-01
 5.00070E-01
 5.00069E-01
 5.00069E-01
 5.00069E-01
 5.00069E-01
 5.00068E-01
 5.00068E-01
 5.00068E-01
 5.00068E-01
 5.00068E-01
 5.00067E-01
 5.00067E-01
 5.00067E-01
 5.00067E-01
 5.00067E-01
 5.00066E-01
 5.00066E-01
 5.00066E-01
 5.00066E-01
 5.00066E-01
 5.00066E-01
 5.00065E-01
 5.00065E-01
 5.00065E-01
 5.00065E-01
 5.00065E-01
 5.00065E-01
 5.00065E-01
 5.00064E-01
 5.00064E-01
 5.00064E-01
 5.00064E-01
 5.00064E-01
 5.00064E-01
 5.00064E-01
 5.00064E-01
 5.00064E-01
 5.00063E-01
 5.00063E-01
 5.00063E-01
 5.00063E-01
 5.00063E-01
 5.00063E-01
 5.00063E-01
 5.00063E-01
 5.00063E-01
 5.00063E-01
 5.00063E-01
 5.00063E-01
 5.00063E-01
 5.00063E-01
 5.00062E-01
 5.00062E-01
 5.00062E-01
 5.00062E-01
 5.00062E-01
 5.00062E-01
 5.00062E-01
 5.00062E-01
 5.00062E-01
 5.00062E-01
 5.00062E-01
 5.00062E-01
 5.00062E-01
 5.00062E-01
 5.00062E-01
 5.00062E-01
 5.00062E-01
 5.00062E-01
 5.00062E-01
 5.00062E-01
 5.00062E-01
 5.00062E-01
 5.00062E-01
 5.00062E-01
 5.00062E-01
 5.00062E-01
 5.00062E-01
 5.00062E-01
 5.00062E-01
 5.00062E-01
 5.00062E-01
 5.00062E-01
 5.00062E-01
 5.00062E-01
 5.00062E-01
 5.00062E-01
 5.00062E-01
 1.00000E+00
 1.00000E+00
 1.00000E+00
 1.00000E+00
 1.00000E+00
 1.00000E+00
 1.00000E+00
 1.00000E+00
 9.99958E-01
 8.90926E-01
 6.68317E-01
 5.42779E-01
 5.17069E-01
 5.06235E-01
 5.02462E-01
 5.00890E-01
 5.00330E-01
 5.00148E-01
 5.00093E-01
 5.00078E-01
 5.00074E-01
 5.00073E-01
 5.00072E-01
 5.00072E-01
 5.00072E-01
 5.00071E-01
 5.00071E-01
 5.00071E-01
 5.00070E-01
 5.00070E-01
 5.00070E-01
 5.00070E-01
 5.00069E-01
 5.00069E-01
 5.00069E-01
 5.00069E-01
 5.00068E-01
 5.00068E-01
 5.00068E-01
 5.00068E-01
 5.00067E-01
 5.00067E-01
 5.00067E-01
 5.00067E-01
 5.00067E-01
 5.00066E-01
 5.00066E-01
 5.00066E-01
 5.00066E-01
 5.00066E-01
 5.00066E-01
 5.00065E-01
 5.00065E-01
 5.00065E-01
 5.00065E-01
 5.00065E-01
 5.00065E-01
 5.00065E-01
 5.00064E-01
 5.00064E-01
 5.00064E-01
 5.00064E-01
 5.00064E-01
 5.00064E-01
 5.00064E-01
 5.00064E-01
 5.00064E-01
 5.00064E-01
 5.00063E-01
 5.00063E-01
 5.00063E-01
 5.00063E-01
 5.00063E-01
 5.00063E-01
 5.00063E-01
 5.00063E-01
 5.00063E-01
 5.00063E-01
 5.00063E-01
 5.00063E-01
 5.00063E-01
 5.00062E-01
 5.00062E-01
 5.00062E-01
 5.00062E-01
 5.00062E-01
 5.00062E-01
 5.00062E-01
 5.00062E-01
 5.00062E-01
 5.00062E-01
 5.00062E-01
 5.00062E-01
 5.00062E-01
 5.00062E-01
 5.00062E-01
 5.00062E-01
 5.00062E-01
 5.00062E-01
 5.00062E-01
 5.00062E-01
 5.00062E-01
 5.00062E-01
 5.00062E-01
 5.00062E-01
 5.00062E-01
 5.00062E-01
 5.00062E-01
 5.00062E-01
 5.00062E-01
 5.00062E-01
 5.00062E-01
 5.00061E-01
 5.00061E-01
 5.00061E-01
 5.00061E-01
 5.00061E-01
 5.00061E-01
 5.00061E-01
 5.00061E-01
 1.00000E+00
 1.00000E+00
 1.00000E+00
 1.00000E+00
 9.99987E-01
 9.98396E-01
 8.66259E-01
 7.05710E-01
 5.94513E-01
 5.27338E-01
 5.15208E-01
 5.06341E-01
 5.02913E-01
 5.01186E-01
 5.00484E-01
 5.00212E-01
 5.00116E-01
 5.00085E-01
 5.00076E-01
 5.00073E-01
 5.00072E-01
 5.00072E-01
 5.00072E-01
 5.00071E-01
 5.00071E-01
 5.00071E-01
 5.00071E-01
 5.00070E-01
 5.00070E-01
 5.00070E-01
 5.00070E-01
 5.00069E-01
 5.00069E-01
 5.00069E-01
 5.00069E-01
 5.00068E-01
 5.00068E-01
 5.00068E-01
 5.00068E-01
 5.00067E-01
 5.00067E-01
 5.00067E-01
 5.00067E-01
 5.00067E-01
 5.00066E-01
 5.00066E-01
 5.00066E-01
 5.00066E-01
 5.00066E-01
 5.00066E-01
 5.00065E-01
 5.00065E-01
 5.00065E-01
 5.00065E-01
 5.00065E-01
 5.00065E-01
 5.00065E-01
 5.00064E-01
 5.00064E-01
 5.00064E-01
 5.00064E-01
 5.00064E-01
 5.00064E-01
 5.00064E-01
 5.00064E-01
 5.00064E-01
 5.00063E-01
 5.00063E-01
 5.00063E-01
 5.00063E-01
 5.00063E-01
 5.00063E-01
 5.00063E-01
 5.00063E-01
 5.00063E-01
 5.00063E-01
 5.00063E-01
 5.00063E-01
 5.00063E-01
 5.00062E-01
 5.00062E-01
 5.00062E-01
 5.00062E-01
 5.00062E-01
 5.00062E-01
 5.00062E-01
 5.00062E-01
 5.00062E-01
 5.00062E-01
 5.00062E-01
 5.00062E-01
 5.00062E-01
 5.00062E-01
 5.00062E-01
 5.00062E-01
 5.00062E-01
 5.00062E-01
 5.00062E-01
 5.00062E-01
 5.00062E-01
 5.00062E-01
 5.00062E-01
 5.00062E-01
 5.00062E-01
 5.00062E-01
 5.00062E-01
 5.00062E-01
 5.00061E-01
 5.00061E-01
 5.00061E-01
 5.00061E-01
 5.00061E-01
 5.00061E-01
 5.00061E-01
 5.00061E-01
 5.00061E-01
 5.00061E-01
 5.00061E-01
 5.00061E-01
 5.00061E-01
 8.40842E-01
 7.89769E-01
 7.33707E-01
 6.74401E-01
 6.14548E-01
 5.55790E-01
 5.26816E-01
 5.17997E-01
 5.09786E-01
 5.05092E-01
 5.02616E-01
 5.01227E-01
 5.00568E-01
 5.00267E-01
 5.00143E-01
 5.00096E-01
 5.00080E-01
 5.00075E-01
 5.00073E-01
 5.00072E-01
 5.00072E-01
 5.00072E-01
 5.00071E-01
 5.00071E-01
 5.00071E-01
 5.00070E-01
 5.00070E-01
 5.00070E-01
 5.00070E-01
 5.00069E-01
 5.00069E-01
 5.00069E-01
 5.00069E-01
 5.00068E-01
 5.00068E-01
 5.00068E-01
 5.00068E-01
 5.00068E-01
 5.00067E-01
 5.00067E-01
 5.00067E-01
 5.00067E-01
 5.00067E-01
 5.00066E-01
 5.00066E-01
 5.00066E-01
 5.00066E-01
 5.00066E-01
 5.00066E-01
 5.00065E-01
 5.00065E-01
 5.00065E-01
 5.00065E-01
 5.00065E-01
 5.00065E-01
 5.00065E-01
 5.00064E-01
 5.00064E-01
 5.00064E-01
 5.00064E-01
 5.00064E-01
 5.00064E-01
 5.00064E-01
 5.00064E-01
 5.00064E-01
 5.00063E-01
 5.00063E-01
 5.00063E-01
 5.00063E-01
 5.00063E-01
 5.00063E-01
 5.00063E-01
 5.00063E-01
 5.00063E-01
 5.00063E-01
 5.00063E-01
 5.00063E-01
 5.00063E-01
 5.00062E-01
 5.00062E-01
 5.00062E-01
 5.00062E-01
 5.00062E-01
 5.00062E-01
 5.00062E-01
 5.00062E-01
 5.00062E-01
 5.00062E-01
 5.00062E-01
 5.00062E-01
 5.00062E-01
 5.00062E-01
 5.00062E-01
 5.00062E-01
 5.00062E-01
 5.00062E-01
 5.00062E-01
 5.00062E-01
 5.00062E-01
 5.00062E-01
 5.00062E-01
 5.00062E-01
 5.00062E-01
 5.00062E-01
 5.00061E-01
 5.00061E-01
 5.00061E-01
 5.00061E-01
 5.00061E-01
 5.00061E-01
 5.00061E-01
 5.00061E-01
 5.00061E-01
 5.00061E-01
 5.00061E-01
 5.00061E-01
 5.00061E-01
 5.00061E-01
 5.00061E-01
 5.00061E-01
 5.26040E-01
 5.23366E-01
 5.20026E-01
 5.15972E-01
 5.11504E-01
 5.07476E-01
 5.05062E-01
 5.03169E-01
 5.01795E-01
 5.00996E-01
 5.00523E-01
 5.00277E-01
 5.00158E-01
 5.00106E-01
 5.00084E-01
 5.00076E-01
 5.00073E-01
 5.00072E-01
 5.00072E-01
 5.00072E-01
 5.00071E-01
 5.00071E-01
 5.00071E-01
 5.00071E-01
 5.00070E-01
 5.00070E-01
 5.00070E-01
 5.00070E-01
 5.00069E-01
 5.00069E-01
 5.00069E-01
 5.00069E-01
 5.00068E-01
 5.00068E-01
 5.00068E-01
 5.00068E-01
 5.00067E-01
 5.00067E-01
 5.00067E-01
 5.00067E-01
 5.00067E-01
 5.00067E-01
 5.00066E-01
 5.00066E-01
 5.00066E-01
 5.00066E-01
 5.00066E-01
 5.00065E-01
 5.00065E-01
 5.00065E-01
 5.00065E-01
 5.00065E-01
 5.00065E-01
 5.00065E-01
 5.00064E-01
 5.00064E-01
 5.00064E-01
 5.00064E-01
 5.00064E-01
 5.00064E-01
 5.00064E-01
 5.00064E-01
 5.00064E-01
 5.00063E-01
 5.00063E-01
 5.00063E-01
 5.00063E-01
 5.00063E-01
 5.00063E-01
 5.00063E-01
 5.00063E-01
 5.00063E-01
 5.00063E-01
 5.00063E-01
 5.00063E-01
 5.00063E-01
 5.00062E-01
 5.00062E-01
 5.00062E-01
 5.00062E-01
 5.00062E-01
 5.00062E-01
 5.00062E-01
 5.00062E-01
 5.00062E-01
 5.00062E-01
 5.00062E-01
 5.00062E-01
 5.00062E-01
 5.00062E-01
 5.00062E-01
 5.00062E-01
 5.00062E-01
 5.00062E-01
 5.00062E-01
 5.00062E-01
 5.00062E-01
 5.00062E-01
 5.00062E-01
 5.00062E-01
 5.00062E-01
 5.00061E-01
 5.00061E-01
 5.00061E-01
 5.00061E-01
 5.00061E-01
 5.00061E-01
 5.00061E-01
 5.00061E-01
 5.00061E-01
 5.00061E-01
 5.00061E-01
 5.00061E-01
 5.00061E-01
 5.00061E-01
 5.00061E-01
 5.00061E-01
 5.00061E-01
 5.00061E-01
 5.00061E-01
 5.04948E-01
 5.04339E-01
 5.03633E-01
 5.02862E-01
 5.02115E-01
 5.01491E-01
 5.01007E-01
 5.00634E-01
 5.00387E-01
 5.00237E-01
 5.00152E-01
 5.00108E-01
 5.00087E-01
 5.00078E-01
 5.00074E-01
 5.00073E-01
 5.00072E-01
 5.00072E-01
 5.00071E-01
 5.00071E-01
 5.00071E-01
 5.00071E-01
 5.00070E-01
 5.00070E-01
 5.00070E-01
 5.00070E-01
 5.00069E-01
 5.00069E-01
 5.00069E-01
 5.00069E-01
 5.00068E-01
 5.00068E-01
 5.00068E-01
 5.00068E-01
 5.00068E-01
 5.00067E-01
 5.00067E-01
 5.00067E-01
 5.00067E-01
 5.00067E-01
 5.00066E-01
 5.00066E-01
 5.00066E-01
 5.00066E-01
 5.00066E-01
 5.00066E-01
 5.00065E-01
 5.00065E-01
 5.00065E-01
 5.00065E-01
 5.00065E-01
 5.00065E-01
 5.00065E-01
 5.00064E-01
 5.00064E-01
 5.00064E-01
 5.00064E-01
 5.00064E-01
 5.00064E-01
 5.00064E-01
 5.00064E-01
 5.00064E-01
 5.00063E-01
 5.00063E-01
 5.00063E-01
 5.00063E-01
 5.00063E-01
 5.00063E-01
 5.00063E-01
 5.00063E-01
 5.00063E-01
 5.00063E-01
 5.00063E-01
 5.00063E-01
 5.00062E-01
 5.00062E-01
 5.00062E-01
 5.00062E-01
 5.00062E-01
 5.00062E-01
 5.00062E-01
 5.00062E-01
 5.00062E-01
 5.00062E-01
 5.00062E-01
 5.00062E-01
 5.00062E-01
 5.00062E-01
 5.00062E-01
 5.00062E-01
 5.00062E-01
 5.00062E-01
 5.00062E-01
 5.00062E-01
 5.00062E-01
 5.00062E-01
 5.00062E-01
 5.00062E-01
 5.00061E-01
 5.00061E-01
 5.00061E-01
 5.00061E-01
 5.00061E-01
 5.00061E-01
 5.00061E-01
 5.00061E-01
 5.00061E-01
 5.00061E-01
 5.00061E-01
 5.00061E-01
 5.00061E-01
 5.00061E-01
 5.00061E-01
 5.00061E-01
 5.00061E-01
 5.00061E-01
 5.00061E-01
 5.00061E-01
 5.00061E-01
 5.00061E-01
 5.00999E-01
 5.00876E-01
 5.00737E-01
 5.00592E-01
 5.00455E-01
 5.00337E-01
 5.00242E-01
 5.00173E-01
 5.00128E-01
 5.00101E-01
 5.00086E-01
 5.00078E-01
 5.00074E-01
 5.00073E-01
 5.00072E-01
 5.00071E-01
 5.00071E-01
 5.00071E-01
 5.00071E-01
 5.00071E-01
 5.00070E-01
 5.00070E-01
 5.00070E-01
 5.00070E-01
 5.00069E-01
 5.00069E-01
 5.00069E-01
 5.00069E-01
 5.00069E-01
 5.00068E-01
 5.00068E-01
 5.00068E-01
 5.00068E-01
 5.00067E-01
 5.00067E-01
 5.00067E-01
 5.00067E-01
 5.00067E-01
 5.00067E-01
 5.00066E-01
 5.00066E-01
 5.00066E-01
 5.00066E-01
 5.00066E-01
 5.00065E-01
 5.00065E-01
 5.00065E-01
 5.00065E-01
 5.00065E-01
 5.00065E-01
 5.00065E-01
 5.00065E-01
 5.00064E-01
 5.00064E-01
 5.00064E-01
 5.00064E-01
 5.00064E-01
 5.00064E-01
 5.00064E-01
 5.00064E-01
 5.00063E-01
 5.00063E-01
 5.00063E-01
 5.00063E-01
 5.00063E-01
 5.00063E-01
 5.00063E-01
 5.00063E-01
 5.00063E-01
 5.00063E-01
 5.00063E-01
 5.00063E-01
 5.00063E-01
 5.00062E-01
 5.00062E-01
 5.00062E-01
 5.00062E-01
 5.00062E-01
 5.00062E-01
 5.00062E-01
 5.00062E-01
 5.00062E-01
 5.00062E-01
 5.00062E-01
 5.00062E-01
 5.00062E-01
 5.00062E-01
 5.00062E-01
 5.00062E-01
 5.00062E-01
 5.00062E-01
 5.00062E-01
 5.00062E-01
 5.00062E-01
 5.00062E-01
 5.00061E-01
 5.00061E-01
 5.00061E-01
 5.00061E-01
 5.00061E-01
 5.00061E-01
 5.00061E-01
 5.00061E-01
 5.00061E-01
 5.00061E-01
 5.00061E-01
 5.00061E-01
 5.00061E-01
 5.00061E-01
 5.00061E-01
 5.00061E-01
 5.00061E-01
 5.00061E-01
 5.00061E-01
 5.00061E-01
 5.00061E-01
 5.00061E-01
 5.00061E-01
 5.00061E-01
 5.00061E-01
 5.00244E-01
 5.00221E-01
 5.00195E-01
 5.00168E-01
 5.00142E-01
 5.00120E-01
 5.00102E-01
 5.00090E-01
 5.00082E-01
 5.00077E-01
 5.00074E-01
 5.00073E-01
 5.00072E-01
 5.00071E-01
 5.00071E-01
 5.00071E-01
 5.00071E-01
 5.00070E-01
 5.00070E-01
 5.00070E-01
 5.00070E-01
 5.00070E-01
 5.00069E-01
 5.00069E-01
 5.00069E-01
 5.00069E-01
 5.00069E-01
 5.00068E-01
 5.00068E-01
 5.00068E-01
 5.00068E-01
 5.00068E-01
 5.00067E-01
 5.00067E-01
 5.00067E-01
 5.00067E-01
 5.00067E-01
 5.00066E-01
 5.00066E-01
 5.00066E-01
 5.00066E-01
 5.00066E-01
 5.00066E-01
 5.00065E-01
 5.00065E-01
 5.00065E-01
 5.00065E-01
 5.00065E-01
 5.00065E-01
 5.00065E-01
 5.00064E-01
 5.00064E-01
 5.00064E-01
 5.00064E-01
 5.00064E-01
 5.00064E-01
 5.00064E-01
 5.00064E-01
 5.00064E-01
 5.00063E-01
 5.00063E-01
 5.00063E-01
 5.00063E-01
 5.00063E-01
 5.00063E-01
 5.00063E-01
 5.00063E-01
 5.00063E-01
 5.00063E-01
 5.00063E-01
 5.00063E-01
 5.00062E-01
 5.00062E-01
 5.00062E-01
 5.00062E-01
 5.00062E-01
 5.00062E-01
 5.00062E-01
 5.00062E-01
 5.00062E-01
 5.00062E-01
 5.00062E-01
 5.00062E-01
 5.00062E-01
 5.00062E-01
 5.00062E-01
 5.00062E-01
 5.00062E-01
 5.00062E-01
 5.00062E-01
 5.00062E-01
 5.00062E-01
 5.00061E-01
 5.00061E-01
 5.00061E-01
 5.00061E-01
 5.00061E-01
 5.00061E-01
 5.00061E-01
 5.00061E-01
 5.00061E-01
 5.00061E-01
 5.00061E-01
 5.00061E-01
 5.00061E-01
 5.00061E-01
 5.00061E-01
 5.00061E-01
 5.00061E-01
 5.00061E-01
 5.00061E-01
 5.00061E-01
 5.00061E-01
 5.00061E-01
 5.00061E-01
 5.00061E-01
 5.00061E-01
 5.00061E-01
 5.00061E-01
 5.00061E-01
 5.00103E-01
 5.00099E-01
 5.00094E-01
 5.00089E-01
 5.00084E-01
 5.00080E-01
 5.00077E-01
 5.00075E-01
 5.00073E-01
 5.00072E-01
 5.00072E-01
 5.00071E-01
 5.00071E-01
 5.00071E-01
 5.00071E-01
 5.00070E-01
 5.00070E-01
 5.00070E-01
 5.00070E-01
 5.00070E-01
 5.00069E-01
 5.00069E-01
 5.00069E-01
 5.00069E-01
 5.00069E-01
 5.00068E-01
 5.00068E-01
 5.00068E-01
 5.00068E-01
 5.00068E-01
 5.00067E-01
 5.00067E-01
 5.00067E-01
 5.00067E-01
 5.00067E-01
 5.00066E-01
 5.00066E-01
 5.00066E-01
 5.00066E-01
 5.00066E-01
 5.00066E-01
 5.00065E-01
 5.00065E-01
 5.00065E-01
 5.00065E-01
 5.00065E-01
 5.00065E-01
 5.00065E-01
 5.00064E-01
 5.00064E-01
 5.00064E-01
 5.00064E-01
 5.00064E-01
 5.00064E-01
 5.00064E-01
 5.00064E-01
 5.00064E-01
 5.00063E-01
 5.00063E-01
 5.00063E-01
 5.00063E-01
 5.00063E-01
 5.00063E-01
 5.00063E-01
 5.00063E-01
 5.00063E-01
 5.00063E-01
 5.00063E-01
 5.00063E-01
 5.00062E-01
 5.00062E-01
 5.00062E-01
 5.00062E-01
 5.00062E-01
 5.00062E-01
 5.00062E-01
 5.00062E-01
 5.00062E-01
 5.00062E-01
 5.00062E-01
 5.00062E-01
 5.00062E-01
 5.00062E-01
 5.00062E-01
 5.00062E-01
 5.00062E-01
 5.00062E-01
 5.00062E-01
 5.00062E-01
 5.00062E-01
 5.00061E-01
 5.00061E-01
 5.00061E-01
 5.00061E-01
 5.00061E-01
 5.00061E-01
 5.00061E-01
 5.00061E-01
 5.00061E-01
 5.00061E-01
 5.00061E-01
 5.00061E-01
 5.00061E-01
 5.00061E-01
 5.00061E-01
 5.00061E-01
 5.00061E-01
 5.00061E-01
 5.00061E-01
 5.00061E-01
 5.00061E-01
 5.00061E-01
 5.00061E-01
 5.00061E-01
 5.00061E-01
 5.00061E-01
 5.00061E-01
 5.00061E-01
 5.00061E-01
 5.00061E-01
 5.00077E-01
 5.00076E-01
 5.00075E-01
 5.00074E-01
 5.00073E-01
 5.00073E-01
 5.00072E-01
 5.00071E-01
 5.00071E-01
 5.00071E-01
 5.00071E-01
 5.00070E-01
 5.00070E-01
 5.00070E-01
 5.00070E-01
 5.00070E-01
 5.00070E-01
 5.00069E-01
 5.00069E-01
 5.00069E-01
 5.00069E-01
 5.00069E-01
 5.00069E-01
 5.00068E-01
 5.00068E-01
 5.00068E-01
 5.00068E-01
 5.00068E-01
 5.00067E-01
 5.00067E-01
 5.00067E-01
 5.00067E-01
 5.00067E-01
 5.00066E-01
 5.00066E-01
 5.00066E-01
 5.00066E-01
 5.00066E-01
 5.00066E-01
 5.00065E-01
 5.00065E-01
 5.00065E-01
 5.00065E-01
 5.00065E-01
 5.00065E-01
 5.00065E-01
 5.00065E-01
 5.00064E-01
 5.00064E-01
 5.00064E-01
 5.00064E-01
 5.00064E-01
 5.00064E-01
 5.00064E-01
 5.00064E-01
 5.00063E-01
 5.00063E-01
 5.00063E-01
 5.00063E-01
 5.00063E-01
 5.00063E-01
 5.00063E-01
 5.00063E-01
 5.00063E-01
 5.00063E-01
 5.00063E-01
 5.00063E-01
 5.00062E-01
 5.00062E-01
 5.00062E-01
 5.00062E-01
 5.00062E-01
 5.00062E-01
 5.00062E-01
 5.00062E-01
 5.00062E-01
 5.00062E-01
 5.00062E-01
 5.00062E-01
 5.00062E-01
 5.00062E-01
 5.00062E-01
 5.00062E-01
 5.00062E-01
 5.00062E-01
 5.00062E-01
 5.00062E-01
 5.00061E-01
 5.00061E-01
 5.00061E-01
 5.00061E-01
 5.00061E-01
 5.00061E-01
 5.00061E-01
 5.00061E-01
 5.00061E-01
 5.00061E-01
 5.00061E-01
 5.00061E-01
 5.00061E-01
 5.00061E-01
 5.00061E-01
 5.00061E-01
 5.00061E-01
 5.00061E-01
 5.00061E-01
 5.00061E-01
 5.00061E-01
 5.00061E-01
 5.00061E-01
 5.00061E-01
 5.00061E-01
 5.00061E-01
 5.00061E-01
 5.00061E-01
 5.00061E-01
 5.00061E-01
 5.00061E-01
 5.00061E-01
 5.00061E-01
 5.00072E-01
 5.00072E-01
 5.00071E-01
 5.00071E-01
 5.00071E-01
 5.00071E-01
 5.00071E-01
 5.00070E-01
 5.00070E-01
 5.00070E-01
 5.00070E-01
 5.00070E-01
 5.00070E-01
 5.00070E-01
 5.00069E-01
 5.00069E-01
 5.00069E-01
 5.00069E-01
 5.00069E-01
 5.00069E-01
 5.00068E-01
 5.00068E-01
 5.00068E-01
 5.00068E-01
 5.00068E-01
 5.00068E-01
 5.00067E-01
 5.00067E-01
 5.00067E-01
 5.00067E-01
 5.00067E-01
 5.00066E-01
 5.00066E-01
 5.00066E-01
 5.00066E-01
 5.00066E-01
 5.00066E-01
 5.00066E-01
 5.00065E-01
 5.00065E-01
 5.00065E-01
 5.00065E-01
 5.00065E-01
 5.00065E-01
 5.00065E-01
 5.00064E-01
 5.00064E-01
 5.00064E-01
 5.00064E-01
 5.00064E-01
 5.00064E-01
 5.00064E-01
 5.00064E-01
 5.00063E-01
 5.00063E-01
 5.00063E-01
 5.00063E-01
 5.00063E-01
 5.00063E-01
 5.00063E-01
 5.00063E-01
 5.00063E-01
 5.00063E-01
 5.00063E-01
 5.00063E-01
 5.00062E-01
 5.00062E-01
 5.00062E-01
 5.00062E-01
 5.00062E-01
 5.00062E-01
 5.00062E-01
 5.00062E-01
 5.00062E-01
 5.00062E-01
 5.00062E-01
 5.00062E-01
 5.00062E-01
 5.00062E-01
 5.00062E-01
 5.00062E-01
 5.00062E-01
 5.00062E-01
 5.00062E-01
 5.00061E-01
 5.00061E-01
 5.00061E-01
 5.00061E-01
 5.00061E-01
 5.00061E-01
 5.00061E-01
 5.00061E-01
 5.00061E-01
 5.00061E-01
 5.00061E-01
 5.00061E-01
 5.00061E-01
 5.00061E-01
 5.00061E-01
 5.00061E-01
 5.00061E-01
 5.00061E-01
 5.00061E-01
 5.00061E-01
 5.00061E-01
 5.00061E-01
 5.00061E-01
 5.00061E-01
 5.00061E-01
 5.00061E-01
 5.00061E-01
 5.00061E-01
 5.00061E-01
 5.00061E-01
 5.00061E-01
 5.00061E-01
 5.00061E-01
 5.00061E-01
 5.00061E-01
 5.00061E-01
 5.00070E-01
 5.00070E-01
 5.00070E-01
 5.00070E-01
 5.00070E-01
 5.00070E-01
 5.00070E-01
 5.00070E-01
 5.00070E-01
 5.00070E-01
 5.00069E-01
 5.00069E-01
 5.00069E-01
 5.00069E-01
 5.00069E-01
 5.00069E-01
 5.00069E-01
 5.00068E-01
 5.00068E-01
 5.00068E-01
 5.00068E-01
 5.00068E-01
 5.00068E-01
 5.00067E-01
 5.00067E-01
 5.00067E-01
 5.00067E-01
 5.00067E-01
 5.00067E-01
 5.00066E-01
 5.00066E-01
 5.00066E-01
 5.00066E-01
 5.00066E-01
 5.00066E-01
 5.00066E-01
 5.00065E-01
 5.00065E-01
 5.00065E-01
 5.00065E-01
 5.00065E-01
 5.00065E-01
 5.00065E-01
 5.00064E-01
 5.00064E-01
 5.00064E-01
 5.00064E-01
 5.00064E-01
 5.00064E-01
 5.00064E-01
 5.00064E-01
 5.00063E-01
 5.00063E-01
 5.00063E-01
 5.00063E-01
 5.00063E-01
 5.00063E-01
 5.00063E-01
 5.00063E-01
 5.00063E-01
 5.00063E-01
 5.00063E-01
 5.00063E-01
 5.00062E-01
 5.00062E-01
 5.00062E-01
 5.00062E-01
 5.00062E-01
 5.00062E-01
 5.00062E-01
 5.00062E-01
 5.00062E-01
 5.00062E-01
 5.00062E-01
 5.00062E-01
 5.00062E-01
 5.00062E-01
 5.00062E-01
 5.00062E-01
 5.00062E-01
 5.00062E-01
 5.00061E-01
 5.00061E-01
 5.00061E-01
 5.00061E-01
 5.00061E-01
 5.00061E-01
 5.00061E-01
 5.00061E-01
 5.00061E-01
 5.00061E-01
 5.00061E-01
 5.00061E-01
 5.00061E-01
 5.00061E-01
 5.00061E-01
 5.00061E-01
 5.00061E-01
 5.00061E-01
 5.00061E-01
 5.00061E-01
 5.00061E-01
 5.00061E-01
 5.00061E-01
 5.00061E-01
 5.00061E-01
 5.00061E-01
 5.00061E-01
 5.00061E-01
 5.00061E-01
 5.00061E-01
 5.00061E-01
 5.00061E-01
 5.00061E-01
 5.00061E-01
 5.00061E-01
 5.00061E-01
 5.00061E-01
 5.00061E-01
 5.00061E-01
 5.00070E-01
 5.00070E-01
 5.00070E-01
 5.00070E-01
 5.00069E-01
 5.00069E-01
 5.00069E-01
 5.00069E-01
 5.00069E-01
 5.00069E-01
 5.00069E-01
 5.00069E-01
 5.00069E-01
 5.00069E-01
 5.00068E-01
 5.00068E-01
 5.00068E-01
 5.00068E-01
 5.00068E-01
 5.00068E-01
 5.00068E-01
 5.00067E-01
 5.00067E-01
 5.00067E-01
 5.00067E-01
 5.00067E-01
 5.00067E-01
 5.00066E-01
 5.00066E-01
 5.00066E-01
 5.00066E-01
 5.00066E-01
 5.00066E-01
 5.00066E-01
 5.00065E-01
 5.00065E-01
 5.00065E-01
 5.00065E-01
 5.00065E-01
 5.00065E-01
 5.00065E-01
 5.00064E-01
 5.00064E-01
 5.00064E-01
 5.00064E-01
 5.00064E-01
 5.00064E-01
 5.00064E-01
 5.00064E-01
 5.00063E-01
 5.00063E-01
 5.00063E-01
 5.00063E-01
 5.00063E-01
 5.00063E-01
 5.00063E-01
 5.00063E-01
 5.00063E-01
 5.00063E-01
 5.00063E-01
 5.00063E-01
 5.00062E-01
 5.00062E-01
 5.00062E-01
 5.00062E-01
 5.00062E-01
 5.00062E-01
 5.00062E-01
 5.00062E-01
 5.00062E-01
 5.00062E-01
 5.00062E-01
 5.00062E-01
 5.00062E-01
 5.00062E-01
 5.00062E-01
 5.00062E-01
 5.00062E-01
 5.00062E-01
 5.00061E-01
 5.00061E-01
 5.00061E-01
 5.00061E-01
 5.00061E-01
 5.00061E-01
 5.00061E-01
 5.00061E-01
 5.00061E-01
 5.00061E-01
 5.00061E-01
 5.00061E-01
 5.00061E-01
 5.00061E-01
 5.00061E-01
 5.00061E-01
 5.00061E-01
 5.00061E-01
 5.00061E-01
 5.00061E-01
 5.00061E-01
 5.00061E-01
 5.00061E-01
 5.00061E-01
 5.00061E-01
 5.00061E-01
 5.00061E-01
 5.00061E-01
 5.00061E-01
 5.00061E-01
 5.00061E-01
 5.00061E-01
 5.00061E-01
 5.00061E-01
 5.00061E-01
 5.00061E-01
 5.00061E-01
 5.00061E-01
 5.00061E-01
 5.00061E-01
 5.00061E-01
 5.00069E-01
 5.00069E-01
 5.00069E-01
 5.00069E-01
 5.00069E-01
 5.00069E-01
 5.00069E-01
 5.00069E-01
 5.00069E-01
 5.00069E-01
 5.00068E-01
 5.00068E-01
 5.00068E-01
 5.00068E-01
 5.00068E-01
 5.00068E-01
 5.00068E-01
 5.00068E-01
 5.00067E-01
 5.00067E-01
 5.00067E-01
 5.00067E-01
 5.00067E-01
 5.00067E-01
 5.00067E-01
 5.00066E-01
 5.00066E-01
 5.00066E-01
 5.00066E-01
 5.00066E-01
 5.00066E-01
 5.00065E-01
 5.00065E-01
 5.00065E-01
 5.00065E-01
 5.00065E-01
 5.00065E-01
 5.00065E-01
 5.00065E-01
 5.00064E-01
 5.00064E-01
 5.00064E-01
 5.00064E-01
 5.00064E-01
 5.00064E-01
 5.00064E-01
 5.00064E-01
 5.00063E-01
 5.00063E-01
 5.00063E-01
 5.00063E-01
 5.00063E-01
 5.00063E-01
 5.00063E-01
 5.00063E-01
 5.00063E-01
 5.00063E-01
 5.00063E-01
 5.00062E-01
 5.00062E-01
 5.00062E-01
 5.00062E-01
 5.00062E-01
 5.00062E-01
 5.00062E-01
 5.00062E-01
 5.00062E-01
 5.00062E-01
 5.00062E-01
 5.00062E-01
 5.00062E-01
 5.00062E-01
 5.00062E-01
 5.00062E-01
 5.00062E-01
 5.00062E-01
 5.00061E-01
 5.00061E-01
 5.00061E-01
 5.00061E-01
 5.00061E-01
 5.00061E-01
 5.00061E-01
 5.00061E-01
 5.00061E-01
 5.00061E-01
 5.00061E-01
 5.00061E-01
 5.00061E-01
 5.00061E-01
 5.00061E-01
 5.00061E-01
 5.00061E-01
 5.00061E-01
 5.00061E-01
 5.00061E-01
 5.00061E-01
 5.00061E-01
 5.00061E-01
 5.00061E-01
 5.00061E-01
 5.00061E-01
 5.00061E-01
 5.00061E-01
 5.00061E-01
 5.00061E-01
 5.00061E-01
 5.00061E-01
 5.00061E-01
 5.00061E-01
 5.00061E-01
 5.00061E-01
 5.00061E-01
 5.00061E-01
 5.00061E-01
 5.00061E-01
 5.00061E-01
 5.00061E-01
 5.00061E-01
 5.00061E-01
 5.00068E-01
 5.00068E-01
 5.00068E-01
 5.00068E-01
 5.00068E-01
 5.00068E-01
 5.00068E-01
 5.00068E-01
 5.00068E-01
 5.00068E-01
 5.00068E-01
 5.00068E-01
 5.00068E-01
 5.00068E-01
 5.00067E-01
 5.00067E-01
 5.00067E-01
 5.00067E-01
 5.00067E-01
 5.00067E-01
 5.00067E-01
 5.00067E-01
 5.00066E-01
 5.00066E-01
 5.00066E-01
 5.00066E-01
 5.00066E-01
 5.00066E-01
 5.00066E-01
 5.00065E-01
 5.00065E-01
 5.00065E-01
 5.00065E-01
 5.00065E-01
 5.00065E-01
 5.00065E-01
 5.00064E-01
 5.00064E-01
 5.00064E-01
 5.00064E-01
 5.00064E-01
 5.00064E-01
 5.00064E-01
 5.00064E-01
 5.00064E-01
 5.00063E-01
 5.00063E-01
 5.00063E-01
 5.00063E-01
 5.00063E-01
 5.00063E-01
 5.00063E-01
 5.00063E-01
 5.00063E-01
 5.00063E-01
 5.00063E-01
 5.00062E-01
 5.00062E-01
 5.00062E-01
 5.00062E-01
 5.00062E-01
 5.00062E-01
 5.00062E-01
 5.00062E-01
 5.00062E-01
 5.00062E-01
 5.00062E-01
 5.00062E-01
 5.00062E-01
 5.00062E-01
 5.00062E-01
 5.00062E-01
 5.00062E-01
 5.00061E-01
 5.00061E-01
 5.00061E-01
 5.00061E-01
 5.00061E-01
 5.00061E-01
 5.00061E-01
 5.00061E-01
 5.00061E-01
 5.00061E-01
 5.00061E-01
 5.00061E-01
 5.00061E-01
 5.00061E-01
 5.00061E-01
 5.00061E-01
 5.00061E-01
 5.00061E-01
 5.00061E-01
 5.00061E-01
 5.00061E-01
 5.00061E-01
 5.00061E-01
 5.00061E-01
 5.00061E-01
 5.00061E-01
 5.00061E-01
 5.00061E-01
 5.00061E-01
 5.00061E-01
 5.00061E-01
 5.00061E-01
 5.00061E-01
 5.00061E-01
 5.00061E-01
 5.00061E-01
 5.00061E-01
 5.00061E-01
 5.00061E-01
 5.00061E-01
 5.00061E-01
 5.00061E-01
 5.00061E-01
 5.00061E-01
 5.00061E-01
 5.00061E-01
 5.00061E-01
 5.00068E-01
 5.00068E-01
 5.00068E-01
 5.00068E-01
 5.00068E-01
 5.00068E-01
 5.00068E-01
 5.00068E-01
 5.00068E-01
 5.00068E-01
 5.00067E-01
 5.00067E-01
 5.00067E-01
 5.00067E-01
 5.00067E-01
 5.00067E-01
 5.00067E-01
 5.00067E-01
 5.00067E-01
 5.00066E-01
 5.00066E-01
 5.00066E-01
 5.00066E-01
 5.00066E-01
 5.00066E-01
 5.00066E-01
 5.00065E-01
 5.00065E-01
 5.00065E-01
 5.00065E-01
 5.00065E-01
 5.00065E-01
 5.00065E-01
 5.00065E-01
 5.00064E-01
 5.00064E-01
 5.00064E-01
 5.00064E-01
 5.00064E-01
 5.00064E-01
 5.00064E-01
 5.00064E-01
 5.00063E-01
 5.00063E-01
 5.00063E-01
 5.00063E-01
 5.00063E-01
 5.00063E-01
 5.00063E-01
 5.00063E-01
 5.00063E-01
 5.00063E-01
 5.00063E-01
 5.00062E-01
 5.00062E-01
 5.00062E-01
 5.00062E-01
 5.00062E-01
 5.00062E-01
 5.00062E-01
 5.00062E-01
 5.00062E-01
 5.00062E-01
 5.00062E-01
 5.00062E-01
 5.00062E-01
 5.00062E-01
 5.00062E-01
 5.00062E-01
 5.00062E-01
 5.00061E-01
 5.00061E-01
 5.00061E-01
 5.00061E-01
 5.00061E-01
 5.00061E-01
 5.00061E-01
 5.00061E-01
 5.00061E-01
 5.00061E-01
 5.00061E-01
 5.00061E-01
 5.00061E-01
 5.00061E-01
 5.00061E-01
 5.00061E-01
 5.00061E-01
 5.00061E-01
 5.00061E-01
 5.00061E-01
 5.00061E-01
 5.00061E-01
 5.00061E-01
 5.00061E-01
 5.00061E-01
 5.00061E-01
 5.00061E-01
 5.00061E-01
 5.00061E-01
 5.00061E-01
 5.00061E-01
 5.00061E-01
 5.00061E-01
 5.00061E-01
 5.00061E-01
 5.00061E-01
 5.00061E-01
 5.00061E-01
 5.00061E-01
 5.00061E-01
 5.00061E-01
 5.00061E-01
 5.00061E-01
 5.00061E-01
 5.00061E-01
 5.00061E-01
 5.00061E-01
 5.00061E-01
 5.00061E-01
 5.00061E-01
 5.00067E-01
 5.00067E-01
 5.00067E-01
 5.00067E-01
 5.00067E-01
 5.00067E-01
 5.00067E-01
 5.00067E-01
 5.00067E-01
 5.00067E-01
 5.00067E-01
 5.00067E-01
 5.00067E-01
 5.00067E-01
 5.00067E-01
 5.00066E-01
 5.00066E-01
 5.00066E-01
 5.00066E-01
 5.00066E-01
 5.00066E-01
 5.00066E-01
 5.00066E-01
 5.00065E-01
 5.00065E-01
 5.00065E-01
 5.00065E-01
 5.00065E-01
 5.00065E-01
 5.00065E-01
 5.00065E-01
 5.00064E-01
 5.00064E-01
 5.00064E-01
 5.00064E-01
 5.00064E-01
 5.00064E-01
 5.00064E-01
 5.00064E-01
 5.00064E-01
 5.00063E-01
 5.00063E-01
 5.00063E-01
 5.00063E-01
 5.00063E-01
 5.00063E-01
 5.00063E-01
 5.00063E-01
 5.00063E-01
 5.00063E-01
 5.00063E-01
 5.00062E-01
 5.00062E-01
 5.00062E-01
 5.00062E-01
 5.00062E-01
 5.00062E-01
 5.00062E-01
 5.00062E-01
 5.00062E-01
 5.00062E-01
 5.00062E-01
 5.00062E-01
 5.00062E-01
 5.00062E-01
 5.00062E-01
 5.00062E-01
 5.00061E-01
 5.00061E-01
 5.00061E-01
 5.00061E-01
 5.00061E-01
 5.00061E-01
 5.00061E-01
 5.00061E-01
 5.00061E-01
 5.00061E-01
 5.00061E-01
 5.00061E-01
 5.00061E-01
 5.00061E-01
 5.00061E-01
 5.00061E-01
 5.00061E-01
 5.00061E-01
 5.00061E-01
 5.00061E-01
 5.00061E-01
 5.00061E-01
 5.00061E-01
 5.00061E-01
 5.00061E-01
 5.00061E-01
 5.00061E-01
 5.00061E-01
 5.00061E-01
 5.00061E-01
 5.00061E-01
 5.00061E-01
 5.00061E-01
 5.00061E-01
 5.00061E-01
 5.00061E-01
 5.00061E-01
 5.00061E-01
 5.00061E-01
 5.00061E-01
 5.00061E-01
 5.00061E-01
 5.00061E-01
 5.00061E-01
 5.00061E-01
 5.00061E-01
 5.00061E-01
 5.00061E-01
 5.00061E-01
 5.00061E-01
 5.00061E-01
 5.00061E-01
 5.00061E-01
 5.00067E-01
 5.00067E-01
 5.00067E-01
 5.00067E-01
 5.00067E-01
 5.00067E-01
 5.00067E-01
 5.00067E-01
 5.00067E-01
 5.00067E-01
 5.00066E-01
 5.00066E-01
 5.00066E-01
 5.00066E-01
 5.00066E-01
 5.00066E-01
 5.00066E-01
 5.00066E-01
 5.00066E-01
 5.00066E-01
 5.00065E-01
 5.00065E-01
 5.00065E-01
 5.00065E-01
 5.00065E-01
 5.00065E-01
 5.00065E-01
 5.00065E-01
 5.00064E-01
 5.00064E-01
 5.00064E-01
 5.00064E-01
 5.00064E-01
 5.00064E-01
 5.00064E-01
 5.00064E-01
 5.00064E-01
 5.00063E-01
 5.00063E-01
 5.00063E-01
 5.00063E-01
 5.00063E-01
 5.00063E-01
 5.00063E-01
 5.00063E-01
 5.00063E-01
 5.00063E-01
 5.00063E-01
 5.00062E-01
 5.00062E-01
 5.00062E-01
 5.00062E-01
 5.00062E-01
 5.00062E-01
 5.00062E-01
 5.00062E-01
 5.00062E-01
 5.00062E-01
 5.00062E-01
 5.00062E-01
 5.00062E-01
 5.00062E-01
 5.00062E-01
 5.00062E-01
 5.00061E-01
 5.00061E-01
 5.00061E-01
 5.00061E-01
 5.00061E-01
 5.00061E-01
 5.00061E-01
 5.00061E-01
 5.00061E-01
 5.00061E-01
 5.00061E-01
 5.00061E-01
 5.00061E-01
 5.00061E-01
 5.00061E-01
 5.00061E-01
 5.00061E-01
 5.00061E-01
 5.00061E-01
 5.00061E-01
 5.00061E-01
 5.00061E-01
 5.00061E-01
 5.00061E-01
 5.00061E-01
 5.00061E-01
 5.00061E-01
 5.00061E-01
 5.00061E-01
 5.00061E-01
 5.00061E-01
 5.00061E-01
 5.00061E-01
 5.00061E-01
 5.00061E-01
 5.00061E-01
 5.00061E-01
 5.00061E-01
 5.00061E-01
 5.00061E-01
 5.00060E-01
 5.00060E-01
 5.00060E-01
 5.00060E-01
 5.00060E-01
 5.00060E-01
 5.00060E-01
 5.00060E-01
 5.00060E-01
 5.00060E-01
 5.00060E-01
 5.00060E-01
 5.00060E-01
 5.00060E-01
 5.00060E-01
 5.00060E-01
 5.00066E-01
 5.00066E-01
 5.00066E-01
 5.00066E-01
 5.00066E-01
 5.00066E-01
 5.00066E-01
 5.00066E-01
 5.00066E-01
 5.00066E-01
 5.00066E-01
 5.00066E-01
 5.00066E-01
 5.00066E-01
 5.00066E-01
 5.00066E-01
 5.00065E-01
 5.00065E-01
 5.00065E-01
 5.00065E-01
 5.00065E-01
 5.00065E-01
 5.00065E-01
 5.00065E-01
 5.00065E-01
 5.00064E-01
 5.00064E-01
 5.00064E-01
 5.00064E-01
 5.00064E-01
 5.00064E-01
 5.00064E-01
 5.00064E-01
 5.00064E-01
 5.00063E-01
 5.00063E-01
 5.00063E-01
 5.00063E-01
 5.00063E-01
 5.00063E-01
 5.00063E-01
 5.00063E-01
 5.00063E-01
 5.00063E-01
 5.00063E-01
 5.00062E-01
 5.00062E-01
 5.00062E-01
 5.00062E-01
 5.00062E-01
 5.00062E-01
 5.00062E-01
 5.00062E-01
 5.00062E-01
 5.00062E-01
 5.00062E-01
 5.00062E-01
 5.00062E-01
 5.00062E-01
 5.00062E-01
 5.00061E-01
 5.00061E-01
 5.00061E-01
 5.00061E-01
 5.00061E-01
 5.00061E-01
 5.00061E-01
 5.00061E-01
 5.00061E-01
 5.00061E-01
 5.00061E-01
 5.00061E-01
 5.00061E-01
 5.00061E-01
 5.00061E-01
 5.00061E-01
 5.00061E-01
 5.00061E-01
 5.00061E-01
 5.00061E-01
 5.00061E-01
 5.00061E-01
 5.00061E-01
 5.00061E-01
 5.00061E-01
 5.00061E-01
 5.00061E-01
 5.00061E-01
 5.00061E-01
 5.00061E-01
 5.00061E-01
 5.00061E-01
 5.00061E-01
 5.00061E-01
 5.00061E-01
 5.00061E-01
 5.00060E-01
 5.00060E-01
 5.00060E-01
 5.00060E-01
 5.00060E-01
 5.00060E-01
 5.00060E-01
 5.00060E-01
 5.00060E-01
 5.00060E-01
 5.00060E-01
 5.00060E-01
 5.00060E-01
 5.00060E-01
 5.00060E-01
 5.00060E-01
 5.00060E-01
 5.00060E-01
 5.00060E-01
 5.00060E-01
 5.00060E-01
 5.00060E-01
 5.00060E-01
 5.00060E-01
 5.00066E-01
 5.00066E-01
 5.00066E-01
 5.00066E-01
 5.00066E-01
 5.00066E-01
 5.00066E-01
 5.00066E-01
 5.00066E-01
 5.00066E-01
 5.00066E-01
 5.00065E-01
 5.00065E-01
 5.00065E-01
 5.00065E-01
 5.00065E-01
 5.00065E-01
 5.00065E-01
 5.00065E-01
 5.00065E-01
 5.00065E-01
 5.00065E-01
 5.00064E-01
 5.00064E-01
 5.00064E-01
 5.00064E-01
 5.00064E-01
 5.00064E-01
 5.00064E-01
 5.00064E-01
 5.00064E-01
 5.00063E-01
 5.00063E-01
 5.00063E-01
 5.00063E-01
 5.00063E-01
 5.00063E-01
 5.00063E-01
 5.00063E-01
 5.00063E-01
 5.00063E-01
 5.00063E-01
 5.00062E-01
 5.00062E-01
 5.00062E-01
 5.00062E-01
 5.00062E-01
 5.00062E-01
 5.00062E-01
 5.00062E-01
 5.00062E-01
 5.00062E-01
 5.00062E-01
 5.00062E-01
 5.00062E-01
 5.00062E-01
 5.00062E-01
 5.00061E-01
 5.00061E-01
 5.00061E-01
 5.00061E-01
 5.00061E-01
 5.00061E-01
 5.00061E-01
 5.00061E-01
 5.00061E-01
 5.00061E-01
 5.00061E-01
 5.00061E-01
 5.00061E-01
 5.00061E-01
 5.00061E-01
 5.00061E-01
 5.00061E-01
 5.00061E-01
 5.00061E-01
 5.00061E-01
 5.00061E-01
 5.00061E-01
 5.00061E-01
 5.00061E-01
 5.00061E-01
 5.00061E-01
 5.00061E-01
 5.00061E-01
 5.00061E-01
 5.00061E-01
 5.00061E-01
 5.00061E-01
 5.00061E-01
 5.00060E-01
 5.00060E-01
 5.00060E-01
 5.00060E-01
 5.00060E-01
 5.00060E-01
 5.00060E-01
 5.00060E-01
 5.00060E-01
 5.00060E-01
 5.00060E-01
 5.00060E-01
 5.00060E-01
 5.00060E-01
 5.00060E-01
 5.00060E-01
 5.00060E-01
 5.00060E-01
 5.00060E-01
 5.00060E-01
 5.00060E-01
 5.00060E-01
 5.00060E-01
 5.00060E-01
 5.00060E-01
 5.00060E-01
 5.00060E-01
 5.00060E-01
 5.00060E-01
 5.00060E-01
 5.00065E-01
 5.00065E-01
 5.00065E-01
 5.00065E-01
 5.00065E-01
 5.00065E-01
 5.00065E-01
 5.00065E-01
 5.00065E-01
 5.00065E-01
 5.00065E-01
 5.00065E-01
 5.00065E-01
 5.00065E-01
 5.00065E-01
 5.00065E-01
 5.00065E-01
 5.00064E-01
 5.00064E-01
 5.00064E-01
 5.00064E-01
 5.00064E-01
 5.00064E-01
 5.00064E-01
 5.00064E-01
 5.00064E-01
 5.00064E-01
 5.00064E-01
 5.00063E-01
 5.00063E-01
 5.00063E-01
 5.00063E-01
 5.00063E-01
 5.00063E-01
 5.00063E-01
 5.00063E-01
 5.00063E-01
 5.00063E-01
 5.00063E-01
 5.00062E-01
 5.00062E-01
 5.00062E-01
 5.00062E-01
 5.00062E-01
 5.00062E-01
 5.00062E-01
 5.00062E-01
 5.00062E-01
 5.00062E-01
 5.00062E-01
 5.00062E-01
 5.00062E-01
 5.00062E-01
 5.00061E-01
 5.00061E-01
 5.00061E-01
 5.00061E-01
 5.00061E-01
 5.00061E-01
 5.00061E-01
 5.00061E-01
 5.00061E-01
 5.00061E-01
 5.00061E-01
 5.00061E-01
 5.00061E-01
 5.00061E-01
 5.00061E-01
 5.00061E-01
 5.00061E-01
 5.00061E-01
 5.00061E-01
 5.00061E-01
 5.00061E-01
 5.00061E-01
 5.00061E-01
 5.00061E-01
 5.00061E-01
 5.00061E-01
 5.00061E-01
 5.00061E-01
 5.00061E-01
 5.00061E-01
 5.00060E-01
 5.00060E-01
 5.00060E-01
 5.00060E-01
 5.00060E-01
 5.00060E-01
 5.00060E-01
 5.00060E-01
 5.00060E-01
 5.00060E-01
 5.00060E-01
 5.00060E-01
 5.00060E-01
 5.00060E-01
 5.00060E-01
 5.00060E-01
 5.00060E-01
 5.00060E-01
 5.00060E-01
 5.00060E-01
 5.00060E-01
 5.00060E-01
 5.00060E-01
 5.00060E-01
 5.00060E-01
 5.00060E-01
 5.00060E-01
 5.00060E-01
 5.00060E-01
 5.00060E-01
 5.00060E-01
 5.00060E-01
 5.00060E-01
 5.00060E-01
 5.00060E-01
 5.00060E-01
 5.00060E-01
 5.00065E-01
 5.00065E-01
 5.00065E-01
 5.00065E-01
 5.00065E-01
 5.00065E-01
 5.00065E-01
 5.00065E-01
 5.00065E-01
 5.00065E-01
 5.00065E-01
 5.00065E-01
 5.00064E-01
 5.00064E-01
 5.00064E-01
 5.00064E-01
 5.00064E-01
 5.00064E-01
 5.00064E-01
 5.00064E-01
 5.00064E-01
 5.00064E-01
 5.00064E-01
 5.00064E-01
 5.00063E-01
 5.00063E-01
 5.00063E-01
 5.00063E-01
 5.00063E-01
 5.00063E-01
 5.00063E-01
 5.00063E-01
 5.00063E-01
 5.00063E-01
 5.00063E-01
 5.00062E-01
 5.00062E-01
 5.00062E-01
 5.00062E-01
 5.00062E-01
 5.00062E-01
 5.00062E-01
 5.00062E-01
 5.00062E-01
 5.00062E-01
 5.00062E-01
 5.00062E-01
 5.00062E-01
 5.00062E-01
 5.00061E-01
 5.00061E-01
 5.00061E-01
 5.00061E-01
 5.00061E-01
 5.00061E-01
 5.00061E-01
 5.00061E-01
 5.00061E-01
 5.00061E-01
 5.00061E-01
 5.00061E-01
 5.00061E-01
 5.00061E-01
 5.00061E-01
 5.00061E-01
 5.00061E-01
 5.00061E-01
 5.00061E-01
 5.00061E-01
 5.00061E-01
 5.00061E-01
 5.00061E-01
 5.00061E-01
 5.00061E-01
 5.00061E-01
 5.00061E-01
 5.00061E-01
 5.00060E-01
 5.00060E-01
 5.00060E-01
 5.00060E-01
 5.00060E-01
 5.00060E-01
 5.00060E-01
 5.00060E-01
 5.00060E-01
 5.00060E-01
 5.00060E-01
 5.00060E-01
 5.00060E-01
 5.00060E-01
 5.00060E-01
 5.00060E-01
 5.00060E-01
 5.00060E-01
 5.00060E-01
 5.00060E-01
 5.00060E-01
 5.00060E-01
 5.00060E-01
 5.00060E-01
 5.00060E-01
 5.00060E-01
 5.00060E-01
 5.00060E-01
 5.00060E-01
 5.00060E-01
 5.00060E-01
 5.00060E-01
 5.00060E-01
 5.00060E-01
 5.00060E-01
 5.00060E-01
 5.00060E-01
 5.00060E-01
 5.00060E-01
 5.00060E-01
 5.00060E-01
 5.00060E-01
 5.00060E-01
 5.00064E-01
 5.00064E-01
 5.00064E-01
 5.00064E-01
 5.00064E-01
 5.00064E-01
 5.00064E-01
 5.00064E-01
 5.00064E-01
 5.00064E-01
 5.00064E-01
 5.00064E-01
 5.00064E-01
 5.00064E-01
 5.00064E-01
 5.00064E-01
 5.00064E-01
 5.00064E-01
 5.00064E-01
 5.00064E-01
 5.00063E-01
 5.00063E-01
 5.00063E-01
 5.00063E-01
 5.00063E-01
 5.00063E-01
 5.00063E-01
 5.00063E-01
 5.00063E-01
 5.00063E-01
 5.00063E-01
 5.00062E-01
 5.00062E-01
 5.00062E-01
 5.00062E-01
 5.00062E-01
 5.00062E-01
 5.00062E-01
 5.00062E-01
 5.00062E-01
 5.00062E-01
 5.00062E-01
 5.00062E-01
 5.00062E-01
 5.00062E-01
 5.00061E-01
 5.00061E-01
 5.00061E-01
 5.00061E-01
 5.00061E-01
 5.00061E-01
 5.00061E-01
 5.00061E-01
 5.00061E-01
 5.00061E-01
 5.00061E-01
 5.00061E-01
 5.00061E-01
 5.00061E-01
 5.00061E-01
 5.00061E-01
 5.00061E-01
 5.00061E-01
 5.00061E-01
 5.00061E-01
 5.00061E-01
 5.00061E-01
 5.00061E-01
 5.00061E-01
 5.00061E-01
 5.00061E-01
 5.00060E-01
 5.00060E-01
 5.00060E-01
 5.00060E-01
 5.00060E-01
 5.00060E-01
 5.00060E-01
 5.00060E-01
 5.00060E-01
 5.00060E-01
 5.00060E-01
 5.00060E-01
 5.00060E-01
 5.00060E-01
 5.00060E-01
 5.00060E-01
 5.00060E-01
 5.00060E-01
 5.00060E-01
 5.00060E-01
 5.00060E-01
 5.00060E-01
 5.00060E-01
 5.00060E-01
 5.00060E-01
 5.00060E-01
 5.00060E-01
 5.00060E-01
 5.00060E-01
 5.00060E-01
 5.00060E-01
 5.00060E-01
 5.00060E-01
 5.00060E-01
 5.00060E-01
 5.00060E-01
 5.00060E-01
 5.00060E-01
 5.00060E-01
 5.00060E-01
 5.00060E-01
 5.00060E-01
 5.00060E-01
 5.00060E-01
 5.00060E-01
 5.00060E-01
 5.00060E-01
 5.00060E-01
 5.00060E-01
 5.00064E-01
 5.00064E-01
 5.00064E-01
 5.00064E-01
 5.00064E-01
 5.00064E-01
 5.00064E-01
 5.00064E-01
 5.00064E-01
 5.00064E-01
 5.00064E-01
 5.00064E-01
 5.00064E-01
 5.00064E-01
 5.00063E-01
 5.00063E-01
 5.00063E-01
 5.00063E-01
 5.00063E-01
 5.00063E-01
 5.00063E-01
 5.00063E-01
 5.00063E-01
 5.00063E-01
 5.00063E-01
 5.00063E-01
 5.00063E-01
 5.00062E-01
 5.00062E-01
 5.00062E-01
 5.00062E-01
 5.00062E-01
 5.00062E-01
 5.00062E-01
 5.00062E-01
 5.00062E-01
 5.00062E-01
 5.00062E-01
 5.00062E-01
 5.00062E-01
 5.00062E-01
 5.00061E-01
 5.00061E-01
 5.00061E-01
 5.00061E-01
 5.00061E-01
 5.00061E-01
 5.00061E-01
 5.00061E-01
 5.00061E-01
 5.00061E-01
 5.00061E-01
 5.00061E-01
 5.00061E-01
 5.00061E-01
 5.00061E-01
 5.00061E-01
 5.00061E-01
 5.00061E-01
 5.00061E-01
 5.00061E-01
 5.00061E-01
 5.00061E-01
 5.00061E-01
 5.00061E-01
 5.00060E-01
 5.00060E-01
 5.00060E-01
 5.00060E-01
 5.00060E-01
 5.00060E-01
 5.00060E-01
 5.00060E-01
 5.00060E-01
 5.00060E-01
 5.00060E-01
 5.00060E-01
 5.00060E-01
 5.00060E-01
 5.00060E-01
 5.00060E-01
 5.00060E-01
 5.00060E-01
 5.00060E-01
 5.00060E-01
 5.00060E-01
 5.00060E-01
 5.00060E-01
 5.00060E-01
 5.00060E-01
 5.00060E-01
 5.00060E-01
 5.00060E-01
 5.00060E-01
 5.00060E-01
 5.00060E-01
 5.00060E-01
 5.00060E-01
 5.00060E-01
 5.00060E-01
 5.00060E-01
 5.00060E-01
 5.00060E-01
 5.00060E-01
 5.00060E-01
 5.00060E-01
 5.00060E-01
 5.00060E-01
 5.00060E-01
 5.00060E-01
 5.00060E-01
 5.00060E-01
 5.00060E-01
 5.00060E-01
 5.00060E-01
 5.00060E-01
 5.00060E-01
 5.00060E-01
 5.00060E-01
 5.00060E-01
 5.00064E-01
 5.00064E-01
 5.00064E-01
 5.00064E-01
 5.00063E-01
 5.00063E-01
 5.00063E-01
 5.00063E-01
 5.00063E-01
 5.00063E-01
 5.00063E-01
 5.00063E-01
 5.00063E-01
 5.00063E-01
 5.00063E-01
 5.00063E-01
 5.00063E-01
 5.00063E-01
 5.00063E-01
 5.00063E-01
 5.00063E-01
 5.00063E-01
 5.00063E-01
 5.00062E-01
 5.00062E-01
 5.00062E-01
 5.00062E-01
 5.00062E-01
 5.00062E-01
 5.00062E-01
 5.00062E-01
 5.00062E-01
 5.00062E-01
 5.00062E-01
 5.00062E-01
 5.00062E-01
 5.00062E-01
 5.00061E-01
 5.00061E-01
 5.00061E-01
 5.00061E-01
 5.00061E-01
 5.00061E-01
 5.00061E-01
 5.00061E-01
 5.00061E-01
 5.00061E-01
 5.00061E-01
 5.00061E-01
 5.00061E-01
 5.00061E-01
 5.00061E-01
 5.00061E-01
 5.00061E-01
 5.00061E-01
 5.00061E-01
 5.00061E-01
 5.00061E-01
 5.00061E-01
 5.00060E-01
 5.00060E-01
 5.00060E-01
 5.00060E-01
 5.00060E-01
 5.00060E-01
 5.00060E-01
 5.00060E-01
 5.00060E-01
 5.00060E-01
 5.00060E-01
 5.00060E-01
 5.00060E-01
 5.00060E-01
 5.00060E-01
 5.00060E-01
 5.00060E-01
 5.00060E-01
 5.00060E-01
 5.00060E-01
 5.00060E-01
 5.00060E-01
 5.00060E-01
 5.00060E-01
 5.00060E-01
 5.00060E-01
 5.00060E-01
 5.00060E-01
 5.00060E-01
 5.00060E-01
 5.00060E-01
 5.00060E-01
 5.00060E-01
 5.00060E-01
 5.00060E-01
 5.00060E-01
 5.00060E-01
 5.00060E-01
 5.00060E-01
 5.00060E-01
 5.00060E-01
 5.00060E-01
 5.00060E-01
 5.00060E-01
 5.00060E-01
 5.00060E-01
 5.00060E-01
 5.00060E-01
 5.00060E-01
 5.00060E-01
 5.00060E-01
 5.00060E-01
 5.00060E-01
 5.00060E-01
 5.00060E-01
 5.00060E-01
 5.00060E-01
 5.00060E-01
 5.00060E-01
 5.00060E-01
 5.00060E-01
 5.00063E-01
 5.00063E-01
 5.00063E-01
 5.00063E-01
 5.00063E-01
 5.00063E-01
 5.00063E-01
 5.00063E-01
 5.00063E-01
 5.00063E-01
 5.00063E-01
 5.00063E-01
 5.00063E-01
 5.00063E-01
 5.00063E-01
 5.00063E-01
 5.00063E-01
 5.00062E-01
 5.00062E-01
 5.00062E-01
 5.00062E-01
 5.00062E-01
 5.00062E-01
 5.00062E-01
 5.00062E-01
 5.00062E-01
 5.00062E-01
 5.00062E-01
 5.00062E-01
 5.00062E-01
 5.00062E-01
 5.00062E-01
 5.00061E-01
 5.00061E-01
 5.00061E-01
 5.00061E-01
 5.00061E-01
 5.00061E-01
 5.00061E-01
 5.00061E-01
 5.00061E-01
 5.00061E-01
 5.00061E-01
 5.00061E-01
 5.00061E-01
 5.00061E-01
 5.00061E-01
 5.00061E-01
 5.00061E-01
 5.00061E-01
 5.00061E-01
 5.00061E-01
 5.00061E-01
 5.00060E-01
 5.00060E-01
 5.00060E-01
 5.00060E-01
 5.00060E-01
 5.00060E-01
 5.00060E-01
 5.00060E-01
 5.00060E-01
 5.00060E-01
 5.00060E-01
 5.00060E-01
 5.00060E-01
 5.00060E-01
 5.00060E-01
 5.00060E-01
 5.00060E-01
 5.00060E-01
 5.00060E-01
 5.00060E-01
 5.00060E-01
 5.00060E-01
 5.00060E-01
 5.00060E-01
 5.00060E-01
 5.00060E-01
 5.00060E-01
 5.00060E-01
 5.00060E-01
 5.00060E-01
 5.00060E-01
 5.00060E-01
 5.00060E-01
 5.00060E-01
 5.00060E-01
 5.00060E-01
 5.00060E-01
 5.00060E-01
 5.00060E-01
 5.00060E-01
 5.00060E-01
 5.00060E-01
 5.00060E-01
 5.00060E-01
 5.00060E-01
 5.00060E-01
 5.00060E-01
 5.00060E-01
 5.00060E-01
 5.00060E-01
 5.00060E-01
 5.00060E-01
 5.00060E-01
 5.00060E-01
 5.00060E-01
 5.00060E-01
 5.00060E-01
 5.00060E-01
 5.00060E-01
 5.00060E-01
 5.00060E-01
 5.00060E-01
 5.00060E-01
 5.00060E-01
 5.00060E-01
 5.00060E-01
 5.00060E-01
 5.00063E-01
 5.00063E-01
 5.00063E-01
 5.00063E-01
 5.00063E-01
 5.00063E-01
 5.00063E-01
 5.00063E-01
 5.00062E-01
 5.00062E-01
 5.00062E-01
 5.00062E-01
 5.00062E-01
 5.00062E-01
 5.00062E-01
 5.00062E-01
 5.00062E-01
 5.00062E-01
 5.00062E-01
 5.00062E-01
 5.00062E-01
 5.00062E-01
 5.00062E-01
 5.00062E-01
 5.00062E-01
 5.00062E-01
 5.00062E-01
 5.00061E-01
 5.00061E-01
 5.00061E-01
 5.00061E-01
 5.00061E-01
 5.00061E-01
 5.00061E-01
 5.00061E-01
 5.00061E-01
 5.00061E-01
 5.00061E-01
 5.00061E-01
 5.00061E-01
 5.00061E-01
 5.00061E-01
 5.00061E-01
 5.00061E-01
 5.00061E-01
 5.00061E-01
 5.00060E-01
 5.00060E-01
 5.00060E-01
 5.00060E-01
 5.00060E-01
 5.00060E-01
 5.00060E-01
 5.00060E-01
 5.00060E-01
 5.00060E-01
 5.00060E-01
 5.00060E-01
 5.00060E-01
 5.00060E-01
 5.00060E-01
 5.00060E-01
 5.00060E-01
 5.00060E-01
 5.00060E-01
 5.00060E-01
 5.00060E-01
 5.00060E-01
 5.00060E-01
 5.00060E-01
 5.00060E-01
 5.00060E-01
 5.00060E-01
 5.00060E-01
 5.00060E-01
 5.00060E-01
 5.00060E-01
 5.00060E-01
 5.00060E-01
 5.00060E-01
 5.00060E-01
 5.00060E-01
 5.00060E-01
 5.00060E-01
 5.00060E-01
 5.00060E-01
 5.00060E-01
 5.00060E-01
 5.00060E-01
 5.00060E-01
 5.00060E-01
 5.00060E-01
 5.00060E-01
 5.00060E-01
 5.00060E-01
 5.00060E-01
 5.00060E-01
 5.00060E-01
 5.00060E-01
 5.00060E-01
 5.00060E-01
 5.00060E-01
 5.00060E-01
 5.00060E-01
 5.00060E-01
 5.00060E-01
 5.00060E-01
 5.00060E-01
 5.00060E-01
 5.00060E-01
 5.00060E-01
 5.00060E-01
 5.00060E-01
 5.00060E-01
 5.00060E-01
 5.00060E-01
 5.00060E-01
 5.00060E-01
 5.00060E-01
 5.00060E-01
 5.00062E-01
 5.00062E-01
 5.00062E-01
 5.00062E-01
 5.00062E-01
 5.00062E-01
 5.00062E-01
 5.00062E-01
 5.00062E-01
 5.00062E-01
 5.00062E-01
 5.00062E-01
 5.00062E-01
 5.00062E-01
 5.00062E-01
 5.00062E-01
 5.00062E-01
 5.00062E-01
 5.00062E-01
 5.00062E-01
 5.00061E-01
 5.00061E-01
 5.00061E-01
 5.00061E-01
 5.00061E-01
 5.00061E-01
 5.00061E-01
 5.00061E-01
 5.00061E-01
 5.00061E-01
 5.00061E-01
 5.00061E-01
 5.00061E-01
 5.00061E-01
 5.00061E-01
 5.00061E-01
 5.00061E-01
 5.00061E-01
 5.00061E-01
 5.00061E-01
 5.00060E-01
 5.00060E-01
 5.00060E-01
 5.00060E-01
 5.00060E-01
 5.00060E-01
 5.00060E-01
 5.00060E-01
 5.00060E-01
 5.00060E-01
 5.00060E-01
 5.00060E-01
 5.00060E-01
 5.00060E-01
 5.00060E-01
 5.00060E-01
 5.00060E-01
 5.00060E-01
 5.00060E-01
 5.00060E-01
 5.00060E-01
 5.00060E-01
 5.00060E-01
 5.00060E-01
 5.00060E-01
 5.00060E-01
 5.00060E-01
 5.00060E-01
 5.00060E-01
 5.00060E-01
 5.00060E-01
 5.00060E-01
 5.00060E-01
 5.00060E-01
 5.00060E-01
 5.00060E-01
 5.00060E-01
 5.00060E-01
 5.00060E-01
 5.00060E-01
 5.00060E-01
 5.00060E-01
 5.00060E-01
 5.00060E-01
 5.00060E-01
 5.00060E-01
 5.00060E-01
 5.00060E-01
 5.00060E-01
 5.00060E-01
 5.00060E-01
 5.00060E-01
 5.00060E-01
 5.00060E-01
 5.00060E-01
 5.00060E-01
 5.00060E-01
 5.00060E-01
 5.00060E-01
 5.00060E-01
 5.00060E-01
 5.00060E-01
 5.00060E-01
 5.00060E-01
 5.00060E-01
 5.00060E-01
 5.00060E-01
 5.00060E-01
 5.00060E-01
 5.00060E-01
 5.00060E-01
 5.00060E-01
 5.00060E-01
 5.00060E-01
 5.00060E-01
 5.00060E-01
 5.00060E-01
 5.00060E-01
 5.00060E-01
 5.00060E-01
 5.00062E-01
 5.00062E-01
 5.00062E-01
 5.00062E-01
 5.00062E-01
 5.00062E-01
 5.00062E-01
 5.00062E-01
 5.00062E-01
 5.00062E-01
 5.00062E-01
 5.00062E-01
 5.00061E-01
 5.00061E-01
 5.00061E-01
 5.00061E-01
 5.00061E-01
 5.00061E-01
 5.00061E-01
 5.00061E-01
 5.00061E-01
 5.00061E-01
 5.00061E-01
 5.00061E-01
 5.00061E-01
 5.00061E-01
 5.00061E-01
 5.00061E-01
 5.00061E-01
 5.00061E-01
 5.00061E-01
 5.00061E-01
 5.00061E-01
 5.00060E-01
 5.00060E-01
 5.00060E-01
 5.00060E-01
 5.00060E-01
 5.00060E-01
 5.00060E-01
 5.00060E-01
 5.00060E-01
 5.00060E-01
 5.00060E-01
 5.00060E-01
 5.00060E-01
 5.00060E-01
 5.00060E-01
 5.00060E-01
 5.00060E-01
 5.00060E-01
 5.00060E-01
 5.00060E-01
 5.00060E-01
 5.00060E-01
 5.00060E-01
 5.00060E-01
 5.00060E-01
 5.00060E-01
 5.00060E-01
 5.00060E-01
 5.00060E-01
 5.00060E-01
 5.00060E-01
 5.00060E-01
 5.00060E-01
 5.00060E-01
 5.00060E-01
 5.00060E-01
 5.00060E-01
 5.00060E-01
 5.00060E-01
 5.00060E-01
 5.00060E-01
 5.00060E-01
 5.00060E-01
 5.00060E-01
 5.00060E-01
 5.00060E-01
 5.00060E-01
 5.00060E-01
 5.00060E-01
 5.00060E-01
 5.00060E-01
 5.00060E-01
 5.00060E-01
 5.00060E-01
 5.00060E-01
 5.00060E-01
 5.00060E-01
 5.00060E-01
 5.00060E-01
 5.00060E-01
 5.00060E-01
 5.00060E-01
 5.00060E-01
 5.00060E-01
 5.00060E-01
 5.00060E-01
 5.00060E-01
 5.00060E-01
 5.00060E-01
 5.00060E-01
 5.00060E-01
 5.00060E-01
 5.00060E-01
 5.00060E-01
 5.00060E-01
 5.00060E-01
 5.00060E-01
 5.00060E-01
 5.00060E-01
 5.00060E-01
 5.00060E-01
 5.00060E-01
 5.00060E-01
 5.00060E-01
 5.00060E-01
 5.00060E-01
 5.00060E-01
 5.00061E-01
 5.00061E-01
 5.00061E-01
 5.00061E-01
 5.00061E-01
 5.00061E-01
 5.00061E-01
 5.00061E-01
 5.00061E-01
 5.00061E-01
 5.00061E-01
 5.00061E-01
 5.00061E-01
 5.00061E-01
 5.00061E-01
 5.00061E-01
 5.00061E-01
 5.00061E-01
 5.00061E-01
 5.00061E-01
 5.00061E-01
 5.00061E-01
 5.00061E-01
 5.00061E-01
 5.00061E-01
 5.00061E-01
 5.00060E-01
 5.00060E-01
 5.00060E-01
 5.00060E-01
 5.00060E-01
 5.00060E-01
 5.00060E-01
 5.00060E-01
 5.00060E-01
 5.00060E-01
 5.00060E-01
 5.00060E-01
 5.00060E-01
 5.00060E-01
 5.00060E-01
 5.00060E-01
 5.00060E-01
 5.00060E-01
 5.00060E-01
 5.00060E-01
 5.00060E-01
 5.00060E-01
 5.00060E-01
 5.00060E-01
 5.00060E-01
 5.00060E-01
 5.00060E-01
 5.00060E-01
 5.00060E-01
 5.00060E-01
 5.00060E-01
 5.00060E-01
 5.00060E-01
 5.00060E-01
 5.00060E-01
 5.00060E-01
 5.00060E-01
 5.00060E-01
 5.00060E-01
 5.00060E-01
 5.00060E-01
 5.00060E-01
 5.00060E-01
 5.00060E-01
 5.00060E-01
 5.00060E-01
 5.00060E-01
 5.00060E-01
 5.00060E-01
 5.00060E-01
 5.00060E-01
 5.00060E-01
 5.00060E-01
 5.00060E-01
 5.00060E-01
 5.00060E-01
 5.00060E-01
 5.00060E-01
 5.00060E-01
 5.00060E-01
 5.00060E-01
 5.00060E-01
 5.00060E-01
 5.00060E-01
 5.00060E-01
 5.00060E-01
 5.00060E-01
 5.00060E-01
 5.00060E-01
 5.00060E-01
 5.00060E-01
 5.00060E-01
 5.00060E-01
 5.00060E-01
 5.00060E-01
 5.00060E-01
 5.00060E-01
 5.00060E-01
 5.00060E-01
 5.00060E-01
 5.00060E-01
 5.00060E-01
 5.00060E-01
 5.00060E-01
 5.00060E-01
 5.00060E-01
 5.00060E-01
 5.00060E-01
 5.00060E-01
 5.00060E-01
 5.00060E-01
 5.00060E-01
 5.00060E-01
 5.00060E-01
 5.00061E-01
 5.00061E-01
 5.00061E-01
 5.00061E-01
 5.00061E-01
 5.00061E-01
 5.00061E-01
 5.00061E-01
 5.00061E-01
 5.00061E-01
 5.00061E-01
 5.00061E-01
 5.00061E-01
 5.00061E-01
 5.00061E-01
 5.00061E-01
 5.00061E-01
 5.00060E-01
 5.00060E-01
 5.00060E-01
 5.00060E-01
 5.00060E-01
 5.00060E-01
 5.00060E-01
 5.00060E-01
 5.00060E-01
 5.00060E-01
 5.00060E-01
 5.00060E-01
 5.00060E-01
 5.00060E-01
 5.00060E-01
 5.00060E-01
 5.00060E-01
 5.00060E-01
 5.00060E-01
 5.00060E-01
 5.00060E-01
 5.00060E-01
 5.00060E-01
 5.00060E-01
 5.00060E-01
 5.00060E-01
 5.00060E-01
 5.00060E-01
 5.00060E-01
 5.00060E-01
 5.00060E-01
 5.00060E-01
 5.00060E-01
 5.00059E-01
 5.00059E-01
 5.00059E-01
 5.00059E-01
 5.00059E-01
 5.00059E-01
 5.00059E-01
 5.00059E-01
 5.00059E-01
 5.00059E-01
 5.00059E-01
 5.00059E-01
 5.00059E-01
 5.00059E-01
 5.00059E-01
 5.00059E-01
 5.00059E-01
 5.00059E-01
 5.00059E-01
 5.00059E-01
 5.00059E-01
 5.00059E-01
 5.00059E-01
 5.00059E-01
 5.00059E-01
 5.00059E-01
 5.00059E-01
 5.00059E-01
 5.00059E-01
 5.00059E-01
 5.00059E-01
 5.00059E-01
 5.00059E-01
 5.00059E-01
 5.00059E-01
 5.00059E-01
 5.00059E-01
 5.00059E-01
 5.00059E-01
 5.00059E-01
 5.00059E-01
 5.00059E-01
 5.00059E-01
 5.00059E-01
 5.00059E-01
 5.00059E-01
 5.00059E-01
 5.00059E-01
 5.00059E-01
 5.00059E-01
 5.00059E-01
 5.00059E-01
 5.00059E-01
 5.00059E-01
 5.00059E-01
 5.00059E-01
 5.00059E-01
 5.00059E-01
 5.00059E-01
 5.00059E-01
 5.00059E-01
 5.00059E-01
 5.00059E-01
 5.00060E-01
 5.00060E-01
 5.00060E-01
 5.00060E-01
 5.00060E-01
 5.00060E-01
 5.00060E-01
 5.00060E-01
 5.00060E-01
 5.00060E-01
 5.00060E-01
 5.00060E-01
 5.00060E-01
 5.00060E-01
 5.00060E-01
 5.00060E-01
 5.00060E-01
 5.00060E-01
 5.00060E-01
 5.00060E-01
 5.00060E-01
 5.00060E-01
 5.00060E-01
 5.00060E-01
 5.00060E-01
 5.00060E-01
 5.00060E-01
 5.00060E-01
 5.00060E-01
 5.00060E-01
 5.00060E-01
 5.00060E-01
 5.00060E-01
 5.00060E-01
 5.00060E-01
 5.00060E-01
 5.00060E-01
 5.00060E-01
 5.00060E-01
 5.00060E-01
 5.00060E-01
 5.00060E-01
 5.00060E-01
 5.00059E-01
 5.00059E-01
 5.00059E-01
 5.00059E-01
 5.00059E-01
 5.00059E-01
 5.00059E-01
 5.00059E-01
 5.00059E-01
 5.00059E-01
 5.00059E-01
 5.00059E-01
 5.00059E-01
 5.00059E-01
 5.00059E-01
 5.00059E-01
 5.00059E-01
 5.00059E-01
 5.00059E-01
 5.00059E-01
 5.00059E-01
 5.00059E-01
 5.00059E-01
 5.00059E-01
 5.00059E-01
 5.00059E-01
 5.00059E-01
 5.00059E-01
 5.00059E-01
 5.00059E-01
 5.00059E-01
 5.00059E-01
 5.00059E-01
 5.00059E-01
 5.00059E-01
 5.00059E-01
 5.00059E-01
 5.00059E-01
 5.00059E-01
 5.00059E-01
 5.00059E-01
 5.00059E-01
 5.00059E-01
 5.00059E-01
 5.00059E-01
 5.00059E-01
 5.00059E-01
 5.00059E-01
 5.00059E-01
 5.00059E-01
 5.00059E-01
 5.00059E-01
 5.00059E-01
 5.00059E-01
 5.00059E-01
 5.00059E-01
 5.00059E-01
 5.00059E-01
 5.00059E-01
 5.00059E-01
 5.00059E-01
 5.00059E-01
 5.00059E-01
 5.00059E-01
 5.00059E-01
 5.00059E-01
 5.00059E-01
 5.00059E-01
 5.00059E-01
 5.00059E-01
 5.00059E-01
 5.00059E-01
 5.00059E-01
 5.00059E-01
 5.00059E-01
 5.00059E-01
 5.00059E-01
 5.00059E-01
 5.00059E-01
 5.00059E-01
 5.00059E-01
 5.00059E-01
 5.00059E-01
 5.00059E-01
 5.00060E-01
 5.00060E-01
 5.00060E-01
 5.00060E-01
 5.00060E-01
 5.00060E-01
 5.00060E-01
 5.00060E-01
 5.00060E-01
 5.00060E-01
 5.00060E-01
 5.00060E-01
 5.00060E-01
 5.00060E-01
 5.00060E-01
 5.00060E-01
 5.00060E-01
 5.00060E-01
 5.00060E-01
 5.00060E-01
 5.00060E-01
 5.00060E-01
 5.00060E-01
 5.00060E-01
 5.00060E-01
 5.00059E-01
 5.00059E-01
 5.00059E-01
 5.00059E-01
 5.00059E-01
 5.00059E-01
 5.00059E-01
 5.00059E-01
 5.00059E-01
 5.00059E-01
 5.00059E-01
 5.00059E-01
 5.00059E-01
 5.00059E-01
 5.00059E-01
 5.00059E-01
 5.00059E-01
 5.00059E-01
 5.00059E-01
 5.00059E-01
 5.00059E-01
 5.00059E-01
 5.00059E-01
 5.00059E-01
 5.00059E-01
 5.00059E-01
 5.00059E-01
 5.00059E-01
 5.00059E-01
 5.00059E-01
 5.00059E-01
 5.00059E-01
 5.00059E-01
 5.00059E-01
 5.00059E-01
 5.00059E-01
 5.00059E-01
 5.00059E-01
 5.00059E-01
 5.00059E-01
 5.00059E-01
 5.00059E-01
 5.00059E-01
 5.00059E-01
 5.00059E-01
 5.00059E-01
 5.00059E-01
 5.00059E-01
 5.00059E-01
 5.00059E-01
 5.00059E-01
 5.00059E-01
 5.00059E-01
 5.00059E-01
 5.00059E-01
 5.00059E-01
 5.00059E-01
 5.00059E-01
 5.00059E-01
 5.00059E-01
 5.00059E-01
 5.00059E-01
 5.00059E-01
 5.00059E-01
 5.00059E-01
 5.00059E-01
 5.00059E-01
 5.00059E-01
 5.00059E-01
 5.00059E-01
 5.00059E-01
 5.00059E-01
 5.00059E-01
 5.00059E-01
 5.00059E-01
 5.00059E-01
 5.00059E-01
 5.00059E-01
 5.00059E-01
 5.00059E-01
 5.00059E-01
 5.00059E-01
 5.00059E-01
 5.00059E-01
 5.00059E-01
 5.00059E-01
 5.00059E-01
 5.00059E-01
 5.00059E-01
 5.00059E-01
 5.00059E-01
 5.00059E-01
 5.00059E-01
 5.00059E-01
 5.00059E-01
 5.00060E-01
 5.00060E-01
 5.00060E-01
 5.00060E-01
 5.00060E-01
 5.00060E-01
 5.00060E-01
 5.00060E-01
 5.00060E-01
 5.00060E-01
 5.00060E-01
 5.00059E-01
 5.00059E-01
 5.00059E-01
 5.00059E-01
 5.00059E-01
 5.00059E-01
 5.00059E-01
 5.00059E-01
 5.00059E-01
 5.00059E-01
 5.00059E-01
 5.00059E-01
 5.00059E-01
 5.00059E-01
 5.00059E-01
 5.00059E-01
 5.00059E-01
 5.00059E-01
 5.00059E-01
 5.00059E-01
 5.00059E-01
 5.00059E-01
 5.00059E-01
 5.00059E-01
 5.00059E-01
 5.00059E-01
 5.00059E-01
 5.00059E-01
 5.00059E-01
 5.00059E-01
 5.00059E-01
 5.00059E-01
 5.00059E-01
 5.00059E-01
 5.00059E-01
 5.00059E-01
 5.00059E-01
 5.00059E-01
 5.00059E-01
 5.00059E-01
 5.00059E-01
 5.00059E-01
 5.00059E-01
 5.00059E-01
 5.00059E-01
 5.00059E-01
 5.00059E-01
 5.00059E-01
 5.00059E-01
 5.00059E-01
 5.00059E-01
 5.00059E-01
 5.00059E-01
 5.00059E-01
 5.00059E-01
 5.00059E-01
 5.00059E-01
 5.00059E-01
 5.00059E-01
 5.00059E-01
 5.00059E-01
 5.00059E-01
 5.00059E-01
 5.00059E-01
 5.00059E-01
 5.00059E-01
 5.00059E-01
 5.00059E-01
 5.00059E-01
 5.00059E-01
 5.00059E-01
 5.00059E-01
 5.00059E-01
 5.00059E-01
 5.00059E-01
 5.00059E-01
 5.00059E-01
 5.00059E-01
 5.00059E-01
 5.00059E-01
 5.00059E-01
 5.00059E-01
 5.00059E-01
 5.00059E-01
 5.00059E-01
 5.00059E-01
 5.00059E-01
 5.00059E-01
 5.00059E-01
 5.00059E-01
 5.00059E-01
 5.00059E-01
 5.00059E-01
 5.00059E-01
 5.00059E-01
 5.00059E-01
 5.00059E-01
 5.00059E-01
 5.00059E-01
 5.00059E-01
 5.00059E-01
 5.00059E-01
 5.00059E-01
 5.00059E-01
 5.00059E-01
 5.00059E-01
 5.00059E-01
 5.00059E-01
 5.00059E-01
 5.00059E-01
 5.00059E-01
 5.00059E-01
 5.00059E-01
 5.00059E-01
 5.00059E-01
 5.00059E-01
 5.00059E-01
 5.00059E-01
 5.00059E-01
 5.00059E-01
 5.00059E-01
 5.00059E-01
 5.00059E-01
 5.00059E-01
 5.00059E-01
 5.00059E-01
 5.00059E-01
 5.00059E-01
 5.00059E-01
 5.00059E-01
 5.00059E-01
 5.00059E-01
 5.00059E-01
 5.00059E-01
 5.00059E-01
 5.00059E-01
 5.00059E-01
 5.00059E-01
 5.00059E-01
 5.00059E-01
 5.00059E-01
 5.00059E-01
 5.00059E-01
 5.00059E-01
 5.00059E-01
 5.00059E-01
 5.00059E-01
 5.00059E-01
 5.00059E-01
 5.00059E-01
 5.00059E-01
 5.00059E-01
 5.00059E-01
 5.00059E-01
 5.00059E-01
 5.00059E-01
 5.00059E-01
 5.00059E-01
 5.00059E-01
 5.00059E-01
 5.00059E-01
 5.00059E-01
 5.00059E-01
 5.00059E-01
 5.00059E-01
 5.00059E-01
 5.00059E-01
 5.00059E-01
 5.00059E-01
 5.00059E-01
 5.00059E-01
 5.00059E-01
 5.00059E-01
 5.00059E-01
 5.00059E-01
 5.00059E-01
 5.00059E-01
 5.00059E-01
 5.00059E-01
 5.00059E-01
 5.00059E-01
 5.00059E-01
 5.00059E-01
 5.00059E-01
 5.00059E-01
 5.00059E-01
 5.00059E-01
 5.00059E-01
 5.00059E-01
 5.00059E-01
 5.00059E-01
 5.00059E-01
 5.00059E-01
 5.00059E-01
 5.00059E-01
 5.00059E-01
 5.00059E-01
 5.00059E-01
 5.00059E-01
 5.00059E-01
 5.00059E-01
 5.00059E-01
 5.00059E-01
 5.00059E-01
 5.00059E-01
 5.00059E-01
 5.00059E-01
 5.00059E-01
 5.00059E-01
 5.00059E-01
 5.00059E-01
 5.00059E-01
 5.00059E-01
 5.00059E-01
 5.00059E-01
 5.00059E-01
 5.00059E-01
 5.00059E-01
 5.00059E-01
 5.00059E-01
 5.00059E-01
 5.00059E-01
 5.00059E-01
 5.00059E-01
 5.00059E-01
 5.00059E-01
 5.00059E-01
 5.00059E-01
 5.00059E-01
 5.00059E-01
 5.00059E-01
 5.00059E-01
 5.00059E-01
 5.00059E-01
 5.00059E-01
 5.00059E-01
 5.00059E-01
 5.00059E-01
 5.00059E-01
 5.00059E-01
 5.00059E-01
 5.00059E-01
 5.00059E-01
 5.00059E-01
 5.00059E-01
 5.00059E-01
 5.00059E-01
 5.00059E-01
 5.00059E-01
 5.00059E-01
 5.00059E-01
 5.00058E-01
 5.00058E-01
 5.00058E-01
 5.00058E-01
 5.00058E-01
 5.00058E-01
 5.00058E-01
 5.00058E-01
 5.00058E-01
 5.00058E-01
 5.00058E-01
 5.00058E-01
 5.00058E-01
 5.00058E-01
 5.00058E-01
 5.00058E-01
 5.00058E-01
 5.00058E-01
 5.00058E-01
 5.00058E-01
 5.00058E-01
 5.00058E-01
 5.00058E-01
 5.00058E-01
 5.00058E-01
 5.00058E-01
 5.00058E-01
 5.00058E-01
 5.00058E-01
 5.00058E-01
 5.00058E-01
 5.00058E-01
 5.00058E-01
 5.00058E-01
 5.00059E-01
 5.00059E-01
 5.00059E-01
 5.00059E-01
 5.00059E-01
 5.00059E-01
 5.00059E-01
 5.00059E-01
 5.00059E-01
 5.00059E-01
 5.00059E-01
 5.00059E-01
 5.00059E-01
 5.00059E-01
 5.00059E-01
 5.00059E-01
 5.00059E-01
 5.00059E-01
 5.00059E-01
 5.00059E-01
 5.00059E-01
 5.00059E-01
 5.00059E-01
 5.00059E-01
 5.00059E-01
 5.00059E-01
 5.00059E-01
 5.00059E-01
 5.00059E-01
 5.00059E-01
 5.00059E-01
 5.00059E-01
 5.00059E-01
 5.00059E-01
 5.00059E-01
 5.00059E-01
 5.00059E-01
 5.00059E-01
 5.00059E-01
 5.00059E-01
 5.00059E-01
 5.00059E-01
 5.00059E-01
 5.00059E-01
 5.00059E-01
 5.00059E-01
 5.00059E-01
 5.00059E-01
 5.00059E-01
 5.00059E-01
 5.00059E-01
 5.00059E-01
 5.00059E-01
 5.00059E-01
 5.00059E-01
 5.00059E-01
 5.00059E-01
 5.00059E-01
 5.00059E-01
 5.00059E-01
 5.00059E-01
 5.00059E-01
 5.00059E-01
 5.00059E-01
 5.00058E-01
 5.00058E-01
 5.00058E-01
 5.00058E-01
 5.00058E-01
 5.00058E-01
 5.00058E-01
 5.00058E-01
 5.00058E-01
 5.00058E-01
 5.00058E-01
 5.00058E-01
 5.00058E-01
 5.00058E-01
 5.00058E-01
 5.00058E-01
 5.00058E-01
 5.00058E-01
 5.00058E-01
 5.00058E-01
 5.00058E-01
 5.00058E-01
 5.00058E-01
 5.00058E-01
 5.00058E-01
 5.00058E-01
 5.00058E-01
 5.00058E-01
 5.00058E-01
 5.00058E-01
 5.00058E-01
 5.00058E-01
 5.00058E-01
 5.00058E-01
 5.00058E-01
 5.00058E-01
 5.00058E-01
 5.00058E-01
 5.00058E-01
 5.00058E-01
 5.00058E-01
 5.00058E-01
 5.00058E-01
 5.00058E-01
 5.00058E-01
 5.00058E-01
 5.00058E-01
 5.00058E-01
 5.00058E-01
 5.00058E-01
 5.00058E-01
 5.00058E-01
 5.00058E-01
 5.00058E-01
 5.00058E-01
 5.00058E-01
 5.00058E-01
 5.00058E-01
 5.00058E-01
 5.00058E-01
 5.00058E-01
 5.00058E-01
 5.00058E-01
 5.00058E-01
 5.00058E-01
 5.00058E-01
 5.00059E-01
 5.00059E-01
 5.00059E-01
 5.00059E-01
 5.00059E-01
 5.00059E-01
 5.00059E-01
 5.00059E-01
 5.00059E-01
 5.00059E-01
 5.00059E-01
 5.00059E-01
 5.00059E-01
 5.00059E-01
 5.00059E-01
 5.00059E-01
 5.00059E-01
 5.00059E-01
 5.00059E-01
 5.00059E-01
 5.00059E-01
 5.00059E-01
 5.00059E-01
 5.00059E-01
 5.00059E-01
 5.00059E-01
 5.00059E-01
 5.00059E-01
 5.00059E-01
 5.00059E-01
 5.00059E-01
 5.00059E-01
 5.00059E-01
 5.00059E-01
 5.00059E-01
 5.00059E-01
 5.00059E-01
 5.00059E-01
 5.00059E-01
 5.00059E-01
 5.00059E-01
 5.00059E-01
 5.00059E-01
 5.00059E-01
 5.00059E-01
 5.00059E-01
 5.00059E-01
 5.00059E-01
 5.00059E-01
 5.00059E-01
 5.00059E-01
 5.00059E-01
 5.00059E-01
 5.00059E-01
 5.00058E-01
 5.00058E-01
 5.00058E-01
 5.00058E-01
 5.00058E-01
 5.00058E-01
 5.00058E-01
 5.00058E-01
 5.00058E-01
 5.00058E-01
 5.00058E-01
 5.00058E-01
 5.00058E-01
 5.00058E-01
 5.00058E-01
 5.00058E-01
 5.00058E-01
 5.00058E-01
 5.00058E-01
 5.00058E-01
 5.00058E-01
 5.00058E-01
 5.00058E-01
 5.00058E-01
 5.00058E-01
 5.00058E-01
 5.00058E-01
 5.00058E-01
 5.00058E-01
 5.00058E-01
 5.00058E-01
 5.00058E-01
 5.00058E-01
 5.00058E-01
 5.00058E-01
 5.00058E-01
 5.00058E-01
 5.00058E-01
 5.00058E-01
 5.00058E-01
 5.00058E-01
 5.00058E-01
 5.00058E-01
 5.00058E-01
 5.00058E-01
 5.00058E-01
 5.00058E-01
 5.00058E-01
 5.00058E-01
 5.00058E-01
 5.00058E-01
 5.00058E-01
 5.00058E-01
 5.00058E-01
 5.00058E-01
 5.00058E-01
 5.00058E-01
 5.00058E-01
 5.00058E-01
 5.00058E-01
 5.00058E-01
 5.00058E-01
 5.00058E-01
 5.00058E-01
 5.00058E-01
 5.00058E-01
 5.00058E-01
 5.00058E-01
 5.00058E-01
 5.00058E-01
 5.00058E-01
 5.00058E-01
 5.00058E-01
 5.00059E-01
 5.00059E-01
 5.00059E-01
 5.00059E-01
 5.00059E-01
 5.00059E-01
 5.00059E-01
 5.00059E-01
 5.00059E-01
 5.00059E-01
 5.00059E-01
 5.00059E-01
 5.00059E-01
 5.00059E-01
 5.00059E-01
 5.00059E-01
 5.00059E-01
 5.00059E-01
 5.00059E-01
 5.00059E-01
 5.00059E-01
 5.00059E-01
 5.00059E-01
 5.00059E-01
 5.00059E-01
 5.00059E-01
 5.00059E-01
 5.00059E-01
 5.00059E-01
 5.00059E-01
 5.00059E-01
 5.00059E-01
 5.00059E-01
 5.00059E-01
 5.00059E-01
 5.00059E-01
 5.00059E-01
 5.00059E-01
 5.00059E-01
 5.00059E-01
 5.00059E-01
 5.00059E-01
 5.00059E-01
 5.00059E-01
 5.00059E-01
 5.00059E-01
 5.00059E-01
 5.00058E-01
 5.00058E-01
 5.00058E-01
 5.00058E-01
 5.00058E-01
 5.00058E-01
 5.00058E-01
 5.00058E-01
 5.00058E-01
 5.00058E-01
 5.00058E-01
 5.00058E-01
 5.00057E-01
 5.00057E-01
 5.00057E-01
 5.00057E-01
 5.00057E-01
 5.00057E-01
 5.00057E-01
 5.00057E-01
 5.00057E-01
 5.00057E-01
 5.00057E-01
 5.00057E-01
 5.00057E-01
 5.00057E-01
 5.00057E-01
 5.00057E-01
 5.00057E-01
 5.00057E-01
 5.00057E-01
 5.00057E-01
 5.00057E-01
 5.00057E-01
 5.00057E-01
 5.00058E-01
 5.00058E-01
 5.00058E-01
 5.00058E-01
 5.00058E-01
 5.00058E-01
 5.00058E-01
 5.00058E-01
 5.00058E-01
 5.00058E-01
 5.00058E-01
 5.00058E-01
 5.00058E-01
 5.00058E-01
 5.00058E-01
 5.00058E-01
 5.00058E-01
 5.00058E-01
 5.00058E-01
 5.00058E-01
 5.00058E-01
 5.00058E-01
 5.00058E-01
 5.00058E-01
 5.00058E-01
 5.00058E-01
 5.00058E-01
 5.00058E-01
 5.00058E-01
 5.00058E-01
 5.00058E-01
 5.00058E-01
 5.00058E-01
 5.00058E-01
 5.00058E-01
 5.00058E-01
 5.00058E-01
 5.00058E-01
 5.00058E-01
 5.00058E-01
 5.00058E-01
 5.00058E-01
 5.00058E-01
 5.00058E-01
 5.00059E-01
 5.00059E-01
 5.00059E-01
 5.00059E-01
 5.00059E-01
 5.00059E-01
 5.00059E-01
 5.00059E-01
 5.00059E-01
 5.00059E-01
 5.00059E-01
 5.00059E-01
 5.00059E-01
 5.00059E-01
 5.00059E-01
 5.00059E-01
 5.00059E-01
 5.00059E-01
 5.00059E-01
 5.00059E-01
 5.00059E-01
 5.00059E-01
 5.00059E-01
 5.00059E-01
 5.00059E-01
 5.00059E-01
 5.00059E-01
 5.00059E-01
 5.00059E-01
 5.00059E-01
 5.00059E-01
 5.00059E-01
 5.00059E-01
 5.00059E-01
 5.00059E-01
 5.00059E-01
 5.00059E-01
 5.00059E-01
 5.00059E-01
 5.00059E-01
 5.00059E-01
 5.00057E-01
 5.00057E-01
 5.00057E-01
 5.00057E-01
 5.00057E-01
 5.00057E-01
 5.00057E-01
 5.00057E-01
 5.00057E-01
 5.00057E-01
 5.00057E-01
 5.00057E-01
 5.00057E-01
 5.00057E-01
 5.00057E-01
 5.00057E-01
 5.00057E-01
 5.00057E-01
 5.00057E-01
 5.00057E-01
 5.00057E-01
 5.00057E-01
 5.00057E-01
 5.00057E-01
 5.00057E-01
 5.00057E-01
 5.00057E-01
 5.00057E-01
 5.00057E-01
 5.00057E-01
 5.00057E-01
 5.00057E-01
 5.00057E-01
 5.00057E-01
 5.00057E-01
 5.00057E-01
 5.00057E-01
 5.00057E-01
 5.00057E-01
 5.00057E-01
 5.00057E-01
 5.00057E-01
 5.00057E-01
 5.00057E-01
 5.00057E-01
 5.00057E-01
 5.00057E-01
 5.00058E-01
 5.00058E-01
 5.00058E-01
 5.00058E-01
 5.00058E-01
 5.00058E-01
 5.00058E-01
 5.00058E-01
 5.00058E-01
 5.00058E-01
 5.00058E-01
 5.00058E-01
 5.00058E-01
 5.00058E-01
 5.00058E-01
 5.00058E-01
 5.00058E-01
 5.00058E-01
 5.00058E-01
 5.00058E-01
 5.00058E-01
 5.00058E-01
 5.00058E-01
 5.00058E-01
 5.00058E-01
 5.00058E-01
 5.00058E-01
 5.00058E-01
 5.00058E-01
 5.00058E-01
 5.00058E-01
 5.00058E-01
 5.00058E-01
 5.00058E-01
 5.00058E-01
 5.00058E-01
 5.00058E-01
 5.00059E-01
 5.00059E-01
 5.00059E-01
 5.00059E-01
 5.00059E-01
 5.00059E-01
 5.00059E-01
 5.00059E-01
 5.00059E-01
 5.00059E-01
 5.00059E-01
 5.00059E-01
 5.00059E-01
 5.00059E-01
 5.00059E-01
 5.00059E-01
 5.00059E-01
 5.00059E-01
 5.00059E-01
 5.00059E-01
 5.00059E-01
 5.00059E-01
 5.00059E-01
 5.00059E-01
 5.00059E-01
 5.00059E-01
 5.00059E-01
 5.00059E-01
 5.00059E-01
 5.00059E-01
 5.00059E-01
 5.00059E-01
 5.00059E-01
 5.00059E-01
 5.00059E-01
 5.00059E-01
 5.00057E-01
 5.00057E-01
 5.00057E-01
 5.00057E-01
 5.00057E-01
 5.00057E-01
 5.00057E-01
 5.00057E-01
 5.00057E-01
 5.00057E-01
 5.00057E-01
 5.00057E-01
 5.00057E-01
 5.00057E-01
 5.00057E-01
 5.00057E-01
 5.00057E-01
 5.00057E-01
 5.00057E-01
 5.00057E-01
 5.00057E-01
 5.00057E-01
 5.00057E-01
 5.00057E-01
 5.00057E-01
 5.00057E-01
 5.00057E-01
 5.00057E-01
 5.00057E-01
 5.00057E-01
 5.00057E-01
 5.00057E-01
 5.00057E-01
 5.00057E-01
 5.00057E-01
 5.00057E-01
 5.00057E-01
 5.00057E-01
 5.00057E-01
 5.00057E-01
 5.00057E-01
 5.00057E-01
 5.00057E-01
 5.00057E-01
 5.00057E-01
 5.00057E-01
 5.00057E-01
 5.00057E-01
 5.00057E-01
 5.00057E-01
 5.00057E-01
 5.00057E-01
 5.00057E-01
 5.00057E-01
 5.00058E-01
 5.00058E-01
 5.00058E-01
 5.00058E-01
 5.00058E-01
 5.00058E-01
 5.00058E-01
 5.00058E-01
 5.00058E-01
 5.00058E-01
 5.00058E-01
 5.00058E-01
 5.00058E-01
 5.00058E-01
 5.00058E-01
 5.00058E-01
 5.00058E-01
 5.00058E-01
 5.00058E-01
 5.00058E-01
 5.00058E-01
 5.00058E-01
 5.00058E-01
 5.00058E-01
 5.00058E-01
 5.00058E-01
 5.00058E-01
 5.00058E-01
 5.00058E-01
 5.00058E-01
 5.00058E-01
 5.00058E-01
 5.00058E-01
 5.00058E-01
 5.00058E-01
 5.00059E-01
 5.00059E-01
 5.00059E-01
 5.00059E-01
 5.00059E-01
 5.00059E-01
 5.00059E-01
 5.00059E-01
 5.00059E-01
 5.00059E-01
 5.00059E-01
 5.00059E-01
 5.00059E-01
 5.00059E-01
 5.00059E-01
 5.00059E-01
 5.00059E-01
 5.00059E-01
 5.00059E-01
 5.00059E-01
 5.00059E-01
 5.00059E-01
 5.00059E-01
 5.00059E-01
 5.00059E-01
 5.00059E-01
 5.00059E-01
 5.00059E-01
 5.00059E-01
 5.00059E-01
 5.00059E-01
 5.00056E-01
 5.00056E-01
 5.00056E-01
 5.00056E-01
 5.00056E-01
 5.00056E-01
 5.00056E-01
 5.00056E-01
 5.00056E-01
 5.00056E-01
 5.00056E-01
 5.00056E-01
 5.00056E-01
 5.00056E-01
 5.00056E-01
 5.00056E-01
 5.00056E-01
 5.00056E-01
 5.00056E-01
 5.00056E-01
 5.00056E-01
 5.00056E-01
 5.00056E-01
 5.00056E-01
 5.00056E-01
 5.00056E-01
 5.00056E-01
 5.00056E-01
 5.00056E-01
 5.00057E-01
 5.00057E-01
 5.00057E-01
 5.00057E-01
 5.00057E-01
 5.00057E-01
 5.00057E-01
 5.00057E-01
 5.00057E-01
 5.00057E-01
 5.00057E-01
 5.00057E-01
 5.00057E-01
 5.00057E-01
 5.00057E-01
 5.00057E-01
 5.00057E-01
 5.00057E-01
 5.00057E-01
 5.00057E-01
 5.00057E-01
 5.00057E-01
 5.00057E-01
 5.00057E-01
 5.00057E-01
 5.00057E-01
 5.00057E-01
 5.00057E-01
 5.00057E-01
 5.00057E-01
 5.00058E-01
 5.00058E-01
 5.00058E-01
 5.00058E-01
 5.00058E-01
 5.00058E-01
 5.00058E-01
 5.00058E-01
 5.00058E-01
 5.00058E-01
 5.00058E-01
 5.00058E-01
 5.00058E-01
 5.00058E-01
 5.00058E-01
 5.00058E-01
 5.00058E-01
 5.00058E-01
 5.00058E-01
 5.00058E-01
 5.00058E-01
 5.00058E-01
 5.00058E-01
 5.00058E-01
 5.00058E-01
 5.00058E-01
 5.00058E-01
 5.00058E-01
 5.00058E-01
 5.00058E-01
 5.00058E-01
 5.00058E-01
 5.00058E-01
 5.00058E-01
 5.00058E-01
 5.00059E-01
 5.00059E-01
 5.00059E-01
 5.00059E-01
 5.00059E-01
 5.00059E-01
 5.00059E-01
 5.00059E-01
 5.00059E-01
 5.00059E-01
 5.00059E-01
 5.00059E-01
 5.00059E-01
 5.00059E-01
 5.00059E-01
 5.00059E-01
 5.00059E-01
 5.00059E-01
 5.00059E-01
 5.00059E-01
 5.00059E-01
 5.00059E-01
 5.00059E-01
 5.00059E-01
 5.00059E-01
 5.00059E-01
 5.00056E-01
 5.00056E-01
 5.00056E-01
 5.00056E-01
 5.00056E-01
 5.00056E-01
 5.00056E-01
 5.00056E-01
 5.00056E-01
 5.00056E-01
 5.00056E-01
 5.00056E-01
 5.00056E-01
 5.00056E-01
 5.00056E-01
 5.00056E-01
 5.00056E-01
 5.00056E-01
 5.00056E-01
 5.00056E-01
 5.00056E-01
 5.00056E-01
 5.00056E-01
 5.00056E-01
 5.00056E-01
 5.00056E-01
 5.00056E-01
 5.00056E-01
 5.00056E-01
 5.00056E-01
 5.00056E-01
 5.00056E-01
 5.00056E-01
 5.00056E-01
 5.00056E-01
 5.00056E-01
 5.00056E-01
 5.00056E-01
 5.00056E-01
 5.00057E-01
 5.00057E-01
 5.00057E-01
 5.00057E-01
 5.00057E-01
 5.00057E-01
 5.00057E-01
 5.00057E-01
 5.00057E-01
 5.00057E-01
 5.00057E-01
 5.00057E-01
 5.00057E-01
 5.00057E-01
 5.00057E-01
 5.00057E-01
 5.00057E-01
 5.00057E-01
 5.00057E-01
 5.00057E-01
 5.00057E-01
 5.00057E-01
 5.00057E-01
 5.00057E-01
 5.00058E-01
 5.00058E-01
 5.00058E-01
 5.00058E-01
 5.00058E-01
 5.00058E-01
 5.00058E-01
 5.00058E-01
 5.00058E-01
 5.00058E-01
 5.00058E-01
 5.00058E-01
 5.00058E-01
 5.00058E-01
 5.00058E-01
 5.00058E-01
 5.00058E-01
 5.00058E-01
 5.00058E-01
 5.00058E-01
 5.00058E-01
 5.00058E-01
 5.00058E-01
 5.00058E-01
 5.00058E-01
 5.00058E-01
 5.00058E-01
 5.00058E-01
 5.00058E-01
 5.00058E-01
 5.00058E-01
 5.00058E-01
 5.00058E-01
 5.00058E-01
 5.00058E-01
 5.00058E-01
 5.00059E-01
 5.00059E-01
 5.00059E-01
 5.00059E-01
 5.00059E-01
 5.00059E-01
 5.00059E-01
 5.00059E-01
 5.00059E-01
 5.00059E-01
 5.00059E-01
 5.00059E-01
 5.00059E-01
 5.00059E-01
 5.00059E-01
 5.00059E-01
 5.00059E-01
 5.00059E-01
 5.00059E-01
 5.00059E-01
 5.00059E-01
 5.00056E-01
 5.00056E-01
 5.00056E-01
 5.00056E-01
 5.00056E-01
 5.00056E-01
 5.00056E-01
 5.00056E-01
 5.00056E-01
 5.00056E-01
 5.00056E-01
 5.00056E-01
 5.00056E-01
 5.00056E-01
 5.00056E-01
 5.00056E-01
 5.00056E-01
 5.00056E-01
 5.00056E-01
 5.00056E-01
 5.00056E-01
 5.00056E-01
 5.00056E-01
 5.00056E-01
 5.00056E-01
 5.00056E-01
 5.00056E-01
 5.00056E-01
 5.00056E-01
 5.00056E-01
 5.00056E-01
 5.00056E-01
 5.00056E-01
 5.00056E-01
 5.00056E-01
 5.00056E-01
 5.00056E-01
 5.00056E-01
 5.00056E-01
 5.00056E-01
 5.00056E-01
 5.00056E-01
 5.00056E-01
 5.00056E-01
 5.00056E-01
 5.00057E-01
 5.00057E-01
 5.00057E-01
 5.00057E-01
 5.00057E-01
 5.00057E-01
 5.00057E-01
 5.00057E-01
 5.00057E-01
 5.00057E-01
 5.00057E-01
 5.00057E-01
 5.00057E-01
 5.00057E-01
 5.00057E-01
 5.00057E-01
 5.00057E-01
 5.00057E-01
 5.00057E-01
 5.00057E-01
 5.00057E-01
 5.00057E-01
 5.00058E-01
 5.00058E-01
 5.00058E-01
 5.00058E-01
 5.00058E-01
 5.00058E-01
 5.00058E-01
 5.00058E-01
 5.00058E-01
 5.00058E-01
 5.00058E-01
 5.00058E-01
 5.00058E-01
 5.00058E-01
 5.00058E-01
 5.00058E-01
 5.00058E-01
 5.00058E-01
 5.00058E-01
 5.00058E-01
 5.00058E-01
 5.00058E-01
 5.00058E-01
 5.00058E-01
 5.00058E-01
 5.00058E-01
 5.00058E-01
 5.00058E-01
 5.00058E-01
 5.00058E-01
 5.00058E-01
 5.00058E-01
 5.00058E-01
 5.00058E-01
 5.00058E-01
 5.00058E-01
 5.00058E-01
 5.00059E-01
 5.00059E-01
 5.00059E-01
 5.00059E-01
 5.00059E-01
 5.00059E-01
 5.00059E-01
 5.00059E-01
 5.00059E-01
 5.00059E-01
 5.00059E-01
 5.00059E-01
 5.00059E-01
 5.00059E-01
 5.00059E-01
 5.00059E-01
 5.00055E-01
 5.00055E-01
 5.00055E-01
 5.00055E-01
 5.00055E-01
 5.00055E-01
 5.00055E-01
 5.00055E-01
 5.00055E-01
 5.00055E-01
 5.00055E-01
 5.00055E-01
 5.00055E-01
 5.00055E-01
 5.00055E-01
 5.00055E-01
 5.00055E-01
 5.00055E-01
 5.00055E-01
 5.00055E-01
 5.00055E-01
 5.00055E-01
 5.00055E-01
 5.00055E-01
 5.00055E-01
 5.00055E-01
 5.00055E-01
 5.00055E-01
 5.00056E-01
 5.00056E-01
 5.00056E-01
 5.00056E-01
 5.00056E-01
 5.00056E-01
 5.00056E-01
 5.00056E-01
 5.00056E-01
 5.00056E-01
 5.00056E-01
 5.00056E-01
 5.00056E-01
 5.00056E-01
 5.00056E-01
 5.00056E-01
 5.00056E-01
 5.00056E-01
 5.00056E-01
 5.00056E-01
 5.00056E-01
 5.00057E-01
 5.00057E-01
 5.00057E-01
 5.00057E-01
 5.00057E-01
 5.00057E-01
 5.00057E-01
 5.00057E-01
 5.00057E-01
 5.00057E-01
 5.00057E-01
 5.00057E-01
 5.00057E-01
 5.00057E-01
 5.00057E-01
 5.00057E-01
 5.00057E-01
 5.00057E-01
 5.00057E-01
 5.00057E-01
 5.00057E-01
 5.00058E-01
 5.00058E-01
 5.00058E-01
 5.00058E-01
 5.00058E-01
 5.00058E-01
 5.00058E-01
 5.00058E-01
 5.00058E-01
 5.00058E-01
 5.00058E-01
 5.00058E-01
 5.00058E-01
 5.00058E-01
 5.00058E-01
 5.00058E-01
 5.00058E-01
 5.00058E-01
 5.00058E-01
 5.00058E-01
 5.00058E-01
 5.00058E-01
 5.00058E-01
 5.00058E-01
 5.00058E-01
 5.00058E-01
 5.00058E-01
 5.00058E-01
 5.00058E-01
 5.00058E-01
 5.00058E-01
 5.00058E-01
 5.00058E-01
 5.00058E-01
 5.00058E-01
 5.00058E-01
 5.00058E-01
 5.00058E-01
 5.00058E-01
 5.00058E-01
 5.00058E-01
 5.00058E-01
 5.00059E-01
 5.00059E-01
 5.00059E-01
 5.00059E-01
 5.00059E-01
 5.00059E-01
 5.00059E-01
 5.00059E-01
 5.00055E-01
 5.00055E-01
 5.00055E-01
 5.00055E-01
 5.00055E-01
 5.00055E-01
 5.00055E-01
 5.00055E-01
 5.00055E-01
 5.00055E-01
 5.00055E-01
 5.00055E-01
 5.00055E-01
 5.00055E-01
 5.00055E-01
 5.00055E-01
 5.00055E-01
 5.00055E-01
 5.00055E-01
 5.00055E-01
 5.00055E-01
 5.00055E-01
 5.00055E-01
 5.00055E-01
 5.00055E-01
 5.00055E-01
 5.00055E-01
 5.00055E-01
 5.00055E-01
 5.00055E-01
 5.00055E-01
 5.00055E-01
 5.00055E-01
 5.00055E-01
 5.00055E-01
 5.00056E-01
 5.00056E-01
 5.00056E-01
 5.00056E-01
 5.00056E-01
 5.00056E-01
 5.00056E-01
 5.00056E-01
 5.00056E-01
 5.00056E-01
 5.00056E-01
 5.00056E-01
 5.00056E-01
 5.00056E-01
 5.00056E-01
 5.00056E-01
 5.00056E-01
 5.00056E-01
 5.00057E-01
 5.00057E-01
 5.00057E-01
 5.00057E-01
 5.00057E-01
 5.00057E-01
 5.00057E-01
 5.00057E-01
 5.00057E-01
 5.00057E-01
 5.00057E-01
 5.00057E-01
 5.00057E-01
 5.00057E-01
 5.00057E-01
 5.00057E-01
 5.00057E-01
 5.00057E-01
 5.00057E-01
 5.00057E-01
 5.00058E-01
 5.00058E-01
 5.00058E-01
 5.00058E-01
 5.00058E-01
 5.00058E-01
 5.00058E-01
 5.00058E-01
 5.00058E-01
 5.00058E-01
 5.00058E-01
 5.00058E-01
 5.00058E-01
 5.00058E-01
 5.00058E-01
 5.00058E-01
 5.00058E-01
 5.00058E-01
 5.00058E-01
 5.00058E-01
 5.00058E-01
 5.00058E-01
 5.00058E-01
 5.00058E-01
 5.00058E-01
 5.00058E-01
 5.00058E-01
 5.00058E-01
 5.00058E-01
 5.00058E-01
 5.00058E-01
 5.00058E-01
 5.00058E-01
 5.00058E-01
 5.00058E-01
 5.00058E-01
 5.00058E-01
 5.00058E-01
 5.00058E-01
 5.00058E-01
 5.00058E-01
 5.00058E-01
 5.00058E-01
 5.00058E-01
 5.00058E-01
 5.00058E-01
 5.00058E-01
 5.00054E-01
 5.00054E-01
 5.00054E-01
 5.00054E-01
 5.00054E-01
 5.00054E-01
 5.00054E-01
 5.00054E-01
 5.00054E-01
 5.00054E-01
 5.00054E-01
 5.00054E-01
 5.00054E-01
 5.00054E-01
 5.00054E-01
 5.00054E-01
 5.00054E-01
 5.00054E-01
 5.00055E-01
 5.00055E-01
 5.00055E-01
 5.00055E-01
 5.00055E-01
 5.00055E-01
 5.00055E-01
 5.00055E-01
 5.00055E-01
 5.00055E-01
 5.00055E-01
 5.00055E-01
 5.00055E-01
 5.00055E-01
 5.00055E-01
 5.00055E-01
 5.00055E-01
 5.00055E-01
 5.00055E-01
 5.00055E-01
 5.00055E-01
 5.00056E-01
 5.00056E-01
 5.00056E-01
 5.00056E-01
 5.00056E-01
 5.00056E-01
 5.00056E-01
 5.00056E-01
 5.00056E-01
 5.00056E-01
 5.00056E-01
 5.00056E-01
 5.00056E-01
 5.00056E-01
 5.00056E-01
 5.00056E-01
 5.00056E-01
 5.00057E-01
 5.00057E-01
 5.00057E-01
 5.00057E-01
 5.00057E-01
 5.00057E-01
 5.00057E-01
 5.00057E-01
 5.00057E-01
 5.00057E-01
 5.00057E-01
 5.00057E-01
 5.00057E-01
 5.00057E-01
 5.00057E-01
 5.00057E-01
 5.00057E-01
 5.00057E-01
 5.00057E-01
 5.00058E-01
 5.00058E-01
 5.00058E-01
 5.00058E-01
 5.00058E-01
 5.00058E-01
 5.00058E-01
 5.00058E-01
 5.00058E-01
 5.00058E-01
 5.00058E-01
 5.00058E-01
 5.00058E-01
 5.00058E-01
 5.00058E-01
 5.00058E-01
 5.00058E-01
 5.00058E-01
 5.00058E-01
 5.00058E-01
 5.00058E-01
 5.00058E-01
 5.00058E-01
 5.00058E-01
 5.00058E-01
 5.00058E-01
 5.00058E-01
 5.00058E-01
 5.00058E-01
 5.00058E-01
 5.00058E-01
 5.00058E-01
 5.00058E-01
 5.00058E-01
 5.00058E-01
 5.00058E-01
 5.00058E-01
 5.00058E-01
 5.00058E-01
 5.00058E-01
 5.00058E-01
 5.00058E-01
 5.00058E-01
 5.00058E-01
 5.00058E-01
 5.00054E-01
 5.00054E-01
 5.00054E-01
 5.00054E-01
 5.00054E-01
 5.00054E-01
 5.00054E-01
 5.00054E-01
 5.00054E-01
 5.00054E-01
 5.00054E-01
 5.00054E-01
 5.00054E-01
 5.00054E-01
 5.00054E-01
 5.00054E-01
 5.00054E-01
 5.00054E-01
 5.00054E-01
 5.00054E-01
 5.00054E-01
 5.00054E-01
 5.00054E-01
 5.00054E-01
 5.00054E-01
 5.00054E-01
 5.00054E-01
 5.00055E-01
 5.00055E-01
 5.00055E-01
 5.00055E-01
 5.00055E-01
 5.00055E-01
 5.00055E-01
 5.00055E-01
 5.00055E-01
 5.00055E-01
 5.00055E-01
 5.00055E-01
 5.00055E-01
 5.00055E-01
 5.00055E-01
 5.00055E-01
 5.00056E-01
 5.00056E-01
 5.00056E-01
 5.00056E-01
 5.00056E-01
 5.00056E-01
 5.00056E-01
 5.00056E-01
 5.00056E-01
 5.00056E-01
 5.00056E-01
 5.00056E-01
 5.00056E-01
 5.00056E-01
 5.00056E-01
 5.00056E-01
 5.00057E-01
 5.00057E-01
 5.00057E-01
 5.00057E-01
 5.00057E-01
 5.00057E-01
 5.00057E-01
 5.00057E-01
 5.00057E-01
 5.00057E-01
 5.00057E-01
 5.00057E-01
 5.00057E-01
 5.00057E-01
 5.00057E-01
 5.00057E-01
 5.00057E-01
 5.00057E-01
 5.00057E-01
 5.00058E-01
 5.00058E-01
 5.00058E-01
 5.00058E-01
 5.00058E-01
 5.00058E-01
 5.00058E-01
 5.00058E-01
 5.00058E-01
 5.00058E-01
 5.00058E-01
 5.00058E-01
 5.00058E-01
 5.00058E-01
 5.00058E-01
 5.00058E-01
 5.00058E-01
 5.00058E-01
 5.00058E-01
 5.00058E-01
 5.00058E-01
 5.00058E-01
 5.00058E-01
 5.00058E-01
 5.00058E-01
 5.00058E-01
 5.00058E-01
 5.00058E-01
 5.00058E-01
 5.00058E-01
 5.00058E-01
 5.00058E-01
 5.00058E-01
 5.00058E-01
 5.00058E-01
 5.00058E-01
 5.00058E-01
 5.00058E-01
 5.00058E-01
 5.00058E-01
 5.00058E-01
 5.00058E-01
 5.00053E-01
 5.00053E-01
 5.00053E-01
 5.00053E-01
 5.00054E-01
 5.00054E-01
 5.00054E-01
 5.00054E-01
 5.00054E-01
 5.00054E-01
 5.00054E-01
 5.00054E-01
 5.00054E-01
 5.00054E-01
 5.00054E-01
 5.00054E-01
 5.00054E-01
 5.00054E-01
 5.00054E-01
 5.00054E-01
 5.00054E-01
 5.00054E-01
 5.00054E-01
 5.00054E-01
 5.00054E-01
 5.00054E-01
 5.00054E-01
 5.00054E-01
 5.00054E-01
 5.00054E-01
 5.00054E-01
 5.00054E-01
 5.00055E-01
 5.00055E-01
 5.00055E-01
 5.00055E-01
 5.00055E-01
 5.00055E-01
 5.00055E-01
 5.00055E-01
 5.00055E-01
 5.00055E-01
 5.00055E-01
 5.00055E-01
 5.00055E-01
 5.00055E-01
 5.00056E-01
 5.00056E-01
 5.00056E-01
 5.00056E-01
 5.00056E-01
 5.00056E-01
 5.00056E-01
 5.00056E-01
 5.00056E-01
 5.00056E-01
 5.00056E-01
 5.00056E-01
 5.00056E-01
 5.00056E-01
 5.00056E-01
 5.00057E-01
 5.00057E-01
 5.00057E-01
 5.00057E-01
 5.00057E-01
 5.00057E-01
 5.00057E-01
 5.00057E-01
 5.00057E-01
 5.00057E-01
 5.00057E-01
 5.00057E-01
 5.00057E-01
 5.00057E-01
 5.00057E-01
 5.00057E-01
 5.00057E-01
 5.00057E-01
 5.00057E-01
 5.00058E-01
 5.00058E-01
 5.00058E-01
 5.00058E-01
 5.00058E-01
 5.00058E-01
 5.00058E-01
 5.00058E-01
 5.00058E-01
 5.00058E-01
 5.00058E-01
 5.00058E-01
 5.00058E-01
 5.00058E-01
 5.00058E-01
 5.00058E-01
 5.00058E-01
 5.00058E-01
 5.00058E-01
 5.00058E-01
 5.00058E-01
 5.00058E-01
 5.00058E-01
 5.00058E-01
 5.00058E-01
 5.00058E-01
 5.00058E-01
 5.00058E-01
 5.00058E-01
 5.00058E-01
 5.00058E-01
 5.00058E-01
 5.00058E-01
 5.00058E-01
 5.00058E-01
 5.00058E-01
 5.00058E-01
 5.00058E-01
 5.00058E-01
 5.00058E-01
 5.00053E-01
 5.00053E-01
 5.00053E-01
 5.00053E-01
 5.00053E-01
 5.00053E-01
 5.00053E-01
 5.00053E-01
 5.00053E-01
 5.00053E-01
 5.00053E-01
 5.00053E-01
 5.00053E-01
 5.00053E-01
 5.00053E-01
 5.00053E-01
 5.00053E-01
 5.00053E-01
 5.00053E-01
 5.00053E-01
 5.00054E-01
 5.00054E-01
 5.00054E-01
 5.00054E-01
 5.00054E-01
 5.00054E-01
 5.00054E-01
 5.00054E-01
 5.00054E-01
 5.00054E-01
 5.00054E-01
 5.00054E-01
 5.00054E-01
 5.00054E-01
 5.00054E-01
 5.00054E-01
 5.00055E-01
 5.00055E-01
 5.00055E-01
 5.00055E-01
 5.00055E-01
 5.00055E-01
 5.00055E-01
 5.00055E-01
 5.00055E-01
 5.00055E-01
 5.00055E-01
 5.00055E-01
 5.00055E-01
 5.00056E-01
 5.00056E-01
 5.00056E-01
 5.00056E-01
 5.00056E-01
 5.00056E-01
 5.00056E-01
 5.00056E-01
 5.00056E-01
 5.00056E-01
 5.00056E-01
 5.00056E-01
 5.00056E-01
 5.00056E-01
 5.00057E-01
 5.00057E-01
 5.00057E-01
 5.00057E-01
 5.00057E-01
 5.00057E-01
 5.00057E-01
 5.00057E-01
 5.00057E-01
 5.00057E-01
 5.00057E-01
 5.00057E-01
 5.00057E-01
 5.00057E-01
 5.00057E-01
 5.00057E-01
 5.00057E-01
 5.00057E-01
 5.00057E-01
 5.00057E-01
 5.00058E-01
 5.00058E-01
 5.00058E-01
 5.00058E-01
 5.00058E-01
 5.00058E-01
 5.00058E-01
 5.00058E-01
 5.00058E-01
 5.00058E-01
 5.00058E-01
 5.00058E-01
 5.00058E-01
 5.00058E-01
 5.00058E-01
 5.00058E-01
 5.00058E-01
 5.00058E-01
 5.00058E-01
 5.00058E-01
 5.00058E-01
 5.00058E-01
 5.00058E-01
 5.00058E-01
 5.00058E-01
 5.00058E-01
 5.00058E-01
 5.00058E-01
 5.00058E-01
 5.00058E-01
 5.00058E-01
 5.00058E-01
 5.00058E-01
 5.00058E-01
 5.00058E-01
 5.00058E-01
 5.00058E-01
 5.00053E-01
 5.00053E-01
 5.00053E-01
 5.00053E-01
 5.00053E-01
 5.00053E-01
 5.00053E-01
 5.00053E-01
 5.00053E-01
 5.00053E-01
 5.00053E-01
 5.00053E-01
 5.00053E-01
 5.00053E-01
 5.00053E-01
 5.00053E-01
 5.00053E-01
 5.00053E-01
 5.00053E-01
 5.00053E-01
 5.00053E-01
 5.00053E-01
 5.00053E-01
 5.00053E-01
 5.00053E-01
 5.00053E-01
 5.00054E-01
 5.00054E-01
 5.00054E-01
 5.00054E-01
 5.00054E-01
 5.00054E-01
 5.00054E-01
 5.00054E-01
 5.00054E-01
 5.00054E-01
 5.00054E-01
 5.00054E-01
 5.00054E-01
 5.00055E-01
 5.00055E-01
 5.00055E-01
 5.00055E-01
 5.00055E-01
 5.00055E-01
 5.00055E-01
 5.00055E-01
 5.00055E-01
 5.00055E-01
 5.00055E-01
 5.00055E-01
 5.00056E-01
 5.00056E-01
 5.00056E-01
 5.00056E-01
 5.00056E-01
 5.00056E-01
 5.00056E-01
 5.00056E-01
 5.00056E-01
 5.00056E-01
 5.00056E-01
 5.00056E-01
 5.00056E-01
 5.00056E-01
 5.00057E-01
 5.00057E-01
 5.00057E-01
 5.00057E-01
 5.00057E-01
 5.00057E-01
 5.00057E-01
 5.00057E-01
 5.00057E-01
 5.00057E-01
 5.00057E-01
 5.00057E-01
 5.00057E-01
 5.00057E-01
 5.00057E-01
 5.00057E-01
 5.00057E-01
 5.00057E-01
 5.00057E-01
 5.00057E-01
 5.00058E-01
 5.00058E-01
 5.00058E-01
 5.00058E-01
 5.00058E-01
 5.00058E-01
 5.00058E-01
 5.00058E-01
 5.00058E-01
 5.00058E-01
 5.00058E-01
 5.00058E-01
 5.00058E-01
 5.00058E-01
 5.00058E-01
 5.00058E-01
 5.00058E-01
 5.00058E-01
 5.00058E-01
 5.00058E-01
 5.00058E-01
 5.00058E-01
 5.00058E-01
 5.00058E-01
 5.00058E-01
 5.00058E-01
 5.00058E-01
 5.00058E-01
 5.00058E-01
 5.00058E-01
 5.00058E-01
 5.00058E-01
 5.00058E-01
 5.00058E-01
 5.00058E-01
 5.00052E-01
 5.00052E-01
 5.00052E-01
 5.00052E-01
 5.00052E-01
 5.00052E-01
 5.00052E-01
 5.00052E-01
 5.00052E-01
 5.00052E-01
 5.00052E-01
 5.00052E-01
 5.00052E-01
 5.00053E-01
 5.00053E-01
 5.00053E-01
 5.00053E-01
 5.00053E-01
 5.00053E-01
 5.00053E-01
 5.00053E-01
 5.00053E-01
 5.00053E-01
 5.00053E-01
 5.00053E-01
 5.00053E-01
 5.00053E-01
 5.00053E-01
 5.00053E-01
 5.00053E-01
 5.00054E-01
 5.00054E-01
 5.00054E-01
 5.00054E-01
 5.00054E-01
 5.00054E-01
 5.00054E-01
 5.00054E-01
 5.00054E-01
 5.00054E-01
 5.00054E-01
 5.00054E-01
 5.00055E-01
 5.00055E-01
 5.00055E-01
 5.00055E-01
 5.00055E-01
 5.00055E-01
 5.00055E-01
 5.00055E-01
 5.00055E-01
 5.00055E-01
 5.00055E-01
 5.00055E-01
 5.00056E-01
 5.00056E-01
 5.00056E-01
 5.00056E-01
 5.00056E-01
 5.00056E-01
 5.00056E-01
 5.00056E-01
 5.00056E-01
 5.00056E-01
 5.00056E-01
 5.00056E-01
 5.00056E-01
 5.00057E-01
 5.00057E-01
 5.00057E-01
 5.00057E-01
 5.00057E-01
 5.00057E-01
 5.00057E-01
 5.00057E-01
 5.00057E-01
 5.00057E-01
 5.00057E-01
 5.00057E-01
 5.00057E-01
 5.00057E-01
 5.00057E-01
 5.00057E-01
 5.00057E-01
 5.00057E-01
 5.00057E-01
 5.00057E-01
 5.00058E-01
 5.00058E-01
 5.00058E-01
 5.00058E-01
 5.00058E-01
 5.00058E-01
 5.00058E-01
 5.00058E-01
 5.00058E-01
 5.00058E-01
 5.00058E-01
 5.00058E-01
 5.00058E-01
 5.00058E-01
 5.00058E-01
 5.00058E-01
 5.00058E-01
 5.00058E-01
 5.00058E-01
 5.00058E-01
 5.00058E-01
 5.00058E-01
 5.00058E-01
 5.00058E-01
 5.00058E-01
 5.00058E-01
 5.00058E-01
 5.00058E-01
 5.00058E-01
 5.00058E-01
 5.00058E-01
 5.00058E-01
 5.00058E-01
 5.00052E-01
 5.00052E-01
 5.00052E-01
 5.00052E-01
 5.00052E-01
 5.00052E-01
 5.00052E-01
 5.00052E-01
 5.00052E-01
 5.00052E-01
 5.00052E-01
 5.00052E-01
 5.00052E-01
 5.00052E-01
 5.00052E-01
 5.00052E-01
 5.00052E-01
 5.00052E-01
 5.00052E-01
 5.00052E-01
 5.00052E-01
 5.00053E-01
 5.00053E-01
 5.00053E-01
 5.00053E-01
 5.00053E-01
 5.00053E-01
 5.00053E-01
 5.00053E-01
 5.00053E-01
 5.00053E-01
 5.00053E-01
 5.00053E-01
 5.00053E-01
 5.00054E-01
 5.00054E-01
 5.00054E-01
 5.00054E-01
 5.00054E-01
 5.00054E-01
 5.00054E-01
 5.00054E-01
 5.00054E-01
 5.00054E-01
 5.00055E-01
 5.00055E-01
 5.00055E-01
 5.00055E-01
 5.00055E-01
 5.00055E-01
 5.00055E-01
 5.00055E-01
 5.00055E-01
 5.00055E-01
 5.00055E-01
 5.00055E-01
 5.00056E-01
 5.00056E-01
 5.00056E-01
 5.00056E-01
 5.00056E-01
 5.00056E-01
 5.00056E-01
 5.00056E-01
 5.00056E-01
 5.00056E-01
 5.00056E-01
 5.00056E-01
 5.00056E-01
 5.00057E-01
 5.00057E-01
 5.00057E-01
 5.00057E-01
 5.00057E-01
 5.00057E-01
 5.00057E-01
 5.00057E-01
 5.00057E-01
 5.00057E-01
 5.00057E-01
 5.00057E-01
 5.00057E-01
 5.00057E-01
 5.00057E-01
 5.00057E-01
 5.00057E-01
 5.00057E-01
 5.00057E-01
 5.00057E-01
 5.00058E-01
 5.00058E-01
 5.00058E-01
 5.00058E-01
 5.00058E-01
 5.00058E-01
 5.00058E-01
 5.00058E-01
 5.00058E-01
 5.00058E-01
 5.00058E-01
 5.00058E-01
 5.00058E-01
 5.00058E-01
 5.00058E-01
 5.00058E-01
 5.00058E-01
 5.00058E-01
 5.00058E-01
 5.00058E-01
 5.00058E-01
 5.00058E-01
 5.00058E-01
 5.00058E-01
 5.00058E-01
 5.00058E-01
 5.00058E-01
 5.00058E-01
 5.00058E-01
 5.00058E-01
 5.00058E-01
 5.00051E-01
 5.00051E-01
 5.00051E-01
 5.00051E-01
 5.00051E-01
 5.00052E-01
 5.00052E-01
 5.00052E-01
 5.00052E-01
 5.00052E-01
 5.00052E-01
 5.00052E-01
 5.00052E-01
 5.00052E-01
 5.00052E-01
 5.00052E-01
 5.00052E-01
 5.00052E-01
 5.00052E-01
 5.00052E-01
 5.00052E-01
 5.00052E-01
 5.00052E-01
 5.00052E-01
 5.00052E-01
 5.00053E-01
 5.00053E-01
 5.00053E-01
 5.00053E-01
 5.00053E-01
 5.00053E-01
 5.00053E-01
 5.00053E-01
 5.00053E-01
 5.00053E-01
 5.00053E-01
 5.00054E-01
 5.00054E-01
 5.00054E-01
 5.00054E-01
 5.00054E-01
 5.00054E-01
 5.00054E-01
 5.00054E-01
 5.00054E-01
 5.00054E-01
 5.00055E-01
 5.00055E-01
 5.00055E-01
 5.00055E-01
 5.00055E-01
 5.00055E-01
 5.00055E-01
 5.00055E-01
 5.00055E-01
 5.00055E-01
 5.00055E-01
 5.00055E-01
 5.00056E-01
 5.00056E-01
 5.00056E-01
 5.00056E-01
 5.00056E-01
 5.00056E-01
 5.00056E-01
 5.00056E-01
 5.00056E-01
 5.00056E-01
 5.00056E-01
 5.00056E-01
 5.00056E-01
 5.00057E-01
 5.00057E-01
 5.00057E-01
 5.00057E-01
 5.00057E-01
 5.00057E-01
 5.00057E-01
 5.00057E-01
 5.00057E-01
 5.00057E-01
 5.00057E-01
 5.00057E-01
 5.00057E-01
 5.00057E-01
 5.00057E-01
 5.00057E-01
 5.00057E-01
 5.00057E-01
 5.00057E-01
 5.00057E-01
 5.00058E-01
 5.00058E-01
 5.00058E-01
 5.00058E-01
 5.00058E-01
 5.00058E-01
 5.00058E-01
 5.00058E-01
 5.00058E-01
 5.00058E-01
 5.00058E-01
 5.00058E-01
 5.00058E-01
 5.00058E-01
 5.00058E-01
 5.00058E-01
 5.00058E-01
 5.00058E-01
 5.00058E-01
 5.00058E-01
 5.00058E-01
 5.00058E-01
 5.00058E-01
 5.00058E-01
 5.00058E-01
 5.00058E-01
 5.00058E-01
 5.00058E-01
 5.00058E-01
 5.00051E-01
 5.00051E-01
 5.00051E-01
 5.00051E-01
 5.00051E-01
 5.00051E-01
 5.00051E-01
 5.00051E-01
 5.00051E-01
 5.00051E-01
 5.00051E-01
 5.00051E-01
 5.00051E-01
 5.00051E-01
 5.00051E-01
 5.00051E-01
 5.00052E-01
 5.00052E-01
 5.00052E-01
 5.00052E-01
 5.00052E-01
 5.00052E-01
 5.00052E-01
 5.00052E-01
 5.00052E-01
 5.00052E-01
 5.00052E-01
 5.00052E-01
 5.00052E-01
 5.00053E-01
 5.00053E-01
 5.00053E-01
 5.00053E-01
 5.00053E-01
 5.00053E-01
 5.00053E-01
 5.00053E-01
 5.00053E-01
 5.00053E-01
 5.00054E-01
 5.00054E-01
 5.00054E-01
 5.00054E-01
 5.00054E-01
 5.00054E-01
 5.00054E-01
 5.00054E-01
 5.00054E-01
 5.00055E-01
 5.00055E-01
 5.00055E-01
 5.00055E-01
 5.00055E-01
 5.00055E-01
 5.00055E-01
 5.00055E-01
 5.00055E-01
 5.00055E-01
 5.00055E-01
 5.00056E-01
 5.00056E-01
 5.00056E-01
 5.00056E-01
 5.00056E-01
 5.00056E-01
 5.00056E-01
 5.00056E-01
 5.00056E-01
 5.00056E-01
 5.00056E-01
 5.00056E-01
 5.00056E-01
 5.00056E-01
 5.00057E-01
 5.00057E-01
 5.00057E-01
 5.00057E-01
 5.00057E-01
 5.00057E-01
 5.00057E-01
 5.00057E-01
 5.00057E-01
 5.00057E-01
 5.00057E-01
 5.00057E-01
 5.00057E-01
 5.00057E-01
 5.00057E-01
 5.00057E-01
 5.00057E-01
 5.00057E-01
 5.00057E-01
 5.00057E-01
 5.00057E-01
 5.00058E-01
 5.00058E-01
 5.00058E-01
 5.00058E-01
 5.00058E-01
 5.00058E-01
 5.00058E-01
 5.00058E-01
 5.00058E-01
 5.00058E-01
 5.00058E-01
 5.00058E-01
 5.00058E-01
 5.00058E-01
 5.00058E-01
 5.00058E-01
 5.00058E-01
 5.00058E-01
 5.00058E-01
 5.00058E-01
 5.00058E-01
 5.00058E-01
 5.00058E-01
 5.00058E-01
 5.00058E-01
 5.00058E-01
 5.00051E-01
 5.00051E-01
 5.00051E-01
 5.00051E-01
 5.00051E-01
 5.00051E-01
 5.00051E-01
 5.00051E-01
 5.00051E-01
 5.00051E-01
 5.00051E-01
 5.00051E-01
 5.00051E-01
 5.00051E-01
 5.00051E-01
 5.00051E-01
 5.00051E-01
 5.00051E-01
 5.00051E-01
 5.00051E-01
 5.00051E-01
 5.00052E-01
 5.00052E-01
 5.00052E-01
 5.00052E-01
 5.00052E-01
 5.00052E-01
 5.00052E-01
 5.00052E-01
 5.00052E-01
 5.00052E-01
 5.00052E-01
 5.00053E-01
 5.00053E-01
 5.00053E-01
 5.00053E-01
 5.00053E-01
 5.00053E-01
 5.00053E-01
 5.00053E-01
 5.00053E-01
 5.00054E-01
 5.00054E-01
 5.00054E-01
 5.00054E-01
 5.00054E-01
 5.00054E-01
 5.00054E-01
 5.00054E-01
 5.00054E-01
 5.00055E-01
 5.00055E-01
 5.00055E-01
 5.00055E-01
 5.00055E-01
 5.00055E-01
 5.00055E-01
 5.00055E-01
 5.00055E-01
 5.00055E-01
 5.00055E-01
 5.00056E-01
 5.00056E-01
 5.00056E-01
 5.00056E-01
 5.00056E-01
 5.00056E-01
 5.00056E-01
 5.00056E-01
 5.00056E-01
 5.00056E-01
 5.00056E-01
 5.00056E-01
 5.00056E-01
 5.00057E-01
 5.00057E-01
 5.00057E-01
 5.00057E-01
 5.00057E-01
 5.00057E-01
 5.00057E-01
 5.00057E-01
 5.00057E-01
 5.00057E-01
 5.00057E-01
 5.00057E-01
 5.00057E-01
 5.00057E-01
 5.00057E-01
 5.00057E-01
 5.00057E-01
 5.00057E-01
 5.00057E-01
 5.00057E-01
 5.00057E-01
 5.00057E-01
 5.00058E-01
 5.00058E-01
 5.00058E-01
 5.00058E-01
 5.00058E-01
 5.00058E-01
 5.00058E-01
 5.00058E-01
 5.00058E-01
 5.00058E-01
 5.00058E-01
 5.00058E-01
 5.00058E-01
 5.00058E-01
 5.00058E-01
 5.00058E-01
 5.00058E-01
 5.00058E-01
 5.00058E-01
 5.00058E-01
 5.00058E-01
 5.00058E-01
 5.00058E-01
 5.00058E-01
 5.00050E-01
 5.00050E-01
 5.00050E-01
 5.00050E-01
 5.00050E-01
 5.00050E-01
 5.00050E-01
 5.00050E-01
 5.00050E-01
 5.00050E-01
 5.00050E-01
 5.00051E-01
 5.00051E-01
 5.00051E-01
 5.00051E-01
 5.00051E-01
 5.00051E-01
 5.00051E-01
 5.00051E-01
 5.00051E-01
 5.00051E-01
 5.00051E-01
 5.00051E-01
 5.00051E-01
 5.00051E-01
 5.00052E-01
 5.00052E-01
 5.00052E-01
 5.00052E-01
 5.00052E-01
 5.00052E-01
 5.00052E-01
 5.00052E-01
 5.00052E-01
 5.00053E-01
 5.00053E-01
 5.00053E-01
 5.00053E-01
 5.00053E-01
 5.00053E-01
 5.00053E-01
 5.00053E-01
 5.00053E-01
 5.00054E-01
 5.00054E-01
 5.00054E-01
 5.00054E-01
 5.00054E-01
 5.00054E-01
 5.00054E-01
 5.00054E-01
 5.00054E-01
 5.00055E-01
 5.00055E-01
 5.00055E-01
 5.00055E-01
 5.00055E-01
 5.00055E-01
 5.00055E-01
 5.00055E-01
 5.00055E-01
 5.00055E-01
 5.00056E-01
 5.00056E-01
 5.00056E-01
 5.00056E-01
 5.00056E-01
 5.00056E-01
 5.00056E-01
 5.00056E-01
 5.00056E-01
 5.00056E-01
 5.00056E-01
 5.00056E-01
 5.00056E-01
 5.00056E-01
 5.00057E-01
 5.00057E-01
 5.00057E-01
 5.00057E-01
 5.00057E-01
 5.00057E-01
 5.00057E-01
 5.00057E-01
 5.00057E-01
 5.00057E-01
 5.00057E-01
 5.00057E-01
 5.00057E-01
 5.00057E-01
 5.00057E-01
 5.00057E-01
 5.00057E-01
 5.00057E-01
 5.00057E-01
 5.00057E-01
 5.00057E-01
 5.00057E-01
 5.00058E-01
 5.00058E-01
 5.00058E-01
 5.00058E-01
 5.00058E-01
 5.00058E-01
 5.00058E-01
 5.00058E-01
 5.00058E-01
 5.00058E-01
 5.00058E-01
 5.00058E-01
 5.00058E-01
 5.00058E-01
 5.00058E-01
 5.00058E-01
 5.00058E-01
 5.00058E-01
 5.00058E-01
 5.00058E-01
 5.00058E-01
 5.00058E-01
 5.00050E-01
 5.00050E-01
 5.00050E-01
 5.00050E-01
 5.00050E-01
 5.00050E-01
 5.00050E-01
 5.00050E-01
 5.00050E-01
 5.00050E-01
 5.00050E-01
 5.00050E-01
 5.00050E-01
 5.00050E-01
 5.00050E-01
 5.00050E-01
 5.00050E-01
 5.00051E-01
 5.00051E-01
 5.00051E-01
 5.00051E-01
 5.00051E-01
 5.00051E-01
 5.00051E-01
 5.00051E-01
 5.00051E-01
 5.00051E-01
 5.00051E-01
 5.00052E-01
 5.00052E-01
 5.00052E-01
 5.00052E-01
 5.00052E-01
 5.00052E-01
 5.00052E-01
 5.00052E-01
 5.00053E-01
 5.00053E-01
 5.00053E-01
 5.00053E-01
 5.00053E-01
 5.00053E-01
 5.00053E-01
 5.00053E-01
 5.00054E-01
 5.00054E-01
 5.00054E-01
 5.00054E-01
 5.00054E-01
 5.00054E-01
 5.00054E-01
 5.00054E-01
 5.00054E-01
 5.00055E-01
 5.00055E-01
 5.00055E-01
 5.00055E-01
 5.00055E-01
 5.00055E-01
 5.00055E-01
 5.00055E-01
 5.00055E-01
 5.00055E-01
 5.00055E-01
 5.00056E-01
 5.00056E-01
 5.00056E-01
 5.00056E-01
 5.00056E-01
 5.00056E-01
 5.00056E-01
 5.00056E-01
 5.00056E-01
 5.00056E-01
 5.00056E-01
 5.00056E-01
 5.00056E-01
 5.00057E-01
 5.00057E-01
 5.00057E-01
 5.00057E-01
 5.00057E-01
 5.00057E-01
 5.00057E-01
 5.00057E-01
 5.00057E-01
 5.00057E-01
 5.00057E-01
 5.00057E-01
 5.00057E-01
 5.00057E-01
 5.00057E-01
 5.00057E-01
 5.00057E-01
 5.00057E-01
 5.00057E-01
 5.00057E-01
 5.00057E-01
 5.00057E-01
 5.00057E-01
 5.00058E-01
 5.00058E-01
 5.00058E-01
 5.00058E-01
 5.00058E-01
 5.00058E-01
 5.00058E-01
 5.00058E-01
 5.00058E-01
 5.00058E-01
 5.00058E-01
 5.00058E-01
 5.00058E-01
 5.00058E-01
 5.00058E-01
 5.00058E-01
 5.00058E-01
 5.00058E-01
 5.00058E-01
 5.00058E-01
 5.00049E-01
 5.00049E-01
 5.00049E-01
 5.00049E-01
 5.00049E-01
 5.00050E-01
 5.00050E-01
 5.00050E-01
 5.00050E-01
 5.00050E-01
 5.00050E-01
 5.00050E-01
 5.00050E-01
 5.00050E-01
 5.00050E-01
 5.00050E-01
 5.00050E-01
 5.00050E-01
 5.00050E-01
 5.00050E-01
 5.00050E-01
 5.00051E-01
 5.00051E-01
 5.00051E-01
 5.00051E-01
 5.00051E-01
 5.00051E-01
 5.00051E-01
 5.00051E-01
 5.00051E-01
 5.00052E-01
 5.00052E-01
 5.00052E-01
 5.00052E-01
 5.00052E-01
 5.00052E-01
 5.00052E-01
 5.00052E-01
 5.00053E-01
 5.00053E-01
 5.00053E-01
 5.00053E-01
 5.00053E-01
 5.00053E-01
 5.00053E-01
 5.00053E-01
 5.00054E-01
 5.00054E-01
 5.00054E-01
 5.00054E-01
 5.00054E-01
 5.00054E-01
 5.00054E-01
 5.00054E-01
 5.00054E-01
 5.00055E-01
 5.00055E-01
 5.00055E-01
 5.00055E-01
 5.00055E-01
 5.00055E-01
 5.00055E-01
 5.00055E-01
 5.00055E-01
 5.00055E-01
 5.00056E-01
 5.00056E-01
 5.00056E-01
 5.00056E-01
 5.00056E-01
 5.00056E-01
 5.00056E-01
 5.00056E-01
 5.00056E-01
 5.00056E-01
 5.00056E-01
 5.00056E-01
 5.00056E-01
 5.00057E-01
 5.00057E-01
 5.00057E-01
 5.00057E-01
 5.00057E-01
 5.00057E-01
 5.00057E-01
 5.00057E-01
 5.00057E-01
 5.00057E-01
 5.00057E-01
 5.00057E-01
 5.00057E-01
 5.00057E-01
 5.00057E-01
 5.00057E-01
 5.00057E-01
 5.00057E-01
 5.00057E-01
 5.00057E-01
 5.00057E-01
 5.00057E-01
 5.00057E-01
 5.00057E-01
 5.00058E-01
 5.00058E-01
 5.00058E-01
 5.00058E-01
 5.00058E-01
 5.00058E-01
 5.00058E-01
 5.00058E-01
 5.00058E-01
 5.00058E-01
 5.00058E-01
 5.00058E-01
 5.00058E-01
 5.00058E-01
 5.00058E-01
 5.00058E-01
 5.00058E-01
 5.00058E-01
 5.00049E-01
 5.00049E-01
 5.00049E-01
 5.00049E-01
 5.00049E-01
 5.00049E-01
 5.00049E-01
 5.00049E-01
 5.00049E-01
 5.00049E-01
 5.00049E-01
 5.00049E-01
 5.00049E-01
 5.00049E-01
 5.00050E-01
 5.00050E-01
 5.00050E-01
 5.00050E-01
 5.00050E-01
 5.00050E-01
 5.00050E-01
 5.00050E-01
 5.00050E-01
 5.00050E-01
 5.00051E-01
 5.00051E-01
 5.00051E-01
 5.00051E-01
 5.00051E-01
 5.00051E-01
 5.00051E-01
 5.00051E-01
 5.00052E-01
 5.00052E-01
 5.00052E-01
 5.00052E-01
 5.00052E-01
 5.00052E-01
 5.00052E-01
 5.00052E-01
 5.00053E-01
 5.00053E-01
 5.00053E-01
 5.00053E-01
 5.00053E-01
 5.00053E-01
 5.00053E-01
 5.00054E-01
 5.00054E-01
 5.00054E-01
 5.00054E-01
 5.00054E-01
 5.00054E-01
 5.00054E-01
 5.00054E-01
 5.00054E-01
 5.00055E-01
 5.00055E-01
 5.00055E-01
 5.00055E-01
 5.00055E-01
 5.00055E-01
 5.00055E-01
 5.00055E-01
 5.00055E-01
 5.00055E-01
 5.00056E-01
 5.00056E-01
 5.00056E-01
 5.00056E-01
 5.00056E-01
 5.00056E-01
 5.00056E-01
 5.00056E-01
 5.00056E-01
 5.00056E-01
 5.00056E-01
 5.00056E-01
 5.00056E-01
 5.00056E-01
 5.00057E-01
 5.00057E-01
 5.00057E-01
 5.00057E-01
 5.00057E-01
 5.00057E-01
 5.00057E-01
 5.00057E-01
 5.00057E-01
 5.00057E-01
 5.00057E-01
 5.00057E-01
 5.00057E-01
 5.00057E-01
 5.00057E-01
 5.00057E-01
 5.00057E-01
 5.00057E-01
 5.00057E-01
 5.00057E-01
 5.00057E-01
 5.00057E-01
 5.00057E-01
 5.00057E-01
 5.00058E-01
 5.00058E-01
 5.00058E-01
 5.00058E-01
 5.00058E-01
 5.00058E-01
 5.00058E-01
 5.00058E-01
 5.00058E-01
 5.00058E-01
 5.00058E-01
 5.00058E-01
 5.00058E-01
 5.00058E-01
 5.00058E-01
 5.00058E-01
 5.00049E-01
 5.00049E-01
 5.00049E-01
 5.00049E-01
 5.00049E-01
 5.00049E-01
 5.00049E-01
 5.00049E-01
 5.00049E-01
 5.00049E-01
 5.00049E-01
 5.00049E-01
 5.00049E-01
 5.00049E-01
 5.00049E-01
 5.00049E-01
 5.00049E-01
 5.00049E-01
 5.00050E-01
 5.00050E-01
 5.00050E-01
 5.00050E-01
 5.00050E-01
 5.00050E-01
 5.00050E-01
 5.00050E-01
 5.00050E-01
 5.00051E-01
 5.00051E-01
 5.00051E-01
 5.00051E-01
 5.00051E-01
 5.00051E-01
 5.00051E-01
 5.00052E-01
 5.00052E-01
 5.00052E-01
 5.00052E-01
 5.00052E-01
 5.00052E-01
 5.00052E-01
 5.00053E-01
 5.00053E-01
 5.00053E-01
 5.00053E-01
 5.00053E-01
 5.00053E-01
 5.00053E-01
 5.00053E-01
 5.00054E-01
 5.00054E-01
 5.00054E-01
 5.00054E-01
 5.00054E-01
 5.00054E-01
 5.00054E-01
 5.00054E-01
 5.00055E-01
 5.00055E-01
 5.00055E-01
 5.00055E-01
 5.00055E-01
 5.00055E-01
 5.00055E-01
 5.00055E-01
 5.00055E-01
 5.00055E-01
 5.00056E-01
 5.00056E-01
 5.00056E-01
 5.00056E-01
 5.00056E-01
 5.00056E-01
 5.00056E-01
 5.00056E-01
 5.00056E-01
 5.00056E-01
 5.00056E-01
 5.00056E-01
 5.00056E-01
 5.00056E-01
 5.00057E-01
 5.00057E-01
 5.00057E-01
 5.00057E-01
 5.00057E-01
 5.00057E-01
 5.00057E-01
 5.00057E-01
 5.00057E-01
 5.00057E-01
 5.00057E-01
 5.00057E-01
 5.00057E-01
 5.00057E-01
 5.00057E-01
 5.00057E-01
 5.00057E-01
 5.00057E-01
 5.00057E-01
 5.00057E-01
 5.00057E-01
 5.00057E-01
 5.00057E-01
 5.00057E-01
 5.00057E-01
 5.00057E-01
 5.00058E-01
 5.00058E-01
 5.00058E-01
 5.00058E-01
 5.00058E-01
 5.00058E-01
 5.00058E-01
 5.00058E-01
 5.00058E-01
 5.00058E-01
 5.00058E-01
 5.00058E-01
 5.00058E-01
 5.00048E-01
 5.00048E-01
 5.00048E-01
 5.00048E-01
 5.00048E-01
 5.00048E-01
 5.00048E-01
 5.00048E-01
 5.00048E-01
 5.00049E-01
 5.00049E-01
 5.00049E-01
 5.00049E-01
 5.00049E-01
 5.00049E-01
 5.00049E-01
 5.00049E-01
 5.00049E-01
 5.00049E-01
 5.00049E-01
 5.00049E-01
 5.00050E-01
 5.00050E-01
 5.00050E-01
 5.00050E-01
 5.00050E-01
 5.00050E-01
 5.00050E-01
 5.00050E-01
 5.00051E-01
 5.00051E-01
 5.00051E-01
 5.00051E-01
 5.00051E-01
 5.00051E-01
 5.00051E-01
 5.00052E-01
 5.00052E-01
 5.00052E-01
 5.00052E-01
 5.00052E-01
 5.00052E-01
 5.00053E-01
 5.00053E-01
 5.00053E-01
 5.00053E-01
 5.00053E-01
 5.00053E-01
 5.00053E-01
 5.00053E-01
 5.00054E-01
 5.00054E-01
 5.00054E-01
 5.00054E-01
 5.00054E-01
 5.00054E-01
 5.00054E-01
 5.00054E-01
 5.00055E-01
 5.00055E-01
 5.00055E-01
 5.00055E-01
 5.00055E-01
 5.00055E-01
 5.00055E-01
 5.00055E-01
 5.00055E-01
 5.00055E-01
 5.00056E-01
 5.00056E-01
 5.00056E-01
 5.00056E-01
 5.00056E-01
 5.00056E-01
 5.00056E-01
 5.00056E-01
 5.00056E-01
 5.00056E-01
 5.00056E-01
 5.00056E-01
 5.00056E-01
 5.00056E-01
 5.00057E-01
 5.00057E-01
 5.00057E-01
 5.00057E-01
 5.00057E-01
 5.00057E-01
 5.00057E-01
 5.00057E-01
 5.00057E-01
 5.00057E-01
 5.00057E-01
 5.00057E-01
 5.00057E-01
 5.00057E-01
 5.00057E-01
 5.00057E-01
 5.00057E-01
 5.00057E-01
 5.00057E-01
 5.00057E-01
 5.00057E-01
 5.00057E-01
 5.00057E-01
 5.00057E-01
 5.00057E-01
 5.00057E-01
 5.00057E-01
 5.00057E-01
 5.00058E-01
 5.00058E-01
 5.00058E-01
 5.00058E-01
 5.00058E-01
 5.00058E-01
 5.00058E-01
 5.00058E-01
 5.00058E-01
 5.00058E-01
 5.00048E-01
 5.00048E-01
 5.00048E-01
 5.00048E-01
 5.00048E-01
 5.00048E-01
 5.00048E-01
 5.00048E-01
 5.00048E-01
 5.00048E-01
 5.00048E-01
 5.00048E-01
 5.00048E-01
 5.00048E-01
 5.00048E-01
 5.00049E-01
 5.00049E-01
 5.00049E-01
 5.00049E-01
 5.00049E-01
 5.00049E-01
 5.00049E-01
 5.00049E-01
 5.00049E-01
 5.00050E-01
 5.00050E-01
 5.00050E-01
 5.00050E-01
 5.00050E-01
 5.00050E-01
 5.00051E-01
 5.00051E-01
 5.00051E-01
 5.00051E-01
 5.00051E-01
 5.00051E-01
 5.00051E-01
 5.00052E-01
 5.00052E-01
 5.00052E-01
 5.00052E-01
 5.00052E-01
 5.00052E-01
 5.00052E-01
 5.00053E-01
 5.00053E-01
 5.00053E-01
 5.00053E-01
 5.00053E-01
 5.00053E-01
 5.00053E-01
 5.00054E-01
 5.00054E-01
 5.00054E-01
 5.00054E-01
 5.00054E-01
 5.00054E-01
 5.00054E-01
 5.00054E-01
 5.00055E-01
 5.00055E-01
 5.00055E-01
 5.00055E-01
 5.00055E-01
 5.00055E-01
 5.00055E-01
 5.00055E-01
 5.00055E-01
 5.00055E-01
 5.00055E-01
 5.00056E-01
 5.00056E-01
 5.00056E-01
 5.00056E-01
 5.00056E-01
 5.00056E-01
 5.00056E-01
 5.00056E-01
 5.00056E-01
 5.00056E-01
 5.00056E-01
 5.00056E-01
 5.00056E-01
 5.00057E-01
 5.00057E-01
 5.00057E-01
 5.00057E-01
 5.00057E-01
 5.00057E-01
 5.00057E-01
 5.00057E-01
 5.00057E-01
 5.00057E-01
 5.00057E-01
 5.00057E-01
 5.00057E-01
 5.00057E-01
 5.00057E-01
 5.00057E-01
 5.00057E-01
 5.00057E-01
 5.00057E-01
 5.00057E-01
 5.00057E-01
 5.00057E-01
 5.00057E-01
 5.00057E-01
 5.00057E-01
 5.00057E-01
 5.00057E-01
 5.00057E-01
 5.00057E-01
 5.00057E-01
 5.00058E-01
 5.00058E-01
 5.00058E-01
 5.00058E-01
 5.00058E-01
 5.00058E-01
 5.00058E-01
 5.00047E-01
 5.00047E-01
 5.00048E-01
 5.00048E-01
 5.00048E-01
 5.00048E-01
 5.00048E-01
 5.00048E-01
 5.00048E-01
 5.00048E-01
 5.00048E-01
 5.00048E-01
 5.00048E-01
 5.00048E-01
 5.00048E-01
 5.00048E-01
 5.00048E-01
 5.00048E-01
 5.00049E-01
 5.00049E-01
 5.00049E-01
 5.00049E-01
 5.00049E-01
 5.00049E-01
 5.00049E-01
 5.00049E-01
 5.00050E-01
 5.00050E-01
 5.00050E-01
 5.00050E-01
 5.00050E-01
 5.00050E-01
 5.00051E-01
 5.00051E-01
 5.00051E-01
 5.00051E-01
 5.00051E-01
 5.00051E-01
 5.00052E-01
 5.00052E-01
 5.00052E-01
 5.00052E-01
 5.00052E-01
 5.00052E-01
 5.00052E-01
 5.00053E-01
 5.00053E-01
 5.00053E-01
 5.00053E-01
 5.00053E-01
 5.00053E-01
 5.00053E-01
 5.00054E-01
 5.00054E-01
 5.00054E-01
 5.00054E-01
 5.00054E-01
 5.00054E-01
 5.00054E-01
 5.00054E-01
 5.00055E-01
 5.00055E-01
 5.00055E-01
 5.00055E-01
 5.00055E-01
 5.00055E-01
 5.00055E-01
 5.00055E-01
 5.00055E-01
 5.00055E-01
 5.00056E-01
 5.00056E-01
 5.00056E-01
 5.00056E-01
 5.00056E-01
 5.00056E-01
 5.00056E-01
 5.00056E-01
 5.00056E-01
 5.00056E-01
 5.00056E-01
 5.00056E-01
 5.00056E-01
 5.00056E-01
 5.00057E-01
 5.00057E-01
 5.00057E-01
 5.00057E-01
 5.00057E-01
 5.00057E-01
 5.00057E-01
 5.00057E-01
 5.00057E-01
 5.00057E-01
 5.00057E-01
 5.00057E-01
 5.00057E-01
 5.00057E-01
 5.00057E-01
 5.00057E-01
 5.00057E-01
 5.00057E-01
 5.00057E-01
 5.00057E-01
 5.00057E-01
 5.00057E-01
 5.00057E-01
 5.00057E-01
 5.00057E-01
 5.00057E-01
 5.00057E-01
 5.00057E-01
 5.00057E-01
 5.00057E-01
 5.00057E-01
 5.00057E-01
 5.00057E-01
 5.00057E-01
 5.00057E-01
 5.00057E-01
 5.00047E-01
 5.00047E-01
 5.00047E-01
 5.00047E-01
 5.00047E-01
 5.00047E-01
 5.00047E-01
 5.00047E-01
 5.00047E-01
 5.00047E-01
 5.00047E-01
 5.00048E-01
 5.00048E-01
 5.00048E-01
 5.00048E-01
 5.00048E-01
 5.00048E-01
 5.00048E-01
 5.00048E-01
 5.00048E-01
 5.00048E-01
 5.00049E-01
 5.00049E-01
 5.00049E-01
 5.00049E-01
 5.00049E-01
 5.00049E-01
 5.00050E-01
 5.00050E-01
 5.00050E-01
 5.00050E-01
 5.00050E-01
 5.00050E-01
 5.00051E-01
 5.00051E-01
 5.00051E-01
 5.00051E-01
 5.00051E-01
 5.00051E-01
 5.00051E-01
 5.00052E-01
 5.00052E-01
 5.00052E-01
 5.00052E-01
 5.00052E-01
 5.00052E-01
 5.00053E-01
 5.00053E-01
 5.00053E-01
 5.00053E-01
 5.00053E-01
 5.00053E-01
 5.00053E-01
 5.00054E-01
 5.00054E-01
 5.00054E-01
 5.00054E-01
 5.00054E-01
 5.00054E-01
 5.00054E-01
 5.00054E-01
 5.00055E-01
 5.00055E-01
 5.00055E-01
 5.00055E-01
 5.00055E-01
 5.00055E-01
 5.00055E-01
 5.00055E-01
 5.00055E-01
 5.00055E-01
 5.00056E-01
 5.00056E-01
 5.00056E-01
 5.00056E-01
 5.00056E-01
 5.00056E-01
 5.00056E-01
 5.00056E-01
 5.00056E-01
 5.00056E-01
 5.00056E-01
 5.00056E-01
 5.00056E-01
 5.00056E-01
 5.00057E-01
 5.00057E-01
 5.00057E-01
 5.00057E-01
 5.00057E-01
 5.00057E-01
 5.00057E-01
 5.00057E-01
 5.00057E-01
 5.00057E-01
 5.00057E-01
 5.00057E-01
 5.00057E-01
 5.00057E-01
 5.00057E-01
 5.00057E-01
 5.00057E-01
 5.00057E-01
 5.00057E-01
 5.00057E-01
 5.00057E-01
 5.00057E-01
 5.00057E-01
 5.00057E-01
 5.00057E-01
 5.00057E-01
 5.00057E-01
 5.00057E-01
 5.00057E-01
 5.00057E-01
 5.00057E-01
 5.00057E-01
 5.00057E-01
 5.00057E-01
 5.00057E-01
 5.00047E-01
 5.00047E-01
 5.00047E-01
 5.00047E-01
 5.00047E-01
 5.00047E-01
 5.00047E-01
 5.00047E-01
 5.00047E-01
 5.00047E-01
 5.00047E-01
 5.00047E-01
 5.00047E-01
 5.00047E-01
 5.00047E-01
 5.00048E-01
 5.00048E-01
 5.00048E-01
 5.00048E-01
 5.00048E-01
 5.00048E-01
 5.00048E-01
 5.00048E-01
 5.00049E-01
 5.00049E-01
 5.00049E-01
 5.00049E-01
 5.00049E-01
 5.00049E-01
 5.00050E-01
 5.00050E-01
 5.00050E-01
 5.00050E-01
 5.00050E-01
 5.00050E-01
 5.00051E-01
 5.00051E-01
 5.00051E-01
 5.00051E-01
 5.00051E-01
 5.00051E-01
 5.00052E-01
 5.00052E-01
 5.00052E-01
 5.00052E-01
 5.00052E-01
 5.00052E-01
 5.00053E-01
 5.00053E-01
 5.00053E-01
 5.00053E-01
 5.00053E-01
 5.00053E-01
 5.00053E-01
 5.00054E-01
 5.00054E-01
 5.00054E-01
 5.00054E-01
 5.00054E-01
 5.00054E-01
 5.00054E-01
 5.00054E-01
 5.00055E-01
 5.00055E-01
 5.00055E-01
 5.00055E-01
 5.00055E-01
 5.00055E-01
 5.00055E-01
 5.00055E-01
 5.00055E-01
 5.00055E-01
 5.00056E-01
 5.00056E-01
 5.00056E-01
 5.00056E-01
 5.00056E-01
 5.00056E-01
 5.00056E-01
 5.00056E-01
 5.00056E-01
 5.00056E-01
 5.00056E-01
 5.00056E-01
 5.00056E-01
 5.00056E-01
 5.00057E-01
 5.00057E-01
 5.00057E-01
 5.00057E-01
 5.00057E-01
 5.00057E-01
 5.00057E-01
 5.00057E-01
 5.00057E-01
 5.00057E-01
 5.00057E-01
 5.00057E-01
 5.00057E-01
 5.00057E-01
 5.00057E-01
 5.00057E-01
 5.00057E-01
 5.00057E-01
 5.00057E-01
 5.00057E-01
 5.00057E-01
 5.00057E-01
 5.00057E-01
 5.00057E-01
 5.00057E-01
 5.00057E-01
 5.00057E-01
 5.00057E-01
 5.00057E-01
 5.00057E-01
 5.00057E-01
 5.00057E-01
 5.00057E-01
 5.00057E-01
 5.00046E-01
 5.00046E-01
 5.00046E-01
 5.00046E-01
 5.00046E-01
 5.00046E-01
 5.00047E-01
 5.00047E-01
 5.00047E-01
 5.00047E-01
 5.00047E-01
 5.00047E-01
 5.00047E-01
 5.00047E-01
 5.00047E-01
 5.00047E-01
 5.00047E-01
 5.00047E-01
 5.00048E-01
 5.00048E-01
 5.00048E-01
 5.00048E-01
 5.00048E-01
 5.00048E-01
 5.00048E-01
 5.00049E-01
 5.00049E-01
 5.00049E-01
 5.00049E-01
 5.00049E-01
 5.00050E-01
 5.00050E-01
 5.00050E-01
 5.00050E-01
 5.00050E-01
 5.00050E-01
 5.00051E-01
 5.00051E-01
 5.00051E-01
 5.00051E-01
 5.00051E-01
 5.00051E-01
 5.00052E-01
 5.00052E-01
 5.00052E-01
 5.00052E-01
 5.00052E-01
 5.00052E-01
 5.00053E-01
 5.00053E-01
 5.00053E-01
 5.00053E-01
 5.00053E-01
 5.00053E-01
 5.00053E-01
 5.00054E-01
 5.00054E-01
 5.00054E-01
 5.00054E-01
 5.00054E-01
 5.00054E-01
 5.00054E-01
 5.00054E-01
 5.00055E-01
 5.00055E-01
 5.00055E-01
 5.00055E-01
 5.00055E-01
 5.00055E-01
 5.00055E-01
 5.00055E-01
 5.00055E-01
 5.00055E-01
 5.00056E-01
 5.00056E-01
 5.00056E-01
 5.00056E-01
 5.00056E-01
 5.00056E-01
 5.00056E-01
 5.00056E-01
 5.00056E-01
 5.00056E-01
 5.00056E-01
 5.00056E-01
 5.00056E-01
 5.00056E-01
 5.00057E-01
 5.00057E-01
 5.00057E-01
 5.00057E-01
 5.00057E-01
 5.00057E-01
 5.00057E-01
 5.00057E-01
 5.00057E-01
 5.00057E-01
 5.00057E-01
 5.00057E-01
 5.00057E-01
 5.00057E-01
 5.00057E-01
 5.00057E-01
 5.00057E-01
 5.00057E-01
 5.00057E-01
 5.00057E-01
 5.00057E-01
 5.00057E-01
 5.00057E-01
 5.00057E-01
 5.00057E-01
 5.00057E-01
 5.00057E-01
 5.00057E-01
 5.00057E-01
 5.00057E-01
 5.00057E-01
 5.00057E-01
 5.00057E-01
 5.00046E-01
 5.00046E-01
 5.00046E-01
 5.00046E-01
 5.00046E-01
 5.00046E-01
 5.00046E-01
 5.00046E-01
 5.00046E-01
 5.00046E-01
 5.00046E-01
 5.00046E-01
 5.00047E-01
 5.00047E-01
 5.00047E-01
 5.00047E-01
 5.00047E-01
 5.00047E-01
 5.00047E-01
 5.00047E-01
 5.00048E-01
 5.00048E-01
 5.00048E-01
 5.00048E-01
 5.00048E-01
 5.00048E-01
 5.00049E-01
 5.00049E-01
 5.00049E-01
 5.00049E-01
 5.00049E-01
 5.00050E-01
 5.00050E-01
 5.00050E-01
 5.00050E-01
 5.00050E-01
 5.00050E-01
 5.00051E-01
 5.00051E-01
 5.00051E-01
 5.00051E-01
 5.00051E-01
 5.00051E-01
 5.00052E-01
 5.00052E-01
 5.00052E-01
 5.00052E-01
 5.00052E-01
 5.00052E-01
 5.00053E-01
 5.00053E-01
 5.00053E-01
 5.00053E-01
 5.00053E-01
 5.00053E-01
 5.00053E-01
 5.00054E-01
 5.00054E-01
 5.00054E-01
 5.00054E-01
 5.00054E-01
 5.00054E-01
 5.00054E-01
 5.00054E-01
 5.00055E-01
 5.00055E-01
 5.00055E-01
 5.00055E-01
 5.00055E-01
 5.00055E-01
 5.00055E-01
 5.00055E-01
 5.00055E-01
 5.00055E-01
 5.00056E-01
 5.00056E-01
 5.00056E-01
 5.00056E-01
 5.00056E-01
 5.00056E-01
 5.00056E-01
 5.00056E-01
 5.00056E-01
 5.00056E-01
 5.00056E-01
 5.00056E-01
 5.00056E-01
 5.00056E-01
 5.00057E-01
 5.00057E-01
 5.00057E-01
 5.00057E-01
 5.00057E-01
 5.00057E-01
 5.00057E-01
 5.00057E-01
 5.00057E-01
 5.00057E-01
 5.00057E-01
 5.00057E-01
 5.00057E-01
 5.00057E-01
 5.00057E-01
 5.00057E-01
 5.00057E-01
 5.00057E-01
 5.00057E-01
 5.00057E-01
 5.00057E-01
 5.00057E-01
 5.00057E-01
 5.00057E-01
 5.00057E-01
 5.00057E-01
 5.00057E-01
 5.00057E-01
 5.00057E-01
 5.00057E-01
 5.00057E-01
 5.00057E-01
 5.00046E-01
 5.00046E-01
 5.00046E-01
 5.00046E-01
 5.00046E-01
 5.00046E-01
 5.00046E-01
 5.00046E-01
 5.00046E-01
 5.00046E-01
 5.00046E-01
 5.00046E-01
 5.00046E-01
 5.00046E-01
 5.00046E-01
 5.00047E-01
 5.00047E-01
 5.00047E-01
 5.00047E-01
 5.00047E-01
 5.00047E-01
 5.00047E-01
 5.00048E-01
 5.00048E-01
 5.00048E-01
 5.00048E-01
 5.00048E-01
 5.00049E-01
 5.00049E-01
 5.00049E-01
 5.00049E-01
 5.00049E-01
 5.00049E-01
 5.00050E-01
 5.00050E-01
 5.00050E-01
 5.00050E-01
 5.00050E-01
 5.00051E-01
 5.00051E-01
 5.00051E-01
 5.00051E-01
 5.00051E-01
 5.00052E-01
 5.00052E-01
 5.00052E-01
 5.00052E-01
 5.00052E-01
 5.00052E-01
 5.00053E-01
 5.00053E-01
 5.00053E-01
 5.00053E-01
 5.00053E-01
 5.00053E-01
 5.00053E-01
 5.00054E-01
 5.00054E-01
 5.00054E-01
 5.00054E-01
 5.00054E-01
 5.00054E-01
 5.00054E-01
 5.00054E-01
 5.00055E-01
 5.00055E-01
 5.00055E-01
 5.00055E-01
 5.00055E-01
 5.00055E-01
 5.00055E-01
 5.00055E-01
 5.00055E-01
 5.00055E-01
 5.00055E-01
 5.00056E-01
 5.00056E-01
 5.00056E-01
 5.00056E-01
 5.00056E-01
 5.00056E-01
 5.00056E-01
 5.00056E-01
 5.00056E-01
 5.00056E-01
 5.00056E-01
 5.00056E-01
 5.00056E-01
 5.00056E-01
 5.00057E-01
 5.00057E-01
 5.00057E-01
 5.00057E-01
 5.00057E-01
 5.00057E-01
 5.00057E-01
 5.00057E-01
 5.00057E-01
 5.00057E-01
 5.00057E-01
 5.00057E-01
 5.00057E-01
 5.00057E-01
 5.00057E-01
 5.00057E-01
 5.00057E-01
 5.00057E-01
 5.00057E-01
 5.00057E-01
 5.00057E-01
 5.00057E-01
 5.00057E-01
 5.00057E-01
 5.00057E-01
 5.00057E-01
 5.00057E-01
 5.00057E-01
 5.00057E-01
 5.00057E-01
 5.00057E-01
 5.00045E-01
 5.00045E-01
 5.00045E-01
 5.00045E-01
 5.00045E-01
 5.00045E-01
 5.00045E-01
 5.00046E-01
 5.00046E-01
 5.00046E-01
 5.00046E-01
 5.00046E-01
 5.00046E-01
 5.00046E-01
 5.00046E-01
 5.00046E-01
 5.00046E-01
 5.00047E-01
 5.00047E-01
 5.00047E-01
 5.00047E-01
 5.00047E-01
 5.00047E-01
 5.00048E-01
 5.00048E-01
 5.00048E-01
 5.00048E-01
 5.00048E-01
 5.00048E-01
 5.00049E-01
 5.00049E-01
 5.00049E-01
 5.00049E-01
 5.00049E-01
 5.00050E-01
 5.00050E-01
 5.00050E-01
 5.00050E-01
 5.00050E-01
 5.00051E-01
 5.00051E-01
 5.00051E-01
 5.00051E-01
 5.00051E-01
 5.00052E-01
 5.00052E-01
 5.00052E-01
 5.00052E-01
 5.00052E-01
 5.00052E-01
 5.00053E-01
 5.00053E-01
 5.00053E-01
 5.00053E-01
 5.00053E-01
 5.00053E-01
 5.00053E-01
 5.00054E-01
 5.00054E-01
 5.00054E-01
 5.00054E-01
 5.00054E-01
 5.00054E-01
 5.00054E-01
 5.00054E-01
 5.00055E-01
 5.00055E-01
 5.00055E-01
 5.00055E-01
 5.00055E-01
 5.00055E-01
 5.00055E-01
 5.00055E-01
 5.00055E-01
 5.00055E-01
 5.00056E-01
 5.00056E-01
 5.00056E-01
 5.00056E-01
 5.00056E-01
 5.00056E-01
 5.00056E-01
 5.00056E-01
 5.00056E-01
 5.00056E-01
 5.00056E-01
 5.00056E-01
 5.00056E-01
 5.00056E-01
 5.00056E-01
 5.00057E-01
 5.00057E-01
 5.00057E-01
 5.00057E-01
 5.00057E-01
 5.00057E-01
 5.00057E-01
 5.00057E-01
 5.00057E-01
 5.00057E-01
 5.00057E-01
 5.00057E-01
 5.00057E-01
 5.00057E-01
 5.00057E-01
 5.00057E-01
 5.00057E-01
 5.00057E-01
 5.00057E-01
 5.00057E-01
 5.00057E-01
 5.00057E-01
 5.00057E-01
 5.00057E-01
 5.00057E-01
 5.00057E-01
 5.00057E-01
 5.00057E-01
 5.00057E-01
 5.00057E-01
 5.00045E-01
 5.00045E-01
 5.00045E-01
 5.00045E-01
 5.00045E-01
 5.00045E-01
 5.00045E-01
 5.00045E-01
 5.00045E-01
 5.00045E-01
 5.00045E-01
 5.00045E-01
 5.00046E-01
 5.00046E-01
 5.00046E-01
 5.00046E-01
 5.00046E-01
 5.00046E-01
 5.00046E-01
 5.00047E-01
 5.00047E-01
 5.00047E-01
 5.00047E-01
 5.00047E-01
 5.00047E-01
 5.00048E-01
 5.00048E-01
 5.00048E-01
 5.00048E-01
 5.00048E-01
 5.00049E-01
 5.00049E-01
 5.00049E-01
 5.00049E-01
 5.00050E-01
 5.00050E-01
 5.00050E-01
 5.00050E-01
 5.00050E-01
 5.00051E-01
 5.00051E-01
 5.00051E-01
 5.00051E-01
 5.00051E-01
 5.00051E-01
 5.00052E-01
 5.00052E-01
 5.00052E-01
 5.00052E-01
 5.00052E-01
 5.00052E-01
 5.00053E-01
 5.00053E-01
 5.00053E-01
 5.00053E-01
 5.00053E-01
 5.00053E-01
 5.00053E-01
 5.00054E-01
 5.00054E-01
 5.00054E-01
 5.00054E-01
 5.00054E-01
 5.00054E-01
 5.00054E-01
 5.00054E-01
 5.00055E-01
 5.00055E-01
 5.00055E-01
 5.00055E-01
 5.00055E-01
 5.00055E-01
 5.00055E-01
 5.00055E-01
 5.00055E-01
 5.00055E-01
 5.00056E-01
 5.00056E-01
 5.00056E-01
 5.00056E-01
 5.00056E-01
 5.00056E-01
 5.00056E-01
 5.00056E-01
 5.00056E-01
 5.00056E-01
 5.00056E-01
 5.00056E-01
 5.00056E-01
 5.00056E-01
 5.00057E-01
 5.00057E-01
 5.00057E-01
 5.00057E-01
 5.00057E-01
 5.00057E-01
 5.00057E-01
 5.00057E-01
 5.00057E-01
 5.00057E-01
 5.00057E-01
 5.00057E-01
 5.00057E-01
 5.00057E-01
 5.00057E-01
 5.00057E-01
 5.00057E-01
 5.00057E-01
 5.00057E-01
 5.00057E-01
 5.00057E-01
 5.00057E-01
 5.00057E-01
 5.00057E-01
 5.00057E-01
 5.00057E-01
 5.00057E-01
 5.00057E-01
 5.00057E-01
 5.00057E-01
 5.00045E-01
 5.00045E-01
 5.00045E-01
 5.00045E-01
 5.00045E-01
 5.00045E-01
 5.00045E-01
 5.00045E-01
 5.00045E-01
 5.00045E-01
 5.00045E-01
 5.00045E-01
 5.00045E-01
 5.00045E-01
 5.00045E-01
 5.00046E-01
 5.00046E-01
 5.00046E-01
 5.00046E-01
 5.00046E-01
 5.00046E-01
 5.00047E-01
 5.00047E-01
 5.00047E-01
 5.00047E-01
 5.00047E-01
 5.00048E-01
 5.00048E-01
 5.00048E-01
 5.00048E-01
 5.00049E-01
 5.00049E-01
 5.00049E-01
 5.00049E-01
 5.00049E-01
 5.00050E-01
 5.00050E-01
 5.00050E-01
 5.00050E-01
 5.00050E-01
 5.00051E-01
 5.00051E-01
 5.00051E-01
 5.00051E-01
 5.00051E-01
 5.00051E-01
 5.00052E-01
 5.00052E-01
 5.00052E-01
 5.00052E-01
 5.00052E-01
 5.00053E-01
 5.00053E-01
 5.00053E-01
 5.00053E-01
 5.00053E-01
 5.00053E-01
 5.00053E-01
 5.00054E-01
 5.00054E-01
 5.00054E-01
 5.00054E-01
 5.00054E-01
 5.00054E-01
 5.00054E-01
 5.00054E-01
 5.00055E-01
 5.00055E-01
 5.00055E-01
 5.00055E-01
 5.00055E-01
 5.00055E-01
 5.00055E-01
 5.00055E-01
 5.00055E-01
 5.00055E-01
 5.00056E-01
 5.00056E-01
 5.00056E-01
 5.00056E-01
 5.00056E-01
 5.00056E-01
 5.00056E-01
 5.00056E-01
 5.00056E-01
 5.00056E-01
 5.00056E-01
 5.00056E-01
 5.00056E-01
 5.00056E-01
 5.00056E-01
 5.00057E-01
 5.00057E-01
 5.00057E-01
 5.00057E-01
 5.00057E-01
 5.00057E-01
 5.00057E-01
 5.00057E-01
 5.00057E-01
 5.00057E-01
 5.00057E-01
 5.00057E-01
 5.00057E-01
 5.00057E-01
 5.00057E-01
 5.00057E-01
 5.00057E-01
 5.00057E-01
 5.00057E-01
 5.00057E-01
 5.00057E-01
 5.00057E-01
 5.00057E-01
 5.00057E-01
 5.00057E-01
 5.00057E-01
 5.00057E-01
 5.00057E-01
 5.00057E-01
 5.00044E-01
 5.00044E-01
 5.00044E-01
 5.00044E-01
 5.00045E-01
 5.00045E-01
 5.00045E-01
 5.00045E-01
 5.00045E-01
 5.00045E-01
 5.00045E-01
 5.00045E-01
 5.00045E-01
 5.00045E-01
 5.00045E-01
 5.00045E-01
 5.00045E-01
 5.00046E-01
 5.00046E-01
 5.00046E-01
 5.00046E-01
 5.00046E-01
 5.00047E-01
 5.00047E-01
 5.00047E-01
 5.00047E-01
 5.00047E-01
 5.00048E-01
 5.00048E-01
 5.00048E-01
 5.00048E-01
 5.00049E-01
 5.00049E-01
 5.00049E-01
 5.00049E-01
 5.00049E-01
 5.00050E-01
 5.00050E-01
 5.00050E-01
 5.00050E-01
 5.00050E-01
 5.00051E-01
 5.00051E-01
 5.00051E-01
 5.00051E-01
 5.00051E-01
 5.00052E-01
 5.00052E-01
 5.00052E-01
 5.00052E-01
 5.00052E-01
 5.00052E-01
 5.00053E-01
 5.00053E-01
 5.00053E-01
 5.00053E-01
 5.00053E-01
 5.00053E-01
 5.00053E-01
 5.00054E-01
 5.00054E-01
 5.00054E-01
 5.00054E-01
 5.00054E-01
 5.00054E-01
 5.00054E-01
 5.00054E-01
 5.00055E-01
 5.00055E-01
 5.00055E-01
 5.00055E-01
 5.00055E-01
 5.00055E-01
 5.00055E-01
 5.00055E-01
 5.00055E-01
 5.00055E-01
 5.00056E-01
 5.00056E-01
 5.00056E-01
 5.00056E-01
 5.00056E-01
 5.00056E-01
 5.00056E-01
 5.00056E-01
 5.00056E-01
 5.00056E-01
 5.00056E-01
 5.00056E-01
 5.00056E-01
 5.00056E-01
 5.00056E-01
 5.00057E-01
 5.00057E-01
 5.00057E-01
 5.00057E-01
 5.00057E-01
 5.00057E-01
 5.00057E-01
 5.00057E-01
 5.00057E-01
 5.00057E-01
 5.00057E-01
 5.00057E-01
 5.00057E-01
 5.00057E-01
 5.00057E-01
 5.00057E-01
 5.00057E-01
 5.00057E-01
 5.00057E-01
 5.00057E-01
 5.00057E-01
 5.00057E-01
 5.00057E-01
 5.00057E-01
 5.00057E-01
 5.00057E-01
 5.00057E-01
 5.00057E-01
 5.00044E-01
 5.00044E-01
 5.00044E-01
 5.00044E-01
 5.00044E-01
 5.00044E-01
 5.00044E-01
 5.00044E-01
 5.00044E-01
 5.00044E-01
 5.00044E-01
 5.00045E-01
 5.00045E-01
 5.00045E-01
 5.00045E-01
 5.00045E-01
 5.00045E-01
 5.00045E-01
 5.00046E-01
 5.00046E-01
 5.00046E-01
 5.00046E-01
 5.00046E-01
 5.00047E-01
 5.00047E-01
 5.00047E-01
 5.00047E-01
 5.00047E-01
 5.00048E-01
 5.00048E-01
 5.00048E-01
 5.00048E-01
 5.00049E-01
 5.00049E-01
 5.00049E-01
 5.00049E-01
 5.00049E-01
 5.00050E-01
 5.00050E-01
 5.00050E-01
 5.00050E-01
 5.00051E-01
 5.00051E-01
 5.00051E-01
 5.00051E-01
 5.00051E-01
 5.00051E-01
 5.00052E-01
 5.00052E-01
 5.00052E-01
 5.00052E-01
 5.00052E-01
 5.00052E-01
 5.00053E-01
 5.00053E-01
 5.00053E-01
 5.00053E-01
 5.00053E-01
 5.00053E-01
 5.00054E-01
 5.00054E-01
 5.00054E-01
 5.00054E-01
 5.00054E-01
 5.00054E-01
 5.00054E-01
 5.00054E-01
 5.00055E-01
 5.00055E-01
 5.00055E-01
 5.00055E-01
 5.00055E-01
 5.00055E-01
 5.00055E-01
 5.00055E-01
 5.00055E-01
 5.00055E-01
 5.00056E-01
 5.00056E-01
 5.00056E-01
 5.00056E-01
 5.00056E-01
 5.00056E-01
 5.00056E-01
 5.00056E-01
 5.00056E-01
 5.00056E-01
 5.00056E-01
 5.00056E-01
 5.00056E-01
 5.00056E-01
 5.00056E-01
 5.00057E-01
 5.00057E-01
 5.00057E-01
 5.00057E-01
 5.00057E-01
 5.00057E-01
 5.00057E-01
 5.00057E-01
 5.00057E-01
 5.00057E-01
 5.00057E-01
 5.00057E-01
 5.00057E-01
 5.00057E-01
 5.00057E-01
 5.00057E-01
 5.00057E-01
 5.00057E-01
 5.00057E-01
 5.00057E-01
 5.00057E-01
 5.00057E-01
 5.00057E-01
 5.00057E-01
 5.00057E-01
 5.00057E-01
 5.00057E-01
 5.00057E-01
 5.00044E-01
 5.00044E-01
 5.00044E-01
 5.00044E-01
 5.00044E-01
 5.00044E-01
 5.00044E-01
 5.00044E-01
 5.00044E-01
 5.00044E-01
 5.00044E-01
 5.00044E-01
 5.00044E-01
 5.00044E-01
 5.00045E-01
 5.00045E-01
 5.00045E-01
 5.00045E-01
 5.00045E-01
 5.00046E-01
 5.00046E-01
 5.00046E-01
 5.00046E-01
 5.00046E-01
 5.00047E-01
 5.00047E-01
 5.00047E-01
 5.00047E-01
 5.00048E-01
 5.00048E-01
 5.00048E-01
 5.00048E-01
 5.00048E-01
 5.00049E-01
 5.00049E-01
 5.00049E-01
 5.00049E-01
 5.00050E-01
 5.00050E-01
 5.00050E-01
 5.00050E-01
 5.00050E-01
 5.00051E-01
 5.00051E-01
 5.00051E-01
 5.00051E-01
 5.00051E-01
 5.00052E-01
 5.00052E-01
 5.00052E-01
 5.00052E-01
 5.00052E-01
 5.00052E-01
 5.00053E-01
 5.00053E-01
 5.00053E-01
 5.00053E-01
 5.00053E-01
 5.00053E-01
 5.00053E-01
 5.00054E-01
 5.00054E-01
 5.00054E-01
 5.00054E-01
 5.00054E-01
 5.00054E-01
 5.00054E-01
 5.00054E-01
 5.00055E-01
 5.00055E-01
 5.00055E-01
 5.00055E-01
 5.00055E-01
 5.00055E-01
 5.00055E-01
 5.00055E-01
 5.00055E-01
 5.00055E-01
 5.00056E-01
 5.00056E-01
 5.00056E-01
 5.00056E-01
 5.00056E-01
 5.00056E-01
 5.00056E-01
 5.00056E-01
 5.00056E-01
 5.00056E-01
 5.00056E-01
 5.00056E-01
 5.00056E-01
 5.00056E-01
 5.00056E-01
 5.00057E-01
 5.00057E-01
 5.00057E-01
 5.00057E-01
 5.00057E-01
 5.00057E-01
 5.00057E-01
 5.00057E-01
 5.00057E-01
 5.00057E-01
 5.00057E-01
 5.00057E-01
 5.00057E-01
 5.00057E-01
 5.00057E-01
 5.00057E-01
 5.00057E-01
 5.00057E-01
 5.00057E-01
 5.00057E-01
 5.00057E-01
 5.00057E-01
 5.00057E-01
 5.00057E-01
 5.00057E-01
 5.00057E-01
 5.00057E-01
 5.00044E-01
 5.00044E-01
 5.00044E-01
 5.00044E-01
 5.00044E-01
 5.00044E-01
 5.00044E-01
 5.00044E-01
 5.00044E-01
 5.00044E-01
 5.00044E-01
 5.00044E-01
 5.00044E-01
 5.00044E-01
 5.00044E-01
 5.00045E-01
 5.00045E-01
 5.00045E-01
 5.00045E-01
 5.00045E-01
 5.00045E-01
 5.00046E-01
 5.00046E-01
 5.00046E-01
 5.00046E-01
 5.00047E-01
 5.00047E-01
 5.00047E-01
 5.00047E-01
 5.00048E-01
 5.00048E-01
 5.00048E-01
 5.00048E-01
 5.00049E-01
 5.00049E-01
 5.00049E-01
 5.00049E-01
 5.00049E-01
 5.00050E-01
 5.00050E-01
 5.00050E-01
 5.00050E-01
 5.00051E-01
 5.00051E-01
 5.00051E-01
 5.00051E-01
 5.00051E-01
 5.00051E-01
 5.00052E-01
 5.00052E-01
 5.00052E-01
 5.00052E-01
 5.00052E-01
 5.00053E-01
 5.00053E-01
 5.00053E-01
 5.00053E-01
 5.00053E-01
 5.00053E-01
 5.00053E-01
 5.00054E-01
 5.00054E-01
 5.00054E-01
 5.00054E-01
 5.00054E-01
 5.00054E-01
 5.00054E-01
 5.00054E-01
 5.00055E-01
 5.00055E-01
 5.00055E-01
 5.00055E-01
 5.00055E-01
 5.00055E-01
 5.00055E-01
 5.00055E-01
 5.00055E-01
 5.00055E-01
 5.00056E-01
 5.00056E-01
 5.00056E-01
 5.00056E-01
 5.00056E-01
 5.00056E-01
 5.00056E-01
 5.00056E-01
 5.00056E-01
 5.00056E-01
 5.00056E-01
 5.00056E-01
 5.00056E-01
 5.00056E-01
 5.00056E-01
 5.00056E-01
 5.00057E-01
 5.00057E-01
 5.00057E-01
 5.00057E-01
 5.00057E-01
 5.00057E-01
 5.00057E-01
 5.00057E-01
 5.00057E-01
 5.00057E-01
 5.00057E-01
 5.00057E-01
 5.00057E-01
 5.00057E-01
 5.00057E-01
 5.00057E-01
 5.00057E-01
 5.00057E-01
 5.00057E-01
 5.00057E-01
 5.00057E-01
 5.00057E-01
 5.00057E-01
 5.00057E-01
 5.00057E-01
 5.00057E-01
 5.00044E-01
 5.00044E-01
 5.00044E-01
 5.00044E-01
 5.00044E-01
 5.00043E-01
 5.00043E-01
 5.00043E-01
 5.00044E-01
 5.00044E-01
 5.00044E-01
 5.00044E-01
 5.00044E-01
 5.00044E-01
 5.00044E-01
 5.00044E-01
 5.00044E-01
 5.00045E-01
 5.00045E-01
 5.00045E-01
 5.00045E-01
 5.00046E-01
 5.00046E-01
 5.00046E-01
 5.00046E-01
 5.00046E-01
 5.00047E-01
 5.00047E-01
 5.00047E-01
 5.00047E-01
 5.00048E-01
 5.00048E-01
 5.00048E-01
 5.00048E-01
 5.00049E-01
 5.00049E-01
 5.00049E-01
 5.00049E-01
 5.00050E-01
 5.00050E-01
 5.00050E-01
 5.00050E-01
 5.00050E-01
 5.00051E-01
 5.00051E-01
 5.00051E-01
 5.00051E-01
 5.00051E-01
 5.00052E-01
 5.00052E-01
 5.00052E-01
 5.00052E-01
 5.00052E-01
 5.00052E-01
 5.00053E-01
 5.00053E-01
 5.00053E-01
 5.00053E-01
 5.00053E-01
 5.00053E-01
 5.00054E-01
 5.00054E-01
 5.00054E-01
 5.00054E-01
 5.00054E-01
 5.00054E-01
 5.00054E-01
 5.00054E-01
 5.00055E-01
 5.00055E-01
 5.00055E-01
 5.00055E-01
 5.00055E-01
 5.00055E-01
 5.00055E-01
 5.00055E-01
 5.00055E-01
 5.00055E-01
 5.00055E-01
 5.00056E-01
 5.00056E-01
 5.00056E-01
 5.00056E-01
 5.00056E-01
 5.00056E-01
 5.00056E-01
 5.00056E-01
 5.00056E-01
 5.00056E-01
 5.00056E-01
 5.00056E-01
 5.00056E-01
 5.00056E-01
 5.00056E-01
 5.00057E-01
 5.00057E-01
 5.00057E-01
 5.00057E-01
 5.00057E-01
 5.00057E-01
 5.00057E-01
 5.00057E-01
 5.00057E-01
 5.00057E-01
 5.00057E-01
 5.00057E-01
 5.00057E-01
 5.00057E-01
 5.00057E-01
 5.00057E-01
 5.00057E-01
 5.00057E-01
 5.00057E-01
 5.00057E-01
 5.00057E-01
 5.00057E-01
 5.00057E-01
 5.00057E-01
 5.00057E-01
 5.00057E-01
 5.00043E-01
 5.00043E-01
 5.00043E-01
 5.00043E-01
 5.00043E-01
 5.00043E-01
 5.00043E-01
 5.00043E-01
 5.00043E-01
 5.00043E-01
 5.00043E-01
 5.00043E-01
 5.00044E-01
 5.00044E-01
 5.00044E-01
 5.00044E-01
 5.00044E-01
 5.00044E-01
 5.00045E-01
 5.00045E-01
 5.00045E-01
 5.00045E-01
 5.00046E-01
 5.00046E-01
 5.00046E-01
 5.00046E-01
 5.00047E-01
 5.00047E-01
 5.00047E-01
 5.00047E-01
 5.00048E-01
 5.00048E-01
 5.00048E-01
 5.00048E-01
 5.00049E-01
 5.00049E-01
 5.00049E-01
 5.00049E-01
 5.00049E-01
 5.00050E-01
 5.00050E-01
 5.00050E-01
 5.00050E-01
 5.00051E-01
 5.00051E-01
 5.00051E-01
 5.00051E-01
 5.00051E-01
 5.00052E-01
 5.00052E-01
 5.00052E-01
 5.00052E-01
 5.00052E-01
 5.00052E-01
 5.00053E-01
 5.00053E-01
 5.00053E-01
 5.00053E-01
 5.00053E-01
 5.00053E-01
 5.00053E-01
 5.00054E-01
 5.00054E-01
 5.00054E-01
 5.00054E-01
 5.00054E-01
 5.00054E-01
 5.00054E-01
 5.00054E-01
 5.00055E-01
 5.00055E-01
 5.00055E-01
 5.00055E-01
 5.00055E-01
 5.00055E-01
 5.00055E-01
 5.00055E-01
 5.00055E-01
 5.00055E-01
 5.00056E-01
 5.00056E-01
 5.00056E-01
 5.00056E-01
 5.00056E-01
 5.00056E-01
 5.00056E-01
 5.00056E-01
 5.00056E-01
 5.00056E-01
 5.00056E-01
 5.00056E-01
 5.00056E-01
 5.00056E-01
 5.00056E-01
 5.00057E-01
 5.00057E-01
 5.00057E-01
 5.00057E-01
 5.00057E-01
 5.00057E-01
 5.00057E-01
 5.00057E-01
 5.00057E-01
 5.00057E-01
 5.00057E-01
 5.00057E-01
 5.00057E-01
 5.00057E-01
 5.00057E-01
 5.00057E-01
 5.00057E-01
 5.00057E-01
 5.00057E-01
 5.00057E-01
 5.00057E-01
 5.00057E-01
 5.00057E-01
 5.00057E-01
 5.00057E-01
 5.00057E-01
 5.00043E-01
 5.00043E-01
 5.00043E-01
 5.00043E-01
 5.00043E-01
 5.00043E-01
 5.00043E-01
 5.00043E-01
 5.00043E-01
 5.00043E-01
 5.00043E-01
 5.00043E-01
 5.00043E-01
 5.00043E-01
 5.00044E-01
 5.00044E-01
 5.00044E-01
 5.00044E-01
 5.00044E-01
 5.00045E-01
 5.00045E-01
 5.00045E-01
 5.00045E-01
 5.00046E-01
 5.00046E-01
 5.00046E-01
 5.00046E-01
 5.00047E-01
 5.00047E-01
 5.00047E-01
 5.00047E-01
 5.00048E-01
 5.00048E-01
 5.00048E-01
 5.00048E-01
 5.00049E-01
 5.00049E-01
 5.00049E-01
 5.00049E-01
 5.00050E-01
 5.00050E-01
 5.00050E-01
 5.00050E-01
 5.00050E-01
 5.00051E-01
 5.00051E-01
 5.00051E-01
 5.00051E-01
 5.00051E-01
 5.00052E-01
 5.00052E-01
 5.00052E-01
 5.00052E-01
 5.00052E-01
 5.00053E-01
 5.00053E-01
 5.00053E-01
 5.00053E-01
 5.00053E-01
 5.00053E-01
 5.00053E-01
 5.00054E-01
 5.00054E-01
 5.00054E-01
 5.00054E-01
 5.00054E-01
 5.00054E-01
 5.00054E-01
 5.00054E-01
 5.00055E-01
 5.00055E-01
 5.00055E-01
 5.00055E-01
 5.00055E-01
 5.00055E-01
 5.00055E-01
 5.00055E-01
 5.00055E-01
 5.00055E-01
 5.00056E-01
 5.00056E-01
 5.00056E-01
 5.00056E-01
 5.00056E-01
 5.00056E-01
 5.00056E-01
 5.00056E-01
 5.00056E-01
 5.00056E-01
 5.00056E-01
 5.00056E-01
 5.00056E-01
 5.00056E-01
 5.00056E-01
 5.00056E-01
 5.00057E-01
 5.00057E-01
 5.00057E-01
 5.00057E-01
 5.00057E-01
 5.00057E-01
 5.00057E-01
 5.00057E-01
 5.00057E-01
 5.00057E-01
 5.00057E-01
 5.00057E-01
 5.00057E-01
 5.00057E-01
 5.00057E-01
 5.00057E-01
 5.00057E-01
 5.00057E-01
 5.00057E-01
 5.00057E-01
 5.00057E-01
 5.00057E-01
 5.00057E-01
 5.00057E-01
 5.00057E-01
 5.00043E-01
 5.00043E-01
 5.00043E-01
 5.00043E-01
 5.00043E-01
 5.00043E-01
 5.00043E-01
 5.00043E-01
 5.00043E-01
 5.00043E-01
 5.00043E-01
 5.00043E-01
 5.00043E-01
 5.00043E-01
 5.00043E-01
 5.00044E-01
 5.00044E-01
 5.00044E-01
 5.00044E-01
 5.00045E-01
 5.00045E-01
 5.00045E-01
 5.00045E-01
 5.00046E-01
 5.00046E-01
 5.00046E-01
 5.00046E-01
 5.00047E-01
 5.00047E-01
 5.00047E-01
 5.00047E-01
 5.00048E-01
 5.00048E-01
 5.00048E-01
 5.00048E-01
 5.00049E-01
 5.00049E-01
 5.00049E-01
 5.00049E-01
 5.00050E-01
 5.00050E-01
 5.00050E-01
 5.00050E-01
 5.00050E-01
 5.00051E-01
 5.00051E-01
 5.00051E-01
 5.00051E-01
 5.00051E-01
 5.00052E-01
 5.00052E-01
 5.00052E-01
 5.00052E-01
 5.00052E-01
 5.00052E-01
 5.00053E-01
 5.00053E-01
 5.00053E-01
 5.00053E-01
 5.00053E-01
 5.00053E-01
 5.00054E-01
 5.00054E-01
 5.00054E-01
 5.00054E-01
 5.00054E-01
 5.00054E-01
 5.00054E-01
 5.00054E-01
 5.00055E-01
 5.00055E-01
 5.00055E-01
 5.00055E-01
 5.00055E-01
 5.00055E-01
 5.00055E-01
 5.00055E-01
 5.00055E-01
 5.00055E-01
 5.00055E-01
 5.00056E-01
 5.00056E-01
 5.00056E-01
 5.00056E-01
 5.00056E-01
 5.00056E-01
 5.00056E-01
 5.00056E-01
 5.00056E-01
 5.00056E-01
 5.00056E-01
 5.00056E-01
 5.00056E-01
 5.00056E-01
 5.00056E-01
 5.00057E-01
 5.00057E-01
 5.00057E-01
 5.00057E-01
 5.00057E-01
 5.00057E-01
 5.00057E-01
 5.00057E-01
 5.00057E-01
 5.00057E-01
 5.00057E-01
 5.00057E-01
 5.00057E-01
 5.00057E-01
 5.00057E-01
 5.00057E-01
 5.00057E-01
 5.00057E-01
 5.00057E-01
 5.00057E-01
 5.00057E-01
 5.00057E-01
 5.00057E-01
 5.00057E-01
 5.00057E-01
 5.00043E-01
 5.00043E-01
 5.00043E-01
 5.00043E-01
 5.00043E-01
 5.00043E-01
 5.00043E-01
 5.00043E-01
 5.00043E-01
 5.00043E-01
 5.00043E-01
 5.00043E-01
 5.00043E-01
 5.00043E-01
 5.00043E-01
 5.00043E-01
 5.00044E-01
 5.00044E-01
 5.00044E-01
 5.00044E-01
 5.00045E-01
 5.00045E-01
 5.00045E-01
 5.00045E-01
 5.00046E-01
 5.00046E-01
 5.00046E-01
 5.00046E-01
 5.00047E-01
 5.00047E-01
 5.00047E-01
 5.00048E-01
 5.00048E-01
 5.00048E-01
 5.00048E-01
 5.00049E-01
 5.00049E-01
 5.00049E-01
 5.00049E-01
 5.00050E-01
 5.00050E-01
 5.00050E-01
 5.00050E-01
 5.00050E-01
 5.00051E-01
 5.00051E-01
 5.00051E-01
 5.00051E-01
 5.00051E-01
 5.00052E-01
 5.00052E-01
 5.00052E-01
 5.00052E-01
 5.00052E-01
 5.00052E-01
 5.00053E-01
 5.00053E-01
 5.00053E-01
 5.00053E-01
 5.00053E-01
 5.00053E-01
 5.00054E-01
 5.00054E-01
 5.00054E-01
 5.00054E-01
 5.00054E-01
 5.00054E-01
 5.00054E-01
 5.00054E-01
 5.00055E-01
 5.00055E-01
 5.00055E-01
 5.00055E-01
 5.00055E-01
 5.00055E-01
 5.00055E-01
 5.00055E-01
 5.00055E-01
 5.00055E-01
 5.00055E-01
 5.00056E-01
 5.00056E-01
 5.00056E-01
 5.00056E-01
 5.00056E-01
 5.00056E-01
 5.00056E-01
 5.00056E-01
 5.00056E-01
 5.00056E-01
 5.00056E-01
 5.00056E-01
 5.00056E-01
 5.00056E-01
 5.00056E-01
 5.00057E-01
 5.00057E-01
 5.00057E-01
 5.00057E-01
 5.00057E-01
 5.00057E-01
 5.00057E-01
 5.00057E-01
 5.00057E-01
 5.00057E-01
 5.00057E-01
 5.00057E-01
 5.00057E-01
 5.00057E-01
 5.00057E-01
 5.00057E-01
 5.00057E-01
 5.00057E-01
 5.00057E-01
 5.00057E-01
 5.00057E-01
 5.00057E-01
 5.00057E-01
 5.00057E-01
 5.00057E-01
 5.00043E-01
 5.00043E-01
 5.00043E-01
 5.00043E-01
 5.00043E-01
 5.00042E-01
 5.00042E-01
 5.00042E-01
 5.00042E-01
 5.00042E-01
 5.00042E-01
 5.00043E-01
 5.00043E-01
 5.00043E-01
 5.00043E-01
 5.00043E-01
 5.00044E-01
 5.00044E-01
 5.00044E-01
 5.00044E-01
 5.00045E-01
 5.00045E-01
 5.00045E-01
 5.00045E-01
 5.00046E-01
 5.00046E-01
 5.00046E-01
 5.00046E-01
 5.00047E-01
 5.00047E-01
 5.00047E-01
 5.00047E-01
 5.00048E-01
 5.00048E-01
 5.00048E-01
 5.00049E-01
 5.00049E-01
 5.00049E-01
 5.00049E-01
 5.00049E-01
 5.00050E-01
 5.00050E-01
 5.00050E-01
 5.00050E-01
 5.00051E-01
 5.00051E-01
 5.00051E-01
 5.00051E-01
 5.00051E-01
 5.00052E-01
 5.00052E-01
 5.00052E-01
 5.00052E-01
 5.00052E-01
 5.00052E-01
 5.00053E-01
 5.00053E-01
 5.00053E-01
 5.00053E-01
 5.00053E-01
 5.00053E-01
 5.00053E-01
 5.00054E-01
 5.00054E-01
 5.00054E-01
 5.00054E-01
 5.00054E-01
 5.00054E-01
 5.00054E-01
 5.00054E-01
 5.00055E-01
 5.00055E-01
 5.00055E-01
 5.00055E-01
 5.00055E-01
 5.00055E-01
 5.00055E-01
 5.00055E-01
 5.00055E-01
 5.00055E-01
 5.00056E-01
 5.00056E-01
 5.00056E-01
 5.00056E-01
 5.00056E-01
 5.00056E-01
 5.00056E-01
 5.00056E-01
 5.00056E-01
 5.00056E-01
 5.00056E-01
 5.00056E-01
 5.00056E-01
 5.00056E-01
 5.00056E-01
 5.00056E-01
 5.00057E-01
 5.00057E-01
 5.00057E-01
 5.00057E-01
 5.00057E-01
 5.00057E-01
 5.00057E-01
 5.00057E-01
 5.00057E-01
 5.00057E-01
 5.00057E-01
 5.00057E-01
 5.00057E-01
 5.00057E-01
 5.00057E-01
 5.00057E-01
 5.00057E-01
 5.00057E-01
 5.00057E-01
 5.00057E-01
 5.00057E-01
 5.00057E-01
 5.00057E-01
 5.00057E-01
 5.00044E-01
 5.00043E-01
 5.00043E-01
 5.00043E-01
 5.00042E-01
 5.00042E-01
 5.00042E-01
 5.00042E-01
 5.00042E-01
 5.00042E-01
 5.00042E-01
 5.00042E-01
 5.00043E-01
 5.00043E-01
 5.00043E-01
 5.00043E-01
 5.00043E-01
 5.00044E-01
 5.00044E-01
 5.00044E-01
 5.00044E-01
 5.00045E-01
 5.00045E-01
 5.00045E-01
 5.00046E-01
 5.00046E-01
 5.00046E-01
 5.00046E-01
 5.00047E-01
 5.00047E-01
 5.00047E-01
 5.00047E-01
 5.00048E-01
 5.00048E-01
 5.00048E-01
 5.00048E-01
 5.00049E-01
 5.00049E-01
 5.00049E-01
 5.00049E-01
 5.00050E-01
 5.00050E-01
 5.00050E-01
 5.00050E-01
 5.00051E-01
 5.00051E-01
 5.00051E-01
 5.00051E-01
 5.00051E-01
 5.00052E-01
 5.00052E-01
 5.00052E-01
 5.00052E-01
 5.00052E-01
 5.00052E-01
 5.00053E-01
 5.00053E-01
 5.00053E-01
 5.00053E-01
 5.00053E-01
 5.00053E-01
 5.00053E-01
 5.00054E-01
 5.00054E-01
 5.00054E-01
 5.00054E-01
 5.00054E-01
 5.00054E-01
 5.00054E-01
 5.00054E-01
 5.00055E-01
 5.00055E-01
 5.00055E-01
 5.00055E-01
 5.00055E-01
 5.00055E-01
 5.00055E-01
 5.00055E-01
 5.00055E-01
 5.00055E-01
 5.00056E-01
 5.00056E-01
 5.00056E-01
 5.00056E-01
 5.00056E-01
 5.00056E-01
 5.00056E-01
 5.00056E-01
 5.00056E-01
 5.00056E-01
 5.00056E-01
 5.00056E-01
 5.00056E-01
 5.00056E-01
 5.00056E-01
 5.00056E-01
 5.00057E-01
 5.00057E-01
 5.00057E-01
 5.00057E-01
 5.00057E-01
 5.00057E-01
 5.00057E-01
 5.00057E-01
 5.00057E-01
 5.00057E-01
 5.00057E-01
 5.00057E-01
 5.00057E-01
 5.00057E-01
 5.00057E-01
 5.00057E-01
 5.00057E-01
 5.00057E-01
 5.00057E-01
 5.00057E-01
 5.00057E-01
 5.00057E-01
 5.00057E-01
 5.00057E-01
 5.00043E-01
 5.00043E-01
 5.00043E-01
 5.00042E-01
 5.00042E-01
 5.00042E-01
 5.00042E-01
 5.00042E-01
 5.00042E-01
 5.00042E-01
 5.00042E-01
 5.00042E-01
 5.00042E-01
 5.00043E-01
 5.00043E-01
 5.00043E-01
 5.00043E-01
 5.00044E-01
 5.00044E-01
 5.00044E-01
 5.00044E-01
 5.00045E-01
 5.00045E-01
 5.00045E-01
 5.00045E-01
 5.00046E-01
 5.00046E-01
 5.00046E-01
 5.00047E-01
 5.00047E-01
 5.00047E-01
 5.00047E-01
 5.00048E-01
 5.00048E-01
 5.00048E-01
 5.00048E-01
 5.00049E-01
 5.00049E-01
 5.00049E-01
 5.00049E-01
 5.00050E-01
 5.00050E-01
 5.00050E-01
 5.00050E-01
 5.00051E-01
 5.00051E-01
 5.00051E-01
 5.00051E-01
 5.00051E-01
 5.00052E-01
 5.00052E-01
 5.00052E-01
 5.00052E-01
 5.00052E-01
 5.00052E-01
 5.00053E-01
 5.00053E-01
 5.00053E-01
 5.00053E-01
 5.00053E-01
 5.00053E-01
 5.00053E-01
 5.00054E-01
 5.00054E-01
 5.00054E-01
 5.00054E-01
 5.00054E-01
 5.00054E-01
 5.00054E-01
 5.00054E-01
 5.00055E-01
 5.00055E-01
 5.00055E-01
 5.00055E-01
 5.00055E-01
 5.00055E-01
 5.00055E-01
 5.00055E-01
 5.00055E-01
 5.00055E-01
 5.00056E-01
 5.00056E-01
 5.00056E-01
 5.00056E-01
 5.00056E-01
 5.00056E-01
 5.00056E-01
 5.00056E-01
 5.00056E-01
 5.00056E-01
 5.00056E-01
 5.00056E-01
 5.00056E-01
 5.00056E-01
 5.00056E-01
 5.00056E-01
 5.00057E-01
 5.00057E-01
 5.00057E-01
 5.00057E-01
 5.00057E-01
 5.00057E-01
 5.00057E-01
 5.00057E-01
 5.00057E-01
 5.00057E-01
 5.00057E-01
 5.00057E-01
 5.00057E-01
 5.00057E-01
 5.00057E-01
 5.00057E-01
 5.00057E-01
 5.00057E-01
 5.00057E-01
 5.00057E-01
 5.00057E-01
 5.00057E-01
 5.00057E-01
 5.00057E-01
 5.00043E-01
 5.00043E-01
 5.00043E-01
 5.00042E-01
 5.00042E-01
 5.00042E-01
 5.00042E-01
 5.00042E-01
 5.00042E-01
 5.00042E-01
 5.00042E-01
 5.00042E-01
 5.00042E-01
 5.00043E-01
 5.00043E-01
 5.00043E-01
 5.00043E-01
 5.00044E-01
 5.00044E-01
 5.00044E-01
 5.00044E-01
 5.00045E-01
 5.00045E-01
 5.00045E-01
 5.00045E-01
 5.00046E-01
 5.00046E-01
 5.00046E-01
 5.00047E-01
 5.00047E-01
 5.00047E-01
 5.00047E-01
 5.00048E-01
 5.00048E-01
 5.00048E-01
 5.00048E-01
 5.00049E-01
 5.00049E-01
 5.00049E-01
 5.00049E-01
 5.00050E-01
 5.00050E-01
 5.00050E-01
 5.00050E-01
 5.00050E-01
 5.00051E-01
 5.00051E-01
 5.00051E-01
 5.00051E-01
 5.00051E-01
 5.00052E-01
 5.00052E-01
 5.00052E-01
 5.00052E-01
 5.00052E-01
 5.00053E-01
 5.00053E-01
 5.00053E-01
 5.00053E-01
 5.00053E-01
 5.00053E-01
 5.00053E-01
 5.00054E-01
 5.00054E-01
 5.00054E-01
 5.00054E-01
 5.00054E-01
 5.00054E-01
 5.00054E-01
 5.00054E-01
 5.00055E-01
 5.00055E-01
 5.00055E-01
 5.00055E-01
 5.00055E-01
 5.00055E-01
 5.00055E-01
 5.00055E-01
 5.00055E-01
 5.00055E-01
 5.00056E-01
 5.00056E-01
 5.00056E-01
 5.00056E-01
 5.00056E-01
 5.00056E-01
 5.00056E-01
 5.00056E-01
 5.00056E-01
 5.00056E-01
 5.00056E-01
 5.00056E-01
 5.00056E-01
 5.00056E-01
 5.00056E-01
 5.00056E-01
 5.00057E-01
 5.00057E-01
 5.00057E-01
 5.00057E-01
 5.00057E-01
 5.00057E-01
 5.00057E-01
 5.00057E-01
 5.00057E-01
 5.00057E-01
 5.00057E-01
 5.00057E-01
 5.00057E-01
 5.00057E-01
 5.00057E-01
 5.00057E-01
 5.00057E-01
 5.00057E-01
 5.00057E-01
 5.00057E-01
 5.00057E-01
 5.00057E-01
 5.00057E-01
 5.00057E-01
