 2.01274463E+06
 2.01273734E+06
 2.01272227E+06
 2.01269841E+06
 2.01267904E+06
 2.01266298E+06
 2.01264938E+06
 2.01263765E+06
 2.01262736E+06
 2.01261821E+06
 2.01260998E+06
 2.01260253E+06
 2.01259571E+06
 2.01258943E+06
 2.01258363E+06
 2.01257823E+06
 2.01257319E+06
 2.01256847E+06
 2.01256403E+06
 2.01255985E+06
 2.01255590E+06
 2.01255216E+06
 2.01254862E+06
 2.01254524E+06
 2.01254203E+06
 2.01253897E+06
 2.01253605E+06
 2.01253325E+06
 2.01253058E+06
 2.01252802E+06
 2.01252556E+06
 2.01252320E+06
 2.01252094E+06
 2.01251876E+06
 2.01251666E+06
 2.01251465E+06
 2.01251233E+06
 2.01250990E+06
 2.01250753E+06
 2.01250524E+06
 2.01250303E+06
 2.01250089E+06
 2.01249882E+06
 2.01249682E+06
 2.01249488E+06
 2.01249300E+06
 2.01249119E+06
 2.01248943E+06
 2.01248772E+06
 2.01248607E+06
 2.01248447E+06
 2.01248292E+06
 2.01248141E+06
 2.01247996E+06
 2.01247854E+06
 2.01247717E+06
 2.01247584E+06
 2.01247455E+06
 2.01247330E+06
 2.01247209E+06
 2.01247091E+06
 2.01246977E+06
 2.01246867E+06
 2.01246759E+06
 2.01246655E+06
 2.01246555E+06
 2.01246457E+06
 2.01246362E+06
 2.01246270E+06
 2.01246181E+06
 2.01246095E+06
 2.01246011E+06
 2.01245930E+06
 2.01245852E+06
 2.01245776E+06
 2.01245702E+06
 2.01245631E+06
 2.01245562E+06
 2.01245495E+06
 2.01245431E+06
 2.01245369E+06
 2.01245309E+06
 2.01245251E+06
 2.01245194E+06
 2.01245140E+06
 2.01245088E+06
 2.01245038E+06
 2.01244989E+06
 2.01244943E+06
 2.01244898E+06
 2.01244855E+06
 2.01244814E+06
 2.01244774E+06
 2.01244736E+06
 2.01244700E+06
 2.01244665E+06
 2.01244632E+06
 2.01244600E+06
 2.01244570E+06
 2.01244541E+06
 2.01244514E+06
 2.01244489E+06
 2.01244465E+06
 2.01244442E+06
 2.01244421E+06
 2.01244401E+06
 2.01244382E+06
 2.01244365E+06
 2.01244349E+06
 2.01244335E+06
 2.01244322E+06
 2.01244310E+06
 2.01244300E+06
 2.01244290E+06
 2.01244283E+06
 2.01244276E+06
 2.01244271E+06
 2.01244267E+06
 2.01244265E+06
 2.01244263E+06
 2.01273732E+06
 2.01273052E+06
 2.01271644E+06
 2.01269394E+06
 2.01267572E+06
 2.01266051E+06
 2.01264752E+06
 2.01263621E+06
 2.01262621E+06
 2.01261728E+06
 2.01260922E+06
 2.01260188E+06
 2.01259516E+06
 2.01258896E+06
 2.01258322E+06
 2.01257787E+06
 2.01257287E+06
 2.01256819E+06
 2.01256378E+06
 2.01255962E+06
 2.01255569E+06
 2.01255197E+06
 2.01254844E+06
 2.01254508E+06
 2.01254188E+06
 2.01253883E+06
 2.01253592E+06
 2.01253313E+06
 2.01253047E+06
 2.01252791E+06
 2.01252546E+06
 2.01252311E+06
 2.01252085E+06
 2.01251867E+06
 2.01251658E+06
 2.01251457E+06
 2.01251224E+06
 2.01250982E+06
 2.01250745E+06
 2.01250517E+06
 2.01250296E+06
 2.01250082E+06
 2.01249875E+06
 2.01249675E+06
 2.01249482E+06
 2.01249294E+06
 2.01249113E+06
 2.01248937E+06
 2.01248767E+06
 2.01248602E+06
 2.01248442E+06
 2.01248287E+06
 2.01248137E+06
 2.01247991E+06
 2.01247850E+06
 2.01247713E+06
 2.01247580E+06
 2.01247451E+06
 2.01247326E+06
 2.01247205E+06
 2.01247088E+06
 2.01246974E+06
 2.01246863E+06
 2.01246756E+06
 2.01246652E+06
 2.01246551E+06
 2.01246454E+06
 2.01246359E+06
 2.01246267E+06
 2.01246178E+06
 2.01246092E+06
 2.01246008E+06
 2.01245928E+06
 2.01245849E+06
 2.01245773E+06
 2.01245700E+06
 2.01245629E+06
 2.01245560E+06
 2.01245493E+06
 2.01245429E+06
 2.01245367E+06
 2.01245307E+06
 2.01245249E+06
 2.01245192E+06
 2.01245138E+06
 2.01245086E+06
 2.01245036E+06
 2.01244988E+06
 2.01244941E+06
 2.01244896E+06
 2.01244853E+06
 2.01244812E+06
 2.01244772E+06
 2.01244734E+06
 2.01244698E+06
 2.01244663E+06
 2.01244630E+06
 2.01244599E+06
 2.01244568E+06
 2.01244540E+06
 2.01244513E+06
 2.01244487E+06
 2.01244463E+06
 2.01244440E+06
 2.01244419E+06
 2.01244399E+06
 2.01244381E+06
 2.01244364E+06
 2.01244348E+06
 2.01244333E+06
 2.01244320E+06
 2.01244309E+06
 2.01244298E+06
 2.01244289E+06
 2.01244281E+06
 2.01244275E+06
 2.01244270E+06
 2.01244266E+06
 2.01244263E+06
 2.01244262E+06
 2.01272219E+06
 2.01271639E+06
 2.01270443E+06
 2.01268518E+06
 2.01266939E+06
 2.01265584E+06
 2.01264397E+06
 2.01263344E+06
 2.01262401E+06
 2.01261549E+06
 2.01260773E+06
 2.01260063E+06
 2.01259409E+06
 2.01258804E+06
 2.01258241E+06
 2.01257716E+06
 2.01257224E+06
 2.01256762E+06
 2.01256327E+06
 2.01255917E+06
 2.01255528E+06
 2.01255159E+06
 2.01254809E+06
 2.01254476E+06
 2.01254159E+06
 2.01253856E+06
 2.01253566E+06
 2.01253289E+06
 2.01253024E+06
 2.01252770E+06
 2.01252526E+06
 2.01252292E+06
 2.01252067E+06
 2.01251851E+06
 2.01251643E+06
 2.01251443E+06
 2.01251206E+06
 2.01250964E+06
 2.01250729E+06
 2.01250501E+06
 2.01250281E+06
 2.01250068E+06
 2.01249862E+06
 2.01249662E+06
 2.01249469E+06
 2.01249283E+06
 2.01249102E+06
 2.01248926E+06
 2.01248756E+06
 2.01248592E+06
 2.01248432E+06
 2.01248278E+06
 2.01248128E+06
 2.01247982E+06
 2.01247841E+06
 2.01247705E+06
 2.01247572E+06
 2.01247444E+06
 2.01247319E+06
 2.01247198E+06
 2.01247081E+06
 2.01246967E+06
 2.01246857E+06
 2.01246750E+06
 2.01246646E+06
 2.01246545E+06
 2.01246448E+06
 2.01246353E+06
 2.01246262E+06
 2.01246173E+06
 2.01246087E+06
 2.01246003E+06
 2.01245922E+06
 2.01245844E+06
 2.01245768E+06
 2.01245695E+06
 2.01245624E+06
 2.01245555E+06
 2.01245489E+06
 2.01245425E+06
 2.01245362E+06
 2.01245302E+06
 2.01245244E+06
 2.01245189E+06
 2.01245135E+06
 2.01245082E+06
 2.01245032E+06
 2.01244984E+06
 2.01244938E+06
 2.01244893E+06
 2.01244850E+06
 2.01244809E+06
 2.01244769E+06
 2.01244731E+06
 2.01244695E+06
 2.01244660E+06
 2.01244627E+06
 2.01244595E+06
 2.01244565E+06
 2.01244537E+06
 2.01244510E+06
 2.01244484E+06
 2.01244460E+06
 2.01244438E+06
 2.01244416E+06
 2.01244396E+06
 2.01244378E+06
 2.01244361E+06
 2.01244345E+06
 2.01244331E+06
 2.01244318E+06
 2.01244306E+06
 2.01244296E+06
 2.01244287E+06
 2.01244279E+06
 2.01244272E+06
 2.01244267E+06
 2.01244263E+06
 2.01244261E+06
 2.01244259E+06
 2.01269827E+06
 2.01269382E+06
 2.01268511E+06
 2.01267296E+06
 2.01266082E+06
 2.01264949E+06
 2.01263909E+06
 2.01262958E+06
 2.01262089E+06
 2.01261293E+06
 2.01260559E+06
 2.01259882E+06
 2.01259253E+06
 2.01258669E+06
 2.01258123E+06
 2.01257612E+06
 2.01257131E+06
 2.01256679E+06
 2.01256252E+06
 2.01255849E+06
 2.01255466E+06
 2.01255103E+06
 2.01254757E+06
 2.01254428E+06
 2.01254114E+06
 2.01253815E+06
 2.01253528E+06
 2.01253254E+06
 2.01252991E+06
 2.01252739E+06
 2.01252497E+06
 2.01252265E+06
 2.01252041E+06
 2.01251826E+06
 2.01251619E+06
 2.01251419E+06
 2.01251179E+06
 2.01250939E+06
 2.01250705E+06
 2.01250478E+06
 2.01250259E+06
 2.01250047E+06
 2.01249842E+06
 2.01249643E+06
 2.01249451E+06
 2.01249265E+06
 2.01249085E+06
 2.01248910E+06
 2.01248741E+06
 2.01248576E+06
 2.01248417E+06
 2.01248263E+06
 2.01248114E+06
 2.01247969E+06
 2.01247828E+06
 2.01247692E+06
 2.01247560E+06
 2.01247432E+06
 2.01247308E+06
 2.01247187E+06
 2.01247070E+06
 2.01246957E+06
 2.01246847E+06
 2.01246740E+06
 2.01246636E+06
 2.01246536E+06
 2.01246439E+06
 2.01246345E+06
 2.01246253E+06
 2.01246165E+06
 2.01246079E+06
 2.01245995E+06
 2.01245915E+06
 2.01245837E+06
 2.01245761E+06
 2.01245688E+06
 2.01245617E+06
 2.01245549E+06
 2.01245482E+06
 2.01245418E+06
 2.01245356E+06
 2.01245296E+06
 2.01245238E+06
 2.01245183E+06
 2.01245129E+06
 2.01245077E+06
 2.01245027E+06
 2.01244979E+06
 2.01244932E+06
 2.01244888E+06
 2.01244845E+06
 2.01244804E+06
 2.01244764E+06
 2.01244726E+06
 2.01244690E+06
 2.01244655E+06
 2.01244622E+06
 2.01244591E+06
 2.01244561E+06
 2.01244532E+06
 2.01244505E+06
 2.01244480E+06
 2.01244456E+06
 2.01244433E+06
 2.01244412E+06
 2.01244392E+06
 2.01244374E+06
 2.01244357E+06
 2.01244341E+06
 2.01244327E+06
 2.01244314E+06
 2.01244302E+06
 2.01244292E+06
 2.01244283E+06
 2.01244275E+06
 2.01244268E+06
 2.01244263E+06
 2.01244259E+06
 2.01244257E+06
 2.01244256E+06
 2.01267880E+06
 2.01267550E+06
 2.01266922E+06
 2.01266073E+06
 2.01265146E+06
 2.01264220E+06
 2.01263330E+06
 2.01262491E+06
 2.01261706E+06
 2.01260973E+06
 2.01260289E+06
 2.01259651E+06
 2.01259054E+06
 2.01258495E+06
 2.01257970E+06
 2.01257476E+06
 2.01257011E+06
 2.01256571E+06
 2.01256154E+06
 2.01255760E+06
 2.01255385E+06
 2.01255028E+06
 2.01254689E+06
 2.01254365E+06
 2.01254056E+06
 2.01253760E+06
 2.01253477E+06
 2.01253207E+06
 2.01252947E+06
 2.01252698E+06
 2.01252458E+06
 2.01252228E+06
 2.01252007E+06
 2.01251794E+06
 2.01251590E+06
 2.01251386E+06
 2.01251145E+06
 2.01250905E+06
 2.01250673E+06
 2.01250448E+06
 2.01250230E+06
 2.01250019E+06
 2.01249815E+06
 2.01249618E+06
 2.01249426E+06
 2.01249241E+06
 2.01249062E+06
 2.01248888E+06
 2.01248719E+06
 2.01248556E+06
 2.01248398E+06
 2.01248244E+06
 2.01248096E+06
 2.01247951E+06
 2.01247811E+06
 2.01247676E+06
 2.01247544E+06
 2.01247416E+06
 2.01247293E+06
 2.01247172E+06
 2.01247056E+06
 2.01246943E+06
 2.01246833E+06
 2.01246727E+06
 2.01246624E+06
 2.01246524E+06
 2.01246427E+06
 2.01246333E+06
 2.01246242E+06
 2.01246154E+06
 2.01246068E+06
 2.01245985E+06
 2.01245905E+06
 2.01245827E+06
 2.01245751E+06
 2.01245678E+06
 2.01245608E+06
 2.01245540E+06
 2.01245473E+06
 2.01245410E+06
 2.01245348E+06
 2.01245288E+06
 2.01245230E+06
 2.01245175E+06
 2.01245121E+06
 2.01245069E+06
 2.01245019E+06
 2.01244971E+06
 2.01244925E+06
 2.01244881E+06
 2.01244838E+06
 2.01244797E+06
 2.01244757E+06
 2.01244720E+06
 2.01244684E+06
 2.01244649E+06
 2.01244616E+06
 2.01244585E+06
 2.01244555E+06
 2.01244526E+06
 2.01244500E+06
 2.01244474E+06
 2.01244450E+06
 2.01244428E+06
 2.01244406E+06
 2.01244387E+06
 2.01244368E+06
 2.01244351E+06
 2.01244336E+06
 2.01244321E+06
 2.01244308E+06
 2.01244297E+06
 2.01244286E+06
 2.01244277E+06
 2.01244270E+06
 2.01244263E+06
 2.01244258E+06
 2.01244254E+06
 2.01244252E+06
 2.01244250E+06
 2.01266261E+06
 2.01266018E+06
 2.01265555E+06
 2.01264927E+06
 2.01264208E+06
 2.01263454E+06
 2.01262702E+06
 2.01261971E+06
 2.01261270E+06
 2.01260604E+06
 2.01259974E+06
 2.01259379E+06
 2.01258817E+06
 2.01258287E+06
 2.01257786E+06
 2.01257313E+06
 2.01256864E+06
 2.01256439E+06
 2.01256035E+06
 2.01255651E+06
 2.01255285E+06
 2.01254937E+06
 2.01254605E+06
 2.01254287E+06
 2.01253984E+06
 2.01253693E+06
 2.01253415E+06
 2.01253148E+06
 2.01252892E+06
 2.01252646E+06
 2.01252410E+06
 2.01252183E+06
 2.01251964E+06
 2.01251754E+06
 2.01251552E+06
 2.01251343E+06
 2.01251102E+06
 2.01250864E+06
 2.01250633E+06
 2.01250410E+06
 2.01250194E+06
 2.01249984E+06
 2.01249782E+06
 2.01249586E+06
 2.01249396E+06
 2.01249212E+06
 2.01249034E+06
 2.01248861E+06
 2.01248693E+06
 2.01248531E+06
 2.01248373E+06
 2.01248221E+06
 2.01248073E+06
 2.01247929E+06
 2.01247790E+06
 2.01247655E+06
 2.01247524E+06
 2.01247397E+06
 2.01247274E+06
 2.01247154E+06
 2.01247038E+06
 2.01246926E+06
 2.01246817E+06
 2.01246711E+06
 2.01246608E+06
 2.01246509E+06
 2.01246412E+06
 2.01246319E+06
 2.01246228E+06
 2.01246140E+06
 2.01246055E+06
 2.01245972E+06
 2.01245892E+06
 2.01245814E+06
 2.01245739E+06
 2.01245667E+06
 2.01245596E+06
 2.01245528E+06
 2.01245462E+06
 2.01245399E+06
 2.01245337E+06
 2.01245278E+06
 2.01245220E+06
 2.01245165E+06
 2.01245111E+06
 2.01245060E+06
 2.01245010E+06
 2.01244962E+06
 2.01244916E+06
 2.01244872E+06
 2.01244829E+06
 2.01244788E+06
 2.01244749E+06
 2.01244712E+06
 2.01244676E+06
 2.01244641E+06
 2.01244608E+06
 2.01244577E+06
 2.01244547E+06
 2.01244519E+06
 2.01244492E+06
 2.01244467E+06
 2.01244443E+06
 2.01244421E+06
 2.01244399E+06
 2.01244380E+06
 2.01244361E+06
 2.01244345E+06
 2.01244329E+06
 2.01244315E+06
 2.01244302E+06
 2.01244290E+06
 2.01244280E+06
 2.01244271E+06
 2.01244263E+06
 2.01244257E+06
 2.01244252E+06
 2.01244248E+06
 2.01244245E+06
 2.01244244E+06
 2.01264887E+06
 2.01264703E+06
 2.01264354E+06
 2.01263872E+06
 2.01263304E+06
 2.01262687E+06
 2.01262053E+06
 2.01261419E+06
 2.01260799E+06
 2.01260199E+06
 2.01259623E+06
 2.01259073E+06
 2.01258549E+06
 2.01258050E+06
 2.01257575E+06
 2.01257124E+06
 2.01256694E+06
 2.01256285E+06
 2.01255895E+06
 2.01255524E+06
 2.01255169E+06
 2.01254830E+06
 2.01254506E+06
 2.01254196E+06
 2.01253899E+06
 2.01253614E+06
 2.01253341E+06
 2.01253079E+06
 2.01252827E+06
 2.01252585E+06
 2.01252353E+06
 2.01252129E+06
 2.01251913E+06
 2.01251706E+06
 2.01251507E+06
 2.01251291E+06
 2.01251051E+06
 2.01250815E+06
 2.01250586E+06
 2.01250365E+06
 2.01250151E+06
 2.01249943E+06
 2.01249742E+06
 2.01249548E+06
 2.01249359E+06
 2.01249177E+06
 2.01249000E+06
 2.01248828E+06
 2.01248662E+06
 2.01248501E+06
 2.01248344E+06
 2.01248193E+06
 2.01248046E+06
 2.01247903E+06
 2.01247765E+06
 2.01247630E+06
 2.01247500E+06
 2.01247374E+06
 2.01247251E+06
 2.01247132E+06
 2.01247017E+06
 2.01246905E+06
 2.01246797E+06
 2.01246691E+06
 2.01246589E+06
 2.01246490E+06
 2.01246394E+06
 2.01246301E+06
 2.01246211E+06
 2.01246123E+06
 2.01246039E+06
 2.01245956E+06
 2.01245877E+06
 2.01245800E+06
 2.01245725E+06
 2.01245653E+06
 2.01245583E+06
 2.01245515E+06
 2.01245449E+06
 2.01245386E+06
 2.01245325E+06
 2.01245265E+06
 2.01245208E+06
 2.01245153E+06
 2.01245100E+06
 2.01245049E+06
 2.01244999E+06
 2.01244951E+06
 2.01244905E+06
 2.01244861E+06
 2.01244819E+06
 2.01244778E+06
 2.01244739E+06
 2.01244702E+06
 2.01244666E+06
 2.01244632E+06
 2.01244599E+06
 2.01244568E+06
 2.01244538E+06
 2.01244510E+06
 2.01244483E+06
 2.01244458E+06
 2.01244434E+06
 2.01244412E+06
 2.01244391E+06
 2.01244371E+06
 2.01244353E+06
 2.01244336E+06
 2.01244321E+06
 2.01244307E+06
 2.01244294E+06
 2.01244282E+06
 2.01244272E+06
 2.01244263E+06
 2.01244255E+06
 2.01244249E+06
 2.01244244E+06
 2.01244240E+06
 2.01244237E+06
 2.01244236E+06
 2.01263697E+06
 2.01263555E+06
 2.01263284E+06
 2.01262905E+06
 2.01262448E+06
 2.01261939E+06
 2.01261402E+06
 2.01260854E+06
 2.01260308E+06
 2.01259770E+06
 2.01259247E+06
 2.01258742E+06
 2.01258255E+06
 2.01257788E+06
 2.01257341E+06
 2.01256913E+06
 2.01256504E+06
 2.01256112E+06
 2.01255738E+06
 2.01255379E+06
 2.01255036E+06
 2.01254708E+06
 2.01254393E+06
 2.01254091E+06
 2.01253801E+06
 2.01253523E+06
 2.01253256E+06
 2.01253000E+06
 2.01252753E+06
 2.01252515E+06
 2.01252287E+06
 2.01252066E+06
 2.01251854E+06
 2.01251650E+06
 2.01251453E+06
 2.01251230E+06
 2.01250991E+06
 2.01250758E+06
 2.01250532E+06
 2.01250313E+06
 2.01250101E+06
 2.01249895E+06
 2.01249696E+06
 2.01249504E+06
 2.01249317E+06
 2.01249136E+06
 2.01248961E+06
 2.01248790E+06
 2.01248625E+06
 2.01248466E+06
 2.01248310E+06
 2.01248160E+06
 2.01248014E+06
 2.01247872E+06
 2.01247735E+06
 2.01247602E+06
 2.01247472E+06
 2.01247347E+06
 2.01247225E+06
 2.01247107E+06
 2.01246993E+06
 2.01246881E+06
 2.01246774E+06
 2.01246669E+06
 2.01246567E+06
 2.01246469E+06
 2.01246374E+06
 2.01246281E+06
 2.01246191E+06
 2.01246104E+06
 2.01246020E+06
 2.01245938E+06
 2.01245859E+06
 2.01245782E+06
 2.01245708E+06
 2.01245636E+06
 2.01245567E+06
 2.01245499E+06
 2.01245434E+06
 2.01245371E+06
 2.01245310E+06
 2.01245251E+06
 2.01245194E+06
 2.01245139E+06
 2.01245086E+06
 2.01245035E+06
 2.01244986E+06
 2.01244939E+06
 2.01244893E+06
 2.01244849E+06
 2.01244807E+06
 2.01244766E+06
 2.01244728E+06
 2.01244690E+06
 2.01244655E+06
 2.01244621E+06
 2.01244588E+06
 2.01244557E+06
 2.01244528E+06
 2.01244500E+06
 2.01244473E+06
 2.01244448E+06
 2.01244424E+06
 2.01244402E+06
 2.01244381E+06
 2.01244362E+06
 2.01244344E+06
 2.01244327E+06
 2.01244311E+06
 2.01244297E+06
 2.01244284E+06
 2.01244273E+06
 2.01244263E+06
 2.01244254E+06
 2.01244246E+06
 2.01244240E+06
 2.01244235E+06
 2.01244231E+06
 2.01244228E+06
 2.01244227E+06
 2.01262649E+06
 2.01262537E+06
 2.01262321E+06
 2.01262017E+06
 2.01261643E+06
 2.01261219E+06
 2.01260763E+06
 2.01260288E+06
 2.01259807E+06
 2.01259327E+06
 2.01258854E+06
 2.01258391E+06
 2.01257942E+06
 2.01257507E+06
 2.01257088E+06
 2.01256684E+06
 2.01256296E+06
 2.01255922E+06
 2.01255564E+06
 2.01255220E+06
 2.01254889E+06
 2.01254572E+06
 2.01254267E+06
 2.01253974E+06
 2.01253692E+06
 2.01253422E+06
 2.01253161E+06
 2.01252910E+06
 2.01252669E+06
 2.01252436E+06
 2.01252212E+06
 2.01251996E+06
 2.01251788E+06
 2.01251586E+06
 2.01251391E+06
 2.01251159E+06
 2.01250923E+06
 2.01250693E+06
 2.01250470E+06
 2.01250253E+06
 2.01250044E+06
 2.01249841E+06
 2.01249644E+06
 2.01249454E+06
 2.01249269E+06
 2.01249090E+06
 2.01248916E+06
 2.01248747E+06
 2.01248584E+06
 2.01248426E+06
 2.01248272E+06
 2.01248123E+06
 2.01247978E+06
 2.01247837E+06
 2.01247701E+06
 2.01247569E+06
 2.01247441E+06
 2.01247316E+06
 2.01247195E+06
 2.01247078E+06
 2.01246965E+06
 2.01246854E+06
 2.01246747E+06
 2.01246643E+06
 2.01246542E+06
 2.01246445E+06
 2.01246350E+06
 2.01246258E+06
 2.01246169E+06
 2.01246082E+06
 2.01245999E+06
 2.01245918E+06
 2.01245839E+06
 2.01245763E+06
 2.01245689E+06
 2.01245617E+06
 2.01245548E+06
 2.01245481E+06
 2.01245417E+06
 2.01245354E+06
 2.01245293E+06
 2.01245235E+06
 2.01245178E+06
 2.01245124E+06
 2.01245071E+06
 2.01245020E+06
 2.01244971E+06
 2.01244924E+06
 2.01244879E+06
 2.01244835E+06
 2.01244793E+06
 2.01244753E+06
 2.01244714E+06
 2.01244677E+06
 2.01244642E+06
 2.01244608E+06
 2.01244576E+06
 2.01244545E+06
 2.01244516E+06
 2.01244488E+06
 2.01244462E+06
 2.01244437E+06
 2.01244413E+06
 2.01244391E+06
 2.01244370E+06
 2.01244351E+06
 2.01244333E+06
 2.01244316E+06
 2.01244301E+06
 2.01244287E+06
 2.01244274E+06
 2.01244262E+06
 2.01244252E+06
 2.01244243E+06
 2.01244236E+06
 2.01244230E+06
 2.01244224E+06
 2.01244221E+06
 2.01244218E+06
 2.01244217E+06
 2.01261712E+06
 2.01261622E+06
 2.01261447E+06
 2.01261198E+06
 2.01260888E+06
 2.01260531E+06
 2.01260141E+06
 2.01259729E+06
 2.01259305E+06
 2.01258877E+06
 2.01258450E+06
 2.01258028E+06
 2.01257614E+06
 2.01257211E+06
 2.01256819E+06
 2.01256439E+06
 2.01256072E+06
 2.01255718E+06
 2.01255376E+06
 2.01255047E+06
 2.01254729E+06
 2.01254424E+06
 2.01254129E+06
 2.01253846E+06
 2.01253573E+06
 2.01253309E+06
 2.01253056E+06
 2.01252811E+06
 2.01252576E+06
 2.01252349E+06
 2.01252129E+06
 2.01251918E+06
 2.01251714E+06
 2.01251518E+06
 2.01251316E+06
 2.01251081E+06
 2.01250848E+06
 2.01250621E+06
 2.01250401E+06
 2.01250188E+06
 2.01249981E+06
 2.01249780E+06
 2.01249586E+06
 2.01249398E+06
 2.01249215E+06
 2.01249038E+06
 2.01248866E+06
 2.01248699E+06
 2.01248538E+06
 2.01248381E+06
 2.01248229E+06
 2.01248081E+06
 2.01247938E+06
 2.01247798E+06
 2.01247663E+06
 2.01247532E+06
 2.01247405E+06
 2.01247282E+06
 2.01247162E+06
 2.01247046E+06
 2.01246933E+06
 2.01246824E+06
 2.01246718E+06
 2.01246614E+06
 2.01246515E+06
 2.01246418E+06
 2.01246323E+06
 2.01246232E+06
 2.01246144E+06
 2.01246058E+06
 2.01245975E+06
 2.01245894E+06
 2.01245816E+06
 2.01245741E+06
 2.01245667E+06
 2.01245596E+06
 2.01245528E+06
 2.01245461E+06
 2.01245397E+06
 2.01245335E+06
 2.01245275E+06
 2.01245216E+06
 2.01245160E+06
 2.01245106E+06
 2.01245054E+06
 2.01245003E+06
 2.01244955E+06
 2.01244908E+06
 2.01244863E+06
 2.01244820E+06
 2.01244778E+06
 2.01244738E+06
 2.01244700E+06
 2.01244663E+06
 2.01244628E+06
 2.01244594E+06
 2.01244562E+06
 2.01244531E+06
 2.01244502E+06
 2.01244475E+06
 2.01244448E+06
 2.01244424E+06
 2.01244400E+06
 2.01244378E+06
 2.01244358E+06
 2.01244338E+06
 2.01244320E+06
 2.01244304E+06
 2.01244289E+06
 2.01244275E+06
 2.01244262E+06
 2.01244251E+06
 2.01244241E+06
 2.01244232E+06
 2.01244224E+06
 2.01244218E+06
 2.01244213E+06
 2.01244209E+06
 2.01244207E+06
 2.01244205E+06
 2.01260865E+06
 2.01260791E+06
 2.01260648E+06
 2.01260441E+06
 2.01260180E+06
 2.01259877E+06
 2.01259541E+06
 2.01259182E+06
 2.01258808E+06
 2.01258425E+06
 2.01258040E+06
 2.01257656E+06
 2.01257276E+06
 2.01256903E+06
 2.01256538E+06
 2.01256182E+06
 2.01255836E+06
 2.01255501E+06
 2.01255176E+06
 2.01254861E+06
 2.01254558E+06
 2.01254264E+06
 2.01253981E+06
 2.01253707E+06
 2.01253443E+06
 2.01253188E+06
 2.01252942E+06
 2.01252704E+06
 2.01252475E+06
 2.01252253E+06
 2.01252039E+06
 2.01251832E+06
 2.01251633E+06
 2.01251441E+06
 2.01251229E+06
 2.01250995E+06
 2.01250765E+06
 2.01250542E+06
 2.01250325E+06
 2.01250115E+06
 2.01249911E+06
 2.01249714E+06
 2.01249522E+06
 2.01249336E+06
 2.01249156E+06
 2.01248981E+06
 2.01248811E+06
 2.01248646E+06
 2.01248487E+06
 2.01248331E+06
 2.01248181E+06
 2.01248035E+06
 2.01247893E+06
 2.01247755E+06
 2.01247622E+06
 2.01247492E+06
 2.01247366E+06
 2.01247244E+06
 2.01247125E+06
 2.01247010E+06
 2.01246898E+06
 2.01246790E+06
 2.01246685E+06
 2.01246583E+06
 2.01246484E+06
 2.01246387E+06
 2.01246294E+06
 2.01246204E+06
 2.01246116E+06
 2.01246031E+06
 2.01245949E+06
 2.01245869E+06
 2.01245791E+06
 2.01245716E+06
 2.01245643E+06
 2.01245573E+06
 2.01245505E+06
 2.01245439E+06
 2.01245375E+06
 2.01245313E+06
 2.01245254E+06
 2.01245196E+06
 2.01245140E+06
 2.01245087E+06
 2.01245035E+06
 2.01244985E+06
 2.01244937E+06
 2.01244890E+06
 2.01244845E+06
 2.01244802E+06
 2.01244761E+06
 2.01244721E+06
 2.01244683E+06
 2.01244647E+06
 2.01244612E+06
 2.01244579E+06
 2.01244547E+06
 2.01244516E+06
 2.01244487E+06
 2.01244460E+06
 2.01244434E+06
 2.01244409E+06
 2.01244386E+06
 2.01244364E+06
 2.01244344E+06
 2.01244325E+06
 2.01244307E+06
 2.01244290E+06
 2.01244275E+06
 2.01244261E+06
 2.01244249E+06
 2.01244238E+06
 2.01244228E+06
 2.01244219E+06
 2.01244211E+06
 2.01244205E+06
 2.01244200E+06
 2.01244196E+06
 2.01244194E+06
 2.01244193E+06
 2.01260093E+06
 2.01260031E+06
 2.01259911E+06
 2.01259737E+06
 2.01259515E+06
 2.01259255E+06
 2.01258964E+06
 2.01258650E+06
 2.01258319E+06
 2.01257977E+06
 2.01257629E+06
 2.01257280E+06
 2.01256931E+06
 2.01256586E+06
 2.01256247E+06
 2.01255914E+06
 2.01255589E+06
 2.01255273E+06
 2.01254965E+06
 2.01254666E+06
 2.01254376E+06
 2.01254094E+06
 2.01253822E+06
 2.01253559E+06
 2.01253304E+06
 2.01253057E+06
 2.01252819E+06
 2.01252588E+06
 2.01252365E+06
 2.01252150E+06
 2.01251941E+06
 2.01251740E+06
 2.01251544E+06
 2.01251355E+06
 2.01251133E+06
 2.01250902E+06
 2.01250676E+06
 2.01250456E+06
 2.01250243E+06
 2.01250036E+06
 2.01249836E+06
 2.01249641E+06
 2.01249452E+06
 2.01249269E+06
 2.01249091E+06
 2.01248919E+06
 2.01248751E+06
 2.01248589E+06
 2.01248431E+06
 2.01248278E+06
 2.01248129E+06
 2.01247984E+06
 2.01247844E+06
 2.01247708E+06
 2.01247576E+06
 2.01247448E+06
 2.01247323E+06
 2.01247202E+06
 2.01247085E+06
 2.01246971E+06
 2.01246860E+06
 2.01246753E+06
 2.01246649E+06
 2.01246548E+06
 2.01246450E+06
 2.01246354E+06
 2.01246262E+06
 2.01246172E+06
 2.01246086E+06
 2.01246001E+06
 2.01245920E+06
 2.01245840E+06
 2.01245764E+06
 2.01245689E+06
 2.01245617E+06
 2.01245548E+06
 2.01245480E+06
 2.01245415E+06
 2.01245351E+06
 2.01245290E+06
 2.01245231E+06
 2.01245174E+06
 2.01245119E+06
 2.01245065E+06
 2.01245014E+06
 2.01244964E+06
 2.01244916E+06
 2.01244870E+06
 2.01244826E+06
 2.01244783E+06
 2.01244742E+06
 2.01244703E+06
 2.01244665E+06
 2.01244629E+06
 2.01244594E+06
 2.01244561E+06
 2.01244530E+06
 2.01244500E+06
 2.01244471E+06
 2.01244444E+06
 2.01244418E+06
 2.01244394E+06
 2.01244371E+06
 2.01244349E+06
 2.01244329E+06
 2.01244310E+06
 2.01244292E+06
 2.01244276E+06
 2.01244261E+06
 2.01244247E+06
 2.01244234E+06
 2.01244223E+06
 2.01244213E+06
 2.01244205E+06
 2.01244197E+06
 2.01244191E+06
 2.01244186E+06
 2.01244182E+06
 2.01244180E+06
 2.01244179E+06
 2.01259382E+06
 2.01259330E+06
 2.01259228E+06
 2.01259079E+06
 2.01258890E+06
 2.01258665E+06
 2.01258411E+06
 2.01258134E+06
 2.01257840E+06
 2.01257534E+06
 2.01257220E+06
 2.01256902E+06
 2.01256583E+06
 2.01256265E+06
 2.01255950E+06
 2.01255639E+06
 2.01255335E+06
 2.01255036E+06
 2.01254745E+06
 2.01254461E+06
 2.01254185E+06
 2.01253916E+06
 2.01253655E+06
 2.01253402E+06
 2.01253157E+06
 2.01252919E+06
 2.01252688E+06
 2.01252465E+06
 2.01252249E+06
 2.01252039E+06
 2.01251837E+06
 2.01251641E+06
 2.01251451E+06
 2.01251256E+06
 2.01251028E+06
 2.01250801E+06
 2.01250579E+06
 2.01250363E+06
 2.01250154E+06
 2.01249951E+06
 2.01249754E+06
 2.01249563E+06
 2.01249377E+06
 2.01249196E+06
 2.01249021E+06
 2.01248851E+06
 2.01248686E+06
 2.01248526E+06
 2.01248370E+06
 2.01248219E+06
 2.01248072E+06
 2.01247930E+06
 2.01247791E+06
 2.01247657E+06
 2.01247526E+06
 2.01247400E+06
 2.01247277E+06
 2.01247157E+06
 2.01247041E+06
 2.01246928E+06
 2.01246819E+06
 2.01246713E+06
 2.01246610E+06
 2.01246510E+06
 2.01246413E+06
 2.01246319E+06
 2.01246227E+06
 2.01246139E+06
 2.01246053E+06
 2.01245969E+06
 2.01245888E+06
 2.01245810E+06
 2.01245734E+06
 2.01245660E+06
 2.01245589E+06
 2.01245520E+06
 2.01245453E+06
 2.01245388E+06
 2.01245326E+06
 2.01245265E+06
 2.01245206E+06
 2.01245150E+06
 2.01245095E+06
 2.01245042E+06
 2.01244991E+06
 2.01244942E+06
 2.01244895E+06
 2.01244849E+06
 2.01244805E+06
 2.01244763E+06
 2.01244722E+06
 2.01244683E+06
 2.01244646E+06
 2.01244610E+06
 2.01244576E+06
 2.01244543E+06
 2.01244511E+06
 2.01244482E+06
 2.01244453E+06
 2.01244426E+06
 2.01244401E+06
 2.01244376E+06
 2.01244354E+06
 2.01244332E+06
 2.01244312E+06
 2.01244293E+06
 2.01244276E+06
 2.01244260E+06
 2.01244245E+06
 2.01244231E+06
 2.01244219E+06
 2.01244208E+06
 2.01244198E+06
 2.01244189E+06
 2.01244182E+06
 2.01244176E+06
 2.01244171E+06
 2.01244167E+06
 2.01244165E+06
 2.01244163E+06
 2.01258723E+06
 2.01258678E+06
 2.01258591E+06
 2.01258463E+06
 2.01258299E+06
 2.01258103E+06
 2.01257881E+06
 2.01257636E+06
 2.01257374E+06
 2.01257099E+06
 2.01256816E+06
 2.01256526E+06
 2.01256233E+06
 2.01255940E+06
 2.01255648E+06
 2.01255359E+06
 2.01255073E+06
 2.01254793E+06
 2.01254518E+06
 2.01254249E+06
 2.01253986E+06
 2.01253730E+06
 2.01253480E+06
 2.01253238E+06
 2.01253002E+06
 2.01252773E+06
 2.01252550E+06
 2.01252335E+06
 2.01252125E+06
 2.01251922E+06
 2.01251726E+06
 2.01251535E+06
 2.01251351E+06
 2.01251143E+06
 2.01250916E+06
 2.01250693E+06
 2.01250476E+06
 2.01250264E+06
 2.01250059E+06
 2.01249860E+06
 2.01249666E+06
 2.01249478E+06
 2.01249296E+06
 2.01249119E+06
 2.01248946E+06
 2.01248779E+06
 2.01248617E+06
 2.01248459E+06
 2.01248305E+06
 2.01248156E+06
 2.01248012E+06
 2.01247871E+06
 2.01247735E+06
 2.01247602E+06
 2.01247473E+06
 2.01247348E+06
 2.01247227E+06
 2.01247109E+06
 2.01246994E+06
 2.01246883E+06
 2.01246775E+06
 2.01246670E+06
 2.01246568E+06
 2.01246469E+06
 2.01246373E+06
 2.01246280E+06
 2.01246190E+06
 2.01246102E+06
 2.01246017E+06
 2.01245934E+06
 2.01245854E+06
 2.01245777E+06
 2.01245702E+06
 2.01245629E+06
 2.01245558E+06
 2.01245490E+06
 2.01245424E+06
 2.01245360E+06
 2.01245298E+06
 2.01245238E+06
 2.01245180E+06
 2.01245124E+06
 2.01245069E+06
 2.01245017E+06
 2.01244967E+06
 2.01244918E+06
 2.01244871E+06
 2.01244826E+06
 2.01244782E+06
 2.01244741E+06
 2.01244700E+06
 2.01244662E+06
 2.01244625E+06
 2.01244589E+06
 2.01244555E+06
 2.01244523E+06
 2.01244492E+06
 2.01244462E+06
 2.01244434E+06
 2.01244407E+06
 2.01244382E+06
 2.01244358E+06
 2.01244335E+06
 2.01244314E+06
 2.01244294E+06
 2.01244275E+06
 2.01244258E+06
 2.01244242E+06
 2.01244227E+06
 2.01244214E+06
 2.01244202E+06
 2.01244191E+06
 2.01244181E+06
 2.01244172E+06
 2.01244165E+06
 2.01244159E+06
 2.01244154E+06
 2.01244151E+06
 2.01244148E+06
 2.01244147E+06
 2.01258108E+06
 2.01258070E+06
 2.01257994E+06
 2.01257883E+06
 2.01257740E+06
 2.01257569E+06
 2.01257372E+06
 2.01257155E+06
 2.01256921E+06
 2.01256674E+06
 2.01256417E+06
 2.01256153E+06
 2.01255885E+06
 2.01255614E+06
 2.01255344E+06
 2.01255074E+06
 2.01254807E+06
 2.01254544E+06
 2.01254284E+06
 2.01254030E+06
 2.01253780E+06
 2.01253537E+06
 2.01253298E+06
 2.01253066E+06
 2.01252840E+06
 2.01252620E+06
 2.01252406E+06
 2.01252198E+06
 2.01251996E+06
 2.01251799E+06
 2.01251609E+06
 2.01251423E+06
 2.01251240E+06
 2.01251020E+06
 2.01250797E+06
 2.01250579E+06
 2.01250366E+06
 2.01250159E+06
 2.01249958E+06
 2.01249763E+06
 2.01249573E+06
 2.01249389E+06
 2.01249210E+06
 2.01249036E+06
 2.01248866E+06
 2.01248702E+06
 2.01248542E+06
 2.01248387E+06
 2.01248236E+06
 2.01248089E+06
 2.01247947E+06
 2.01247808E+06
 2.01247674E+06
 2.01247543E+06
 2.01247416E+06
 2.01247293E+06
 2.01247173E+06
 2.01247057E+06
 2.01246943E+06
 2.01246834E+06
 2.01246727E+06
 2.01246623E+06
 2.01246523E+06
 2.01246425E+06
 2.01246331E+06
 2.01246239E+06
 2.01246149E+06
 2.01246063E+06
 2.01245979E+06
 2.01245897E+06
 2.01245818E+06
 2.01245741E+06
 2.01245667E+06
 2.01245595E+06
 2.01245525E+06
 2.01245458E+06
 2.01245392E+06
 2.01245329E+06
 2.01245268E+06
 2.01245208E+06
 2.01245151E+06
 2.01245096E+06
 2.01245042E+06
 2.01244990E+06
 2.01244940E+06
 2.01244892E+06
 2.01244846E+06
 2.01244801E+06
 2.01244758E+06
 2.01244717E+06
 2.01244677E+06
 2.01244639E+06
 2.01244602E+06
 2.01244567E+06
 2.01244533E+06
 2.01244501E+06
 2.01244470E+06
 2.01244441E+06
 2.01244413E+06
 2.01244387E+06
 2.01244362E+06
 2.01244338E+06
 2.01244316E+06
 2.01244295E+06
 2.01244275E+06
 2.01244256E+06
 2.01244239E+06
 2.01244223E+06
 2.01244209E+06
 2.01244196E+06
 2.01244183E+06
 2.01244173E+06
 2.01244163E+06
 2.01244154E+06
 2.01244147E+06
 2.01244141E+06
 2.01244136E+06
 2.01244133E+06
 2.01244130E+06
 2.01244129E+06
 2.01257532E+06
 2.01257499E+06
 2.01257433E+06
 2.01257336E+06
 2.01257210E+06
 2.01257059E+06
 2.01256884E+06
 2.01256691E+06
 2.01256481E+06
 2.01256258E+06
 2.01256025E+06
 2.01255784E+06
 2.01255538E+06
 2.01255289E+06
 2.01255038E+06
 2.01254787E+06
 2.01254538E+06
 2.01254291E+06
 2.01254046E+06
 2.01253806E+06
 2.01253570E+06
 2.01253338E+06
 2.01253111E+06
 2.01252889E+06
 2.01252673E+06
 2.01252461E+06
 2.01252256E+06
 2.01252055E+06
 2.01251860E+06
 2.01251670E+06
 2.01251486E+06
 2.01251309E+06
 2.01251111E+06
 2.01250890E+06
 2.01250672E+06
 2.01250458E+06
 2.01250251E+06
 2.01250049E+06
 2.01249852E+06
 2.01249661E+06
 2.01249475E+06
 2.01249294E+06
 2.01249119E+06
 2.01248948E+06
 2.01248782E+06
 2.01248620E+06
 2.01248463E+06
 2.01248311E+06
 2.01248162E+06
 2.01248018E+06
 2.01247878E+06
 2.01247742E+06
 2.01247609E+06
 2.01247481E+06
 2.01247356E+06
 2.01247234E+06
 2.01247116E+06
 2.01247001E+06
 2.01246890E+06
 2.01246782E+06
 2.01246676E+06
 2.01246574E+06
 2.01246475E+06
 2.01246379E+06
 2.01246285E+06
 2.01246194E+06
 2.01246106E+06
 2.01246021E+06
 2.01245938E+06
 2.01245857E+06
 2.01245779E+06
 2.01245704E+06
 2.01245630E+06
 2.01245559E+06
 2.01245490E+06
 2.01245423E+06
 2.01245359E+06
 2.01245296E+06
 2.01245236E+06
 2.01245177E+06
 2.01245120E+06
 2.01245066E+06
 2.01245013E+06
 2.01244962E+06
 2.01244912E+06
 2.01244865E+06
 2.01244819E+06
 2.01244775E+06
 2.01244732E+06
 2.01244691E+06
 2.01244652E+06
 2.01244614E+06
 2.01244578E+06
 2.01244543E+06
 2.01244510E+06
 2.01244478E+06
 2.01244448E+06
 2.01244419E+06
 2.01244391E+06
 2.01244365E+06
 2.01244340E+06
 2.01244317E+06
 2.01244295E+06
 2.01244274E+06
 2.01244254E+06
 2.01244236E+06
 2.01244219E+06
 2.01244204E+06
 2.01244189E+06
 2.01244176E+06
 2.01244164E+06
 2.01244153E+06
 2.01244144E+06
 2.01244135E+06
 2.01244128E+06
 2.01244122E+06
 2.01244117E+06
 2.01244114E+06
 2.01244112E+06
 2.01244110E+06
 2.01256990E+06
 2.01256961E+06
 2.01256902E+06
 2.01256817E+06
 2.01256706E+06
 2.01256571E+06
 2.01256416E+06
 2.01256242E+06
 2.01256054E+06
 2.01255852E+06
 2.01255640E+06
 2.01255420E+06
 2.01255194E+06
 2.01254965E+06
 2.01254732E+06
 2.01254499E+06
 2.01254266E+06
 2.01254034E+06
 2.01253805E+06
 2.01253578E+06
 2.01253354E+06
 2.01253134E+06
 2.01252918E+06
 2.01252707E+06
 2.01252500E+06
 2.01252297E+06
 2.01252100E+06
 2.01251907E+06
 2.01251719E+06
 2.01251536E+06
 2.01251358E+06
 2.01251182E+06
 2.01250971E+06
 2.01250753E+06
 2.01250540E+06
 2.01250332E+06
 2.01250129E+06
 2.01249932E+06
 2.01249740E+06
 2.01249553E+06
 2.01249372E+06
 2.01249195E+06
 2.01249023E+06
 2.01248855E+06
 2.01248692E+06
 2.01248534E+06
 2.01248380E+06
 2.01248230E+06
 2.01248085E+06
 2.01247943E+06
 2.01247805E+06
 2.01247671E+06
 2.01247541E+06
 2.01247414E+06
 2.01247291E+06
 2.01247172E+06
 2.01247056E+06
 2.01246943E+06
 2.01246833E+06
 2.01246726E+06
 2.01246623E+06
 2.01246522E+06
 2.01246424E+06
 2.01246329E+06
 2.01246237E+06
 2.01246148E+06
 2.01246061E+06
 2.01245976E+06
 2.01245895E+06
 2.01245815E+06
 2.01245738E+06
 2.01245664E+06
 2.01245591E+06
 2.01245521E+06
 2.01245453E+06
 2.01245387E+06
 2.01245323E+06
 2.01245261E+06
 2.01245202E+06
 2.01245144E+06
 2.01245088E+06
 2.01245034E+06
 2.01244982E+06
 2.01244931E+06
 2.01244882E+06
 2.01244835E+06
 2.01244790E+06
 2.01244746E+06
 2.01244704E+06
 2.01244664E+06
 2.01244625E+06
 2.01244588E+06
 2.01244552E+06
 2.01244518E+06
 2.01244485E+06
 2.01244454E+06
 2.01244424E+06
 2.01244395E+06
 2.01244368E+06
 2.01244342E+06
 2.01244317E+06
 2.01244294E+06
 2.01244272E+06
 2.01244252E+06
 2.01244233E+06
 2.01244215E+06
 2.01244198E+06
 2.01244182E+06
 2.01244168E+06
 2.01244155E+06
 2.01244143E+06
 2.01244133E+06
 2.01244123E+06
 2.01244115E+06
 2.01244108E+06
 2.01244102E+06
 2.01244097E+06
 2.01244094E+06
 2.01244091E+06
 2.01244090E+06
 2.01256477E+06
 2.01256451E+06
 2.01256399E+06
 2.01256324E+06
 2.01256225E+06
 2.01256105E+06
 2.01255966E+06
 2.01255810E+06
 2.01255639E+06
 2.01255457E+06
 2.01255264E+06
 2.01255062E+06
 2.01254855E+06
 2.01254643E+06
 2.01254428E+06
 2.01254211E+06
 2.01253993E+06
 2.01253776E+06
 2.01253560E+06
 2.01253346E+06
 2.01253135E+06
 2.01252926E+06
 2.01252721E+06
 2.01252519E+06
 2.01252322E+06
 2.01252128E+06
 2.01251939E+06
 2.01251754E+06
 2.01251573E+06
 2.01251397E+06
 2.01251227E+06
 2.01251037E+06
 2.01250823E+06
 2.01250611E+06
 2.01250403E+06
 2.01250200E+06
 2.01250003E+06
 2.01249811E+06
 2.01249623E+06
 2.01249441E+06
 2.01249263E+06
 2.01249090E+06
 2.01248922E+06
 2.01248758E+06
 2.01248599E+06
 2.01248444E+06
 2.01248293E+06
 2.01248146E+06
 2.01248003E+06
 2.01247864E+06
 2.01247728E+06
 2.01247597E+06
 2.01247469E+06
 2.01247345E+06
 2.01247224E+06
 2.01247106E+06
 2.01246992E+06
 2.01246881E+06
 2.01246773E+06
 2.01246668E+06
 2.01246566E+06
 2.01246467E+06
 2.01246371E+06
 2.01246277E+06
 2.01246186E+06
 2.01246098E+06
 2.01246013E+06
 2.01245930E+06
 2.01245849E+06
 2.01245771E+06
 2.01245695E+06
 2.01245621E+06
 2.01245550E+06
 2.01245481E+06
 2.01245414E+06
 2.01245349E+06
 2.01245286E+06
 2.01245225E+06
 2.01245166E+06
 2.01245109E+06
 2.01245054E+06
 2.01245000E+06
 2.01244949E+06
 2.01244899E+06
 2.01244851E+06
 2.01244804E+06
 2.01244760E+06
 2.01244717E+06
 2.01244675E+06
 2.01244635E+06
 2.01244597E+06
 2.01244560E+06
 2.01244525E+06
 2.01244491E+06
 2.01244459E+06
 2.01244428E+06
 2.01244398E+06
 2.01244370E+06
 2.01244343E+06
 2.01244317E+06
 2.01244293E+06
 2.01244270E+06
 2.01244249E+06
 2.01244229E+06
 2.01244210E+06
 2.01244192E+06
 2.01244175E+06
 2.01244160E+06
 2.01244146E+06
 2.01244133E+06
 2.01244121E+06
 2.01244111E+06
 2.01244102E+06
 2.01244093E+06
 2.01244086E+06
 2.01244081E+06
 2.01244076E+06
 2.01244073E+06
 2.01244070E+06
 2.01244069E+06
 2.01255990E+06
 2.01255967E+06
 2.01255921E+06
 2.01255853E+06
 2.01255765E+06
 2.01255657E+06
 2.01255532E+06
 2.01255392E+06
 2.01255237E+06
 2.01255071E+06
 2.01254895E+06
 2.01254711E+06
 2.01254520E+06
 2.01254324E+06
 2.01254125E+06
 2.01253923E+06
 2.01253720E+06
 2.01253517E+06
 2.01253314E+06
 2.01253112E+06
 2.01252913E+06
 2.01252715E+06
 2.01252520E+06
 2.01252328E+06
 2.01252140E+06
 2.01251955E+06
 2.01251774E+06
 2.01251597E+06
 2.01251423E+06
 2.01251253E+06
 2.01251084E+06
 2.01250879E+06
 2.01250669E+06
 2.01250462E+06
 2.01250260E+06
 2.01250064E+06
 2.01249871E+06
 2.01249684E+06
 2.01249502E+06
 2.01249324E+06
 2.01249150E+06
 2.01248981E+06
 2.01248817E+06
 2.01248657E+06
 2.01248501E+06
 2.01248349E+06
 2.01248201E+06
 2.01248057E+06
 2.01247917E+06
 2.01247781E+06
 2.01247648E+06
 2.01247519E+06
 2.01247394E+06
 2.01247272E+06
 2.01247153E+06
 2.01247037E+06
 2.01246925E+06
 2.01246816E+06
 2.01246710E+06
 2.01246607E+06
 2.01246506E+06
 2.01246409E+06
 2.01246314E+06
 2.01246222E+06
 2.01246133E+06
 2.01246046E+06
 2.01245962E+06
 2.01245880E+06
 2.01245801E+06
 2.01245724E+06
 2.01245649E+06
 2.01245577E+06
 2.01245506E+06
 2.01245438E+06
 2.01245372E+06
 2.01245308E+06
 2.01245246E+06
 2.01245186E+06
 2.01245128E+06
 2.01245072E+06
 2.01245017E+06
 2.01244965E+06
 2.01244914E+06
 2.01244865E+06
 2.01244818E+06
 2.01244772E+06
 2.01244728E+06
 2.01244685E+06
 2.01244644E+06
 2.01244605E+06
 2.01244567E+06
 2.01244531E+06
 2.01244496E+06
 2.01244463E+06
 2.01244431E+06
 2.01244400E+06
 2.01244371E+06
 2.01244343E+06
 2.01244317E+06
 2.01244292E+06
 2.01244268E+06
 2.01244245E+06
 2.01244224E+06
 2.01244204E+06
 2.01244185E+06
 2.01244168E+06
 2.01244151E+06
 2.01244136E+06
 2.01244122E+06
 2.01244110E+06
 2.01244098E+06
 2.01244088E+06
 2.01244079E+06
 2.01244071E+06
 2.01244064E+06
 2.01244058E+06
 2.01244054E+06
 2.01244050E+06
 2.01244048E+06
 2.01244047E+06
 2.01255526E+06
 2.01255505E+06
 2.01255464E+06
 2.01255403E+06
 2.01255324E+06
 2.01255227E+06
 2.01255115E+06
 2.01254987E+06
 2.01254847E+06
 2.01254696E+06
 2.01254535E+06
 2.01254366E+06
 2.01254190E+06
 2.01254009E+06
 2.01253824E+06
 2.01253637E+06
 2.01253447E+06
 2.01253257E+06
 2.01253067E+06
 2.01252877E+06
 2.01252688E+06
 2.01252501E+06
 2.01252316E+06
 2.01252134E+06
 2.01251955E+06
 2.01251778E+06
 2.01251605E+06
 2.01251435E+06
 2.01251269E+06
 2.01251108E+06
 2.01250921E+06
 2.01250714E+06
 2.01250509E+06
 2.01250309E+06
 2.01250113E+06
 2.01249922E+06
 2.01249735E+06
 2.01249553E+06
 2.01249375E+06
 2.01249202E+06
 2.01249033E+06
 2.01248868E+06
 2.01248707E+06
 2.01248551E+06
 2.01248399E+06
 2.01248250E+06
 2.01248105E+06
 2.01247965E+06
 2.01247828E+06
 2.01247694E+06
 2.01247564E+06
 2.01247438E+06
 2.01247315E+06
 2.01247195E+06
 2.01247079E+06
 2.01246965E+06
 2.01246855E+06
 2.01246748E+06
 2.01246644E+06
 2.01246542E+06
 2.01246444E+06
 2.01246348E+06
 2.01246255E+06
 2.01246165E+06
 2.01246077E+06
 2.01245992E+06
 2.01245909E+06
 2.01245829E+06
 2.01245750E+06
 2.01245675E+06
 2.01245601E+06
 2.01245530E+06
 2.01245461E+06
 2.01245394E+06
 2.01245329E+06
 2.01245266E+06
 2.01245205E+06
 2.01245146E+06
 2.01245088E+06
 2.01245033E+06
 2.01244979E+06
 2.01244928E+06
 2.01244878E+06
 2.01244829E+06
 2.01244783E+06
 2.01244738E+06
 2.01244694E+06
 2.01244652E+06
 2.01244612E+06
 2.01244573E+06
 2.01244536E+06
 2.01244500E+06
 2.01244466E+06
 2.01244433E+06
 2.01244402E+06
 2.01244372E+06
 2.01244343E+06
 2.01244315E+06
 2.01244289E+06
 2.01244265E+06
 2.01244241E+06
 2.01244219E+06
 2.01244198E+06
 2.01244178E+06
 2.01244160E+06
 2.01244142E+06
 2.01244126E+06
 2.01244112E+06
 2.01244098E+06
 2.01244085E+06
 2.01244074E+06
 2.01244064E+06
 2.01244055E+06
 2.01244047E+06
 2.01244040E+06
 2.01244034E+06
 2.01244030E+06
 2.01244027E+06
 2.01244024E+06
 2.01244023E+06
 2.01255082E+06
 2.01255064E+06
 2.01255027E+06
 2.01254972E+06
 2.01254901E+06
 2.01254814E+06
 2.01254712E+06
 2.01254596E+06
 2.01254468E+06
 2.01254330E+06
 2.01254183E+06
 2.01254027E+06
 2.01253865E+06
 2.01253698E+06
 2.01253527E+06
 2.01253352E+06
 2.01253175E+06
 2.01252997E+06
 2.01252818E+06
 2.01252640E+06
 2.01252462E+06
 2.01252285E+06
 2.01252110E+06
 2.01251937E+06
 2.01251766E+06
 2.01251598E+06
 2.01251433E+06
 2.01251270E+06
 2.01251111E+06
 2.01250946E+06
 2.01250745E+06
 2.01250544E+06
 2.01250345E+06
 2.01250151E+06
 2.01249961E+06
 2.01249776E+06
 2.01249594E+06
 2.01249417E+06
 2.01249244E+06
 2.01249076E+06
 2.01248911E+06
 2.01248750E+06
 2.01248594E+06
 2.01248441E+06
 2.01248292E+06
 2.01248147E+06
 2.01248006E+06
 2.01247868E+06
 2.01247734E+06
 2.01247604E+06
 2.01247477E+06
 2.01247353E+06
 2.01247232E+06
 2.01247115E+06
 2.01247001E+06
 2.01246890E+06
 2.01246782E+06
 2.01246677E+06
 2.01246575E+06
 2.01246475E+06
 2.01246379E+06
 2.01246285E+06
 2.01246194E+06
 2.01246105E+06
 2.01246019E+06
 2.01245935E+06
 2.01245853E+06
 2.01245774E+06
 2.01245698E+06
 2.01245623E+06
 2.01245551E+06
 2.01245481E+06
 2.01245413E+06
 2.01245347E+06
 2.01245283E+06
 2.01245221E+06
 2.01245161E+06
 2.01245103E+06
 2.01245047E+06
 2.01244992E+06
 2.01244940E+06
 2.01244889E+06
 2.01244840E+06
 2.01244792E+06
 2.01244746E+06
 2.01244702E+06
 2.01244659E+06
 2.01244618E+06
 2.01244578E+06
 2.01244540E+06
 2.01244504E+06
 2.01244468E+06
 2.01244435E+06
 2.01244402E+06
 2.01244371E+06
 2.01244342E+06
 2.01244313E+06
 2.01244286E+06
 2.01244261E+06
 2.01244236E+06
 2.01244213E+06
 2.01244191E+06
 2.01244171E+06
 2.01244151E+06
 2.01244133E+06
 2.01244116E+06
 2.01244100E+06
 2.01244086E+06
 2.01244072E+06
 2.01244060E+06
 2.01244049E+06
 2.01244038E+06
 2.01244030E+06
 2.01244022E+06
 2.01244015E+06
 2.01244010E+06
 2.01244005E+06
 2.01244002E+06
 2.01244000E+06
 2.01243999E+06
 2.01254657E+06
 2.01254641E+06
 2.01254607E+06
 2.01254558E+06
 2.01254494E+06
 2.01254414E+06
 2.01254322E+06
 2.01254217E+06
 2.01254100E+06
 2.01253974E+06
 2.01253838E+06
 2.01253695E+06
 2.01253546E+06
 2.01253391E+06
 2.01253232E+06
 2.01253070E+06
 2.01252905E+06
 2.01252738E+06
 2.01252570E+06
 2.01252402E+06
 2.01252235E+06
 2.01252068E+06
 2.01251902E+06
 2.01251738E+06
 2.01251575E+06
 2.01251415E+06
 2.01251258E+06
 2.01251103E+06
 2.01250950E+06
 2.01250762E+06
 2.01250564E+06
 2.01250368E+06
 2.01250177E+06
 2.01249989E+06
 2.01249805E+06
 2.01249625E+06
 2.01249449E+06
 2.01249277E+06
 2.01249109E+06
 2.01248945E+06
 2.01248785E+06
 2.01248629E+06
 2.01248476E+06
 2.01248328E+06
 2.01248183E+06
 2.01248041E+06
 2.01247903E+06
 2.01247769E+06
 2.01247638E+06
 2.01247510E+06
 2.01247386E+06
 2.01247265E+06
 2.01247147E+06
 2.01247032E+06
 2.01246921E+06
 2.01246812E+06
 2.01246706E+06
 2.01246603E+06
 2.01246503E+06
 2.01246406E+06
 2.01246311E+06
 2.01246219E+06
 2.01246129E+06
 2.01246042E+06
 2.01245958E+06
 2.01245875E+06
 2.01245796E+06
 2.01245718E+06
 2.01245643E+06
 2.01245570E+06
 2.01245499E+06
 2.01245430E+06
 2.01245363E+06
 2.01245298E+06
 2.01245236E+06
 2.01245175E+06
 2.01245116E+06
 2.01245059E+06
 2.01245003E+06
 2.01244950E+06
 2.01244898E+06
 2.01244848E+06
 2.01244800E+06
 2.01244753E+06
 2.01244708E+06
 2.01244664E+06
 2.01244622E+06
 2.01244582E+06
 2.01244543E+06
 2.01244506E+06
 2.01244469E+06
 2.01244435E+06
 2.01244402E+06
 2.01244370E+06
 2.01244339E+06
 2.01244310E+06
 2.01244282E+06
 2.01244256E+06
 2.01244231E+06
 2.01244207E+06
 2.01244184E+06
 2.01244162E+06
 2.01244142E+06
 2.01244123E+06
 2.01244105E+06
 2.01244088E+06
 2.01244073E+06
 2.01244058E+06
 2.01244045E+06
 2.01244033E+06
 2.01244022E+06
 2.01244012E+06
 2.01244003E+06
 2.01243996E+06
 2.01243989E+06
 2.01243984E+06
 2.01243979E+06
 2.01243976E+06
 2.01243974E+06
 2.01243973E+06
 2.01254249E+06
 2.01254234E+06
 2.01254204E+06
 2.01254159E+06
 2.01254101E+06
 2.01254029E+06
 2.01253945E+06
 2.01253849E+06
 2.01253742E+06
 2.01253626E+06
 2.01253502E+06
 2.01253370E+06
 2.01253232E+06
 2.01253089E+06
 2.01252941E+06
 2.01252790E+06
 2.01252636E+06
 2.01252480E+06
 2.01252322E+06
 2.01252164E+06
 2.01252006E+06
 2.01251849E+06
 2.01251692E+06
 2.01251536E+06
 2.01251382E+06
 2.01251230E+06
 2.01251080E+06
 2.01250933E+06
 2.01250763E+06
 2.01250570E+06
 2.01250378E+06
 2.01250189E+06
 2.01250004E+06
 2.01249822E+06
 2.01249645E+06
 2.01249470E+06
 2.01249300E+06
 2.01249133E+06
 2.01248970E+06
 2.01248811E+06
 2.01248655E+06
 2.01248503E+06
 2.01248355E+06
 2.01248210E+06
 2.01248069E+06
 2.01247931E+06
 2.01247797E+06
 2.01247666E+06
 2.01247538E+06
 2.01247413E+06
 2.01247292E+06
 2.01247174E+06
 2.01247059E+06
 2.01246946E+06
 2.01246837E+06
 2.01246731E+06
 2.01246627E+06
 2.01246527E+06
 2.01246429E+06
 2.01246333E+06
 2.01246240E+06
 2.01246150E+06
 2.01246062E+06
 2.01245977E+06
 2.01245894E+06
 2.01245814E+06
 2.01245735E+06
 2.01245659E+06
 2.01245586E+06
 2.01245514E+06
 2.01245444E+06
 2.01245377E+06
 2.01245311E+06
 2.01245248E+06
 2.01245186E+06
 2.01245126E+06
 2.01245069E+06
 2.01245013E+06
 2.01244958E+06
 2.01244906E+06
 2.01244855E+06
 2.01244806E+06
 2.01244758E+06
 2.01244712E+06
 2.01244668E+06
 2.01244625E+06
 2.01244584E+06
 2.01244544E+06
 2.01244506E+06
 2.01244469E+06
 2.01244434E+06
 2.01244400E+06
 2.01244367E+06
 2.01244336E+06
 2.01244306E+06
 2.01244277E+06
 2.01244250E+06
 2.01244224E+06
 2.01244199E+06
 2.01244176E+06
 2.01244153E+06
 2.01244132E+06
 2.01244112E+06
 2.01244094E+06
 2.01244076E+06
 2.01244059E+06
 2.01244044E+06
 2.01244030E+06
 2.01244017E+06
 2.01244005E+06
 2.01243994E+06
 2.01243985E+06
 2.01243976E+06
 2.01243968E+06
 2.01243962E+06
 2.01243957E+06
 2.01243952E+06
 2.01243949E+06
 2.01243947E+06
 2.01243946E+06
 2.01253856E+06
 2.01253843E+06
 2.01253815E+06
 2.01253775E+06
 2.01253721E+06
 2.01253656E+06
 2.01253579E+06
 2.01253491E+06
 2.01253393E+06
 2.01253287E+06
 2.01253173E+06
 2.01253051E+06
 2.01252923E+06
 2.01252790E+06
 2.01252653E+06
 2.01252512E+06
 2.01252368E+06
 2.01252223E+06
 2.01252075E+06
 2.01251927E+06
 2.01251778E+06
 2.01251629E+06
 2.01251481E+06
 2.01251333E+06
 2.01251187E+06
 2.01251042E+06
 2.01250900E+06
 2.01250747E+06
 2.01250561E+06
 2.01250374E+06
 2.01250189E+06
 2.01250007E+06
 2.01249828E+06
 2.01249652E+06
 2.01249481E+06
 2.01249312E+06
 2.01249147E+06
 2.01248986E+06
 2.01248828E+06
 2.01248673E+06
 2.01248522E+06
 2.01248375E+06
 2.01248230E+06
 2.01248089E+06
 2.01247952E+06
 2.01247818E+06
 2.01247687E+06
 2.01247559E+06
 2.01247435E+06
 2.01247313E+06
 2.01247195E+06
 2.01247079E+06
 2.01246967E+06
 2.01246857E+06
 2.01246751E+06
 2.01246647E+06
 2.01246546E+06
 2.01246447E+06
 2.01246351E+06
 2.01246258E+06
 2.01246167E+06
 2.01246079E+06
 2.01245993E+06
 2.01245910E+06
 2.01245829E+06
 2.01245750E+06
 2.01245673E+06
 2.01245599E+06
 2.01245526E+06
 2.01245456E+06
 2.01245388E+06
 2.01245322E+06
 2.01245258E+06
 2.01245195E+06
 2.01245135E+06
 2.01245076E+06
 2.01245020E+06
 2.01244965E+06
 2.01244911E+06
 2.01244860E+06
 2.01244810E+06
 2.01244762E+06
 2.01244715E+06
 2.01244670E+06
 2.01244627E+06
 2.01244585E+06
 2.01244544E+06
 2.01244505E+06
 2.01244468E+06
 2.01244432E+06
 2.01244397E+06
 2.01244364E+06
 2.01244332E+06
 2.01244301E+06
 2.01244272E+06
 2.01244243E+06
 2.01244217E+06
 2.01244191E+06
 2.01244167E+06
 2.01244144E+06
 2.01244122E+06
 2.01244101E+06
 2.01244081E+06
 2.01244063E+06
 2.01244046E+06
 2.01244029E+06
 2.01244014E+06
 2.01244001E+06
 2.01243988E+06
 2.01243976E+06
 2.01243965E+06
 2.01243956E+06
 2.01243948E+06
 2.01243940E+06
 2.01243934E+06
 2.01243929E+06
 2.01243924E+06
 2.01243921E+06
 2.01243919E+06
 2.01243918E+06
 2.01253477E+06
 2.01253465E+06
 2.01253440E+06
 2.01253403E+06
 2.01253354E+06
 2.01253294E+06
 2.01253224E+06
 2.01253143E+06
 2.01253054E+06
 2.01252956E+06
 2.01252850E+06
 2.01252738E+06
 2.01252620E+06
 2.01252497E+06
 2.01252369E+06
 2.01252238E+06
 2.01252104E+06
 2.01251967E+06
 2.01251829E+06
 2.01251689E+06
 2.01251549E+06
 2.01251409E+06
 2.01251269E+06
 2.01251129E+06
 2.01250991E+06
 2.01250852E+06
 2.01250714E+06
 2.01250537E+06
 2.01250355E+06
 2.01250174E+06
 2.01249996E+06
 2.01249820E+06
 2.01249648E+06
 2.01249479E+06
 2.01249313E+06
 2.01249150E+06
 2.01248991E+06
 2.01248835E+06
 2.01248682E+06
 2.01248532E+06
 2.01248385E+06
 2.01248242E+06
 2.01248102E+06
 2.01247965E+06
 2.01247832E+06
 2.01247701E+06
 2.01247574E+06
 2.01247450E+06
 2.01247328E+06
 2.01247210E+06
 2.01247095E+06
 2.01246982E+06
 2.01246873E+06
 2.01246766E+06
 2.01246662E+06
 2.01246560E+06
 2.01246461E+06
 2.01246365E+06
 2.01246272E+06
 2.01246181E+06
 2.01246092E+06
 2.01246006E+06
 2.01245922E+06
 2.01245840E+06
 2.01245761E+06
 2.01245684E+06
 2.01245609E+06
 2.01245536E+06
 2.01245465E+06
 2.01245396E+06
 2.01245329E+06
 2.01245265E+06
 2.01245202E+06
 2.01245141E+06
 2.01245082E+06
 2.01245024E+06
 2.01244969E+06
 2.01244915E+06
 2.01244863E+06
 2.01244812E+06
 2.01244764E+06
 2.01244716E+06
 2.01244671E+06
 2.01244627E+06
 2.01244584E+06
 2.01244543E+06
 2.01244503E+06
 2.01244465E+06
 2.01244428E+06
 2.01244393E+06
 2.01244359E+06
 2.01244326E+06
 2.01244295E+06
 2.01244265E+06
 2.01244236E+06
 2.01244208E+06
 2.01244182E+06
 2.01244157E+06
 2.01244133E+06
 2.01244110E+06
 2.01244089E+06
 2.01244068E+06
 2.01244049E+06
 2.01244031E+06
 2.01244014E+06
 2.01243998E+06
 2.01243984E+06
 2.01243970E+06
 2.01243957E+06
 2.01243946E+06
 2.01243936E+06
 2.01243926E+06
 2.01243918E+06
 2.01243911E+06
 2.01243905E+06
 2.01243899E+06
 2.01243895E+06
 2.01243892E+06
 2.01243890E+06
 2.01243889E+06
 2.01253110E+06
 2.01253099E+06
 2.01253076E+06
 2.01253042E+06
 2.01252998E+06
 2.01252943E+06
 2.01252878E+06
 2.01252805E+06
 2.01252722E+06
 2.01252632E+06
 2.01252535E+06
 2.01252431E+06
 2.01252322E+06
 2.01252207E+06
 2.01252089E+06
 2.01251966E+06
 2.01251841E+06
 2.01251713E+06
 2.01251584E+06
 2.01251453E+06
 2.01251321E+06
 2.01251189E+06
 2.01251057E+06
 2.01250925E+06
 2.01250793E+06
 2.01250663E+06
 2.01250497E+06
 2.01250320E+06
 2.01250145E+06
 2.01249971E+06
 2.01249800E+06
 2.01249631E+06
 2.01249465E+06
 2.01249303E+06
 2.01249142E+06
 2.01248985E+06
 2.01248831E+06
 2.01248680E+06
 2.01248532E+06
 2.01248387E+06
 2.01248245E+06
 2.01248107E+06
 2.01247971E+06
 2.01247838E+06
 2.01247708E+06
 2.01247582E+06
 2.01247458E+06
 2.01247337E+06
 2.01247219E+06
 2.01247104E+06
 2.01246992E+06
 2.01246882E+06
 2.01246775E+06
 2.01246671E+06
 2.01246570E+06
 2.01246471E+06
 2.01246375E+06
 2.01246281E+06
 2.01246189E+06
 2.01246101E+06
 2.01246014E+06
 2.01245930E+06
 2.01245848E+06
 2.01245768E+06
 2.01245691E+06
 2.01245615E+06
 2.01245542E+06
 2.01245471E+06
 2.01245401E+06
 2.01245334E+06
 2.01245269E+06
 2.01245206E+06
 2.01245144E+06
 2.01245085E+06
 2.01245027E+06
 2.01244971E+06
 2.01244916E+06
 2.01244864E+06
 2.01244813E+06
 2.01244763E+06
 2.01244715E+06
 2.01244669E+06
 2.01244625E+06
 2.01244581E+06
 2.01244540E+06
 2.01244499E+06
 2.01244461E+06
 2.01244423E+06
 2.01244387E+06
 2.01244352E+06
 2.01244319E+06
 2.01244287E+06
 2.01244256E+06
 2.01244227E+06
 2.01244199E+06
 2.01244172E+06
 2.01244146E+06
 2.01244121E+06
 2.01244098E+06
 2.01244076E+06
 2.01244055E+06
 2.01244035E+06
 2.01244016E+06
 2.01243998E+06
 2.01243982E+06
 2.01243966E+06
 2.01243952E+06
 2.01243938E+06
 2.01243926E+06
 2.01243915E+06
 2.01243905E+06
 2.01243896E+06
 2.01243887E+06
 2.01243880E+06
 2.01243874E+06
 2.01243869E+06
 2.01243865E+06
 2.01243862E+06
 2.01243860E+06
 2.01243859E+06
 2.01252755E+06
 2.01252745E+06
 2.01252724E+06
 2.01252693E+06
 2.01252652E+06
 2.01252602E+06
 2.01252543E+06
 2.01252475E+06
 2.01252399E+06
 2.01252316E+06
 2.01252226E+06
 2.01252130E+06
 2.01252028E+06
 2.01251922E+06
 2.01251812E+06
 2.01251698E+06
 2.01251581E+06
 2.01251461E+06
 2.01251340E+06
 2.01251217E+06
 2.01251093E+06
 2.01250969E+06
 2.01250844E+06
 2.01250719E+06
 2.01250595E+06
 2.01250441E+06
 2.01250271E+06
 2.01250101E+06
 2.01249932E+06
 2.01249766E+06
 2.01249601E+06
 2.01249439E+06
 2.01249280E+06
 2.01249123E+06
 2.01248969E+06
 2.01248817E+06
 2.01248669E+06
 2.01248523E+06
 2.01248380E+06
 2.01248240E+06
 2.01248102E+06
 2.01247968E+06
 2.01247836E+06
 2.01247708E+06
 2.01247582E+06
 2.01247459E+06
 2.01247339E+06
 2.01247221E+06
 2.01247107E+06
 2.01246995E+06
 2.01246886E+06
 2.01246779E+06
 2.01246675E+06
 2.01246574E+06
 2.01246475E+06
 2.01246379E+06
 2.01246285E+06
 2.01246194E+06
 2.01246105E+06
 2.01246018E+06
 2.01245934E+06
 2.01245852E+06
 2.01245772E+06
 2.01245694E+06
 2.01245618E+06
 2.01245545E+06
 2.01245473E+06
 2.01245404E+06
 2.01245336E+06
 2.01245270E+06
 2.01245207E+06
 2.01245145E+06
 2.01245085E+06
 2.01245027E+06
 2.01244970E+06
 2.01244915E+06
 2.01244862E+06
 2.01244811E+06
 2.01244761E+06
 2.01244712E+06
 2.01244666E+06
 2.01244621E+06
 2.01244577E+06
 2.01244535E+06
 2.01244494E+06
 2.01244455E+06
 2.01244417E+06
 2.01244380E+06
 2.01244345E+06
 2.01244311E+06
 2.01244278E+06
 2.01244247E+06
 2.01244217E+06
 2.01244188E+06
 2.01244160E+06
 2.01244134E+06
 2.01244109E+06
 2.01244085E+06
 2.01244062E+06
 2.01244040E+06
 2.01244020E+06
 2.01244000E+06
 2.01243982E+06
 2.01243964E+06
 2.01243948E+06
 2.01243933E+06
 2.01243919E+06
 2.01243906E+06
 2.01243894E+06
 2.01243883E+06
 2.01243873E+06
 2.01243864E+06
 2.01243856E+06
 2.01243849E+06
 2.01243843E+06
 2.01243838E+06
 2.01243834E+06
 2.01243831E+06
 2.01243829E+06
 2.01243828E+06
 2.01252410E+06
 2.01252401E+06
 2.01252382E+06
 2.01252353E+06
 2.01252316E+06
 2.01252270E+06
 2.01252215E+06
 2.01252153E+06
 2.01252083E+06
 2.01252006E+06
 2.01251923E+06
 2.01251834E+06
 2.01251740E+06
 2.01251641E+06
 2.01251538E+06
 2.01251432E+06
 2.01251323E+06
 2.01251211E+06
 2.01251097E+06
 2.01250982E+06
 2.01250866E+06
 2.01250749E+06
 2.01250631E+06
 2.01250514E+06
 2.01250370E+06
 2.01250207E+06
 2.01250042E+06
 2.01249879E+06
 2.01249718E+06
 2.01249558E+06
 2.01249401E+06
 2.01249245E+06
 2.01249092E+06
 2.01248941E+06
 2.01248792E+06
 2.01248647E+06
 2.01248503E+06
 2.01248362E+06
 2.01248224E+06
 2.01248089E+06
 2.01247956E+06
 2.01247826E+06
 2.01247699E+06
 2.01247574E+06
 2.01247453E+06
 2.01247333E+06
 2.01247217E+06
 2.01247103E+06
 2.01246992E+06
 2.01246883E+06
 2.01246777E+06
 2.01246674E+06
 2.01246573E+06
 2.01246474E+06
 2.01246378E+06
 2.01246285E+06
 2.01246193E+06
 2.01246104E+06
 2.01246018E+06
 2.01245933E+06
 2.01245851E+06
 2.01245771E+06
 2.01245693E+06
 2.01245618E+06
 2.01245544E+06
 2.01245472E+06
 2.01245402E+06
 2.01245335E+06
 2.01245269E+06
 2.01245205E+06
 2.01245143E+06
 2.01245082E+06
 2.01245024E+06
 2.01244967E+06
 2.01244912E+06
 2.01244858E+06
 2.01244806E+06
 2.01244756E+06
 2.01244707E+06
 2.01244660E+06
 2.01244615E+06
 2.01244570E+06
 2.01244528E+06
 2.01244487E+06
 2.01244447E+06
 2.01244408E+06
 2.01244371E+06
 2.01244335E+06
 2.01244301E+06
 2.01244268E+06
 2.01244236E+06
 2.01244205E+06
 2.01244176E+06
 2.01244148E+06
 2.01244121E+06
 2.01244095E+06
 2.01244070E+06
 2.01244047E+06
 2.01244025E+06
 2.01244003E+06
 2.01243983E+06
 2.01243964E+06
 2.01243946E+06
 2.01243929E+06
 2.01243913E+06
 2.01243899E+06
 2.01243885E+06
 2.01243872E+06
 2.01243860E+06
 2.01243849E+06
 2.01243840E+06
 2.01243831E+06
 2.01243823E+06
 2.01243816E+06
 2.01243811E+06
 2.01243806E+06
 2.01243802E+06
 2.01243799E+06
 2.01243797E+06
 2.01243796E+06
 2.01252075E+06
 2.01252066E+06
 2.01252049E+06
 2.01252023E+06
 2.01251988E+06
 2.01251946E+06
 2.01251895E+06
 2.01251838E+06
 2.01251773E+06
 2.01251703E+06
 2.01251626E+06
 2.01251543E+06
 2.01251456E+06
 2.01251364E+06
 2.01251269E+06
 2.01251170E+06
 2.01251068E+06
 2.01250963E+06
 2.01250857E+06
 2.01250748E+06
 2.01250639E+06
 2.01250529E+06
 2.01250418E+06
 2.01250283E+06
 2.01250127E+06
 2.01249969E+06
 2.01249812E+06
 2.01249656E+06
 2.01249501E+06
 2.01249349E+06
 2.01249198E+06
 2.01249048E+06
 2.01248901E+06
 2.01248756E+06
 2.01248614E+06
 2.01248473E+06
 2.01248335E+06
 2.01248200E+06
 2.01248066E+06
 2.01247936E+06
 2.01247808E+06
 2.01247682E+06
 2.01247559E+06
 2.01247439E+06
 2.01247321E+06
 2.01247205E+06
 2.01247093E+06
 2.01246982E+06
 2.01246874E+06
 2.01246769E+06
 2.01246666E+06
 2.01246566E+06
 2.01246468E+06
 2.01246372E+06
 2.01246279E+06
 2.01246188E+06
 2.01246099E+06
 2.01246013E+06
 2.01245929E+06
 2.01245847E+06
 2.01245767E+06
 2.01245689E+06
 2.01245613E+06
 2.01245539E+06
 2.01245467E+06
 2.01245398E+06
 2.01245330E+06
 2.01245264E+06
 2.01245199E+06
 2.01245137E+06
 2.01245077E+06
 2.01245018E+06
 2.01244961E+06
 2.01244905E+06
 2.01244851E+06
 2.01244799E+06
 2.01244749E+06
 2.01244700E+06
 2.01244652E+06
 2.01244606E+06
 2.01244562E+06
 2.01244519E+06
 2.01244477E+06
 2.01244437E+06
 2.01244398E+06
 2.01244361E+06
 2.01244324E+06
 2.01244290E+06
 2.01244256E+06
 2.01244224E+06
 2.01244193E+06
 2.01244163E+06
 2.01244134E+06
 2.01244107E+06
 2.01244080E+06
 2.01244055E+06
 2.01244031E+06
 2.01244008E+06
 2.01243986E+06
 2.01243965E+06
 2.01243946E+06
 2.01243927E+06
 2.01243910E+06
 2.01243893E+06
 2.01243878E+06
 2.01243863E+06
 2.01243850E+06
 2.01243837E+06
 2.01243826E+06
 2.01243815E+06
 2.01243806E+06
 2.01243797E+06
 2.01243790E+06
 2.01243783E+06
 2.01243777E+06
 2.01243773E+06
 2.01243769E+06
 2.01243766E+06
 2.01243764E+06
 2.01243763E+06
 2.01251749E+06
 2.01251740E+06
 2.01251724E+06
 2.01251700E+06
 2.01251669E+06
 2.01251630E+06
 2.01251583E+06
 2.01251530E+06
 2.01251471E+06
 2.01251405E+06
 2.01251334E+06
 2.01251258E+06
 2.01251177E+06
 2.01251091E+06
 2.01251002E+06
 2.01250910E+06
 2.01250815E+06
 2.01250717E+06
 2.01250617E+06
 2.01250516E+06
 2.01250413E+06
 2.01250310E+06
 2.01250180E+06
 2.01250032E+06
 2.01249881E+06
 2.01249730E+06
 2.01249580E+06
 2.01249431E+06
 2.01249283E+06
 2.01249137E+06
 2.01248993E+06
 2.01248850E+06
 2.01248709E+06
 2.01248569E+06
 2.01248432E+06
 2.01248297E+06
 2.01248165E+06
 2.01248034E+06
 2.01247906E+06
 2.01247780E+06
 2.01247656E+06
 2.01247535E+06
 2.01247416E+06
 2.01247300E+06
 2.01247186E+06
 2.01247075E+06
 2.01246966E+06
 2.01246859E+06
 2.01246755E+06
 2.01246653E+06
 2.01246553E+06
 2.01246456E+06
 2.01246361E+06
 2.01246268E+06
 2.01246177E+06
 2.01246089E+06
 2.01246003E+06
 2.01245919E+06
 2.01245837E+06
 2.01245757E+06
 2.01245680E+06
 2.01245604E+06
 2.01245530E+06
 2.01245459E+06
 2.01245389E+06
 2.01245321E+06
 2.01245255E+06
 2.01245191E+06
 2.01245128E+06
 2.01245068E+06
 2.01245009E+06
 2.01244952E+06
 2.01244896E+06
 2.01244842E+06
 2.01244790E+06
 2.01244739E+06
 2.01244690E+06
 2.01244642E+06
 2.01244596E+06
 2.01244551E+06
 2.01244508E+06
 2.01244466E+06
 2.01244425E+06
 2.01244386E+06
 2.01244348E+06
 2.01244312E+06
 2.01244276E+06
 2.01244242E+06
 2.01244210E+06
 2.01244178E+06
 2.01244148E+06
 2.01244119E+06
 2.01244091E+06
 2.01244064E+06
 2.01244038E+06
 2.01244014E+06
 2.01243990E+06
 2.01243968E+06
 2.01243947E+06
 2.01243927E+06
 2.01243907E+06
 2.01243889E+06
 2.01243872E+06
 2.01243856E+06
 2.01243841E+06
 2.01243827E+06
 2.01243814E+06
 2.01243802E+06
 2.01243790E+06
 2.01243780E+06
 2.01243771E+06
 2.01243762E+06
 2.01243755E+06
 2.01243749E+06
 2.01243743E+06
 2.01243738E+06
 2.01243735E+06
 2.01243732E+06
 2.01243730E+06
 2.01243729E+06
 2.01251430E+06
 2.01251423E+06
 2.01251408E+06
 2.01251386E+06
 2.01251357E+06
 2.01251321E+06
 2.01251278E+06
 2.01251229E+06
 2.01251174E+06
 2.01251113E+06
 2.01251047E+06
 2.01250977E+06
 2.01250901E+06
 2.01250822E+06
 2.01250739E+06
 2.01250653E+06
 2.01250565E+06
 2.01250473E+06
 2.01250380E+06
 2.01250284E+06
 2.01250188E+06
 2.01250062E+06
 2.01249921E+06
 2.01249777E+06
 2.01249633E+06
 2.01249490E+06
 2.01249347E+06
 2.01249205E+06
 2.01249064E+06
 2.01248924E+06
 2.01248786E+06
 2.01248649E+06
 2.01248514E+06
 2.01248381E+06
 2.01248249E+06
 2.01248119E+06
 2.01247992E+06
 2.01247866E+06
 2.01247743E+06
 2.01247622E+06
 2.01247503E+06
 2.01247386E+06
 2.01247272E+06
 2.01247159E+06
 2.01247049E+06
 2.01246942E+06
 2.01246836E+06
 2.01246733E+06
 2.01246632E+06
 2.01246534E+06
 2.01246437E+06
 2.01246343E+06
 2.01246251E+06
 2.01246161E+06
 2.01246073E+06
 2.01245988E+06
 2.01245904E+06
 2.01245823E+06
 2.01245744E+06
 2.01245666E+06
 2.01245591E+06
 2.01245518E+06
 2.01245446E+06
 2.01245376E+06
 2.01245309E+06
 2.01245243E+06
 2.01245179E+06
 2.01245116E+06
 2.01245056E+06
 2.01244997E+06
 2.01244939E+06
 2.01244884E+06
 2.01244830E+06
 2.01244777E+06
 2.01244726E+06
 2.01244677E+06
 2.01244629E+06
 2.01244583E+06
 2.01244538E+06
 2.01244494E+06
 2.01244452E+06
 2.01244411E+06
 2.01244372E+06
 2.01244334E+06
 2.01244297E+06
 2.01244261E+06
 2.01244227E+06
 2.01244194E+06
 2.01244162E+06
 2.01244131E+06
 2.01244102E+06
 2.01244074E+06
 2.01244046E+06
 2.01244020E+06
 2.01243995E+06
 2.01243972E+06
 2.01243949E+06
 2.01243927E+06
 2.01243906E+06
 2.01243887E+06
 2.01243868E+06
 2.01243850E+06
 2.01243834E+06
 2.01243818E+06
 2.01243803E+06
 2.01243789E+06
 2.01243777E+06
 2.01243765E+06
 2.01243754E+06
 2.01243744E+06
 2.01243735E+06
 2.01243727E+06
 2.01243720E+06
 2.01243713E+06
 2.01243708E+06
 2.01243703E+06
 2.01243700E+06
 2.01243697E+06
 2.01243695E+06
 2.01243694E+06
 2.01251119E+06
 2.01251112E+06
 2.01251099E+06
 2.01251078E+06
 2.01251051E+06
 2.01251018E+06
 2.01250979E+06
 2.01250934E+06
 2.01250883E+06
 2.01250827E+06
 2.01250766E+06
 2.01250700E+06
 2.01250630E+06
 2.01250557E+06
 2.01250480E+06
 2.01250400E+06
 2.01250317E+06
 2.01250232E+06
 2.01250145E+06
 2.01250053E+06
 2.01249929E+06
 2.01249795E+06
 2.01249659E+06
 2.01249522E+06
 2.01249386E+06
 2.01249249E+06
 2.01249113E+06
 2.01248978E+06
 2.01248843E+06
 2.01248710E+06
 2.01248578E+06
 2.01248447E+06
 2.01248318E+06
 2.01248190E+06
 2.01248064E+06
 2.01247940E+06
 2.01247817E+06
 2.01247697E+06
 2.01247578E+06
 2.01247461E+06
 2.01247347E+06
 2.01247235E+06
 2.01247124E+06
 2.01247016E+06
 2.01246910E+06
 2.01246806E+06
 2.01246705E+06
 2.01246605E+06
 2.01246508E+06
 2.01246412E+06
 2.01246319E+06
 2.01246228E+06
 2.01246139E+06
 2.01246052E+06
 2.01245967E+06
 2.01245885E+06
 2.01245804E+06
 2.01245725E+06
 2.01245648E+06
 2.01245573E+06
 2.01245500E+06
 2.01245429E+06
 2.01245360E+06
 2.01245292E+06
 2.01245227E+06
 2.01245163E+06
 2.01245100E+06
 2.01245040E+06
 2.01244981E+06
 2.01244924E+06
 2.01244868E+06
 2.01244814E+06
 2.01244762E+06
 2.01244711E+06
 2.01244662E+06
 2.01244614E+06
 2.01244567E+06
 2.01244522E+06
 2.01244478E+06
 2.01244436E+06
 2.01244395E+06
 2.01244356E+06
 2.01244317E+06
 2.01244280E+06
 2.01244244E+06
 2.01244210E+06
 2.01244177E+06
 2.01244144E+06
 2.01244113E+06
 2.01244084E+06
 2.01244055E+06
 2.01244027E+06
 2.01244001E+06
 2.01243976E+06
 2.01243951E+06
 2.01243928E+06
 2.01243906E+06
 2.01243885E+06
 2.01243865E+06
 2.01243846E+06
 2.01243827E+06
 2.01243810E+06
 2.01243794E+06
 2.01243779E+06
 2.01243764E+06
 2.01243751E+06
 2.01243739E+06
 2.01243727E+06
 2.01243717E+06
 2.01243707E+06
 2.01243698E+06
 2.01243690E+06
 2.01243683E+06
 2.01243677E+06
 2.01243672E+06
 2.01243668E+06
 2.01243664E+06
 2.01243661E+06
 2.01243660E+06
 2.01243659E+06
 2.01250815E+06
 2.01250809E+06
 2.01250796E+06
 2.01250777E+06
 2.01250753E+06
 2.01250722E+06
 2.01250686E+06
 2.01250644E+06
 2.01250597E+06
 2.01250545E+06
 2.01250488E+06
 2.01250428E+06
 2.01250363E+06
 2.01250295E+06
 2.01250223E+06
 2.01250148E+06
 2.01250071E+06
 2.01249993E+06
 2.01249901E+06
 2.01249781E+06
 2.01249655E+06
 2.01249526E+06
 2.01249397E+06
 2.01249267E+06
 2.01249138E+06
 2.01249008E+06
 2.01248879E+06
 2.01248750E+06
 2.01248622E+06
 2.01248494E+06
 2.01248368E+06
 2.01248243E+06
 2.01248120E+06
 2.01247997E+06
 2.01247877E+06
 2.01247758E+06
 2.01247640E+06
 2.01247525E+06
 2.01247411E+06
 2.01247299E+06
 2.01247189E+06
 2.01247081E+06
 2.01246975E+06
 2.01246871E+06
 2.01246769E+06
 2.01246669E+06
 2.01246571E+06
 2.01246475E+06
 2.01246381E+06
 2.01246289E+06
 2.01246199E+06
 2.01246111E+06
 2.01246025E+06
 2.01245941E+06
 2.01245859E+06
 2.01245779E+06
 2.01245701E+06
 2.01245625E+06
 2.01245551E+06
 2.01245478E+06
 2.01245408E+06
 2.01245339E+06
 2.01245272E+06
 2.01245206E+06
 2.01245143E+06
 2.01245081E+06
 2.01245021E+06
 2.01244962E+06
 2.01244905E+06
 2.01244850E+06
 2.01244796E+06
 2.01244743E+06
 2.01244693E+06
 2.01244643E+06
 2.01244595E+06
 2.01244549E+06
 2.01244504E+06
 2.01244460E+06
 2.01244418E+06
 2.01244377E+06
 2.01244337E+06
 2.01244298E+06
 2.01244261E+06
 2.01244225E+06
 2.01244191E+06
 2.01244157E+06
 2.01244125E+06
 2.01244094E+06
 2.01244064E+06
 2.01244035E+06
 2.01244007E+06
 2.01243980E+06
 2.01243954E+06
 2.01243930E+06
 2.01243906E+06
 2.01243884E+06
 2.01243862E+06
 2.01243842E+06
 2.01243822E+06
 2.01243804E+06
 2.01243786E+06
 2.01243769E+06
 2.01243754E+06
 2.01243739E+06
 2.01243725E+06
 2.01243712E+06
 2.01243700E+06
 2.01243689E+06
 2.01243678E+06
 2.01243669E+06
 2.01243660E+06
 2.01243653E+06
 2.01243646E+06
 2.01243640E+06
 2.01243635E+06
 2.01243631E+06
 2.01243627E+06
 2.01243625E+06
 2.01243623E+06
 2.01243622E+06
 2.01250517E+06
 2.01250511E+06
 2.01250500E+06
 2.01250483E+06
 2.01250460E+06
 2.01250431E+06
 2.01250398E+06
 2.01250359E+06
 2.01250316E+06
 2.01250268E+06
 2.01250215E+06
 2.01250159E+06
 2.01250099E+06
 2.01250036E+06
 2.01249969E+06
 2.01249900E+06
 2.01249827E+06
 2.01249732E+06
 2.01249618E+06
 2.01249500E+06
 2.01249379E+06
 2.01249258E+06
 2.01249135E+06
 2.01249013E+06
 2.01248889E+06
 2.01248766E+06
 2.01248643E+06
 2.01248521E+06
 2.01248399E+06
 2.01248278E+06
 2.01248158E+06
 2.01248038E+06
 2.01247920E+06
 2.01247804E+06
 2.01247688E+06
 2.01247574E+06
 2.01247462E+06
 2.01247351E+06
 2.01247242E+06
 2.01247135E+06
 2.01247029E+06
 2.01246925E+06
 2.01246824E+06
 2.01246724E+06
 2.01246625E+06
 2.01246529E+06
 2.01246435E+06
 2.01246343E+06
 2.01246252E+06
 2.01246164E+06
 2.01246077E+06
 2.01245992E+06
 2.01245909E+06
 2.01245829E+06
 2.01245749E+06
 2.01245672E+06
 2.01245597E+06
 2.01245523E+06
 2.01245452E+06
 2.01245382E+06
 2.01245313E+06
 2.01245247E+06
 2.01245182E+06
 2.01245119E+06
 2.01245057E+06
 2.01244997E+06
 2.01244939E+06
 2.01244882E+06
 2.01244827E+06
 2.01244774E+06
 2.01244722E+06
 2.01244671E+06
 2.01244622E+06
 2.01244574E+06
 2.01244528E+06
 2.01244483E+06
 2.01244439E+06
 2.01244397E+06
 2.01244356E+06
 2.01244316E+06
 2.01244277E+06
 2.01244240E+06
 2.01244204E+06
 2.01244169E+06
 2.01244136E+06
 2.01244103E+06
 2.01244072E+06
 2.01244042E+06
 2.01244013E+06
 2.01243985E+06
 2.01243958E+06
 2.01243932E+06
 2.01243907E+06
 2.01243883E+06
 2.01243860E+06
 2.01243838E+06
 2.01243817E+06
 2.01243798E+06
 2.01243779E+06
 2.01243761E+06
 2.01243743E+06
 2.01243727E+06
 2.01243712E+06
 2.01243698E+06
 2.01243684E+06
 2.01243672E+06
 2.01243660E+06
 2.01243649E+06
 2.01243639E+06
 2.01243630E+06
 2.01243622E+06
 2.01243614E+06
 2.01243608E+06
 2.01243602E+06
 2.01243597E+06
 2.01243593E+06
 2.01243590E+06
 2.01243587E+06
 2.01243586E+06
 2.01243585E+06
 2.01250225E+06
 2.01250220E+06
 2.01250209E+06
 2.01250193E+06
 2.01250172E+06
 2.01250146E+06
 2.01250115E+06
 2.01250080E+06
 2.01250039E+06
 2.01249995E+06
 2.01249947E+06
 2.01249894E+06
 2.01249839E+06
 2.01249779E+06
 2.01249719E+06
 2.01249646E+06
 2.01249548E+06
 2.01249441E+06
 2.01249331E+06
 2.01249219E+06
 2.01249105E+06
 2.01248990E+06
 2.01248874E+06
 2.01248758E+06
 2.01248641E+06
 2.01248525E+06
 2.01248408E+06
 2.01248292E+06
 2.01248176E+06
 2.01248060E+06
 2.01247946E+06
 2.01247832E+06
 2.01247720E+06
 2.01247608E+06
 2.01247498E+06
 2.01247389E+06
 2.01247282E+06
 2.01247176E+06
 2.01247071E+06
 2.01246969E+06
 2.01246867E+06
 2.01246768E+06
 2.01246670E+06
 2.01246574E+06
 2.01246480E+06
 2.01246388E+06
 2.01246297E+06
 2.01246208E+06
 2.01246121E+06
 2.01246036E+06
 2.01245953E+06
 2.01245871E+06
 2.01245792E+06
 2.01245714E+06
 2.01245638E+06
 2.01245563E+06
 2.01245491E+06
 2.01245420E+06
 2.01245350E+06
 2.01245283E+06
 2.01245217E+06
 2.01245153E+06
 2.01245090E+06
 2.01245029E+06
 2.01244970E+06
 2.01244912E+06
 2.01244856E+06
 2.01244801E+06
 2.01244748E+06
 2.01244696E+06
 2.01244646E+06
 2.01244597E+06
 2.01244549E+06
 2.01244503E+06
 2.01244458E+06
 2.01244415E+06
 2.01244373E+06
 2.01244332E+06
 2.01244292E+06
 2.01244254E+06
 2.01244217E+06
 2.01244181E+06
 2.01244146E+06
 2.01244112E+06
 2.01244080E+06
 2.01244048E+06
 2.01244018E+06
 2.01243989E+06
 2.01243960E+06
 2.01243933E+06
 2.01243907E+06
 2.01243882E+06
 2.01243858E+06
 2.01243835E+06
 2.01243813E+06
 2.01243792E+06
 2.01243772E+06
 2.01243752E+06
 2.01243734E+06
 2.01243717E+06
 2.01243700E+06
 2.01243685E+06
 2.01243670E+06
 2.01243656E+06
 2.01243643E+06
 2.01243631E+06
 2.01243619E+06
 2.01243609E+06
 2.01243599E+06
 2.01243590E+06
 2.01243582E+06
 2.01243575E+06
 2.01243569E+06
 2.01243563E+06
 2.01243558E+06
 2.01243555E+06
 2.01243551E+06
 2.01243549E+06
 2.01243547E+06
 2.01243547E+06
 2.01249938E+06
 2.01249934E+06
 2.01249924E+06
 2.01249909E+06
 2.01249890E+06
 2.01249866E+06
 2.01249837E+06
 2.01249804E+06
 2.01249767E+06
 2.01249726E+06
 2.01249681E+06
 2.01249632E+06
 2.01249583E+06
 2.01249524E+06
 2.01249442E+06
 2.01249349E+06
 2.01249250E+06
 2.01249149E+06
 2.01249044E+06
 2.01248939E+06
 2.01248831E+06
 2.01248723E+06
 2.01248614E+06
 2.01248504E+06
 2.01248393E+06
 2.01248283E+06
 2.01248172E+06
 2.01248062E+06
 2.01247952E+06
 2.01247842E+06
 2.01247733E+06
 2.01247625E+06
 2.01247518E+06
 2.01247412E+06
 2.01247307E+06
 2.01247203E+06
 2.01247100E+06
 2.01246999E+06
 2.01246899E+06
 2.01246801E+06
 2.01246704E+06
 2.01246609E+06
 2.01246515E+06
 2.01246423E+06
 2.01246333E+06
 2.01246245E+06
 2.01246158E+06
 2.01246072E+06
 2.01245989E+06
 2.01245907E+06
 2.01245827E+06
 2.01245749E+06
 2.01245672E+06
 2.01245597E+06
 2.01245524E+06
 2.01245452E+06
 2.01245383E+06
 2.01245314E+06
 2.01245248E+06
 2.01245183E+06
 2.01245119E+06
 2.01245058E+06
 2.01244997E+06
 2.01244939E+06
 2.01244881E+06
 2.01244826E+06
 2.01244771E+06
 2.01244719E+06
 2.01244667E+06
 2.01244617E+06
 2.01244569E+06
 2.01244522E+06
 2.01244476E+06
 2.01244431E+06
 2.01244388E+06
 2.01244346E+06
 2.01244305E+06
 2.01244266E+06
 2.01244228E+06
 2.01244191E+06
 2.01244155E+06
 2.01244120E+06
 2.01244086E+06
 2.01244054E+06
 2.01244022E+06
 2.01243992E+06
 2.01243963E+06
 2.01243935E+06
 2.01243907E+06
 2.01243881E+06
 2.01243856E+06
 2.01243832E+06
 2.01243809E+06
 2.01243786E+06
 2.01243765E+06
 2.01243745E+06
 2.01243725E+06
 2.01243706E+06
 2.01243689E+06
 2.01243672E+06
 2.01243656E+06
 2.01243641E+06
 2.01243627E+06
 2.01243613E+06
 2.01243601E+06
 2.01243589E+06
 2.01243578E+06
 2.01243568E+06
 2.01243558E+06
 2.01243550E+06
 2.01243542E+06
 2.01243535E+06
 2.01243529E+06
 2.01243524E+06
 2.01243519E+06
 2.01243515E+06
 2.01243512E+06
 2.01243510E+06
 2.01243508E+06
 2.01243508E+06
 2.01249657E+06
 2.01249652E+06
 2.01249643E+06
 2.01249630E+06
 2.01249612E+06
 2.01249590E+06
 2.01249564E+06
 2.01249534E+06
 2.01249499E+06
 2.01249461E+06
 2.01249421E+06
 2.01249372E+06
 2.01249303E+06
 2.01249223E+06
 2.01249137E+06
 2.01249046E+06
 2.01248953E+06
 2.01248857E+06
 2.01248759E+06
 2.01248660E+06
 2.01248559E+06
 2.01248457E+06
 2.01248354E+06
 2.01248250E+06
 2.01248145E+06
 2.01248041E+06
 2.01247936E+06
 2.01247831E+06
 2.01247727E+06
 2.01247623E+06
 2.01247520E+06
 2.01247417E+06
 2.01247315E+06
 2.01247214E+06
 2.01247114E+06
 2.01247015E+06
 2.01246917E+06
 2.01246821E+06
 2.01246725E+06
 2.01246632E+06
 2.01246539E+06
 2.01246448E+06
 2.01246359E+06
 2.01246271E+06
 2.01246184E+06
 2.01246100E+06
 2.01246016E+06
 2.01245935E+06
 2.01245855E+06
 2.01245776E+06
 2.01245700E+06
 2.01245624E+06
 2.01245551E+06
 2.01245479E+06
 2.01245409E+06
 2.01245340E+06
 2.01245273E+06
 2.01245207E+06
 2.01245143E+06
 2.01245081E+06
 2.01245020E+06
 2.01244961E+06
 2.01244903E+06
 2.01244846E+06
 2.01244791E+06
 2.01244738E+06
 2.01244685E+06
 2.01244635E+06
 2.01244585E+06
 2.01244537E+06
 2.01244490E+06
 2.01244445E+06
 2.01244401E+06
 2.01244358E+06
 2.01244316E+06
 2.01244276E+06
 2.01244237E+06
 2.01244199E+06
 2.01244162E+06
 2.01244126E+06
 2.01244091E+06
 2.01244058E+06
 2.01244026E+06
 2.01243994E+06
 2.01243964E+06
 2.01243935E+06
 2.01243907E+06
 2.01243879E+06
 2.01243853E+06
 2.01243828E+06
 2.01243804E+06
 2.01243780E+06
 2.01243758E+06
 2.01243737E+06
 2.01243716E+06
 2.01243696E+06
 2.01243677E+06
 2.01243660E+06
 2.01243642E+06
 2.01243626E+06
 2.01243611E+06
 2.01243596E+06
 2.01243583E+06
 2.01243570E+06
 2.01243557E+06
 2.01243546E+06
 2.01243536E+06
 2.01243526E+06
 2.01243517E+06
 2.01243509E+06
 2.01243501E+06
 2.01243494E+06
 2.01243489E+06
 2.01243483E+06
 2.01243479E+06
 2.01243475E+06
 2.01243472E+06
 2.01243470E+06
 2.01243469E+06
 2.01243468E+06
 2.01249379E+06
 2.01249375E+06
 2.01249367E+06
 2.01249355E+06
 2.01249338E+06
 2.01249318E+06
 2.01249294E+06
 2.01249267E+06
 2.01249234E+06
 2.01249191E+06
 2.01249132E+06
 2.01249063E+06
 2.01248990E+06
 2.01248912E+06
 2.01248830E+06
 2.01248745E+06
 2.01248658E+06
 2.01248568E+06
 2.01248476E+06
 2.01248383E+06
 2.01248288E+06
 2.01248191E+06
 2.01248094E+06
 2.01247996E+06
 2.01247898E+06
 2.01247799E+06
 2.01247700E+06
 2.01247601E+06
 2.01247502E+06
 2.01247404E+06
 2.01247306E+06
 2.01247208E+06
 2.01247111E+06
 2.01247015E+06
 2.01246920E+06
 2.01246826E+06
 2.01246733E+06
 2.01246641E+06
 2.01246550E+06
 2.01246461E+06
 2.01246373E+06
 2.01246286E+06
 2.01246201E+06
 2.01246117E+06
 2.01246034E+06
 2.01245953E+06
 2.01245873E+06
 2.01245795E+06
 2.01245719E+06
 2.01245644E+06
 2.01245570E+06
 2.01245499E+06
 2.01245428E+06
 2.01245359E+06
 2.01245292E+06
 2.01245226E+06
 2.01245162E+06
 2.01245099E+06
 2.01245037E+06
 2.01244978E+06
 2.01244919E+06
 2.01244862E+06
 2.01244807E+06
 2.01244752E+06
 2.01244700E+06
 2.01244648E+06
 2.01244598E+06
 2.01244549E+06
 2.01244502E+06
 2.01244456E+06
 2.01244411E+06
 2.01244367E+06
 2.01244325E+06
 2.01244283E+06
 2.01244243E+06
 2.01244205E+06
 2.01244167E+06
 2.01244130E+06
 2.01244095E+06
 2.01244060E+06
 2.01244027E+06
 2.01243995E+06
 2.01243964E+06
 2.01243934E+06
 2.01243905E+06
 2.01243877E+06
 2.01243849E+06
 2.01243823E+06
 2.01243798E+06
 2.01243774E+06
 2.01243750E+06
 2.01243728E+06
 2.01243706E+06
 2.01243686E+06
 2.01243666E+06
 2.01243647E+06
 2.01243629E+06
 2.01243612E+06
 2.01243595E+06
 2.01243580E+06
 2.01243565E+06
 2.01243551E+06
 2.01243538E+06
 2.01243525E+06
 2.01243514E+06
 2.01243503E+06
 2.01243493E+06
 2.01243483E+06
 2.01243474E+06
 2.01243467E+06
 2.01243459E+06
 2.01243453E+06
 2.01243447E+06
 2.01243442E+06
 2.01243438E+06
 2.01243434E+06
 2.01243432E+06
 2.01243429E+06
 2.01243428E+06
 2.01243427E+06
 2.01249106E+06
 2.01249103E+06
 2.01249096E+06
 2.01249085E+06
 2.01249069E+06
 2.01249049E+06
 2.01249018E+06
 2.01248977E+06
 2.01248928E+06
 2.01248872E+06
 2.01248811E+06
 2.01248745E+06
 2.01248676E+06
 2.01248602E+06
 2.01248526E+06
 2.01248446E+06
 2.01248365E+06
 2.01248281E+06
 2.01248195E+06
 2.01248107E+06
 2.01248018E+06
 2.01247927E+06
 2.01247836E+06
 2.01247743E+06
 2.01247651E+06
 2.01247557E+06
 2.01247464E+06
 2.01247370E+06
 2.01247277E+06
 2.01247184E+06
 2.01247091E+06
 2.01246998E+06
 2.01246907E+06
 2.01246816E+06
 2.01246725E+06
 2.01246636E+06
 2.01246548E+06
 2.01246460E+06
 2.01246374E+06
 2.01246289E+06
 2.01246205E+06
 2.01246122E+06
 2.01246041E+06
 2.01245961E+06
 2.01245882E+06
 2.01245805E+06
 2.01245729E+06
 2.01245655E+06
 2.01245582E+06
 2.01245510E+06
 2.01245440E+06
 2.01245371E+06
 2.01245304E+06
 2.01245238E+06
 2.01245174E+06
 2.01245111E+06
 2.01245049E+06
 2.01244989E+06
 2.01244930E+06
 2.01244873E+06
 2.01244817E+06
 2.01244762E+06
 2.01244709E+06
 2.01244657E+06
 2.01244606E+06
 2.01244557E+06
 2.01244509E+06
 2.01244462E+06
 2.01244417E+06
 2.01244373E+06
 2.01244330E+06
 2.01244288E+06
 2.01244247E+06
 2.01244208E+06
 2.01244169E+06
 2.01244132E+06
 2.01244096E+06
 2.01244061E+06
 2.01244027E+06
 2.01243994E+06
 2.01243962E+06
 2.01243931E+06
 2.01243901E+06
 2.01243872E+06
 2.01243844E+06
 2.01243817E+06
 2.01243791E+06
 2.01243766E+06
 2.01243742E+06
 2.01243719E+06
 2.01243696E+06
 2.01243675E+06
 2.01243654E+06
 2.01243634E+06
 2.01243615E+06
 2.01243597E+06
 2.01243580E+06
 2.01243563E+06
 2.01243547E+06
 2.01243532E+06
 2.01243518E+06
 2.01243505E+06
 2.01243492E+06
 2.01243480E+06
 2.01243469E+06
 2.01243458E+06
 2.01243449E+06
 2.01243440E+06
 2.01243431E+06
 2.01243424E+06
 2.01243417E+06
 2.01243411E+06
 2.01243405E+06
 2.01243400E+06
 2.01243396E+06
 2.01243393E+06
 2.01243390E+06
 2.01243388E+06
 2.01243387E+06
 2.01243386E+06
 2.01248823E+06
 2.01248816E+06
 2.01248804E+06
 2.01248785E+06
 2.01248760E+06
 2.01248728E+06
 2.01248691E+06
 2.01248648E+06
 2.01248600E+06
 2.01248547E+06
 2.01248490E+06
 2.01248429E+06
 2.01248364E+06
 2.01248295E+06
 2.01248224E+06
 2.01248150E+06
 2.01248074E+06
 2.01247995E+06
 2.01247915E+06
 2.01247832E+06
 2.01247749E+06
 2.01247664E+06
 2.01247578E+06
 2.01247491E+06
 2.01247404E+06
 2.01247316E+06
 2.01247228E+06
 2.01247140E+06
 2.01247051E+06
 2.01246963E+06
 2.01246876E+06
 2.01246788E+06
 2.01246701E+06
 2.01246615E+06
 2.01246530E+06
 2.01246445E+06
 2.01246361E+06
 2.01246278E+06
 2.01246196E+06
 2.01246116E+06
 2.01246036E+06
 2.01245957E+06
 2.01245880E+06
 2.01245804E+06
 2.01245729E+06
 2.01245656E+06
 2.01245583E+06
 2.01245512E+06
 2.01245443E+06
 2.01245375E+06
 2.01245308E+06
 2.01245242E+06
 2.01245178E+06
 2.01245115E+06
 2.01245054E+06
 2.01244994E+06
 2.01244935E+06
 2.01244877E+06
 2.01244821E+06
 2.01244767E+06
 2.01244713E+06
 2.01244661E+06
 2.01244610E+06
 2.01244561E+06
 2.01244512E+06
 2.01244465E+06
 2.01244419E+06
 2.01244374E+06
 2.01244331E+06
 2.01244289E+06
 2.01244247E+06
 2.01244207E+06
 2.01244169E+06
 2.01244131E+06
 2.01244094E+06
 2.01244058E+06
 2.01244024E+06
 2.01243990E+06
 2.01243958E+06
 2.01243926E+06
 2.01243896E+06
 2.01243866E+06
 2.01243837E+06
 2.01243810E+06
 2.01243783E+06
 2.01243757E+06
 2.01243732E+06
 2.01243708E+06
 2.01243685E+06
 2.01243663E+06
 2.01243641E+06
 2.01243621E+06
 2.01243601E+06
 2.01243582E+06
 2.01243564E+06
 2.01243546E+06
 2.01243530E+06
 2.01243514E+06
 2.01243499E+06
 2.01243484E+06
 2.01243471E+06
 2.01243458E+06
 2.01243446E+06
 2.01243434E+06
 2.01243423E+06
 2.01243413E+06
 2.01243404E+06
 2.01243395E+06
 2.01243388E+06
 2.01243380E+06
 2.01243374E+06
 2.01243368E+06
 2.01243362E+06
 2.01243358E+06
 2.01243354E+06
 2.01243351E+06
 2.01243348E+06
 2.01243346E+06
 2.01243345E+06
 2.01243344E+06
 2.01248487E+06
 2.01248480E+06
 2.01248468E+06
 2.01248449E+06
 2.01248424E+06
 2.01248394E+06
 2.01248359E+06
 2.01248319E+06
 2.01248275E+06
 2.01248225E+06
 2.01248172E+06
 2.01248115E+06
 2.01248055E+06
 2.01247992E+06
 2.01247925E+06
 2.01247856E+06
 2.01247785E+06
 2.01247712E+06
 2.01247636E+06
 2.01247559E+06
 2.01247481E+06
 2.01247402E+06
 2.01247321E+06
 2.01247240E+06
 2.01247157E+06
 2.01247075E+06
 2.01246992E+06
 2.01246909E+06
 2.01246826E+06
 2.01246743E+06
 2.01246660E+06
 2.01246578E+06
 2.01246496E+06
 2.01246414E+06
 2.01246333E+06
 2.01246253E+06
 2.01246174E+06
 2.01246095E+06
 2.01246018E+06
 2.01245941E+06
 2.01245866E+06
 2.01245791E+06
 2.01245718E+06
 2.01245646E+06
 2.01245575E+06
 2.01245505E+06
 2.01245436E+06
 2.01245369E+06
 2.01245303E+06
 2.01245238E+06
 2.01245174E+06
 2.01245112E+06
 2.01245051E+06
 2.01244991E+06
 2.01244933E+06
 2.01244875E+06
 2.01244819E+06
 2.01244765E+06
 2.01244711E+06
 2.01244659E+06
 2.01244608E+06
 2.01244558E+06
 2.01244510E+06
 2.01244463E+06
 2.01244417E+06
 2.01244372E+06
 2.01244328E+06
 2.01244285E+06
 2.01244244E+06
 2.01244203E+06
 2.01244164E+06
 2.01244126E+06
 2.01244089E+06
 2.01244053E+06
 2.01244018E+06
 2.01243984E+06
 2.01243951E+06
 2.01243919E+06
 2.01243888E+06
 2.01243857E+06
 2.01243828E+06
 2.01243800E+06
 2.01243773E+06
 2.01243746E+06
 2.01243721E+06
 2.01243696E+06
 2.01243672E+06
 2.01243649E+06
 2.01243627E+06
 2.01243606E+06
 2.01243585E+06
 2.01243566E+06
 2.01243547E+06
 2.01243529E+06
 2.01243511E+06
 2.01243495E+06
 2.01243479E+06
 2.01243464E+06
 2.01243449E+06
 2.01243436E+06
 2.01243423E+06
 2.01243410E+06
 2.01243399E+06
 2.01243388E+06
 2.01243377E+06
 2.01243368E+06
 2.01243359E+06
 2.01243351E+06
 2.01243343E+06
 2.01243336E+06
 2.01243330E+06
 2.01243324E+06
 2.01243319E+06
 2.01243315E+06
 2.01243311E+06
 2.01243308E+06
 2.01243305E+06
 2.01243303E+06
 2.01243302E+06
 2.01243302E+06
 2.01248148E+06
 2.01248142E+06
 2.01248130E+06
 2.01248113E+06
 2.01248091E+06
 2.01248063E+06
 2.01248031E+06
 2.01247994E+06
 2.01247952E+06
 2.01247907E+06
 2.01247858E+06
 2.01247805E+06
 2.01247749E+06
 2.01247691E+06
 2.01247629E+06
 2.01247565E+06
 2.01247498E+06
 2.01247430E+06
 2.01247360E+06
 2.01247288E+06
 2.01247215E+06
 2.01247140E+06
 2.01247065E+06
 2.01246989E+06
 2.01246912E+06
 2.01246834E+06
 2.01246756E+06
 2.01246678E+06
 2.01246600E+06
 2.01246522E+06
 2.01246444E+06
 2.01246366E+06
 2.01246289E+06
 2.01246212E+06
 2.01246136E+06
 2.01246061E+06
 2.01245986E+06
 2.01245912E+06
 2.01245838E+06
 2.01245766E+06
 2.01245695E+06
 2.01245624E+06
 2.01245555E+06
 2.01245486E+06
 2.01245419E+06
 2.01245353E+06
 2.01245288E+06
 2.01245224E+06
 2.01245161E+06
 2.01245100E+06
 2.01245039E+06
 2.01244980E+06
 2.01244922E+06
 2.01244866E+06
 2.01244810E+06
 2.01244756E+06
 2.01244703E+06
 2.01244651E+06
 2.01244600E+06
 2.01244550E+06
 2.01244502E+06
 2.01244455E+06
 2.01244409E+06
 2.01244364E+06
 2.01244320E+06
 2.01244277E+06
 2.01244236E+06
 2.01244195E+06
 2.01244156E+06
 2.01244117E+06
 2.01244080E+06
 2.01244043E+06
 2.01244008E+06
 2.01243974E+06
 2.01243940E+06
 2.01243908E+06
 2.01243877E+06
 2.01243846E+06
 2.01243817E+06
 2.01243788E+06
 2.01243760E+06
 2.01243733E+06
 2.01243707E+06
 2.01243682E+06
 2.01243658E+06
 2.01243634E+06
 2.01243612E+06
 2.01243590E+06
 2.01243569E+06
 2.01243548E+06
 2.01243529E+06
 2.01243510E+06
 2.01243492E+06
 2.01243475E+06
 2.01243458E+06
 2.01243442E+06
 2.01243427E+06
 2.01243413E+06
 2.01243399E+06
 2.01243386E+06
 2.01243374E+06
 2.01243362E+06
 2.01243351E+06
 2.01243340E+06
 2.01243331E+06
 2.01243321E+06
 2.01243313E+06
 2.01243305E+06
 2.01243298E+06
 2.01243291E+06
 2.01243285E+06
 2.01243280E+06
 2.01243275E+06
 2.01243271E+06
 2.01243267E+06
 2.01243264E+06
 2.01243262E+06
 2.01243260E+06
 2.01243259E+06
 2.01243258E+06
 2.01247813E+06
 2.01247808E+06
 2.01247797E+06
 2.01247782E+06
 2.01247761E+06
 2.01247736E+06
 2.01247706E+06
 2.01247672E+06
 2.01247634E+06
 2.01247592E+06
 2.01247547E+06
 2.01247499E+06
 2.01247447E+06
 2.01247392E+06
 2.01247335E+06
 2.01247276E+06
 2.01247214E+06
 2.01247150E+06
 2.01247085E+06
 2.01247018E+06
 2.01246950E+06
 2.01246880E+06
 2.01246810E+06
 2.01246738E+06
 2.01246666E+06
 2.01246594E+06
 2.01246521E+06
 2.01246448E+06
 2.01246374E+06
 2.01246301E+06
 2.01246228E+06
 2.01246155E+06
 2.01246082E+06
 2.01246010E+06
 2.01245938E+06
 2.01245867E+06
 2.01245797E+06
 2.01245727E+06
 2.01245658E+06
 2.01245590E+06
 2.01245522E+06
 2.01245456E+06
 2.01245390E+06
 2.01245326E+06
 2.01245262E+06
 2.01245200E+06
 2.01245138E+06
 2.01245078E+06
 2.01245019E+06
 2.01244961E+06
 2.01244903E+06
 2.01244848E+06
 2.01244793E+06
 2.01244739E+06
 2.01244686E+06
 2.01244635E+06
 2.01244585E+06
 2.01244536E+06
 2.01244487E+06
 2.01244441E+06
 2.01244395E+06
 2.01244350E+06
 2.01244306E+06
 2.01244264E+06
 2.01244222E+06
 2.01244182E+06
 2.01244142E+06
 2.01244104E+06
 2.01244066E+06
 2.01244030E+06
 2.01243994E+06
 2.01243960E+06
 2.01243926E+06
 2.01243894E+06
 2.01243862E+06
 2.01243831E+06
 2.01243802E+06
 2.01243773E+06
 2.01243745E+06
 2.01243717E+06
 2.01243691E+06
 2.01243665E+06
 2.01243641E+06
 2.01243617E+06
 2.01243594E+06
 2.01243572E+06
 2.01243550E+06
 2.01243529E+06
 2.01243509E+06
 2.01243490E+06
 2.01243471E+06
 2.01243454E+06
 2.01243437E+06
 2.01243420E+06
 2.01243404E+06
 2.01243389E+06
 2.01243375E+06
 2.01243361E+06
 2.01243348E+06
 2.01243336E+06
 2.01243324E+06
 2.01243313E+06
 2.01243302E+06
 2.01243292E+06
 2.01243283E+06
 2.01243275E+06
 2.01243266E+06
 2.01243259E+06
 2.01243252E+06
 2.01243246E+06
 2.01243240E+06
 2.01243235E+06
 2.01243230E+06
 2.01243226E+06
 2.01243223E+06
 2.01243220E+06
 2.01243218E+06
 2.01243216E+06
 2.01243215E+06
 2.01243215E+06
 2.01247483E+06
 2.01247478E+06
 2.01247469E+06
 2.01247455E+06
 2.01247436E+06
 2.01247413E+06
 2.01247386E+06
 2.01247355E+06
 2.01247320E+06
 2.01247281E+06
 2.01247240E+06
 2.01247195E+06
 2.01247147E+06
 2.01247097E+06
 2.01247044E+06
 2.01246989E+06
 2.01246931E+06
 2.01246872E+06
 2.01246811E+06
 2.01246749E+06
 2.01246686E+06
 2.01246621E+06
 2.01246555E+06
 2.01246489E+06
 2.01246421E+06
 2.01246354E+06
 2.01246285E+06
 2.01246217E+06
 2.01246149E+06
 2.01246080E+06
 2.01246011E+06
 2.01245943E+06
 2.01245875E+06
 2.01245807E+06
 2.01245740E+06
 2.01245673E+06
 2.01245607E+06
 2.01245541E+06
 2.01245477E+06
 2.01245412E+06
 2.01245349E+06
 2.01245287E+06
 2.01245225E+06
 2.01245164E+06
 2.01245104E+06
 2.01245046E+06
 2.01244988E+06
 2.01244931E+06
 2.01244875E+06
 2.01244820E+06
 2.01244766E+06
 2.01244714E+06
 2.01244662E+06
 2.01244611E+06
 2.01244562E+06
 2.01244513E+06
 2.01244466E+06
 2.01244419E+06
 2.01244374E+06
 2.01244330E+06
 2.01244286E+06
 2.01244244E+06
 2.01244203E+06
 2.01244162E+06
 2.01244123E+06
 2.01244085E+06
 2.01244048E+06
 2.01244011E+06
 2.01243976E+06
 2.01243941E+06
 2.01243908E+06
 2.01243875E+06
 2.01243844E+06
 2.01243813E+06
 2.01243783E+06
 2.01243754E+06
 2.01243726E+06
 2.01243698E+06
 2.01243672E+06
 2.01243646E+06
 2.01243621E+06
 2.01243597E+06
 2.01243574E+06
 2.01243551E+06
 2.01243529E+06
 2.01243508E+06
 2.01243488E+06
 2.01243468E+06
 2.01243449E+06
 2.01243431E+06
 2.01243413E+06
 2.01243396E+06
 2.01243380E+06
 2.01243365E+06
 2.01243350E+06
 2.01243336E+06
 2.01243322E+06
 2.01243309E+06
 2.01243297E+06
 2.01243285E+06
 2.01243274E+06
 2.01243263E+06
 2.01243253E+06
 2.01243244E+06
 2.01243235E+06
 2.01243227E+06
 2.01243219E+06
 2.01243212E+06
 2.01243206E+06
 2.01243200E+06
 2.01243194E+06
 2.01243190E+06
 2.01243185E+06
 2.01243181E+06
 2.01243178E+06
 2.01243176E+06
 2.01243173E+06
 2.01243172E+06
 2.01243171E+06
 2.01243170E+06
 2.01247158E+06
 2.01247154E+06
 2.01247145E+06
 2.01247132E+06
 2.01247115E+06
 2.01247094E+06
 2.01247069E+06
 2.01247041E+06
 2.01247009E+06
 2.01246974E+06
 2.01246935E+06
 2.01246894E+06
 2.01246850E+06
 2.01246803E+06
 2.01246755E+06
 2.01246704E+06
 2.01246651E+06
 2.01246596E+06
 2.01246540E+06
 2.01246482E+06
 2.01246423E+06
 2.01246363E+06
 2.01246301E+06
 2.01246240E+06
 2.01246177E+06
 2.01246114E+06
 2.01246050E+06
 2.01245987E+06
 2.01245923E+06
 2.01245859E+06
 2.01245795E+06
 2.01245731E+06
 2.01245667E+06
 2.01245604E+06
 2.01245541E+06
 2.01245479E+06
 2.01245417E+06
 2.01245355E+06
 2.01245295E+06
 2.01245235E+06
 2.01245175E+06
 2.01245117E+06
 2.01245059E+06
 2.01245002E+06
 2.01244946E+06
 2.01244890E+06
 2.01244836E+06
 2.01244783E+06
 2.01244730E+06
 2.01244679E+06
 2.01244628E+06
 2.01244579E+06
 2.01244530E+06
 2.01244483E+06
 2.01244436E+06
 2.01244390E+06
 2.01244346E+06
 2.01244302E+06
 2.01244259E+06
 2.01244218E+06
 2.01244177E+06
 2.01244137E+06
 2.01244098E+06
 2.01244060E+06
 2.01244023E+06
 2.01243987E+06
 2.01243952E+06
 2.01243918E+06
 2.01243885E+06
 2.01243852E+06
 2.01243821E+06
 2.01243790E+06
 2.01243760E+06
 2.01243731E+06
 2.01243703E+06
 2.01243675E+06
 2.01243649E+06
 2.01243623E+06
 2.01243598E+06
 2.01243574E+06
 2.01243550E+06
 2.01243528E+06
 2.01243506E+06
 2.01243484E+06
 2.01243464E+06
 2.01243444E+06
 2.01243425E+06
 2.01243406E+06
 2.01243388E+06
 2.01243371E+06
 2.01243355E+06
 2.01243339E+06
 2.01243323E+06
 2.01243309E+06
 2.01243295E+06
 2.01243281E+06
 2.01243268E+06
 2.01243256E+06
 2.01243245E+06
 2.01243234E+06
 2.01243223E+06
 2.01243213E+06
 2.01243204E+06
 2.01243195E+06
 2.01243187E+06
 2.01243179E+06
 2.01243172E+06
 2.01243165E+06
 2.01243159E+06
 2.01243153E+06
 2.01243148E+06
 2.01243144E+06
 2.01243139E+06
 2.01243136E+06
 2.01243133E+06
 2.01243130E+06
 2.01243128E+06
 2.01243127E+06
 2.01243126E+06
 2.01243125E+06
 2.01246838E+06
 2.01246834E+06
 2.01246826E+06
 2.01246814E+06
 2.01246799E+06
 2.01246779E+06
 2.01246757E+06
 2.01246731E+06
 2.01246701E+06
 2.01246669E+06
 2.01246634E+06
 2.01246596E+06
 2.01246555E+06
 2.01246513E+06
 2.01246468E+06
 2.01246421E+06
 2.01246372E+06
 2.01246321E+06
 2.01246269E+06
 2.01246216E+06
 2.01246161E+06
 2.01246105E+06
 2.01246049E+06
 2.01245991E+06
 2.01245933E+06
 2.01245875E+06
 2.01245816E+06
 2.01245757E+06
 2.01245697E+06
 2.01245638E+06
 2.01245578E+06
 2.01245519E+06
 2.01245459E+06
 2.01245400E+06
 2.01245342E+06
 2.01245284E+06
 2.01245226E+06
 2.01245169E+06
 2.01245112E+06
 2.01245056E+06
 2.01245000E+06
 2.01244946E+06
 2.01244892E+06
 2.01244838E+06
 2.01244786E+06
 2.01244734E+06
 2.01244684E+06
 2.01244634E+06
 2.01244585E+06
 2.01244536E+06
 2.01244489E+06
 2.01244443E+06
 2.01244397E+06
 2.01244353E+06
 2.01244309E+06
 2.01244266E+06
 2.01244225E+06
 2.01244184E+06
 2.01244144E+06
 2.01244105E+06
 2.01244066E+06
 2.01244029E+06
 2.01243993E+06
 2.01243957E+06
 2.01243922E+06
 2.01243889E+06
 2.01243856E+06
 2.01243824E+06
 2.01243792E+06
 2.01243762E+06
 2.01243732E+06
 2.01243704E+06
 2.01243676E+06
 2.01243648E+06
 2.01243622E+06
 2.01243596E+06
 2.01243571E+06
 2.01243547E+06
 2.01243524E+06
 2.01243501E+06
 2.01243479E+06
 2.01243458E+06
 2.01243437E+06
 2.01243417E+06
 2.01243398E+06
 2.01243379E+06
 2.01243361E+06
 2.01243344E+06
 2.01243327E+06
 2.01243311E+06
 2.01243295E+06
 2.01243280E+06
 2.01243266E+06
 2.01243252E+06
 2.01243239E+06
 2.01243226E+06
 2.01243214E+06
 2.01243203E+06
 2.01243192E+06
 2.01243181E+06
 2.01243172E+06
 2.01243162E+06
 2.01243153E+06
 2.01243145E+06
 2.01243137E+06
 2.01243130E+06
 2.01243123E+06
 2.01243117E+06
 2.01243111E+06
 2.01243106E+06
 2.01243101E+06
 2.01243097E+06
 2.01243093E+06
 2.01243090E+06
 2.01243087E+06
 2.01243085E+06
 2.01243083E+06
 2.01243081E+06
 2.01243080E+06
 2.01243080E+06
 2.01246521E+06
 2.01246517E+06
 2.01246510E+06
 2.01246500E+06
 2.01246485E+06
 2.01246468E+06
 2.01246447E+06
 2.01246424E+06
 2.01246397E+06
 2.01246367E+06
 2.01246335E+06
 2.01246300E+06
 2.01246263E+06
 2.01246224E+06
 2.01246183E+06
 2.01246139E+06
 2.01246094E+06
 2.01246048E+06
 2.01246000E+06
 2.01245951E+06
 2.01245900E+06
 2.01245849E+06
 2.01245797E+06
 2.01245744E+06
 2.01245690E+06
 2.01245636E+06
 2.01245581E+06
 2.01245526E+06
 2.01245471E+06
 2.01245416E+06
 2.01245361E+06
 2.01245306E+06
 2.01245251E+06
 2.01245197E+06
 2.01245142E+06
 2.01245088E+06
 2.01245034E+06
 2.01244981E+06
 2.01244929E+06
 2.01244876E+06
 2.01244825E+06
 2.01244774E+06
 2.01244724E+06
 2.01244674E+06
 2.01244626E+06
 2.01244578E+06
 2.01244530E+06
 2.01244484E+06
 2.01244438E+06
 2.01244393E+06
 2.01244349E+06
 2.01244306E+06
 2.01244264E+06
 2.01244222E+06
 2.01244181E+06
 2.01244142E+06
 2.01244103E+06
 2.01244064E+06
 2.01244027E+06
 2.01243991E+06
 2.01243955E+06
 2.01243920E+06
 2.01243886E+06
 2.01243853E+06
 2.01243821E+06
 2.01243789E+06
 2.01243759E+06
 2.01243729E+06
 2.01243699E+06
 2.01243671E+06
 2.01243643E+06
 2.01243617E+06
 2.01243590E+06
 2.01243565E+06
 2.01243540E+06
 2.01243516E+06
 2.01243493E+06
 2.01243470E+06
 2.01243449E+06
 2.01243427E+06
 2.01243407E+06
 2.01243387E+06
 2.01243367E+06
 2.01243349E+06
 2.01243331E+06
 2.01243313E+06
 2.01243297E+06
 2.01243280E+06
 2.01243265E+06
 2.01243250E+06
 2.01243235E+06
 2.01243221E+06
 2.01243208E+06
 2.01243195E+06
 2.01243183E+06
 2.01243171E+06
 2.01243160E+06
 2.01243149E+06
 2.01243139E+06
 2.01243129E+06
 2.01243120E+06
 2.01243111E+06
 2.01243103E+06
 2.01243095E+06
 2.01243088E+06
 2.01243081E+06
 2.01243075E+06
 2.01243069E+06
 2.01243063E+06
 2.01243059E+06
 2.01243054E+06
 2.01243050E+06
 2.01243046E+06
 2.01243043E+06
 2.01243041E+06
 2.01243038E+06
 2.01243037E+06
 2.01243035E+06
 2.01243035E+06
 2.01243034E+06
 2.01246208E+06
 2.01246205E+06
 2.01246198E+06
 2.01246189E+06
 2.01246176E+06
 2.01246160E+06
 2.01246141E+06
 2.01246119E+06
 2.01246095E+06
 2.01246068E+06
 2.01246039E+06
 2.01246007E+06
 2.01245973E+06
 2.01245937E+06
 2.01245899E+06
 2.01245860E+06
 2.01245819E+06
 2.01245776E+06
 2.01245732E+06
 2.01245687E+06
 2.01245641E+06
 2.01245593E+06
 2.01245545E+06
 2.01245497E+06
 2.01245447E+06
 2.01245397E+06
 2.01245347E+06
 2.01245297E+06
 2.01245246E+06
 2.01245195E+06
 2.01245144E+06
 2.01245093E+06
 2.01245043E+06
 2.01244992E+06
 2.01244942E+06
 2.01244892E+06
 2.01244843E+06
 2.01244793E+06
 2.01244745E+06
 2.01244697E+06
 2.01244649E+06
 2.01244602E+06
 2.01244555E+06
 2.01244510E+06
 2.01244464E+06
 2.01244420E+06
 2.01244376E+06
 2.01244333E+06
 2.01244291E+06
 2.01244249E+06
 2.01244208E+06
 2.01244168E+06
 2.01244129E+06
 2.01244091E+06
 2.01244053E+06
 2.01244016E+06
 2.01243980E+06
 2.01243944E+06
 2.01243910E+06
 2.01243876E+06
 2.01243843E+06
 2.01243811E+06
 2.01243779E+06
 2.01243748E+06
 2.01243718E+06
 2.01243689E+06
 2.01243661E+06
 2.01243633E+06
 2.01243606E+06
 2.01243579E+06
 2.01243554E+06
 2.01243529E+06
 2.01243504E+06
 2.01243481E+06
 2.01243458E+06
 2.01243436E+06
 2.01243414E+06
 2.01243393E+06
 2.01243373E+06
 2.01243353E+06
 2.01243334E+06
 2.01243315E+06
 2.01243297E+06
 2.01243280E+06
 2.01243263E+06
 2.01243247E+06
 2.01243232E+06
 2.01243216E+06
 2.01243202E+06
 2.01243188E+06
 2.01243174E+06
 2.01243162E+06
 2.01243149E+06
 2.01243137E+06
 2.01243126E+06
 2.01243115E+06
 2.01243104E+06
 2.01243094E+06
 2.01243085E+06
 2.01243076E+06
 2.01243067E+06
 2.01243059E+06
 2.01243052E+06
 2.01243044E+06
 2.01243038E+06
 2.01243031E+06
 2.01243025E+06
 2.01243020E+06
 2.01243015E+06
 2.01243010E+06
 2.01243006E+06
 2.01243003E+06
 2.01242999E+06
 2.01242996E+06
 2.01242994E+06
 2.01242992E+06
 2.01242990E+06
 2.01242989E+06
 2.01242988E+06
 2.01242988E+06
 2.01245898E+06
 2.01245895E+06
 2.01245889E+06
 2.01245881E+06
 2.01245869E+06
 2.01245855E+06
 2.01245838E+06
 2.01245818E+06
 2.01245796E+06
 2.01245772E+06
 2.01245745E+06
 2.01245716E+06
 2.01245685E+06
 2.01245652E+06
 2.01245618E+06
 2.01245582E+06
 2.01245544E+06
 2.01245506E+06
 2.01245465E+06
 2.01245424E+06
 2.01245382E+06
 2.01245339E+06
 2.01245295E+06
 2.01245250E+06
 2.01245205E+06
 2.01245159E+06
 2.01245113E+06
 2.01245067E+06
 2.01245021E+06
 2.01244974E+06
 2.01244927E+06
 2.01244881E+06
 2.01244834E+06
 2.01244788E+06
 2.01244742E+06
 2.01244696E+06
 2.01244650E+06
 2.01244605E+06
 2.01244560E+06
 2.01244516E+06
 2.01244472E+06
 2.01244429E+06
 2.01244386E+06
 2.01244344E+06
 2.01244302E+06
 2.01244262E+06
 2.01244221E+06
 2.01244182E+06
 2.01244143E+06
 2.01244104E+06
 2.01244067E+06
 2.01244030E+06
 2.01243994E+06
 2.01243958E+06
 2.01243923E+06
 2.01243889E+06
 2.01243856E+06
 2.01243823E+06
 2.01243792E+06
 2.01243760E+06
 2.01243730E+06
 2.01243700E+06
 2.01243671E+06
 2.01243643E+06
 2.01243615E+06
 2.01243588E+06
 2.01243562E+06
 2.01243536E+06
 2.01243511E+06
 2.01243487E+06
 2.01243463E+06
 2.01243440E+06
 2.01243418E+06
 2.01243396E+06
 2.01243375E+06
 2.01243354E+06
 2.01243334E+06
 2.01243315E+06
 2.01243296E+06
 2.01243278E+06
 2.01243260E+06
 2.01243243E+06
 2.01243227E+06
 2.01243211E+06
 2.01243195E+06
 2.01243180E+06
 2.01243166E+06
 2.01243152E+06
 2.01243139E+06
 2.01243126E+06
 2.01243113E+06
 2.01243101E+06
 2.01243090E+06
 2.01243079E+06
 2.01243068E+06
 2.01243058E+06
 2.01243049E+06
 2.01243039E+06
 2.01243031E+06
 2.01243022E+06
 2.01243014E+06
 2.01243007E+06
 2.01243000E+06
 2.01242993E+06
 2.01242987E+06
 2.01242981E+06
 2.01242976E+06
 2.01242971E+06
 2.01242966E+06
 2.01242962E+06
 2.01242958E+06
 2.01242955E+06
 2.01242952E+06
 2.01242949E+06
 2.01242947E+06
 2.01242945E+06
 2.01242943E+06
 2.01242942E+06
 2.01242941E+06
 2.01242941E+06
 2.01245591E+06
 2.01245589E+06
 2.01245583E+06
 2.01245576E+06
 2.01245565E+06
 2.01245552E+06
 2.01245537E+06
 2.01245519E+06
 2.01245499E+06
 2.01245477E+06
 2.01245453E+06
 2.01245427E+06
 2.01245399E+06
 2.01245369E+06
 2.01245338E+06
 2.01245306E+06
 2.01245272E+06
 2.01245236E+06
 2.01245200E+06
 2.01245162E+06
 2.01245124E+06
 2.01245085E+06
 2.01245045E+06
 2.01245004E+06
 2.01244963E+06
 2.01244922E+06
 2.01244880E+06
 2.01244838E+06
 2.01244795E+06
 2.01244753E+06
 2.01244710E+06
 2.01244668E+06
 2.01244625E+06
 2.01244583E+06
 2.01244541E+06
 2.01244499E+06
 2.01244458E+06
 2.01244416E+06
 2.01244376E+06
 2.01244335E+06
 2.01244295E+06
 2.01244256E+06
 2.01244216E+06
 2.01244178E+06
 2.01244140E+06
 2.01244103E+06
 2.01244066E+06
 2.01244029E+06
 2.01243994E+06
 2.01243959E+06
 2.01243924E+06
 2.01243891E+06
 2.01243858E+06
 2.01243825E+06
 2.01243793E+06
 2.01243762E+06
 2.01243732E+06
 2.01243702E+06
 2.01243673E+06
 2.01243644E+06
 2.01243616E+06
 2.01243589E+06
 2.01243562E+06
 2.01243537E+06
 2.01243511E+06
 2.01243486E+06
 2.01243462E+06
 2.01243439E+06
 2.01243416E+06
 2.01243394E+06
 2.01243372E+06
 2.01243351E+06
 2.01243331E+06
 2.01243311E+06
 2.01243291E+06
 2.01243272E+06
 2.01243254E+06
 2.01243236E+06
 2.01243219E+06
 2.01243203E+06
 2.01243186E+06
 2.01243171E+06
 2.01243156E+06
 2.01243141E+06
 2.01243127E+06
 2.01243113E+06
 2.01243100E+06
 2.01243087E+06
 2.01243075E+06
 2.01243063E+06
 2.01243052E+06
 2.01243041E+06
 2.01243030E+06
 2.01243020E+06
 2.01243011E+06
 2.01243001E+06
 2.01242993E+06
 2.01242984E+06
 2.01242976E+06
 2.01242968E+06
 2.01242961E+06
 2.01242954E+06
 2.01242948E+06
 2.01242942E+06
 2.01242936E+06
 2.01242931E+06
 2.01242926E+06
 2.01242921E+06
 2.01242917E+06
 2.01242913E+06
 2.01242910E+06
 2.01242906E+06
 2.01242904E+06
 2.01242901E+06
 2.01242899E+06
 2.01242897E+06
 2.01242896E+06
 2.01242895E+06
 2.01242894E+06
 2.01242894E+06
 2.01245287E+06
 2.01245285E+06
 2.01245280E+06
 2.01245273E+06
 2.01245264E+06
 2.01245252E+06
 2.01245238E+06
 2.01245222E+06
 2.01245205E+06
 2.01245185E+06
 2.01245163E+06
 2.01245140E+06
 2.01245115E+06
 2.01245088E+06
 2.01245060E+06
 2.01245031E+06
 2.01245000E+06
 2.01244968E+06
 2.01244935E+06
 2.01244902E+06
 2.01244867E+06
 2.01244832E+06
 2.01244796E+06
 2.01244759E+06
 2.01244722E+06
 2.01244684E+06
 2.01244646E+06
 2.01244608E+06
 2.01244570E+06
 2.01244532E+06
 2.01244493E+06
 2.01244455E+06
 2.01244417E+06
 2.01244378E+06
 2.01244340E+06
 2.01244302E+06
 2.01244265E+06
 2.01244227E+06
 2.01244190E+06
 2.01244154E+06
 2.01244117E+06
 2.01244082E+06
 2.01244046E+06
 2.01244011E+06
 2.01243977E+06
 2.01243943E+06
 2.01243910E+06
 2.01243877E+06
 2.01243844E+06
 2.01243813E+06
 2.01243782E+06
 2.01243751E+06
 2.01243721E+06
 2.01243691E+06
 2.01243663E+06
 2.01243634E+06
 2.01243607E+06
 2.01243580E+06
 2.01243553E+06
 2.01243527E+06
 2.01243502E+06
 2.01243477E+06
 2.01243453E+06
 2.01243430E+06
 2.01243407E+06
 2.01243384E+06
 2.01243362E+06
 2.01243341E+06
 2.01243320E+06
 2.01243300E+06
 2.01243280E+06
 2.01243261E+06
 2.01243243E+06
 2.01243225E+06
 2.01243207E+06
 2.01243190E+06
 2.01243173E+06
 2.01243157E+06
 2.01243142E+06
 2.01243127E+06
 2.01243112E+06
 2.01243098E+06
 2.01243084E+06
 2.01243071E+06
 2.01243058E+06
 2.01243045E+06
 2.01243033E+06
 2.01243022E+06
 2.01243011E+06
 2.01243000E+06
 2.01242990E+06
 2.01242980E+06
 2.01242970E+06
 2.01242961E+06
 2.01242952E+06
 2.01242944E+06
 2.01242936E+06
 2.01242928E+06
 2.01242921E+06
 2.01242914E+06
 2.01242908E+06
 2.01242901E+06
 2.01242895E+06
 2.01242890E+06
 2.01242885E+06
 2.01242880E+06
 2.01242875E+06
 2.01242871E+06
 2.01242867E+06
 2.01242864E+06
 2.01242861E+06
 2.01242858E+06
 2.01242855E+06
 2.01242853E+06
 2.01242851E+06
 2.01242850E+06
 2.01242848E+06
 2.01242847E+06
 2.01242847E+06
 2.01242846E+06
 2.01244985E+06
 2.01244983E+06
 2.01244979E+06
 2.01244973E+06
 2.01244964E+06
 2.01244954E+06
 2.01244942E+06
 2.01244928E+06
 2.01244912E+06
 2.01244894E+06
 2.01244875E+06
 2.01244854E+06
 2.01244832E+06
 2.01244808E+06
 2.01244783E+06
 2.01244757E+06
 2.01244729E+06
 2.01244701E+06
 2.01244672E+06
 2.01244642E+06
 2.01244611E+06
 2.01244579E+06
 2.01244547E+06
 2.01244514E+06
 2.01244481E+06
 2.01244447E+06
 2.01244413E+06
 2.01244379E+06
 2.01244345E+06
 2.01244311E+06
 2.01244276E+06
 2.01244242E+06
 2.01244207E+06
 2.01244173E+06
 2.01244139E+06
 2.01244105E+06
 2.01244071E+06
 2.01244038E+06
 2.01244005E+06
 2.01243972E+06
 2.01243939E+06
 2.01243907E+06
 2.01243876E+06
 2.01243844E+06
 2.01243813E+06
 2.01243783E+06
 2.01243753E+06
 2.01243723E+06
 2.01243694E+06
 2.01243666E+06
 2.01243638E+06
 2.01243611E+06
 2.01243584E+06
 2.01243557E+06
 2.01243531E+06
 2.01243506E+06
 2.01243481E+06
 2.01243457E+06
 2.01243433E+06
 2.01243410E+06
 2.01243387E+06
 2.01243365E+06
 2.01243343E+06
 2.01243322E+06
 2.01243302E+06
 2.01243281E+06
 2.01243262E+06
 2.01243243E+06
 2.01243224E+06
 2.01243206E+06
 2.01243188E+06
 2.01243171E+06
 2.01243154E+06
 2.01243138E+06
 2.01243122E+06
 2.01243107E+06
 2.01243092E+06
 2.01243078E+06
 2.01243064E+06
 2.01243050E+06
 2.01243037E+06
 2.01243024E+06
 2.01243012E+06
 2.01243000E+06
 2.01242988E+06
 2.01242977E+06
 2.01242967E+06
 2.01242956E+06
 2.01242946E+06
 2.01242937E+06
 2.01242927E+06
 2.01242918E+06
 2.01242910E+06
 2.01242902E+06
 2.01242894E+06
 2.01242886E+06
 2.01242879E+06
 2.01242872E+06
 2.01242866E+06
 2.01242859E+06
 2.01242854E+06
 2.01242848E+06
 2.01242843E+06
 2.01242838E+06
 2.01242833E+06
 2.01242829E+06
 2.01242825E+06
 2.01242821E+06
 2.01242818E+06
 2.01242814E+06
 2.01242812E+06
 2.01242809E+06
 2.01242807E+06
 2.01242805E+06
 2.01242803E+06
 2.01242802E+06
 2.01242800E+06
 2.01242800E+06
 2.01242799E+06
 2.01242799E+06
 2.01244686E+06
 2.01244684E+06
 2.01244680E+06
 2.01244675E+06
 2.01244667E+06
 2.01244658E+06
 2.01244647E+06
 2.01244635E+06
 2.01244621E+06
 2.01244605E+06
 2.01244588E+06
 2.01244570E+06
 2.01244550E+06
 2.01244529E+06
 2.01244507E+06
 2.01244484E+06
 2.01244460E+06
 2.01244435E+06
 2.01244409E+06
 2.01244382E+06
 2.01244355E+06
 2.01244327E+06
 2.01244299E+06
 2.01244270E+06
 2.01244240E+06
 2.01244211E+06
 2.01244181E+06
 2.01244150E+06
 2.01244120E+06
 2.01244090E+06
 2.01244059E+06
 2.01244029E+06
 2.01243998E+06
 2.01243968E+06
 2.01243938E+06
 2.01243908E+06
 2.01243878E+06
 2.01243848E+06
 2.01243819E+06
 2.01243790E+06
 2.01243761E+06
 2.01243732E+06
 2.01243704E+06
 2.01243677E+06
 2.01243649E+06
 2.01243622E+06
 2.01243596E+06
 2.01243570E+06
 2.01243544E+06
 2.01243519E+06
 2.01243494E+06
 2.01243470E+06
 2.01243446E+06
 2.01243422E+06
 2.01243399E+06
 2.01243377E+06
 2.01243355E+06
 2.01243334E+06
 2.01243312E+06
 2.01243292E+06
 2.01243272E+06
 2.01243252E+06
 2.01243233E+06
 2.01243214E+06
 2.01243196E+06
 2.01243178E+06
 2.01243161E+06
 2.01243144E+06
 2.01243127E+06
 2.01243111E+06
 2.01243096E+06
 2.01243080E+06
 2.01243066E+06
 2.01243051E+06
 2.01243037E+06
 2.01243024E+06
 2.01243011E+06
 2.01242998E+06
 2.01242985E+06
 2.01242973E+06
 2.01242962E+06
 2.01242950E+06
 2.01242939E+06
 2.01242929E+06
 2.01242919E+06
 2.01242909E+06
 2.01242899E+06
 2.01242890E+06
 2.01242881E+06
 2.01242873E+06
 2.01242864E+06
 2.01242857E+06
 2.01242849E+06
 2.01242842E+06
 2.01242835E+06
 2.01242828E+06
 2.01242822E+06
 2.01242816E+06
 2.01242810E+06
 2.01242804E+06
 2.01242799E+06
 2.01242794E+06
 2.01242790E+06
 2.01242785E+06
 2.01242781E+06
 2.01242777E+06
 2.01242774E+06
 2.01242770E+06
 2.01242767E+06
 2.01242765E+06
 2.01242762E+06
 2.01242760E+06
 2.01242758E+06
 2.01242756E+06
 2.01242754E+06
 2.01242753E+06
 2.01242752E+06
 2.01242751E+06
 2.01242751E+06
 2.01242751E+06
 2.01244388E+06
 2.01244386E+06
 2.01244383E+06
 2.01244378E+06
 2.01244372E+06
 2.01244364E+06
 2.01244355E+06
 2.01244344E+06
 2.01244332E+06
 2.01244318E+06
 2.01244303E+06
 2.01244287E+06
 2.01244270E+06
 2.01244252E+06
 2.01244233E+06
 2.01244213E+06
 2.01244192E+06
 2.01244170E+06
 2.01244147E+06
 2.01244124E+06
 2.01244100E+06
 2.01244076E+06
 2.01244051E+06
 2.01244026E+06
 2.01244000E+06
 2.01243974E+06
 2.01243948E+06
 2.01243922E+06
 2.01243895E+06
 2.01243869E+06
 2.01243842E+06
 2.01243816E+06
 2.01243789E+06
 2.01243763E+06
 2.01243736E+06
 2.01243710E+06
 2.01243684E+06
 2.01243658E+06
 2.01243633E+06
 2.01243607E+06
 2.01243582E+06
 2.01243557E+06
 2.01243533E+06
 2.01243509E+06
 2.01243485E+06
 2.01243461E+06
 2.01243438E+06
 2.01243415E+06
 2.01243393E+06
 2.01243371E+06
 2.01243350E+06
 2.01243328E+06
 2.01243308E+06
 2.01243287E+06
 2.01243267E+06
 2.01243248E+06
 2.01243228E+06
 2.01243210E+06
 2.01243191E+06
 2.01243173E+06
 2.01243156E+06
 2.01243139E+06
 2.01243122E+06
 2.01243106E+06
 2.01243090E+06
 2.01243074E+06
 2.01243059E+06
 2.01243044E+06
 2.01243030E+06
 2.01243016E+06
 2.01243003E+06
 2.01242989E+06
 2.01242976E+06
 2.01242964E+06
 2.01242952E+06
 2.01242940E+06
 2.01242928E+06
 2.01242917E+06
 2.01242907E+06
 2.01242896E+06
 2.01242886E+06
 2.01242876E+06
 2.01242867E+06
 2.01242857E+06
 2.01242849E+06
 2.01242840E+06
 2.01242832E+06
 2.01242824E+06
 2.01242816E+06
 2.01242809E+06
 2.01242801E+06
 2.01242795E+06
 2.01242788E+06
 2.01242782E+06
 2.01242776E+06
 2.01242770E+06
 2.01242764E+06
 2.01242759E+06
 2.01242754E+06
 2.01242749E+06
 2.01242745E+06
 2.01242740E+06
 2.01242736E+06
 2.01242732E+06
 2.01242729E+06
 2.01242725E+06
 2.01242722E+06
 2.01242720E+06
 2.01242717E+06
 2.01242714E+06
 2.01242712E+06
 2.01242710E+06
 2.01242709E+06
 2.01242707E+06
 2.01242706E+06
 2.01242705E+06
 2.01242704E+06
 2.01242703E+06
 2.01242703E+06
 2.01242702E+06
 2.01244091E+06
 2.01244090E+06
 2.01244087E+06
 2.01244083E+06
 2.01244078E+06
 2.01244071E+06
 2.01244063E+06
 2.01244054E+06
 2.01244043E+06
 2.01244032E+06
 2.01244019E+06
 2.01244006E+06
 2.01243991E+06
 2.01243975E+06
 2.01243959E+06
 2.01243942E+06
 2.01243924E+06
 2.01243905E+06
 2.01243886E+06
 2.01243866E+06
 2.01243846E+06
 2.01243825E+06
 2.01243804E+06
 2.01243782E+06
 2.01243760E+06
 2.01243738E+06
 2.01243716E+06
 2.01243693E+06
 2.01243671E+06
 2.01243648E+06
 2.01243625E+06
 2.01243603E+06
 2.01243580E+06
 2.01243557E+06
 2.01243535E+06
 2.01243512E+06
 2.01243490E+06
 2.01243468E+06
 2.01243446E+06
 2.01243425E+06
 2.01243403E+06
 2.01243382E+06
 2.01243361E+06
 2.01243340E+06
 2.01243320E+06
 2.01243300E+06
 2.01243280E+06
 2.01243261E+06
 2.01243242E+06
 2.01243223E+06
 2.01243205E+06
 2.01243187E+06
 2.01243169E+06
 2.01243151E+06
 2.01243134E+06
 2.01243118E+06
 2.01243101E+06
 2.01243085E+06
 2.01243070E+06
 2.01243055E+06
 2.01243040E+06
 2.01243025E+06
 2.01243011E+06
 2.01242997E+06
 2.01242983E+06
 2.01242970E+06
 2.01242957E+06
 2.01242945E+06
 2.01242933E+06
 2.01242921E+06
 2.01242909E+06
 2.01242898E+06
 2.01242887E+06
 2.01242876E+06
 2.01242866E+06
 2.01242856E+06
 2.01242846E+06
 2.01242837E+06
 2.01242827E+06
 2.01242818E+06
 2.01242810E+06
 2.01242802E+06
 2.01242793E+06
 2.01242786E+06
 2.01242778E+06
 2.01242771E+06
 2.01242764E+06
 2.01242757E+06
 2.01242750E+06
 2.01242744E+06
 2.01242738E+06
 2.01242732E+06
 2.01242727E+06
 2.01242721E+06
 2.01242716E+06
 2.01242711E+06
 2.01242706E+06
 2.01242702E+06
 2.01242698E+06
 2.01242694E+06
 2.01242690E+06
 2.01242686E+06
 2.01242683E+06
 2.01242679E+06
 2.01242676E+06
 2.01242674E+06
 2.01242671E+06
 2.01242668E+06
 2.01242666E+06
 2.01242664E+06
 2.01242662E+06
 2.01242661E+06
 2.01242659E+06
 2.01242658E+06
 2.01242657E+06
 2.01242656E+06
 2.01242655E+06
 2.01242654E+06
 2.01242654E+06
 2.01242654E+06
 2.01243796E+06
 2.01243795E+06
 2.01243793E+06
 2.01243790E+06
 2.01243785E+06
 2.01243780E+06
 2.01243773E+06
 2.01243765E+06
 2.01243757E+06
 2.01243747E+06
 2.01243736E+06
 2.01243725E+06
 2.01243713E+06
 2.01243700E+06
 2.01243686E+06
 2.01243672E+06
 2.01243657E+06
 2.01243641E+06
 2.01243625E+06
 2.01243609E+06
 2.01243592E+06
 2.01243574E+06
 2.01243557E+06
 2.01243539E+06
 2.01243520E+06
 2.01243502E+06
 2.01243483E+06
 2.01243465E+06
 2.01243446E+06
 2.01243427E+06
 2.01243408E+06
 2.01243389E+06
 2.01243370E+06
 2.01243352E+06
 2.01243333E+06
 2.01243314E+06
 2.01243296E+06
 2.01243278E+06
 2.01243260E+06
 2.01243242E+06
 2.01243224E+06
 2.01243206E+06
 2.01243189E+06
 2.01243172E+06
 2.01243155E+06
 2.01243138E+06
 2.01243122E+06
 2.01243106E+06
 2.01243090E+06
 2.01243075E+06
 2.01243059E+06
 2.01243044E+06
 2.01243030E+06
 2.01243015E+06
 2.01243001E+06
 2.01242988E+06
 2.01242974E+06
 2.01242961E+06
 2.01242948E+06
 2.01242935E+06
 2.01242923E+06
 2.01242911E+06
 2.01242899E+06
 2.01242888E+06
 2.01242877E+06
 2.01242866E+06
 2.01242855E+06
 2.01242845E+06
 2.01242835E+06
 2.01242825E+06
 2.01242815E+06
 2.01242806E+06
 2.01242797E+06
 2.01242788E+06
 2.01242780E+06
 2.01242771E+06
 2.01242763E+06
 2.01242756E+06
 2.01242748E+06
 2.01242741E+06
 2.01242734E+06
 2.01242727E+06
 2.01242720E+06
 2.01242714E+06
 2.01242707E+06
 2.01242701E+06
 2.01242696E+06
 2.01242690E+06
 2.01242685E+06
 2.01242679E+06
 2.01242674E+06
 2.01242670E+06
 2.01242665E+06
 2.01242661E+06
 2.01242656E+06
 2.01242652E+06
 2.01242648E+06
 2.01242645E+06
 2.01242641E+06
 2.01242638E+06
 2.01242635E+06
 2.01242632E+06
 2.01242629E+06
 2.01242626E+06
 2.01242624E+06
 2.01242621E+06
 2.01242619E+06
 2.01242617E+06
 2.01242615E+06
 2.01242614E+06
 2.01242612E+06
 2.01242611E+06
 2.01242609E+06
 2.01242608E+06
 2.01242607E+06
 2.01242607E+06
 2.01242606E+06
 2.01242606E+06
 2.01242605E+06
 2.01242605E+06
 2.01243503E+06
 2.01243502E+06
 2.01243500E+06
 2.01243497E+06
 2.01243494E+06
 2.01243489E+06
 2.01243484E+06
 2.01243478E+06
 2.01243471E+06
 2.01243463E+06
 2.01243454E+06
 2.01243445E+06
 2.01243435E+06
 2.01243425E+06
 2.01243414E+06
 2.01243402E+06
 2.01243390E+06
 2.01243378E+06
 2.01243365E+06
 2.01243352E+06
 2.01243338E+06
 2.01243324E+06
 2.01243310E+06
 2.01243295E+06
 2.01243281E+06
 2.01243266E+06
 2.01243251E+06
 2.01243236E+06
 2.01243221E+06
 2.01243206E+06
 2.01243191E+06
 2.01243176E+06
 2.01243161E+06
 2.01243146E+06
 2.01243131E+06
 2.01243116E+06
 2.01243102E+06
 2.01243087E+06
 2.01243073E+06
 2.01243058E+06
 2.01243044E+06
 2.01243030E+06
 2.01243017E+06
 2.01243003E+06
 2.01242990E+06
 2.01242976E+06
 2.01242964E+06
 2.01242951E+06
 2.01242938E+06
 2.01242926E+06
 2.01242914E+06
 2.01242902E+06
 2.01242890E+06
 2.01242879E+06
 2.01242868E+06
 2.01242857E+06
 2.01242846E+06
 2.01242836E+06
 2.01242826E+06
 2.01242816E+06
 2.01242806E+06
 2.01242797E+06
 2.01242787E+06
 2.01242778E+06
 2.01242770E+06
 2.01242761E+06
 2.01242753E+06
 2.01242744E+06
 2.01242736E+06
 2.01242729E+06
 2.01242721E+06
 2.01242714E+06
 2.01242707E+06
 2.01242700E+06
 2.01242693E+06
 2.01242687E+06
 2.01242680E+06
 2.01242674E+06
 2.01242668E+06
 2.01242663E+06
 2.01242657E+06
 2.01242652E+06
 2.01242646E+06
 2.01242641E+06
 2.01242636E+06
 2.01242632E+06
 2.01242627E+06
 2.01242623E+06
 2.01242619E+06
 2.01242614E+06
 2.01242611E+06
 2.01242607E+06
 2.01242603E+06
 2.01242600E+06
 2.01242596E+06
 2.01242593E+06
 2.01242590E+06
 2.01242587E+06
 2.01242585E+06
 2.01242582E+06
 2.01242579E+06
 2.01242577E+06
 2.01242575E+06
 2.01242573E+06
 2.01242571E+06
 2.01242569E+06
 2.01242567E+06
 2.01242566E+06
 2.01242564E+06
 2.01242563E+06
 2.01242562E+06
 2.01242561E+06
 2.01242560E+06
 2.01242559E+06
 2.01242558E+06
 2.01242558E+06
 2.01242557E+06
 2.01242557E+06
 2.01242556E+06
 2.01242556E+06
 2.01243210E+06
 2.01243209E+06
 2.01243208E+06
 2.01243206E+06
 2.01243203E+06
 2.01243199E+06
 2.01243195E+06
 2.01243191E+06
 2.01243185E+06
 2.01243179E+06
 2.01243173E+06
 2.01243166E+06
 2.01243158E+06
 2.01243151E+06
 2.01243142E+06
 2.01243133E+06
 2.01243124E+06
 2.01243115E+06
 2.01243105E+06
 2.01243095E+06
 2.01243085E+06
 2.01243074E+06
 2.01243063E+06
 2.01243053E+06
 2.01243042E+06
 2.01243030E+06
 2.01243019E+06
 2.01243008E+06
 2.01242997E+06
 2.01242985E+06
 2.01242974E+06
 2.01242963E+06
 2.01242952E+06
 2.01242940E+06
 2.01242929E+06
 2.01242918E+06
 2.01242907E+06
 2.01242896E+06
 2.01242886E+06
 2.01242875E+06
 2.01242865E+06
 2.01242854E+06
 2.01242844E+06
 2.01242834E+06
 2.01242824E+06
 2.01242814E+06
 2.01242805E+06
 2.01242795E+06
 2.01242786E+06
 2.01242777E+06
 2.01242768E+06
 2.01242759E+06
 2.01242751E+06
 2.01242743E+06
 2.01242734E+06
 2.01242726E+06
 2.01242719E+06
 2.01242711E+06
 2.01242703E+06
 2.01242696E+06
 2.01242689E+06
 2.01242682E+06
 2.01242675E+06
 2.01242669E+06
 2.01242662E+06
 2.01242656E+06
 2.01242650E+06
 2.01242644E+06
 2.01242638E+06
 2.01242632E+06
 2.01242627E+06
 2.01242622E+06
 2.01242617E+06
 2.01242611E+06
 2.01242607E+06
 2.01242602E+06
 2.01242597E+06
 2.01242593E+06
 2.01242588E+06
 2.01242584E+06
 2.01242580E+06
 2.01242576E+06
 2.01242573E+06
 2.01242569E+06
 2.01242565E+06
 2.01242562E+06
 2.01242559E+06
 2.01242555E+06
 2.01242552E+06
 2.01242549E+06
 2.01242547E+06
 2.01242544E+06
 2.01242541E+06
 2.01242539E+06
 2.01242536E+06
 2.01242534E+06
 2.01242532E+06
 2.01242530E+06
 2.01242528E+06
 2.01242526E+06
 2.01242524E+06
 2.01242522E+06
 2.01242521E+06
 2.01242519E+06
 2.01242518E+06
 2.01242516E+06
 2.01242515E+06
 2.01242514E+06
 2.01242513E+06
 2.01242512E+06
 2.01242511E+06
 2.01242510E+06
 2.01242510E+06
 2.01242509E+06
 2.01242509E+06
 2.01242508E+06
 2.01242508E+06
 2.01242508E+06
 2.01242507E+06
 2.01242507E+06
 2.01242918E+06
 2.01242917E+06
 2.01242916E+06
 2.01242915E+06
 2.01242913E+06
 2.01242910E+06
 2.01242908E+06
 2.01242904E+06
 2.01242901E+06
 2.01242897E+06
 2.01242892E+06
 2.01242887E+06
 2.01242882E+06
 2.01242877E+06
 2.01242871E+06
 2.01242865E+06
 2.01242859E+06
 2.01242852E+06
 2.01242845E+06
 2.01242839E+06
 2.01242831E+06
 2.01242824E+06
 2.01242817E+06
 2.01242810E+06
 2.01242802E+06
 2.01242795E+06
 2.01242787E+06
 2.01242780E+06
 2.01242772E+06
 2.01242765E+06
 2.01242757E+06
 2.01242750E+06
 2.01242742E+06
 2.01242735E+06
 2.01242727E+06
 2.01242720E+06
 2.01242713E+06
 2.01242706E+06
 2.01242699E+06
 2.01242692E+06
 2.01242685E+06
 2.01242678E+06
 2.01242671E+06
 2.01242665E+06
 2.01242658E+06
 2.01242652E+06
 2.01242646E+06
 2.01242640E+06
 2.01242634E+06
 2.01242628E+06
 2.01242622E+06
 2.01242617E+06
 2.01242611E+06
 2.01242606E+06
 2.01242601E+06
 2.01242595E+06
 2.01242591E+06
 2.01242586E+06
 2.01242581E+06
 2.01242576E+06
 2.01242572E+06
 2.01242567E+06
 2.01242563E+06
 2.01242559E+06
 2.01242555E+06
 2.01242551E+06
 2.01242547E+06
 2.01242543E+06
 2.01242540E+06
 2.01242536E+06
 2.01242533E+06
 2.01242529E+06
 2.01242526E+06
 2.01242523E+06
 2.01242520E+06
 2.01242517E+06
 2.01242514E+06
 2.01242511E+06
 2.01242509E+06
 2.01242506E+06
 2.01242503E+06
 2.01242501E+06
 2.01242499E+06
 2.01242496E+06
 2.01242494E+06
 2.01242492E+06
 2.01242490E+06
 2.01242488E+06
 2.01242486E+06
 2.01242484E+06
 2.01242482E+06
 2.01242481E+06
 2.01242479E+06
 2.01242478E+06
 2.01242476E+06
 2.01242475E+06
 2.01242473E+06
 2.01242472E+06
 2.01242471E+06
 2.01242470E+06
 2.01242469E+06
 2.01242468E+06
 2.01242467E+06
 2.01242466E+06
 2.01242465E+06
 2.01242464E+06
 2.01242463E+06
 2.01242462E+06
 2.01242462E+06
 2.01242461E+06
 2.01242461E+06
 2.01242460E+06
 2.01242460E+06
 2.01242459E+06
 2.01242459E+06
 2.01242459E+06
 2.01242459E+06
 2.01242458E+06
 2.01242458E+06
 2.01242458E+06
 2.01242626E+06
 2.01242626E+06
 2.01242625E+06
 2.01242624E+06
 2.01242623E+06
 2.01242622E+06
 2.01242620E+06
 2.01242618E+06
 2.01242616E+06
 2.01242614E+06
 2.01242612E+06
 2.01242609E+06
 2.01242606E+06
 2.01242603E+06
 2.01242600E+06
 2.01242597E+06
 2.01242593E+06
 2.01242590E+06
 2.01242586E+06
 2.01242582E+06
 2.01242578E+06
 2.01242575E+06
 2.01242571E+06
 2.01242567E+06
 2.01242563E+06
 2.01242559E+06
 2.01242555E+06
 2.01242551E+06
 2.01242548E+06
 2.01242544E+06
 2.01242540E+06
 2.01242536E+06
 2.01242533E+06
 2.01242529E+06
 2.01242525E+06
 2.01242522E+06
 2.01242518E+06
 2.01242515E+06
 2.01242511E+06
 2.01242508E+06
 2.01242505E+06
 2.01242502E+06
 2.01242499E+06
 2.01242496E+06
 2.01242493E+06
 2.01242490E+06
 2.01242487E+06
 2.01242484E+06
 2.01242481E+06
 2.01242479E+06
 2.01242476E+06
 2.01242474E+06
 2.01242471E+06
 2.01242469E+06
 2.01242467E+06
 2.01242464E+06
 2.01242462E+06
 2.01242460E+06
 2.01242458E+06
 2.01242456E+06
 2.01242454E+06
 2.01242452E+06
 2.01242451E+06
 2.01242449E+06
 2.01242447E+06
 2.01242446E+06
 2.01242444E+06
 2.01242442E+06
 2.01242441E+06
 2.01242440E+06
 2.01242438E+06
 2.01242437E+06
 2.01242435E+06
 2.01242434E+06
 2.01242433E+06
 2.01242432E+06
 2.01242431E+06
 2.01242430E+06
 2.01242428E+06
 2.01242427E+06
 2.01242426E+06
 2.01242425E+06
 2.01242425E+06
 2.01242424E+06
 2.01242423E+06
 2.01242422E+06
 2.01242421E+06
 2.01242420E+06
 2.01242420E+06
 2.01242419E+06
 2.01242418E+06
 2.01242418E+06
 2.01242417E+06
 2.01242416E+06
 2.01242416E+06
 2.01242415E+06
 2.01242415E+06
 2.01242414E+06
 2.01242414E+06
 2.01242413E+06
 2.01242413E+06
 2.01242413E+06
 2.01242412E+06
 2.01242412E+06
 2.01242412E+06
 2.01242411E+06
 2.01242411E+06
 2.01242411E+06
 2.01242411E+06
 2.01242410E+06
 2.01242410E+06
 2.01242410E+06
 2.01242410E+06
 2.01242410E+06
 2.01242410E+06
 2.01242409E+06
 2.01242409E+06
 2.01242409E+06
 2.01242409E+06
 2.01242409E+06
 2.01242335E+06
 2.01242335E+06
 2.01242334E+06
 2.01242334E+06
 2.01242334E+06
 2.01242334E+06
 2.01242333E+06
 2.01242333E+06
 2.01242332E+06
 2.01242332E+06
 2.01242331E+06
 2.01242331E+06
 2.01242330E+06
 2.01242330E+06
 2.01242329E+06
 2.01242328E+06
 2.01242328E+06
 2.01242327E+06
 2.01242327E+06
 2.01242326E+06
 2.01242326E+06
 2.01242325E+06
 2.01242325E+06
 2.01242324E+06
 2.01242324E+06
 2.01242324E+06
 2.01242323E+06
 2.01242323E+06
 2.01242323E+06
 2.01242323E+06
 2.01242323E+06
 2.01242323E+06
 2.01242323E+06
 2.01242323E+06
 2.01242323E+06
 2.01242323E+06
 2.01242324E+06
 2.01242324E+06
 2.01242324E+06
 2.01242324E+06
 2.01242325E+06
 2.01242325E+06
 2.01242326E+06
 2.01242326E+06
 2.01242327E+06
 2.01242327E+06
 2.01242328E+06
 2.01242328E+06
 2.01242329E+06
 2.01242329E+06
 2.01242330E+06
 2.01242331E+06
 2.01242331E+06
 2.01242332E+06
 2.01242333E+06
 2.01242333E+06
 2.01242334E+06
 2.01242335E+06
 2.01242335E+06
 2.01242336E+06
 2.01242337E+06
 2.01242338E+06
 2.01242338E+06
 2.01242339E+06
 2.01242340E+06
 2.01242340E+06
 2.01242341E+06
 2.01242342E+06
 2.01242342E+06
 2.01242343E+06
 2.01242344E+06
 2.01242344E+06
 2.01242345E+06
 2.01242345E+06
 2.01242346E+06
 2.01242347E+06
 2.01242347E+06
 2.01242348E+06
 2.01242348E+06
 2.01242349E+06
 2.01242349E+06
 2.01242350E+06
 2.01242351E+06
 2.01242351E+06
 2.01242352E+06
 2.01242352E+06
 2.01242352E+06
 2.01242353E+06
 2.01242353E+06
 2.01242354E+06
 2.01242354E+06
 2.01242355E+06
 2.01242355E+06
 2.01242355E+06
 2.01242356E+06
 2.01242356E+06
 2.01242356E+06
 2.01242357E+06
 2.01242357E+06
 2.01242357E+06
 2.01242358E+06
 2.01242358E+06
 2.01242358E+06
 2.01242358E+06
 2.01242358E+06
 2.01242359E+06
 2.01242359E+06
 2.01242359E+06
 2.01242359E+06
 2.01242359E+06
 2.01242359E+06
 2.01242360E+06
 2.01242360E+06
 2.01242360E+06
 2.01242360E+06
 2.01242360E+06
 2.01242360E+06
 2.01242360E+06
 2.01242360E+06
 2.01242360E+06
 2.01242043E+06
 2.01242044E+06
 2.01242044E+06
 2.01242044E+06
 2.01242045E+06
 2.01242045E+06
 2.01242046E+06
 2.01242047E+06
 2.01242048E+06
 2.01242050E+06
 2.01242051E+06
 2.01242053E+06
 2.01242054E+06
 2.01242056E+06
 2.01242058E+06
 2.01242060E+06
 2.01242062E+06
 2.01242065E+06
 2.01242067E+06
 2.01242070E+06
 2.01242073E+06
 2.01242075E+06
 2.01242078E+06
 2.01242082E+06
 2.01242085E+06
 2.01242088E+06
 2.01242091E+06
 2.01242095E+06
 2.01242098E+06
 2.01242102E+06
 2.01242106E+06
 2.01242109E+06
 2.01242113E+06
 2.01242117E+06
 2.01242121E+06
 2.01242125E+06
 2.01242129E+06
 2.01242133E+06
 2.01242137E+06
 2.01242141E+06
 2.01242145E+06
 2.01242149E+06
 2.01242153E+06
 2.01242157E+06
 2.01242161E+06
 2.01242165E+06
 2.01242169E+06
 2.01242173E+06
 2.01242176E+06
 2.01242180E+06
 2.01242184E+06
 2.01242188E+06
 2.01242191E+06
 2.01242195E+06
 2.01242199E+06
 2.01242202E+06
 2.01242206E+06
 2.01242209E+06
 2.01242213E+06
 2.01242216E+06
 2.01242219E+06
 2.01242223E+06
 2.01242226E+06
 2.01242229E+06
 2.01242232E+06
 2.01242235E+06
 2.01242238E+06
 2.01242241E+06
 2.01242244E+06
 2.01242246E+06
 2.01242249E+06
 2.01242252E+06
 2.01242254E+06
 2.01242257E+06
 2.01242259E+06
 2.01242262E+06
 2.01242264E+06
 2.01242266E+06
 2.01242268E+06
 2.01242270E+06
 2.01242273E+06
 2.01242275E+06
 2.01242276E+06
 2.01242278E+06
 2.01242280E+06
 2.01242282E+06
 2.01242284E+06
 2.01242285E+06
 2.01242287E+06
 2.01242289E+06
 2.01242290E+06
 2.01242291E+06
 2.01242293E+06
 2.01242294E+06
 2.01242295E+06
 2.01242297E+06
 2.01242298E+06
 2.01242299E+06
 2.01242300E+06
 2.01242301E+06
 2.01242302E+06
 2.01242303E+06
 2.01242304E+06
 2.01242305E+06
 2.01242305E+06
 2.01242306E+06
 2.01242307E+06
 2.01242307E+06
 2.01242308E+06
 2.01242308E+06
 2.01242309E+06
 2.01242309E+06
 2.01242310E+06
 2.01242310E+06
 2.01242310E+06
 2.01242311E+06
 2.01242311E+06
 2.01242311E+06
 2.01242311E+06
 2.01242311E+06
 2.01241752E+06
 2.01241752E+06
 2.01241753E+06
 2.01241754E+06
 2.01241755E+06
 2.01241757E+06
 2.01241759E+06
 2.01241762E+06
 2.01241764E+06
 2.01241767E+06
 2.01241771E+06
 2.01241774E+06
 2.01241778E+06
 2.01241782E+06
 2.01241787E+06
 2.01241792E+06
 2.01241797E+06
 2.01241802E+06
 2.01241808E+06
 2.01241813E+06
 2.01241819E+06
 2.01241826E+06
 2.01241832E+06
 2.01241839E+06
 2.01241845E+06
 2.01241852E+06
 2.01241859E+06
 2.01241866E+06
 2.01241874E+06
 2.01241881E+06
 2.01241888E+06
 2.01241896E+06
 2.01241904E+06
 2.01241911E+06
 2.01241919E+06
 2.01241926E+06
 2.01241934E+06
 2.01241942E+06
 2.01241949E+06
 2.01241957E+06
 2.01241965E+06
 2.01241972E+06
 2.01241980E+06
 2.01241987E+06
 2.01241995E+06
 2.01242002E+06
 2.01242010E+06
 2.01242017E+06
 2.01242024E+06
 2.01242031E+06
 2.01242038E+06
 2.01242045E+06
 2.01242052E+06
 2.01242058E+06
 2.01242065E+06
 2.01242071E+06
 2.01242078E+06
 2.01242084E+06
 2.01242090E+06
 2.01242096E+06
 2.01242102E+06
 2.01242108E+06
 2.01242113E+06
 2.01242119E+06
 2.01242124E+06
 2.01242130E+06
 2.01242135E+06
 2.01242140E+06
 2.01242145E+06
 2.01242150E+06
 2.01242155E+06
 2.01242159E+06
 2.01242164E+06
 2.01242168E+06
 2.01242172E+06
 2.01242176E+06
 2.01242181E+06
 2.01242184E+06
 2.01242188E+06
 2.01242192E+06
 2.01242196E+06
 2.01242199E+06
 2.01242202E+06
 2.01242206E+06
 2.01242209E+06
 2.01242212E+06
 2.01242215E+06
 2.01242218E+06
 2.01242221E+06
 2.01242223E+06
 2.01242226E+06
 2.01242228E+06
 2.01242231E+06
 2.01242233E+06
 2.01242235E+06
 2.01242237E+06
 2.01242239E+06
 2.01242241E+06
 2.01242243E+06
 2.01242245E+06
 2.01242246E+06
 2.01242248E+06
 2.01242250E+06
 2.01242251E+06
 2.01242252E+06
 2.01242253E+06
 2.01242255E+06
 2.01242256E+06
 2.01242257E+06
 2.01242257E+06
 2.01242258E+06
 2.01242259E+06
 2.01242260E+06
 2.01242260E+06
 2.01242261E+06
 2.01242261E+06
 2.01242261E+06
 2.01242262E+06
 2.01242262E+06
 2.01242262E+06
 2.01241460E+06
 2.01241461E+06
 2.01241462E+06
 2.01241463E+06
 2.01241466E+06
 2.01241468E+06
 2.01241472E+06
 2.01241475E+06
 2.01241480E+06
 2.01241485E+06
 2.01241490E+06
 2.01241496E+06
 2.01241502E+06
 2.01241509E+06
 2.01241516E+06
 2.01241523E+06
 2.01241531E+06
 2.01241539E+06
 2.01241548E+06
 2.01241557E+06
 2.01241566E+06
 2.01241576E+06
 2.01241586E+06
 2.01241596E+06
 2.01241606E+06
 2.01241616E+06
 2.01241627E+06
 2.01241638E+06
 2.01241649E+06
 2.01241660E+06
 2.01241671E+06
 2.01241682E+06
 2.01241694E+06
 2.01241705E+06
 2.01241717E+06
 2.01241728E+06
 2.01241739E+06
 2.01241751E+06
 2.01241762E+06
 2.01241773E+06
 2.01241785E+06
 2.01241796E+06
 2.01241807E+06
 2.01241818E+06
 2.01241829E+06
 2.01241840E+06
 2.01241850E+06
 2.01241861E+06
 2.01241871E+06
 2.01241882E+06
 2.01241892E+06
 2.01241902E+06
 2.01241912E+06
 2.01241921E+06
 2.01241931E+06
 2.01241940E+06
 2.01241950E+06
 2.01241959E+06
 2.01241967E+06
 2.01241976E+06
 2.01241985E+06
 2.01241993E+06
 2.01242001E+06
 2.01242009E+06
 2.01242017E+06
 2.01242025E+06
 2.01242032E+06
 2.01242039E+06
 2.01242046E+06
 2.01242053E+06
 2.01242060E+06
 2.01242067E+06
 2.01242073E+06
 2.01242080E+06
 2.01242086E+06
 2.01242092E+06
 2.01242097E+06
 2.01242103E+06
 2.01242108E+06
 2.01242114E+06
 2.01242119E+06
 2.01242124E+06
 2.01242129E+06
 2.01242133E+06
 2.01242138E+06
 2.01242142E+06
 2.01242146E+06
 2.01242150E+06
 2.01242154E+06
 2.01242158E+06
 2.01242162E+06
 2.01242165E+06
 2.01242169E+06
 2.01242172E+06
 2.01242175E+06
 2.01242178E+06
 2.01242181E+06
 2.01242184E+06
 2.01242186E+06
 2.01242189E+06
 2.01242191E+06
 2.01242193E+06
 2.01242195E+06
 2.01242197E+06
 2.01242199E+06
 2.01242201E+06
 2.01242203E+06
 2.01242204E+06
 2.01242205E+06
 2.01242207E+06
 2.01242208E+06
 2.01242209E+06
 2.01242210E+06
 2.01242211E+06
 2.01242211E+06
 2.01242212E+06
 2.01242212E+06
 2.01242213E+06
 2.01242213E+06
 2.01242213E+06
 2.01241168E+06
 2.01241169E+06
 2.01241170E+06
 2.01241172E+06
 2.01241175E+06
 2.01241179E+06
 2.01241184E+06
 2.01241189E+06
 2.01241195E+06
 2.01241201E+06
 2.01241209E+06
 2.01241217E+06
 2.01241225E+06
 2.01241234E+06
 2.01241244E+06
 2.01241254E+06
 2.01241265E+06
 2.01241276E+06
 2.01241288E+06
 2.01241300E+06
 2.01241313E+06
 2.01241325E+06
 2.01241339E+06
 2.01241352E+06
 2.01241366E+06
 2.01241380E+06
 2.01241395E+06
 2.01241409E+06
 2.01241424E+06
 2.01241439E+06
 2.01241454E+06
 2.01241469E+06
 2.01241484E+06
 2.01241499E+06
 2.01241514E+06
 2.01241530E+06
 2.01241545E+06
 2.01241560E+06
 2.01241575E+06
 2.01241590E+06
 2.01241605E+06
 2.01241620E+06
 2.01241634E+06
 2.01241649E+06
 2.01241663E+06
 2.01241678E+06
 2.01241692E+06
 2.01241706E+06
 2.01241719E+06
 2.01241733E+06
 2.01241746E+06
 2.01241759E+06
 2.01241772E+06
 2.01241785E+06
 2.01241797E+06
 2.01241810E+06
 2.01241822E+06
 2.01241833E+06
 2.01241845E+06
 2.01241856E+06
 2.01241868E+06
 2.01241878E+06
 2.01241889E+06
 2.01241900E+06
 2.01241910E+06
 2.01241920E+06
 2.01241929E+06
 2.01241939E+06
 2.01241948E+06
 2.01241957E+06
 2.01241966E+06
 2.01241975E+06
 2.01241983E+06
 2.01241991E+06
 2.01241999E+06
 2.01242007E+06
 2.01242014E+06
 2.01242022E+06
 2.01242029E+06
 2.01242035E+06
 2.01242042E+06
 2.01242049E+06
 2.01242055E+06
 2.01242061E+06
 2.01242067E+06
 2.01242072E+06
 2.01242078E+06
 2.01242083E+06
 2.01242088E+06
 2.01242093E+06
 2.01242098E+06
 2.01242103E+06
 2.01242107E+06
 2.01242111E+06
 2.01242115E+06
 2.01242119E+06
 2.01242123E+06
 2.01242126E+06
 2.01242130E+06
 2.01242133E+06
 2.01242136E+06
 2.01242139E+06
 2.01242141E+06
 2.01242144E+06
 2.01242146E+06
 2.01242149E+06
 2.01242151E+06
 2.01242153E+06
 2.01242154E+06
 2.01242156E+06
 2.01242157E+06
 2.01242159E+06
 2.01242160E+06
 2.01242161E+06
 2.01242162E+06
 2.01242163E+06
 2.01242163E+06
 2.01242164E+06
 2.01242164E+06
 2.01242164E+06
 2.01240875E+06
 2.01240876E+06
 2.01240878E+06
 2.01240881E+06
 2.01240884E+06
 2.01240889E+06
 2.01240895E+06
 2.01240902E+06
 2.01240909E+06
 2.01240918E+06
 2.01240927E+06
 2.01240937E+06
 2.01240948E+06
 2.01240959E+06
 2.01240972E+06
 2.01240985E+06
 2.01240998E+06
 2.01241013E+06
 2.01241027E+06
 2.01241043E+06
 2.01241059E+06
 2.01241075E+06
 2.01241092E+06
 2.01241109E+06
 2.01241126E+06
 2.01241144E+06
 2.01241162E+06
 2.01241180E+06
 2.01241199E+06
 2.01241218E+06
 2.01241236E+06
 2.01241255E+06
 2.01241274E+06
 2.01241293E+06
 2.01241312E+06
 2.01241331E+06
 2.01241350E+06
 2.01241369E+06
 2.01241388E+06
 2.01241406E+06
 2.01241425E+06
 2.01241443E+06
 2.01241462E+06
 2.01241480E+06
 2.01241498E+06
 2.01241515E+06
 2.01241533E+06
 2.01241550E+06
 2.01241567E+06
 2.01241584E+06
 2.01241600E+06
 2.01241617E+06
 2.01241633E+06
 2.01241648E+06
 2.01241664E+06
 2.01241679E+06
 2.01241694E+06
 2.01241709E+06
 2.01241723E+06
 2.01241737E+06
 2.01241751E+06
 2.01241764E+06
 2.01241777E+06
 2.01241790E+06
 2.01241803E+06
 2.01241815E+06
 2.01241827E+06
 2.01241839E+06
 2.01241850E+06
 2.01241861E+06
 2.01241872E+06
 2.01241883E+06
 2.01241893E+06
 2.01241903E+06
 2.01241913E+06
 2.01241922E+06
 2.01241931E+06
 2.01241940E+06
 2.01241949E+06
 2.01241958E+06
 2.01241966E+06
 2.01241974E+06
 2.01241981E+06
 2.01241989E+06
 2.01241996E+06
 2.01242003E+06
 2.01242010E+06
 2.01242016E+06
 2.01242022E+06
 2.01242028E+06
 2.01242034E+06
 2.01242040E+06
 2.01242045E+06
 2.01242050E+06
 2.01242055E+06
 2.01242060E+06
 2.01242065E+06
 2.01242069E+06
 2.01242073E+06
 2.01242077E+06
 2.01242081E+06
 2.01242084E+06
 2.01242088E+06
 2.01242091E+06
 2.01242094E+06
 2.01242096E+06
 2.01242099E+06
 2.01242101E+06
 2.01242103E+06
 2.01242105E+06
 2.01242107E+06
 2.01242109E+06
 2.01242110E+06
 2.01242112E+06
 2.01242113E+06
 2.01242114E+06
 2.01242114E+06
 2.01242115E+06
 2.01242115E+06
 2.01242115E+06
 2.01240581E+06
 2.01240582E+06
 2.01240584E+06
 2.01240588E+06
 2.01240592E+06
 2.01240598E+06
 2.01240605E+06
 2.01240613E+06
 2.01240623E+06
 2.01240633E+06
 2.01240644E+06
 2.01240656E+06
 2.01240670E+06
 2.01240684E+06
 2.01240699E+06
 2.01240714E+06
 2.01240731E+06
 2.01240748E+06
 2.01240766E+06
 2.01240785E+06
 2.01240804E+06
 2.01240824E+06
 2.01240844E+06
 2.01240865E+06
 2.01240886E+06
 2.01240908E+06
 2.01240929E+06
 2.01240951E+06
 2.01240974E+06
 2.01240996E+06
 2.01241019E+06
 2.01241041E+06
 2.01241064E+06
 2.01241087E+06
 2.01241110E+06
 2.01241133E+06
 2.01241155E+06
 2.01241178E+06
 2.01241201E+06
 2.01241223E+06
 2.01241245E+06
 2.01241267E+06
 2.01241289E+06
 2.01241311E+06
 2.01241332E+06
 2.01241353E+06
 2.01241374E+06
 2.01241395E+06
 2.01241415E+06
 2.01241435E+06
 2.01241455E+06
 2.01241475E+06
 2.01241494E+06
 2.01241512E+06
 2.01241531E+06
 2.01241549E+06
 2.01241567E+06
 2.01241584E+06
 2.01241601E+06
 2.01241618E+06
 2.01241634E+06
 2.01241650E+06
 2.01241666E+06
 2.01241681E+06
 2.01241696E+06
 2.01241711E+06
 2.01241725E+06
 2.01241739E+06
 2.01241752E+06
 2.01241765E+06
 2.01241778E+06
 2.01241791E+06
 2.01241803E+06
 2.01241815E+06
 2.01241827E+06
 2.01241838E+06
 2.01241849E+06
 2.01241859E+06
 2.01241870E+06
 2.01241880E+06
 2.01241890E+06
 2.01241899E+06
 2.01241908E+06
 2.01241917E+06
 2.01241925E+06
 2.01241934E+06
 2.01241942E+06
 2.01241949E+06
 2.01241957E+06
 2.01241964E+06
 2.01241971E+06
 2.01241977E+06
 2.01241984E+06
 2.01241990E+06
 2.01241996E+06
 2.01242001E+06
 2.01242007E+06
 2.01242012E+06
 2.01242017E+06
 2.01242021E+06
 2.01242026E+06
 2.01242030E+06
 2.01242034E+06
 2.01242038E+06
 2.01242041E+06
 2.01242044E+06
 2.01242047E+06
 2.01242050E+06
 2.01242053E+06
 2.01242055E+06
 2.01242057E+06
 2.01242059E+06
 2.01242061E+06
 2.01242062E+06
 2.01242064E+06
 2.01242065E+06
 2.01242066E+06
 2.01242066E+06
 2.01242067E+06
 2.01242067E+06
 2.01240285E+06
 2.01240287E+06
 2.01240290E+06
 2.01240294E+06
 2.01240299E+06
 2.01240306E+06
 2.01240315E+06
 2.01240324E+06
 2.01240335E+06
 2.01240347E+06
 2.01240361E+06
 2.01240375E+06
 2.01240391E+06
 2.01240407E+06
 2.01240425E+06
 2.01240444E+06
 2.01240463E+06
 2.01240483E+06
 2.01240505E+06
 2.01240527E+06
 2.01240549E+06
 2.01240572E+06
 2.01240596E+06
 2.01240621E+06
 2.01240645E+06
 2.01240671E+06
 2.01240696E+06
 2.01240722E+06
 2.01240748E+06
 2.01240775E+06
 2.01240801E+06
 2.01240828E+06
 2.01240854E+06
 2.01240881E+06
 2.01240908E+06
 2.01240934E+06
 2.01240961E+06
 2.01240987E+06
 2.01241014E+06
 2.01241040E+06
 2.01241066E+06
 2.01241092E+06
 2.01241117E+06
 2.01241142E+06
 2.01241167E+06
 2.01241192E+06
 2.01241216E+06
 2.01241240E+06
 2.01241264E+06
 2.01241287E+06
 2.01241310E+06
 2.01241333E+06
 2.01241355E+06
 2.01241377E+06
 2.01241398E+06
 2.01241419E+06
 2.01241440E+06
 2.01241460E+06
 2.01241479E+06
 2.01241499E+06
 2.01241518E+06
 2.01241536E+06
 2.01241555E+06
 2.01241572E+06
 2.01241590E+06
 2.01241606E+06
 2.01241623E+06
 2.01241639E+06
 2.01241655E+06
 2.01241670E+06
 2.01241685E+06
 2.01241700E+06
 2.01241714E+06
 2.01241728E+06
 2.01241741E+06
 2.01241754E+06
 2.01241767E+06
 2.01241779E+06
 2.01241791E+06
 2.01241802E+06
 2.01241814E+06
 2.01241825E+06
 2.01241835E+06
 2.01241845E+06
 2.01241855E+06
 2.01241865E+06
 2.01241874E+06
 2.01241883E+06
 2.01241891E+06
 2.01241900E+06
 2.01241908E+06
 2.01241915E+06
 2.01241923E+06
 2.01241930E+06
 2.01241936E+06
 2.01241943E+06
 2.01241949E+06
 2.01241955E+06
 2.01241961E+06
 2.01241966E+06
 2.01241971E+06
 2.01241976E+06
 2.01241980E+06
 2.01241985E+06
 2.01241989E+06
 2.01241992E+06
 2.01241996E+06
 2.01241999E+06
 2.01242002E+06
 2.01242005E+06
 2.01242007E+06
 2.01242010E+06
 2.01242012E+06
 2.01242013E+06
 2.01242015E+06
 2.01242016E+06
 2.01242017E+06
 2.01242018E+06
 2.01242018E+06
 2.01242018E+06
 2.01239989E+06
 2.01239990E+06
 2.01239994E+06
 2.01239998E+06
 2.01240005E+06
 2.01240013E+06
 2.01240023E+06
 2.01240034E+06
 2.01240046E+06
 2.01240060E+06
 2.01240076E+06
 2.01240092E+06
 2.01240110E+06
 2.01240130E+06
 2.01240150E+06
 2.01240172E+06
 2.01240194E+06
 2.01240218E+06
 2.01240242E+06
 2.01240268E+06
 2.01240294E+06
 2.01240320E+06
 2.01240348E+06
 2.01240376E+06
 2.01240404E+06
 2.01240433E+06
 2.01240463E+06
 2.01240493E+06
 2.01240523E+06
 2.01240553E+06
 2.01240583E+06
 2.01240614E+06
 2.01240644E+06
 2.01240675E+06
 2.01240706E+06
 2.01240736E+06
 2.01240767E+06
 2.01240797E+06
 2.01240827E+06
 2.01240857E+06
 2.01240887E+06
 2.01240916E+06
 2.01240945E+06
 2.01240974E+06
 2.01241002E+06
 2.01241031E+06
 2.01241058E+06
 2.01241086E+06
 2.01241113E+06
 2.01241139E+06
 2.01241165E+06
 2.01241191E+06
 2.01241216E+06
 2.01241241E+06
 2.01241266E+06
 2.01241289E+06
 2.01241313E+06
 2.01241336E+06
 2.01241358E+06
 2.01241380E+06
 2.01241402E+06
 2.01241423E+06
 2.01241444E+06
 2.01241464E+06
 2.01241484E+06
 2.01241503E+06
 2.01241522E+06
 2.01241540E+06
 2.01241558E+06
 2.01241575E+06
 2.01241592E+06
 2.01241609E+06
 2.01241625E+06
 2.01241640E+06
 2.01241656E+06
 2.01241670E+06
 2.01241685E+06
 2.01241699E+06
 2.01241712E+06
 2.01241725E+06
 2.01241738E+06
 2.01241750E+06
 2.01241762E+06
 2.01241774E+06
 2.01241785E+06
 2.01241796E+06
 2.01241806E+06
 2.01241817E+06
 2.01241826E+06
 2.01241836E+06
 2.01241845E+06
 2.01241853E+06
 2.01241862E+06
 2.01241870E+06
 2.01241877E+06
 2.01241885E+06
 2.01241892E+06
 2.01241898E+06
 2.01241905E+06
 2.01241911E+06
 2.01241917E+06
 2.01241922E+06
 2.01241927E+06
 2.01241932E+06
 2.01241937E+06
 2.01241941E+06
 2.01241945E+06
 2.01241949E+06
 2.01241952E+06
 2.01241955E+06
 2.01241958E+06
 2.01241960E+06
 2.01241963E+06
 2.01241965E+06
 2.01241966E+06
 2.01241968E+06
 2.01241969E+06
 2.01241970E+06
 2.01241970E+06
 2.01241970E+06
 2.01239690E+06
 2.01239692E+06
 2.01239696E+06
 2.01239702E+06
 2.01239709E+06
 2.01239718E+06
 2.01239729E+06
 2.01239742E+06
 2.01239756E+06
 2.01239772E+06
 2.01239790E+06
 2.01239809E+06
 2.01239829E+06
 2.01239851E+06
 2.01239874E+06
 2.01239899E+06
 2.01239924E+06
 2.01239951E+06
 2.01239979E+06
 2.01240008E+06
 2.01240037E+06
 2.01240068E+06
 2.01240099E+06
 2.01240131E+06
 2.01240163E+06
 2.01240196E+06
 2.01240229E+06
 2.01240263E+06
 2.01240297E+06
 2.01240331E+06
 2.01240365E+06
 2.01240400E+06
 2.01240434E+06
 2.01240469E+06
 2.01240503E+06
 2.01240538E+06
 2.01240572E+06
 2.01240606E+06
 2.01240640E+06
 2.01240674E+06
 2.01240708E+06
 2.01240741E+06
 2.01240773E+06
 2.01240806E+06
 2.01240838E+06
 2.01240870E+06
 2.01240901E+06
 2.01240932E+06
 2.01240962E+06
 2.01240992E+06
 2.01241021E+06
 2.01241050E+06
 2.01241078E+06
 2.01241106E+06
 2.01241134E+06
 2.01241160E+06
 2.01241187E+06
 2.01241212E+06
 2.01241238E+06
 2.01241262E+06
 2.01241287E+06
 2.01241310E+06
 2.01241333E+06
 2.01241356E+06
 2.01241378E+06
 2.01241400E+06
 2.01241421E+06
 2.01241441E+06
 2.01241461E+06
 2.01241481E+06
 2.01241500E+06
 2.01241518E+06
 2.01241536E+06
 2.01241554E+06
 2.01241571E+06
 2.01241587E+06
 2.01241603E+06
 2.01241619E+06
 2.01241634E+06
 2.01241649E+06
 2.01241663E+06
 2.01241677E+06
 2.01241690E+06
 2.01241703E+06
 2.01241716E+06
 2.01241728E+06
 2.01241739E+06
 2.01241751E+06
 2.01241762E+06
 2.01241772E+06
 2.01241782E+06
 2.01241792E+06
 2.01241801E+06
 2.01241810E+06
 2.01241819E+06
 2.01241827E+06
 2.01241835E+06
 2.01241842E+06
 2.01241849E+06
 2.01241856E+06
 2.01241863E+06
 2.01241869E+06
 2.01241874E+06
 2.01241880E+06
 2.01241885E+06
 2.01241890E+06
 2.01241894E+06
 2.01241898E+06
 2.01241902E+06
 2.01241905E+06
 2.01241909E+06
 2.01241911E+06
 2.01241914E+06
 2.01241916E+06
 2.01241918E+06
 2.01241919E+06
 2.01241921E+06
 2.01241922E+06
 2.01241922E+06
 2.01241923E+06
 2.01239390E+06
 2.01239392E+06
 2.01239397E+06
 2.01239403E+06
 2.01239411E+06
 2.01239421E+06
 2.01239434E+06
 2.01239448E+06
 2.01239464E+06
 2.01239482E+06
 2.01239502E+06
 2.01239523E+06
 2.01239546E+06
 2.01239571E+06
 2.01239597E+06
 2.01239625E+06
 2.01239654E+06
 2.01239684E+06
 2.01239715E+06
 2.01239747E+06
 2.01239780E+06
 2.01239814E+06
 2.01239849E+06
 2.01239885E+06
 2.01239921E+06
 2.01239958E+06
 2.01239995E+06
 2.01240033E+06
 2.01240071E+06
 2.01240109E+06
 2.01240147E+06
 2.01240186E+06
 2.01240224E+06
 2.01240263E+06
 2.01240301E+06
 2.01240340E+06
 2.01240378E+06
 2.01240416E+06
 2.01240454E+06
 2.01240492E+06
 2.01240529E+06
 2.01240566E+06
 2.01240602E+06
 2.01240638E+06
 2.01240674E+06
 2.01240709E+06
 2.01240744E+06
 2.01240778E+06
 2.01240812E+06
 2.01240845E+06
 2.01240877E+06
 2.01240909E+06
 2.01240941E+06
 2.01240972E+06
 2.01241002E+06
 2.01241032E+06
 2.01241061E+06
 2.01241090E+06
 2.01241118E+06
 2.01241145E+06
 2.01241172E+06
 2.01241198E+06
 2.01241224E+06
 2.01241249E+06
 2.01241273E+06
 2.01241297E+06
 2.01241320E+06
 2.01241343E+06
 2.01241365E+06
 2.01241387E+06
 2.01241408E+06
 2.01241428E+06
 2.01241448E+06
 2.01241467E+06
 2.01241486E+06
 2.01241504E+06
 2.01241522E+06
 2.01241539E+06
 2.01241556E+06
 2.01241572E+06
 2.01241588E+06
 2.01241603E+06
 2.01241618E+06
 2.01241633E+06
 2.01241646E+06
 2.01241660E+06
 2.01241673E+06
 2.01241685E+06
 2.01241697E+06
 2.01241709E+06
 2.01241720E+06
 2.01241731E+06
 2.01241741E+06
 2.01241751E+06
 2.01241760E+06
 2.01241769E+06
 2.01241778E+06
 2.01241786E+06
 2.01241794E+06
 2.01241802E+06
 2.01241809E+06
 2.01241816E+06
 2.01241822E+06
 2.01241828E+06
 2.01241834E+06
 2.01241839E+06
 2.01241844E+06
 2.01241848E+06
 2.01241852E+06
 2.01241856E+06
 2.01241860E+06
 2.01241863E+06
 2.01241865E+06
 2.01241868E+06
 2.01241870E+06
 2.01241872E+06
 2.01241873E+06
 2.01241874E+06
 2.01241875E+06
 2.01241875E+06
 2.01239088E+06
 2.01239090E+06
 2.01239095E+06
 2.01239102E+06
 2.01239111E+06
 2.01239123E+06
 2.01239137E+06
 2.01239152E+06
 2.01239170E+06
 2.01239191E+06
 2.01239213E+06
 2.01239236E+06
 2.01239262E+06
 2.01239290E+06
 2.01239319E+06
 2.01239349E+06
 2.01239381E+06
 2.01239415E+06
 2.01239449E+06
 2.01239485E+06
 2.01239522E+06
 2.01239560E+06
 2.01239599E+06
 2.01239638E+06
 2.01239678E+06
 2.01239719E+06
 2.01239761E+06
 2.01239802E+06
 2.01239844E+06
 2.01239887E+06
 2.01239929E+06
 2.01239972E+06
 2.01240014E+06
 2.01240057E+06
 2.01240100E+06
 2.01240142E+06
 2.01240184E+06
 2.01240226E+06
 2.01240268E+06
 2.01240309E+06
 2.01240350E+06
 2.01240391E+06
 2.01240431E+06
 2.01240471E+06
 2.01240510E+06
 2.01240549E+06
 2.01240587E+06
 2.01240625E+06
 2.01240662E+06
 2.01240698E+06
 2.01240734E+06
 2.01240769E+06
 2.01240804E+06
 2.01240838E+06
 2.01240871E+06
 2.01240904E+06
 2.01240936E+06
 2.01240967E+06
 2.01240998E+06
 2.01241028E+06
 2.01241058E+06
 2.01241086E+06
 2.01241114E+06
 2.01241142E+06
 2.01241169E+06
 2.01241195E+06
 2.01241220E+06
 2.01241245E+06
 2.01241269E+06
 2.01241293E+06
 2.01241316E+06
 2.01241338E+06
 2.01241360E+06
 2.01241382E+06
 2.01241402E+06
 2.01241422E+06
 2.01241442E+06
 2.01241461E+06
 2.01241479E+06
 2.01241497E+06
 2.01241514E+06
 2.01241531E+06
 2.01241547E+06
 2.01241563E+06
 2.01241578E+06
 2.01241592E+06
 2.01241607E+06
 2.01241620E+06
 2.01241633E+06
 2.01241646E+06
 2.01241658E+06
 2.01241670E+06
 2.01241681E+06
 2.01241692E+06
 2.01241702E+06
 2.01241712E+06
 2.01241722E+06
 2.01241731E+06
 2.01241739E+06
 2.01241748E+06
 2.01241755E+06
 2.01241763E+06
 2.01241770E+06
 2.01241776E+06
 2.01241782E+06
 2.01241788E+06
 2.01241794E+06
 2.01241798E+06
 2.01241803E+06
 2.01241807E+06
 2.01241811E+06
 2.01241814E+06
 2.01241817E+06
 2.01241820E+06
 2.01241822E+06
 2.01241824E+06
 2.01241826E+06
 2.01241827E+06
 2.01241827E+06
 2.01241828E+06
 2.01238783E+06
 2.01238786E+06
 2.01238791E+06
 2.01238799E+06
 2.01238809E+06
 2.01238822E+06
 2.01238837E+06
 2.01238855E+06
 2.01238875E+06
 2.01238897E+06
 2.01238921E+06
 2.01238948E+06
 2.01238976E+06
 2.01239006E+06
 2.01239039E+06
 2.01239072E+06
 2.01239108E+06
 2.01239145E+06
 2.01239183E+06
 2.01239223E+06
 2.01239263E+06
 2.01239305E+06
 2.01239348E+06
 2.01239391E+06
 2.01239435E+06
 2.01239480E+06
 2.01239526E+06
 2.01239571E+06
 2.01239618E+06
 2.01239664E+06
 2.01239711E+06
 2.01239758E+06
 2.01239804E+06
 2.01239851E+06
 2.01239898E+06
 2.01239944E+06
 2.01239991E+06
 2.01240037E+06
 2.01240082E+06
 2.01240128E+06
 2.01240172E+06
 2.01240217E+06
 2.01240261E+06
 2.01240304E+06
 2.01240347E+06
 2.01240389E+06
 2.01240431E+06
 2.01240472E+06
 2.01240513E+06
 2.01240552E+06
 2.01240592E+06
 2.01240630E+06
 2.01240668E+06
 2.01240705E+06
 2.01240741E+06
 2.01240777E+06
 2.01240812E+06
 2.01240846E+06
 2.01240879E+06
 2.01240912E+06
 2.01240944E+06
 2.01240975E+06
 2.01241006E+06
 2.01241036E+06
 2.01241065E+06
 2.01241093E+06
 2.01241121E+06
 2.01241148E+06
 2.01241174E+06
 2.01241200E+06
 2.01241225E+06
 2.01241250E+06
 2.01241273E+06
 2.01241296E+06
 2.01241319E+06
 2.01241341E+06
 2.01241362E+06
 2.01241382E+06
 2.01241402E+06
 2.01241422E+06
 2.01241440E+06
 2.01241458E+06
 2.01241476E+06
 2.01241493E+06
 2.01241510E+06
 2.01241525E+06
 2.01241541E+06
 2.01241556E+06
 2.01241570E+06
 2.01241584E+06
 2.01241597E+06
 2.01241610E+06
 2.01241622E+06
 2.01241634E+06
 2.01241645E+06
 2.01241656E+06
 2.01241666E+06
 2.01241676E+06
 2.01241685E+06
 2.01241694E+06
 2.01241703E+06
 2.01241710E+06
 2.01241718E+06
 2.01241725E+06
 2.01241732E+06
 2.01241738E+06
 2.01241744E+06
 2.01241749E+06
 2.01241754E+06
 2.01241759E+06
 2.01241763E+06
 2.01241766E+06
 2.01241770E+06
 2.01241773E+06
 2.01241775E+06
 2.01241777E+06
 2.01241779E+06
 2.01241780E+06
 2.01241781E+06
 2.01241781E+06
 2.01238476E+06
 2.01238479E+06
 2.01238485E+06
 2.01238493E+06
 2.01238505E+06
 2.01238519E+06
 2.01238535E+06
 2.01238555E+06
 2.01238577E+06
 2.01238601E+06
 2.01238628E+06
 2.01238657E+06
 2.01238688E+06
 2.01238722E+06
 2.01238757E+06
 2.01238794E+06
 2.01238833E+06
 2.01238873E+06
 2.01238915E+06
 2.01238959E+06
 2.01239003E+06
 2.01239049E+06
 2.01239096E+06
 2.01239143E+06
 2.01239192E+06
 2.01239241E+06
 2.01239290E+06
 2.01239340E+06
 2.01239391E+06
 2.01239442E+06
 2.01239492E+06
 2.01239543E+06
 2.01239594E+06
 2.01239645E+06
 2.01239696E+06
 2.01239747E+06
 2.01239797E+06
 2.01239847E+06
 2.01239897E+06
 2.01239946E+06
 2.01239995E+06
 2.01240043E+06
 2.01240091E+06
 2.01240138E+06
 2.01240185E+06
 2.01240231E+06
 2.01240276E+06
 2.01240320E+06
 2.01240364E+06
 2.01240407E+06
 2.01240450E+06
 2.01240491E+06
 2.01240532E+06
 2.01240572E+06
 2.01240612E+06
 2.01240650E+06
 2.01240688E+06
 2.01240725E+06
 2.01240761E+06
 2.01240796E+06
 2.01240831E+06
 2.01240865E+06
 2.01240898E+06
 2.01240930E+06
 2.01240962E+06
 2.01240993E+06
 2.01241022E+06
 2.01241052E+06
 2.01241080E+06
 2.01241108E+06
 2.01241135E+06
 2.01241161E+06
 2.01241187E+06
 2.01241212E+06
 2.01241236E+06
 2.01241260E+06
 2.01241282E+06
 2.01241305E+06
 2.01241326E+06
 2.01241347E+06
 2.01241367E+06
 2.01241387E+06
 2.01241406E+06
 2.01241424E+06
 2.01241442E+06
 2.01241459E+06
 2.01241476E+06
 2.01241492E+06
 2.01241507E+06
 2.01241522E+06
 2.01241536E+06
 2.01241550E+06
 2.01241563E+06
 2.01241576E+06
 2.01241588E+06
 2.01241600E+06
 2.01241611E+06
 2.01241621E+06
 2.01241631E+06
 2.01241641E+06
 2.01241650E+06
 2.01241659E+06
 2.01241667E+06
 2.01241674E+06
 2.01241682E+06
 2.01241688E+06
 2.01241695E+06
 2.01241700E+06
 2.01241706E+06
 2.01241711E+06
 2.01241715E+06
 2.01241719E+06
 2.01241722E+06
 2.01241725E+06
 2.01241728E+06
 2.01241730E+06
 2.01241732E+06
 2.01241733E+06
 2.01241734E+06
 2.01241735E+06
 2.01238166E+06
 2.01238169E+06
 2.01238175E+06
 2.01238185E+06
 2.01238197E+06
 2.01238213E+06
 2.01238231E+06
 2.01238252E+06
 2.01238276E+06
 2.01238303E+06
 2.01238332E+06
 2.01238364E+06
 2.01238398E+06
 2.01238435E+06
 2.01238473E+06
 2.01238514E+06
 2.01238556E+06
 2.01238600E+06
 2.01238646E+06
 2.01238694E+06
 2.01238742E+06
 2.01238792E+06
 2.01238843E+06
 2.01238895E+06
 2.01238947E+06
 2.01239001E+06
 2.01239054E+06
 2.01239109E+06
 2.01239164E+06
 2.01239219E+06
 2.01239274E+06
 2.01239329E+06
 2.01239385E+06
 2.01239440E+06
 2.01239495E+06
 2.01239550E+06
 2.01239604E+06
 2.01239658E+06
 2.01239712E+06
 2.01239765E+06
 2.01239818E+06
 2.01239870E+06
 2.01239922E+06
 2.01239973E+06
 2.01240023E+06
 2.01240072E+06
 2.01240121E+06
 2.01240169E+06
 2.01240216E+06
 2.01240263E+06
 2.01240309E+06
 2.01240353E+06
 2.01240397E+06
 2.01240441E+06
 2.01240483E+06
 2.01240524E+06
 2.01240565E+06
 2.01240605E+06
 2.01240644E+06
 2.01240682E+06
 2.01240719E+06
 2.01240755E+06
 2.01240791E+06
 2.01240826E+06
 2.01240859E+06
 2.01240892E+06
 2.01240925E+06
 2.01240956E+06
 2.01240987E+06
 2.01241017E+06
 2.01241046E+06
 2.01241074E+06
 2.01241101E+06
 2.01241128E+06
 2.01241154E+06
 2.01241179E+06
 2.01241204E+06
 2.01241228E+06
 2.01241251E+06
 2.01241273E+06
 2.01241295E+06
 2.01241316E+06
 2.01241336E+06
 2.01241356E+06
 2.01241375E+06
 2.01241393E+06
 2.01241411E+06
 2.01241428E+06
 2.01241445E+06
 2.01241461E+06
 2.01241476E+06
 2.01241491E+06
 2.01241505E+06
 2.01241518E+06
 2.01241531E+06
 2.01241544E+06
 2.01241556E+06
 2.01241567E+06
 2.01241578E+06
 2.01241588E+06
 2.01241598E+06
 2.01241607E+06
 2.01241616E+06
 2.01241624E+06
 2.01241632E+06
 2.01241639E+06
 2.01241646E+06
 2.01241652E+06
 2.01241658E+06
 2.01241663E+06
 2.01241668E+06
 2.01241672E+06
 2.01241676E+06
 2.01241679E+06
 2.01241682E+06
 2.01241684E+06
 2.01241686E+06
 2.01241687E+06
 2.01241688E+06
 2.01241689E+06
 2.01237853E+06
 2.01237856E+06
 2.01237863E+06
 2.01237873E+06
 2.01237887E+06
 2.01237904E+06
 2.01237924E+06
 2.01237947E+06
 2.01237973E+06
 2.01238002E+06
 2.01238034E+06
 2.01238069E+06
 2.01238106E+06
 2.01238146E+06
 2.01238188E+06
 2.01238232E+06
 2.01238278E+06
 2.01238326E+06
 2.01238376E+06
 2.01238427E+06
 2.01238480E+06
 2.01238534E+06
 2.01238589E+06
 2.01238645E+06
 2.01238702E+06
 2.01238760E+06
 2.01238818E+06
 2.01238877E+06
 2.01238936E+06
 2.01238996E+06
 2.01239055E+06
 2.01239115E+06
 2.01239175E+06
 2.01239234E+06
 2.01239294E+06
 2.01239353E+06
 2.01239411E+06
 2.01239470E+06
 2.01239528E+06
 2.01239585E+06
 2.01239642E+06
 2.01239698E+06
 2.01239753E+06
 2.01239808E+06
 2.01239862E+06
 2.01239915E+06
 2.01239967E+06
 2.01240019E+06
 2.01240069E+06
 2.01240119E+06
 2.01240168E+06
 2.01240216E+06
 2.01240263E+06
 2.01240310E+06
 2.01240355E+06
 2.01240399E+06
 2.01240443E+06
 2.01240486E+06
 2.01240527E+06
 2.01240568E+06
 2.01240608E+06
 2.01240647E+06
 2.01240685E+06
 2.01240722E+06
 2.01240758E+06
 2.01240793E+06
 2.01240828E+06
 2.01240861E+06
 2.01240894E+06
 2.01240926E+06
 2.01240957E+06
 2.01240987E+06
 2.01241016E+06
 2.01241045E+06
 2.01241073E+06
 2.01241100E+06
 2.01241126E+06
 2.01241151E+06
 2.01241176E+06
 2.01241200E+06
 2.01241223E+06
 2.01241245E+06
 2.01241267E+06
 2.01241288E+06
 2.01241308E+06
 2.01241328E+06
 2.01241347E+06
 2.01241365E+06
 2.01241383E+06
 2.01241400E+06
 2.01241416E+06
 2.01241432E+06
 2.01241447E+06
 2.01241462E+06
 2.01241475E+06
 2.01241489E+06
 2.01241501E+06
 2.01241514E+06
 2.01241525E+06
 2.01241536E+06
 2.01241546E+06
 2.01241556E+06
 2.01241566E+06
 2.01241574E+06
 2.01241583E+06
 2.01241590E+06
 2.01241597E+06
 2.01241604E+06
 2.01241610E+06
 2.01241616E+06
 2.01241621E+06
 2.01241625E+06
 2.01241629E+06
 2.01241633E+06
 2.01241636E+06
 2.01241638E+06
 2.01241640E+06
 2.01241642E+06
 2.01241643E+06
 2.01241643E+06
 2.01237536E+06
 2.01237540E+06
 2.01237547E+06
 2.01237558E+06
 2.01237573E+06
 2.01237592E+06
 2.01237613E+06
 2.01237638E+06
 2.01237667E+06
 2.01237699E+06
 2.01237733E+06
 2.01237771E+06
 2.01237811E+06
 2.01237854E+06
 2.01237900E+06
 2.01237948E+06
 2.01237998E+06
 2.01238050E+06
 2.01238104E+06
 2.01238159E+06
 2.01238216E+06
 2.01238275E+06
 2.01238334E+06
 2.01238395E+06
 2.01238456E+06
 2.01238519E+06
 2.01238581E+06
 2.01238645E+06
 2.01238709E+06
 2.01238773E+06
 2.01238837E+06
 2.01238901E+06
 2.01238965E+06
 2.01239029E+06
 2.01239093E+06
 2.01239156E+06
 2.01239219E+06
 2.01239282E+06
 2.01239344E+06
 2.01239405E+06
 2.01239466E+06
 2.01239526E+06
 2.01239585E+06
 2.01239644E+06
 2.01239701E+06
 2.01239758E+06
 2.01239814E+06
 2.01239869E+06
 2.01239923E+06
 2.01239977E+06
 2.01240029E+06
 2.01240080E+06
 2.01240130E+06
 2.01240180E+06
 2.01240228E+06
 2.01240275E+06
 2.01240322E+06
 2.01240367E+06
 2.01240412E+06
 2.01240455E+06
 2.01240497E+06
 2.01240539E+06
 2.01240579E+06
 2.01240619E+06
 2.01240657E+06
 2.01240695E+06
 2.01240732E+06
 2.01240767E+06
 2.01240802E+06
 2.01240836E+06
 2.01240869E+06
 2.01240901E+06
 2.01240932E+06
 2.01240963E+06
 2.01240992E+06
 2.01241021E+06
 2.01241049E+06
 2.01241076E+06
 2.01241102E+06
 2.01241127E+06
 2.01241152E+06
 2.01241176E+06
 2.01241199E+06
 2.01241221E+06
 2.01241243E+06
 2.01241264E+06
 2.01241284E+06
 2.01241303E+06
 2.01241322E+06
 2.01241340E+06
 2.01241357E+06
 2.01241374E+06
 2.01241390E+06
 2.01241405E+06
 2.01241420E+06
 2.01241434E+06
 2.01241448E+06
 2.01241461E+06
 2.01241473E+06
 2.01241484E+06
 2.01241496E+06
 2.01241506E+06
 2.01241516E+06
 2.01241525E+06
 2.01241534E+06
 2.01241542E+06
 2.01241550E+06
 2.01241557E+06
 2.01241563E+06
 2.01241569E+06
 2.01241574E+06
 2.01241579E+06
 2.01241583E+06
 2.01241587E+06
 2.01241590E+06
 2.01241593E+06
 2.01241595E+06
 2.01241597E+06
 2.01241598E+06
 2.01241598E+06
 2.01237216E+06
 2.01237220E+06
 2.01237228E+06
 2.01237240E+06
 2.01237256E+06
 2.01237276E+06
 2.01237300E+06
 2.01237327E+06
 2.01237358E+06
 2.01237392E+06
 2.01237430E+06
 2.01237470E+06
 2.01237514E+06
 2.01237561E+06
 2.01237610E+06
 2.01237662E+06
 2.01237716E+06
 2.01237772E+06
 2.01237830E+06
 2.01237890E+06
 2.01237951E+06
 2.01238014E+06
 2.01238078E+06
 2.01238143E+06
 2.01238210E+06
 2.01238277E+06
 2.01238344E+06
 2.01238412E+06
 2.01238481E+06
 2.01238549E+06
 2.01238618E+06
 2.01238687E+06
 2.01238756E+06
 2.01238824E+06
 2.01238892E+06
 2.01238960E+06
 2.01239027E+06
 2.01239094E+06
 2.01239160E+06
 2.01239226E+06
 2.01239291E+06
 2.01239355E+06
 2.01239418E+06
 2.01239480E+06
 2.01239542E+06
 2.01239602E+06
 2.01239662E+06
 2.01239720E+06
 2.01239778E+06
 2.01239835E+06
 2.01239890E+06
 2.01239945E+06
 2.01239998E+06
 2.01240051E+06
 2.01240102E+06
 2.01240152E+06
 2.01240202E+06
 2.01240250E+06
 2.01240297E+06
 2.01240343E+06
 2.01240388E+06
 2.01240432E+06
 2.01240475E+06
 2.01240517E+06
 2.01240558E+06
 2.01240598E+06
 2.01240636E+06
 2.01240674E+06
 2.01240711E+06
 2.01240747E+06
 2.01240782E+06
 2.01240816E+06
 2.01240849E+06
 2.01240881E+06
 2.01240912E+06
 2.01240943E+06
 2.01240972E+06
 2.01241001E+06
 2.01241029E+06
 2.01241056E+06
 2.01241082E+06
 2.01241107E+06
 2.01241131E+06
 2.01241155E+06
 2.01241178E+06
 2.01241200E+06
 2.01241221E+06
 2.01241242E+06
 2.01241262E+06
 2.01241281E+06
 2.01241299E+06
 2.01241317E+06
 2.01241334E+06
 2.01241350E+06
 2.01241365E+06
 2.01241380E+06
 2.01241395E+06
 2.01241408E+06
 2.01241421E+06
 2.01241434E+06
 2.01241445E+06
 2.01241456E+06
 2.01241467E+06
 2.01241476E+06
 2.01241486E+06
 2.01241494E+06
 2.01241502E+06
 2.01241510E+06
 2.01241517E+06
 2.01241523E+06
 2.01241528E+06
 2.01241534E+06
 2.01241538E+06
 2.01241542E+06
 2.01241545E+06
 2.01241548E+06
 2.01241550E+06
 2.01241552E+06
 2.01241553E+06
 2.01241554E+06
 2.01236891E+06
 2.01236896E+06
 2.01236905E+06
 2.01236918E+06
 2.01236935E+06
 2.01236956E+06
 2.01236982E+06
 2.01237012E+06
 2.01237045E+06
 2.01237082E+06
 2.01237123E+06
 2.01237167E+06
 2.01237214E+06
 2.01237264E+06
 2.01237317E+06
 2.01237373E+06
 2.01237431E+06
 2.01237492E+06
 2.01237554E+06
 2.01237619E+06
 2.01237685E+06
 2.01237752E+06
 2.01237821E+06
 2.01237891E+06
 2.01237962E+06
 2.01238034E+06
 2.01238106E+06
 2.01238179E+06
 2.01238252E+06
 2.01238326E+06
 2.01238399E+06
 2.01238473E+06
 2.01238546E+06
 2.01238619E+06
 2.01238692E+06
 2.01238764E+06
 2.01238836E+06
 2.01238907E+06
 2.01238978E+06
 2.01239047E+06
 2.01239116E+06
 2.01239184E+06
 2.01239252E+06
 2.01239318E+06
 2.01239383E+06
 2.01239447E+06
 2.01239511E+06
 2.01239573E+06
 2.01239634E+06
 2.01239694E+06
 2.01239753E+06
 2.01239811E+06
 2.01239867E+06
 2.01239923E+06
 2.01239977E+06
 2.01240031E+06
 2.01240083E+06
 2.01240134E+06
 2.01240183E+06
 2.01240232E+06
 2.01240280E+06
 2.01240326E+06
 2.01240372E+06
 2.01240416E+06
 2.01240459E+06
 2.01240501E+06
 2.01240542E+06
 2.01240582E+06
 2.01240621E+06
 2.01240659E+06
 2.01240696E+06
 2.01240732E+06
 2.01240767E+06
 2.01240801E+06
 2.01240834E+06
 2.01240866E+06
 2.01240897E+06
 2.01240927E+06
 2.01240956E+06
 2.01240985E+06
 2.01241012E+06
 2.01241039E+06
 2.01241064E+06
 2.01241089E+06
 2.01241114E+06
 2.01241137E+06
 2.01241159E+06
 2.01241181E+06
 2.01241202E+06
 2.01241222E+06
 2.01241241E+06
 2.01241260E+06
 2.01241278E+06
 2.01241295E+06
 2.01241311E+06
 2.01241327E+06
 2.01241342E+06
 2.01241357E+06
 2.01241370E+06
 2.01241383E+06
 2.01241395E+06
 2.01241407E+06
 2.01241418E+06
 2.01241428E+06
 2.01241438E+06
 2.01241447E+06
 2.01241456E+06
 2.01241463E+06
 2.01241471E+06
 2.01241477E+06
 2.01241483E+06
 2.01241489E+06
 2.01241493E+06
 2.01241498E+06
 2.01241501E+06
 2.01241504E+06
 2.01241506E+06
 2.01241508E+06
 2.01241509E+06
 2.01241510E+06
 2.01236563E+06
 2.01236567E+06
 2.01236577E+06
 2.01236591E+06
 2.01236610E+06
 2.01236633E+06
 2.01236661E+06
 2.01236692E+06
 2.01236729E+06
 2.01236769E+06
 2.01236812E+06
 2.01236860E+06
 2.01236911E+06
 2.01236965E+06
 2.01237022E+06
 2.01237082E+06
 2.01237145E+06
 2.01237210E+06
 2.01237277E+06
 2.01237346E+06
 2.01237417E+06
 2.01237489E+06
 2.01237563E+06
 2.01237638E+06
 2.01237714E+06
 2.01237791E+06
 2.01237868E+06
 2.01237946E+06
 2.01238024E+06
 2.01238102E+06
 2.01238181E+06
 2.01238259E+06
 2.01238337E+06
 2.01238415E+06
 2.01238492E+06
 2.01238569E+06
 2.01238645E+06
 2.01238721E+06
 2.01238796E+06
 2.01238870E+06
 2.01238943E+06
 2.01239015E+06
 2.01239086E+06
 2.01239156E+06
 2.01239225E+06
 2.01239294E+06
 2.01239360E+06
 2.01239426E+06
 2.01239491E+06
 2.01239554E+06
 2.01239617E+06
 2.01239678E+06
 2.01239737E+06
 2.01239796E+06
 2.01239854E+06
 2.01239910E+06
 2.01239965E+06
 2.01240018E+06
 2.01240071E+06
 2.01240122E+06
 2.01240173E+06
 2.01240222E+06
 2.01240269E+06
 2.01240316E+06
 2.01240362E+06
 2.01240406E+06
 2.01240449E+06
 2.01240491E+06
 2.01240532E+06
 2.01240572E+06
 2.01240611E+06
 2.01240649E+06
 2.01240685E+06
 2.01240721E+06
 2.01240756E+06
 2.01240790E+06
 2.01240822E+06
 2.01240854E+06
 2.01240885E+06
 2.01240915E+06
 2.01240944E+06
 2.01240971E+06
 2.01240999E+06
 2.01241025E+06
 2.01241050E+06
 2.01241075E+06
 2.01241098E+06
 2.01241121E+06
 2.01241143E+06
 2.01241164E+06
 2.01241184E+06
 2.01241204E+06
 2.01241223E+06
 2.01241241E+06
 2.01241258E+06
 2.01241275E+06
 2.01241290E+06
 2.01241305E+06
 2.01241320E+06
 2.01241333E+06
 2.01241346E+06
 2.01241359E+06
 2.01241370E+06
 2.01241381E+06
 2.01241391E+06
 2.01241401E+06
 2.01241410E+06
 2.01241418E+06
 2.01241425E+06
 2.01241432E+06
 2.01241439E+06
 2.01241444E+06
 2.01241449E+06
 2.01241454E+06
 2.01241457E+06
 2.01241460E+06
 2.01241463E+06
 2.01241465E+06
 2.01241466E+06
 2.01241467E+06
 2.01236229E+06
 2.01236234E+06
 2.01236244E+06
 2.01236260E+06
 2.01236280E+06
 2.01236305E+06
 2.01236335E+06
 2.01236369E+06
 2.01236408E+06
 2.01236451E+06
 2.01236499E+06
 2.01236550E+06
 2.01236604E+06
 2.01236663E+06
 2.01236724E+06
 2.01236789E+06
 2.01236856E+06
 2.01236926E+06
 2.01236998E+06
 2.01237072E+06
 2.01237147E+06
 2.01237225E+06
 2.01237304E+06
 2.01237384E+06
 2.01237465E+06
 2.01237547E+06
 2.01237629E+06
 2.01237712E+06
 2.01237796E+06
 2.01237879E+06
 2.01237962E+06
 2.01238046E+06
 2.01238128E+06
 2.01238211E+06
 2.01238293E+06
 2.01238375E+06
 2.01238455E+06
 2.01238535E+06
 2.01238615E+06
 2.01238693E+06
 2.01238770E+06
 2.01238847E+06
 2.01238922E+06
 2.01238996E+06
 2.01239069E+06
 2.01239141E+06
 2.01239211E+06
 2.01239281E+06
 2.01239349E+06
 2.01239416E+06
 2.01239481E+06
 2.01239546E+06
 2.01239609E+06
 2.01239671E+06
 2.01239731E+06
 2.01239790E+06
 2.01239848E+06
 2.01239905E+06
 2.01239960E+06
 2.01240014E+06
 2.01240067E+06
 2.01240118E+06
 2.01240168E+06
 2.01240217E+06
 2.01240265E+06
 2.01240312E+06
 2.01240357E+06
 2.01240401E+06
 2.01240444E+06
 2.01240486E+06
 2.01240527E+06
 2.01240567E+06
 2.01240605E+06
 2.01240643E+06
 2.01240679E+06
 2.01240714E+06
 2.01240749E+06
 2.01240782E+06
 2.01240814E+06
 2.01240846E+06
 2.01240876E+06
 2.01240905E+06
 2.01240934E+06
 2.01240961E+06
 2.01240988E+06
 2.01241013E+06
 2.01241038E+06
 2.01241062E+06
 2.01241085E+06
 2.01241107E+06
 2.01241128E+06
 2.01241149E+06
 2.01241169E+06
 2.01241187E+06
 2.01241206E+06
 2.01241223E+06
 2.01241239E+06
 2.01241255E+06
 2.01241270E+06
 2.01241284E+06
 2.01241298E+06
 2.01241311E+06
 2.01241323E+06
 2.01241334E+06
 2.01241345E+06
 2.01241355E+06
 2.01241364E+06
 2.01241373E+06
 2.01241381E+06
 2.01241388E+06
 2.01241395E+06
 2.01241401E+06
 2.01241406E+06
 2.01241410E+06
 2.01241414E+06
 2.01241418E+06
 2.01241420E+06
 2.01241422E+06
 2.01241423E+06
 2.01241424E+06
 2.01235891E+06
 2.01235896E+06
 2.01235907E+06
 2.01235924E+06
 2.01235945E+06
 2.01235972E+06
 2.01236004E+06
 2.01236042E+06
 2.01236083E+06
 2.01236130E+06
 2.01236181E+06
 2.01236236E+06
 2.01236295E+06
 2.01236357E+06
 2.01236423E+06
 2.01236492E+06
 2.01236564E+06
 2.01236639E+06
 2.01236716E+06
 2.01236795E+06
 2.01236876E+06
 2.01236959E+06
 2.01237043E+06
 2.01237129E+06
 2.01237215E+06
 2.01237302E+06
 2.01237390E+06
 2.01237478E+06
 2.01237567E+06
 2.01237655E+06
 2.01237744E+06
 2.01237832E+06
 2.01237920E+06
 2.01238008E+06
 2.01238094E+06
 2.01238181E+06
 2.01238266E+06
 2.01238351E+06
 2.01238434E+06
 2.01238517E+06
 2.01238599E+06
 2.01238679E+06
 2.01238759E+06
 2.01238837E+06
 2.01238914E+06
 2.01238989E+06
 2.01239064E+06
 2.01239137E+06
 2.01239208E+06
 2.01239279E+06
 2.01239348E+06
 2.01239415E+06
 2.01239481E+06
 2.01239546E+06
 2.01239610E+06
 2.01239672E+06
 2.01239733E+06
 2.01239792E+06
 2.01239850E+06
 2.01239907E+06
 2.01239962E+06
 2.01240016E+06
 2.01240068E+06
 2.01240120E+06
 2.01240170E+06
 2.01240219E+06
 2.01240266E+06
 2.01240313E+06
 2.01240358E+06
 2.01240401E+06
 2.01240444E+06
 2.01240486E+06
 2.01240526E+06
 2.01240565E+06
 2.01240603E+06
 2.01240640E+06
 2.01240676E+06
 2.01240711E+06
 2.01240745E+06
 2.01240777E+06
 2.01240809E+06
 2.01240840E+06
 2.01240869E+06
 2.01240898E+06
 2.01240926E+06
 2.01240953E+06
 2.01240979E+06
 2.01241004E+06
 2.01241028E+06
 2.01241051E+06
 2.01241073E+06
 2.01241095E+06
 2.01241115E+06
 2.01241135E+06
 2.01241154E+06
 2.01241172E+06
 2.01241189E+06
 2.01241206E+06
 2.01241221E+06
 2.01241236E+06
 2.01241250E+06
 2.01241264E+06
 2.01241276E+06
 2.01241288E+06
 2.01241299E+06
 2.01241310E+06
 2.01241320E+06
 2.01241329E+06
 2.01241337E+06
 2.01241344E+06
 2.01241351E+06
 2.01241357E+06
 2.01241363E+06
 2.01241368E+06
 2.01241372E+06
 2.01241375E+06
 2.01241378E+06
 2.01241380E+06
 2.01241381E+06
 2.01241382E+06
 2.01235546E+06
 2.01235552E+06
 2.01235564E+06
 2.01235582E+06
 2.01235605E+06
 2.01235635E+06
 2.01235669E+06
 2.01235709E+06
 2.01235754E+06
 2.01235804E+06
 2.01235859E+06
 2.01235918E+06
 2.01235981E+06
 2.01236048E+06
 2.01236119E+06
 2.01236193E+06
 2.01236270E+06
 2.01236350E+06
 2.01236432E+06
 2.01236517E+06
 2.01236604E+06
 2.01236692E+06
 2.01236782E+06
 2.01236873E+06
 2.01236965E+06
 2.01237057E+06
 2.01237151E+06
 2.01237244E+06
 2.01237338E+06
 2.01237432E+06
 2.01237526E+06
 2.01237619E+06
 2.01237712E+06
 2.01237805E+06
 2.01237896E+06
 2.01237988E+06
 2.01238078E+06
 2.01238167E+06
 2.01238255E+06
 2.01238342E+06
 2.01238428E+06
 2.01238513E+06
 2.01238596E+06
 2.01238679E+06
 2.01238760E+06
 2.01238839E+06
 2.01238917E+06
 2.01238994E+06
 2.01239069E+06
 2.01239143E+06
 2.01239215E+06
 2.01239286E+06
 2.01239355E+06
 2.01239423E+06
 2.01239490E+06
 2.01239555E+06
 2.01239618E+06
 2.01239681E+06
 2.01239741E+06
 2.01239801E+06
 2.01239858E+06
 2.01239915E+06
 2.01239970E+06
 2.01240024E+06
 2.01240076E+06
 2.01240127E+06
 2.01240177E+06
 2.01240225E+06
 2.01240272E+06
 2.01240318E+06
 2.01240362E+06
 2.01240406E+06
 2.01240448E+06
 2.01240489E+06
 2.01240529E+06
 2.01240567E+06
 2.01240605E+06
 2.01240641E+06
 2.01240676E+06
 2.01240710E+06
 2.01240743E+06
 2.01240775E+06
 2.01240806E+06
 2.01240836E+06
 2.01240865E+06
 2.01240893E+06
 2.01240920E+06
 2.01240946E+06
 2.01240971E+06
 2.01240995E+06
 2.01241019E+06
 2.01241041E+06
 2.01241063E+06
 2.01241083E+06
 2.01241103E+06
 2.01241122E+06
 2.01241140E+06
 2.01241157E+06
 2.01241173E+06
 2.01241189E+06
 2.01241204E+06
 2.01241217E+06
 2.01241231E+06
 2.01241243E+06
 2.01241255E+06
 2.01241266E+06
 2.01241276E+06
 2.01241285E+06
 2.01241294E+06
 2.01241302E+06
 2.01241309E+06
 2.01241315E+06
 2.01241321E+06
 2.01241326E+06
 2.01241330E+06
 2.01241334E+06
 2.01241336E+06
 2.01241339E+06
 2.01241340E+06
 2.01241341E+06
 2.01235196E+06
 2.01235203E+06
 2.01235215E+06
 2.01235235E+06
 2.01235260E+06
 2.01235291E+06
 2.01235329E+06
 2.01235372E+06
 2.01235420E+06
 2.01235474E+06
 2.01235532E+06
 2.01235596E+06
 2.01235664E+06
 2.01235736E+06
 2.01235812E+06
 2.01235891E+06
 2.01235973E+06
 2.01236059E+06
 2.01236147E+06
 2.01236237E+06
 2.01236329E+06
 2.01236423E+06
 2.01236519E+06
 2.01236616E+06
 2.01236713E+06
 2.01236812E+06
 2.01236911E+06
 2.01237010E+06
 2.01237109E+06
 2.01237209E+06
 2.01237308E+06
 2.01237407E+06
 2.01237505E+06
 2.01237602E+06
 2.01237699E+06
 2.01237795E+06
 2.01237890E+06
 2.01237984E+06
 2.01238077E+06
 2.01238169E+06
 2.01238259E+06
 2.01238348E+06
 2.01238436E+06
 2.01238522E+06
 2.01238607E+06
 2.01238690E+06
 2.01238772E+06
 2.01238852E+06
 2.01238931E+06
 2.01239008E+06
 2.01239084E+06
 2.01239158E+06
 2.01239231E+06
 2.01239302E+06
 2.01239371E+06
 2.01239439E+06
 2.01239506E+06
 2.01239571E+06
 2.01239634E+06
 2.01239696E+06
 2.01239756E+06
 2.01239815E+06
 2.01239873E+06
 2.01239929E+06
 2.01239983E+06
 2.01240037E+06
 2.01240088E+06
 2.01240139E+06
 2.01240188E+06
 2.01240236E+06
 2.01240282E+06
 2.01240327E+06
 2.01240371E+06
 2.01240414E+06
 2.01240455E+06
 2.01240495E+06
 2.01240534E+06
 2.01240572E+06
 2.01240609E+06
 2.01240644E+06
 2.01240679E+06
 2.01240712E+06
 2.01240744E+06
 2.01240775E+06
 2.01240806E+06
 2.01240835E+06
 2.01240863E+06
 2.01240890E+06
 2.01240916E+06
 2.01240941E+06
 2.01240965E+06
 2.01240988E+06
 2.01241011E+06
 2.01241032E+06
 2.01241053E+06
 2.01241072E+06
 2.01241091E+06
 2.01241109E+06
 2.01241126E+06
 2.01241142E+06
 2.01241157E+06
 2.01241172E+06
 2.01241186E+06
 2.01241199E+06
 2.01241211E+06
 2.01241222E+06
 2.01241232E+06
 2.01241242E+06
 2.01241251E+06
 2.01241259E+06
 2.01241267E+06
 2.01241273E+06
 2.01241279E+06
 2.01241285E+06
 2.01241289E+06
 2.01241293E+06
 2.01241296E+06
 2.01241298E+06
 2.01241299E+06
 2.01241300E+06
 2.01234840E+06
 2.01234847E+06
 2.01234860E+06
 2.01234881E+06
 2.01234908E+06
 2.01234942E+06
 2.01234982E+06
 2.01235029E+06
 2.01235081E+06
 2.01235138E+06
 2.01235201E+06
 2.01235269E+06
 2.01235342E+06
 2.01235419E+06
 2.01235500E+06
 2.01235585E+06
 2.01235673E+06
 2.01235765E+06
 2.01235859E+06
 2.01235955E+06
 2.01236053E+06
 2.01236153E+06
 2.01236255E+06
 2.01236357E+06
 2.01236461E+06
 2.01236566E+06
 2.01236670E+06
 2.01236775E+06
 2.01236881E+06
 2.01236986E+06
 2.01237090E+06
 2.01237195E+06
 2.01237298E+06
 2.01237401E+06
 2.01237503E+06
 2.01237604E+06
 2.01237704E+06
 2.01237803E+06
 2.01237900E+06
 2.01237996E+06
 2.01238091E+06
 2.01238185E+06
 2.01238276E+06
 2.01238367E+06
 2.01238456E+06
 2.01238543E+06
 2.01238628E+06
 2.01238713E+06
 2.01238795E+06
 2.01238876E+06
 2.01238955E+06
 2.01239032E+06
 2.01239108E+06
 2.01239182E+06
 2.01239255E+06
 2.01239326E+06
 2.01239395E+06
 2.01239462E+06
 2.01239528E+06
 2.01239593E+06
 2.01239656E+06
 2.01239717E+06
 2.01239777E+06
 2.01239835E+06
 2.01239892E+06
 2.01239947E+06
 2.01240001E+06
 2.01240054E+06
 2.01240105E+06
 2.01240155E+06
 2.01240203E+06
 2.01240250E+06
 2.01240295E+06
 2.01240340E+06
 2.01240383E+06
 2.01240425E+06
 2.01240465E+06
 2.01240504E+06
 2.01240542E+06
 2.01240579E+06
 2.01240615E+06
 2.01240650E+06
 2.01240683E+06
 2.01240716E+06
 2.01240747E+06
 2.01240777E+06
 2.01240806E+06
 2.01240834E+06
 2.01240861E+06
 2.01240888E+06
 2.01240913E+06
 2.01240937E+06
 2.01240960E+06
 2.01240982E+06
 2.01241003E+06
 2.01241024E+06
 2.01241043E+06
 2.01241062E+06
 2.01241079E+06
 2.01241096E+06
 2.01241112E+06
 2.01241127E+06
 2.01241141E+06
 2.01241155E+06
 2.01241167E+06
 2.01241179E+06
 2.01241190E+06
 2.01241200E+06
 2.01241209E+06
 2.01241218E+06
 2.01241226E+06
 2.01241233E+06
 2.01241239E+06
 2.01241244E+06
 2.01241249E+06
 2.01241252E+06
 2.01241256E+06
 2.01241258E+06
 2.01241259E+06
 2.01241260E+06
 2.01234476E+06
 2.01234484E+06
 2.01234499E+06
 2.01234521E+06
 2.01234550E+06
 2.01234587E+06
 2.01234630E+06
 2.01234680E+06
 2.01234736E+06
 2.01234798E+06
 2.01234865E+06
 2.01234938E+06
 2.01235016E+06
 2.01235099E+06
 2.01235186E+06
 2.01235276E+06
 2.01235371E+06
 2.01235468E+06
 2.01235568E+06
 2.01235671E+06
 2.01235775E+06
 2.01235882E+06
 2.01235989E+06
 2.01236098E+06
 2.01236208E+06
 2.01236319E+06
 2.01236430E+06
 2.01236541E+06
 2.01236652E+06
 2.01236763E+06
 2.01236873E+06
 2.01236983E+06
 2.01237092E+06
 2.01237200E+06
 2.01237308E+06
 2.01237414E+06
 2.01237519E+06
 2.01237622E+06
 2.01237725E+06
 2.01237825E+06
 2.01237925E+06
 2.01238022E+06
 2.01238119E+06
 2.01238213E+06
 2.01238306E+06
 2.01238397E+06
 2.01238487E+06
 2.01238574E+06
 2.01238660E+06
 2.01238744E+06
 2.01238827E+06
 2.01238908E+06
 2.01238987E+06
 2.01239064E+06
 2.01239139E+06
 2.01239213E+06
 2.01239285E+06
 2.01239356E+06
 2.01239424E+06
 2.01239491E+06
 2.01239557E+06
 2.01239621E+06
 2.01239683E+06
 2.01239743E+06
 2.01239802E+06
 2.01239860E+06
 2.01239916E+06
 2.01239970E+06
 2.01240023E+06
 2.01240075E+06
 2.01240125E+06
 2.01240174E+06
 2.01240221E+06
 2.01240267E+06
 2.01240312E+06
 2.01240355E+06
 2.01240397E+06
 2.01240438E+06
 2.01240477E+06
 2.01240516E+06
 2.01240553E+06
 2.01240589E+06
 2.01240623E+06
 2.01240657E+06
 2.01240689E+06
 2.01240721E+06
 2.01240751E+06
 2.01240780E+06
 2.01240808E+06
 2.01240835E+06
 2.01240861E+06
 2.01240886E+06
 2.01240910E+06
 2.01240933E+06
 2.01240955E+06
 2.01240976E+06
 2.01240996E+06
 2.01241016E+06
 2.01241034E+06
 2.01241051E+06
 2.01241068E+06
 2.01241083E+06
 2.01241098E+06
 2.01241112E+06
 2.01241125E+06
 2.01241137E+06
 2.01241148E+06
 2.01241159E+06
 2.01241168E+06
 2.01241177E+06
 2.01241185E+06
 2.01241192E+06
 2.01241199E+06
 2.01241204E+06
 2.01241209E+06
 2.01241213E+06
 2.01241216E+06
 2.01241219E+06
 2.01241220E+06
 2.01241221E+06
 2.01234105E+06
 2.01234113E+06
 2.01234130E+06
 2.01234153E+06
 2.01234185E+06
 2.01234224E+06
 2.01234271E+06
 2.01234324E+06
 2.01234385E+06
 2.01234451E+06
 2.01234524E+06
 2.01234602E+06
 2.01234686E+06
 2.01234774E+06
 2.01234867E+06
 2.01234964E+06
 2.01235065E+06
 2.01235169E+06
 2.01235275E+06
 2.01235384E+06
 2.01235496E+06
 2.01235609E+06
 2.01235723E+06
 2.01235839E+06
 2.01235955E+06
 2.01236072E+06
 2.01236189E+06
 2.01236307E+06
 2.01236424E+06
 2.01236541E+06
 2.01236657E+06
 2.01236772E+06
 2.01236887E+06
 2.01237001E+06
 2.01237113E+06
 2.01237225E+06
 2.01237335E+06
 2.01237443E+06
 2.01237550E+06
 2.01237656E+06
 2.01237760E+06
 2.01237862E+06
 2.01237962E+06
 2.01238061E+06
 2.01238158E+06
 2.01238253E+06
 2.01238346E+06
 2.01238438E+06
 2.01238527E+06
 2.01238615E+06
 2.01238701E+06
 2.01238785E+06
 2.01238867E+06
 2.01238947E+06
 2.01239026E+06
 2.01239103E+06
 2.01239177E+06
 2.01239251E+06
 2.01239322E+06
 2.01239392E+06
 2.01239459E+06
 2.01239526E+06
 2.01239590E+06
 2.01239653E+06
 2.01239714E+06
 2.01239774E+06
 2.01239832E+06
 2.01239888E+06
 2.01239943E+06
 2.01239997E+06
 2.01240049E+06
 2.01240099E+06
 2.01240148E+06
 2.01240196E+06
 2.01240242E+06
 2.01240287E+06
 2.01240330E+06
 2.01240373E+06
 2.01240413E+06
 2.01240453E+06
 2.01240491E+06
 2.01240529E+06
 2.01240565E+06
 2.01240599E+06
 2.01240633E+06
 2.01240665E+06
 2.01240696E+06
 2.01240727E+06
 2.01240756E+06
 2.01240784E+06
 2.01240811E+06
 2.01240836E+06
 2.01240861E+06
 2.01240885E+06
 2.01240908E+06
 2.01240930E+06
 2.01240950E+06
 2.01240970E+06
 2.01240989E+06
 2.01241007E+06
 2.01241024E+06
 2.01241040E+06
 2.01241056E+06
 2.01241070E+06
 2.01241083E+06
 2.01241096E+06
 2.01241108E+06
 2.01241118E+06
 2.01241128E+06
 2.01241137E+06
 2.01241146E+06
 2.01241153E+06
 2.01241160E+06
 2.01241165E+06
 2.01241170E+06
 2.01241174E+06
 2.01241178E+06
 2.01241180E+06
 2.01241182E+06
 2.01241183E+06
 2.01233726E+06
 2.01233735E+06
 2.01233752E+06
 2.01233778E+06
 2.01233812E+06
 2.01233855E+06
 2.01233905E+06
 2.01233962E+06
 2.01234027E+06
 2.01234099E+06
 2.01234177E+06
 2.01234261E+06
 2.01234351E+06
 2.01234445E+06
 2.01234545E+06
 2.01234648E+06
 2.01234756E+06
 2.01234866E+06
 2.01234980E+06
 2.01235096E+06
 2.01235214E+06
 2.01235334E+06
 2.01235455E+06
 2.01235578E+06
 2.01235701E+06
 2.01235825E+06
 2.01235948E+06
 2.01236072E+06
 2.01236196E+06
 2.01236319E+06
 2.01236441E+06
 2.01236563E+06
 2.01236683E+06
 2.01236802E+06
 2.01236920E+06
 2.01237037E+06
 2.01237152E+06
 2.01237266E+06
 2.01237378E+06
 2.01237488E+06
 2.01237597E+06
 2.01237703E+06
 2.01237808E+06
 2.01237911E+06
 2.01238012E+06
 2.01238111E+06
 2.01238208E+06
 2.01238303E+06
 2.01238396E+06
 2.01238487E+06
 2.01238577E+06
 2.01238664E+06
 2.01238749E+06
 2.01238833E+06
 2.01238914E+06
 2.01238994E+06
 2.01239071E+06
 2.01239147E+06
 2.01239221E+06
 2.01239293E+06
 2.01239364E+06
 2.01239432E+06
 2.01239499E+06
 2.01239564E+06
 2.01239628E+06
 2.01239689E+06
 2.01239749E+06
 2.01239808E+06
 2.01239865E+06
 2.01239920E+06
 2.01239974E+06
 2.01240026E+06
 2.01240077E+06
 2.01240126E+06
 2.01240174E+06
 2.01240220E+06
 2.01240265E+06
 2.01240309E+06
 2.01240351E+06
 2.01240392E+06
 2.01240431E+06
 2.01240470E+06
 2.01240507E+06
 2.01240543E+06
 2.01240577E+06
 2.01240611E+06
 2.01240643E+06
 2.01240674E+06
 2.01240704E+06
 2.01240733E+06
 2.01240761E+06
 2.01240788E+06
 2.01240813E+06
 2.01240838E+06
 2.01240861E+06
 2.01240884E+06
 2.01240905E+06
 2.01240926E+06
 2.01240945E+06
 2.01240964E+06
 2.01240982E+06
 2.01240998E+06
 2.01241014E+06
 2.01241029E+06
 2.01241043E+06
 2.01241056E+06
 2.01241068E+06
 2.01241079E+06
 2.01241089E+06
 2.01241098E+06
 2.01241107E+06
 2.01241115E+06
 2.01241121E+06
 2.01241127E+06
 2.01241132E+06
 2.01241137E+06
 2.01241140E+06
 2.01241143E+06
 2.01241144E+06
 2.01241145E+06
 2.01233339E+06
 2.01233348E+06
 2.01233367E+06
 2.01233395E+06
 2.01233432E+06
 2.01233477E+06
 2.01233531E+06
 2.01233593E+06
 2.01233663E+06
 2.01233740E+06
 2.01233824E+06
 2.01233914E+06
 2.01234010E+06
 2.01234112E+06
 2.01234218E+06
 2.01234328E+06
 2.01234443E+06
 2.01234561E+06
 2.01234682E+06
 2.01234805E+06
 2.01234931E+06
 2.01235058E+06
 2.01235187E+06
 2.01235316E+06
 2.01235446E+06
 2.01235577E+06
 2.01235708E+06
 2.01235838E+06
 2.01235968E+06
 2.01236098E+06
 2.01236226E+06
 2.01236354E+06
 2.01236480E+06
 2.01236605E+06
 2.01236729E+06
 2.01236851E+06
 2.01236971E+06
 2.01237090E+06
 2.01237207E+06
 2.01237322E+06
 2.01237435E+06
 2.01237546E+06
 2.01237655E+06
 2.01237763E+06
 2.01237868E+06
 2.01237971E+06
 2.01238072E+06
 2.01238170E+06
 2.01238267E+06
 2.01238362E+06
 2.01238454E+06
 2.01238545E+06
 2.01238634E+06
 2.01238720E+06
 2.01238804E+06
 2.01238887E+06
 2.01238967E+06
 2.01239046E+06
 2.01239122E+06
 2.01239197E+06
 2.01239270E+06
 2.01239341E+06
 2.01239410E+06
 2.01239477E+06
 2.01239543E+06
 2.01239607E+06
 2.01239669E+06
 2.01239729E+06
 2.01239788E+06
 2.01239845E+06
 2.01239900E+06
 2.01239954E+06
 2.01240007E+06
 2.01240057E+06
 2.01240107E+06
 2.01240155E+06
 2.01240201E+06
 2.01240246E+06
 2.01240290E+06
 2.01240332E+06
 2.01240373E+06
 2.01240412E+06
 2.01240451E+06
 2.01240488E+06
 2.01240523E+06
 2.01240558E+06
 2.01240591E+06
 2.01240623E+06
 2.01240654E+06
 2.01240684E+06
 2.01240713E+06
 2.01240740E+06
 2.01240767E+06
 2.01240792E+06
 2.01240816E+06
 2.01240839E+06
 2.01240861E+06
 2.01240883E+06
 2.01240903E+06
 2.01240922E+06
 2.01240940E+06
 2.01240957E+06
 2.01240973E+06
 2.01240989E+06
 2.01241003E+06
 2.01241016E+06
 2.01241029E+06
 2.01241040E+06
 2.01241051E+06
 2.01241060E+06
 2.01241069E+06
 2.01241077E+06
 2.01241084E+06
 2.01241090E+06
 2.01241095E+06
 2.01241100E+06
 2.01241103E+06
 2.01241106E+06
 2.01241108E+06
 2.01241108E+06
 2.01232942E+06
 2.01232952E+06
 2.01232972E+06
 2.01233002E+06
 2.01233042E+06
 2.01233091E+06
 2.01233150E+06
 2.01233216E+06
 2.01233292E+06
 2.01233374E+06
 2.01233465E+06
 2.01233561E+06
 2.01233664E+06
 2.01233773E+06
 2.01233887E+06
 2.01234005E+06
 2.01234127E+06
 2.01234253E+06
 2.01234381E+06
 2.01234513E+06
 2.01234646E+06
 2.01234781E+06
 2.01234917E+06
 2.01235054E+06
 2.01235192E+06
 2.01235329E+06
 2.01235467E+06
 2.01235605E+06
 2.01235741E+06
 2.01235877E+06
 2.01236012E+06
 2.01236146E+06
 2.01236278E+06
 2.01236409E+06
 2.01236539E+06
 2.01236666E+06
 2.01236792E+06
 2.01236916E+06
 2.01237038E+06
 2.01237158E+06
 2.01237276E+06
 2.01237391E+06
 2.01237505E+06
 2.01237616E+06
 2.01237725E+06
 2.01237832E+06
 2.01237937E+06
 2.01238040E+06
 2.01238140E+06
 2.01238238E+06
 2.01238334E+06
 2.01238428E+06
 2.01238520E+06
 2.01238609E+06
 2.01238697E+06
 2.01238782E+06
 2.01238865E+06
 2.01238946E+06
 2.01239025E+06
 2.01239103E+06
 2.01239178E+06
 2.01239251E+06
 2.01239322E+06
 2.01239392E+06
 2.01239460E+06
 2.01239525E+06
 2.01239589E+06
 2.01239652E+06
 2.01239712E+06
 2.01239771E+06
 2.01239828E+06
 2.01239884E+06
 2.01239938E+06
 2.01239990E+06
 2.01240041E+06
 2.01240091E+06
 2.01240138E+06
 2.01240185E+06
 2.01240230E+06
 2.01240273E+06
 2.01240315E+06
 2.01240356E+06
 2.01240396E+06
 2.01240434E+06
 2.01240470E+06
 2.01240506E+06
 2.01240540E+06
 2.01240573E+06
 2.01240605E+06
 2.01240636E+06
 2.01240665E+06
 2.01240694E+06
 2.01240721E+06
 2.01240747E+06
 2.01240772E+06
 2.01240796E+06
 2.01240819E+06
 2.01240840E+06
 2.01240861E+06
 2.01240881E+06
 2.01240899E+06
 2.01240917E+06
 2.01240934E+06
 2.01240949E+06
 2.01240964E+06
 2.01240978E+06
 2.01240990E+06
 2.01241002E+06
 2.01241013E+06
 2.01241023E+06
 2.01241032E+06
 2.01241040E+06
 2.01241048E+06
 2.01241054E+06
 2.01241059E+06
 2.01241064E+06
 2.01241067E+06
 2.01241070E+06
 2.01241072E+06
 2.01241073E+06
 2.01232535E+06
 2.01232546E+06
 2.01232568E+06
 2.01232600E+06
 2.01232643E+06
 2.01232696E+06
 2.01232759E+06
 2.01232831E+06
 2.01232912E+06
 2.01233002E+06
 2.01233098E+06
 2.01233202E+06
 2.01233313E+06
 2.01233429E+06
 2.01233551E+06
 2.01233677E+06
 2.01233808E+06
 2.01233942E+06
 2.01234079E+06
 2.01234218E+06
 2.01234359E+06
 2.01234502E+06
 2.01234647E+06
 2.01234791E+06
 2.01234937E+06
 2.01235082E+06
 2.01235227E+06
 2.01235372E+06
 2.01235515E+06
 2.01235658E+06
 2.01235800E+06
 2.01235940E+06
 2.01236078E+06
 2.01236215E+06
 2.01236350E+06
 2.01236484E+06
 2.01236615E+06
 2.01236744E+06
 2.01236871E+06
 2.01236996E+06
 2.01237118E+06
 2.01237239E+06
 2.01237357E+06
 2.01237472E+06
 2.01237586E+06
 2.01237696E+06
 2.01237805E+06
 2.01237911E+06
 2.01238015E+06
 2.01238117E+06
 2.01238216E+06
 2.01238313E+06
 2.01238408E+06
 2.01238501E+06
 2.01238591E+06
 2.01238679E+06
 2.01238765E+06
 2.01238849E+06
 2.01238931E+06
 2.01239010E+06
 2.01239088E+06
 2.01239163E+06
 2.01239237E+06
 2.01239309E+06
 2.01239378E+06
 2.01239446E+06
 2.01239512E+06
 2.01239576E+06
 2.01239639E+06
 2.01239699E+06
 2.01239758E+06
 2.01239815E+06
 2.01239871E+06
 2.01239925E+06
 2.01239977E+06
 2.01240028E+06
 2.01240077E+06
 2.01240125E+06
 2.01240171E+06
 2.01240216E+06
 2.01240259E+06
 2.01240301E+06
 2.01240342E+06
 2.01240381E+06
 2.01240419E+06
 2.01240455E+06
 2.01240491E+06
 2.01240525E+06
 2.01240557E+06
 2.01240589E+06
 2.01240619E+06
 2.01240648E+06
 2.01240676E+06
 2.01240703E+06
 2.01240729E+06
 2.01240753E+06
 2.01240777E+06
 2.01240799E+06
 2.01240820E+06
 2.01240840E+06
 2.01240860E+06
 2.01240878E+06
 2.01240895E+06
 2.01240911E+06
 2.01240926E+06
 2.01240940E+06
 2.01240953E+06
 2.01240965E+06
 2.01240977E+06
 2.01240987E+06
 2.01240996E+06
 2.01241005E+06
 2.01241012E+06
 2.01241018E+06
 2.01241024E+06
 2.01241029E+06
 2.01241032E+06
 2.01241035E+06
 2.01241037E+06
 2.01241038E+06
 2.01232117E+06
 2.01232129E+06
 2.01232152E+06
 2.01232188E+06
 2.01232234E+06
 2.01232292E+06
 2.01232360E+06
 2.01232437E+06
 2.01232525E+06
 2.01232621E+06
 2.01232725E+06
 2.01232837E+06
 2.01232956E+06
 2.01233080E+06
 2.01233211E+06
 2.01233346E+06
 2.01233485E+06
 2.01233627E+06
 2.01233773E+06
 2.01233921E+06
 2.01234071E+06
 2.01234223E+06
 2.01234375E+06
 2.01234528E+06
 2.01234682E+06
 2.01234835E+06
 2.01234987E+06
 2.01235139E+06
 2.01235290E+06
 2.01235440E+06
 2.01235588E+06
 2.01235735E+06
 2.01235880E+06
 2.01236023E+06
 2.01236164E+06
 2.01236303E+06
 2.01236440E+06
 2.01236574E+06
 2.01236706E+06
 2.01236836E+06
 2.01236963E+06
 2.01237088E+06
 2.01237211E+06
 2.01237330E+06
 2.01237448E+06
 2.01237563E+06
 2.01237675E+06
 2.01237785E+06
 2.01237893E+06
 2.01237998E+06
 2.01238101E+06
 2.01238201E+06
 2.01238299E+06
 2.01238394E+06
 2.01238487E+06
 2.01238578E+06
 2.01238667E+06
 2.01238753E+06
 2.01238838E+06
 2.01238920E+06
 2.01239000E+06
 2.01239077E+06
 2.01239153E+06
 2.01239227E+06
 2.01239299E+06
 2.01239369E+06
 2.01239437E+06
 2.01239503E+06
 2.01239567E+06
 2.01239629E+06
 2.01239690E+06
 2.01239749E+06
 2.01239806E+06
 2.01239861E+06
 2.01239915E+06
 2.01239967E+06
 2.01240018E+06
 2.01240067E+06
 2.01240114E+06
 2.01240160E+06
 2.01240205E+06
 2.01240248E+06
 2.01240289E+06
 2.01240330E+06
 2.01240368E+06
 2.01240406E+06
 2.01240442E+06
 2.01240477E+06
 2.01240511E+06
 2.01240543E+06
 2.01240574E+06
 2.01240604E+06
 2.01240633E+06
 2.01240660E+06
 2.01240687E+06
 2.01240712E+06
 2.01240736E+06
 2.01240759E+06
 2.01240781E+06
 2.01240801E+06
 2.01240821E+06
 2.01240840E+06
 2.01240857E+06
 2.01240874E+06
 2.01240889E+06
 2.01240904E+06
 2.01240917E+06
 2.01240930E+06
 2.01240941E+06
 2.01240952E+06
 2.01240961E+06
 2.01240970E+06
 2.01240977E+06
 2.01240984E+06
 2.01240990E+06
 2.01240994E+06
 2.01240998E+06
 2.01241001E+06
 2.01241003E+06
 2.01241004E+06
 2.01231687E+06
 2.01231700E+06
 2.01231725E+06
 2.01231764E+06
 2.01231814E+06
 2.01231876E+06
 2.01231950E+06
 2.01232034E+06
 2.01232129E+06
 2.01232232E+06
 2.01232345E+06
 2.01232465E+06
 2.01232592E+06
 2.01232726E+06
 2.01232865E+06
 2.01233010E+06
 2.01233158E+06
 2.01233310E+06
 2.01233465E+06
 2.01233623E+06
 2.01233782E+06
 2.01233942E+06
 2.01234103E+06
 2.01234265E+06
 2.01234427E+06
 2.01234588E+06
 2.01234748E+06
 2.01234908E+06
 2.01235066E+06
 2.01235223E+06
 2.01235378E+06
 2.01235532E+06
 2.01235683E+06
 2.01235833E+06
 2.01235980E+06
 2.01236124E+06
 2.01236267E+06
 2.01236406E+06
 2.01236544E+06
 2.01236679E+06
 2.01236811E+06
 2.01236940E+06
 2.01237067E+06
 2.01237191E+06
 2.01237313E+06
 2.01237432E+06
 2.01237548E+06
 2.01237662E+06
 2.01237773E+06
 2.01237881E+06
 2.01237987E+06
 2.01238091E+06
 2.01238192E+06
 2.01238290E+06
 2.01238386E+06
 2.01238480E+06
 2.01238571E+06
 2.01238660E+06
 2.01238747E+06
 2.01238831E+06
 2.01238914E+06
 2.01238994E+06
 2.01239072E+06
 2.01239148E+06
 2.01239221E+06
 2.01239293E+06
 2.01239363E+06
 2.01239431E+06
 2.01239497E+06
 2.01239561E+06
 2.01239623E+06
 2.01239683E+06
 2.01239742E+06
 2.01239799E+06
 2.01239854E+06
 2.01239908E+06
 2.01239960E+06
 2.01240010E+06
 2.01240059E+06
 2.01240106E+06
 2.01240151E+06
 2.01240196E+06
 2.01240238E+06
 2.01240280E+06
 2.01240320E+06
 2.01240358E+06
 2.01240395E+06
 2.01240431E+06
 2.01240465E+06
 2.01240498E+06
 2.01240530E+06
 2.01240561E+06
 2.01240590E+06
 2.01240619E+06
 2.01240646E+06
 2.01240671E+06
 2.01240696E+06
 2.01240720E+06
 2.01240742E+06
 2.01240763E+06
 2.01240783E+06
 2.01240802E+06
 2.01240820E+06
 2.01240837E+06
 2.01240853E+06
 2.01240868E+06
 2.01240882E+06
 2.01240895E+06
 2.01240906E+06
 2.01240917E+06
 2.01240927E+06
 2.01240936E+06
 2.01240944E+06
 2.01240950E+06
 2.01240956E+06
 2.01240961E+06
 2.01240965E+06
 2.01240968E+06
 2.01240970E+06
 2.01240971E+06
 2.01231244E+06
 2.01231258E+06
 2.01231286E+06
 2.01231327E+06
 2.01231382E+06
 2.01231450E+06
 2.01231530E+06
 2.01231621E+06
 2.01231723E+06
 2.01231835E+06
 2.01231956E+06
 2.01232086E+06
 2.01232222E+06
 2.01232366E+06
 2.01232515E+06
 2.01232670E+06
 2.01232828E+06
 2.01232990E+06
 2.01233155E+06
 2.01233322E+06
 2.01233491E+06
 2.01233661E+06
 2.01233831E+06
 2.01234002E+06
 2.01234172E+06
 2.01234342E+06
 2.01234511E+06
 2.01234678E+06
 2.01234844E+06
 2.01235008E+06
 2.01235171E+06
 2.01235331E+06
 2.01235489E+06
 2.01235644E+06
 2.01235798E+06
 2.01235948E+06
 2.01236096E+06
 2.01236241E+06
 2.01236384E+06
 2.01236524E+06
 2.01236661E+06
 2.01236795E+06
 2.01236926E+06
 2.01237055E+06
 2.01237180E+06
 2.01237303E+06
 2.01237423E+06
 2.01237541E+06
 2.01237655E+06
 2.01237767E+06
 2.01237877E+06
 2.01237983E+06
 2.01238087E+06
 2.01238189E+06
 2.01238287E+06
 2.01238384E+06
 2.01238478E+06
 2.01238569E+06
 2.01238658E+06
 2.01238745E+06
 2.01238830E+06
 2.01238912E+06
 2.01238992E+06
 2.01239070E+06
 2.01239146E+06
 2.01239220E+06
 2.01239291E+06
 2.01239361E+06
 2.01239428E+06
 2.01239494E+06
 2.01239558E+06
 2.01239620E+06
 2.01239680E+06
 2.01239738E+06
 2.01239795E+06
 2.01239850E+06
 2.01239903E+06
 2.01239955E+06
 2.01240005E+06
 2.01240053E+06
 2.01240100E+06
 2.01240145E+06
 2.01240189E+06
 2.01240231E+06
 2.01240272E+06
 2.01240311E+06
 2.01240349E+06
 2.01240386E+06
 2.01240421E+06
 2.01240455E+06
 2.01240488E+06
 2.01240519E+06
 2.01240549E+06
 2.01240578E+06
 2.01240606E+06
 2.01240632E+06
 2.01240658E+06
 2.01240682E+06
 2.01240705E+06
 2.01240726E+06
 2.01240747E+06
 2.01240766E+06
 2.01240785E+06
 2.01240802E+06
 2.01240818E+06
 2.01240834E+06
 2.01240848E+06
 2.01240861E+06
 2.01240873E+06
 2.01240884E+06
 2.01240894E+06
 2.01240903E+06
 2.01240911E+06
 2.01240918E+06
 2.01240924E+06
 2.01240929E+06
 2.01240933E+06
 2.01240936E+06
 2.01240938E+06
 2.01240939E+06
 2.01230787E+06
 2.01230802E+06
 2.01230833E+06
 2.01230878E+06
 2.01230938E+06
 2.01231011E+06
 2.01231098E+06
 2.01231197E+06
 2.01231307E+06
 2.01231428E+06
 2.01231559E+06
 2.01231699E+06
 2.01231846E+06
 2.01232000E+06
 2.01232160E+06
 2.01232325E+06
 2.01232495E+06
 2.01232667E+06
 2.01232843E+06
 2.01233020E+06
 2.01233199E+06
 2.01233379E+06
 2.01233559E+06
 2.01233739E+06
 2.01233918E+06
 2.01234097E+06
 2.01234274E+06
 2.01234449E+06
 2.01234623E+06
 2.01234795E+06
 2.01234965E+06
 2.01235132E+06
 2.01235297E+06
 2.01235459E+06
 2.01235618E+06
 2.01235775E+06
 2.01235928E+06
 2.01236079E+06
 2.01236227E+06
 2.01236372E+06
 2.01236513E+06
 2.01236652E+06
 2.01236788E+06
 2.01236921E+06
 2.01237051E+06
 2.01237178E+06
 2.01237301E+06
 2.01237422E+06
 2.01237541E+06
 2.01237656E+06
 2.01237768E+06
 2.01237878E+06
 2.01237985E+06
 2.01238089E+06
 2.01238191E+06
 2.01238290E+06
 2.01238387E+06
 2.01238481E+06
 2.01238572E+06
 2.01238661E+06
 2.01238748E+06
 2.01238833E+06
 2.01238915E+06
 2.01238995E+06
 2.01239072E+06
 2.01239148E+06
 2.01239221E+06
 2.01239293E+06
 2.01239362E+06
 2.01239429E+06
 2.01239495E+06
 2.01239558E+06
 2.01239620E+06
 2.01239680E+06
 2.01239738E+06
 2.01239794E+06
 2.01239848E+06
 2.01239901E+06
 2.01239952E+06
 2.01240002E+06
 2.01240050E+06
 2.01240096E+06
 2.01240141E+06
 2.01240184E+06
 2.01240226E+06
 2.01240266E+06
 2.01240305E+06
 2.01240342E+06
 2.01240379E+06
 2.01240413E+06
 2.01240447E+06
 2.01240479E+06
 2.01240510E+06
 2.01240539E+06
 2.01240567E+06
 2.01240594E+06
 2.01240620E+06
 2.01240645E+06
 2.01240668E+06
 2.01240690E+06
 2.01240712E+06
 2.01240732E+06
 2.01240750E+06
 2.01240768E+06
 2.01240785E+06
 2.01240800E+06
 2.01240815E+06
 2.01240828E+06
 2.01240840E+06
 2.01240852E+06
 2.01240862E+06
 2.01240871E+06
 2.01240879E+06
 2.01240886E+06
 2.01240892E+06
 2.01240897E+06
 2.01240901E+06
 2.01240904E+06
 2.01240906E+06
 2.01240907E+06
 2.01230315E+06
 2.01230332E+06
 2.01230365E+06
 2.01230414E+06
 2.01230479E+06
 2.01230559E+06
 2.01230654E+06
 2.01230761E+06
 2.01230881E+06
 2.01231012E+06
 2.01231154E+06
 2.01231304E+06
 2.01231463E+06
 2.01231628E+06
 2.01231800E+06
 2.01231977E+06
 2.01232157E+06
 2.01232342E+06
 2.01232528E+06
 2.01232717E+06
 2.01232906E+06
 2.01233096E+06
 2.01233287E+06
 2.01233476E+06
 2.01233665E+06
 2.01233853E+06
 2.01234039E+06
 2.01234223E+06
 2.01234405E+06
 2.01234584E+06
 2.01234761E+06
 2.01234936E+06
 2.01235107E+06
 2.01235276E+06
 2.01235442E+06
 2.01235604E+06
 2.01235764E+06
 2.01235920E+06
 2.01236073E+06
 2.01236223E+06
 2.01236369E+06
 2.01236513E+06
 2.01236653E+06
 2.01236790E+06
 2.01236924E+06
 2.01237055E+06
 2.01237182E+06
 2.01237307E+06
 2.01237429E+06
 2.01237547E+06
 2.01237663E+06
 2.01237776E+06
 2.01237886E+06
 2.01237993E+06
 2.01238097E+06
 2.01238199E+06
 2.01238298E+06
 2.01238395E+06
 2.01238489E+06
 2.01238580E+06
 2.01238669E+06
 2.01238756E+06
 2.01238840E+06
 2.01238922E+06
 2.01239001E+06
 2.01239079E+06
 2.01239154E+06
 2.01239227E+06
 2.01239298E+06
 2.01239367E+06
 2.01239434E+06
 2.01239499E+06
 2.01239562E+06
 2.01239623E+06
 2.01239682E+06
 2.01239740E+06
 2.01239795E+06
 2.01239849E+06
 2.01239902E+06
 2.01239952E+06
 2.01240001E+06
 2.01240048E+06
 2.01240094E+06
 2.01240138E+06
 2.01240181E+06
 2.01240222E+06
 2.01240262E+06
 2.01240300E+06
 2.01240337E+06
 2.01240373E+06
 2.01240407E+06
 2.01240440E+06
 2.01240471E+06
 2.01240501E+06
 2.01240530E+06
 2.01240558E+06
 2.01240584E+06
 2.01240609E+06
 2.01240633E+06
 2.01240656E+06
 2.01240677E+06
 2.01240698E+06
 2.01240717E+06
 2.01240735E+06
 2.01240752E+06
 2.01240768E+06
 2.01240783E+06
 2.01240796E+06
 2.01240809E+06
 2.01240820E+06
 2.01240831E+06
 2.01240840E+06
 2.01240848E+06
 2.01240856E+06
 2.01240862E+06
 2.01240867E+06
 2.01240871E+06
 2.01240874E+06
 2.01240876E+06
 2.01240877E+06
 2.01229826E+06
 2.01229844E+06
 2.01229881E+06
 2.01229935E+06
 2.01230006E+06
 2.01230093E+06
 2.01230196E+06
 2.01230313E+06
 2.01230444E+06
 2.01230586E+06
 2.01230739E+06
 2.01230902E+06
 2.01231072E+06
 2.01231251E+06
 2.01231435E+06
 2.01231624E+06
 2.01231817E+06
 2.01232013E+06
 2.01232212E+06
 2.01232412E+06
 2.01232613E+06
 2.01232814E+06
 2.01233015E+06
 2.01233215E+06
 2.01233413E+06
 2.01233610E+06
 2.01233805E+06
 2.01233998E+06
 2.01234188E+06
 2.01234376E+06
 2.01234561E+06
 2.01234742E+06
 2.01234921E+06
 2.01235096E+06
 2.01235268E+06
 2.01235437E+06
 2.01235602E+06
 2.01235764E+06
 2.01235922E+06
 2.01236077E+06
 2.01236228E+06
 2.01236376E+06
 2.01236521E+06
 2.01236662E+06
 2.01236800E+06
 2.01236935E+06
 2.01237066E+06
 2.01237195E+06
 2.01237320E+06
 2.01237442E+06
 2.01237561E+06
 2.01237676E+06
 2.01237789E+06
 2.01237899E+06
 2.01238006E+06
 2.01238111E+06
 2.01238212E+06
 2.01238311E+06
 2.01238407E+06
 2.01238501E+06
 2.01238592E+06
 2.01238681E+06
 2.01238767E+06
 2.01238851E+06
 2.01238932E+06
 2.01239011E+06
 2.01239088E+06
 2.01239163E+06
 2.01239236E+06
 2.01239306E+06
 2.01239374E+06
 2.01239441E+06
 2.01239505E+06
 2.01239568E+06
 2.01239628E+06
 2.01239687E+06
 2.01239744E+06
 2.01239799E+06
 2.01239852E+06
 2.01239904E+06
 2.01239954E+06
 2.01240002E+06
 2.01240049E+06
 2.01240094E+06
 2.01240138E+06
 2.01240180E+06
 2.01240220E+06
 2.01240260E+06
 2.01240297E+06
 2.01240333E+06
 2.01240368E+06
 2.01240402E+06
 2.01240434E+06
 2.01240465E+06
 2.01240494E+06
 2.01240522E+06
 2.01240549E+06
 2.01240575E+06
 2.01240599E+06
 2.01240622E+06
 2.01240644E+06
 2.01240665E+06
 2.01240685E+06
 2.01240703E+06
 2.01240720E+06
 2.01240737E+06
 2.01240752E+06
 2.01240766E+06
 2.01240778E+06
 2.01240790E+06
 2.01240801E+06
 2.01240810E+06
 2.01240819E+06
 2.01240826E+06
 2.01240832E+06
 2.01240838E+06
 2.01240842E+06
 2.01240845E+06
 2.01240847E+06
 2.01240848E+06
 2.01229319E+06
 2.01229339E+06
 2.01229379E+06
 2.01229438E+06
 2.01229516E+06
 2.01229612E+06
 2.01229724E+06
 2.01229852E+06
 2.01229994E+06
 2.01230149E+06
 2.01230315E+06
 2.01230491E+06
 2.01230675E+06
 2.01230867E+06
 2.01231065E+06
 2.01231267E+06
 2.01231474E+06
 2.01231683E+06
 2.01231894E+06
 2.01232107E+06
 2.01232319E+06
 2.01232532E+06
 2.01232744E+06
 2.01232954E+06
 2.01233163E+06
 2.01233370E+06
 2.01233574E+06
 2.01233776E+06
 2.01233975E+06
 2.01234170E+06
 2.01234363E+06
 2.01234552E+06
 2.01234737E+06
 2.01234919E+06
 2.01235098E+06
 2.01235273E+06
 2.01235444E+06
 2.01235611E+06
 2.01235775E+06
 2.01235934E+06
 2.01236091E+06
 2.01236243E+06
 2.01236393E+06
 2.01236538E+06
 2.01236680E+06
 2.01236819E+06
 2.01236954E+06
 2.01237085E+06
 2.01237214E+06
 2.01237339E+06
 2.01237461E+06
 2.01237580E+06
 2.01237696E+06
 2.01237808E+06
 2.01237918E+06
 2.01238025E+06
 2.01238129E+06
 2.01238230E+06
 2.01238329E+06
 2.01238425E+06
 2.01238518E+06
 2.01238608E+06
 2.01238697E+06
 2.01238782E+06
 2.01238865E+06
 2.01238946E+06
 2.01239025E+06
 2.01239101E+06
 2.01239175E+06
 2.01239247E+06
 2.01239317E+06
 2.01239385E+06
 2.01239451E+06
 2.01239515E+06
 2.01239576E+06
 2.01239636E+06
 2.01239694E+06
 2.01239751E+06
 2.01239805E+06
 2.01239858E+06
 2.01239909E+06
 2.01239958E+06
 2.01240006E+06
 2.01240052E+06
 2.01240096E+06
 2.01240139E+06
 2.01240180E+06
 2.01240220E+06
 2.01240259E+06
 2.01240296E+06
 2.01240331E+06
 2.01240365E+06
 2.01240398E+06
 2.01240429E+06
 2.01240459E+06
 2.01240488E+06
 2.01240515E+06
 2.01240541E+06
 2.01240566E+06
 2.01240590E+06
 2.01240612E+06
 2.01240634E+06
 2.01240654E+06
 2.01240672E+06
 2.01240690E+06
 2.01240706E+06
 2.01240722E+06
 2.01240736E+06
 2.01240749E+06
 2.01240761E+06
 2.01240772E+06
 2.01240782E+06
 2.01240790E+06
 2.01240798E+06
 2.01240804E+06
 2.01240810E+06
 2.01240814E+06
 2.01240817E+06
 2.01240819E+06
 2.01240820E+06
 2.01228791E+06
 2.01228813E+06
 2.01228858E+06
 2.01228923E+06
 2.01229009E+06
 2.01229114E+06
 2.01229237E+06
 2.01229377E+06
 2.01229532E+06
 2.01229700E+06
 2.01229881E+06
 2.01230071E+06
 2.01230270E+06
 2.01230477E+06
 2.01230689E+06
 2.01230907E+06
 2.01231127E+06
 2.01231351E+06
 2.01231575E+06
 2.01231801E+06
 2.01232026E+06
 2.01232251E+06
 2.01232474E+06
 2.01232696E+06
 2.01232915E+06
 2.01233132E+06
 2.01233346E+06
 2.01233557E+06
 2.01233764E+06
 2.01233968E+06
 2.01234169E+06
 2.01234365E+06
 2.01234558E+06
 2.01234746E+06
 2.01234931E+06
 2.01235112E+06
 2.01235289E+06
 2.01235462E+06
 2.01235631E+06
 2.01235796E+06
 2.01235957E+06
 2.01236114E+06
 2.01236268E+06
 2.01236417E+06
 2.01236563E+06
 2.01236706E+06
 2.01236844E+06
 2.01236980E+06
 2.01237111E+06
 2.01237240E+06
 2.01237365E+06
 2.01237487E+06
 2.01237605E+06
 2.01237721E+06
 2.01237833E+06
 2.01237942E+06
 2.01238049E+06
 2.01238152E+06
 2.01238253E+06
 2.01238351E+06
 2.01238446E+06
 2.01238539E+06
 2.01238629E+06
 2.01238716E+06
 2.01238801E+06
 2.01238884E+06
 2.01238964E+06
 2.01239042E+06
 2.01239117E+06
 2.01239191E+06
 2.01239262E+06
 2.01239331E+06
 2.01239398E+06
 2.01239463E+06
 2.01239526E+06
 2.01239587E+06
 2.01239647E+06
 2.01239704E+06
 2.01239759E+06
 2.01239813E+06
 2.01239865E+06
 2.01239915E+06
 2.01239964E+06
 2.01240011E+06
 2.01240056E+06
 2.01240100E+06
 2.01240142E+06
 2.01240182E+06
 2.01240222E+06
 2.01240259E+06
 2.01240295E+06
 2.01240330E+06
 2.01240363E+06
 2.01240395E+06
 2.01240426E+06
 2.01240455E+06
 2.01240483E+06
 2.01240510E+06
 2.01240535E+06
 2.01240559E+06
 2.01240582E+06
 2.01240603E+06
 2.01240624E+06
 2.01240643E+06
 2.01240661E+06
 2.01240677E+06
 2.01240693E+06
 2.01240708E+06
 2.01240721E+06
 2.01240733E+06
 2.01240744E+06
 2.01240754E+06
 2.01240763E+06
 2.01240770E+06
 2.01240777E+06
 2.01240782E+06
 2.01240787E+06
 2.01240790E+06
 2.01240792E+06
 2.01240793E+06
 2.01228242E+06
 2.01228266E+06
 2.01228315E+06
 2.01228387E+06
 2.01228482E+06
 2.01228598E+06
 2.01228734E+06
 2.01228887E+06
 2.01229056E+06
 2.01229240E+06
 2.01229436E+06
 2.01229643E+06
 2.01229858E+06
 2.01230081E+06
 2.01230310E+06
 2.01230543E+06
 2.01230779E+06
 2.01231017E+06
 2.01231256E+06
 2.01231495E+06
 2.01231734E+06
 2.01231971E+06
 2.01232206E+06
 2.01232440E+06
 2.01232670E+06
 2.01232897E+06
 2.01233121E+06
 2.01233341E+06
 2.01233557E+06
 2.01233770E+06
 2.01233978E+06
 2.01234182E+06
 2.01234382E+06
 2.01234577E+06
 2.01234769E+06
 2.01234956E+06
 2.01235138E+06
 2.01235317E+06
 2.01235491E+06
 2.01235661E+06
 2.01235827E+06
 2.01235989E+06
 2.01236146E+06
 2.01236300E+06
 2.01236450E+06
 2.01236596E+06
 2.01236738E+06
 2.01236877E+06
 2.01237012E+06
 2.01237144E+06
 2.01237272E+06
 2.01237396E+06
 2.01237518E+06
 2.01237636E+06
 2.01237751E+06
 2.01237862E+06
 2.01237971E+06
 2.01238077E+06
 2.01238180E+06
 2.01238280E+06
 2.01238377E+06
 2.01238471E+06
 2.01238563E+06
 2.01238652E+06
 2.01238739E+06
 2.01238823E+06
 2.01238905E+06
 2.01238985E+06
 2.01239062E+06
 2.01239136E+06
 2.01239209E+06
 2.01239279E+06
 2.01239348E+06
 2.01239414E+06
 2.01239478E+06
 2.01239540E+06
 2.01239601E+06
 2.01239659E+06
 2.01239716E+06
 2.01239770E+06
 2.01239823E+06
 2.01239874E+06
 2.01239924E+06
 2.01239971E+06
 2.01240018E+06
 2.01240062E+06
 2.01240105E+06
 2.01240146E+06
 2.01240186E+06
 2.01240224E+06
 2.01240261E+06
 2.01240296E+06
 2.01240330E+06
 2.01240363E+06
 2.01240394E+06
 2.01240423E+06
 2.01240452E+06
 2.01240479E+06
 2.01240505E+06
 2.01240529E+06
 2.01240552E+06
 2.01240574E+06
 2.01240595E+06
 2.01240614E+06
 2.01240633E+06
 2.01240650E+06
 2.01240666E+06
 2.01240680E+06
 2.01240694E+06
 2.01240706E+06
 2.01240717E+06
 2.01240727E+06
 2.01240736E+06
 2.01240744E+06
 2.01240751E+06
 2.01240756E+06
 2.01240761E+06
 2.01240764E+06
 2.01240766E+06
 2.01240767E+06
 2.01227667E+06
 2.01227695E+06
 2.01227749E+06
 2.01227829E+06
 2.01227934E+06
 2.01228062E+06
 2.01228212E+06
 2.01228381E+06
 2.01228566E+06
 2.01228767E+06
 2.01228981E+06
 2.01229205E+06
 2.01229439E+06
 2.01229679E+06
 2.01229925E+06
 2.01230175E+06
 2.01230428E+06
 2.01230682E+06
 2.01230936E+06
 2.01231190E+06
 2.01231442E+06
 2.01231693E+06
 2.01231941E+06
 2.01232186E+06
 2.01232428E+06
 2.01232665E+06
 2.01232899E+06
 2.01233129E+06
 2.01233354E+06
 2.01233575E+06
 2.01233792E+06
 2.01234003E+06
 2.01234210E+06
 2.01234413E+06
 2.01234610E+06
 2.01234804E+06
 2.01234992E+06
 2.01235176E+06
 2.01235355E+06
 2.01235530E+06
 2.01235701E+06
 2.01235867E+06
 2.01236029E+06
 2.01236187E+06
 2.01236341E+06
 2.01236490E+06
 2.01236636E+06
 2.01236778E+06
 2.01236917E+06
 2.01237051E+06
 2.01237182E+06
 2.01237309E+06
 2.01237433E+06
 2.01237554E+06
 2.01237671E+06
 2.01237785E+06
 2.01237896E+06
 2.01238004E+06
 2.01238109E+06
 2.01238211E+06
 2.01238310E+06
 2.01238407E+06
 2.01238500E+06
 2.01238591E+06
 2.01238680E+06
 2.01238765E+06
 2.01238849E+06
 2.01238930E+06
 2.01239008E+06
 2.01239084E+06
 2.01239158E+06
 2.01239230E+06
 2.01239299E+06
 2.01239367E+06
 2.01239432E+06
 2.01239495E+06
 2.01239557E+06
 2.01239616E+06
 2.01239674E+06
 2.01239729E+06
 2.01239783E+06
 2.01239835E+06
 2.01239885E+06
 2.01239934E+06
 2.01239981E+06
 2.01240026E+06
 2.01240069E+06
 2.01240111E+06
 2.01240152E+06
 2.01240191E+06
 2.01240228E+06
 2.01240264E+06
 2.01240298E+06
 2.01240331E+06
 2.01240363E+06
 2.01240393E+06
 2.01240422E+06
 2.01240450E+06
 2.01240476E+06
 2.01240501E+06
 2.01240524E+06
 2.01240546E+06
 2.01240567E+06
 2.01240587E+06
 2.01240606E+06
 2.01240623E+06
 2.01240639E+06
 2.01240654E+06
 2.01240668E+06
 2.01240680E+06
 2.01240692E+06
 2.01240702E+06
 2.01240711E+06
 2.01240719E+06
 2.01240726E+06
 2.01240731E+06
 2.01240736E+06
 2.01240739E+06
 2.01240742E+06
 2.01240743E+06
 2.01227066E+06
 2.01227096E+06
 2.01227157E+06
 2.01227247E+06
 2.01227363E+06
 2.01227506E+06
 2.01227671E+06
 2.01227857E+06
 2.01228062E+06
 2.01228282E+06
 2.01228515E+06
 2.01228759E+06
 2.01229013E+06
 2.01229272E+06
 2.01229537E+06
 2.01229805E+06
 2.01230076E+06
 2.01230346E+06
 2.01230617E+06
 2.01230886E+06
 2.01231153E+06
 2.01231417E+06
 2.01231678E+06
 2.01231936E+06
 2.01232189E+06
 2.01232438E+06
 2.01232682E+06
 2.01232921E+06
 2.01233156E+06
 2.01233385E+06
 2.01233610E+06
 2.01233829E+06
 2.01234043E+06
 2.01234253E+06
 2.01234457E+06
 2.01234656E+06
 2.01234850E+06
 2.01235040E+06
 2.01235224E+06
 2.01235404E+06
 2.01235579E+06
 2.01235750E+06
 2.01235916E+06
 2.01236078E+06
 2.01236235E+06
 2.01236389E+06
 2.01236538E+06
 2.01236683E+06
 2.01236825E+06
 2.01236962E+06
 2.01237096E+06
 2.01237226E+06
 2.01237353E+06
 2.01237476E+06
 2.01237595E+06
 2.01237712E+06
 2.01237825E+06
 2.01237935E+06
 2.01238042E+06
 2.01238146E+06
 2.01238247E+06
 2.01238345E+06
 2.01238440E+06
 2.01238533E+06
 2.01238623E+06
 2.01238710E+06
 2.01238795E+06
 2.01238877E+06
 2.01238957E+06
 2.01239034E+06
 2.01239110E+06
 2.01239182E+06
 2.01239253E+06
 2.01239322E+06
 2.01239388E+06
 2.01239452E+06
 2.01239515E+06
 2.01239575E+06
 2.01239633E+06
 2.01239690E+06
 2.01239745E+06
 2.01239797E+06
 2.01239848E+06
 2.01239898E+06
 2.01239945E+06
 2.01239991E+06
 2.01240035E+06
 2.01240078E+06
 2.01240119E+06
 2.01240159E+06
 2.01240197E+06
 2.01240233E+06
 2.01240268E+06
 2.01240302E+06
 2.01240334E+06
 2.01240364E+06
 2.01240394E+06
 2.01240421E+06
 2.01240448E+06
 2.01240473E+06
 2.01240497E+06
 2.01240520E+06
 2.01240541E+06
 2.01240561E+06
 2.01240580E+06
 2.01240598E+06
 2.01240614E+06
 2.01240629E+06
 2.01240643E+06
 2.01240656E+06
 2.01240667E+06
 2.01240678E+06
 2.01240687E+06
 2.01240695E+06
 2.01240702E+06
 2.01240708E+06
 2.01240712E+06
 2.01240716E+06
 2.01240718E+06
 2.01240719E+06
 2.01226434E+06
 2.01226468E+06
 2.01226536E+06
 2.01226636E+06
 2.01226767E+06
 2.01226926E+06
 2.01227109E+06
 2.01227315E+06
 2.01227541E+06
 2.01227783E+06
 2.01228038E+06
 2.01228305E+06
 2.01228579E+06
 2.01228860E+06
 2.01229146E+06
 2.01229434E+06
 2.01229723E+06
 2.01230011E+06
 2.01230299E+06
 2.01230584E+06
 2.01230866E+06
 2.01231145E+06
 2.01231420E+06
 2.01231690E+06
 2.01231955E+06
 2.01232215E+06
 2.01232469E+06
 2.01232719E+06
 2.01232962E+06
 2.01233201E+06
 2.01233433E+06
 2.01233660E+06
 2.01233882E+06
 2.01234098E+06
 2.01234308E+06
 2.01234513E+06
 2.01234713E+06
 2.01234908E+06
 2.01235098E+06
 2.01235282E+06
 2.01235462E+06
 2.01235637E+06
 2.01235807E+06
 2.01235973E+06
 2.01236134E+06
 2.01236291E+06
 2.01236444E+06
 2.01236592E+06
 2.01236736E+06
 2.01236877E+06
 2.01237013E+06
 2.01237146E+06
 2.01237275E+06
 2.01237401E+06
 2.01237523E+06
 2.01237641E+06
 2.01237757E+06
 2.01237869E+06
 2.01237977E+06
 2.01238083E+06
 2.01238186E+06
 2.01238286E+06
 2.01238383E+06
 2.01238477E+06
 2.01238568E+06
 2.01238657E+06
 2.01238743E+06
 2.01238827E+06
 2.01238908E+06
 2.01238987E+06
 2.01239063E+06
 2.01239137E+06
 2.01239209E+06
 2.01239279E+06
 2.01239346E+06
 2.01239411E+06
 2.01239475E+06
 2.01239536E+06
 2.01239595E+06
 2.01239653E+06
 2.01239708E+06
 2.01239762E+06
 2.01239813E+06
 2.01239863E+06
 2.01239912E+06
 2.01239958E+06
 2.01240003E+06
 2.01240046E+06
 2.01240088E+06
 2.01240128E+06
 2.01240167E+06
 2.01240204E+06
 2.01240239E+06
 2.01240273E+06
 2.01240306E+06
 2.01240337E+06
 2.01240366E+06
 2.01240395E+06
 2.01240422E+06
 2.01240447E+06
 2.01240472E+06
 2.01240495E+06
 2.01240516E+06
 2.01240537E+06
 2.01240556E+06
 2.01240573E+06
 2.01240590E+06
 2.01240605E+06
 2.01240620E+06
 2.01240632E+06
 2.01240644E+06
 2.01240655E+06
 2.01240664E+06
 2.01240672E+06
 2.01240679E+06
 2.01240685E+06
 2.01240690E+06
 2.01240693E+06
 2.01240695E+06
 2.01240697E+06
 2.01225767E+06
 2.01225806E+06
 2.01225883E+06
 2.01225996E+06
 2.01226143E+06
 2.01226320E+06
 2.01226525E+06
 2.01226754E+06
 2.01227004E+06
 2.01227270E+06
 2.01227550E+06
 2.01227841E+06
 2.01228140E+06
 2.01228444E+06
 2.01228752E+06
 2.01229061E+06
 2.01229370E+06
 2.01229678E+06
 2.01229983E+06
 2.01230285E+06
 2.01230584E+06
 2.01230877E+06
 2.01231165E+06
 2.01231448E+06
 2.01231726E+06
 2.01231997E+06
 2.01232262E+06
 2.01232521E+06
 2.01232774E+06
 2.01233021E+06
 2.01233262E+06
 2.01233497E+06
 2.01233725E+06
 2.01233948E+06
 2.01234165E+06
 2.01234376E+06
 2.01234582E+06
 2.01234782E+06
 2.01234976E+06
 2.01235166E+06
 2.01235350E+06
 2.01235529E+06
 2.01235703E+06
 2.01235873E+06
 2.01236037E+06
 2.01236198E+06
 2.01236354E+06
 2.01236505E+06
 2.01236652E+06
 2.01236795E+06
 2.01236935E+06
 2.01237070E+06
 2.01237201E+06
 2.01237329E+06
 2.01237453E+06
 2.01237574E+06
 2.01237691E+06
 2.01237805E+06
 2.01237916E+06
 2.01238024E+06
 2.01238128E+06
 2.01238230E+06
 2.01238328E+06
 2.01238424E+06
 2.01238517E+06
 2.01238607E+06
 2.01238694E+06
 2.01238779E+06
 2.01238862E+06
 2.01238942E+06
 2.01239019E+06
 2.01239094E+06
 2.01239167E+06
 2.01239238E+06
 2.01239306E+06
 2.01239372E+06
 2.01239437E+06
 2.01239499E+06
 2.01239559E+06
 2.01239617E+06
 2.01239673E+06
 2.01239728E+06
 2.01239780E+06
 2.01239831E+06
 2.01239880E+06
 2.01239927E+06
 2.01239973E+06
 2.01240016E+06
 2.01240059E+06
 2.01240099E+06
 2.01240138E+06
 2.01240176E+06
 2.01240212E+06
 2.01240246E+06
 2.01240279E+06
 2.01240311E+06
 2.01240341E+06
 2.01240369E+06
 2.01240397E+06
 2.01240423E+06
 2.01240447E+06
 2.01240471E+06
 2.01240492E+06
 2.01240513E+06
 2.01240532E+06
 2.01240551E+06
 2.01240567E+06
 2.01240583E+06
 2.01240597E+06
 2.01240610E+06
 2.01240622E+06
 2.01240633E+06
 2.01240642E+06
 2.01240651E+06
 2.01240658E+06
 2.01240664E+06
 2.01240668E+06
 2.01240672E+06
 2.01240674E+06
 2.01240675E+06
 2.01225062E+06
 2.01225106E+06
 2.01225193E+06
 2.01225322E+06
 2.01225488E+06
 2.01225688E+06
 2.01225917E+06
 2.01226173E+06
 2.01226450E+06
 2.01226744E+06
 2.01227052E+06
 2.01227370E+06
 2.01227695E+06
 2.01228024E+06
 2.01228356E+06
 2.01228688E+06
 2.01229019E+06
 2.01229347E+06
 2.01229671E+06
 2.01229991E+06
 2.01230305E+06
 2.01230614E+06
 2.01230917E+06
 2.01231213E+06
 2.01231502E+06
 2.01231785E+06
 2.01232061E+06
 2.01232330E+06
 2.01232593E+06
 2.01232848E+06
 2.01233097E+06
 2.01233339E+06
 2.01233575E+06
 2.01233804E+06
 2.01234027E+06
 2.01234244E+06
 2.01234455E+06
 2.01234661E+06
 2.01234860E+06
 2.01235054E+06
 2.01235242E+06
 2.01235426E+06
 2.01235604E+06
 2.01235777E+06
 2.01235945E+06
 2.01236109E+06
 2.01236268E+06
 2.01236422E+06
 2.01236572E+06
 2.01236718E+06
 2.01236860E+06
 2.01236998E+06
 2.01237131E+06
 2.01237261E+06
 2.01237388E+06
 2.01237510E+06
 2.01237630E+06
 2.01237746E+06
 2.01237858E+06
 2.01237967E+06
 2.01238073E+06
 2.01238176E+06
 2.01238276E+06
 2.01238373E+06
 2.01238468E+06
 2.01238559E+06
 2.01238648E+06
 2.01238734E+06
 2.01238818E+06
 2.01238899E+06
 2.01238977E+06
 2.01239054E+06
 2.01239127E+06
 2.01239199E+06
 2.01239268E+06
 2.01239336E+06
 2.01239401E+06
 2.01239464E+06
 2.01239525E+06
 2.01239584E+06
 2.01239640E+06
 2.01239696E+06
 2.01239749E+06
 2.01239800E+06
 2.01239850E+06
 2.01239898E+06
 2.01239944E+06
 2.01239988E+06
 2.01240031E+06
 2.01240072E+06
 2.01240111E+06
 2.01240149E+06
 2.01240186E+06
 2.01240221E+06
 2.01240254E+06
 2.01240286E+06
 2.01240317E+06
 2.01240346E+06
 2.01240373E+06
 2.01240399E+06
 2.01240424E+06
 2.01240448E+06
 2.01240470E+06
 2.01240491E+06
 2.01240511E+06
 2.01240529E+06
 2.01240546E+06
 2.01240562E+06
 2.01240576E+06
 2.01240589E+06
 2.01240601E+06
 2.01240612E+06
 2.01240622E+06
 2.01240630E+06
 2.01240637E+06
 2.01240643E+06
 2.01240648E+06
 2.01240652E+06
 2.01240654E+06
 2.01240655E+06
 2.01224312E+06
 2.01224363E+06
 2.01224463E+06
 2.01224610E+06
 2.01224798E+06
 2.01225025E+06
 2.01225284E+06
 2.01225570E+06
 2.01225879E+06
 2.01226205E+06
 2.01226543E+06
 2.01226892E+06
 2.01227246E+06
 2.01227603E+06
 2.01227960E+06
 2.01228316E+06
 2.01228670E+06
 2.01229019E+06
 2.01229363E+06
 2.01229701E+06
 2.01230033E+06
 2.01230357E+06
 2.01230674E+06
 2.01230984E+06
 2.01231286E+06
 2.01231580E+06
 2.01231867E+06
 2.01232146E+06
 2.01232418E+06
 2.01232682E+06
 2.01232939E+06
 2.01233188E+06
 2.01233431E+06
 2.01233667E+06
 2.01233896E+06
 2.01234119E+06
 2.01234335E+06
 2.01234545E+06
 2.01234749E+06
 2.01234948E+06
 2.01235140E+06
 2.01235328E+06
 2.01235509E+06
 2.01235686E+06
 2.01235858E+06
 2.01236024E+06
 2.01236186E+06
 2.01236344E+06
 2.01236496E+06
 2.01236645E+06
 2.01236789E+06
 2.01236929E+06
 2.01237065E+06
 2.01237197E+06
 2.01237326E+06
 2.01237450E+06
 2.01237571E+06
 2.01237689E+06
 2.01237803E+06
 2.01237914E+06
 2.01238022E+06
 2.01238126E+06
 2.01238228E+06
 2.01238326E+06
 2.01238422E+06
 2.01238514E+06
 2.01238604E+06
 2.01238692E+06
 2.01238776E+06
 2.01238858E+06
 2.01238938E+06
 2.01239015E+06
 2.01239090E+06
 2.01239163E+06
 2.01239233E+06
 2.01239301E+06
 2.01239367E+06
 2.01239431E+06
 2.01239492E+06
 2.01239552E+06
 2.01239610E+06
 2.01239665E+06
 2.01239719E+06
 2.01239771E+06
 2.01239821E+06
 2.01239870E+06
 2.01239916E+06
 2.01239961E+06
 2.01240005E+06
 2.01240046E+06
 2.01240086E+06
 2.01240125E+06
 2.01240161E+06
 2.01240197E+06
 2.01240231E+06
 2.01240263E+06
 2.01240294E+06
 2.01240323E+06
 2.01240351E+06
 2.01240378E+06
 2.01240403E+06
 2.01240427E+06
 2.01240449E+06
 2.01240470E+06
 2.01240490E+06
 2.01240508E+06
 2.01240526E+06
 2.01240542E+06
 2.01240556E+06
 2.01240570E+06
 2.01240582E+06
 2.01240593E+06
 2.01240602E+06
 2.01240611E+06
 2.01240618E+06
 2.01240624E+06
 2.01240629E+06
 2.01240633E+06
 2.01240635E+06
 2.01240636E+06
 2.01223512E+06
 2.01223571E+06
 2.01223686E+06
 2.01223855E+06
 2.01224072E+06
 2.01224330E+06
 2.01224623E+06
 2.01224945E+06
 2.01225290E+06
 2.01225652E+06
 2.01226026E+06
 2.01226407E+06
 2.01226793E+06
 2.01227180E+06
 2.01227566E+06
 2.01227948E+06
 2.01228325E+06
 2.01228697E+06
 2.01229061E+06
 2.01229418E+06
 2.01229767E+06
 2.01230107E+06
 2.01230439E+06
 2.01230763E+06
 2.01231077E+06
 2.01231383E+06
 2.01231680E+06
 2.01231969E+06
 2.01232250E+06
 2.01232523E+06
 2.01232787E+06
 2.01233044E+06
 2.01233294E+06
 2.01233536E+06
 2.01233771E+06
 2.01233999E+06
 2.01234221E+06
 2.01234436E+06
 2.01234645E+06
 2.01234847E+06
 2.01235044E+06
 2.01235235E+06
 2.01235420E+06
 2.01235600E+06
 2.01235775E+06
 2.01235945E+06
 2.01236110E+06
 2.01236270E+06
 2.01236425E+06
 2.01236576E+06
 2.01236722E+06
 2.01236865E+06
 2.01237003E+06
 2.01237137E+06
 2.01237267E+06
 2.01237394E+06
 2.01237516E+06
 2.01237636E+06
 2.01237751E+06
 2.01237864E+06
 2.01237973E+06
 2.01238079E+06
 2.01238182E+06
 2.01238281E+06
 2.01238378E+06
 2.01238472E+06
 2.01238563E+06
 2.01238652E+06
 2.01238737E+06
 2.01238821E+06
 2.01238901E+06
 2.01238979E+06
 2.01239055E+06
 2.01239128E+06
 2.01239200E+06
 2.01239268E+06
 2.01239335E+06
 2.01239399E+06
 2.01239462E+06
 2.01239522E+06
 2.01239581E+06
 2.01239637E+06
 2.01239691E+06
 2.01239744E+06
 2.01239795E+06
 2.01239844E+06
 2.01239891E+06
 2.01239936E+06
 2.01239980E+06
 2.01240022E+06
 2.01240063E+06
 2.01240101E+06
 2.01240139E+06
 2.01240174E+06
 2.01240208E+06
 2.01240241E+06
 2.01240272E+06
 2.01240302E+06
 2.01240330E+06
 2.01240357E+06
 2.01240383E+06
 2.01240407E+06
 2.01240429E+06
 2.01240451E+06
 2.01240471E+06
 2.01240489E+06
 2.01240507E+06
 2.01240523E+06
 2.01240538E+06
 2.01240551E+06
 2.01240564E+06
 2.01240575E+06
 2.01240584E+06
 2.01240593E+06
 2.01240600E+06
 2.01240606E+06
 2.01240611E+06
 2.01240615E+06
 2.01240617E+06
 2.01240618E+06
 2.01222653E+06
 2.01222722E+06
 2.01222857E+06
 2.01223053E+06
 2.01223303E+06
 2.01223599E+06
 2.01223933E+06
 2.01224298E+06
 2.01224684E+06
 2.01225087E+06
 2.01225500E+06
 2.01225919E+06
 2.01226340E+06
 2.01226759E+06
 2.01227174E+06
 2.01227584E+06
 2.01227987E+06
 2.01228381E+06
 2.01228767E+06
 2.01229143E+06
 2.01229510E+06
 2.01229866E+06
 2.01230213E+06
 2.01230550E+06
 2.01230877E+06
 2.01231194E+06
 2.01231502E+06
 2.01231801E+06
 2.01232091E+06
 2.01232371E+06
 2.01232644E+06
 2.01232908E+06
 2.01233164E+06
 2.01233412E+06
 2.01233653E+06
 2.01233887E+06
 2.01234113E+06
 2.01234333E+06
 2.01234546E+06
 2.01234753E+06
 2.01234953E+06
 2.01235148E+06
 2.01235336E+06
 2.01235520E+06
 2.01235698E+06
 2.01235870E+06
 2.01236038E+06
 2.01236200E+06
 2.01236358E+06
 2.01236511E+06
 2.01236660E+06
 2.01236804E+06
 2.01236944E+06
 2.01237080E+06
 2.01237212E+06
 2.01237341E+06
 2.01237465E+06
 2.01237586E+06
 2.01237703E+06
 2.01237817E+06
 2.01237928E+06
 2.01238035E+06
 2.01238139E+06
 2.01238240E+06
 2.01238338E+06
 2.01238433E+06
 2.01238525E+06
 2.01238614E+06
 2.01238701E+06
 2.01238785E+06
 2.01238867E+06
 2.01238946E+06
 2.01239022E+06
 2.01239097E+06
 2.01239168E+06
 2.01239238E+06
 2.01239305E+06
 2.01239371E+06
 2.01239434E+06
 2.01239495E+06
 2.01239554E+06
 2.01239611E+06
 2.01239666E+06
 2.01239719E+06
 2.01239770E+06
 2.01239819E+06
 2.01239867E+06
 2.01239913E+06
 2.01239957E+06
 2.01240000E+06
 2.01240041E+06
 2.01240080E+06
 2.01240117E+06
 2.01240153E+06
 2.01240188E+06
 2.01240221E+06
 2.01240252E+06
 2.01240282E+06
 2.01240311E+06
 2.01240338E+06
 2.01240364E+06
 2.01240388E+06
 2.01240411E+06
 2.01240432E+06
 2.01240453E+06
 2.01240472E+06
 2.01240489E+06
 2.01240505E+06
 2.01240520E+06
 2.01240534E+06
 2.01240546E+06
 2.01240558E+06
 2.01240567E+06
 2.01240576E+06
 2.01240583E+06
 2.01240590E+06
 2.01240595E+06
 2.01240598E+06
 2.01240601E+06
 2.01240602E+06
 2.01221724E+06
 2.01221806E+06
 2.01221966E+06
 2.01222196E+06
 2.01222488E+06
 2.01222831E+06
 2.01223214E+06
 2.01223627E+06
 2.01224063E+06
 2.01224512E+06
 2.01224969E+06
 2.01225429E+06
 2.01225887E+06
 2.01226341E+06
 2.01226789E+06
 2.01227227E+06
 2.01227656E+06
 2.01228075E+06
 2.01228482E+06
 2.01228878E+06
 2.01229263E+06
 2.01229635E+06
 2.01229997E+06
 2.01230347E+06
 2.01230687E+06
 2.01231015E+06
 2.01231333E+06
 2.01231641E+06
 2.01231940E+06
 2.01232229E+06
 2.01232508E+06
 2.01232779E+06
 2.01233042E+06
 2.01233296E+06
 2.01233542E+06
 2.01233781E+06
 2.01234012E+06
 2.01234236E+06
 2.01234453E+06
 2.01234664E+06
 2.01234868E+06
 2.01235066E+06
 2.01235258E+06
 2.01235445E+06
 2.01235625E+06
 2.01235801E+06
 2.01235971E+06
 2.01236136E+06
 2.01236296E+06
 2.01236451E+06
 2.01236602E+06
 2.01236748E+06
 2.01236890E+06
 2.01237028E+06
 2.01237162E+06
 2.01237291E+06
 2.01237417E+06
 2.01237540E+06
 2.01237658E+06
 2.01237774E+06
 2.01237885E+06
 2.01237994E+06
 2.01238099E+06
 2.01238201E+06
 2.01238300E+06
 2.01238396E+06
 2.01238489E+06
 2.01238580E+06
 2.01238668E+06
 2.01238752E+06
 2.01238835E+06
 2.01238915E+06
 2.01238992E+06
 2.01239067E+06
 2.01239140E+06
 2.01239210E+06
 2.01239278E+06
 2.01239344E+06
 2.01239407E+06
 2.01239469E+06
 2.01239529E+06
 2.01239586E+06
 2.01239642E+06
 2.01239695E+06
 2.01239747E+06
 2.01239797E+06
 2.01239845E+06
 2.01239891E+06
 2.01239936E+06
 2.01239979E+06
 2.01240020E+06
 2.01240060E+06
 2.01240098E+06
 2.01240134E+06
 2.01240169E+06
 2.01240202E+06
 2.01240234E+06
 2.01240264E+06
 2.01240293E+06
 2.01240320E+06
 2.01240346E+06
 2.01240371E+06
 2.01240394E+06
 2.01240416E+06
 2.01240436E+06
 2.01240455E+06
 2.01240473E+06
 2.01240489E+06
 2.01240504E+06
 2.01240518E+06
 2.01240531E+06
 2.01240542E+06
 2.01240552E+06
 2.01240561E+06
 2.01240568E+06
 2.01240574E+06
 2.01240579E+06
 2.01240583E+06
 2.01240585E+06
 2.01240587E+06
 2.01220714E+06
 2.01220813E+06
 2.01221005E+06
 2.01221279E+06
 2.01221623E+06
 2.01222022E+06
 2.01222464E+06
 2.01222936E+06
 2.01223427E+06
 2.01223929E+06
 2.01224435E+06
 2.01224940E+06
 2.01225439E+06
 2.01225931E+06
 2.01226411E+06
 2.01226880E+06
 2.01227336E+06
 2.01227779E+06
 2.01228209E+06
 2.01228624E+06
 2.01229027E+06
 2.01229416E+06
 2.01229792E+06
 2.01230155E+06
 2.01230507E+06
 2.01230846E+06
 2.01231175E+06
 2.01231492E+06
 2.01231799E+06
 2.01232095E+06
 2.01232382E+06
 2.01232659E+06
 2.01232928E+06
 2.01233188E+06
 2.01233439E+06
 2.01233683E+06
 2.01233918E+06
 2.01234147E+06
 2.01234368E+06
 2.01234582E+06
 2.01234790E+06
 2.01234991E+06
 2.01235186E+06
 2.01235375E+06
 2.01235558E+06
 2.01235736E+06
 2.01235909E+06
 2.01236076E+06
 2.01236238E+06
 2.01236395E+06
 2.01236548E+06
 2.01236696E+06
 2.01236840E+06
 2.01236979E+06
 2.01237115E+06
 2.01237246E+06
 2.01237374E+06
 2.01237497E+06
 2.01237617E+06
 2.01237734E+06
 2.01237847E+06
 2.01237956E+06
 2.01238062E+06
 2.01238166E+06
 2.01238266E+06
 2.01238363E+06
 2.01238457E+06
 2.01238548E+06
 2.01238637E+06
 2.01238722E+06
 2.01238805E+06
 2.01238886E+06
 2.01238964E+06
 2.01239040E+06
 2.01239113E+06
 2.01239184E+06
 2.01239253E+06
 2.01239319E+06
 2.01239383E+06
 2.01239445E+06
 2.01239505E+06
 2.01239564E+06
 2.01239620E+06
 2.01239674E+06
 2.01239726E+06
 2.01239776E+06
 2.01239825E+06
 2.01239871E+06
 2.01239916E+06
 2.01239960E+06
 2.01240001E+06
 2.01240041E+06
 2.01240079E+06
 2.01240116E+06
 2.01240151E+06
 2.01240185E+06
 2.01240217E+06
 2.01240247E+06
 2.01240276E+06
 2.01240304E+06
 2.01240330E+06
 2.01240355E+06
 2.01240378E+06
 2.01240400E+06
 2.01240421E+06
 2.01240440E+06
 2.01240458E+06
 2.01240474E+06
 2.01240490E+06
 2.01240503E+06
 2.01240516E+06
 2.01240527E+06
 2.01240537E+06
 2.01240546E+06
 2.01240554E+06
 2.01240560E+06
 2.01240565E+06
 2.01240569E+06
 2.01240571E+06
 2.01240573E+06
 2.01219605E+06
 2.01219727E+06
 2.01219961E+06
 2.01220292E+06
 2.01220701E+06
 2.01221171E+06
 2.01221684E+06
 2.01222224E+06
 2.01222780E+06
 2.01223342E+06
 2.01223903E+06
 2.01224456E+06
 2.01225000E+06
 2.01225530E+06
 2.01226046E+06
 2.01226546E+06
 2.01227030E+06
 2.01227497E+06
 2.01227949E+06
 2.01228384E+06
 2.01228804E+06
 2.01229209E+06
 2.01229599E+06
 2.01229976E+06
 2.01230339E+06
 2.01230689E+06
 2.01231027E+06
 2.01231353E+06
 2.01231667E+06
 2.01231971E+06
 2.01232265E+06
 2.01232548E+06
 2.01232823E+06
 2.01233088E+06
 2.01233344E+06
 2.01233592E+06
 2.01233832E+06
 2.01234064E+06
 2.01234289E+06
 2.01234507E+06
 2.01234717E+06
 2.01234922E+06
 2.01235119E+06
 2.01235311E+06
 2.01235497E+06
 2.01235677E+06
 2.01235852E+06
 2.01236021E+06
 2.01236185E+06
 2.01236345E+06
 2.01236499E+06
 2.01236649E+06
 2.01236794E+06
 2.01236935E+06
 2.01237072E+06
 2.01237205E+06
 2.01237333E+06
 2.01237458E+06
 2.01237579E+06
 2.01237697E+06
 2.01237811E+06
 2.01237922E+06
 2.01238029E+06
 2.01238133E+06
 2.01238234E+06
 2.01238332E+06
 2.01238427E+06
 2.01238519E+06
 2.01238608E+06
 2.01238695E+06
 2.01238779E+06
 2.01238860E+06
 2.01238939E+06
 2.01239015E+06
 2.01239089E+06
 2.01239160E+06
 2.01239230E+06
 2.01239297E+06
 2.01239361E+06
 2.01239424E+06
 2.01239484E+06
 2.01239543E+06
 2.01239599E+06
 2.01239654E+06
 2.01239707E+06
 2.01239757E+06
 2.01239806E+06
 2.01239853E+06
 2.01239899E+06
 2.01239942E+06
 2.01239984E+06
 2.01240024E+06
 2.01240063E+06
 2.01240100E+06
 2.01240135E+06
 2.01240169E+06
 2.01240201E+06
 2.01240232E+06
 2.01240261E+06
 2.01240289E+06
 2.01240316E+06
 2.01240340E+06
 2.01240364E+06
 2.01240386E+06
 2.01240407E+06
 2.01240426E+06
 2.01240444E+06
 2.01240461E+06
 2.01240476E+06
 2.01240490E+06
 2.01240503E+06
 2.01240514E+06
 2.01240524E+06
 2.01240533E+06
 2.01240541E+06
 2.01240547E+06
 2.01240552E+06
 2.01240556E+06
 2.01240558E+06
 2.01240560E+06
 2.01218375E+06
 2.01218528E+06
 2.01218819E+06
 2.01219225E+06
 2.01219720E+06
 2.01220278E+06
 2.01220876E+06
 2.01221497E+06
 2.01222128E+06
 2.01222756E+06
 2.01223377E+06
 2.01223983E+06
 2.01224573E+06
 2.01225145E+06
 2.01225696E+06
 2.01226228E+06
 2.01226740E+06
 2.01227232E+06
 2.01227705E+06
 2.01228160E+06
 2.01228597E+06
 2.01229017E+06
 2.01229421E+06
 2.01229810E+06
 2.01230184E+06
 2.01230544E+06
 2.01230891E+06
 2.01231225E+06
 2.01231547E+06
 2.01231858E+06
 2.01232158E+06
 2.01232447E+06
 2.01232727E+06
 2.01232996E+06
 2.01233257E+06
 2.01233509E+06
 2.01233753E+06
 2.01233989E+06
 2.01234217E+06
 2.01234438E+06
 2.01234652E+06
 2.01234859E+06
 2.01235059E+06
 2.01235253E+06
 2.01235441E+06
 2.01235624E+06
 2.01235800E+06
 2.01235972E+06
 2.01236138E+06
 2.01236299E+06
 2.01236455E+06
 2.01236606E+06
 2.01236753E+06
 2.01236895E+06
 2.01237033E+06
 2.01237167E+06
 2.01237297E+06
 2.01237423E+06
 2.01237545E+06
 2.01237664E+06
 2.01237779E+06
 2.01237891E+06
 2.01237999E+06
 2.01238104E+06
 2.01238206E+06
 2.01238304E+06
 2.01238400E+06
 2.01238493E+06
 2.01238583E+06
 2.01238670E+06
 2.01238754E+06
 2.01238836E+06
 2.01238916E+06
 2.01238993E+06
 2.01239067E+06
 2.01239139E+06
 2.01239209E+06
 2.01239276E+06
 2.01239341E+06
 2.01239405E+06
 2.01239466E+06
 2.01239524E+06
 2.01239581E+06
 2.01239636E+06
 2.01239689E+06
 2.01239740E+06
 2.01239790E+06
 2.01239837E+06
 2.01239883E+06
 2.01239927E+06
 2.01239969E+06
 2.01240009E+06
 2.01240048E+06
 2.01240085E+06
 2.01240121E+06
 2.01240155E+06
 2.01240187E+06
 2.01240218E+06
 2.01240248E+06
 2.01240276E+06
 2.01240302E+06
 2.01240327E+06
 2.01240351E+06
 2.01240373E+06
 2.01240394E+06
 2.01240414E+06
 2.01240432E+06
 2.01240449E+06
 2.01240464E+06
 2.01240478E+06
 2.01240491E+06
 2.01240502E+06
 2.01240513E+06
 2.01240521E+06
 2.01240529E+06
 2.01240535E+06
 2.01240541E+06
 2.01240544E+06
 2.01240547E+06
 2.01240548E+06
 2.01216992E+06
 2.01217191E+06
 2.01217563E+06
 2.01218071E+06
 2.01218676E+06
 2.01219343E+06
 2.01220046E+06
 2.01220762E+06
 2.01221476E+06
 2.01222179E+06
 2.01222864E+06
 2.01223527E+06
 2.01224166E+06
 2.01224779E+06
 2.01225367E+06
 2.01225930E+06
 2.01226469E+06
 2.01226985E+06
 2.01227479E+06
 2.01227953E+06
 2.01228406E+06
 2.01228841E+06
 2.01229258E+06
 2.01229658E+06
 2.01230042E+06
 2.01230412E+06
 2.01230767E+06
 2.01231109E+06
 2.01231438E+06
 2.01231755E+06
 2.01232061E+06
 2.01232356E+06
 2.01232640E+06
 2.01232914E+06
 2.01233179E+06
 2.01233435E+06
 2.01233683E+06
 2.01233922E+06
 2.01234153E+06
 2.01234376E+06
 2.01234593E+06
 2.01234802E+06
 2.01235005E+06
 2.01235201E+06
 2.01235392E+06
 2.01235576E+06
 2.01235754E+06
 2.01235927E+06
 2.01236095E+06
 2.01236257E+06
 2.01236415E+06
 2.01236568E+06
 2.01236716E+06
 2.01236859E+06
 2.01236999E+06
 2.01237134E+06
 2.01237265E+06
 2.01237392E+06
 2.01237515E+06
 2.01237634E+06
 2.01237750E+06
 2.01237863E+06
 2.01237972E+06
 2.01238078E+06
 2.01238180E+06
 2.01238280E+06
 2.01238376E+06
 2.01238469E+06
 2.01238560E+06
 2.01238648E+06
 2.01238733E+06
 2.01238815E+06
 2.01238895E+06
 2.01238973E+06
 2.01239047E+06
 2.01239120E+06
 2.01239190E+06
 2.01239258E+06
 2.01239324E+06
 2.01239387E+06
 2.01239449E+06
 2.01239508E+06
 2.01239565E+06
 2.01239620E+06
 2.01239674E+06
 2.01239725E+06
 2.01239775E+06
 2.01239822E+06
 2.01239868E+06
 2.01239913E+06
 2.01239955E+06
 2.01239996E+06
 2.01240035E+06
 2.01240072E+06
 2.01240108E+06
 2.01240142E+06
 2.01240175E+06
 2.01240206E+06
 2.01240236E+06
 2.01240264E+06
 2.01240291E+06
 2.01240316E+06
 2.01240340E+06
 2.01240362E+06
 2.01240383E+06
 2.01240403E+06
 2.01240421E+06
 2.01240438E+06
 2.01240453E+06
 2.01240467E+06
 2.01240480E+06
 2.01240492E+06
 2.01240502E+06
 2.01240511E+06
 2.01240519E+06
 2.01240525E+06
 2.01240530E+06
 2.01240534E+06
 2.01240537E+06
 2.01240538E+06
 2.01215411E+06
 2.01215681E+06
 2.01216171E+06
 2.01216819E+06
 2.01217569E+06
 2.01218374E+06
 2.01219201E+06
 2.01220027E+06
 2.01220837E+06
 2.01221621E+06
 2.01222374E+06
 2.01223095E+06
 2.01223783E+06
 2.01224438E+06
 2.01225062E+06
 2.01225656E+06
 2.01226222E+06
 2.01226761E+06
 2.01227275E+06
 2.01227765E+06
 2.01228234E+06
 2.01228682E+06
 2.01229111E+06
 2.01229522E+06
 2.01229916E+06
 2.01230294E+06
 2.01230657E+06
 2.01231006E+06
 2.01231341E+06
 2.01231664E+06
 2.01231975E+06
 2.01232274E+06
 2.01232563E+06
 2.01232842E+06
 2.01233110E+06
 2.01233370E+06
 2.01233620E+06
 2.01233862E+06
 2.01234096E+06
 2.01234322E+06
 2.01234541E+06
 2.01234753E+06
 2.01234957E+06
 2.01235156E+06
 2.01235348E+06
 2.01235534E+06
 2.01235714E+06
 2.01235888E+06
 2.01236057E+06
 2.01236221E+06
 2.01236380E+06
 2.01236534E+06
 2.01236683E+06
 2.01236828E+06
 2.01236968E+06
 2.01237104E+06
 2.01237236E+06
 2.01237364E+06
 2.01237488E+06
 2.01237608E+06
 2.01237725E+06
 2.01237838E+06
 2.01237948E+06
 2.01238055E+06
 2.01238158E+06
 2.01238258E+06
 2.01238355E+06
 2.01238449E+06
 2.01238540E+06
 2.01238628E+06
 2.01238714E+06
 2.01238797E+06
 2.01238877E+06
 2.01238955E+06
 2.01239030E+06
 2.01239103E+06
 2.01239174E+06
 2.01239242E+06
 2.01239308E+06
 2.01239372E+06
 2.01239434E+06
 2.01239493E+06
 2.01239551E+06
 2.01239607E+06
 2.01239660E+06
 2.01239712E+06
 2.01239762E+06
 2.01239810E+06
 2.01239856E+06
 2.01239900E+06
 2.01239943E+06
 2.01239984E+06
 2.01240023E+06
 2.01240061E+06
 2.01240097E+06
 2.01240131E+06
 2.01240164E+06
 2.01240195E+06
 2.01240225E+06
 2.01240253E+06
 2.01240280E+06
 2.01240306E+06
 2.01240330E+06
 2.01240352E+06
 2.01240373E+06
 2.01240393E+06
 2.01240411E+06
 2.01240428E+06
 2.01240444E+06
 2.01240458E+06
 2.01240471E+06
 2.01240483E+06
 2.01240493E+06
 2.01240502E+06
 2.01240510E+06
 2.01240516E+06
 2.01240521E+06
 2.01240525E+06
 2.01240527E+06
 2.01240529E+06
 2.01213559E+06
 2.01213951E+06
 2.01214621E+06
 2.01215466E+06
 2.01216406E+06
 2.01217383E+06
 2.01218358E+06
 2.01219309E+06
 2.01220222E+06
 2.01221092E+06
 2.01221917E+06
 2.01222696E+06
 2.01223433E+06
 2.01224129E+06
 2.01224787E+06
 2.01225410E+06
 2.01226001E+06
 2.01226561E+06
 2.01227093E+06
 2.01227600E+06
 2.01228083E+06
 2.01228543E+06
 2.01228983E+06
 2.01229403E+06
 2.01229806E+06
 2.01230191E+06
 2.01230561E+06
 2.01230916E+06
 2.01231257E+06
 2.01231585E+06
 2.01231901E+06
 2.01232204E+06
 2.01232497E+06
 2.01232779E+06
 2.01233051E+06
 2.01233313E+06
 2.01233566E+06
 2.01233811E+06
 2.01234047E+06
 2.01234275E+06
 2.01234496E+06
 2.01234710E+06
 2.01234916E+06
 2.01235116E+06
 2.01235310E+06
 2.01235497E+06
 2.01235679E+06
 2.01235855E+06
 2.01236025E+06
 2.01236190E+06
 2.01236350E+06
 2.01236505E+06
 2.01236655E+06
 2.01236801E+06
 2.01236942E+06
 2.01237079E+06
 2.01237212E+06
 2.01237340E+06
 2.01237465E+06
 2.01237586E+06
 2.01237704E+06
 2.01237817E+06
 2.01237928E+06
 2.01238035E+06
 2.01238139E+06
 2.01238239E+06
 2.01238337E+06
 2.01238431E+06
 2.01238523E+06
 2.01238612E+06
 2.01238698E+06
 2.01238781E+06
 2.01238862E+06
 2.01238940E+06
 2.01239016E+06
 2.01239089E+06
 2.01239160E+06
 2.01239229E+06
 2.01239295E+06
 2.01239359E+06
 2.01239421E+06
 2.01239481E+06
 2.01239539E+06
 2.01239595E+06
 2.01239649E+06
 2.01239700E+06
 2.01239750E+06
 2.01239799E+06
 2.01239845E+06
 2.01239890E+06
 2.01239933E+06
 2.01239974E+06
 2.01240013E+06
 2.01240051E+06
 2.01240087E+06
 2.01240122E+06
 2.01240155E+06
 2.01240186E+06
 2.01240216E+06
 2.01240244E+06
 2.01240271E+06
 2.01240297E+06
 2.01240321E+06
 2.01240343E+06
 2.01240365E+06
 2.01240384E+06
 2.01240403E+06
 2.01240420E+06
 2.01240436E+06
 2.01240450E+06
 2.01240463E+06
 2.01240475E+06
 2.01240485E+06
 2.01240494E+06
 2.01240502E+06
 2.01240508E+06
 2.01240513E+06
 2.01240517E+06
 2.01240520E+06
 2.01240521E+06
 2.01211316E+06
 2.01211941E+06
 2.01212896E+06
 2.01214019E+06
 2.01215207E+06
 2.01216393E+06
 2.01217540E+06
 2.01218628E+06
 2.01219652E+06
 2.01220609E+06
 2.01221504E+06
 2.01222340E+06
 2.01223123E+06
 2.01223858E+06
 2.01224547E+06
 2.01225197E+06
 2.01225810E+06
 2.01226389E+06
 2.01226938E+06
 2.01227459E+06
 2.01227953E+06
 2.01228425E+06
 2.01228874E+06
 2.01229303E+06
 2.01229712E+06
 2.01230105E+06
 2.01230480E+06
 2.01230841E+06
 2.01231186E+06
 2.01231518E+06
 2.01231838E+06
 2.01232145E+06
 2.01232441E+06
 2.01232726E+06
 2.01233000E+06
 2.01233265E+06
 2.01233521E+06
 2.01233768E+06
 2.01234006E+06
 2.01234236E+06
 2.01234459E+06
 2.01234674E+06
 2.01234882E+06
 2.01235083E+06
 2.01235278E+06
 2.01235467E+06
 2.01235650E+06
 2.01235826E+06
 2.01235998E+06
 2.01236164E+06
 2.01236325E+06
 2.01236481E+06
 2.01236632E+06
 2.01236778E+06
 2.01236920E+06
 2.01237058E+06
 2.01237191E+06
 2.01237320E+06
 2.01237446E+06
 2.01237568E+06
 2.01237685E+06
 2.01237800E+06
 2.01237911E+06
 2.01238018E+06
 2.01238122E+06
 2.01238224E+06
 2.01238322E+06
 2.01238416E+06
 2.01238509E+06
 2.01238598E+06
 2.01238684E+06
 2.01238768E+06
 2.01238849E+06
 2.01238927E+06
 2.01239003E+06
 2.01239077E+06
 2.01239148E+06
 2.01239217E+06
 2.01239284E+06
 2.01239348E+06
 2.01239410E+06
 2.01239471E+06
 2.01239529E+06
 2.01239585E+06
 2.01239639E+06
 2.01239691E+06
 2.01239741E+06
 2.01239790E+06
 2.01239836E+06
 2.01239881E+06
 2.01239924E+06
 2.01239965E+06
 2.01240005E+06
 2.01240043E+06
 2.01240079E+06
 2.01240114E+06
 2.01240147E+06
 2.01240178E+06
 2.01240208E+06
 2.01240237E+06
 2.01240264E+06
 2.01240290E+06
 2.01240314E+06
 2.01240336E+06
 2.01240358E+06
 2.01240377E+06
 2.01240396E+06
 2.01240413E+06
 2.01240429E+06
 2.01240443E+06
 2.01240456E+06
 2.01240468E+06
 2.01240478E+06
 2.01240487E+06
 2.01240495E+06
 2.01240502E+06
 2.01240507E+06
 2.01240511E+06
 2.01240513E+06
 2.01240515E+06
 2.01208447E+06
 2.01209602E+06
 2.01211003E+06
 2.01212506E+06
 2.01214008E+06
 2.01215443E+06
 2.01216780E+06
 2.01218013E+06
 2.01219146E+06
 2.01220189E+06
 2.01221149E+06
 2.01222038E+06
 2.01222863E+06
 2.01223630E+06
 2.01224348E+06
 2.01225020E+06
 2.01225652E+06
 2.01226248E+06
 2.01226810E+06
 2.01227343E+06
 2.01227848E+06
 2.01228328E+06
 2.01228785E+06
 2.01229221E+06
 2.01229637E+06
 2.01230034E+06
 2.01230415E+06
 2.01230779E+06
 2.01231129E+06
 2.01231465E+06
 2.01231787E+06
 2.01232097E+06
 2.01232396E+06
 2.01232683E+06
 2.01232960E+06
 2.01233227E+06
 2.01233484E+06
 2.01233733E+06
 2.01233973E+06
 2.01234205E+06
 2.01234428E+06
 2.01234645E+06
 2.01234854E+06
 2.01235057E+06
 2.01235253E+06
 2.01235442E+06
 2.01235626E+06
 2.01235804E+06
 2.01235976E+06
 2.01236143E+06
 2.01236304E+06
 2.01236461E+06
 2.01236613E+06
 2.01236760E+06
 2.01236902E+06
 2.01237041E+06
 2.01237175E+06
 2.01237305E+06
 2.01237430E+06
 2.01237553E+06
 2.01237671E+06
 2.01237786E+06
 2.01237897E+06
 2.01238005E+06
 2.01238110E+06
 2.01238211E+06
 2.01238309E+06
 2.01238405E+06
 2.01238497E+06
 2.01238587E+06
 2.01238673E+06
 2.01238757E+06
 2.01238839E+06
 2.01238917E+06
 2.01238994E+06
 2.01239067E+06
 2.01239139E+06
 2.01239208E+06
 2.01239275E+06
 2.01239339E+06
 2.01239402E+06
 2.01239462E+06
 2.01239521E+06
 2.01239577E+06
 2.01239631E+06
 2.01239683E+06
 2.01239734E+06
 2.01239782E+06
 2.01239829E+06
 2.01239874E+06
 2.01239917E+06
 2.01239958E+06
 2.01239998E+06
 2.01240036E+06
 2.01240073E+06
 2.01240107E+06
 2.01240141E+06
 2.01240172E+06
 2.01240202E+06
 2.01240231E+06
 2.01240258E+06
 2.01240284E+06
 2.01240308E+06
 2.01240331E+06
 2.01240352E+06
 2.01240372E+06
 2.01240390E+06
 2.01240408E+06
 2.01240423E+06
 2.01240438E+06
 2.01240451E+06
 2.01240463E+06
 2.01240473E+06
 2.01240482E+06
 2.01240490E+06
 2.01240496E+06
 2.01240502E+06
 2.01240505E+06
 2.01240508E+06
 2.01240509E+06
 2.01204424E+06
 2.01207017E+06
 2.01209007E+06
 2.01210995E+06
 2.01212878E+06
 2.01214590E+06
 2.01216124E+06
 2.01217497E+06
 2.01218732E+06
 2.01219850E+06
 2.01220867E+06
 2.01221800E+06
 2.01222659E+06
 2.01223454E+06
 2.01224194E+06
 2.01224884E+06
 2.01225531E+06
 2.01226140E+06
 2.01226713E+06
 2.01227255E+06
 2.01227768E+06
 2.01228255E+06
 2.01228718E+06
 2.01229159E+06
 2.01229579E+06
 2.01229981E+06
 2.01230365E+06
 2.01230733E+06
 2.01231086E+06
 2.01231424E+06
 2.01231749E+06
 2.01232061E+06
 2.01232362E+06
 2.01232651E+06
 2.01232929E+06
 2.01233198E+06
 2.01233457E+06
 2.01233707E+06
 2.01233948E+06
 2.01234181E+06
 2.01234406E+06
 2.01234623E+06
 2.01234834E+06
 2.01235037E+06
 2.01235234E+06
 2.01235424E+06
 2.01235608E+06
 2.01235787E+06
 2.01235960E+06
 2.01236127E+06
 2.01236289E+06
 2.01236446E+06
 2.01236599E+06
 2.01236746E+06
 2.01236889E+06
 2.01237028E+06
 2.01237162E+06
 2.01237293E+06
 2.01237419E+06
 2.01237541E+06
 2.01237660E+06
 2.01237775E+06
 2.01237887E+06
 2.01237995E+06
 2.01238100E+06
 2.01238202E+06
 2.01238300E+06
 2.01238396E+06
 2.01238488E+06
 2.01238578E+06
 2.01238665E+06
 2.01238749E+06
 2.01238831E+06
 2.01238910E+06
 2.01238986E+06
 2.01239060E+06
 2.01239132E+06
 2.01239201E+06
 2.01239268E+06
 2.01239333E+06
 2.01239396E+06
 2.01239456E+06
 2.01239514E+06
 2.01239571E+06
 2.01239625E+06
 2.01239678E+06
 2.01239728E+06
 2.01239777E+06
 2.01239823E+06
 2.01239869E+06
 2.01239912E+06
 2.01239953E+06
 2.01239993E+06
 2.01240031E+06
 2.01240068E+06
 2.01240103E+06
 2.01240136E+06
 2.01240168E+06
 2.01240198E+06
 2.01240226E+06
 2.01240254E+06
 2.01240279E+06
 2.01240304E+06
 2.01240326E+06
 2.01240348E+06
 2.01240368E+06
 2.01240386E+06
 2.01240403E+06
 2.01240419E+06
 2.01240434E+06
 2.01240447E+06
 2.01240459E+06
 2.01240469E+06
 2.01240478E+06
 2.01240486E+06
 2.01240492E+06
 2.01240498E+06
 2.01240502E+06
 2.01240504E+06
 2.01240505E+06
 2.01203056E+06
 2.01205035E+06
 2.01207013E+06
 2.01209590E+06
 2.01211918E+06
 2.01213914E+06
 2.01215629E+06
 2.01217120E+06
 2.01218436E+06
 2.01219611E+06
 2.01220670E+06
 2.01221635E+06
 2.01222518E+06
 2.01223333E+06
 2.01224088E+06
 2.01224792E+06
 2.01225449E+06
 2.01226066E+06
 2.01226647E+06
 2.01227195E+06
 2.01227714E+06
 2.01228205E+06
 2.01228672E+06
 2.01229117E+06
 2.01229541E+06
 2.01229945E+06
 2.01230332E+06
 2.01230702E+06
 2.01231057E+06
 2.01231397E+06
 2.01231723E+06
 2.01232037E+06
 2.01232339E+06
 2.01232629E+06
 2.01232909E+06
 2.01233179E+06
 2.01233438E+06
 2.01233689E+06
 2.01233931E+06
 2.01234165E+06
 2.01234391E+06
 2.01234609E+06
 2.01234820E+06
 2.01235024E+06
 2.01235221E+06
 2.01235412E+06
 2.01235597E+06
 2.01235776E+06
 2.01235949E+06
 2.01236117E+06
 2.01236279E+06
 2.01236437E+06
 2.01236589E+06
 2.01236737E+06
 2.01236880E+06
 2.01237019E+06
 2.01237154E+06
 2.01237285E+06
 2.01237411E+06
 2.01237534E+06
 2.01237653E+06
 2.01237768E+06
 2.01237880E+06
 2.01237988E+06
 2.01238094E+06
 2.01238195E+06
 2.01238294E+06
 2.01238390E+06
 2.01238483E+06
 2.01238573E+06
 2.01238660E+06
 2.01238744E+06
 2.01238826E+06
 2.01238905E+06
 2.01238981E+06
 2.01239055E+06
 2.01239127E+06
 2.01239197E+06
 2.01239264E+06
 2.01239329E+06
 2.01239391E+06
 2.01239452E+06
 2.01239510E+06
 2.01239567E+06
 2.01239621E+06
 2.01239674E+06
 2.01239724E+06
 2.01239773E+06
 2.01239820E+06
 2.01239865E+06
 2.01239908E+06
 2.01239950E+06
 2.01239990E+06
 2.01240028E+06
 2.01240064E+06
 2.01240099E+06
 2.01240133E+06
 2.01240165E+06
 2.01240195E+06
 2.01240223E+06
 2.01240251E+06
 2.01240276E+06
 2.01240301E+06
 2.01240324E+06
 2.01240345E+06
 2.01240365E+06
 2.01240384E+06
 2.01240401E+06
 2.01240417E+06
 2.01240431E+06
 2.01240444E+06
 2.01240456E+06
 2.01240466E+06
 2.01240476E+06
 2.01240483E+06
 2.01240490E+06
 2.01240495E+06
 2.01240499E+06
 2.01240502E+06
 2.01240503E+06
 2.01202218E+06
 2.01203055E+06
 2.01204420E+06
 2.01208434E+06
 2.01211291E+06
 2.01213520E+06
 2.01215356E+06
 2.01216919E+06
 2.01218281E+06
 2.01219487E+06
 2.01220569E+06
 2.01221550E+06
 2.01222447E+06
 2.01223271E+06
 2.01224035E+06
 2.01224745E+06
 2.01225408E+06
 2.01226029E+06
 2.01226614E+06
 2.01227165E+06
 2.01227686E+06
 2.01228180E+06
 2.01228650E+06
 2.01229096E+06
 2.01229521E+06
 2.01229927E+06
 2.01230315E+06
 2.01230686E+06
 2.01231042E+06
 2.01231383E+06
 2.01231710E+06
 2.01232025E+06
 2.01232328E+06
 2.01232619E+06
 2.01232899E+06
 2.01233169E+06
 2.01233429E+06
 2.01233680E+06
 2.01233923E+06
 2.01234157E+06
 2.01234383E+06
 2.01234601E+06
 2.01234813E+06
 2.01235017E+06
 2.01235215E+06
 2.01235406E+06
 2.01235591E+06
 2.01235770E+06
 2.01235943E+06
 2.01236111E+06
 2.01236274E+06
 2.01236432E+06
 2.01236584E+06
 2.01236733E+06
 2.01236876E+06
 2.01237015E+06
 2.01237150E+06
 2.01237281E+06
 2.01237407E+06
 2.01237530E+06
 2.01237649E+06
 2.01237765E+06
 2.01237877E+06
 2.01237985E+06
 2.01238090E+06
 2.01238192E+06
 2.01238291E+06
 2.01238387E+06
 2.01238480E+06
 2.01238570E+06
 2.01238657E+06
 2.01238741E+06
 2.01238823E+06
 2.01238902E+06
 2.01238979E+06
 2.01239053E+06
 2.01239125E+06
 2.01239194E+06
 2.01239261E+06
 2.01239326E+06
 2.01239389E+06
 2.01239450E+06
 2.01239508E+06
 2.01239565E+06
 2.01239619E+06
 2.01239672E+06
 2.01239722E+06
 2.01239771E+06
 2.01239818E+06
 2.01239863E+06
 2.01239907E+06
 2.01239948E+06
 2.01239988E+06
 2.01240026E+06
 2.01240063E+06
 2.01240098E+06
 2.01240131E+06
 2.01240163E+06
 2.01240193E+06
 2.01240222E+06
 2.01240249E+06
 2.01240275E+06
 2.01240299E+06
 2.01240322E+06
 2.01240344E+06
 2.01240364E+06
 2.01240382E+06
 2.01240399E+06
 2.01240415E+06
 2.01240430E+06
 2.01240443E+06
 2.01240455E+06
 2.01240465E+06
 2.01240474E+06
 2.01240482E+06
 2.01240489E+06
 2.01240494E+06
 2.01240498E+06
 2.01240500E+06
 2.01240502E+06
